Workbook
Name nonparticipating_forecastzone_scale_factor: #REF!
Name nonparticipating_forecastzone_scale_factor: #REF!
Name nonparticipating_forecastzone_scale_factor: 'Energy Usage'!#REF!
Name Space_Function: Data!$A$2:$A$76

Sheet Notes
A1: Data Sources
A2: Dataset | B2: Dodge 2023
A3: Prototype | B3: CEC prototype (CBECC 2022.3.1) | C3: https://bees.noresco.com/software2022.html
B4: TRC Multifamily Prototypes study (2019) | C4: https://title24stakeholders.com/wp-content/uploads/2019/06/SCE-MFModeling_MultifamilyPrototypesReport_2019-06-07_clean.pdf
A5: Codes | B5: Title 24, part 6 (1986, 2001, 2007, 2013, 2022, 2025)
B6: ASHRAE 90.1 (2022)
B7: ASHRAE Handbook of Fundamentals (Ch. 15 Tables 4 and 10)
B8: CFR Title 10 (2010, 2024)
A9: Others | B9: 2019 Outdoor Lighting CASE Report | C9: https://title24stakeholders.com/wp-content/uploads/2016/10/T24-2019-CASE-Study-Results-Report-Outdoor-Sources_Final_with-Attachments.pdf
B10: PNNL 20405, 2011 | C10: https://www.pnnl.gov/main/publications/external/technical_reports/PNNL-20405.pdf
B11: 2024 CASE Report: A Comprehensive, High Efficiency Solution for Water Heating in Multifamily Buildings | C11: https://www.energy.ca.gov/sites/default/files/2024-06/CEC-500-2024-054.pdf
B12: 2022 CASE Report: Multifamily Domestic Hot Water Distribution | C12: https://title24stakeholders.com/wp-content/uploads/2020/09/2022_T24_Final-CASE-Report-MF-DHW-Dist.pdf
B13: Maguire & Roberts 2020 (NREL/CP-5500-71633): Deriving Simulation Parameters for Storage-Type Water Heaters Using Ratings Data Produced from the Uniform Energy Factor Test Procedure | C13: https://docs.nrel.gov/docs/fy21osti/71633.pdf
B14: OpenStudio-HPXML waterheater.rb (tank UA / Maguire method) | C14: https://github.com/NREL/OpenStudio-HPXML/blob/master/HPXMLtoOpenStudio/resources/waterheater.rb
A17: Construction Rate
A30: Notes

Sheet Prototype
A1: NORESCO, Updated September 2026
A2: ApartmentMidRise
A3: Characteristic | B3: Value | C3: Data Sources
A4: Building Type | B4: Mid-Rise Apartment
A5: Building Category | B5: Nonresidential
A6: Version | B6: v2-0
A7: Vintages | B7: 4 Vintages: Pre-1978 , 1978-1997 ,1998-2007 , 2008-2018 New Construction (2019+) | C7: Following the vintage‑bin analysis performed for the nonresidential prototypes. A summary of the findings is presented in the following paper, with a link provided in the Notes tab: Yousefi, F., Athalye, R. (2025). “Determining Vintage Bins for Prototype Development: An Analysis of California Commercial Buildings.” ASHRAE Annual Conference.
A8: Shape | C8: CEC Prototype model TRC Multifamily Prototypes study (2019) https://title24stakeholders.com/wp-content/uploads/2019/06/SCE-MFModeling_MultifamilyPrototypesReport_2019-06-07_clean.pdf
A9: Total Floor Area (ft2) | B9: =Zones!J40 -> 141013.76 | C9: CEC Prototype model TRC Multifamily Prototypes study (2019)
A10: Aspect Ratio | B10: =180/155 -> 1.1612903
A11: Number of Floors | B11: 5 above-ground floors including one underground parking garage (180 ft x 155 ft)
A12: Roof type | B12: Flat roof
A13: WWR (above grade) | B13: South: 22.0%, East: 22.0%, North: 22.0%, West: 22.0% Total 22.0%
A14: Window dimensions | B14: 5 * 3
A15: Shading Geometry | B15: -
A16: Floor to floor height (feet) | B16: Residential: 10 Non-residential: 10 Parking: 15
A17: Floor to ceiling height (feet) | B17: Residential: 9 Non-residential: 10 Parking: 14
A18: Glazing sill height (feet) | B18: 3.1 ft (in first floor), 2.95 ft. (in upper floors)
A19: Number of dwelling units | B19: 88 | C19: 22 per residential floor × 4 floors. Mix per floor from TRC/plans: 2 studio, 10 one-bed, 8 two-bed, 2 three-bed.
A22: Above grade wall area (ft²) | B22: 42304.13
A23: Gross wall area (ft²) | B23: 51685.04
A24: Roof area (ft²) | B24: 27902.72
A25: Underground Gross Wall Area (ft²) | B25: =B23-B22 -> 9380.91

Sheet Zones
A1: ="Proposed Layout - "&Prototype!A2 -> Proposed Layout - ApartmentMidRise
A2: Space Type [Primarily from: T24, 2022 Appendix 5.4A] - See Notes column | B2: Space/Thermal Zone | C2: Res/NR | D2: Schedule Category | E2: No. of Dwelling Units | F2: Dwelling Unit Type | G2: Thermal Zone (HVAC Zone) | H2: Conditioned [Y/N] | I2: Area Fraction | J2: Area (ft²) | K2: Volume (ft³) | L2: Multipliers | M2: People | N2: People (persons/1,000 ft²) | O2: Notes | R2: Spaces and Zoning layout
A3: Convention, Conference, Multipurpose and Meeting Area | B3: F1 BUSINESS CENTER | C3: NR | D3: ResidentialCommon | E3: NA | F3: NA | G3: AHU1 | H3: Y | I3: =J3*L3/$J$40 -> 0.002553226 | J3: 360.04 | K3: 3600.53 | L3: 1 | M3: =N3*J3*L3/1000 -> 24.003867 | N3: 66.67 | O3: Dwellings: occupants/unit — ACM 2025 §6.5.4 Max(Nbr+1, 2) Parking garage: 0 (unoccupied for internal loads; App 5.4A 5/1000 not used) Other nonresidential: persons/1,000 ft² — App 5.4A / Table 120.1-A
A4: Corridor Area | B4: F1 CORRIDOR | C4: NR | D4: ResidentialCommon | E4: NA | F4: NA | G4: AHU2 | H4: Y | I4: =J4*L4/$J$40 -> 0.01361704 | J4: 1920.19 | K4: 19202.81 | L4: 1 | M4: =N4*J4*L4/1000 -> 19.2019 | N4: 10
A5: Exercise/Fitness Center and Gymnasium Areas | B5: F1 FITNESS CENTER | C5: NR | D5: ResidentialCommon | E5: NA | F5: NA | G5: AHU3 | H5: Y | I5: =J5*L5/$J$40 -> 0.0063829941 | J5: 900.09 | K5: 9001.32 | L5: 1 | M5: =N5*J5*L5/1000 -> 18.0018 | N5: 20
A6: Office Area (>250 square feet) | B6: F1 LEASING OFFICE | C6: NR | D6: ResidentialCommon | E6: NA | F6: NA | G6: AHU4 | H6: Y | I6: =J6*L6/$J$40 -> 0.0024467825 | J6: 345.03 | K6: 3450.51 | L6: 1 | M6: =N6*J6*L6/1000 -> 3.4503 | N6: 10
A7: Lobby, Main Entry | B7: F1 LOUNGE | C7: NR | D7: ResidentialCommon | E7: NA | F7: NA | G7: AHU5 | H7: Y | I7: =J7*L7/$J$40 -> 0.007446791 | J7: 1050.1 | K7: 10501.54 | L7: 1 | M7: =N7*J7*L7/1000 -> 70.04167 | N7: 66.7
A8: Electrical, Mechanical, Telephone Rooms | B8: F1 MECHANICAL ROOM | C8: NR | D8: ResidentialCommon | E8: NA | F8: NA | G8: AHU6 | H8: Y | I8: =J8*L8/$J$40 -> 0.0030638145 | J8: 432.04 | K8: 4320.63 | L8: 1 | M8: =N8*J8*L8/1000 -> 1.29612 | N8: 3
A9: Retail Sales Area (Retail Merchandise Sales) | B9: F1 RETAIL N-NW | C9: NR | D9: Retail | E9: NA | F9: NA | G9: AHU7 | H9: Y | I9: =J9*L9/$J$40 -> 0.04244678 | J9: 5985.58 | K9: 59858.76 | L9: 1 | M9: =N9*J9*L9/1000 -> 99.759667 | N9: 16.666667
A10: Retail Sales Area (Retail Merchandise Sales) | B10: F1 RETAIL NE | C10: NR | D10: Retail | E10: NA | F10: NA | G10: AHU8 | H10: Y | I10: =J10*L10/$J$40 -> 0.030638287 | J10: 4320.42 | K10: 43206.32 | L10: 1 | M10: =N10*J10*L10/1000 -> 72.007 | N10: 16.666667
A11: Retail Sales Area (Retail Merchandise Sales) | B11: F1 RETAIL SE | C11: NR | D11: Retail | E11: NA | F11: NA | G11: AHU9 | H11: Y | I11: =J11*L11/$J$40 -> 0.020425524 | J11: 2880.28 | K11: 28804.22 | L11: 1 | M11: =N11*J11*L11/1000 -> 48.004667 | N11: 16.666667
A12: Retail Sales Area (Retail Merchandise Sales) | B12: F1 RETAIL SW | C12: NR | D12: Retail | E12: NA | F12: NA | G12: AHU10 | H12: Y | I12: =J12*L12/$J$40 -> 0.03140424 | J12: 4428.43 | K12: 44286.48 | L12: 1 | M12: =N12*J12*L12/1000 -> 73.807167 | N12: 16.666667
A13: Residential Living Spaces | B13: F2-4 1-BED CORE EAST | C13: Res | D13: ResidentialLiving | E13: 6 | F13: 1-Bed Type | G13: AHU11 | H13: Y | I13: =J13*L13/$J$40 -> 0.030638287 | J13: 1440.14 | K13: 14402.11 | L13: 3 | M13: =E13*N13 -> 12 | N13: =MAX(2,1+IF(ISNUMBER(SEARCH("Studio",F13)),0,IF(ISNUMBER(SEARCH("3-Bed",F13)),3,IF(ISNUMBER(SEARCH("2-Bed",F13)),2,1)))) -> 2
A14: Residential Living Spaces | B14: F2-4 1-BED CORE N | C14: Res | D14: ResidentialLiving | E14: 3 | F14: 1-Bed Type | G14: AHU12 | H14: Y | I14: =J14*L14/$J$40 -> 0.015319143 | J14: 720.07 | K14: 7201.05 | L14: 3 | M14: =E14*N14 -> 6 | N14: =MAX(2,1+IF(ISNUMBER(SEARCH("Studio",F14)),0,IF(ISNUMBER(SEARCH("3-Bed",F14)),3,IF(ISNUMBER(SEARCH("2-Bed",F14)),2,1)))) -> 2
A15: Residential Living Spaces | B15: F2-4 1-BED CORE WEST | C15: Res | D15: ResidentialLiving | E15: 6 | F15: 1-Bed Type | G15: AHU13 | H15: Y | I15: =J15*L15/$J$40 -> 0.030638287 | J15: 1440.14 | K15: 14402.11 | L15: 3 | M15: =E15*N15 -> 12 | N15: =MAX(2,1+IF(ISNUMBER(SEARCH("Studio",F15)),0,IF(ISNUMBER(SEARCH("3-Bed",F15)),3,IF(ISNUMBER(SEARCH("2-Bed",F15)),2,1)))) -> 2
A16: Residential Living Spaces | B16: F2-4 1-BED NORTH | C16: Res | D16: ResidentialLiving | E16: 15 | F16: 1-Bed Type | G16: AHU14 | H16: Y | I16: =J16*L16/$J$40 -> 0.079148872 | J16: 3720.36 | K16: 37205.45 | L16: 3 | M16: =E16*N16 -> 30 | N16: =MAX(2,1+IF(ISNUMBER(SEARCH("Studio",F16)),0,IF(ISNUMBER(SEARCH("3-Bed",F16)),3,IF(ISNUMBER(SEARCH("2-Bed",F16)),2,1)))) -> 2
A17: Residential Living Spaces | B17: F2-4 2-BED CORE NE-NW | C17: Res | D17: ResidentialLiving | E17: 6 | F17: 2-Bed Type | G17: AHU15 | H17: Y | I17: =J17*L17/$J$40 -> 0.04595743 | J17: 2160.21 | K17: 21603.16 | L17: 3 | M17: =E17*N17 -> 18 | N17: =MAX(2,1+IF(ISNUMBER(SEARCH("Studio",F17)),0,IF(ISNUMBER(SEARCH("3-Bed",F17)),3,IF(ISNUMBER(SEARCH("2-Bed",F17)),2,1)))) -> 3
A18: Residential Living Spaces | B18: F2-4 2-BED EAST | C18: Res | D18: ResidentialLiving | E18: 9 | F18: 2-Bed Type | G18: AHU16 | H18: Y | I18: =J18*L18/$J$40 -> 0.068936251 | J18: 3240.32 | K18: 32404.74 | L18: 3 | M18: =E18*N18 -> 27 | N18: =MAX(2,1+IF(ISNUMBER(SEARCH("Studio",F18)),0,IF(ISNUMBER(SEARCH("3-Bed",F18)),3,IF(ISNUMBER(SEARCH("2-Bed",F18)),2,1)))) -> 3
A19: Residential Living Spaces | B19: F2-4 2-BED WEST | C19: Res | D19: ResidentialLiving | E19: 9 | F19: 2-Bed Type | G19: AHU17 | H19: Y | I19: =J19*L19/$J$40 -> 0.068936251 | J19: 3240.32 | K19: 32404.74 | L19: 3 | M19: =E19*N19 -> 27 | N19: =MAX(2,1+IF(ISNUMBER(SEARCH("Studio",F19)),0,IF(ISNUMBER(SEARCH("3-Bed",F19)),3,IF(ISNUMBER(SEARCH("2-Bed",F19)),2,1)))) -> 3
A20: Residential Living Spaces | B20: F2-4 3-BED NE | C20: Res | D20: ResidentialLiving | E20: 3 | F20: 3-Bed Type | G20: AHU18 | H20: Y | I20: =J20*L20/$J$40 -> 0.030000051 | J20: 1410.14 | K20: 14102.06 | L20: 3 | M20: =E20*N20 -> 12 | N20: =MAX(2,1+IF(ISNUMBER(SEARCH("Studio",F20)),0,IF(ISNUMBER(SEARCH("3-Bed",F20)),3,IF(ISNUMBER(SEARCH("2-Bed",F20)),2,1)))) -> 4
A21: Residential Living Spaces | B21: F2-4 3-BED NW | C21: Res | D21: ResidentialLiving | E21: 3 | F21: 3-Bed Type | G21: AHU19 | H21: Y | I21: =J21*L21/$J$40 -> 0.030000051 | J21: 1410.14 | K21: 14102.06 | L21: 3 | M21: =E21*N21 -> 12 | N21: =MAX(2,1+IF(ISNUMBER(SEARCH("Studio",F21)),0,IF(ISNUMBER(SEARCH("3-Bed",F21)),3,IF(ISNUMBER(SEARCH("2-Bed",F21)),2,1)))) -> 4
A22: Corridor Area | B22: F2-4 CORRIDOR | C22: NR | D22: ResidentialCommon | E22: NA | F22: NA | G22: AHU20 | H22: Y | I22: =J22*L22/$J$40 -> 0.054893579 | J22: 2580.25 | K22: 25803.78 | L22: 3 | M22: =N22*J22*L22/1000 -> 77.4075 | N22: 10
A23: Laundry Area | B23: F2-4 LAUNDRY | C23: NR | D23: ResidentialCommon | E23: NA | F23: NA | G23: AHU21 | H23: Y | I23: =J23*L23/$J$40 -> 0.003829839 | J23: 180.02 | K23: 1800.26 | L23: 3 | M23: =N23*J23*L23/1000 -> 5.4006 | N23: 10
A24: Residential Living Spaces | B24: F2-4 STUDIO SE | C24: Res | D24: ResidentialLiving | E24: 3 | F24: Studio Type | G24: AHU22 | H24: Y | I24: =J24*L24/$J$40 -> 0.011489304 | J24: 540.05 | K24: 5400.79 | L24: 3 | M24: =E24*N24 -> 6 | N24: =MAX(2,1+IF(ISNUMBER(SEARCH("Studio",F24)),0,IF(ISNUMBER(SEARCH("3-Bed",F24)),3,IF(ISNUMBER(SEARCH("2-Bed",F24)),2,1)))) -> 2
A25: Residential Living Spaces | B25: F2-4 STUDIO SW | C25: Res | D25: ResidentialLiving | E25: 3 | F25: Studio Type | G25: AHU23 | H25: Y | I25: =J25*L25/$J$40 -> 0.011489304 | J25: 540.05 | K25: 5400.79 | L25: 3 | M25: =E25*N25 -> 6 | N25: =MAX(2,1+IF(ISNUMBER(SEARCH("Studio",F25)),0,IF(ISNUMBER(SEARCH("3-Bed",F25)),3,IF(ISNUMBER(SEARCH("2-Bed",F25)),2,1)))) -> 2
A26: Residential Living Spaces | B26: F5 1-BED CORE EAST | C26: Res | D26: ResidentialLiving | E26: 2 | F26: 1-Bed Type | G26: AHU24 | H26: Y | I26: =J26*L26/$J$40 -> 0.010212762 | J26: 1440.14 | K26: 14402.11 | L26: 1 | M26: =E26*N26 -> 4 | N26: =MAX(2,1+IF(ISNUMBER(SEARCH("Studio",F26)),0,IF(ISNUMBER(SEARCH("3-Bed",F26)),3,IF(ISNUMBER(SEARCH("2-Bed",F26)),2,1)))) -> 2
A27: Residential Living Spaces | B27: F5 1-BED CORE N | C27: Res | D27: ResidentialLiving | E27: 1 | F27: 1-Bed Type | G27: AHU25 | H27: Y | I27: =J27*L27/$J$40 -> 0.0051063811 | J27: 720.07 | K27: 7201.05 | L27: 1 | M27: =E27*N27 -> 2 | N27: =MAX(2,1+IF(ISNUMBER(SEARCH("Studio",F27)),0,IF(ISNUMBER(SEARCH("3-Bed",F27)),3,IF(ISNUMBER(SEARCH("2-Bed",F27)),2,1)))) -> 2
A28: Residential Living Spaces | B28: F5 1-BED CORE WEST | C28: Res | D28: ResidentialLiving | E28: 2 | F28: 1-Bed Type | G28: AHU26 | H28: Y | I28: =J28*L28/$J$40 -> 0.010212762 | J28: 1440.14 | K28: 14402.11 | L28: 1 | M28: =E28*N28 -> 4 | N28: =MAX(2,1+IF(ISNUMBER(SEARCH("Studio",F28)),0,IF(ISNUMBER(SEARCH("3-Bed",F28)),3,IF(ISNUMBER(SEARCH("2-Bed",F28)),2,1)))) -> 2
A29: Residential Living Spaces | B29: F5 1-BED NORTH | C29: Res | D29: ResidentialLiving | E29: 5 | F29: 1-Bed Type | G29: AHU27 | H29: Y | I29: =J29*L29/$J$40 -> 0.026382957 | J29: 3720.36 | K29: 37205.45 | L29: 1 | M29: =E29*N29 -> 10 | N29: =MAX(2,1+IF(ISNUMBER(SEARCH("Studio",F29)),0,IF(ISNUMBER(SEARCH("3-Bed",F29)),3,IF(ISNUMBER(SEARCH("2-Bed",F29)),2,1)))) -> 2
A30: Residential Living Spaces | B30: F5 2-BED CORE NE-NW | C30: Res | D30: ResidentialLiving | E30: 2 | F30: 2-Bed Type | G30: AHU28 | H30: Y | I30: =J30*L30/$J$40 -> 0.015319143 | J30: 2160.21 | K30: 21603.16 | L30: 1 | M30: =E30*N30 -> 6 | N30: =MAX(2,1+IF(ISNUMBER(SEARCH("Studio",F30)),0,IF(ISNUMBER(SEARCH("3-Bed",F30)),3,IF(ISNUMBER(SEARCH("2-Bed",F30)),2,1)))) -> 3
A31: Residential Living Spaces | B31: F5 2-BED EAST | C31: Res | D31: ResidentialLiving | E31: 3 | F31: 2-Bed Type | G31: AHU29 | H31: Y | I31: =J31*L31/$J$40 -> 0.02297875 | J31: 3240.32 | K31: 32404.74 | L31: 1 | M31: =E31*N31 -> 9 | N31: =MAX(2,1+IF(ISNUMBER(SEARCH("Studio",F31)),0,IF(ISNUMBER(SEARCH("3-Bed",F31)),3,IF(ISNUMBER(SEARCH("2-Bed",F31)),2,1)))) -> 3
A32: Residential Living Spaces | B32: F5 2-BED WEST | C32: Res | D32: ResidentialLiving | E32: 3 | F32: 2-Bed Type | G32: AHU30 | H32: Y | I32: =J32*L32/$J$40 -> 0.02297875 | J32: 3240.32 | K32: 32404.74 | L32: 1 | M32: =E32*N32 -> 9 | N32: =MAX(2,1+IF(ISNUMBER(SEARCH("Studio",F32)),0,IF(ISNUMBER(SEARCH("3-Bed",F32)),3,IF(ISNUMBER(SEARCH("2-Bed",F32)),2,1)))) -> 3
A33: Residential Living Spaces | B33: F5 3-BED NE | C33: Res | D33: ResidentialLiving | E33: 1 | F33: 3-Bed Type | G33: AHU31 | H33: Y | I33: =J33*L33/$J$40 -> 0.010000017 | J33: 1410.14 | K33: 14102.06 | L33: 1 | M33: =E33*N33 -> 4 | N33: =MAX(2,1+IF(ISNUMBER(SEARCH("Studio",F33)),0,IF(ISNUMBER(SEARCH("3-Bed",F33)),3,IF(ISNUMBER(SEARCH("2-Bed",F33)),2,1)))) -> 4
A34: Residential Living Spaces | B34: F5 3-BED NW | C34: Res | D34: ResidentialLiving | E34: 1 | F34: 3-Bed Type | G34: AHU32 | H34: Y | I34: =J34*L34/$J$40 -> 0.010000017 | J34: 1410.14 | K34: 14102.06 | L34: 1 | M34: =E34*N34 -> 4 | N34: =MAX(2,1+IF(ISNUMBER(SEARCH("Studio",F34)),0,IF(ISNUMBER(SEARCH("3-Bed",F34)),3,IF(ISNUMBER(SEARCH("2-Bed",F34)),2,1)))) -> 4
A35: Corridor Area | B35: F5 CORRIDOR | C35: NR | D35: ResidentialCommon | E35: NA | F35: NA | G35: AHU33 | H35: Y | I35: =J35*L35/$J$40 -> 0.01829786 | J35: 2580.25 | K35: 25803.78 | L35: 1 | M35: =N35*J35*L35/1000 -> 25.8025 | N35: 10
A36: Laundry Area | B36: F5 LAUNDRY | C36: NR | D36: ResidentialCommon | E36: NA | F36: NA | G36: AHU34 | H36: Y | I36: =J36*L36/$J$40 -> 0.001276613 | J36: 180.02 | K36: 1800.26 | L36: 1 | M36: =N36*J36*L36/1000 -> 1.8002 | N36: 10
A37: Residential Living Spaces | B37: F5 STUDIO SE | C37: Res | D37: ResidentialLiving | E37: 1 | F37: Studio Type | G37: AHU35 | H37: Y | I37: =J37*L37/$J$40 -> 0.0038297681 | J37: 540.05 | K37: 5400.79 | L37: 1 | M37: =E37*N37 -> 2 | N37: =MAX(2,1+IF(ISNUMBER(SEARCH("Studio",F37)),0,IF(ISNUMBER(SEARCH("3-Bed",F37)),3,IF(ISNUMBER(SEARCH("2-Bed",F37)),2,1)))) -> 2
A38: Residential Living Spaces | B38: F5 STUDIO SW | C38: Res | D38: ResidentialLiving | E38: 1 | F38: Studio Type | G38: AHU36 | H38: Y | I38: =J38*L38/$J$40 -> 0.0038297681 | J38: 540.05 | K38: 5400.79 | L38: 1 | M38: =E38*N38 -> 2 | N38: =MAX(2,1+IF(ISNUMBER(SEARCH("Studio",F38)),0,IF(ISNUMBER(SEARCH("3-Bed",F38)),3,IF(ISNUMBER(SEARCH("2-Bed",F38)),2,1)))) -> 2
A39: Parking Garage Area (Parking Zone and Ramps) | B39: PARKING GARAGE | C39: NR | D39: ResidentialCommon | E39: NA | F39: NA | G39: none | H39: N | I39: =J39*L39/$J$40 -> 0.19787232 | J39: 27902.72 | K39: 390657.19 | L39: 1 | M39: =N39*J39*L39/1000 -> 0 | N39: 0
A40: Total (11 Space Types) | B40: Total (37 Spaces) | E40: Total (88 Dwelling Units) | F40: Total (4 Dwelling Unit Types) | G40: Total (37 Thermal Zones) | H40: Total (36 Conditioned Zones, 1 Unconditioned Zones) | I40: =SUM(I3:I39) -> 1 | J40: =SUMPRODUCT(J3:J39,L3:L39) -> 141013.76 | K40: =SUM(K3:K39) -> 1069356.5 | M40: =SUM(M3:M39) -> 763.98496
A49: Background Data [To be deleted prior to publication]

Sheet Envelope
A1: ="Envelope - "&Prototype!A2 -> Envelope - ApartmentMidRise
A2: Element | B2: Prototype | C2: Assembly Type | D2: Construction | E2: Thermal Properties | F2: Vintage | G2: Selected T24 | H2: Notes | I2: CZ1 | J2: CZ2 | K2: CZ3 | L2: CZ4 | M2: CZ5 | N2: CZ6 | O2: CZ7 | P2: CZ8 | Q2: CZ9 | R2: CZ10 | S2: CZ11 | T2: CZ12 | U2: CZ13 | V2: CZ14 | W2: CZ15 | X2: CZ16
A3: External Wall (Floor 1) | B3: =Prototype!$A$2 -> ApartmentMidRise | C3: ExtWall_MassHeavy_Nonres | D3: 8-in cast-in-place concrete wall + insulation + air/water barrier + exterior cladding + gypsum board Insulation only where the vintage U-factor requires it; Pre-1978 is uninsulated (Appendix A R-0). | E3: U-factor IP | F3: Pre 1978 | G3: N/A | H3: ASHRAE 90.1-2022 Appendix A Table A3.1-1 (above-grade concrete/masonry U-factors), 8 in. NWC 145 lb/ft³ solid, No Framing R-0: U-0.740. | I3: 0.74 | J3: 0.74 | K3: 0.74 | L3: 0.74 | M3: 0.74 | N3: 0.74 | O3: 0.74 | P3: 0.74 | Q3: 0.74 | R3: 0.74 | S3: 0.74 | T3: 0.74 | U3: 0.74 | V3: 0.74 | W3: 0.74 | X3: 0.74
F4: 1978-1997 | G4: 1986 | H4: Title 24 1986 Table 2-53W (Alternative Component Packages, high-rise office), Package A, opaque wall HC 10.0–14.99 Btu/°F·ft² | I4: 0.213 | J4: 0.227 | K4: 0.227 | L4: 0.217 | M4: 0.217 | N4: 0.256 | O4: 0.256 | P4: 0.256 | Q4: 0.256 | R4: 0.256 | S4: 0.238 | T4: 0.238 | U4: 0.238 | V4: 0.208 | W4: 0.208 | X4: 0.213
F5: 1998-2007 | G5: 2001 | H5: Table 1-H Mass HC≥15 (2001). CZ groups 1&16 / 3-5 / 6-9 / 2&10-13 / 14-15. | I5: 0.36 | J5: 0.65 | K5: 0.65 | L5: 0.65 | M5: 0.65 | N5: 0.69 | O5: 0.69 | P5: 0.69 | Q5: 0.69 | R5: 0.65 | S5: 0.65 | T5: 0.65 | U5: 0.65 | V5: 0.4 | W5: 0.4 | X5: 0.36
F6: 2008-2018 | G6: 2013 | H6: Table 140.3-B Walls — Mass, Heavy (2013) | I6: 0.253 | J6: 0.65 | K6: 0.65 | L6: 0.65 | M6: 0.65 | N6: 0.69 | O6: 0.69 | P6: 0.69 | Q6: 0.69 | R6: 0.65 | S6: 0.184 | T6: 0.253 | U6: 0.211 | V6: 0.184 | W6: 0.184 | X6: 0.16
F7: 2019+ | G7: 2025 | H7: Table 140.3-B Walls - Mass, Heavy (2025) | I7: 0.211 | J7: 0.65 | K7: 0.65 | L7: 0.65 | M7: 0.65 | N7: 0.69 | O7: 0.69 | P7: 0.69 | Q7: 0.69 | R7: 0.65 | S7: 0.16 | T7: 0.211 | U7: 0.184 | V7: 0.16 | W7: 0.16 | X7: 0.153
A8: External Wall (Floors 2-5) | B8: =Prototype!$A$2 -> ApartmentMidRise | C8: ExtWall_WoodFramed_Res | D8: Wood-frame walls + insulation + Gypsum board | E8: U-factor IP | F8: Pre 1978 | G8: N/A | H8: ASHRAE 90.1 Table A3.4.3.1, 3.5", R-0 | I8: 0.292 | J8: 0.292 | K8: 0.292 | L8: 0.292 | M8: 0.292 | N8: 0.292 | O8: 0.292 | P8: 0.292 | Q8: 0.292 | R8: 0.292 | S8: 0.292 | T8: 0.292 | U8: 0.292 | V8: 0.292 | W8: 0.292 | X8: 0.292
F9: 1978-1997 | G9: 1986 | H9: Title 24 1986 Table 2-53 BB, wall density less than 25 | I9: 0.095 | J9: 0.095 | K9: 0.095 | L9: 0.095 | M9: 0.095 | N9: 0.095 | O9: 0.095 | P9: 0.095 | Q9: 0.095 | R9: 0.095 | S9: 0.095 | T9: 0.095 | U9: 0.095 | V9: 0.095 | W9: 0.095 | X9: 0.095
F10: 1998-2007 | G10: 2001 | H10: TABLE 1-I wood frame (2001 high-rise residential). CZ1 and CZ16 = 0.063. | I10: 0.063 | J10: 0.084 | K10: 0.092 | L10: 0.092 | M10: 0.092 | N10: 0.092 | O10: 0.092 | P10: 0.092 | Q10: 0.092 | R10: 0.084 | S10: 0.084 | T10: 0.084 | U10: 0.084 | V10: 0.084 | W10: 0.084 | X10: 0.063
F11: 2008-2018 | G11: 2013 | H11: TABLE 140.3-C Wood-framed and Other (2013 high-rise residential). Not 140.3-B and not Mass, Heavy (F2-5 construction is wood). | I11: 0.059 | J11: 0.059 | K11: 0.059 | L11: 0.059 | M11: 0.059 | N11: 0.059 | O11: 0.059 | P11: 0.059 | Q11: 0.059 | R11: 0.059 | S11: 0.042 | T11: 0.059 | U11: 0.059 | V11: 0.042 | W11: 0.042 | X11: 0.042
F12: 2019+ | G12: 2025 | H12: TABLE 170.2-A framed (wood, metal) and other — >1-hr fire rating | I12: 0.059 | J12: 0.059 | K12: 0.059 | L12: 0.059 | M12: 0.059 | N12: 0.065 | O12: 0.065 | P12: 0.059 | Q12: 0.059 | R12: 0.059 | S12: 0.051 | T12: 0.059 | U12: 0.059 | V12: 0.051 | W12: 0.051 | X12: 0.051
A13: Roof | B13: =Prototype!$A$2 -> ApartmentMidRise | C13: FlatRoof_WoodFramedAndOther_Res | D13: Roof membrane or shingles + roof insulation + wood decking/sheathing + wood framing | E13: U-factor IP | F13: Pre 1978 | G13: N/A | H13: Considering 30 years for roof/ insulation replacement. | I13: 0.037 | J13: 0.051 | K13: 0.051 | L13: 0.051 | M13: 0.051 | N13: 0.051 | O13: 0.051 | P13: 0.051 | Q13: 0.051 | R13: 0.051 | S13: 0.037 | T13: 0.037 | U13: 0.037 | V13: 0.037 | W13: 0.037 | X13: 0.037
F14: 1978-1997 | G14: N/A | I14: 0.037 | J14: 0.051 | K14: 0.051 | L14: 0.051 | M14: 0.051 | N14: 0.051 | O14: 0.051 | P14: 0.051 | Q14: 0.051 | R14: 0.051 | S14: 0.037 | T14: 0.037 | U14: 0.037 | V14: 0.037 | W14: 0.037 | X14: 0.037
F15: 1998-2007 | G15: 2001 | H15: TABLE 1-I | I15: 0.037 | J15: 0.037 | K15: 0.051 | L15: 0.051 | M15: 0.051 | N15: 0.051 | O15: 0.051 | P15: 0.051 | Q15: 0.051 | R15: 0.037 | S15: 0.037 | T15: 0.037 | U15: 0.037 | V15: 0.037 | W15: 0.037 | X15: 0.037
F16: 2008-2018 | G16: 2013 | H16: TABLE 140.3-C | I16: 0.034 | J16: 0.028 | K16: 0.039 | L16: 0.028 | M16: 0.039 | N16: 0.039 | O16: 0.039 | P16: 0.028 | Q16: 0.028 | R16: 0.028 | S16: 0.028 | T16: 0.028 | U16: 0.028 | V16: 0.028 | W16: 0.028 | X16: 0.028
F17: 2019+ | G17: 2025 | H17: TABLE 170.2-A ENVELOPE COMPONENT PACKAGE – Multifamily Standard Building Design | I17: 0.028 | J17: 0.028 | K17: 0.034 | L17: 0.028 | M17: 0.034 | N17: 0.034 | O17: 0.039 | P17: 0.028 | Q17: 0.028 | R17: 0.028 | S17: 0.028 | T17: 0.028 | U17: 0.028 | V17: 0.028 | W17: 0.028 | X17: 0.028
A18: Windows_Dwelling Units (Floors 2-5) | B18: =Prototype!$A$2 -> ApartmentMidRise | C18: FixedAndOperableWindow_Res | D18: 100% single pane for Pre-1978 and 1978-1997 (as-built). Title 24 fenestration U/SHGC starts at 1998-2007 (2001 Tables 1-H / 1-I). | E18: U factor | F18: Pre 1978 | G18: N/A | H18: ASHRAE Handbook of Fundamentals Ch. 15 Table 4: U 1.12 (fixed metal) / 1.23 (operable). Weighted with Envelope $C$56 operable fraction. No 2013 double-pane blend. | I18: 1.1475 | J18: 1.1475 | K18: 1.1475 | L18: 1.1475 | M18: 1.1475 | N18: 1.1475 | O18: 1.1475 | P18: 1.1475 | Q18: 1.1475 | R18: 1.1475 | S18: 1.1475 | T18: 1.1475 | U18: 1.1475 | V18: 1.1475 | W18: 1.1475 | X18: 1.1475
F19: 1978-1997 | G19: N/A | I19: 1.1475 | J19: 1.1475 | K19: 1.1475 | L19: 1.1475 | M19: 1.1475 | N19: 1.1475 | O19: 1.1475 | P19: 1.1475 | Q19: 1.1475 | R19: 1.1475 | S19: 1.1475 | T19: 1.1475 | U19: 1.1475 | V19: 1.1475 | W19: 1.1475 | X19: 1.1475
D20: Double pane | F20: 1998-2007 | G20: 2001 | H20: Table 1-I | I20: 0.49 | J20: 0.49 | K20: 0.49 | L20: 0.49 | M20: 0.49 | N20: 0.49 | O20: 0.49 | P20: 0.49 | Q20: 0.49 | R20: 0.49 | S20: 0.49 | T20: 0.49 | U20: 0.49 | V20: 0.49 | W20: 0.49 | X20: 0.49
F21: 2008-2018 | G21: 2013 | H21: Table 140.3-C | I21: 0.385 | J21: 0.385 | K21: 0.385 | L21: 0.385 | M21: 0.385 | N21: 0.385 | O21: 0.385 | P21: 0.385 | Q21: 0.385 | R21: 0.385 | S21: 0.385 | T21: 0.385 | U21: 0.385 | V21: 0.385 | W21: 0.385 | X21: 0.385
F22: 2019+ | G22: 2025 | H22: TABLE 170.2-A All Other Fenestration (not fixed/operable blend) | I22: 0.28 | J22: 0.3 | K22: 0.28 | L22: 0.28 | M22: 0.28 | N22: 0.34 | O22: 0.34 | P22: 0.3 | Q22: 0.3 | R22: 0.3 | S22: 0.28 | T22: 0.3 | U22: 0.28 | V22: 0.28 | W22: 0.28 | X22: 0.28
D23: 100% single pane for Pre-1978 and 1978-1997 (as-built). Title 24 fenestration U/SHGC starts at 1998-2007 (2001 Tables 1-H / 1-I). | E23: SHGC | F23: Pre 1978 | G23: N/A | H23: ASHRAE Handbook of Fundamentals Ch. 15 Table 10: SHGC 0.79 (fixed) / 0.78 (operable). Weighted with Envelope $C$56. No 2013 double-pane blend. | I23: 0.7875 | J23: 0.7875 | K23: 0.7875 | L23: 0.7875 | M23: 0.7875 | N23: 0.7875 | O23: 0.7875 | P23: 0.7875 | Q23: 0.7875 | R23: 0.7875 | S23: 0.7875 | T23: 0.7875 | U23: 0.7875 | V23: 0.7875 | W23: 0.7875 | X23: 0.7875
F24: 1978-1997 | G24: N/A | I24: 0.7875 | J24: 0.7875 | K24: 0.7875 | L24: 0.7875 | M24: 0.7875 | N24: 0.7875 | O24: 0.7875 | P24: 0.7875 | Q24: 0.7875 | R24: 0.7875 | S24: 0.7875 | T24: 0.7875 | U24: 0.7875 | V24: 0.7875 | W24: 0.7875 | X24: 0.7875
D25: Double pane | F25: 1998-2007 | G25: 2001 | H25: TABLE 1-I 21-30% WWR (prototype 22%). Non-north row 116; CZ1 uses north (row 117) per Table 1-I note. | I25: 0.36 | J25: 0.4 | K25: 0.61 | L25: 0.61 | M25: 0.61 | N25: 0.61 | O25: 0.61 | P25: 0.61 | Q25: 0.61 | R25: 0.4 | S25: 0.4 | T25: 0.4 | U25: 0.4 | V25: 0.43 | W25: 0.43 | X25: 0.47
F26: 2008-2018 | G26: 2013 | H26: Table 140.3-C | I26: 0.2425 | J26: 0.2425 | K26: 0.2425 | L26: 0.2425 | M26: 0.2425 | N26: 0.2425 | O26: 0.2425 | P26: 0.2425 | Q26: 0.2425 | R26: 0.2425 | S26: 0.2425 | T26: 0.2425 | U26: 0.2425 | V26: 0.2425 | W26: 0.2425 | X26: 0.2425
F27: 2019+ | G27: 2025 | H27: TABLE 170.2-A All Other Fenestration RSHGC (NR in CZ1, 3, 5, 16) | I27: NR | J27: 0.23 | K27: NR | L27: 0.23 | M27: NR | N27: 0.23 | O27: 0.23 | P27: 0.23 | Q27: 0.23 | R27: 0.23 | S27: 0.23 | T27: 0.23 | U27: 0.23 | V27: 0.23 | W27: 0.23 | X27: NR
A28: Windows_Nonres (Floor 1) | B28: =Prototype!$A$2 -> ApartmentMidRise | C28: FixedWindow_NonRes | D28: 100% single pane for Pre-1978 and 1978-1997 (as-built). Title 24 fenestration U/SHGC starts at 1998-2007 (2001 Tables 1-H / 1-I). | E28: U factor | F28: Pre 1978 | G28: N/A | H28: ASHRAE Handbook of Fundamentals Ch. 15 Table 4: U-1.12 (100% fixed metal, Nonres). No 2013 double-pane blend. | I28: 1.12 | J28: 1.12 | K28: 1.12 | L28: 1.12 | M28: 1.12 | N28: 1.12 | O28: 1.12 | P28: 1.12 | Q28: 1.12 | R28: 1.12 | S28: 1.12 | T28: 1.12 | U28: 1.12 | V28: 1.12 | W28: 1.12 | X28: 1.12
F29: 1978-1997 | G29: N/A | I29: 1.12 | J29: 1.12 | K29: 1.12 | L29: 1.12 | M29: 1.12 | N29: 1.12 | O29: 1.12 | P29: 1.12 | Q29: 1.12 | R29: 1.12 | S29: 1.12 | T29: 1.12 | U29: 1.12 | V29: 1.12 | W29: 1.12 | X29: 1.12
D30: Double pane | F30: 1998-2007 | G30: 2001 | H30: Table 1-H window U-factor (2001). CZ3-9 = 0.81; other CZs = 0.49. Values from Envelope row 85. | I30: 0.49 | J30: 0.49 | K30: 0.81 | L30: 0.81 | M30: 0.81 | N30: 0.81 | O30: 0.81 | P30: 0.81 | Q30: 0.81 | R30: 0.49 | S30: 0.49 | T30: 0.49 | U30: 0.49 | V30: 0.49 | W30: 0.49 | X30: 0.49
F31: 2008-2018 | G31: 2013 | H31: Table 140.3-B | I31: 0.36 | J31: 0.36 | K31: 0.36 | L31: 0.36 | M31: 0.36 | N31: 0.36 | O31: 0.36 | P31: 0.36 | Q31: 0.36 | R31: 0.36 | S31: 0.36 | T31: 0.36 | U31: 0.36 | V31: 0.36 | W31: 0.36 | X31: 0.36
F32: 2019+ | G32: 2025 | H32: Table 140.3-B | I32: 0.36 | J32: 0.36 | K32: 0.36 | L32: 0.36 | M32: 0.36 | N32: 0.36 | O32: 0.36 | P32: 0.36 | Q32: 0.34 | R32: 0.36 | S32: 0.34 | T32: 0.34 | U32: 0.34 | V32: 0.34 | W32: 0.34 | X32: 0.36
D33: 100% single pane for Pre-1978 and 1978-1997 (as-built). Title 24 fenestration U/SHGC starts at 1998-2007 (2001 Tables 1-H / 1-I). | E33: SHGC | F33: Pre 1978 | G33: N/A | H33: ASHRAE Handbook of Fundamentals Ch. 15 Table 10: SHGC 0.79 (100% fixed, Nonres). No 2013 double-pane blend. | I33: 0.79 | J33: 0.79 | K33: 0.79 | L33: 0.79 | M33: 0.79 | N33: 0.79 | O33: 0.79 | P33: 0.79 | Q33: 0.79 | R33: 0.79 | S33: 0.79 | T33: 0.79 | U33: 0.79 | V33: 0.79 | W33: 0.79 | X33: 0.79
F34: 1978-1997 | G34: N/A | I34: 0.79 | J34: 0.79 | K34: 0.79 | L34: 0.79 | M34: 0.79 | N34: 0.79 | O34: 0.79 | P34: 0.79 | Q34: 0.79 | R34: 0.79 | S34: 0.79 | T34: 0.79 | U34: 0.79 | V34: 0.79 | W34: 0.79 | X34: 0.79
D35: Double pane | F35: 1998-2007 | G35: 2001 | H35: Table 1-H 21-30% WWR (prototype 22%). Non-north row 120; CZ1 uses north (row 121) per Table 1-H note. | I35: 0.43 | J35: 0.47 | K35: 0.61 | L35: 0.61 | M35: 0.61 | N35: 0.61 | O35: 0.61 | P35: 0.61 | Q35: 0.61 | R35: 0.47 | S35: 0.47 | T35: 0.47 | U35: 0.47 | V35: 0.47 | W35: 0.47 | X35: 0.47
F36: 2008-2018 | G36: 2013 | H36: Table 140.3-B (100% fixed, 0% operable) | I36: 0.25 | J36: 0.25 | K36: 0.25 | L36: 0.25 | M36: 0.25 | N36: 0.25 | O36: 0.25 | P36: 0.25 | Q36: 0.25 | R36: 0.25 | S36: 0.25 | T36: 0.25 | U36: 0.25 | V36: 0.25 | W36: 0.25 | X36: 0.25
F37: 2019+ | G37: 2025 | H37: Table 140.3-B (100% fixed, 0% operable) | I37: 0.25 | J37: 0.25 | K37: 0.25 | L37: 0.25 | M37: 0.25 | N37: 0.25 | O37: 0.25 | P37: 0.25 | Q37: 0.22 | R37: 0.25 | S37: 0.22 | T37: 0.22 | U37: 0.22 | V37: 0.22 | W37: 0.22 | X37: 0.25
A38: * Based on PNNL scorecard assumption.
C40: Infiltration
D41: Building | E41: Zones | F41: Vintage | G41: Source | H41: Res/NR | I41: ACH50
C42: Infiltration | D42: ApartmentMidRise | F42: Pre 1978 | G42: DOE reference buildings (pre/post 1980 | H42: All | I42: 3.97
F43: 1978-1997
F44: 1998-2007
F45: 2008-2018
F46: 2019+ | G46: 2027 Nonresidential and Multifamily ACM, §6.6 / §6.6.1 | H46: Res | I46: 2.3
F47: 2019+ | H47: NR | I47: 7
E48: Multifamily infiltration is modeled differently compared to other nonresidential models. Specifically, according to 2025 Nonresidentail and Multifamily ACM, infilitration is modeled per ACH 50 metrics.
E49: -

Sheet HVAC System
A1: ="HVAC system - "&Prototype!A2 -> HVAC system - ApartmentMidRise
A2: Vintage | B2: Space Type | C2: Heating | D2: Cooling | E2: Air Distribution | F2: Source
A3: Existing | B3: Residential Tenant and common | C3: SZAC (Furnace) | D3: SZAC (DX) | E3: CAV | F3: ResStock 2022 & T24 (2008, 2013)
B4: Non-Residential Tenant (Retail) | C4: PVAV (Gas Boiler & hot water reheat) | D4: PVAV (DX) | E4: VAV | F4: ResStock 2022 & T24 (2008, 2013)
A5: New Construction | B5: Residential Tenant and common | C5: SZHP (DX) | D5: SZHP (DX) | E5: CAV | F5: T24 2025 | G5: ACM 2025 Table 26: dwelling units (>3 habitable floors) SZHP CAV, no economizer; CZ2-15 electric-resistance supplemental heat; CZ1/16 gas furnace supplemental. Common areas are a separate Table 26 row (economizer language differs). Tenant vs common not split into two HVAC rows this pass.
B6: Non-Residential Tenant (Retail) | C6: PVAV (Gas Boiler & hot water reheat) | D6: PVAV (DX) | E6: VAV
A7: *Based on NR ACM 2025 - Table 26
A10: Efficiency of HVAC System (Efficiency is capacity-dependent. The following table provides a general estimate of system efficiency based on preliminary simulations in one climate zone, or assuming cooling load based on rule of thumb)
A11: Vintage | B11: Upgrade/Installed year | C11: Heating | D11: Cooling | E11: Source
A12: Pre 1978 | B12: 2008 | C12: Efficiency 80% (78% AFUE) | D12: EER=9 (<65,000 Btu/h) RES SEER: 13 | E12: T24, 2008 / 10 CFR Part 430, §430.32(c)(2)
A13: 1978-1997
A14: 1998-2007
A15: 2008-2018 | B15: 2013 | C15: Efficiency 80% (78% AFUE) | D15: EER=9 (<65,000 Btu/h) RES: SEER 13 (<65k) | E15: CFR Energy 2010:Title 10- Table 9
A16: New Construction | B16: 2025 | C16: RES: HSPF2:7.5 For SZHPDF: Furnace efficiency: 80% | D16: SEER2: 14.3 | E16: Title 20, 2023 Table E-6
C17: Non-Res: For ≥65k and <135k Btu/h: 11.0 EER and 14.1 IEER Heating (gas boiler) efficiency is not listed and was not invented. Retail NC system remains PVAV with gas boiler (row 6). | D17: 11.0 EER, 14.1 IEER Dual Fuel: 10.8 EER, 13.9 IEER | E17: Title 24, 2025 able 110.2 footnote a
A20: Fan power
A21: Vintage | B21: Approach | C21: System | D21: Total Static Pressure (TSP) (in w.c.) | E21: Fan Efficiency [ACM 2025] | F21: Motor Efficiency | G21: Fan Power Index (W/cfm) | H21: Data Source
A22: Existing | B22: PNNL 90.1-2011, TSP | C22: SZAC CAV, residential tenant and common | D22: 1.33 | E22: 0.65 | F22: ASHRAE 90.1, 2004, Table 10.8 * | H22: Fan power formula: PNNL 20405, 2010, section 5.2.2.5 TSP and fan efficiency: PNNL 20405, 2010, Table 5.11, 90.1-04ac values Motor and drive efficiency: ASHRAE 90.1, 2004, Table 10.8 | I22: PNNL 20405, 2010, Table 5.11
C23: VAV, retail, design airflow > 4,648 cfm | D23: 5.58
A24: Brake horsepower (bhp) = (Supply cfm × TSP in w.c.) / (6356 × fan efficiency)
A25: Fan power (w/cfm) = (bhp × 746) / ( supply cfm × motor efficiency )
A26: New Construction | B26: ACM 2025 | C26: SZHP, residential tenant and common — indoor-unit fan | D26: TSP = fan power × motor efficiency × fan efficiency × 6356 / 746 | E26: 0.65 | F26: 2025 ACM Table 12 ** | G26: 0.35 | H26: w/cfm: [T24, 2025, Section 140.4(a)3 D] Motor efficiency: [ACM 2025, Table 12]
C27: PVAV, retail (System 5), >10,000 cfm | D27: TSP = fan power × motor efficiency × fan efficiency × 6356 / 746 | G27: 0.964 | H27: Fan power index: [ACM 2025, Table 13] Motor efficiency: [ACM 2025, Table 12]
A29: * According to PNNL 20405 section 5.2.2.5, the full-load efficiency of the motor serving the fan is taken from ASHRAE 90.1, 2004, Table 10.8, based on motor nameplate and assuming enclosed motors operating at 1,800 rotations per minute (rpm) Motor nameplate size (bhp) = brake horsepower (bhp) × 1.1 ( using a 10% oversizing factor)
A30: ** The full‑load efficiency of the motor serving the fan is taken from ACM 2025 Table 12 based on the cfm of the fan. Brake horsepower (bhp) = (Supply cfm from sizing run × fan power in W/cfm) / 746. Note: 0.35 W/cfm is the indoor-unit fan (T24 2025 §140.4(a)3 D), same allowance as OfficeMedium VRF and Hotel Large four-pipe fan coil. Not an ACM Table 13 system index. Note: HVAC system is PVAV, not System 6. ACM System 5 >10,000 cfm = 0.964 (Hotel Small). >5,000–10,000 cfm = 1.022.
A31: Background Data [To be deleted prior to publication]

Sheet Thermostat
A1: ="Thermostat Setpoints - "&Prototype!A2&": ResidentialLiving" -> Thermostat Setpoints - ApartmentMidRise : ResidentialLiving
A2: Setpoint | B2: CZ1 | C2: CZ2 | D2: CZ3 | E2: CZ4 | F2: CZ5 | G2: CZ6 | H2: CZ7 | I2: CZ8 | J2: CZ9 | K2: CZ10 | L2: CZ11 | M2: CZ12 | N2: CZ13 | O2: CZ14 | P2: CZ15 | Q2: CZ16 | R2: Source
A3: Heating Setpoint (F) | B3: 68 | C3: 68 | D3: 68 | E3: 68 | F3: 68 | G3: 68 | H3: 68 | I3: 68 | J3: 68 | K3: 68 | L3: 68 | M3: 68 | N3: 68 | O3: 68 | P3: 68 | Q3: 68 | R3: T24 2025 - Appendix 5.4B
A4: Heating Setback (F) | B4: 60 | C4: 60 | D4: 60 | E4: 60 | F4: 60 | G4: 60 | H4: 60 | I4: 60 | J4: 60 | K4: 60 | L4: 60 | M4: 60 | N4: 60 | O4: 60 | P4: 60 | Q4: 60
A5: Cooling Setpoint (F) | B5: 78 | C5: 78 | D5: 78 | E5: 78 | F5: 78 | G5: 78 | H5: 78 | I5: 78 | J5: 78 | K5: 78 | L5: 78 | M5: 78 | N5: 78 | O5: 78 | P5: 78 | Q5: 78 | R5: T24 2025 - Appendix 5.4B
A6: Cooling Setback (F) | B6: 78 | C6: 78 | D6: 78 | E6: 78 | F6: 78 | G6: 78 | H6: 78 | I6: 78 | J6: 78 | K6: 78 | L6: 78 | M6: 78 | N6: 78 | O6: 78 | P6: 78 | Q6: 78
A8: ="Thermostat Setpoints - "&Prototype!A2 & ":Retail" -> Thermostat Setpoints - ApartmentMidRise :Retail
A9: Setpoint | B9: CZ1 | C9: CZ2 | D9: CZ3 | E9: CZ4 | F9: CZ5 | G9: CZ6 | H9: CZ7 | I9: CZ8 | J9: CZ9 | K9: CZ10 | L9: CZ11 | M9: CZ12 | N9: CZ13 | O9: CZ14 | P9: CZ15 | Q9: CZ16 | R9: Source
A10: Heating Setpoint (F) | B10: 70 | C10: 70 | D10: 70 | E10: 70 | F10: 70 | G10: 70 | H10: 70 | I10: 70 | J10: 70 | K10: 70 | L10: 70 | M10: 70 | N10: 70 | O10: 70 | P10: 70 | Q10: 70 | R10: T24 2022 - Appendix 5.4B
A11: Heating Setback (F) | B11: 60 | C11: 60 | D11: 60 | E11: 60 | F11: 60 | G11: 60 | H11: 60 | I11: 60 | J11: 60 | K11: 60 | L11: 60 | M11: 60 | N11: 60 | O11: 60 | P11: 60 | Q11: 60
A12: Cooling Setpoint (F) | B12: 75 | C12: 75 | D12: 75 | E12: 75 | F12: 75 | G12: 75 | H12: 75 | I12: 75 | J12: 75 | K12: 75 | L12: 75 | M12: 75 | N12: 75 | O12: 75 | P12: 75 | Q12: 75
A13: Cooling Setback (F) | B13: 85 | C13: 85 | D13: 85 | E13: 85 | F13: 85 | G13: 85 | H13: 85 | I13: 85 | J13: 85 | K13: 85 | L13: 85 | M13: 85 | N13: 85 | O13: 85 | P13: 85 | Q13: 85
A14: ="Thermostat Setpoints - "&Prototype!A2&": ResidentialCommon" -> Thermostat Setpoints - ApartmentMidRise : ResidentialCommon
A15: Heating Setpoint (F) | B15: 68 | C15: 68 | D15: 68 | E15: 68 | F15: 68 | G15: 68 | H15: 68 | I15: 68 | J15: 68 | K15: 68 | L15: 68 | M15: 68 | N15: 68 | O15: 68 | P15: 68 | Q15: 68 | R15: T24 2025 Appendix 5.4B ResidentialCommon
A16: Heating Setback (F) | B16: 68 | C16: 68 | D16: 68 | E16: 68 | F16: 68 | G16: 68 | H16: 68 | I16: 68 | J16: 68 | K16: 68 | L16: 68 | M16: 68 | N16: 68 | O16: 68 | P16: 68 | Q16: 68
A17: Cooling Setpoint (F) | B17: 78 | C17: 78 | D17: 78 | E17: 78 | F17: 78 | G17: 78 | H17: 78 | I17: 78 | J17: 78 | K17: 78 | L17: 78 | M17: 78 | N17: 78 | O17: 78 | P17: 78 | Q17: 78
A18: Cooling Setback (F) | B18: 78 | C18: 78 | D18: 78 | E18: 78 | F18: 78 | G18: 78 | H18: 78 | I18: 78 | J18: 78 | K18: 78 | L18: 78 | M18: 78 | N18: 78 | O18: 78 | P18: 78 | Q18: 78
A20: One App 5.4B ResidentialLiving profile (68°F occupied / 60°F hours 1–6 and 23–24). ACM 2025 does not publish a multi-unit thermostat diversity set for this prototype. Stochastic or deep-setback mixes were not added.

Sheet Ventilation
A1: ="Outdoor Airflow Rate - "&Prototype!A2 -> Outdoor Airflow Rate - ApartmentMidRise
A2: Space Thermal Zone | B2: Number of People | C2: Floor Area (ft2) | D2: cfm/person (T24, 2025, Equation 120.1-F and Table 120.1-A) | E2: cfm (whole-dwelling continuous mechanical ventilation rate) Res: Equation 160.2-B | F2: cfm/ft² (T24, 2025, Equation 120.1-F and Table 120.1-A) | G2: Required Exhaust Rate-CFM/ft²- (T24, 2025, Table 120.1-B – Minimum Exhaust Rates) | H2: Total cfm Driven by People | I2: Total cfm Driven by Area | J2: Total cfm Driven by Exhaust | K2: Total cfm | L2: Note
A3: =Zones!B3 -> F1 BUSINESS CENTER | B3: =Zones!M3 -> 24.003867 | C3: =Zones!J3 -> 360.04 | D3: 15 | F3: 0.15 | H3: =B3*D3 -> 360.058 | I3: =C3*F3 -> 54.006 | K3: =MAX(H3:J3) -> 360.058
A4: =Zones!B4 -> F1 CORRIDOR | B4: =Zones!M4 -> 19.2019 | C4: =Zones!J4 -> 1920.19 | D4: 15 | F4: 0.15 | H4: =B4*D4 -> 288.0285 | I4: =C4*F4 -> 288.0285 | K4: =MAX(H4:J4) -> 288.0285
A5: =Zones!B5 -> F1 FITNESS CENTER | B5: =Zones!M5 -> 18.0018 | C5: =Zones!J5 -> 900.09 | D5: 15 | F5: 0.15 | H5: =B5*D5 -> 270.027 | I5: =C5*F5 -> 135.0135 | K5: =MAX(H5:J5) -> 270.027
A6: =Zones!B6 -> F1 LEASING OFFICE | B6: =Zones!M6 -> 3.4503 | C6: =Zones!J6 -> 345.03 | D6: 15 | F6: 0.15 | H6: =B6*D6 -> 51.7545 | I6: =C6*F6 -> 51.7545 | K6: =MAX(H6:J6) -> 51.7545
A7: =Zones!B7 -> F1 LOUNGE | B7: =Zones!M7 -> 70.04167 | C7: =Zones!J7 -> 1050.1 | D7: 15 | F7: 0.15 | H7: =B7*D7 -> 1050.625 | I7: =C7*F7 -> 157.515 | K7: =MAX(H7:J7) -> 1050.625
A8: =Zones!B8 -> F1 MECHANICAL ROOM | B8: =Zones!M8 -> 1.29612 | C8: =Zones!J8 -> 432.04 | D8: 15 | F8: 0.15 | H8: =B8*D8 -> 19.4418 | I8: =C8*F8 -> 64.806 | K8: =MAX(H8:J8) -> 64.806
A9: =Zones!B9 -> F1 RETAIL N-NW | B9: =Zones!M9 -> 99.759667 | C9: =Zones!J9 -> 5985.58 | D9: 15 | F9: 0.2 | H9: =B9*D9 -> 1496.395 | I9: =C9*F9 -> 1197.116 | K9: =MAX(H9:J9) -> 1496.395 | L9: Retail merchandise: Table 120.1-A / App 5.4C Retail-Sales Ra = 0.20 cfm/ft².
A10: =Zones!B10 -> F1 RETAIL NE | B10: =Zones!M10 -> 72.007 | C10: =Zones!J10 -> 4320.42 | D10: 15 | F10: 0.2 | H10: =B10*D10 -> 1080.105 | I10: =C10*F10 -> 864.084 | K10: =MAX(H10:J10) -> 1080.105
A11: =Zones!B11 -> F1 RETAIL SE | B11: =Zones!M11 -> 48.004667 | C11: =Zones!J11 -> 2880.28 | D11: 15 | F11: 0.2 | H11: =B11*D11 -> 720.07 | I11: =C11*F11 -> 576.056 | K11: =MAX(H11:J11) -> 720.07
A12: =Zones!B12 -> F1 RETAIL SW | B12: =Zones!M12 -> 73.807167 | C12: =Zones!J12 -> 4428.43 | D12: 15 | F12: 0.2 | H12: =B12*D12 -> 1107.1075 | I12: =C12*F12 -> 885.686 | K12: =MAX(H12:J12) -> 1107.1075
A13: =Zones!B13 -> F2-4 1-BED CORE EAST | B13: =Zones!M13 -> 12 | C13: =Zones!J13 -> 1440.14 | D13: NA | E13: =0.03*C13*Zones!L13+7.5*Zones!E13*(1+IF(ISNUMBER(SEARCH("Studio",Zones!F13)),0,IF(ISNUMBER(SEARCH("3-Bed",Zones!F13)),3,IF(ISNUMBER(SEARCH("2-Bed",Zones!F13)),2,1)))) -> 219.6126 | I13: =E13 -> 219.6126 | J13: =I13 -> 219.6126 | K13: =MAX(H13:J13) -> 219.6126 | L13: Eq 160.2-B: 0.03×CFA_total + 7.5×N_units×(N_br+1). Studio N_br=0. CFA_total = zone area × floor multiplier. Natural ventilation is not modeled (operable fraction Envelope C56 is fenestration weighting only).
A14: =Zones!B14 -> F2-4 1-BED CORE N | B14: =Zones!M14 -> 6 | C14: =Zones!J14 -> 720.07 | D14: NA | E14: =0.03*C14*Zones!L14+7.5*Zones!E14*(1+IF(ISNUMBER(SEARCH("Studio",Zones!F14)),0,IF(ISNUMBER(SEARCH("3-Bed",Zones!F14)),3,IF(ISNUMBER(SEARCH("2-Bed",Zones!F14)),2,1)))) -> 109.8063 | I14: =E14 -> 109.8063 | J14: =I14 -> 109.8063 | K14: =MAX(H14:J14) -> 109.8063 | L14: Balanced IAQ fan - only applies to new construction
A15: =Zones!B15 -> F2-4 1-BED CORE WEST | B15: =Zones!M15 -> 12 | C15: =Zones!J15 -> 1440.14 | D15: NA | E15: =0.03*C15*Zones!L15+7.5*Zones!E15*(1+IF(ISNUMBER(SEARCH("Studio",Zones!F15)),0,IF(ISNUMBER(SEARCH("3-Bed",Zones!F15)),3,IF(ISNUMBER(SEARCH("2-Bed",Zones!F15)),2,1)))) -> 219.6126 | I15: =E15 -> 219.6126 | J15: =I15 -> 219.6126 | K15: =MAX(H15:J15) -> 219.6126 | L15: Balanced IAQ fan - only applies to new construction
A16: =Zones!B16 -> F2-4 1-BED NORTH | B16: =Zones!M16 -> 30 | C16: =Zones!J16 -> 3720.36 | D16: NA | E16: =0.03*C16*Zones!L16+7.5*Zones!E16*(1+IF(ISNUMBER(SEARCH("Studio",Zones!F16)),0,IF(ISNUMBER(SEARCH("3-Bed",Zones!F16)),3,IF(ISNUMBER(SEARCH("2-Bed",Zones!F16)),2,1)))) -> 559.8324 | I16: =E16 -> 559.8324 | J16: =I16 -> 559.8324 | K16: =MAX(H16:J16) -> 559.8324 | L16: Balanced IAQ fan - only applies to new construction
A17: =Zones!B17 -> F2-4 2-BED CORE NE-NW | B17: =Zones!M17 -> 18 | C17: =Zones!J17 -> 2160.21 | D17: NA | E17: =0.03*C17*Zones!L17+7.5*Zones!E17*(1+IF(ISNUMBER(SEARCH("Studio",Zones!F17)),0,IF(ISNUMBER(SEARCH("3-Bed",Zones!F17)),3,IF(ISNUMBER(SEARCH("2-Bed",Zones!F17)),2,1)))) -> 329.4189 | I17: =E17 -> 329.4189 | J17: =I17 -> 329.4189 | K17: =MAX(H17:J17) -> 329.4189 | L17: Balanced IAQ fan - only applies to new construction
A18: =Zones!B18 -> F2-4 2-BED EAST | B18: =Zones!M18 -> 27 | C18: =Zones!J18 -> 3240.32 | D18: NA | E18: =0.03*C18*Zones!L18+7.5*Zones!E18*(1+IF(ISNUMBER(SEARCH("Studio",Zones!F18)),0,IF(ISNUMBER(SEARCH("3-Bed",Zones!F18)),3,IF(ISNUMBER(SEARCH("2-Bed",Zones!F18)),2,1)))) -> 494.1288 | I18: =E18 -> 494.1288 | J18: =I18 -> 494.1288 | K18: =MAX(H18:J18) -> 494.1288 | L18: Balanced IAQ fan - only applies to new construction
A19: =Zones!B19 -> F2-4 2-BED WEST | B19: =Zones!M19 -> 27 | C19: =Zones!J19 -> 3240.32 | D19: NA | E19: =0.03*C19*Zones!L19+7.5*Zones!E19*(1+IF(ISNUMBER(SEARCH("Studio",Zones!F19)),0,IF(ISNUMBER(SEARCH("3-Bed",Zones!F19)),3,IF(ISNUMBER(SEARCH("2-Bed",Zones!F19)),2,1)))) -> 494.1288 | I19: =E19 -> 494.1288 | J19: =I19 -> 494.1288 | K19: =MAX(H19:J19) -> 494.1288 | L19: Balanced IAQ fan - only applies to new construction
A20: =Zones!B20 -> F2-4 3-BED NE | B20: =Zones!M20 -> 12 | C20: =Zones!J20 -> 1410.14 | D20: NA | E20: =0.03*C20*Zones!L20+7.5*Zones!E20*(1+IF(ISNUMBER(SEARCH("Studio",Zones!F20)),0,IF(ISNUMBER(SEARCH("3-Bed",Zones!F20)),3,IF(ISNUMBER(SEARCH("2-Bed",Zones!F20)),2,1)))) -> 216.9126 | I20: =E20 -> 216.9126 | J20: =I20 -> 216.9126 | K20: =MAX(H20:J20) -> 216.9126 | L20: Balanced IAQ fan - only applies to new construction
A21: =Zones!B21 -> F2-4 3-BED NW | B21: =Zones!M21 -> 12 | C21: =Zones!J21 -> 1410.14 | D21: NA | E21: =0.03*C21*Zones!L21+7.5*Zones!E21*(1+IF(ISNUMBER(SEARCH("Studio",Zones!F21)),0,IF(ISNUMBER(SEARCH("3-Bed",Zones!F21)),3,IF(ISNUMBER(SEARCH("2-Bed",Zones!F21)),2,1)))) -> 216.9126 | I21: =E21 -> 216.9126 | J21: =I21 -> 216.9126 | K21: =MAX(H21:J21) -> 216.9126 | L21: Balanced IAQ fan - only applies to new construction
A22: =Zones!B22 -> F2-4 CORRIDOR | B22: =Zones!M22 -> 77.4075 | C22: =Zones!J22 -> 2580.25 | D22: 15 | F22: 0.15 | H22: =B22*D22 -> 1161.1125 | I22: =C22*F22 -> 387.0375 | K22: =MAX(H22:J22) -> 1161.1125
A23: =Zones!B23 -> F2-4 LAUNDRY | B23: =Zones!M23 -> 5.4006 | C23: =Zones!J23 -> 180.02 | D23: 15 | F23: 0.15 | H23: =B23*D23 -> 81.009 | I23: =C23*F23 -> 27.003 | K23: =MAX(H23:J23) -> 81.009
A24: =Zones!B24 -> F2-4 STUDIO SE | B24: =Zones!M24 -> 6 | C24: =Zones!J24 -> 540.05 | D24: NA | E24: =0.03*C24*Zones!L24+7.5*Zones!E24*(1+IF(ISNUMBER(SEARCH("Studio",Zones!F24)),0,IF(ISNUMBER(SEARCH("3-Bed",Zones!F24)),3,IF(ISNUMBER(SEARCH("2-Bed",Zones!F24)),2,1)))) -> 71.1045 | I24: =E24 -> 71.1045 | J24: =I24 -> 71.1045 | K24: =MAX(H24:J24) -> 71.1045 | L24: Balanced IAQ fan - only applies to new construction
A25: =Zones!B25 -> F2-4 STUDIO SW | B25: =Zones!M25 -> 6 | C25: =Zones!J25 -> 540.05 | D25: NA | E25: =0.03*C25*Zones!L25+7.5*Zones!E25*(1+IF(ISNUMBER(SEARCH("Studio",Zones!F25)),0,IF(ISNUMBER(SEARCH("3-Bed",Zones!F25)),3,IF(ISNUMBER(SEARCH("2-Bed",Zones!F25)),2,1)))) -> 71.1045 | I25: =E25 -> 71.1045 | J25: =I25 -> 71.1045 | K25: =MAX(H25:J25) -> 71.1045 | L25: Balanced IAQ fan - only applies to new construction
A26: =Zones!B26 -> F5 1-BED CORE EAST | B26: =Zones!M26 -> 4 | C26: =Zones!J26 -> 1440.14 | D26: NA | E26: =0.03*C26*Zones!L26+7.5*Zones!E26*(1+IF(ISNUMBER(SEARCH("Studio",Zones!F26)),0,IF(ISNUMBER(SEARCH("3-Bed",Zones!F26)),3,IF(ISNUMBER(SEARCH("2-Bed",Zones!F26)),2,1)))) -> 73.2042 | I26: =E26 -> 73.2042 | J26: =I26 -> 73.2042 | K26: =MAX(H26:J26) -> 73.2042 | L26: Balanced IAQ fan - only applies to new construction
A27: =Zones!B27 -> F5 1-BED CORE N | B27: =Zones!M27 -> 2 | C27: =Zones!J27 -> 720.07 | D27: NA | E27: =0.03*C27*Zones!L27+7.5*Zones!E27*(1+IF(ISNUMBER(SEARCH("Studio",Zones!F27)),0,IF(ISNUMBER(SEARCH("3-Bed",Zones!F27)),3,IF(ISNUMBER(SEARCH("2-Bed",Zones!F27)),2,1)))) -> 36.6021 | I27: =E27 -> 36.6021 | J27: =I27 -> 36.6021 | K27: =MAX(H27:J27) -> 36.6021 | L27: Balanced IAQ fan - only applies to new construction
A28: =Zones!B28 -> F5 1-BED CORE WEST | B28: =Zones!M28 -> 4 | C28: =Zones!J28 -> 1440.14 | D28: NA | E28: =0.03*C28*Zones!L28+7.5*Zones!E28*(1+IF(ISNUMBER(SEARCH("Studio",Zones!F28)),0,IF(ISNUMBER(SEARCH("3-Bed",Zones!F28)),3,IF(ISNUMBER(SEARCH("2-Bed",Zones!F28)),2,1)))) -> 73.2042 | I28: =E28 -> 73.2042 | J28: =I28 -> 73.2042 | K28: =MAX(H28:J28) -> 73.2042 | L28: Balanced IAQ fan - only applies to new construction
A29: =Zones!B29 -> F5 1-BED NORTH | B29: =Zones!M29 -> 10 | C29: =Zones!J29 -> 3720.36 | D29: NA | E29: =0.03*C29*Zones!L29+7.5*Zones!E29*(1+IF(ISNUMBER(SEARCH("Studio",Zones!F29)),0,IF(ISNUMBER(SEARCH("3-Bed",Zones!F29)),3,IF(ISNUMBER(SEARCH("2-Bed",Zones!F29)),2,1)))) -> 186.6108 | I29: =E29 -> 186.6108 | J29: =I29 -> 186.6108 | K29: =MAX(H29:J29) -> 186.6108 | L29: Balanced IAQ fan - only applies to new construction
A30: =Zones!B30 -> F5 2-BED CORE NE-NW | B30: =Zones!M30 -> 6 | C30: =Zones!J30 -> 2160.21 | D30: NA | E30: =0.03*C30*Zones!L30+7.5*Zones!E30*(1+IF(ISNUMBER(SEARCH("Studio",Zones!F30)),0,IF(ISNUMBER(SEARCH("3-Bed",Zones!F30)),3,IF(ISNUMBER(SEARCH("2-Bed",Zones!F30)),2,1)))) -> 109.8063 | I30: =E30 -> 109.8063 | J30: =I30 -> 109.8063 | K30: =MAX(H30:J30) -> 109.8063 | L30: Balanced IAQ fan - only applies to new construction
A31: =Zones!B31 -> F5 2-BED EAST | B31: =Zones!M31 -> 9 | C31: =Zones!J31 -> 3240.32 | D31: NA | E31: =0.03*C31*Zones!L31+7.5*Zones!E31*(1+IF(ISNUMBER(SEARCH("Studio",Zones!F31)),0,IF(ISNUMBER(SEARCH("3-Bed",Zones!F31)),3,IF(ISNUMBER(SEARCH("2-Bed",Zones!F31)),2,1)))) -> 164.7096 | I31: =E31 -> 164.7096 | J31: =I31 -> 164.7096 | K31: =MAX(H31:J31) -> 164.7096 | L31: Balanced IAQ fan - only applies to new construction
A32: =Zones!B32 -> F5 2-BED WEST | B32: =Zones!M32 -> 9 | C32: =Zones!J32 -> 3240.32 | D32: NA | E32: =0.03*C32*Zones!L32+7.5*Zones!E32*(1+IF(ISNUMBER(SEARCH("Studio",Zones!F32)),0,IF(ISNUMBER(SEARCH("3-Bed",Zones!F32)),3,IF(ISNUMBER(SEARCH("2-Bed",Zones!F32)),2,1)))) -> 164.7096 | I32: =E32 -> 164.7096 | J32: =I32 -> 164.7096 | K32: =MAX(H32:J32) -> 164.7096 | L32: Balanced IAQ fan - only applies to new construction
A33: =Zones!B33 -> F5 3-BED NE | B33: =Zones!M33 -> 4 | C33: =Zones!J33 -> 1410.14 | D33: NA | E33: =0.03*C33*Zones!L33+7.5*Zones!E33*(1+IF(ISNUMBER(SEARCH("Studio",Zones!F33)),0,IF(ISNUMBER(SEARCH("3-Bed",Zones!F33)),3,IF(ISNUMBER(SEARCH("2-Bed",Zones!F33)),2,1)))) -> 72.3042 | I33: =E33 -> 72.3042 | J33: =I33 -> 72.3042 | K33: =MAX(H33:J33) -> 72.3042 | L33: Balanced IAQ fan - only applies to new construction
A34: =Zones!B34 -> F5 3-BED NW | B34: =Zones!M34 -> 4 | C34: =Zones!J34 -> 1410.14 | D34: NA | E34: =0.03*C34*Zones!L34+7.5*Zones!E34*(1+IF(ISNUMBER(SEARCH("Studio",Zones!F34)),0,IF(ISNUMBER(SEARCH("3-Bed",Zones!F34)),3,IF(ISNUMBER(SEARCH("2-Bed",Zones!F34)),2,1)))) -> 72.3042 | I34: =E34 -> 72.3042 | J34: =I34 -> 72.3042 | K34: =MAX(H34:J34) -> 72.3042 | L34: Balanced IAQ fan - only applies to new construction
A35: =Zones!B35 -> F5 CORRIDOR | B35: =Zones!M35 -> 25.8025 | C35: =Zones!J35 -> 2580.25 | D35: 15 | F35: 0.15 | H35: =B35*D35 -> 387.0375 | I35: =C35*F35 -> 387.0375 | K35: =MAX(H35:J35) -> 387.0375
A36: =Zones!B36 -> F5 LAUNDRY | B36: =Zones!M36 -> 1.8002 | C36: =Zones!J36 -> 180.02 | D36: 15 | F36: 0.15 | H36: =B36*D36 -> 27.003 | I36: =C36*F36 -> 27.003 | K36: =MAX(H36:J36) -> 27.003
A37: =Zones!B37 -> F5 STUDIO SE | B37: =Zones!M37 -> 2 | C37: =Zones!J37 -> 540.05 | D37: NA | E37: =0.03*C37*Zones!L37+7.5*Zones!E37*(1+IF(ISNUMBER(SEARCH("Studio",Zones!F37)),0,IF(ISNUMBER(SEARCH("3-Bed",Zones!F37)),3,IF(ISNUMBER(SEARCH("2-Bed",Zones!F37)),2,1)))) -> 23.7015 | I37: =E37 -> 23.7015 | J37: =I37 -> 23.7015 | K37: =MAX(H37:J37) -> 23.7015 | L37: Balanced IAQ fan - only applies to new construction
A38: =Zones!B38 -> F5 STUDIO SW | B38: =Zones!M38 -> 2 | C38: =Zones!J38 -> 540.05 | D38: NA | E38: =0.03*C38*Zones!L38+7.5*Zones!E38*(1+IF(ISNUMBER(SEARCH("Studio",Zones!F38)),0,IF(ISNUMBER(SEARCH("3-Bed",Zones!F38)),3,IF(ISNUMBER(SEARCH("2-Bed",Zones!F38)),2,1)))) -> 23.7015 | I38: =E38 -> 23.7015 | J38: =I38 -> 23.7015 | K38: =MAX(H38:J38) -> 23.7015 | L38: Balanced IAQ fan - only applies to new construction
A39: =Zones!B39 -> PARKING GARAGE | B39: =Zones!M39 -> 0 | C39: =Zones!J39 -> 27902.72 | D39: 0 | F39: 0 | G39: 0.75 | H39: =B39*D39 -> 0 | I39: =C39*F39 -> 0 | J39: =C39*G39 -> 20927.04 | K39: =MAX(H39:J39) -> 20927.04 | L39: Parking garage: Table 120.1-B exhaust 0.75 cfm/ft² only. Person and area OA removed (App 5.4C Exhaust - Parking garages).

Sheet Water Heater
A1: ="Water Heater - "&Prototype!A2 -> Water Heater - ApartmentMidRise
A2: Vintage | B2: WH Type | C2: Efficiency | D2: Number of WH | E2: Tank volume (gal) | F2: Tank loss | G2: Source | H2: Note
A3: Existing | B3: Gas consumer storage (in-unit) | C3: 0.8 | D3: =B51 -> 88 | E3: ="See Existing in-unit CZ table, col F (gal/unit); building = 88 x F" -> See Existing in-unit CZ table, col F (gal/unit); building = 88 x F | F3: =IF(F62<=55,0.692-0.0013*F62,0.8072-0.0003*F62) -> 0.653 | G3: C3 is recovery efficiency (capacity / RE). E3 is 10 CFR 430.32 high-draw UEF from the CZ tank (col F). CZ G/I/J follow the school HPWH layout: G = standby %/hr = I/(0.0834×F); I is Off/On-cycle UA (Btu/h·°F) from Maguire & Roberts 2020; J is the unit. EnergyPlus {W/K} = I × $B$139 (0.527527); use I in both Off-Cycle and On-Cycle fields. Not Title 20 Table F-4 and not DEER commercial HPWH 4.37. | H3: One water heater per apartment (88), not a central plant. Not all identical: 48 studio/1-bed (2 people, 0.36 gal/h), 32 two-bed (3 people, 0.54 gal/h), 8 three-bed (4 people, 0.72 gal/h). The CZ table uses the 3-bed peak.
A4: New Construction | B4: Gas consumer instantaneous (in-unit) | C4: 0.81 | D4: =D3 -> 88 | E4: 0 | F4: n/a
A5: * Individual dwelling-unit water heaters (not central §170.2(d)3 storage + recirculation + solar). 88 units. Existing = consumer storage catalog. NC = ACM §6.11.2 instantaneous. Retail/laundry/amenities = one commercial plant (NR catalog + 75 gal/h minimum).
A8: Peak Hot Water Consumption
A9: Space | B9: Plant (In-unit dwelling vs Common commercial) | C9: Total Area (ft²) | D9: Number of People | E9: Hot Water Usage Specification (gal/hr per person) [T24, 2022, Appendix 5.4A , sheet: "2022 SpaceFuncData-Input"] | F9: Peak Hot Water Usage (gal/hr) | G9: Peak Hot Water Usage (gal/min) | H9: Notes
A10: =Zones!B3 -> F1 BUSINESS CENTER | B10: Common | C10: =Zones!J3*Zones!L3 -> 360.04 | D10: =Zones!M3 -> 24.003867 | E10: 0.18 | F10: =D10*E10 -> 4.320696 | G10: =F10/60 -> 0.0720116 | H10: In-unit = dwelling DHW (consumer heater in each apartment). Common = retail/laundry/amenity DHW on a separate commercial plant. Dwelling gal/h-person is 0.18 throughout. Corridor 0, lounge/office 0.09, laundry 0.578 per Jason APTM58 / school App 5.4A kitchen-locker rate.
A11: =Zones!B4 -> F1 CORRIDOR | B11: Common | C11: =Zones!J4*Zones!L4 -> 1920.19 | D11: =Zones!M4 -> 19.2019 | E11: 0 | F11: =D11*E11 -> 0 | G11: =F11/60 -> 0
A12: =Zones!B5 -> F1 FITNESS CENTER | B12: Common | C12: =Zones!J5*Zones!L5 -> 900.09 | D12: =Zones!M5 -> 18.0018 | E12: 0.18 | F12: =D12*E12 -> 3.240324 | G12: =F12/60 -> 0.0540054
A13: =Zones!B6 -> F1 LEASING OFFICE | B13: Common | C13: =Zones!J6*Zones!L6 -> 345.03 | D13: =Zones!M6 -> 3.4503 | E13: 0.09 | F13: =D13*E13 -> 0.310527 | G13: =F13/60 -> 0.00517545
A14: =Zones!B7 -> F1 LOUNGE | B14: Common | C14: =Zones!J7*Zones!L7 -> 1050.1 | D14: =Zones!M7 -> 70.04167 | E14: 0.09 | F14: =D14*E14 -> 6.3037503 | G14: =F14/60 -> 0.1050625
A15: =Zones!B8 -> F1 MECHANICAL ROOM | B15: Common | C15: =Zones!J8*Zones!L8 -> 432.04 | D15: =Zones!M8 -> 1.29612 | E15: 0 | F15: =D15*E15 -> 0 | G15: =F15/60 -> 0
A16: =Zones!B9 -> F1 RETAIL N-NW | B16: Common | C16: =Zones!J9*Zones!L9 -> 5985.58 | D16: =Zones!M9 -> 99.759667 | E16: 0.18 | F16: =D16*E16 -> 17.95674 | G16: =F16/60 -> 0.299279
A17: =Zones!B10 -> F1 RETAIL NE | B17: Common | C17: =Zones!J10*Zones!L10 -> 4320.42 | D17: =Zones!M10 -> 72.007 | E17: 0.18 | F17: =D17*E17 -> 12.96126 | G17: =F17/60 -> 0.216021
A18: =Zones!B11 -> F1 RETAIL SE | B18: Common | C18: =Zones!J11*Zones!L11 -> 2880.28 | D18: =Zones!M11 -> 48.004667 | E18: 0.18 | F18: =D18*E18 -> 8.64084 | G18: =F18/60 -> 0.144014
A19: =Zones!B12 -> F1 RETAIL SW | B19: Common | C19: =Zones!J12*Zones!L12 -> 4428.43 | D19: =Zones!M12 -> 73.807167 | E19: 0.18 | F19: =D19*E19 -> 13.28529 | G19: =F19/60 -> 0.2214215
A20: =Zones!B13 -> F2-4 1-BED CORE EAST | B20: In-unit | C20: =Zones!J13*Zones!L13 -> 4320.42 | D20: =Zones!M13 -> 12 | E20: 0.18 | F20: =D20*E20 -> 2.16 | G20: =F20/60 -> 0.036
A21: =Zones!B14 -> F2-4 1-BED CORE N | B21: In-unit | C21: =Zones!J14*Zones!L14 -> 2160.21 | D21: =Zones!M14 -> 6 | E21: 0.18 | F21: =D21*E21 -> 1.08 | G21: =F21/60 -> 0.018
A22: =Zones!B15 -> F2-4 1-BED CORE WEST | B22: In-unit | C22: =Zones!J15*Zones!L15 -> 4320.42 | D22: =Zones!M15 -> 12 | E22: 0.18 | F22: =D22*E22 -> 2.16 | G22: =F22/60 -> 0.036
... A46: =Zones!B39 -> PARKING GARAGE | B46: Common | C46: =Zones!J39*Zones!L39 -> 27902.72 | D46: =Zones!M39 -> 0 | E46: 0 | F46: =D46*E46 -> 0 | G46: =F46/60 -> 0
A48: Total | B48: In-unit peak, one dwelling (gal/h) | F48: =_xlfn.AGGREGATE(14,6,$F$10:$F$46/Zones!$E$3:$E$39/($B$10:$B$46="In-unit"),1) -> 0.72 | H48: Largest apartment only (3-bed, 0.72 gal/h). Not the sum of all apartments. No 75 gal/h minimum on in-unit heaters.
A49: Total | B49: Common / retail (commercial plant gal/h) | F49: =_xlfn.LET(_xlpm.g,SUMIF($B$10:$B$46,"Common",$F$10:$F$46),IF(_xlpm.g>0,MAX(75,_xlpm.g),0)) -> 75 | H49: ACM 2025 §5.9.2 minimum peak 75 gal/h applied only if common DHW > 0.
A51: Number of dwelling units | B51: 88 | C51: Prototype A18 / Zones E
A52: Peak gal/h per dwelling unit | B52: =F48 -> 0.72
A53: NC input per dwelling (Btu/h) | B53: 200000 | C53: ACM §6.11.2 consumer instantaneous
A54: NC prototype total input (Btu/h) | B54: =B53*B51 -> 17600000
A55: Design supply temperature (°F) | B55: 135 | C55: T24 2022 Appendix 5.4B
A56: WH system factor | B56: 0.6 | C56: 2025 ACM §5.9.2 Rated Capacity
A57: Water mass conversion (lb/gal) | B57: 8.2877 | C57: 2025 ACM §5.9.2 Rated Capacity
A58: Reheat multiplier | B58: 0.4 | C58: 2025 ACM §5.9.2 Storage Volume
A60: Climate Zone Water Heater Sizing — Existing in-unit consumer storage (per dwelling)
A61: Climate Zone | B61: Minimum Monthly Mains Temp (°F) [T24 2022 - Appendix 5.4B] | C61: Heat Output (Btu/hr) [ACM, 2025, 5.9.2: Rated capacity section] | D61: WH Capacity (Btu/hr) [ACM, 2025, 5.9.2: Rated capacity section] | E61: Required Energy Input (Btu/hr) | F61: Storage Volume (gal) | G61: Standby Loss (%/hr) [Maguire & Roberts 2020 / OpenStudio-HPXML. Not Title 20 Table F-4] | I61: Off/On Cycle Loss Coefficient to Ambient Temp | K61: Source/Note
A62: CZ01 | B62: 47.9 | C62: =$B$52*($B$55-B62)*$B$57 -> 519.73824 | D62: =C62*$B$56 -> 311.84295 | E62: =_xlfn.LET(_xlpm.x,IFERROR(_xlfn.XLOOKUP(D62/$C$3,$A$120:$A$128,$A$120:$A$128,"",1),""),IF(_xlpm.x="","Exceeds consumer input list",_xlpm.x)) -> 30000 | F62: =_xlfn.LET(_xlpm.x,IFERROR(_xlfn.XLOOKUP(MAX(30,$B$52*$B$58),$E$120:$E$124,$E$120:$E$124,"",1),""),IF(_xlpm.x="","Exceeds consumer tank list",_xlpm.x)) -> 30 | G62: =IF(AND(ISNUMBER(I62),F62>0),I62/(0.0834*F62),NA()) -> 3.3813726 | H62: %/hr | I62: =_xlfn.LET(_xlpm.re,$C$3,_xlpm.vr,F62,_xlpm.qin,E62,_xlpm.uef,IF(_xlpm.vr<=55,0.692-0.0013*_xlpm.vr,0.8072-0.0003*_xlpm.vr),_xlpm.qload,$B$134*$B$138*$B$139*($B$135-$B$136),_xlpm.dT,$B$135-$B$137,((_xlpm.re/_xlpm.uef)-1)/(_xlpm.dT*(24/_xlpm.qload)-_xlpm.dT/(_xlpm.qin*_xlpm.uef))) -> 8.4601943 | J62: Btu/h·°F | K62: Same CZ column layout as SchoolK8 HPWH / OfficeSmall. I is tank UA (Btu/h·°F) from Maguire & Roberts 2020 / OpenStudio-HPXML (consumer UEF test). G = I/(0.0834×F) %/hr (same conversion as school HPWH). J is Btu/h·°F. EnergyPlus Off-Cycle and On-Cycle {W/K} = I×0.527527 (cell B139); same number in both fields. Not DEER commercial HPWH UA 4.37 and not Title 20 Table F-4.
A63: CZ02 | B63: 50.8 | C63: =$B$52*($B$55-B63)*$B$57 -> 502.43352 | D63: =C63*$B$56 -> 301.46011 | E63: =_xlfn.LET(_xlpm.x,IFERROR(_xlfn.XLOOKUP(D63/$C$3,$A$120:$A$128,$A$120:$A$128,"",1),""),IF(_xlpm.x="","Exceeds consumer input list",_xlpm.x)) -> 30000 | F63: =_xlfn.LET(_xlpm.x,IFERROR(_xlfn.XLOOKUP(MAX(30,$B$52*$B$58),$E$120:$E$124,$E$120:$E$124,"",1),""),IF(_xlpm.x="","Exceeds consumer tank list",_xlpm.x)) -> 30 | G63: =IF(AND(ISNUMBER(I63),F63>0),I63/(0.0834*F63),NA()) -> 3.3813726 | H63: %/hr | I63: =_xlfn.LET(_xlpm.re,$C$3,_xlpm.vr,F63,_xlpm.qin,E63,_xlpm.uef,IF(_xlpm.vr<=55,0.692-0.0013*_xlpm.vr,0.8072-0.0003*_xlpm.vr),_xlpm.qload,$B$134*$B$138*$B$139*($B$135-$B$136),_xlpm.dT,$B$135-$B$137,((_xlpm.re/_xlpm.uef)-1)/(_xlpm.dT*(24/_xlpm.qload)-_xlpm.dT/(_xlpm.qin*_xlpm.uef))) -> 8.4601943 | J63: Btu/h·°F
A64: CZ03 | B64: 52.2 | C64: =$B$52*($B$55-B64)*$B$57 -> 494.07952 | D64: =C64*$B$56 -> 296.44771 | E64: =_xlfn.LET(_xlpm.x,IFERROR(_xlfn.XLOOKUP(D64/$C$3,$A$120:$A$128,$A$120:$A$128,"",1),""),IF(_xlpm.x="","Exceeds consumer input list",_xlpm.x)) -> 30000 | F64: =_xlfn.LET(_xlpm.x,IFERROR(_xlfn.XLOOKUP(MAX(30,$B$52*$B$58),$E$120:$E$124,$E$120:$E$124,"",1),""),IF(_xlpm.x="","Exceeds consumer tank list",_xlpm.x)) -> 30 | G64: =IF(AND(ISNUMBER(I64),F64>0),I64/(0.0834*F64),NA()) -> 3.3813726 | H64: %/hr | I64: =_xlfn.LET(_xlpm.re,$C$3,_xlpm.vr,F64,_xlpm.qin,E64,_xlpm.uef,IF(_xlpm.vr<=55,0.692-0.0013*_xlpm.vr,0.8072-0.0003*_xlpm.vr),_xlpm.qload,$B$134*$B$138*$B$139*($B$135-$B$136),_xlpm.dT,$B$135-$B$137,((_xlpm.re/_xlpm.uef)-1)/(_xlpm.dT*(24/_xlpm.qload)-_xlpm.dT/(_xlpm.qin*_xlpm.uef))) -> 8.4601943 | J64: Btu/h·°F
A65: CZ04 | B65: 52.7 | C65: =$B$52*($B$55-B65)*$B$57 -> 491.09595 | D65: =C65*$B$56 -> 294.65757 | E65: =_xlfn.LET(_xlpm.x,IFERROR(_xlfn.XLOOKUP(D65/$C$3,$A$120:$A$128,$A$120:$A$128,"",1),""),IF(_xlpm.x="","Exceeds consumer input list",_xlpm.x)) -> 30000 | F65: =_xlfn.LET(_xlpm.x,IFERROR(_xlfn.XLOOKUP(MAX(30,$B$52*$B$58),$E$120:$E$124,$E$120:$E$124,"",1),""),IF(_xlpm.x="","Exceeds consumer tank list",_xlpm.x)) -> 30 | G65: =IF(AND(ISNUMBER(I65),F65>0),I65/(0.0834*F65),NA()) -> 3.3813726 | H65: %/hr | I65: =_xlfn.LET(_xlpm.re,$C$3,_xlpm.vr,F65,_xlpm.qin,E65,_xlpm.uef,IF(_xlpm.vr<=55,0.692-0.0013*_xlpm.vr,0.8072-0.0003*_xlpm.vr),_xlpm.qload,$B$134*$B$138*$B$139*($B$135-$B$136),_xlpm.dT,$B$135-$B$137,((_xlpm.re/_xlpm.uef)-1)/(_xlpm.dT*(24/_xlpm.qload)-_xlpm.dT/(_xlpm.qin*_xlpm.uef))) -> 8.4601943 | J65: Btu/h·°F
A66: CZ05 | B66: 51.6 | C66: =$B$52*($B$55-B66)*$B$57 -> 497.65981 | D66: =C66*$B$56 -> 298.59589 | E66: =_xlfn.LET(_xlpm.x,IFERROR(_xlfn.XLOOKUP(D66/$C$3,$A$120:$A$128,$A$120:$A$128,"",1),""),IF(_xlpm.x="","Exceeds consumer input list",_xlpm.x)) -> 30000 | F66: =_xlfn.LET(_xlpm.x,IFERROR(_xlfn.XLOOKUP(MAX(30,$B$52*$B$58),$E$120:$E$124,$E$120:$E$124,"",1),""),IF(_xlpm.x="","Exceeds consumer tank list",_xlpm.x)) -> 30 | G66: =IF(AND(ISNUMBER(I66),F66>0),I66/(0.0834*F66),NA()) -> 3.3813726 | H66: %/hr | I66: =_xlfn.LET(_xlpm.re,$C$3,_xlpm.vr,F66,_xlpm.qin,E66,_xlpm.uef,IF(_xlpm.vr<=55,0.692-0.0013*_xlpm.vr,0.8072-0.0003*_xlpm.vr),_xlpm.qload,$B$134*$B$138*$B$139*($B$135-$B$136),_xlpm.dT,$B$135-$B$137,((_xlpm.re/_xlpm.uef)-1)/(_xlpm.dT*(24/_xlpm.qload)-_xlpm.dT/(_xlpm.qin*_xlpm.uef))) -> 8.4601943 | J66: Btu/h·°F
A67: CZ06 | B67: 56.8 | C67: =$B$52*($B$55-B67)*$B$57 -> 466.63066 | D67: =C67*$B$56 -> 279.9784 | E67: =_xlfn.LET(_xlpm.x,IFERROR(_xlfn.XLOOKUP(D67/$C$3,$A$120:$A$128,$A$120:$A$128,"",1),""),IF(_xlpm.x="","Exceeds consumer input list",_xlpm.x)) -> 30000 | F67: =_xlfn.LET(_xlpm.x,IFERROR(_xlfn.XLOOKUP(MAX(30,$B$52*$B$58),$E$120:$E$124,$E$120:$E$124,"",1),""),IF(_xlpm.x="","Exceeds consumer tank list",_xlpm.x)) -> 30 | G67: =IF(AND(ISNUMBER(I67),F67>0),I67/(0.0834*F67),NA()) -> 3.3813726 | H67: %/hr | I67: =_xlfn.LET(_xlpm.re,$C$3,_xlpm.vr,F67,_xlpm.qin,E67,_xlpm.uef,IF(_xlpm.vr<=55,0.692-0.0013*_xlpm.vr,0.8072-0.0003*_xlpm.vr),_xlpm.qload,$B$134*$B$138*$B$139*($B$135-$B$136),_xlpm.dT,$B$135-$B$137,((_xlpm.re/_xlpm.uef)-1)/(_xlpm.dT*(24/_xlpm.qload)-_xlpm.dT/(_xlpm.qin*_xlpm.uef))) -> 8.4601943 | J67: Btu/h·°F
A68: CZ07 | B68: 58.4 | C68: =$B$52*($B$55-B68)*$B$57 -> 457.08323 | D68: =C68*$B$56 -> 274.24994 | E68: =_xlfn.LET(_xlpm.x,IFERROR(_xlfn.XLOOKUP(D68/$C$3,$A$120:$A$128,$A$120:$A$128,"",1),""),IF(_xlpm.x="","Exceeds consumer input list",_xlpm.x)) -> 30000 | F68: =_xlfn.LET(_xlpm.x,IFERROR(_xlfn.XLOOKUP(MAX(30,$B$52*$B$58),$E$120:$E$124,$E$120:$E$124,"",1),""),IF(_xlpm.x="","Exceeds consumer tank list",_xlpm.x)) -> 30 | G68: =IF(AND(ISNUMBER(I68),F68>0),I68/(0.0834*F68),NA()) -> 3.3813726 | H68: %/hr | I68: =_xlfn.LET(_xlpm.re,$C$3,_xlpm.vr,F68,_xlpm.qin,E68,_xlpm.uef,IF(_xlpm.vr<=55,0.692-0.0013*_xlpm.vr,0.8072-0.0003*_xlpm.vr),_xlpm.qload,$B$134*$B$138*$B$139*($B$135-$B$136),_xlpm.dT,$B$135-$B$137,((_xlpm.re/_xlpm.uef)-1)/(_xlpm.dT*(24/_xlpm.qload)-_xlpm.dT/(_xlpm.qin*_xlpm.uef))) -> 8.4601943 | J68: Btu/h·°F
A69: CZ08 | B69: 58.4 | C69: =$B$52*($B$55-B69)*$B$57 -> 457.08323 | D69: =C69*$B$56 -> 274.24994 | E69: =_xlfn.LET(_xlpm.x,IFERROR(_xlfn.XLOOKUP(D69/$C$3,$A$120:$A$128,$A$120:$A$128,"",1),""),IF(_xlpm.x="","Exceeds consumer input list",_xlpm.x)) -> 30000 | F69: =_xlfn.LET(_xlpm.x,IFERROR(_xlfn.XLOOKUP(MAX(30,$B$52*$B$58),$E$120:$E$124,$E$120:$E$124,"",1),""),IF(_xlpm.x="","Exceeds consumer tank list",_xlpm.x)) -> 30 | G69: =IF(AND(ISNUMBER(I69),F69>0),I69/(0.0834*F69),NA()) -> 3.3813726 | H69: %/hr | I69: =_xlfn.LET(_xlpm.re,$C$3,_xlpm.vr,F69,_xlpm.qin,E69,_xlpm.uef,IF(_xlpm.vr<=55,0.692-0.0013*_xlpm.vr,0.8072-0.0003*_xlpm.vr),_xlpm.qload,$B$134*$B$138*$B$139*($B$135-$B$136),_xlpm.dT,$B$135-$B$137,((_xlpm.re/_xlpm.uef)-1)/(_xlpm.dT*(24/_xlpm.qload)-_xlpm.dT/(_xlpm.qin*_xlpm.uef))) -> 8.4601943 | J69: Btu/h·°F
A70: CZ09 | B70: 57.6 | C70: =$B$52*($B$55-B70)*$B$57 -> 461.85695 | D70: =C70*$B$56 -> 277.11417 | E70: =_xlfn.LET(_xlpm.x,IFERROR(_xlfn.XLOOKUP(D70/$C$3,$A$120:$A$128,$A$120:$A$128,"",1),""),IF(_xlpm.x="","Exceeds consumer input list",_xlpm.x)) -> 30000 | F70: =_xlfn.LET(_xlpm.x,IFERROR(_xlfn.XLOOKUP(MAX(30,$B$52*$B$58),$E$120:$E$124,$E$120:$E$124,"",1),""),IF(_xlpm.x="","Exceeds consumer tank list",_xlpm.x)) -> 30 | G70: =IF(AND(ISNUMBER(I70),F70>0),I70/(0.0834*F70),NA()) -> 3.3813726 | H70: %/hr | I70: =_xlfn.LET(_xlpm.re,$C$3,_xlpm.vr,F70,_xlpm.qin,E70,_xlpm.uef,IF(_xlpm.vr<=55,0.692-0.0013*_xlpm.vr,0.8072-0.0003*_xlpm.vr),_xlpm.qload,$B$134*$B$138*$B$139*($B$135-$B$136),_xlpm.dT,$B$135-$B$137,((_xlpm.re/_xlpm.uef)-1)/(_xlpm.dT*(24/_xlpm.qload)-_xlpm.dT/(_xlpm.qin*_xlpm.uef))) -> 8.4601943 | J70: Btu/h·°F
A71: CZ10 | B71: 57.1 | C71: =$B$52*($B$55-B71)*$B$57 -> 464.84052 | D71: =C71*$B$56 -> 278.90431 | E71: =_xlfn.LET(_xlpm.x,IFERROR(_xlfn.XLOOKUP(D71/$C$3,$A$120:$A$128,$A$120:$A$128,"",1),""),IF(_xlpm.x="","Exceeds consumer input list",_xlpm.x)) -> 30000 | F71: =_xlfn.LET(_xlpm.x,IFERROR(_xlfn.XLOOKUP(MAX(30,$B$52*$B$58),$E$120:$E$124,$E$120:$E$124,"",1),""),IF(_xlpm.x="","Exceeds consumer tank list",_xlpm.x)) -> 30 | G71: =IF(AND(ISNUMBER(I71),F71>0),I71/(0.0834*F71),NA()) -> 3.3813726 | H71: %/hr | I71: =_xlfn.LET(_xlpm.re,$C$3,_xlpm.vr,F71,_xlpm.qin,E71,_xlpm.uef,IF(_xlpm.vr<=55,0.692-0.0013*_xlpm.vr,0.8072-0.0003*_xlpm.vr),_xlpm.qload,$B$134*$B$138*$B$139*($B$135-$B$136),_xlpm.dT,$B$135-$B$137,((_xlpm.re/_xlpm.uef)-1)/(_xlpm.dT*(24/_xlpm.qload)-_xlpm.dT/(_xlpm.qin*_xlpm.uef))) -> 8.4601943 | J71: Btu/h·°F
A72: CZ11 | B72: 50.5 | C72: =$B$52*($B$55-B72)*$B$57 -> 504.22367 | D72: =C72*$B$56 -> 302.5342 | E72: =_xlfn.LET(_xlpm.x,IFERROR(_xlfn.XLOOKUP(D72/$C$3,$A$120:$A$128,$A$120:$A$128,"",1),""),IF(_xlpm.x="","Exceeds consumer input list",_xlpm.x)) -> 30000 | F72: =_xlfn.LET(_xlpm.x,IFERROR(_xlfn.XLOOKUP(MAX(30,$B$52*$B$58),$E$120:$E$124,$E$120:$E$124,"",1),""),IF(_xlpm.x="","Exceeds consumer tank list",_xlpm.x)) -> 30 | G72: =IF(AND(ISNUMBER(I72),F72>0),I72/(0.0834*F72),NA()) -> 3.3813726 | H72: %/hr | I72: =_xlfn.LET(_xlpm.re,$C$3,_xlpm.vr,F72,_xlpm.qin,E72,_xlpm.uef,IF(_xlpm.vr<=55,0.692-0.0013*_xlpm.vr,0.8072-0.0003*_xlpm.vr),_xlpm.qload,$B$134*$B$138*$B$139*($B$135-$B$136),_xlpm.dT,$B$135-$B$137,((_xlpm.re/_xlpm.uef)-1)/(_xlpm.dT*(24/_xlpm.qload)-_xlpm.dT/(_xlpm.qin*_xlpm.uef))) -> 8.4601943 | J72: Btu/h·°F
A73: CZ12 | B73: 51.4 | C73: =$B$52*($B$55-B73)*$B$57 -> 498.85324 | D73: =C73*$B$56 -> 299.31194 | E73: =_xlfn.LET(_xlpm.x,IFERROR(_xlfn.XLOOKUP(D73/$C$3,$A$120:$A$128,$A$120:$A$128,"",1),""),IF(_xlpm.x="","Exceeds consumer input list",_xlpm.x)) -> 30000 | F73: =_xlfn.LET(_xlpm.x,IFERROR(_xlfn.XLOOKUP(MAX(30,$B$52*$B$58),$E$120:$E$124,$E$120:$E$124,"",1),""),IF(_xlpm.x="","Exceeds consumer tank list",_xlpm.x)) -> 30 | G73: =IF(AND(ISNUMBER(I73),F73>0),I73/(0.0834*F73),NA()) -> 3.3813726 | H73: %/hr | I73: =_xlfn.LET(_xlpm.re,$C$3,_xlpm.vr,F73,_xlpm.qin,E73,_xlpm.uef,IF(_xlpm.vr<=55,0.692-0.0013*_xlpm.vr,0.8072-0.0003*_xlpm.vr),_xlpm.qload,$B$134*$B$138*$B$139*($B$135-$B$136),_xlpm.dT,$B$135-$B$137,((_xlpm.re/_xlpm.uef)-1)/(_xlpm.dT*(24/_xlpm.qload)-_xlpm.dT/(_xlpm.qin*_xlpm.uef))) -> 8.4601943 | J73: Btu/h·°F
A74: CZ13 | B74: 51.7 | C74: =$B$52*($B$55-B74)*$B$57 -> 497.0631 | D74: =C74*$B$56 -> 298.23786 | E74: =_xlfn.LET(_xlpm.x,IFERROR(_xlfn.XLOOKUP(D74/$C$3,$A$120:$A$128,$A$120:$A$128,"",1),""),IF(_xlpm.x="","Exceeds consumer input list",_xlpm.x)) -> 30000 | F74: =_xlfn.LET(_xlpm.x,IFERROR(_xlfn.XLOOKUP(MAX(30,$B$52*$B$58),$E$120:$E$124,$E$120:$E$124,"",1),""),IF(_xlpm.x="","Exceeds consumer tank list",_xlpm.x)) -> 30 | G74: =IF(AND(ISNUMBER(I74),F74>0),I74/(0.0834*F74),NA()) -> 3.3813726 | H74: %/hr | I74: =_xlfn.LET(_xlpm.re,$C$3,_xlpm.vr,F74,_xlpm.qin,E74,_xlpm.uef,IF(_xlpm.vr<=55,0.692-0.0013*_xlpm.vr,0.8072-0.0003*_xlpm.vr),_xlpm.qload,$B$134*$B$138*$B$139*($B$135-$B$136),_xlpm.dT,$B$135-$B$137,((_xlpm.re/_xlpm.uef)-1)/(_xlpm.dT*(24/_xlpm.qload)-_xlpm.dT/(_xlpm.qin*_xlpm.uef))) -> 8.4601943 | J74: Btu/h·°F
... A77: CZ16 | B77: 41.4 | C77: =$B$52*($B$55-B77)*$B$57 -> 558.52468 | D77: =C77*$B$56 -> 335.11481 | E77: =_xlfn.LET(_xlpm.x,IFERROR(_xlfn.XLOOKUP(D77/$C$3,$A$120:$A$128,$A$120:$A$128,"",1),""),IF(_xlpm.x="","Exceeds consumer input list",_xlpm.x)) -> 30000 | F77: =_xlfn.LET(_xlpm.x,IFERROR(_xlfn.XLOOKUP(MAX(30,$B$52*$B$58),$E$120:$E$124,$E$120:$E$124,"",1),""),IF(_xlpm.x="","Exceeds consumer tank list",_xlpm.x)) -> 30 | G77: =IF(AND(ISNUMBER(I77),F77>0),I77/(0.0834*F77),NA()) -> 3.3813726 | H77: %/hr | I77: =_xlfn.LET(_xlpm.re,$C$3,_xlpm.vr,F77,_xlpm.qin,E77,_xlpm.uef,IF(_xlpm.vr<=55,0.692-0.0013*_xlpm.vr,0.8072-0.0003*_xlpm.vr),_xlpm.qload,$B$134*$B$138*$B$139*($B$135-$B$136),_xlpm.dT,$B$135-$B$137,((_xlpm.re/_xlpm.uef)-1)/(_xlpm.dT*(24/_xlpm.qload)-_xlpm.dT/(_xlpm.qin*_xlpm.uef))) -> 8.4601943 | J77: Btu/h·°F
A79: Climate Zone Water Heater Sizing — New Construction in-unit consumer instantaneous (per dwelling)
A80: Climate Zone | B80: Minimum Monthly Mains Temp (°F) [T24 2022 - Appendix 5.4B] | C80: Heat Output (Btu/hr) [ACM, 2025, 5.9.2: Rated capacity section] | D80: WH Capacity (Btu/hr) [ACM, 2025, 5.9.2: Rated capacity section] | E80: Required Energy Input (Btu/hr) | F80: Storage Volume (gal) | G80: Standby Loss (%/hr) [No storage tank. Not Title 20 Table F-4] | I80: Off/On Cycle Loss Coefficient to Ambient Temp | K80: Source/Note
A81: CZ01 | B81: 47.9 | C81: =$B$52*($B$55-B81)*$B$57 -> 519.73824 | D81: =C81*$B$56 -> 311.84295 | E81: =$C$120 -> 200000 | F81: =$G$120 -> 0 | G81: =0 -> 0 | H81: %/hr | I81: =0 -> 0 | J81: Btu/h·°F | K81: ACM §6.11.2 consumer instantaneous: no storage tank, so standby loss is 0 %/hr and tank UA is 0. Percent-per-hour is not calculated here (dividing by 0 gal is what showed #N/A). Put 0 in both EnergyPlus Off-Cycle and On-Cycle {W/K} fields. UEF 0.81 is in C4.
A82: CZ02 | B82: 50.8 | C82: =$B$52*($B$55-B82)*$B$57 -> 502.43352 | D82: =C82*$B$56 -> 301.46011 | E82: =$C$120 -> 200000 | F82: =$G$120 -> 0 | G82: =0 -> 0 | H82: %/hr | I82: =0 -> 0 | J82: Btu/h·°F
A83: CZ03 | B83: 52.2 | C83: =$B$52*($B$55-B83)*$B$57 -> 494.07952 | D83: =C83*$B$56 -> 296.44771 | E83: =$C$120 -> 200000 | F83: =$G$120 -> 0 | G83: =0 -> 0 | H83: %/hr | I83: =0 -> 0 | J83: Btu/h·°F
A84: CZ04 | B84: 52.7 | C84: =$B$52*($B$55-B84)*$B$57 -> 491.09595 | D84: =C84*$B$56 -> 294.65757 | E84: =$C$120 -> 200000 | F84: =$G$120 -> 0 | G84: =0 -> 0 | H84: %/hr | I84: =0 -> 0 | J84: Btu/h·°F
A85: CZ05 | B85: 51.6 | C85: =$B$52*($B$55-B85)*$B$57 -> 497.65981 | D85: =C85*$B$56 -> 298.59589 | E85: =$C$120 -> 200000 | F85: =$G$120 -> 0 | G85: =0 -> 0 | H85: %/hr | I85: =0 -> 0 | J85: Btu/h·°F
A86: CZ06 | B86: 56.8 | C86: =$B$52*($B$55-B86)*$B$57 -> 466.63066 | D86: =C86*$B$56 -> 279.9784 | E86: =$C$120 -> 200000 | F86: =$G$120 -> 0 | G86: =0 -> 0 | H86: %/hr | I86: =0 -> 0 | J86: Btu/h·°F
A87: CZ07 | B87: 58.4 | C87: =$B$52*($B$55-B87)*$B$57 -> 457.08323 | D87: =C87*$B$56 -> 274.24994 | E87: =$C$120 -> 200000 | F87: =$G$120 -> 0 | G87: =0 -> 0 | H87: %/hr | I87: =0 -> 0 | J87: Btu/h·°F
A88: CZ08 | B88: 58.4 | C88: =$B$52*($B$55-B88)*$B$57 -> 457.08323 | D88: =C88*$B$56 -> 274.24994 | E88: =$C$120 -> 200000 | F88: =$G$120 -> 0 | G88: =0 -> 0 | H88: %/hr | I88: =0 -> 0 | J88: Btu/h·°F
A89: CZ09 | B89: 57.6 | C89: =$B$52*($B$55-B89)*$B$57 -> 461.85695 | D89: =C89*$B$56 -> 277.11417 | E89: =$C$120 -> 200000 | F89: =$G$120 -> 0 | G89: =0 -> 0 | H89: %/hr | I89: =0 -> 0 | J89: Btu/h·°F
A90: CZ10 | B90: 57.1 | C90: =$B$52*($B$55-B90)*$B$57 -> 464.84052 | D90: =C90*$B$56 -> 278.90431 | E90: =$C$120 -> 200000 | F90: =$G$120 -> 0 | G90: =0 -> 0 | H90: %/hr | I90: =0 -> 0 | J90: Btu/h·°F
A91: CZ11 | B91: 50.5 | C91: =$B$52*($B$55-B91)*$B$57 -> 504.22367 | D91: =C91*$B$56 -> 302.5342 | E91: =$C$120 -> 200000 | F91: =$G$120 -> 0 | G91: =0 -> 0 | H91: %/hr | I91: =0 -> 0 | J91: Btu/h·°F
A92: CZ12 | B92: 51.4 | C92: =$B$52*($B$55-B92)*$B$57 -> 498.85324 | D92: =C92*$B$56 -> 299.31194 | E92: =$C$120 -> 200000 | F92: =$G$120 -> 0 | G92: =0 -> 0 | H92: %/hr | I92: =0 -> 0 | J92: Btu/h·°F
A93: CZ13 | B93: 51.7 | C93: =$B$52*($B$55-B93)*$B$57 -> 497.0631 | D93: =C93*$B$56 -> 298.23786 | E93: =$C$120 -> 200000 | F93: =$G$120 -> 0 | G93: =0 -> 0 | H93: %/hr | I93: =0 -> 0 | J93: Btu/h·°F
... A96: CZ16 | B96: 41.4 | C96: =$B$52*($B$55-B96)*$B$57 -> 558.52468 | D96: =C96*$B$56 -> 335.11481 | E96: =$C$120 -> 200000 | F96: =$G$120 -> 0 | G96: =0 -> 0 | H96: %/hr | I96: =0 -> 0 | J96: Btu/h·°F
A98: Climate Zone Water Heater Sizing and Loss Coefficients — Common / retail commercial plant
A99: Climate Zone | B99: Minimum Monthly Mains Temp (°F) [T24 2022 - Appendix 5.4B] | C99: Heat Output (Btu/hr) [ACM, 2025, 5.9.2: Rated capacity section] | D99: WH Capacity (Btu/hr) [ACM, 2025, 5.9.2: Rated capacity section] | E99: Required Energy Input (Btu/hr) | F99: Storage Volume (gal) | G99: Standby Loss [Title 20, §1605.1 Table F-4; Appendix B: Water Heating Calculation Method] | I99: Off/On Cycle Loss Coefficient to Ambient Temp | K99: Source/Note
A100: CZ01 | B100: 47.9 | C100: =$F$49*($B$55-B100)*$B$57 -> 54139.4 | D100: =C100*$B$56 -> 32483.64 | E100: =_xlfn.LET(_xlpm.x,IFERROR(_xlfn.XLOOKUP(D100/$C$3,$I$120:$I$129,$I$120:$I$129,"",1),""),IF(_xlpm.x="","Exceeds commercial input list",_xlpm.x)) -> 60000 | F100: =_xlfn.LET(_xlpm.x,IFERROR(_xlfn.XLOOKUP(MAX(30,$F$49*$B$58),$K$120:$K$124,$K$120:$K$124,"",1),""),IF(_xlpm.x="","Exceeds commercial tank list",_xlpm.x)) -> 80 | G100: =(E100/800)+110*SQRT(F100) -> 1058.8699 | H100: Btu/hr | I100: =G100/70 -> 15.126713 | J100: Btu/h·°F | K100: Same as OfficeSmall gas: G is Title 20 Table F-4 SL (Btu/h); I = G/70 (Btu/h·°F); J is the unit. EnergyPlus {W/K} = I×0.527527.
A101: CZ02 | B101: 50.8 | C101: =$F$49*($B$55-B101)*$B$57 -> 52336.825 | D101: =C101*$B$56 -> 31402.095 | E101: =_xlfn.LET(_xlpm.x,IFERROR(_xlfn.XLOOKUP(D101/$C$3,$I$120:$I$129,$I$120:$I$129,"",1),""),IF(_xlpm.x="","Exceeds commercial input list",_xlpm.x)) -> 60000 | F101: =_xlfn.LET(_xlpm.x,IFERROR(_xlfn.XLOOKUP(MAX(30,$F$49*$B$58),$K$120:$K$124,$K$120:$K$124,"",1),""),IF(_xlpm.x="","Exceeds commercial tank list",_xlpm.x)) -> 80 | G101: =(E101/800)+110*SQRT(F101) -> 1058.8699 | H101: Btu/hr | I101: =G101/70 -> 15.126713 | J101: Btu/h·°F
A102: CZ03 | B102: 52.2 | C102: =$F$49*($B$55-B102)*$B$57 -> 51466.617 | D102: =C102*$B$56 -> 30879.97 | E102: =_xlfn.LET(_xlpm.x,IFERROR(_xlfn.XLOOKUP(D102/$C$3,$I$120:$I$129,$I$120:$I$129,"",1),""),IF(_xlpm.x="","Exceeds commercial input list",_xlpm.x)) -> 60000 | F102: =_xlfn.LET(_xlpm.x,IFERROR(_xlfn.XLOOKUP(MAX(30,$F$49*$B$58),$K$120:$K$124,$K$120:$K$124,"",1),""),IF(_xlpm.x="","Exceeds commercial tank list",_xlpm.x)) -> 80 | G102: =(E102/800)+110*SQRT(F102) -> 1058.8699 | H102: Btu/hr | I102: =G102/70 -> 15.126713 | J102: Btu/h·°F
A103: CZ04 | B103: 52.7 | C103: =$F$49*($B$55-B103)*$B$57 -> 51155.828 | D103: =C103*$B$56 -> 30693.497 | E103: =_xlfn.LET(_xlpm.x,IFERROR(_xlfn.XLOOKUP(D103/$C$3,$I$120:$I$129,$I$120:$I$129,"",1),""),IF(_xlpm.x="","Exceeds commercial input list",_xlpm.x)) -> 60000 | F103: =_xlfn.LET(_xlpm.x,IFERROR(_xlfn.XLOOKUP(MAX(30,$F$49*$B$58),$K$120:$K$124,$K$120:$K$124,"",1),""),IF(_xlpm.x="","Exceeds commercial tank list",_xlpm.x)) -> 80 | G103: =(E103/800)+110*SQRT(F103) -> 1058.8699 | H103: Btu/hr | I103: =G103/70 -> 15.126713 | J103: Btu/h·°F
A104: CZ05 | B104: 51.6 | C104: =$F$49*($B$55-B104)*$B$57 -> 51839.563 | D104: =C104*$B$56 -> 31103.738 | E104: =_xlfn.LET(_xlpm.x,IFERROR(_xlfn.XLOOKUP(D104/$C$3,$I$120:$I$129,$I$120:$I$129,"",1),""),IF(_xlpm.x="","Exceeds commercial input list",_xlpm.x)) -> 60000 | F104: =_xlfn.LET(_xlpm.x,IFERROR(_xlfn.XLOOKUP(MAX(30,$F$49*$B$58),$K$120:$K$124,$K$120:$K$124,"",1),""),IF(_xlpm.x="","Exceeds commercial tank list",_xlpm.x)) -> 80 | G104: =(E104/800)+110*SQRT(F104) -> 1058.8699 | H104: Btu/hr | I104: =G104/70 -> 15.126713 | J104: Btu/h·°F
A105: CZ06 | B105: 56.8 | C105: =$F$49*($B$55-B105)*$B$57 -> 48607.36 | D105: =C105*$B$56 -> 29164.416 | E105: =_xlfn.LET(_xlpm.x,IFERROR(_xlfn.XLOOKUP(D105/$C$3,$I$120:$I$129,$I$120:$I$129,"",1),""),IF(_xlpm.x="","Exceeds commercial input list",_xlpm.x)) -> 60000 | F105: =_xlfn.LET(_xlpm.x,IFERROR(_xlfn.XLOOKUP(MAX(30,$F$49*$B$58),$K$120:$K$124,$K$120:$K$124,"",1),""),IF(_xlpm.x="","Exceeds commercial tank list",_xlpm.x)) -> 80 | G105: =(E105/800)+110*SQRT(F105) -> 1058.8699 | H105: Btu/hr | I105: =G105/70 -> 15.126713 | J105: Btu/h·°F
A106: CZ07 | B106: 58.4 | C106: =$F$49*($B$55-B106)*$B$57 -> 47612.836 | D106: =C106*$B$56 -> 28567.702 | E106: =_xlfn.LET(_xlpm.x,IFERROR(_xlfn.XLOOKUP(D106/$C$3,$I$120:$I$129,$I$120:$I$129,"",1),""),IF(_xlpm.x="","Exceeds commercial input list",_xlpm.x)) -> 60000 | F106: =_xlfn.LET(_xlpm.x,IFERROR(_xlfn.XLOOKUP(MAX(30,$F$49*$B$58),$K$120:$K$124,$K$120:$K$124,"",1),""),IF(_xlpm.x="","Exceeds commercial tank list",_xlpm.x)) -> 80 | G106: =(E106/800)+110*SQRT(F106) -> 1058.8699 | H106: Btu/hr | I106: =G106/70 -> 15.126713 | J106: Btu/h·°F
A107: CZ08 | B107: 58.4 | C107: =$F$49*($B$55-B107)*$B$57 -> 47612.836 | D107: =C107*$B$56 -> 28567.702 | E107: =_xlfn.LET(_xlpm.x,IFERROR(_xlfn.XLOOKUP(D107/$C$3,$I$120:$I$129,$I$120:$I$129,"",1),""),IF(_xlpm.x="","Exceeds commercial input list",_xlpm.x)) -> 60000 | F107: =_xlfn.LET(_xlpm.x,IFERROR(_xlfn.XLOOKUP(MAX(30,$F$49*$B$58),$K$120:$K$124,$K$120:$K$124,"",1),""),IF(_xlpm.x="","Exceeds commercial tank list",_xlpm.x)) -> 80 | G107: =(E107/800)+110*SQRT(F107) -> 1058.8699 | H107: Btu/hr | I107: =G107/70 -> 15.126713 | J107: Btu/h·°F
A108: CZ09 | B108: 57.6 | C108: =$F$49*($B$55-B108)*$B$57 -> 48110.098 | D108: =C108*$B$56 -> 28866.059 | E108: =_xlfn.LET(_xlpm.x,IFERROR(_xlfn.XLOOKUP(D108/$C$3,$I$120:$I$129,$I$120:$I$129,"",1),""),IF(_xlpm.x="","Exceeds commercial input list",_xlpm.x)) -> 60000 | F108: =_xlfn.LET(_xlpm.x,IFERROR(_xlfn.XLOOKUP(MAX(30,$F$49*$B$58),$K$120:$K$124,$K$120:$K$124,"",1),""),IF(_xlpm.x="","Exceeds commercial tank list",_xlpm.x)) -> 80 | G108: =(E108/800)+110*SQRT(F108) -> 1058.8699 | H108: Btu/hr | I108: =G108/70 -> 15.126713 | J108: Btu/h·°F
A109: CZ10 | B109: 57.1 | C109: =$F$49*($B$55-B109)*$B$57 -> 48420.887 | D109: =C109*$B$56 -> 29052.532 | E109: =_xlfn.LET(_xlpm.x,IFERROR(_xlfn.XLOOKUP(D109/$C$3,$I$120:$I$129,$I$120:$I$129,"",1),""),IF(_xlpm.x="","Exceeds commercial input list",_xlpm.x)) -> 60000 | F109: =_xlfn.LET(_xlpm.x,IFERROR(_xlfn.XLOOKUP(MAX(30,$F$49*$B$58),$K$120:$K$124,$K$120:$K$124,"",1),""),IF(_xlpm.x="","Exceeds commercial tank list",_xlpm.x)) -> 80 | G109: =(E109/800)+110*SQRT(F109) -> 1058.8699 | H109: Btu/hr | I109: =G109/70 -> 15.126713 | J109: Btu/h·°F
A110: CZ11 | B110: 50.5 | C110: =$F$49*($B$55-B110)*$B$57 -> 52523.299 | D110: =C110*$B$56 -> 31513.979 | E110: =_xlfn.LET(_xlpm.x,IFERROR(_xlfn.XLOOKUP(D110/$C$3,$I$120:$I$129,$I$120:$I$129,"",1),""),IF(_xlpm.x="","Exceeds commercial input list",_xlpm.x)) -> 60000 | F110: =_xlfn.LET(_xlpm.x,IFERROR(_xlfn.XLOOKUP(MAX(30,$F$49*$B$58),$K$120:$K$124,$K$120:$K$124,"",1),""),IF(_xlpm.x="","Exceeds commercial tank list",_xlpm.x)) -> 80 | G110: =(E110/800)+110*SQRT(F110) -> 1058.8699 | H110: Btu/hr | I110: =G110/70 -> 15.126713 | J110: Btu/h·°F
A111: CZ12 | B111: 51.4 | C111: =$F$49*($B$55-B111)*$B$57 -> 51963.879 | D111: =C111*$B$56 -> 31178.327 | E111: =_xlfn.LET(_xlpm.x,IFERROR(_xlfn.XLOOKUP(D111/$C$3,$I$120:$I$129,$I$120:$I$129,"",1),""),IF(_xlpm.x="","Exceeds commercial input list",_xlpm.x)) -> 60000 | F111: =_xlfn.LET(_xlpm.x,IFERROR(_xlfn.XLOOKUP(MAX(30,$F$49*$B$58),$K$120:$K$124,$K$120:$K$124,"",1),""),IF(_xlpm.x="","Exceeds commercial tank list",_xlpm.x)) -> 80 | G111: =(E111/800)+110*SQRT(F111) -> 1058.8699 | H111: Btu/hr | I111: =G111/70 -> 15.126713 | J111: Btu/h·°F
A112: CZ13 | B112: 51.7 | C112: =$F$49*($B$55-B112)*$B$57 -> 51777.406 | D112: =C112*$B$56 -> 31066.443 | E112: =_xlfn.LET(_xlpm.x,IFERROR(_xlfn.XLOOKUP(D112/$C$3,$I$120:$I$129,$I$120:$I$129,"",1),""),IF(_xlpm.x="","Exceeds commercial input list",_xlpm.x)) -> 60000 | F112: =_xlfn.LET(_xlpm.x,IFERROR(_xlfn.XLOOKUP(MAX(30,$F$49*$B$58),$K$120:$K$124,$K$120:$K$124,"",1),""),IF(_xlpm.x="","Exceeds commercial tank list",_xlpm.x)) -> 80 | G112: =(E112/800)+110*SQRT(F112) -> 1058.8699 | H112: Btu/hr | I112: =G112/70 -> 15.126713 | J112: Btu/h·°F
... A115: CZ16 | B115: 41.4 | C115: =$F$49*($B$55-B115)*$B$57 -> 58179.654 | D115: =C115*$B$56 -> 34907.792 | E115: =_xlfn.LET(_xlpm.x,IFERROR(_xlfn.XLOOKUP(D115/$C$3,$I$120:$I$129,$I$120:$I$129,"",1),""),IF(_xlpm.x="","Exceeds commercial input list",_xlpm.x)) -> 60000 | F115: =_xlfn.LET(_xlpm.x,IFERROR(_xlfn.XLOOKUP(MAX(30,$F$49*$B$58),$K$120:$K$124,$K$120:$K$124,"",1),""),IF(_xlpm.x="","Exceeds commercial tank list",_xlpm.x)) -> 80 | G115: =(E115/800)+110*SQRT(F115) -> 1058.8699 | H115: Btu/hr | I115: =G115/70 -> 15.126713 | J115: Btu/h·°F
A118: Market data
A119: Consumer gas input (Btu/h) | B119: Input source | C119: NC instantaneous (Btu/h) | D119: NC source | E119: Consumer gas tank (gal) | F119: Tank source | G119: NC tank (gal) | H119: NC tank source | I119: Commercial gas input (Btu/h) | J119: Comm. input source | K119: Commercial gas tank (gal) | L119: Comm. tank source
A120: 30000 | B120: Title 20 consumer (≤75 kBtu/h); ENERGY STAR/AHRI common ratings | C120: 200000 | D120: ACM §6.11.2 / 10 CFR 430.32 instantaneous high draw | E120: 30 | F120: Title 20 consumer storage ≥20 and ≤75 gal typical certified sizes | G120: 0 | H120: ACM §6.11.2 tank volume = 0 | I120: 60000 | J120: Grainger / ENERGY STAR Commercial (NR revised-tab catalog) | K120: 80 | L120: Grainger / ENERGY STAR Commercial
A121: 32000 | B121: Title 20 consumer (≤75 kBtu/h); ENERGY STAR/AHRI common ratings | E121: 40 | F121: Title 20 consumer storage ≥20 and ≤75 gal typical certified sizes | I121: 75000 | J121: Grainger / ENERGY STAR Commercial (NR revised-tab catalog) | K121: 100 | L121: Grainger / ENERGY STAR Commercial
A122: 34000 | B122: Title 20 consumer (≤75 kBtu/h); ENERGY STAR/AHRI common ratings | E122: 50 | F122: Title 20 consumer storage ≥20 and ≤75 gal typical certified sizes | I122: 100000 | J122: Grainger / ENERGY STAR Commercial (NR revised-tab catalog) | K122: 119 | L122: Grainger / ENERGY STAR Commercial
A123: 36000 | B123: Title 20 consumer (≤75 kBtu/h); ENERGY STAR/AHRI common ratings | E123: 60 | F123: Title 20 consumer storage ≥20 and ≤75 gal typical certified sizes | I123: 125000 | J123: Grainger / ENERGY STAR Commercial (NR revised-tab catalog) | K123: 120 | L123: Grainger / ENERGY STAR Commercial
A124: 38000 | B124: Title 20 consumer (≤75 kBtu/h); ENERGY STAR/AHRI common ratings | E124: 75 | F124: Title 20 consumer storage ≥20 and ≤75 gal typical certified sizes | I124: 150000 | J124: Grainger / ENERGY STAR Commercial (NR revised-tab catalog) | K124: 125 | L124: Grainger / ENERGY STAR Commercial
A125: 40000 | B125: Title 20 consumer (≤75 kBtu/h); ENERGY STAR/AHRI common ratings | I125: 199000 | J125: Grainger / ENERGY STAR Commercial (NR revised-tab catalog)
A126: 50000 | B126: Title 20 consumer (≤75 kBtu/h); ENERGY STAR/AHRI common ratings | I126: 250000 | J126: Grainger / ENERGY STAR Commercial (NR revised-tab catalog)
A127: 65000 | B127: Title 20 consumer (≤75 kBtu/h); ENERGY STAR/AHRI common ratings | I127: 300000 | J127: Grainger / ENERGY STAR Commercial (NR revised-tab catalog)
A128: 75000 | B128: Title 20 consumer (≤75 kBtu/h); ENERGY STAR/AHRI common ratings | I128: 399000 | J128: Grainger / ENERGY STAR Commercial (NR revised-tab catalog)
I129: 500000 | J129: Grainger / ENERGY STAR Commercial (NR revised-tab catalog)
A130: Residential lists exclude commercial boilers (>75 kBtu/h storage), 119 gal commercial HPWH, and the 75 gal/h plant floor. Commercial lists are only for the common/retail plant. E/F pick the next size at or above the ACM calculated value (XLOOKUP match_mode 1).
A133: UEF → UA inputs (Maguire & Roberts 2020 / OpenStudio-HPXML)
A134: UEF high-draw daily volume (gal) | B134: 84 | C134: 10 CFR 430 App E high-usage bin
A135: UEF tank setpoint (°F) | B135: 125 | C135: 10 CFR 430 App E / Maguire 2020
A136: UEF inlet temp (°F) | B136: 58 | C136: 10 CFR 430 App E / Maguire 2020
A137: UEF ambient temp (°F) | B137: 67.5 | C137: 10 CFR 430 App E / Maguire 2020
A138: Water density (lb/gal) | B138: 8.2938 | C138: OpenStudio-HPXML waterheater.rb
A139: Water cp (Btu/lb·°F) | B139: 1.0007 | C139: OpenStudio-HPXML waterheater.rb
A140: Btu/h·°F to W/K | B140: 0.527527 | C140: 1 Btu/h·°F = 0.527527 W/K
...

Sheet Interior Lights
A1: ="Interior Lighting - "&Prototype!A2 -> Interior Lighting - ApartmentMidRise
A2: Space Type | B2: New Construction | E2: Existing
B3: LPD (W/ft²) | C3: Additional LPD for Portable Lighting (W/ft²) | D3: Source | E3: LPD (W/ft²) | F3: Additional LPD for Portable Lighting (W/ft²) | G3: Source
A4: =Zones!A3 -> Convention, Conference, Multipurpose and Meeting Area | B4: 0.75 | C4: 0.25 | D4: T24, 2025, Table 170.2-M (Area category method). Retail merchandise: Table 140.6-C. Additional LPD (C): Table 140.6-C decorative/portable — meeting 0.25, office 0.20, lobby 0.25, retail decorative 0.35. Wall-display W/ft not used (no perimeter takeoff). | E4: 1.2 | F4: 0.2 | G4: T24, 2016, Table 140.6 C (Area category method) Additional LPD (F): 2016 Table 140.6-C footnote 7 decorative 0.20 W/ft² on meeting, office, lobby, and retail.
A5: =Zones!A4 -> Corridor Area | B5: 0.4 | C5: NA | E5: 0.6 | F5: NA
A6: =Zones!A5 -> Exercise/Fitness Center and Gymnasium Areas | B6: 0.5 | C6: NA | E6: 1 | F6: NA
A7: =Zones!A6 -> Office Area (>250 square feet) | B7: 0.6 | C7: 0.2 | E7: 0.75 | F7: 0.2
A8: =Zones!A7 -> Lobby, Main Entry | B8: 0.7 | C8: 0.25 | E8: 0.95 | F8: 0.2
A9: =Zones!A8 -> Electrical, Mechanical, Telephone Rooms | B9: 0.4 | C9: NA | E9: 0.55 | F9: NA
A10: =Zones!A9 -> Retail Sales Area (Retail Merchandise Sales) | B10: 0.95 | C10: 0.35 | E10: 1.2 | F10: 0.2
A11: =Zones!A23 -> Laundry Area | B11: 0.45 | C11: NA | E11: 0.7 | F11: NA
A12: =Zones!A39 -> Parking Garage Area (Parking Zone and Ramps) | B12: =(0.1*(Zones!J39-$B$16*$B$17)+1*$B$16*$B$17)/Zones!J39 -> 0.15109179 | C12: NA | E12: =(0.14*(Zones!J39-$B$16*$B$17)+0.6*$B$16*$B$17)/Zones!J39 -> 0.16611358 | F12: NA
A13: =Zones!A13 -> Residential Living Spaces | B13: 0.79 | C13: NA | D13: CEC 2025 Single-Family ACM Appendix E - Table 2 and 8 | E13: 0.79 | F13: NA | G13: CEC 2016 Single-Family ACM Section 2.2.12
A15: *Annual kWh=100+0.1775×CFA (ft²)(Eq. 1)
A16: Daylight-adaptation zone width (ft) | B16: 24
A17: Daylight-adaptation zone depth (ft) — Table 140.6-C / 170.2-M note 2 maximum | B17: 66
A18: Parking LPD is area-weighted with Zones J39: general parking + one two-way entry (24 ft) × 66 ft at daylight-adaptation LPD (NC 1.00 / 2016 0.60).

Sheet Equipment
A1: ="Equipment - "&Prototype!A2 -> Equipment - ApartmentMidRise
A2: Vintage | B2: Space Type | C2: Plug load Power Density (W/ft2) | D2: Source
A3: New Construction/Existing | B3: =Zones!A3 -> Convention, Conference, Multipurpose and Meeting Area | C3: 1 | D3: Plug load and schedules project with CEC, 2025 Retail Sales RecptPwrDens from T24 2025 Appendix 5.4A (1.0 W/ft²).
B4: =Zones!A4 -> Corridor Area | C4: 0
B5: =Zones!A5 -> Exercise/Fitness Center and Gymnasium Areas | C5: 0.5
B6: =Zones!A6 -> Office Area (>250 square feet) | C6: 1.5
B7: =Zones!A7 -> Lobby, Main Entry | C7: 0.5
B8: =Zones!A8 -> Electrical, Mechanical, Telephone Rooms | C8: 3
B9: =Zones!A9 -> Retail Sales Area (Retail Merchandise Sales) | C9: 1
B10: =Zones!A23 -> Laundry Area | C10: 3
B11: =Zones!A39 -> Parking Garage Area (Parking Zone and Ramps) | C11: 0
B12: =Zones!A34 -> Residential Living Spaces | C12: 0.5 | D12: Plug load and schedules project with CBECC-COM, 2019
A16: Elevator
A17: Vintage | B17: Class | C17: Number of elevators (ne) | D17: Cab Lighting Power Limit (W/ft2) | E17: Fan Power Limit (W/CFM) | F17: Cab Ventilation Fan & Lighting Shutoff | G17: Design Motor Load (W) | H17: Fan Load (W) | I17: Lighting Load (W) | J17: Total (W) | K17: Note
A18: Existing | B18: F/G | C18: 1 | D18: 1.14 | E18: 0.33 | F18: When stopped and unoccupied with doors closed for over 15 minutes, cab interior lighting and ventilation shall be de-energized until required for operation. | G18: =ROUND(INDEX($C:$C,MATCH("Annual energy consumption of the elevator - Existing",$B:$B,0))/INDEX($C:$C,MATCH("Equivalent full load hours",$B:$B,0))*1000,2) -> 9527.68 | H18: =ROUND(C18*INDEX($C:$C,MATCH("Cab fan airflow",$B:$B,0))*E18,2) -> 82.5 | I18: =ROUND(C18*INDEX($C:$C,MATCH("Cab floor area",$B:$B,0))*D18,2) -> 34.09 | J18: =ROUND(SUM(G18:I18),2) -> 9644.27 | K18: Design load is calculated according to ISO 25745-2 method using Class F/G. Cab lighting and fan requirements are based on ASHRAE 90.1 2013.
A19: New Construction | B19: E | C19: 1 | D19: 0.6 | E19: 0.33 | F19: When the elevator cab is stopped and unoccupied with doors closed for over 15 minutes, the cab interior lighting and ventilation fans shall be switched off until elevator cab operation resumes. | G19: =ROUND(INDEX($C:$C,MATCH("Annual energy consumption of the elevator - New Construction",$B:$B,0))/INDEX($C:$C,MATCH("Equivalent full load hours",$B:$B,0))*1000,2) -> 5259.96 | H19: =ROUND(C19*INDEX($C:$C,MATCH("Cab fan airflow",$B:$B,0))*E19,2) -> 82.5 | I19: =ROUND(C19*INDEX($C:$C,MATCH("Cab floor area",$B:$B,0))*D19,2) -> 17.94 | J19: =ROUND(SUM(G19:I19),2) -> 5360.4 | K19: Design load is calculated according to ISO 25745-2 method using Class E. Cab lighting and fan requirements are based on T24 2025 §120.6 (f).
A22: Mid-Rise Apartment Elevator Calculations
A23: Symbol | B23: Definition | C23: Value | D23: Units | E23: Source
A24: E | B24: Annual energy consumption of the elevator - Existing | C24: 19300.7 | D24: kWh/year | E24: Calculated
B25: Annual energy consumption of the elevator - New Construction | C25: 10655.36 | D25: kWh/year | E25: Calculated
A26: C1 | B26: Running-energy coefficient | C26: 3.65 for Class E; 5.47 for Class F | D26: Coefficient | E26: ISO 25745-2 Table 7
A27: C2 | B27: Idle/standby coefficient | C27: 800 for Class E; 1,600 for Class F | D27: Coefficient | E27: ISO 25745-2 Table 7
A28: Q | B28: Rated load of elevator | C28: 1361 | D28: kg | E28: Assumed for all prototypes
A29: Elevator Size | B29: Cab floor area | C29: 29.9 | D29: ft^2 | E29: W=6.781 ft, L=4.406 ft; assumed based on representative manufacturer
A30: CFM | B30: Cab fan airflow | C30: 250 | D30: cfm | E30: Assumed for multifamily and commercial prototypes
A31: cat | B31: Usage category | C31: 3 | D31: - | E31: ISO 25745-2 Table A.1
A32: d | B32: Operating days per year | C32: 360 | D32: days/year | E32: ISO 25745-2 Table A.1
A33: nf | B33: Number of floors | C33: 5 | D33: floors | E33: Prototype assumptions
A34: h | B34: Floor-to-floor height | C34: 3.05 | D34: m | E34: Prototype assumptions
A35: v | B35: Elevator lift speed | C35: 1.6 | D35: m/s | E35: ISO 25745-2 Table A.1
A36: nd | B36: Number of trips per day | C36: 300 | D36: trips/day | E36: ISO 25745-2 Table A.1
A37: S_pct | B37: Percent of average travel distance | C37: 0.49 | D37: % | E37: ISO 25745-2 Table 2
A38: a | B38: Acceleration | C38: 1 | D38: m/s^2 | E38: Annex B of ISO 25745-2
A39: j | B39: Jerk | C39: 1.25 | D39: m/s^3 | E39: Annex B of ISO 25745-2
... A45: Total light level | B45: Total light level | C45: 40 | D45: lm/ft2 | E45: PNNL Prototypes
A46: EFLH | B46: Equivalent full load hours | C46: =Schedules!AD94 -> 2025.75 | D46: hours | E46: Calculated using the elevator schedule

Sheet Ext Lighting
A1: ="Exterior Lighting - "&Prototype!A2 -> Exterior Lighting - ApartmentMidRise
A2: Motion Controlled Luminaires (W) | B2: Non-motion Controlled Luminaires (W) | C2: Total (W) | D2: Source
A3: =G16 -> 2259.9691 | B3: =G17 -> 1367.7096 | C3: =B3+A3 -> 3627.6788 | D3: T24, 2022 & 2025 2019 Outdoor Lighting CASE report PNNL 90.1-2010 TSD
A8: ="Exterior Lighting - "& Prototype!A2 -> Exterior Lighting - ApartmentMidRise
A9: Items (Assume LZ2) | B9: Assumptions [2019 Outdoor Lighting CASE Report & PNNL 90.1-2010 TSD] | D9: Unit | E9: Lighting Power Allowance [T24, 2025, Table 140.7-A & 140.7-B] | F9: Unit | G9: Exterior Lighting Power (W)
A10: IWA (Initial Wage Allowance) | E10: 200 | F10: (W) | G10: =$E10 -> 200
A11: Parking area | B11: 400 ft² for every parking space 1.5 parking space per living unit for residential 1 parking space per 360 ft² of gross building area | C11: =400*B25*1.5+B23/B24/360*400 -> 84136.391 | D11: (ft²) | E11: 0.019 | F11: (W/ft²) | G11: =$E11*C11 -> 1598.5914
A12: Building Entrance | B12: 5 building entrances: 1 residential lobby + 4 first-floor retail storefronts (Zones). Was 3 from 1 per 10,000 ft² footprint. | C12: 5 | D12: (count) | E12: 15 | F12: (W/ea) | G12: =E12*C12 -> 75
A13: Hardscape Ornamental Light | B13: 0.1 ft² per ft² of gross building area for hardscape ornamental light | C13: =B23*0.1 -> 14101.376 | D13: (ft²) | E13: 0.007 | F13: (W/ft²) | G13: =E13*C13 -> 98.709632
A14: Building façade | B14: 0.1 W per ft² of facade area Façade Area = Perimeter × 0.5 × 30 ft (30 ft is the max height that is lit) * The 0.5 factor assumes that only half of the perimeter walls are lit. -Formula ia developed based on the 2019 Outdoor Lighting CASE report | C14: =B22*0.5*30 -> 12690 | D14: (ft²) | E14: 0.1 | F14: (W/ft²) | G14: =E14*C14 -> 1269
A15: Non-sales canopy | B15: 0.1 ft² per ft² of one floor. LZ2 non-sales canopy 0.137 W/ft² (Table 140.7-B). Sales canopy would be 0.470 W/ft². | C15: =(B23/B24)*0.1 -> 2820.2752 | D15: (ft²) | E15: 0.137 | F15: (W/ft²) | G15: =E15*C15 -> 386.3777
A16: Motion controlled Luminaires | G16: =G11+G10+G15+G12 -> 2259.9691
A17: Non-motion-controlled Luminaires | G17: =G13+G14 -> 1367.7096
A18: Total | G18: =G16+G17 -> 3627.6788
A22: Perimeter (ft) | B22: =(180+155)*2+(88*2) -> 846
A23: Total floor area (ft²) | B23: =Zones!J40 -> 141013.76
A24: Floors (above floor) | B24: 5
A25: Number of dwelling units | B25: 88
A28: Background Data [To be deleted prior to publication]
A31: Existing Prototypes:
A32: Exterior lighting load (W)
A33: PNNL 90.1 2022, San Diego | B33: CPUC 2024
A34: 9571 | B34: No
A39: T24, part6, 2025, 130.2(c)3

Sheet PV
A1: ="PV - "&Prototype!A2 -> PV - ApartmentMidRise
A2: TBD

Sheet EV Charger
A1: ="EV Charger - "&Prototype!A2 -> EV Charger - ApartmentMidRise
A2: TBD
A11: Background Data [To be deleted prior to publication]

Sheet Data
A1: Space Function | B1: Electric Equipment Load Intensity | C1: Electric Equipment Load Intensity | D1: LPD
A2: Aging Eye/Low-vision (Corridor Area) | D2: 2013 | E2: 2016 | F2: 2019 | G2: 2025
A3: Aging Eye/Low-vision (Dining)
A4: Aging Eye/Low-vision (Lobby, Main Entry)
A5: Aging Eye/Low-vision (Lounge/Waiting Area)
A6: Aging Eye/Low-vision (Multipurpose Room)
A7: Aging Eye/Low-vision (Religious Worship Area)
A8: Aging Eye/Low-vision (Restroom)
A9: Aging Eye/Low-vision (Stairwell)
A10: Audience Seating Area
A11: Auditorium Area
A12: Auto Repair / Maintenance Area
A13: Barber, Beauty Salon, Spa Area
A14: Civic Meeting Place Area
... A83: Server Room (EPD 45)

Sheet Schedules
A1: ="Schedules - "&Prototype!A2 -> Schedules - ApartmentMidRise
A2: Zone | B2: Schedule Category | C2: Schedule | D2: Source | E2: Day | F2: Hour
F3: 1 | G3: 2 | H3: 3 | I3: 4 | J3: 5 | K3: 6 | L3: 7 | M3: 8 | N3: 9 | O3: 10 | P3: 11 | Q3: 12 | R3: 13 | S3: 14 | T3: 15 | U3: 16 | V3: 17 | W3: 18 | X3: 19 | Y3: 20 | Z3: 21 | AA3: 22 | AB3: 23 | AC3: 24
A4: Living Area | B4: ResidentialLiving | C4: Occupancy | D4: T24 2022 - Appendix 5.4B [ResidentialLiving] | E4: Weekday | F4: 0.9 | G4: 0.9 | H4: 0.9 | I4: 0.9 | J4: 0.9 | K4: 0.9 | L4: 0.7 | M4: 0.4 | N4: 0.4 | O4: 0.2 | P4: 0.2 | Q4: 0.2 | R4: 0.2 | S4: 0.2 | T4: 0.2 | U4: 0.3 | V4: 0.5 | W4: 0.5 | X4: 0.5 | Y4: 0.7 | Z4: 0.7 | AA4: 0.8 | AB4: 0.9 | AC4: 0.9
E5: Saturday | F5: 0.9 | G5: 0.9 | H5: 0.9 | I5: 0.9 | J5: 0.9 | K5: 0.9 | L5: 0.7 | M5: 0.4 | N5: 0.4 | O5: 0.2 | P5: 0.2 | Q5: 0.2 | R5: 0.2 | S5: 0.2 | T5: 0.2 | U5: 0.3 | V5: 0.5 | W5: 0.5 | X5: 0.5 | Y5: 0.7 | Z5: 0.7 | AA5: 0.8 | AB5: 0.9 | AC5: 0.9
E6: Sunday | F6: 0.9 | G6: 0.9 | H6: 0.9 | I6: 0.9 | J6: 0.9 | K6: 0.9 | L6: 0.7 | M6: 0.4 | N6: 0.4 | O6: 0.2 | P6: 0.2 | Q6: 0.2 | R6: 0.2 | S6: 0.2 | T6: 0.2 | U6: 0.3 | V6: 0.5 | W6: 0.5 | X6: 0.5 | Y6: 0.7 | Z6: 0.7 | AA6: 0.8 | AB6: 0.9 | AC6: 0.9
A7: Living Area | B7: =B4 -> ResidentialLiving | C7: Lights | D7: T24 2022 - Appendix 5.4B [ResidentialLiving] | E7: Weekday | F7: 0.1 | G7: 0.1 | H7: 0.1 | I7: 0.1 | J7: 0.1 | K7: 0.3 | L7: 0.45 | M7: 0.45 | N7: 0.45 | O7: 0.45 | P7: 0.3 | Q7: 0.3 | R7: 0.3 | S7: 0.3 | T7: 0.3 | U7: 0.3 | V7: 0.3 | W7: 0.3 | X7: 0.6 | Y7: 0.8 | Z7: 0.9 | AA7: 0.8 | AB7: 0.6 | AC7: 0.3
E8: Saturday | F8: 0.1 | G8: 0.1 | H8: 0.1 | I8: 0.1 | J8: 0.1 | K8: 0.3 | L8: 0.45 | M8: 0.45 | N8: 0.45 | O8: 0.45 | P8: 0.3 | Q8: 0.3 | R8: 0.3 | S8: 0.3 | T8: 0.3 | U8: 0.3 | V8: 0.3 | W8: 0.3 | X8: 0.6 | Y8: 0.8 | Z8: 0.9 | AA8: 0.8 | AB8: 0.6 | AC8: 0.3
E9: Sunday | F9: 0.1 | G9: 0.1 | H9: 0.1 | I9: 0.1 | J9: 0.1 | K9: 0.3 | L9: 0.45 | M9: 0.45 | N9: 0.45 | O9: 0.45 | P9: 0.3 | Q9: 0.3 | R9: 0.3 | S9: 0.3 | T9: 0.3 | U9: 0.3 | V9: 0.3 | W9: 0.3 | X9: 0.6 | Y9: 0.8 | Z9: 0.9 | AA9: 0.8 | AB9: 0.6 | AC9: 0.3
A10: Living Area | B10: =B4 -> ResidentialLiving | C10: ElecEquipment | D10: T24 2022 - Appendix 5.4B [ResidentialLiving] | E10: Weekday | F10: 0.1 | G10: 0.1 | H10: 0.1 | I10: 0.1 | J10: 0.1 | K10: 0.3 | L10: 0.45 | M10: 0.45 | N10: 0.45 | O10: 0.45 | P10: 0.3 | Q10: 0.3 | R10: 0.3 | S10: 0.3 | T10: 0.3 | U10: 0.3 | V10: 0.3 | W10: 0.3 | X10: 0.6 | Y10: 0.8 | Z10: 0.9 | AA10: 0.8 | AB10: 0.6 | AC10: 0.3
E11: Saturday | F11: 0.1 | G11: 0.1 | H11: 0.1 | I11: 0.1 | J11: 0.1 | K11: 0.3 | L11: 0.45 | M11: 0.45 | N11: 0.45 | O11: 0.45 | P11: 0.3 | Q11: 0.3 | R11: 0.3 | S11: 0.3 | T11: 0.3 | U11: 0.3 | V11: 0.3 | W11: 0.3 | X11: 0.6 | Y11: 0.8 | Z11: 0.9 | AA11: 0.8 | AB11: 0.6 | AC11: 0.3
E12: Sunday | F12: 0.1 | G12: 0.1 | H12: 0.1 | I12: 0.1 | J12: 0.1 | K12: 0.3 | L12: 0.45 | M12: 0.45 | N12: 0.45 | O12: 0.45 | P12: 0.3 | Q12: 0.3 | R12: 0.3 | S12: 0.3 | T12: 0.3 | U12: 0.3 | V12: 0.3 | W12: 0.3 | X12: 0.6 | Y12: 0.8 | Z12: 0.9 | AA12: 0.8 | AB12: 0.6 | AC12: 0.3
A13: Living Area | B13: =B4 -> ResidentialLiving | C13: HVACAvail | D13: T24 2022 - Appendix 5.4B [ResidentialLiving] | E13: Weekday | F13: 1 | G13: 1 | H13: 1 | I13: 1 | J13: 1 | K13: 1 | L13: 1 | M13: 1 | N13: 1 | O13: 1 | P13: 1 | Q13: 1 | R13: 1 | S13: 1 | T13: 1 | U13: 1 | V13: 1 | W13: 1 | X13: 1 | Y13: 1 | Z13: 1 | AA13: 1 | AB13: 1 | AC13: 1
E14: Saturday | F14: 1 | G14: 1 | H14: 1 | I14: 1 | J14: 1 | K14: 1 | L14: 1 | M14: 1 | N14: 1 | O14: 1 | P14: 1 | Q14: 1 | R14: 1 | S14: 1 | T14: 1 | U14: 1 | V14: 1 | W14: 1 | X14: 1 | Y14: 1 | Z14: 1 | AA14: 1 | AB14: 1 | AC14: 1
E15: Sunday | F15: 1 | G15: 1 | H15: 1 | I15: 1 | J15: 1 | K15: 1 | L15: 1 | M15: 1 | N15: 1 | O15: 1 | P15: 1 | Q15: 1 | R15: 1 | S15: 1 | T15: 1 | U15: 1 | V15: 1 | W15: 1 | X15: 1 | Y15: 1 | Z15: 1 | AA15: 1 | AB15: 1 | AC15: 1
A16: Living Area | B16: =B4 -> ResidentialLiving | C16: ServiceHotWater | D16: T24 2022 - Appendix 5.4B [ResidentialLiving] | E16: Weekday | F16: 0.131 | G16: 0.075 | H16: 0.084 | I16: 0.103 | J16: 0.187 | K16: 0.411 | L16: 0.832 | M16: 1 | N16: 0.832 | O16: 0.617 | P16: 0.486 | Q16: 0.355 | R16: 0.336 | S16: 0.308 | T16: 0.299 | U16: 0.243 | V16: 0.393 | W16: 0.449 | X16: 0.486 | Y16: 0.439 | Z16: 0.393 | AA16: 0.364 | AB16: 0.336 | AC16: 0.206
E17: Saturday | F17: 0.217 | G17: 0.12 | H17: 0.108 | I17: 0.096 | J17: 0.181 | K17: 0.277 | L17: 0.313 | M17: 0.566 | N17: 0.928 | O17: 1 | P17: 0.892 | Q17: 0.735 | R17: 0.614 | S17: 0.518 | T17: 0.47 | U17: 0.47 | V17: 0.627 | W17: 0.699 | X17: 0.675 | Y17: 0.627 | Z17: 0.566 | AA17: 0.53 | AB17: 0.482 | AC17: 0.337
E18: Sunday | F18: 0.217 | G18: 0.12 | H18: 0.108 | I18: 0.096 | J18: 0.181 | K18: 0.277 | L18: 0.313 | M18: 0.566 | N18: 0.928 | O18: 1 | P18: 0.892 | Q18: 0.735 | R18: 0.614 | S18: 0.518 | T18: 0.47 | U18: 0.47 | V18: 0.627 | W18: 0.699 | X18: 0.675 | Y18: 0.627 | Z18: 0.566 | AA18: 0.53 | AB18: 0.482 | AC18: 0.337
A19: Living Area | B19: =B4 -> ResidentialLiving | C19: GasEquipment | D19: T24 2022 - Appendix 5.4B [ResidentialLiving] | E19: Weekday | F19: 0 | G19: 0 | H19: 0 | I19: 0 | J19: 0 | K19: 0 | L19: 0.5 | M19: 0.5 | N19: 0 | O19: 0 | P19: 0 | Q19: 0.2 | R19: 0.2 | S19: 0 | T19: 0 | U19: 0 | V19: 0.5 | W19: 0.5 | X19: 0.5 | Y19: 0 | Z19: 0 | AA19: 0 | AB19: 0 | AC19: 0
E20: Saturday | F20: 0 | G20: 0 | H20: 0 | I20: 0 | J20: 0 | K20: 0 | L20: 0.5 | M20: 0.5 | N20: 0 | O20: 0 | P20: 0 | Q20: 0.2 | R20: 0.2 | S20: 0 | T20: 0 | U20: 0 | V20: 0.5 | W20: 0.5 | X20: 0.5 | Y20: 0 | Z20: 0 | AA20: 0 | AB20: 0 | AC20: 0
E21: Sunday | F21: 0 | G21: 0 | H21: 0 | I21: 0 | J21: 0 | K21: 0 | L21: 0.5 | M21: 0.5 | N21: 0 | O21: 0 | P21: 0 | Q21: 0.2 | R21: 0.2 | S21: 0 | T21: 0 | U21: 0 | V21: 0.5 | W21: 0.5 | X21: 0.5 | Y21: 0 | Z21: 0 | AA21: 0 | AB21: 0 | AC21: 0
A22: Living Area | B22: =B4 -> ResidentialLiving | C22: HtgSetpt | D22: T24 2022 - Appendix 5.4B [ResidentialLiving] | E22: Weekday | F22: =IF(OR(F$3<=6,F$3>=23),Thermostat!$B$4,Thermostat!$B$3) -> 60 | G22: =IF(OR(G$3<=6,G$3>=23),Thermostat!$B$4,Thermostat!$B$3) -> 60 | H22: =IF(OR(H$3<=6,H$3>=23),Thermostat!$B$4,Thermostat!$B$3) -> 60 | I22: =IF(OR(I$3<=6,I$3>=23),Thermostat!$B$4,Thermostat!$B$3) -> 60 | J22: =IF(OR(J$3<=6,J$3>=23),Thermostat!$B$4,Thermostat!$B$3) -> 60 | K22: =IF(OR(K$3<=6,K$3>=23),Thermostat!$B$4,Thermostat!$B$3) -> 60 | L22: =IF(OR(L$3<=6,L$3>=23),Thermostat!$B$4,Thermostat!$B$3) -> 68 | M22: =IF(OR(M$3<=6,M$3>=23),Thermostat!$B$4,Thermostat!$B$3) -> 68 | ... AC22: =IF(OR(AC$3<=6,AC$3>=23),Thermostat!$B$4,Thermostat!$B$3) -> 60
E23: Saturday | F23: =IF(OR(F$3<=6,F$3>=23),Thermostat!$B$4,Thermostat!$B$3) -> 60 | G23: =IF(OR(G$3<=6,G$3>=23),Thermostat!$B$4,Thermostat!$B$3) -> 60 | H23: =IF(OR(H$3<=6,H$3>=23),Thermostat!$B$4,Thermostat!$B$3) -> 60 | I23: =IF(OR(I$3<=6,I$3>=23),Thermostat!$B$4,Thermostat!$B$3) -> 60 | J23: =IF(OR(J$3<=6,J$3>=23),Thermostat!$B$4,Thermostat!$B$3) -> 60 | K23: =IF(OR(K$3<=6,K$3>=23),Thermostat!$B$4,Thermostat!$B$3) -> 60 | L23: =IF(OR(L$3<=6,L$3>=23),Thermostat!$B$4,Thermostat!$B$3) -> 68 | M23: =IF(OR(M$3<=6,M$3>=23),Thermostat!$B$4,Thermostat!$B$3) -> 68 | ... AC23: =IF(OR(AC$3<=6,AC$3>=23),Thermostat!$B$4,Thermostat!$B$3) -> 60
E24: Sunday | F24: =IF(OR(F$3<=6,F$3>=23),Thermostat!$B$4,Thermostat!$B$3) -> 60 | G24: =IF(OR(G$3<=6,G$3>=23),Thermostat!$B$4,Thermostat!$B$3) -> 60 | H24: =IF(OR(H$3<=6,H$3>=23),Thermostat!$B$4,Thermostat!$B$3) -> 60 | I24: =IF(OR(I$3<=6,I$3>=23),Thermostat!$B$4,Thermostat!$B$3) -> 60 | J24: =IF(OR(J$3<=6,J$3>=23),Thermostat!$B$4,Thermostat!$B$3) -> 60 | K24: =IF(OR(K$3<=6,K$3>=23),Thermostat!$B$4,Thermostat!$B$3) -> 60 | L24: =IF(OR(L$3<=6,L$3>=23),Thermostat!$B$4,Thermostat!$B$3) -> 68 | M24: =IF(OR(M$3<=6,M$3>=23),Thermostat!$B$4,Thermostat!$B$3) -> 68 | ... AC24: =IF(OR(AC$3<=6,AC$3>=23),Thermostat!$B$4,Thermostat!$B$3) -> 60
A25: Living Area | B25: =B4 -> ResidentialLiving | C25: ClgSetpt | D25: T24 2022 - Appendix 5.4B [ResidentialLiving] | E25: Weekday | F25: =IF(F16=0,Thermostat!$B$6,Thermostat!$B$5) -> 78 | G25: =IF(G16=0,Thermostat!$B$6,Thermostat!$B$5) -> 78 | H25: =IF(H16=0,Thermostat!$B$6,Thermostat!$B$5) -> 78 | I25: =IF(I16=0,Thermostat!$B$6,Thermostat!$B$5) -> 78 | J25: =IF(J16=0,Thermostat!$B$6,Thermostat!$B$5) -> 78 | K25: =IF(K16=0,Thermostat!$B$6,Thermostat!$B$5) -> 78 | L25: =IF(L16=0,Thermostat!$B$6,Thermostat!$B$5) -> 78 | M25: =IF(M16=0,Thermostat!$B$6,Thermostat!$B$5) -> 78 | ... AC25: =IF(AC16=0,Thermostat!$B$6,Thermostat!$B$5) -> 78
E26: Saturday | F26: =IF(F17=0,Thermostat!$B$6,Thermostat!$B$5) -> 78 | G26: =IF(G17=0,Thermostat!$B$6,Thermostat!$B$5) -> 78 | H26: =IF(H17=0,Thermostat!$B$6,Thermostat!$B$5) -> 78 | I26: =IF(I17=0,Thermostat!$B$6,Thermostat!$B$5) -> 78 | J26: =IF(J17=0,Thermostat!$B$6,Thermostat!$B$5) -> 78 | K26: =IF(K17=0,Thermostat!$B$6,Thermostat!$B$5) -> 78 | L26: =IF(L17=0,Thermostat!$B$6,Thermostat!$B$5) -> 78 | M26: =IF(M17=0,Thermostat!$B$6,Thermostat!$B$5) -> 78 | ... AC26: =IF(AC17=0,Thermostat!$B$6,Thermostat!$B$5) -> 78
E27: Sunday | F27: =IF(F18=0,Thermostat!$B$6,Thermostat!$B$5) -> 78 | G27: =IF(G18=0,Thermostat!$B$6,Thermostat!$B$5) -> 78 | H27: =IF(H18=0,Thermostat!$B$6,Thermostat!$B$5) -> 78 | I27: =IF(I18=0,Thermostat!$B$6,Thermostat!$B$5) -> 78 | J27: =IF(J18=0,Thermostat!$B$6,Thermostat!$B$5) -> 78 | K27: =IF(K18=0,Thermostat!$B$6,Thermostat!$B$5) -> 78 | L27: =IF(L18=0,Thermostat!$B$6,Thermostat!$B$5) -> 78 | M27: =IF(M18=0,Thermostat!$B$6,Thermostat!$B$5) -> 78 | ... AC27: =IF(AC18=0,Thermostat!$B$6,Thermostat!$B$5) -> 78
A28: Living Area | B28: =B4 -> ResidentialLiving | C28: Infiltration | D28: T24 2022 - Appendix 5.4B [ResidentialLiving] | E28: Weekday | F28: 1 | G28: 1 | H28: 1 | I28: 1 | J28: 1 | K28: 1 | L28: 1 | M28: 1 | N28: 1 | O28: 1 | P28: 1 | Q28: 1 | R28: 1 | S28: 1 | T28: 1 | U28: 1 | V28: 1 | W28: 1 | X28: 1 | Y28: 1 | Z28: 1 | AA28: 1 | AB28: 1 | AC28: 1
E29: Saturday | F29: 1 | G29: 1 | H29: 1 | I29: 1 | J29: 1 | K29: 1 | L29: 1 | M29: 1 | N29: 1 | O29: 1 | P29: 1 | Q29: 1 | R29: 1 | S29: 1 | T29: 1 | U29: 1 | V29: 1 | W29: 1 | X29: 1 | Y29: 1 | Z29: 1 | AA29: 1 | AB29: 1 | AC29: 1
E30: Sunday | F30: 1 | G30: 1 | H30: 1 | I30: 1 | J30: 1 | K30: 1 | L30: 1 | M30: 1 | N30: 1 | O30: 1 | P30: 1 | Q30: 1 | R30: 1 | S30: 1 | T30: 1 | U30: 1 | V30: 1 | W30: 1 | X30: 1 | Y30: 1 | Z30: 1 | AA30: 1 | AB30: 1 | AC30: 1
A31: Living Area | B31: =B4 -> ResidentialLiving | C31: Refrigeration | D31: T24 2022 - Appendix 5.4B [ResidentialLiving] | E31: Weekday | F31: 0.9 | G31: 0.9 | H31: 0.9 | I31: 0.9 | J31: 0.9 | K31: 0.9 | L31: 0.9 | M31: 0.9 | N31: 0.9 | O31: 0.9 | P31: 0.9 | Q31: 0.9 | R31: 0.9 | S31: 0.9 | T31: 0.9 | U31: 0.9 | V31: 0.9 | W31: 0.9 | X31: 0.9 | Y31: 0.9 | Z31: 0.9 | AA31: 0.9 | AB31: 0.9 | AC31: 0.9
E32: Saturday | F32: 0.9 | G32: 0.9 | H32: 0.9 | I32: 0.9 | J32: 0.9 | K32: 0.9 | L32: 0.9 | M32: 0.9 | N32: 0.9 | O32: 0.9 | P32: 0.9 | Q32: 0.9 | R32: 0.9 | S32: 0.9 | T32: 0.9 | U32: 0.9 | V32: 0.9 | W32: 0.9 | X32: 0.9 | Y32: 0.9 | Z32: 0.9 | AA32: 0.9 | AB32: 0.9 | AC32: 0.9
E33: Sunday | F33: 0.9 | G33: 0.9 | H33: 0.9 | I33: 0.9 | J33: 0.9 | K33: 0.9 | L33: 0.9 | M33: 0.9 | N33: 0.9 | O33: 0.9 | P33: 0.9 | Q33: 0.9 | R33: 0.9 | S33: 0.9 | T33: 0.9 | U33: 0.9 | V33: 0.9 | W33: 0.9 | X33: 0.9 | Y33: 0.9 | Z33: 0.9 | AA33: 0.9 | AB33: 0.9 | AC33: 0.9
A34: Common Use Area
A35: Common Use Area | B35: ResidentialCommon | C35: Occupancy | D35: T24 2022 - Appendix 5.4B [ResidentialCommon] | E35: Weekday | F35: 0.1 | G35: 0.1 | H35: 0.1 | I35: 0.1 | J35: 0.1 | K35: 0.3 | L35: 0.45 | M35: 0.45 | N35: 0.45 | O35: 0.45 | P35: 0.3 | Q35: 0.3 | R35: 0.3 | S35: 0.3 | T35: 0.3 | U35: 0.3 | V35: 0.3 | W35: 0.3 | X35: 0.6 | Y35: 0.8 | Z35: 0.9 | AA35: 0.8 | AB35: 0.6 | AC35: 0.3
E36: Saturday | F36: 0.1 | G36: 0.1 | H36: 0.1 | I36: 0.1 | J36: 0.1 | K36: 0.3 | L36: 0.45 | M36: 0.45 | N36: 0.45 | O36: 0.45 | P36: 0.3 | Q36: 0.3 | R36: 0.3 | S36: 0.3 | T36: 0.3 | U36: 0.3 | V36: 0.3 | W36: 0.3 | X36: 0.6 | Y36: 0.8 | Z36: 0.9 | AA36: 0.8 | AB36: 0.6 | AC36: 0.3
E37: Sunday | F37: 0.1 | G37: 0.1 | H37: 0.1 | I37: 0.1 | J37: 0.1 | K37: 0.3 | L37: 0.45 | M37: 0.45 | N37: 0.45 | O37: 0.45 | P37: 0.3 | Q37: 0.3 | R37: 0.3 | S37: 0.3 | T37: 0.3 | U37: 0.3 | V37: 0.3 | W37: 0.3 | X37: 0.6 | Y37: 0.8 | Z37: 0.9 | AA37: 0.8 | AB37: 0.6 | AC37: 0.3
A38: Common Use Area | B38: ResidentialCommon | C38: Lights | D38: T24 2022 - Appendix 5.4B [ResidentialCommon] | E38: Weekday | F38: 1 | G38: 1 | H38: 1 | I38: 1 | J38: 1 | K38: 1 | L38: 1 | M38: 1 | N38: 1 | O38: 1 | P38: 1 | Q38: 1 | R38: 1 | S38: 1 | T38: 1 | U38: 1 | V38: 1 | W38: 1 | X38: 1 | Y38: 1 | Z38: 1 | AA38: 1 | AB38: 1 | AC38: 1
E39: Saturday | F39: 1 | G39: 1 | H39: 1 | I39: 1 | J39: 1 | K39: 1 | L39: 1 | M39: 1 | N39: 1 | O39: 1 | P39: 1 | Q39: 1 | R39: 1 | S39: 1 | T39: 1 | U39: 1 | V39: 1 | W39: 1 | X39: 1 | Y39: 1 | Z39: 1 | AA39: 1 | AB39: 1 | AC39: 1
E40: Sunday | F40: 1 | G40: 1 | H40: 1 | I40: 1 | J40: 1 | K40: 1 | L40: 1 | M40: 1 | N40: 1 | O40: 1 | P40: 1 | Q40: 1 | R40: 1 | S40: 1 | T40: 1 | U40: 1 | V40: 1 | W40: 1 | X40: 1 | Y40: 1 | Z40: 1 | AA40: 1 | AB40: 1 | AC40: 1
A41: Common Use Area | B41: ResidentialCommon | C41: ElecEquipment | D41: T24 2022 - Appendix 5.4B [ResidentialCommon] | E41: Weekday | F41: 0.1 | G41: 0.1 | H41: 0.1 | I41: 0.1 | J41: 0.1 | K41: 0.3 | L41: 0.45 | M41: 0.45 | N41: 0.45 | O41: 0.45 | P41: 0.3 | Q41: 0.3 | R41: 0.3 | S41: 0.3 | T41: 0.3 | U41: 0.3 | V41: 0.3 | W41: 0.3 | X41: 0.6 | Y41: 0.8 | Z41: 0.9 | AA41: 0.8 | AB41: 0.6 | AC41: 0.3
E42: Saturday | F42: 0.1 | G42: 0.1 | H42: 0.1 | I42: 0.1 | J42: 0.1 | K42: 0.3 | L42: 0.45 | M42: 0.45 | N42: 0.45 | O42: 0.45 | P42: 0.3 | Q42: 0.3 | R42: 0.3 | S42: 0.3 | T42: 0.3 | U42: 0.3 | V42: 0.3 | W42: 0.3 | X42: 0.6 | Y42: 0.8 | Z42: 0.9 | AA42: 0.8 | AB42: 0.6 | AC42: 0.3
E43: Sunday | F43: 0.1 | G43: 0.1 | H43: 0.1 | I43: 0.1 | J43: 0.1 | K43: 0.3 | L43: 0.45 | M43: 0.45 | N43: 0.45 | O43: 0.45 | P43: 0.3 | Q43: 0.3 | R43: 0.3 | S43: 0.3 | T43: 0.3 | U43: 0.3 | V43: 0.3 | W43: 0.3 | X43: 0.6 | Y43: 0.8 | Z43: 0.9 | AA43: 0.8 | AB43: 0.6 | AC43: 0.3
A44: Common Use Area | B44: ResidentialCommon | C44: ServiceHotWater | D44: T24 2022 - Appendix 5.4B [ResidentialCommon] | E44: Weekday | F44: 0 | G44: 0 | H44: 0 | I44: 0.05 | J44: 0.05 | K44: 0.05 | L44: 0.8 | M44: 0.7 | N44: 0.5 | O44: 0.4 | P44: 0.25 | Q44: 0.25 | R44: 0.25 | S44: 0.25 | T44: 0.5 | U44: 0.6 | V44: 0.7 | W44: 0.7 | X44: 0.4 | Y44: 0.25 | Z44: 0.2 | AA44: 0.2 | AB44: 0.05 | AC44: 0.05
E45: Saturday | F45: 0 | G45: 0 | H45: 0 | I45: 0.05 | J45: 0.05 | K45: 0.05 | L45: 0.8 | M45: 0.7 | N45: 0.5 | O45: 0.4 | P45: 0.25 | Q45: 0.25 | R45: 0.25 | S45: 0.25 | T45: 0.5 | U45: 0.6 | V45: 0.7 | W45: 0.7 | X45: 0.4 | Y45: 0.25 | Z45: 0.2 | AA45: 0.2 | AB45: 0.05 | AC45: 0.05
E46: Sunday | F46: 0 | G46: 0 | H46: 0 | I46: 0.05 | J46: 0.05 | K46: 0.05 | L46: 0.8 | M46: 0.7 | N46: 0.5 | O46: 0.4 | P46: 0.25 | Q46: 0.25 | R46: 0.25 | S46: 0.25 | T46: 0.5 | U46: 0.6 | V46: 0.7 | W46: 0.7 | X46: 0.4 | Y46: 0.25 | Z46: 0.2 | AA46: 0.2 | AB46: 0.05 | AC46: 0.05
A47: Common Use Area | B47: ResidentialCommon | C47: GasEquipment | D47: T24 2022 - Appendix 5.4B [ResidentialCommon] | E47: Weekday | F47: 0 | G47: 0 | H47: 0 | I47: 0 | J47: 0 | K47: 0.5 | L47: 0.5 | M47: 0.1 | N47: 0.1 | O47: 0.1 | P47: 0.1 | Q47: 0.5 | R47: 0.5 | S47: 0.1 | T47: 0.1 | U47: 0.1 | V47: 0.5 | W47: 0.5 | X47: 0.5 | Y47: 0.1 | Z47: 0 | AA47: 0 | AB47: 0 | AC47: 0
E48: Saturday | F48: 0 | G48: 0 | H48: 0 | I48: 0 | J48: 0 | K48: 0.5 | L48: 0.5 | M48: 0.1 | N48: 0.1 | O48: 0.1 | P48: 0.1 | Q48: 0.5 | R48: 0.5 | S48: 0.1 | T48: 0.1 | U48: 0.1 | V48: 0.5 | W48: 0.5 | X48: 0.5 | Y48: 0.1 | Z48: 0 | AA48: 0 | AB48: 0 | AC48: 0
E49: Sunday | F49: 0 | G49: 0 | H49: 0 | I49: 0 | J49: 0 | K49: 0.5 | L49: 0.5 | M49: 0.1 | N49: 0.1 | O49: 0.1 | P49: 0.1 | Q49: 0.5 | R49: 0.5 | S49: 0.1 | T49: 0.1 | U49: 0.1 | V49: 0.5 | W49: 0.5 | X49: 0.5 | Y49: 0.1 | Z49: 0 | AA49: 0 | AB49: 0 | AC49: 0
A50: Common Use Area | B50: =B41 -> ResidentialCommon | C50: HVACAvail | D50: T24 2022 - Appendix 5.4B [ResidentialCommon] | E50: Weekday | F50: 1 | G50: 1 | H50: 1 | I50: 1 | J50: 1 | K50: 1 | L50: 1 | M50: 1 | N50: 1 | O50: 1 | P50: 1 | Q50: 1 | R50: 1 | S50: 1 | T50: 1 | U50: 1 | V50: 1 | W50: 1 | X50: 1 | Y50: 1 | Z50: 1 | AA50: 1 | AB50: 1 | AC50: 1
E51: Saturday | F51: 1 | G51: 1 | H51: 1 | I51: 1 | J51: 1 | K51: 1 | L51: 1 | M51: 1 | N51: 1 | O51: 1 | P51: 1 | Q51: 1 | R51: 1 | S51: 1 | T51: 1 | U51: 1 | V51: 1 | W51: 1 | X51: 1 | Y51: 1 | Z51: 1 | AA51: 1 | AB51: 1 | AC51: 1
E52: Sunday | F52: 1 | G52: 1 | H52: 1 | I52: 1 | J52: 1 | K52: 1 | L52: 1 | M52: 1 | N52: 1 | O52: 1 | P52: 1 | Q52: 1 | R52: 1 | S52: 1 | T52: 1 | U52: 1 | V52: 1 | W52: 1 | X52: 1 | Y52: 1 | Z52: 1 | AA52: 1 | AB52: 1 | AC52: 1
A53: Common Use Area | B53: ResidentialCommon | C53: HtgSetpt | D53: T24 2022 - Appendix 5.4B [ResidentialCommon] | E53: Weekday | F53: =IF(F50=0,Thermostat!$B$16,Thermostat!$B$15) -> 68 | G53: =IF(G50=0,Thermostat!$B$16,Thermostat!$B$15) -> 68 | H53: =IF(H50=0,Thermostat!$B$16,Thermostat!$B$15) -> 68 | I53: =IF(I50=0,Thermostat!$B$16,Thermostat!$B$15) -> 68 | J53: =IF(J50=0,Thermostat!$B$16,Thermostat!$B$15) -> 68 | K53: =IF(K50=0,Thermostat!$B$16,Thermostat!$B$15) -> 68 | L53: =IF(L50=0,Thermostat!$B$16,Thermostat!$B$15) -> 68 | M53: =IF(M50=0,Thermostat!$B$16,Thermostat!$B$15) -> 68 | ... AC53: =IF(AC50=0,Thermostat!$B$16,Thermostat!$B$15) -> 68
E54: Saturday | F54: =IF(F51=0,Thermostat!$B$16,Thermostat!$B$15) -> 68 | G54: =IF(G51=0,Thermostat!$B$16,Thermostat!$B$15) -> 68 | H54: =IF(H51=0,Thermostat!$B$16,Thermostat!$B$15) -> 68 | I54: =IF(I51=0,Thermostat!$B$16,Thermostat!$B$15) -> 68 | J54: =IF(J51=0,Thermostat!$B$16,Thermostat!$B$15) -> 68 | K54: =IF(K51=0,Thermostat!$B$16,Thermostat!$B$15) -> 68 | L54: =IF(L51=0,Thermostat!$B$16,Thermostat!$B$15) -> 68 | M54: =IF(M51=0,Thermostat!$B$16,Thermostat!$B$15) -> 68 | ... AC54: =IF(AC51=0,Thermostat!$B$16,Thermostat!$B$15) -> 68
E55: Sunday | F55: =IF(F52=0,Thermostat!$B$16,Thermostat!$B$15) -> 68 | G55: =IF(G52=0,Thermostat!$B$16,Thermostat!$B$15) -> 68 | H55: =IF(H52=0,Thermostat!$B$16,Thermostat!$B$15) -> 68 | I55: =IF(I52=0,Thermostat!$B$16,Thermostat!$B$15) -> 68 | J55: =IF(J52=0,Thermostat!$B$16,Thermostat!$B$15) -> 68 | K55: =IF(K52=0,Thermostat!$B$16,Thermostat!$B$15) -> 68 | L55: =IF(L52=0,Thermostat!$B$16,Thermostat!$B$15) -> 68 | M55: =IF(M52=0,Thermostat!$B$16,Thermostat!$B$15) -> 68 | ... AC55: =IF(AC52=0,Thermostat!$B$16,Thermostat!$B$15) -> 68
A56: Common Use Area | B56: ResidentialCommon | C56: ClgSetpt | D56: T24 2022 - Appendix 5.4B [ResidentialCommon] | E56: Weekday | F56: =IF(F50=0,Thermostat!$B$18,Thermostat!$B$17) -> 78 | G56: =IF(G50=0,Thermostat!$B$18,Thermostat!$B$17) -> 78 | H56: =IF(H50=0,Thermostat!$B$18,Thermostat!$B$17) -> 78 | I56: =IF(I50=0,Thermostat!$B$18,Thermostat!$B$17) -> 78 | J56: =IF(J50=0,Thermostat!$B$18,Thermostat!$B$17) -> 78 | K56: =IF(K50=0,Thermostat!$B$18,Thermostat!$B$17) -> 78 | L56: =IF(L50=0,Thermostat!$B$18,Thermostat!$B$17) -> 78 | M56: =IF(M50=0,Thermostat!$B$18,Thermostat!$B$17) -> 78 | ... AC56: =IF(AC50=0,Thermostat!$B$18,Thermostat!$B$17) -> 78
E57: Saturday | F57: =IF(F51=0,Thermostat!$B$18,Thermostat!$B$17) -> 78 | G57: =IF(G51=0,Thermostat!$B$18,Thermostat!$B$17) -> 78 | H57: =IF(H51=0,Thermostat!$B$18,Thermostat!$B$17) -> 78 | I57: =IF(I51=0,Thermostat!$B$18,Thermostat!$B$17) -> 78 | J57: =IF(J51=0,Thermostat!$B$18,Thermostat!$B$17) -> 78 | K57: =IF(K51=0,Thermostat!$B$18,Thermostat!$B$17) -> 78 | L57: =IF(L51=0,Thermostat!$B$18,Thermostat!$B$17) -> 78 | M57: =IF(M51=0,Thermostat!$B$18,Thermostat!$B$17) -> 78 | ... AC57: =IF(AC51=0,Thermostat!$B$18,Thermostat!$B$17) -> 78
E58: Sunday | F58: =IF(F52=0,Thermostat!$B$18,Thermostat!$B$17) -> 78 | G58: =IF(G52=0,Thermostat!$B$18,Thermostat!$B$17) -> 78 | H58: =IF(H52=0,Thermostat!$B$18,Thermostat!$B$17) -> 78 | I58: =IF(I52=0,Thermostat!$B$18,Thermostat!$B$17) -> 78 | J58: =IF(J52=0,Thermostat!$B$18,Thermostat!$B$17) -> 78 | K58: =IF(K52=0,Thermostat!$B$18,Thermostat!$B$17) -> 78 | L58: =IF(L52=0,Thermostat!$B$18,Thermostat!$B$17) -> 78 | M58: =IF(M52=0,Thermostat!$B$18,Thermostat!$B$17) -> 78 | ... AC58: =IF(AC52=0,Thermostat!$B$18,Thermostat!$B$17) -> 78
A59: Common Use Area | B59: ResidentialCommon | C59: Infiltration | D59: T24 2022 - Appendix 5.4B [ResidentialCommon] | E59: Weekday | F59: 0.25 | G59: 0.25 | H59: 0.25 | I59: 0.25 | J59: 0.25 | K59: 0.25 | L59: 0.25 | M59: 0.25 | N59: 0.25 | O59: 0.25 | P59: 0.25 | Q59: 0.25 | R59: 0.25 | S59: 0.25 | T59: 0.25 | U59: 0.25 | V59: 0.25 | W59: 0.25 | X59: 0.25 | Y59: 0.25 | Z59: 0.25 | AA59: 0.25 | AB59: 0.25 | AC59: 0.25
E60: Saturday | F60: 0.25 | G60: 0.25 | H60: 0.25 | I60: 0.25 | J60: 0.25 | K60: 0.25 | L60: 0.25 | M60: 0.25 | N60: 0.25 | O60: 0.25 | P60: 0.25 | Q60: 0.25 | R60: 0.25 | S60: 0.25 | T60: 0.25 | U60: 0.25 | V60: 0.25 | W60: 0.25 | X60: 0.25 | Y60: 0.25 | Z60: 0.25 | AA60: 0.25 | AB60: 0.25 | AC60: 0.25
E61: Sunday | F61: 0.25 | G61: 0.25 | H61: 0.25 | I61: 0.25 | J61: 0.25 | K61: 0.25 | L61: 0.25 | M61: 0.25 | N61: 0.25 | O61: 0.25 | P61: 0.25 | Q61: 0.25 | R61: 0.25 | S61: 0.25 | T61: 0.25 | U61: 0.25 | V61: 0.25 | W61: 0.25 | X61: 0.25 | Y61: 0.25 | Z61: 0.25 | AA61: 0.25 | AB61: 0.25 | AC61: 0.25
A62: Common Use Area | B62: ResidentialCommon | C62: Refrigeration | D62: T24 2022 - Appendix 5.4B [ResidentialCommon] | E62: Weekday | F62: 0.9 | G62: 0.9 | H62: 0.9 | I62: 0.9 | J62: 0.9 | K62: 0.9 | L62: 0.9 | M62: 0.9 | N62: 0.9 | O62: 0.9 | P62: 0.9 | Q62: 0.9 | R62: 0.9 | S62: 0.9 | T62: 0.9 | U62: 0.9 | V62: 0.9 | W62: 0.9 | X62: 0.9 | Y62: 0.9 | Z62: 0.9 | AA62: 0.9 | AB62: 0.9 | AC62: 0.9
E63: Saturday | F63: 0.9 | G63: 0.9 | H63: 0.9 | I63: 0.9 | J63: 0.9 | K63: 0.9 | L63: 0.9 | M63: 0.9 | N63: 0.9 | O63: 0.9 | P63: 0.9 | Q63: 0.9 | R63: 0.9 | S63: 0.9 | T63: 0.9 | U63: 0.9 | V63: 0.9 | W63: 0.9 | X63: 0.9 | Y63: 0.9 | Z63: 0.9 | AA63: 0.9 | AB63: 0.9 | AC63: 0.9
E64: Sunday | F64: 0.9 | G64: 0.9 | H64: 0.9 | I64: 0.9 | J64: 0.9 | K64: 0.9 | L64: 0.9 | M64: 0.9 | N64: 0.9 | O64: 0.9 | P64: 0.9 | Q64: 0.9 | R64: 0.9 | S64: 0.9 | T64: 0.9 | U64: 0.9 | V64: 0.9 | W64: 0.9 | X64: 0.9 | Y64: 0.9 | Z64: 0.9 | AA64: 0.9 | AB64: 0.9 | AC64: 0.9
A65: Retail
A66: Retail | B66: Retail | C66: Occupancy | D66: T24 2022 - Appendix 5.4B [Retail] | E66: Weekday | F66: 0 | G66: 0 | H66: 0 | I66: 0 | J66: 0 | K66: 0 | L66: 0 | M66: 0.1 | N66: 0.2 | O66: 0.5 | P66: 0.5 | Q66: 0.7 | R66: 0.7 | S66: 0.7 | T66: 0.7 | U66: 0.8 | V66: 0.7 | W66: 0.5 | X66: 0.5 | Y66: 0.3 | Z66: 0.3 | AA66: 0 | AB66: 0 | AC66: 0
E67: Saturday | F67: 0 | G67: 0 | H67: 0 | I67: 0 | J67: 0 | K67: 0 | L67: 0 | M67: 0.1 | N67: 0.2 | O67: 0.5 | P67: 0.6 | Q67: 0.8 | R67: 0.8 | S67: 0.8 | T67: 0.8 | U67: 0.8 | V67: 0.8 | W67: 0.6 | X67: 0.2 | Y67: 0.2 | Z67: 0.2 | AA67: 0.1 | AB67: 0 | AC67: 0
E68: Sunday | F68: 0 | G68: 0 | H68: 0 | I68: 0 | J68: 0 | K68: 0 | L68: 0 | M68: 0 | N68: 0 | O68: 0.1 | P68: 0.2 | Q68: 0.2 | R68: 0.4 | S68: 0.4 | T68: 0.4 | U68: 0.4 | V68: 0.4 | W68: 0.2 | X68: 0.1 | Y68: 0 | Z68: 0 | AA68: 0 | AB68: 0 | AC68: 0
A69: =A66 -> Retail | B69: =B66 -> Retail | C69: Lights | D69: T24 2022 - Appendix 5.4B [Retail] | E69: Weekday | F69: 0.05 | G69: 0.05 | H69: 0.05 | I69: 0.05 | J69: 0.05 | K69: 0.05 | L69: 0.05 | M69: 0.2 | N69: 0.5 | O69: 0.85 | P69: 0.85 | Q69: 0.85 | R69: 0.85 | S69: 0.85 | T69: 0.85 | U69: 0.85 | V69: 0.85 | W69: 0.85 | X69: 0.55 | Y69: 0.55 | Z69: 0.5 | AA69: 0.2 | AB69: 0.05 | AC69: 0.05
E70: Saturday | F70: 0.05 | G70: 0.05 | H70: 0.05 | I70: 0.05 | J70: 0.05 | K70: 0.05 | L70: 0.05 | M70: 0.1 | N70: 0.3 | O70: 0.55 | P70: 0.85 | Q70: 0.85 | R70: 0.85 | S70: 0.85 | T70: 0.85 | U70: 0.85 | V70: 0.85 | W70: 0.85 | X70: 0.5 | Y70: 0.3 | Z70: 0.3 | AA70: 0.1 | AB70: 0.05 | AC70: 0.05
E71: Sunday | F71: 0.05 | G71: 0.05 | H71: 0.05 | I71: 0.05 | J71: 0.05 | K71: 0.05 | L71: 0.05 | M71: 0.05 | N71: 0.1 | O71: 0.1 | P71: 0.4 | Q71: 0.4 | R71: 0.55 | S71: 0.55 | T71: 0.55 | U71: 0.55 | V71: 0.55 | W71: 0.4 | X71: 0.2 | Y71: 0.05 | Z71: 0.05 | AA71: 0.05 | AB71: 0.05 | AC71: 0.05
A72: =A66 -> Retail | B72: =B66 -> Retail | C72: ElecEquipment | D72: Plug load and schedules project with CEC, 2025 | E72: Weekday | F72: 0.4 | G72: 0.4 | H72: 0.4 | I72: 0.4 | J72: 0.4 | K72: 0.4 | L72: 0.6 | M72: 0.6 | N72: 0.9 | O72: 0.9 | P72: 0.9 | Q72: 0.9 | R72: 0.9 | S72: 0.9 | T72: 0.9 | U72: 0.9 | V72: 0.9 | W72: 0.9 | X72: 0.9 | Y72: 0.6 | Z72: 0.6 | AA72: 0.4 | AB72: 0.4 | AC72: 0.4
E73: Saturday | F73: 0.4 | G73: 0.4 | H73: 0.4 | I73: 0.4 | J73: 0.4 | K73: 0.4 | L73: 0.6 | M73: 0.6 | N73: 0.9 | O73: 0.9 | P73: 0.9 | Q73: 0.9 | R73: 0.9 | S73: 0.9 | T73: 0.9 | U73: 0.9 | V73: 0.9 | W73: 0.9 | X73: 0.9 | Y73: 0.9 | Z73: 0.6 | AA73: 0.6 | AB73: 0.4 | AC73: 0.4
E74: Sunday | F74: 0.4 | G74: 0.4 | H74: 0.4 | I74: 0.4 | J74: 0.4 | K74: 0.4 | L74: 0.4 | M74: 0.4 | N74: 0.6 | O74: 0.6 | P74: 0.6 | Q74: 0.9 | R74: 0.9 | S74: 0.9 | T74: 0.9 | U74: 0.9 | V74: 0.9 | W74: 0.6 | X74: 0.6 | Y74: 0.4 | Z74: 0.4 | AA74: 0.4 | AB74: 0.4 | AC74: 0.4
A75: =A69 -> Retail | B75: =B69 -> Retail | C75: HVACAvail | D75: T24 2022 - Appendix 5.4B [Retail] | E75: Weekday | F75: 0 | G75: 0 | H75: 0 | I75: 0 | J75: 0 | K75: 0 | L75: 1 | M75: 1 | N75: 1 | O75: 1 | P75: 1 | Q75: 1 | R75: 1 | S75: 1 | T75: 1 | U75: 1 | V75: 1 | W75: 1 | X75: 1 | Y75: 1 | Z75: 1 | AA75: 0 | AB75: 0 | AC75: 0
E76: Saturday | F76: 0 | G76: 0 | H76: 0 | I76: 0 | J76: 0 | K76: 0 | L76: 1 | M76: 1 | N76: 1 | O76: 1 | P76: 1 | Q76: 1 | R76: 1 | S76: 1 | T76: 1 | U76: 1 | V76: 1 | W76: 1 | X76: 1 | Y76: 1 | Z76: 1 | AA76: 1 | AB76: 0 | AC76: 0
E77: Sunday | F77: 0 | G77: 0 | H77: 0 | I77: 0 | J77: 0 | K77: 0 | L77: 0 | M77: 0 | N77: 1 | O77: 1 | P77: 1 | Q77: 1 | R77: 1 | S77: 1 | T77: 1 | U77: 1 | V77: 1 | W77: 1 | X77: 1 | Y77: 0 | Z77: 0 | AA77: 0 | AB77: 0 | AC77: 0
A78: =A72 -> Retail | B78: =B72 -> Retail | C78: ServiceHotWater | D78: T24 2022 - Appendix 5.4B [Retail] | E78: Weekday | F78: 0.04 | G78: 0.05 | H78: 0.05 | I78: 0.04 | J78: 0.04 | K78: 0.04 | L78: 0.04 | M78: 0.15 | N78: 0.23 | O78: 0.32 | P78: 0.41 | Q78: 0.57 | R78: 0.62 | S78: 0.61 | T78: 0.5 | U78: 0.45 | V78: 0.46 | W78: 0.47 | X78: 0.42 | Y78: 0.34 | Z78: 0.33 | AA78: 0.23 | AB78: 0.13 | AC78: 0.08
E79: Saturday | F79: 0.11 | G79: 0.1 | H79: 0.08 | I79: 0.06 | J79: 0.06 | K79: 0.06 | L79: 0.07 | M79: 0.2 | N79: 0.24 | O79: 0.27 | P79: 0.42 | Q79: 0.54 | R79: 0.59 | S79: 0.6 | T79: 0.49 | U79: 0.48 | V79: 0.47 | W79: 0.46 | X79: 0.44 | Y79: 0.36 | Z79: 0.29 | AA79: 0.22 | AB79: 0.16 | AC79: 0.13
E80: Sunday | F80: 0.07 | G80: 0.07 | H80: 0.07 | I80: 0.06 | J80: 0.06 | K80: 0.06 | L80: 0.07 | M80: 0.1 | N80: 0.12 | O80: 0.14 | P80: 0.29 | Q80: 0.31 | R80: 0.36 | S80: 0.36 | T80: 0.34 | U80: 0.35 | V80: 0.37 | W80: 0.34 | X80: 0.25 | Y80: 0.27 | Z80: 0.21 | AA80: 0.16 | AB80: 0.1 | AC80: 0.06
A81: =A75 -> Retail | B81: =B75 -> Retail | C81: Infiltration | D81: T24 2022 - Appendix 5.4B [Retail] | E81: Weekday | F81: 1 | G81: 1 | H81: 1 | I81: 1 | J81: 1 | K81: 1 | L81: 0.25 | M81: 0.25 | N81: 0.25 | O81: 0.25 | P81: 0.25 | Q81: 0.25 | R81: 0.25 | S81: 0.25 | T81: 0.25 | U81: 0.25 | V81: 0.25 | W81: 0.25 | X81: 0.25 | Y81: 0.25 | Z81: 0.25 | AA81: 1 | AB81: 1 | AC81: 1
E82: Saturday | F82: 1 | G82: 1 | H82: 1 | I82: 1 | J82: 1 | K82: 1 | L82: 0.25 | M82: 0.25 | N82: 0.25 | O82: 0.25 | P82: 0.25 | Q82: 0.25 | R82: 0.25 | S82: 0.25 | T82: 0.25 | U82: 0.25 | V82: 0.25 | W82: 0.25 | X82: 0.25 | Y82: 0.25 | Z82: 0.25 | AA82: 0.25 | AB82: 1 | AC82: 1
E83: Sunday | F83: 1 | G83: 1 | H83: 1 | I83: 1 | J83: 1 | K83: 1 | L83: 1 | M83: 1 | N83: 0.25 | O83: 0.25 | P83: 0.25 | Q83: 0.25 | R83: 0.25 | S83: 0.25 | T83: 0.25 | U83: 0.25 | V83: 0.25 | W83: 0.25 | X83: 0.25 | Y83: 1 | Z83: 1 | AA83: 1 | AB83: 1 | AC83: 1
A84: =A78 -> Retail | B84: =B78 -> Retail | C84: Refrigeration | D84: T24 2022 - Appendix 5.4B [Retail] | E84: Weekday | F84: 0.9 | G84: 0.9 | H84: 0.9 | I84: 0.9 | J84: 0.9 | K84: 0.9 | L84: 0.9 | M84: 0.9 | N84: 0.9 | O84: 0.9 | P84: 0.9 | Q84: 0.9 | R84: 0.9 | S84: 0.9 | T84: 0.9 | U84: 0.9 | V84: 0.9 | W84: 0.9 | X84: 0.9 | Y84: 0.9 | Z84: 0.9 | AA84: 0.9 | AB84: 0.9 | AC84: 0.9
E85: Saturday | F85: 0.9 | G85: 0.9 | H85: 0.9 | I85: 0.9 | J85: 0.9 | K85: 0.9 | L85: 0.9 | M85: 0.9 | N85: 0.9 | O85: 0.9 | P85: 0.9 | Q85: 0.9 | R85: 0.9 | S85: 0.9 | T85: 0.9 | U85: 0.9 | V85: 0.9 | W85: 0.9 | X85: 0.9 | Y85: 0.9 | Z85: 0.9 | AA85: 0.9 | AB85: 0.9 | AC85: 0.9
E86: Sunday | F86: 0.9 | G86: 0.9 | H86: 0.9 | I86: 0.9 | J86: 0.9 | K86: 0.9 | L86: 0.9 | M86: 0.9 | N86: 0.9 | O86: 0.9 | P86: 0.9 | Q86: 0.9 | R86: 0.9 | S86: 0.9 | T86: 0.9 | U86: 0.9 | V86: 0.9 | W86: 0.9 | X86: 0.9 | Y86: 0.9 | Z86: 0.9 | AA86: 0.9 | AB86: 0.9 | AC86: 0.9
A87: =A78 -> Retail | B87: =B78 -> Retail | C87: HtgSetpt | D87: T24 2022 - Appendix 5.4B [Retail] | E87: Weekday | F87: =IF(F75=0,Thermostat!$B$11,Thermostat!$B$10) -> 60 | G87: =IF(G75=0,Thermostat!$B$11,Thermostat!$B$10) -> 60 | H87: =IF(H75=0,Thermostat!$B$11,Thermostat!$B$10) -> 60 | I87: =IF(I75=0,Thermostat!$B$11,Thermostat!$B$10) -> 60 | J87: =IF(J75=0,Thermostat!$B$11,Thermostat!$B$10) -> 60 | K87: =IF(K75=0,Thermostat!$B$11,Thermostat!$B$10) -> 60 | L87: =IF(L75=0,Thermostat!$B$11,Thermostat!$B$10) -> 70 | M87: =IF(M75=0,Thermostat!$B$11,Thermostat!$B$10) -> 70 | ... AC87: =IF(AC75=0,Thermostat!$B$11,Thermostat!$B$10) -> 60
E88: Saturday | F88: =IF(F76=0,Thermostat!$B$11,Thermostat!$B$10) -> 60 | G88: =IF(G76=0,Thermostat!$B$11,Thermostat!$B$10) -> 60 | H88: =IF(H76=0,Thermostat!$B$11,Thermostat!$B$10) -> 60 | I88: =IF(I76=0,Thermostat!$B$11,Thermostat!$B$10) -> 60 | J88: =IF(J76=0,Thermostat!$B$11,Thermostat!$B$10) -> 60 | K88: =IF(K76=0,Thermostat!$B$11,Thermostat!$B$10) -> 60 | L88: =IF(L76=0,Thermostat!$B$11,Thermostat!$B$10) -> 70 | M88: =IF(M76=0,Thermostat!$B$11,Thermostat!$B$10) -> 70 | ... AC88: =IF(AC76=0,Thermostat!$B$11,Thermostat!$B$10) -> 60
E89: Sunday | F89: =IF(F77=0,Thermostat!$B$11,Thermostat!$B$10) -> 60 | G89: =IF(G77=0,Thermostat!$B$11,Thermostat!$B$10) -> 60 | H89: =IF(H77=0,Thermostat!$B$11,Thermostat!$B$10) -> 60 | I89: =IF(I77=0,Thermostat!$B$11,Thermostat!$B$10) -> 60 | J89: =IF(J77=0,Thermostat!$B$11,Thermostat!$B$10) -> 60 | K89: =IF(K77=0,Thermostat!$B$11,Thermostat!$B$10) -> 60 | L89: =IF(L77=0,Thermostat!$B$11,Thermostat!$B$10) -> 60 | M89: =IF(M77=0,Thermostat!$B$11,Thermostat!$B$10) -> 60 | ... AC89: =IF(AC77=0,Thermostat!$B$11,Thermostat!$B$10) -> 60
A90: =A81 -> Retail | B90: =B81 -> Retail | C90: ClgSetpt | D90: T24 2022 - Appendix 5.4B [Retail] | E90: Weekday | F90: =IF(F75=0,Thermostat!$B$13,Thermostat!$B$12) -> 85 | G90: =IF(G75=0,Thermostat!$B$13,Thermostat!$B$12) -> 85 | H90: =IF(H75=0,Thermostat!$B$13,Thermostat!$B$12) -> 85 | I90: =IF(I75=0,Thermostat!$B$13,Thermostat!$B$12) -> 85 | J90: =IF(J75=0,Thermostat!$B$13,Thermostat!$B$12) -> 85 | K90: =IF(K75=0,Thermostat!$B$13,Thermostat!$B$12) -> 85 | L90: =IF(L75=0,Thermostat!$B$13,Thermostat!$B$12) -> 75 | M90: =IF(M75=0,Thermostat!$B$13,Thermostat!$B$12) -> 75 | ... AC90: =IF(AC75=0,Thermostat!$B$13,Thermostat!$B$12) -> 85
E91: Saturday | F91: =IF(F76=0,Thermostat!$B$13,Thermostat!$B$12) -> 85 | G91: =IF(G76=0,Thermostat!$B$13,Thermostat!$B$12) -> 85 | H91: =IF(H76=0,Thermostat!$B$13,Thermostat!$B$12) -> 85 | I91: =IF(I76=0,Thermostat!$B$13,Thermostat!$B$12) -> 85 | J91: =IF(J76=0,Thermostat!$B$13,Thermostat!$B$12) -> 85 | K91: =IF(K76=0,Thermostat!$B$13,Thermostat!$B$12) -> 85 | L91: =IF(L76=0,Thermostat!$B$13,Thermostat!$B$12) -> 75 | M91: =IF(M76=0,Thermostat!$B$13,Thermostat!$B$12) -> 75 | ... AC91: =IF(AC76=0,Thermostat!$B$13,Thermostat!$B$12) -> 85
E92: Sunday | F92: =IF(F77=0,Thermostat!$B$13,Thermostat!$B$12) -> 85 | G92: =IF(G77=0,Thermostat!$B$13,Thermostat!$B$12) -> 85 | H92: =IF(H77=0,Thermostat!$B$13,Thermostat!$B$12) -> 85 | I92: =IF(I77=0,Thermostat!$B$13,Thermostat!$B$12) -> 85 | J92: =IF(J77=0,Thermostat!$B$13,Thermostat!$B$12) -> 85 | K92: =IF(K77=0,Thermostat!$B$13,Thermostat!$B$12) -> 85 | L92: =IF(L77=0,Thermostat!$B$13,Thermostat!$B$12) -> 85 | M92: =IF(M77=0,Thermostat!$B$13,Thermostat!$B$12) -> 85 | ... AC92: =IF(AC77=0,Thermostat!$B$13,Thermostat!$B$12) -> 85
A93: Other | AD93: EFLH
B94: Building | C94: Elevator | D94: T24 2022 - Appendix 5.4B, [LivingResidential] | E94: Weekday | F94: 0 | G94: 0 | H94: 0 | I94: 0 | J94: 0 | K94: 0 | L94: 0 | M94: 0.35 | N94: 0.69 | O94: 0.43 | P94: 0.37 | Q94: 0.43 | R94: 0.58 | S94: 0.48 | T94: 0.37 | U94: 0.37 | V94: 0.46 | W94: 0.62 | X94: 0.2 | Y94: 0.12 | Z94: 0.04 | AA94: 0.04 | AB94: 0 | AC94: 0 | AD94: =SUM(F94:AC94)*261+ SUM(F95:AC95)*52+ SUM(F96:AC96)*52 -> 2025.75
E95: Saturday | F95: 0 | G95: 0 | H95: 0 | I95: 0 | J95: 0 | K95: 0 | L95: 0 | M95: 0.35 | N95: 0.69 | O95: 0.43 | P95: 0.37 | Q95: 0.43 | R95: 0.58 | S95: 0.48 | T95: 0.37 | U95: 0.37 | V95: 0.46 | W95: 0.62 | X95: 0.2 | Y95: 0.12 | Z95: 0.04 | AA95: 0.04 | AB95: 0 | AC95: 0
E96: Sunday | F96: 0 | G96: 0 | H96: 0 | I96: 0 | J96: 0 | K96: 0 | L96: 0 | M96: 0.35 | N96: 0.69 | O96: 0.43 | P96: 0.37 | Q96: 0.43 | R96: 0.58 | S96: 0.48 | T96: 0.37 | U96: 0.37 | V96: 0.46 | W96: 0.62 | X96: 0.2 | Y96: 0.12 | Z96: 0.04 | AA96: 0.04 | AB96: 0 | AC96: 0
B97: Building | C97: ExtLightingNonMotionCtrl | E97: Weekday | F97: 1 | G97: 1 | H97: 1 | I97: 1 | J97: 1 | K97: 1 | L97: 1 | M97: 1 | N97: 1 | O97: 1 | P97: 1 | Q97: 1 | R97: 1 | S97: 1 | T97: 1 | U97: 1 | V97: 1 | W97: 1 | X97: 1 | Y97: 1 | Z97: 1 | AA97: 1 | AB97: 1 | AC97: 1
E98: Saturday | F98: 1 | G98: 1 | H98: 1 | I98: 1 | J98: 1 | K98: 1 | L98: 1 | M98: 1 | N98: 1 | O98: 1 | P98: 1 | Q98: 1 | R98: 1 | S98: 1 | T98: 1 | U98: 1 | V98: 1 | W98: 1 | X98: 1 | Y98: 1 | Z98: 1 | AA98: 1 | AB98: 1 | AC98: 1
E99: Sunday | F99: 1 | G99: 1 | H99: 1 | I99: 1 | J99: 1 | K99: 1 | L99: 1 | M99: 1 | N99: 1 | O99: 1 | P99: 1 | Q99: 1 | R99: 1 | S99: 1 | T99: 1 | U99: 1 | V99: 1 | W99: 1 | X99: 1 | Y99: 1 | Z99: 1 | AA99: 1 | AB99: 1 | AC99: 1
B100: Building | C100: ExtLightingMotionCtrl | E100: Weekday | F100: 0 | G100: 0 | H100: 0 | I100: 0 | J100: 0 | K100: 1 | L100: 1 | M100: 1 | N100: 1 | O100: 1 | P100: 1 | Q100: 1 | R100: 1 | S100: 1 | T100: 1 | U100: 1 | V100: 1 | W100: 1 | X100: 1 | Y100: 1 | Z100: 1 | AA100: 1 | AB100: 0 | AC100: 0
...

Sheet Energy Usage
A1: ="Energy Consumption - " &Prototype!A2 -> Energy Consumption - ApartmentMidRise
A2: Prototype | B2: CZ | C2: Total Floorspace (Thousand of ft2) | D2: Electric Energy Intensity (kWh/ft2) | E2: Annual Gas Intensity (kBTU/ft2)
A3: =Prototype!A2 -> ApartmentMidRise | B3: 1
B4: 2
B5: 3
B6: 4
B7: 5
B8: 6
B9: 7
B10: 8
B11: 9
B12: 10
B13: 11
B14: 12
B15: 13
... B18: 16
A25: Background Data [To be deleted prior to publication]

Sheet Weights
A1: ="% of Floor Area per CZ and Vintage Bin - "&Prototype!A2 -> % of Floor Area per CZ and Vintage Bin - ApartmentMidRise
A2: Prototype | B2: CZ | C2: Vintage Bin
C3: Pre-1978 | D3: 1978-1997 | E3: 1998-2007 | F3: 2008-2018 | G3: Not available
A4: =Prototype!A2 -> ApartmentMidRise | B4: 1 | H4: =SUM(C4:G4) -> 0
B5: 2 | H5: =SUM(C5:G5) -> 0
B6: 3 | H6: =SUM(C6:G6) -> 0
B7: 4 | H7: =SUM(C7:G7) -> 0
B8: 5 | H8: =SUM(C8:G8) -> 0
B9: 6 | H9: =SUM(C9:G9) -> 0
B10: 7 | H10: =SUM(C10:G10) -> 0
B11: 8 | H11: =SUM(C11:G11) -> 0
B12: 9 | H12: =SUM(C12:G12) -> 0
B13: 10 | H13: =SUM(C13:G13) -> 0
B14: 11 | H14: =SUM(C14:G14) -> 0
B15: 12 | H15: =SUM(C15:G15) -> 0
B16: 13 | H16: =SUM(C16:G16) -> 0
... B19: 16 | H19: =SUM(C19:G19) -> 0
B20: Statewide
A29: Background Data [To be deleted prior to publication]
