Workbook
Name nonparticipating_forecastzone_scale_factor: '[1]Energy Usage'!#REF!
Name nonparticipating_forecastzone_scale_factor: 'Energy Usage'!#REF!
Name Space_Function: Data!$A$2:$A$76

Sheet Notes
A1: Data Sources
A2: Dataset | B2: Dodge 2023
B3: CEUS 2022
B4: CBECS 2018
B5: ComStock 2023
A7: Prototype | B7: CEC Hospital prototype (CBECC 2022.3.1) | C7: https://bees.noresco.com/software2022.html
B8: PNNL Hospital prototype (90.1-2022 2019, 2013) | C8: https://www.energycodes.gov/prototype-building-models#Commercial
B9: DEER Hospital prototype (June 2024) | C9: https://github.com/sound-data/DEER-Prototypes-EnergyPlus
A11: Codes | B11: Title 24, part 6, referred to as T24 (1984, 2001, 2007, 2013, 2016, 2022, 2025)
B12: ASHRAE 90.1 (2022)
B13: ASHRAE 62.1 (2022)
B14: CFR Title 10 (2008, 2010, 2025)
B15: ASHRAE 170/OSHPD
B16: 2022 California Mechanical Code (Title 24, Part 4)
B17: ACM 2022
B18: T24 2022 - Appendix 5.4A and Appendix 5.4B
C19: https://www.energy.ca.gov/publications/2022/2022-nonresidential-and-multifamily-alternative-calculation-method-reference
A20: Others | B20: 2022 Reduced infiltration CASE report | C20: https://title24stakeholders.com/wp-content/uploads/2020/10/2022-T24-Final-CASE-Report_Reduce-Infiltration.pdf
B21: 2019 Outdoor Lighting CASE Report | C21: https://title24stakeholders.com/wp-content/uploads/2016/10/T24-2019-CASE-Study-Results-Report-Outdoor-Sources_Final_with-Attachments.pdf
B22: PNNL 20405, 2010 | C22: https://www.pnnl.gov/main/publications/external/technical_reports/PNNL-20405.pdf
B23: Air leakage Memo, NORESCO, 2025 | C23: https://2050partners.sharepoint.com/:w:/r/sites/CalBEMCollaborativeEfforts/Shared%20Documents/Working%20Group%201%20-%20Streamlined%20Process/D%20-%20Complexity%20of%20Compliance/Prototype%20Unification/Project%20Development/Phase%202%20(Collect%20Inputs)%20Development/NR/Air%20Leakage%20Memo/Infiltration_rate_report_14May2025-Short-Version.docx?d=w3bef8f747fac44f2a70cd76617660066&csf=1&web=1&e=wh5Dm4
B24: 2019 High Efficiency Fume Hoods in Laboratory Spaces CASE Report | C24: https://title24stakeholders.com/wp-content/uploads/2017/09/2019-T24-CASE-Report_Fume-Hoods_Final_September-2017.pdf?
A26: Construction Rate
A39: Notes
A40: Hospital | B40: A hospital, as defined across CEC, PNNL, and CPUC prototypes, is a large, full-service inpatient healthcare facility that operates 24/7, providing acute medical care, surgical services, and diagnostic treatment. It includes patient rooms, operating suites, labs, and support areas, and is typically served by 100% outdoor air HVAC systems with strict ventilation and pressurization controls.
A41: EIA, 2018 CBECS | B41: On average, hospitals were 264,800 square feet per building, but outpatient health care buildings averaged 13,700 square feet.
A42: Source | B42: https://www.eia.gov/consumption/commercial/

Sheet Prototype
A1: NORESCO, Updated August 2025
A2: Hospital
A3: Characteristic | B3: Value | C3: Data Sources
A4: Building Type | B4: Hospital
A5: Building Category | B5: Nonresidential
A6: Vintages | B6: 4 Vintages: Pre-1978 , 1978-1997 ,1998-2007 , 2008-2018 New Construction (2019+) | C6: Based on the vintage bin analysis | D6: NonRes-Vintage bins-Draft Report-30Nov2023-Final.docx
A7: Shape | C7: The analysis uses prototype geometry originally developed by PNNL. The CEC prototypes also adopt this geometry as a foundation.
A8: Total Floor Area (ft²) | B8: 241500 (230 ft x 175 ft for each floor) | C8: Same as CEC and PNNL
A9: Aspect Ratio | B9: 1.31 | C9: Same as CEC and PNNL
A10: Number of Floors | B10: 5 (plus basement) | C10: Same as CEC and PNNL
A11: Roof type | B11: Flat roof | C11: Same as CEC and PNNL
A12: WWR | B12: North: 12%, East: 13%, South: 15%, West: 24% Average Total: 16% | C12: Same as CEC and PNNL
A13: Shading Geometry | B13: No Shades | C13: Same as CEC and PNNL
A14: Floor to floor height (feet) | B14: Ground floor: 8 ft Upper floors: 14 ft | C14: Same as CEC and PNNL
A15: Floor to ceiling height (feet) | B15: No ceiling; plenum is modeled | C15: Same as CEC and PNNL
A16: Glazing sill height (feet) | B16: 3 ft (4 ft high windows) | C16: Same as CEC and PNNL
A19: Above grade wall area (ft²) | B19: 56720
A20: Gross wall area (ft²) | B20: 63203
A21: Roof area (ft²) | B21: 40254
A22: Underground Gross Wall Area (ft²) | B22: 6482

Sheet Zones
A1: ="Proposed Layout - "&Prototype!A2 -> Proposed Layout - Hospital
A2: Space Type | B2: Space/Thermal Zone | C2: HVAC System Name / AHU Name | D2: Schedule Category | E2: Conditioned (Y/N) | F2: Area Fraction | G2: Area (ft²) | H2: Volume (ft³) | I2: Multipliers | J2: Total Area (ft²) | K2: Number of People | L2: People (Persons/1,000 ft²) [T24, 2025,Table 120.1-A] | M2: Note
A3: Office Area (>250 square feet) | B3: Basement | C3: VAV 1 | D3: Office | E3: Yes | F3: =J3/$J$58 -> 0.1666661 | G3: 40253.93 | H3: 322126.45 | I3: 1 | J3: =I3*G3 -> 40253.93 | K3: =L3*G3/1000 -> 201.26965 | L3: 5
A4: Corridor Area | B4: Corridor_flr_1 | C4: VAV 1 | D4: Health | E4: Yes | F4: =J4/$J$58 -> 0.025362241 | G4: 6125.6 | H4: 85784.61 | I4: 1 | J4: =I4*G4 -> 6125.6 | K4: =L4*G4/1000 -> 30.628 | L4: 5
A5: Corridor Area | B5: Corridor_flr_2 | C5: VAV 1 | D5: Health | E5: Yes | F5: =J5/$J$58 -> 0.025362241 | G5: 6125.6 | H5: 85784.61 | I5: 1 | J5: =I5*G5 -> 6125.6 | K5: =L5*G5/1000 -> 30.628 | L5: 5
A6: Corridor Area | B6: Corridor_flr_5 | C6: VAV 2 | D6: Health | E6: Yes | F6: =J6/$J$58 -> 0.022360184 | G6: 5400.53 | H6: 75630.51 | I6: 1 | J6: =I6*G6 -> 5400.53 | K6: =L6*G6/1000 -> 27.00265 | L6: 5
A7: Corridor Area | B7: Corridor_nw_flr_3 | C7: VAV 2 | D7: Health | E7: Yes | F7: =J7/$J$58 -> 0.025258732 | G7: 6100.6 | H7: 85434.47 | I7: 1 | J7: =I7*G7 -> 6100.6 | K7: =L7*G7/1000 -> 30.503 | L7: 5
A8: Corridor Area | B8: Corridor_nw_flr_4 | C8: VAV 2 | D8: Health | E8: Yes | F8: =J8/$J$58 -> 0.025258732 | G8: 6100.6 | H8: 85434.47 | I8: 1 | J8: =I8*G8 -> 6100.6 | K8: =L8*G8/1000 -> 30.503 | L8: 5
A9: Corridor Area | B9: Corridor_se_flr_3 | C9: VAV 2 | D9: Health | E9: Yes | F9: =J9/$J$58 -> 0.025258732 | G9: 6100.6 | H9: 85434.47 | I9: 1 | J9: =I9*G9 -> 6100.6 | K9: =L9*G9/1000 -> 30.503 | L9: 5
A10: Corridor Area | B10: Corridor_se_flr_4 | C10: VAV 2 | D10: Health | E10: Yes | F10: =J10/$J$58 -> 0.025258732 | G10: 6100.6 | H10: 85434.47 | I10: 1 | J10: =I10*G10 -> 6100.6 | K10: =L10*G10/1000 -> 30.503 | L10: 5
A11: Dining Area (Cafeteria/Fast Food) | B11: Dining_flr_5 | C11: VAV 2 | D11: Restaurant | E11: Yes | F11: =J11/$J$58 -> 0.031055786 | G11: 7500.73 | H11: 105042.38 | I11: 1 | J11: =I11*G11 -> 7500.73 | K11: =L11*G11/1000 -> 247.52409 | L11: 33
A12: Healthcare Facility and Hospitals (Exam/Treatment Room) | B12: Er_exam1_mult4_flr_1 | C12: VAV ER | D12: Health24/7 | E12: Yes | F12: =J12/$J$58 -> 0.004968939 | G12: 300.03 | H12: 4201.7 | I12: 4 | J12: =I12*G12 -> 1200.12 | K12: =L12*G12/1000 -> 1.50015 | L12: 5 | M12: Table 120.1-A- 2025 T24-Misc-All Other
A13: Healthcare Facility and Hospitals (Exam/Treatment Room) | B13: Er_exam3_mult4_flr_1 | C13: VAV ER | D13: Health24/7 | E13: Yes | F13: =J13/$J$58 -> 0.004968939 | G13: 300.03 | H13: 4201.7 | I13: 4 | J13: =I13*G13 -> 1200.12 | K13: =L13*G13/1000 -> 1.50015 | L13: 5
A14: Healthcare Facility and Hospitals (Nurse's Station) | B14: Er_nursestn_lobby_flr_1 | C14: VAV 1 | D14: Health24/7 | E14: Yes | F14: =J14/$J$58 -> 0.055072283 | G14: 13301.3 | H14: 186275.15 | I14: 1 | J14: =I14*G14 -> 13301.3 | K14: =L14*G14/1000 -> 66.5065 | L14: 5
A15: Healthcare Facility and Hospitals (Exam/Treatment Room) | B15: Er_trauma1_flr_1 | C15: VAV ER | D15: Health24/7 | E15: Yes | F15: =J15/$J$58 -> 0.0012422347 | G15: 300.03 | H15: 4201.7 | I15: 1 | J15: =I15*G15 -> 300.03 | K15: =L15*G15/1000 -> 1.50015 | L15: 5
A16: Healthcare Facility and Hospitals (Exam/Treatment Room) | B16: Er_trauma2_flr_1 | C16: VAV ER | D16: Health24/7 | E16: Yes | F16: =J16/$J$58 -> 0.0012422347 | G16: 300.03 | H16: 4201.7 | I16: 1 | J16: =I16*G16 -> 300.03 | K16: =L16*G16/1000 -> 1.50015 | L16: 5
A17: Healthcare Facility and Hospitals (Exam/Treatment Room) | B17: Er_triage_mult4_flr_1 | C17: VAV ER | D17: Health24/7 | E17: Yes | F17: =J17/$J$58 -> 0.004968939 | G17: 300.03 | H17: 4201.7 | I17: 4 | J17: =I17*G17 -> 1200.12 | K17: =L17*G17/1000 -> 1.50015 | L17: 5
A18: Healthcare Facility and Hospitals (Recovery Room) | B18: Icu_flr_2 | C18: VAV ICU | D18: Health24/7 | E18: Yes | F18: =J18/$J$58 -> 0.027543221 | G18: 6652.36 | H18: 93161.52 | I18: 1 | J18: =I18*G18 -> 6652.36 | K18: =L18*G18/1000 -> 33.2618 | L18: 5 | M18: Intensive Care Unit, for lighting we can go with the general lighting for the patient room but for other EPD and ventilation refer to the CA mechanical code
A19: Healthcare Facility and Hospitals (Nurse's Station) | B19: Icu_nursestn_lobby_flr_2 | C19: VAV 1 | D19: Health24/7 | E19: Yes | F19: =J19/$J$58 -> 0.029807589 | G19: 7199.26 | H19: 100820.51 | I19: 1 | J19: =I19*G19 -> 7199.26 | K19: =L19*G19/1000 -> 35.9963 | L19: 5
A20: Healthcare Facility and Hospitals (Recovery Room) | B20: Ic_patroom1_mult5_flr_2 | C20: VAV ICU | D20: Health24/7 | E20: Yes | F20: =J20/$J$58 -> 0.0046583285 | G20: 225.02 | H20: 3151.27 | I20: 5 | J20: =I20*G20 -> 1125.1 | K20: =L20*G20/1000 -> 1.1251 | L20: 5
A21: Healthcare Facility and Hospitals (Recovery Room) | B21: Ic_patroom2_flr_2 | C21: VAV ICU | D21: Health24/7 | E21: Yes | F21: =J21/$J$58 -> 0.0012422347 | G21: 300.03 | H21: 4201.7 | I21: 1 | J21: =I21*G21 -> 300.03 | K21: =L21*G21/1000 -> 1.50015 | L21: 5
A22: Healthcare Facility and Hospitals (Recovery Room) | B22: Ic_patroom3_mult6_flr_2 | C22: VAV ICU | D22: Health24/7 | E22: Yes | F22: =J22/$J$58 -> 0.0055899942 | G22: 225.02 | H22: 3151.27 | I22: 6 | J22: =I22*G22 -> 1350.12 | K22: =L22*G22/1000 -> 1.1251 | L22: 5
A23: Kitchen/Food Preparation Area | B23: Kitchen_flr_5 | C23: CAV Kitchen | D23: Kitchen | E23: Yes | F23: =J23/$J$58 -> 0.041407742 | G23: 10000.98 | H23: 140056.5 | I23: 1 | J23: =I23*G23 -> 10000.98 | K23: =L23*G23/1000 -> 30.00294 | L23: 3
A24: Laboratory, Scientific | B24: Lab_flr_3 | C24: VAV Laboratory | D24: Health | E24: Yes | F24: =J24/$J$58 -> 0.011801209 | G24: 2850.28 | H24: 39916.1 | I24: 1 | J24: =I24*G24 -> 2850.28 | K24: =L24*G24/1000 -> 14.2514 | L24: 5 | M24: Change it back to 5 same as CEC and PNNL
A25: Laboratory, Scientific | B25: Lab_flr_4 | C25: VAV Laboratory | D25: Health | E25: Yes | F25: =J25/$J$58 -> 0.011801209 | G25: 2850.28 | H25: 39916.1 | I25: 1 | J25: =I25*G25 -> 2850.28 | K25: =L25*G25/1000 -> 14.2514 | L25: 5
A26: Lobby, Main Entry | B26: Lobby_records_flr_1 | C26: VAV 1 | D26: Health | E26: Yes | F26: =J26/$J$58 -> 0.065733648 | G26: 15876.28 | H26: 222335.92 | I26: 1 | J26: =I26*G26 -> 15876.28 | K26: =L26*G26/1000 -> 523.91724 | L26: 33
A27: Healthcare Facility and Hospitals (Nurse's Station) | B27: Nursestn_lobby_flr_3 | C27: VAV 2 | D27: Health24/7 | E27: Yes | F27: =J27/$J$58 -> 0.040372526 | G27: 9750.95 | H27: 136555.09 | I27: 1 | J27: =I27*G27 -> 9750.95 | K27: =L27*G27/1000 -> 48.75475 | L27: 5
A28: Healthcare Facility and Hospitals (Nurse's Station) | B28: Nursestn_lobby_flr_4 | C28: VAV 2 | D28: Health24/7 | E28: Yes | F28: =J28/$J$58 -> 0.040372526 | G28: 9750.95 | H28: 136555.09 | I28: 1 | J28: =I28*G28 -> 9750.95 | K28: =L28*G28/1000 -> 48.75475 | L28: 5
A29: Healthcare Facility and Hospitals (Nurse's Station) | B29: Nursestn_lobby_flr_5 | C29: VAV 2 | D29: Health24/7 | E29: Yes | F29: =J29/$J$58 -> 0.046376639 | G29: 11201.09 | H29: 156863.28 | I29: 1 | J29: =I29*G29 -> 11201.09 | K29: =L29*G29/1000 -> 56.00545 | L29: 5
A30: Office Area (>250 square feet) | B30: Office1_flr_5 | C30: VAV 2 | D30: Office | E30: Yes | F30: =J30/$J$58 -> 0.0031063942 | G30: 750.27 | H30: 10507.01 | I30: 1 | J30: =I30*G30 -> 750.27 | K30: =L30*G30/1000 -> 3.75135 | L30: 5
A31: Office Area (<250 square feet) | B31: Office1_mult5_flr_1 | C31: VAV 1 | D31: Office | E31: Yes | F31: =J31/$J$58 -> 0.0031054833 | G31: 150.01 | H31: 2100.85 | I31: 5 | J31: =I31*G31 -> 750.05 | K31: =L31*G31/1000 -> 0.75005 | L31: 5
A32: Office Area (>250 square feet) | B32: Office2_mult5_flr_5 | C32: VAV 2 | D32: Office | E32: Yes | F32: =J32/$J$58 -> 0.015527831 | G32: 750.07 | H32: 10502.39 | I32: 5 | J32: =I32*G32 -> 3750.35 | K32: =L32*G32/1000 -> 3.75035 | L32: 5
A33: Office Area (>250 square feet) | B33: Office3_flr_5 | C33: VAV 2 | D33: Office | E33: Yes | F33: =J33/$J$58 -> 0.0031055661 | G33: 750.07 | H33: 10504.24 | I33: 1 | J33: =I33*G33 -> 750.07 | K33: =L33*G33/1000 -> 3.75035 | L33: 5
A34: Office Area (<250 square feet) | B34: Office4_mult6_flr_5 | C34: VAV 2 | D34: Office | E34: Yes | F34: =J34/$J$58 -> 0.00372658 | G34: 150.01 | H34: 2100.85 | I34: 6 | J34: =I34*G34 -> 900.06 | K34: =L34*G34/1000 -> 0.75005 | L34: 5
A35: Healthcare Facility and Hospitals (Operating Room) | B35: Or1_flr_2 | C35: VAV OR | D35: Health | E35: Yes | F35: =J35/$J$58 -> 0.0024844695 | G35: 600.06 | H35: 8403.39 | I35: 1 | J35: =I35*G35 -> 600.06 | K35: =L35*G35/1000 -> 3.0003 | L35: 5
A36: Healthcare Facility and Hospitals (Operating Room) | B36: Or2_mult5_flr_2 | C36: VAV OR | D36: Health | E36: Yes | F36: =J36/$J$58 -> 0.012422347 | G36: 600.06 | H36: 8403.39 | I36: 5 | J36: =I36*G36 -> 3000.3 | K36: =L36*G36/1000 -> 3.0003 | L36: 5
... A57: Healthcare Facility and Hospitals (Imaging Room) | B57: Radiology_flr_4 | C57: VAV 2 | D57: Health | E57: Yes | F57: =J57/$J$58 -> 0.021739046 | G57: 5250.51 | H57: 73529.66 | I57: 1 | J57: =I57*G57 -> 5250.51 | K57: =L57*G57/1000 -> 26.25255 | L57: 5
A58: Total (12 Space types) | B58: Total ( 162 spaces) | C58: Total ( Thermal Zones) | E58: Total ( 162 Conditioned zones) | J58: =SUM(J3:J57) -> 241524.4 | K58: =SUM(K3:K57) -> 1705.1352
A61: Occupancy rate of the patient rooms: | B61: 0.55
A62: Source: A report published by California Health Care Foundation, 2022
A63: https://www.chcf.org/wp-content/uploads/2022/07/CAHospitalsAlmanac2022QRG.pdf?utm_source=chatgpt.com
A65: Background Data [To be deleted prior to publication]
A72: Background Data [To be deleted prior to publication]

Sheet Envelope
A1: ="Envelope - "&Prototype!A2 -> Envelope - Hospital
A2: Element | B2: Prototype | C2: Assembly Type | D2: Construction | E2: Thermal Properties | F2: Vintage | G2: Selected T24 | H2: Note | I2: CZ1 | J2: CZ2 | K2: CZ3 | L2: CZ4 | M2: CZ5 | N2: CZ6 | O2: CZ7 | P2: CZ8 | Q2: CZ9 | R2: CZ10 | S2: CZ11 | T2: CZ12 | U2: CZ13 | V2: CZ14 | W2: CZ15 | X2: CZ16
A3: External Wall | B3: Hospital | C3: ExtWall_MetalFramed_NonRes | D3: Metal frame + insulation + gypsum board (Same as CEC and DEER. PNNL has Mass wall)) | E3: U-factor IP | F3: Pre 1978 | G3: N/A | H3: ASHRAE 90.1,2022 Table A3.3.3.1, 3.5", R-0 | I3: 0.352 | J3: 0.352 | K3: 0.352 | L3: 0.352 | M3: 0.352 | N3: 0.352 | O3: 0.352 | P3: 0.352 | Q3: 0.352 | R3: 0.352 | S3: 0.352 | T3: 0.352 | U3: 0.352 | V3: 0.352 | W3: 0.352 | X3: 0.352
F4: 1978-1997 | G4: 1986 | H4: Copied from High-rise office alternative requirements (Table 2-53W): Package A with heat capacity around 10 (Btu/F-ft²) | I4: 0.213 | J4: 0.227 | K4: 0.227 | L4: 0.217 | M4: 0.256 | N4: 0.256 | O4: 0.256 | P4: 0.256 | Q4: 0.256 | R4: 0.256 | S4: 0.238 | T4: 0.238 | U4: 0.238 | V4: 0.208 | W4: 0.208 | X4: 0.213
F5: 1998-2007 | G5: 2001 | H5: Table 1-H | I5: 0.182 | J5: 0.182 | K5: 0.189 | L5: 0.189 | M5: 0.189 | N5: 0.189 | O5: 0.189 | P5: 0.189 | Q5: 0.189 | R5: 0.182 | S5: 0.182 | T5: 0.182 | U5: 0.182 | V5: 0.182 | W5: 0.182 | X5: 0.182
F6: 2008-2018 | G6: 2013 | H6: Table 140.3-B | I6: 0.098 | J6: 0.062 | K6: 0.082 | L6: 0.062 | M6: 0.062 | N6: 0.098 | O6: 0.098 | P6: 0.062 | Q6: 0.062 | R6: 0.062 | S6: 0.062 | T6: 0.062 | U6: 0.062 | V6: 0.062 | W6: 0.062 | X6: 0.062
F7: 2019+ | G7: 2025 | H7: Table 140.3-B | I7: 0.06 | J7: 0.055 | K7: 0.071 | L7: 0.055 | M7: 0.055 | N7: 0.06 | O7: 0.06 | P7: 0.055 | Q7: 0.055 | R7: 0.055 | S7: 0.055 | T7: 0.055 | U7: 0.055 | V7: 0.055 | W7: 0.055 | X7: 0.055
A8: Roof | B8: Hospital | C8: FlatRoof_WoodFramedAndOther_NonRes | D8: Built-up Roof (Metal Decking Roof) Roof membrane + roof insulation + metal decking (Same as PNNL and DEER-Metal roof- CEC has wood-framed roof) | E8: U-factor IP | F8: Pre 1978 | G8: N/A | H8: Considering 30 years for roof/ insulation replacement. | I8: 0.057 | J8: 0.057 | K8: 0.057 | L8: 0.057 | M8: 0.057 | N8: 0.078 | O8: 0.078 | P8: 0.078 | Q8: 0.078 | R8: 0.078 | S8: 0.057 | T8: 0.057 | U8: 0.057 | V8: 0.057 | W8: 0.057 | X8: 0.057
F9: 1978-1997 | G9: 1992 | I9: 0.057 | J9: 0.057 | K9: 0.057 | L9: 0.057 | M9: 0.057 | N9: 0.078 | O9: 0.078 | P9: 0.078 | Q9: 0.078 | R9: 0.078 | S9: 0.057 | T9: 0.057 | U9: 0.057 | V9: 0.057 | W9: 0.057 | X9: 0.057
F10: 1998-2007 | G10: 2001 | H10: Table 1-H | I10: 0.057 | J10: 0.057 | K10: 0.057 | L10: 0.057 | M10: 0.057 | N10: 0.078 | O10: 0.078 | P10: 0.078 | Q10: 0.078 | R10: 0.057 | S10: 0.057 | T10: 0.057 | U10: 0.057 | V10: 0.057 | W10: 0.057 | X10: 0.057
F11: 2008-2018 | G11: 2013 | H11: Table 140.3-B | I11: 0.049 | J11: 0.039 | K11: 0.039 | L11: 0.039 | M11: 0.049 | N11: 0.075 | O11: 0.067 | P11: 0.067 | Q11: 0.039 | R11: 0.039 | S11: 0.039 | T11: 0.039 | U11: 0.039 | V11: 0.039 | W11: 0.039 | X11: 0.039
F12: 2019+ | G12: 2025 | H12: Table 140.3-B | I12: 0.038 | J12: 0.038 | K12: 0.038 | L12: 0.038 | M12: 0.038 | N12: 0.038 | O12: 0.038 | P12: 0.038 | Q12: 0.038 | R12: 0.038 | S12: 0.038 | T12: 0.038 | U12: 0.038 | V12: 0.038 | W12: 0.038 | X12: 0.038
A13: Windows | B13: Hospital | C13: FixedWindow_NonRes | D13: Single pane | E13: U-factor IP | F13: Pre 1978 | G13: N/A | H13: ASHRAE Handbook of Fundamentals (Table 4-Ch15) for single pane & T24, 2013 for double pane(33%-67%)* | I13: =0.338*1.12+0.67*0.36 -> 0.61976 | J13: =0.338*1.12+0.67*0.36 -> 0.61976 | K13: =0.338*1.12+0.67*0.36 -> 0.61976 | L13: =0.338*1.12+0.67*0.36 -> 0.61976 | M13: =0.338*1.12+0.67*0.36 -> 0.61976 | N13: =0.338*1.12+0.67*0.36 -> 0.61976 | O13: =0.338*1.12+0.67*0.36 -> 0.61976 | P13: =0.338*1.12+0.67*0.36 -> 0.61976 | ... X13: =0.338*1.12+0.67*0.36 -> 0.61976
F14: 1978-1997 | G14: N/A | I14: =0.338*1.12+0.67*0.36 -> 0.61976 | J14: =0.338*1.12+0.67*0.36 -> 0.61976 | K14: =0.338*1.12+0.67*0.36 -> 0.61976 | L14: =0.338*1.12+0.67*0.36 -> 0.61976 | M14: =0.338*1.12+0.67*0.36 -> 0.61976 | N14: =0.338*1.12+0.67*0.36 -> 0.61976 | O14: =0.338*1.12+0.67*0.36 -> 0.61976 | P14: =0.338*1.12+0.67*0.36 -> 0.61976 | ... X14: =0.338*1.12+0.67*0.36 -> 0.61976
D15: Double pane | F15: 1998-2007 | G15: 2001 | H15: Table 1-H | I15: 0.49 | J15: 0.49 | K15: 0.81 | L15: 0.81 | M15: 0.81 | N15: 0.81 | O15: 0.81 | P15: 0.81 | Q15: 0.81 | R15: 0.49 | S15: 0.49 | T15: 0.49 | U15: 0.49 | V15: 0.49 | W15: 0.49 | X15: 0.49
F16: 2008-2018 | G16: 2013 | H16: Table 140.3-B | I16: 0.36 | J16: 0.36 | K16: 0.36 | L16: 0.36 | M16: 0.36 | N16: 0.36 | O16: 0.36 | P16: 0.36 | Q16: 0.36 | R16: 0.36 | S16: 0.36 | T16: 0.36 | U16: 0.36 | V16: 0.36 | W16: 0.36 | X16: 0.36
F17: 2019+ | G17: 2025 | H17: Table 140.3-B | I17: 0.36 | J17: 0.36 | K17: 0.36 | L17: 0.36 | M17: 0.36 | N17: 0.36 | O17: 0.36 | P17: 0.36 | Q17: 0.34 | R17: 0.36 | S17: 0.34 | T17: 0.34 | U17: 0.34 | V17: 0.34 | W17: 0.34 | X17: 0.36
B18: Hospital | C18: FixedWindow_NonRes | D18: Single pane | E18: SHGC | F18: Pre 1978 | G18: N/A | H18: ASHRAE Handbook of Fundamentals (Table 10-Ch15) for single pane & T24, 2013 for double pane(33%-67%)* | I18: =0.79*0.33+0.67*I21 -> 0.4282 | J18: =0.79*0.33+0.67*J21 -> 0.4282 | K18: =0.79*0.33+0.67*K21 -> 0.4282 | L18: =0.79*0.33+0.67*L21 -> 0.4282 | M18: =0.79*0.33+0.67*M21 -> 0.4282 | N18: =0.79*0.33+0.67*N21 -> 0.4282 | O18: =0.79*0.33+0.67*O21 -> 0.4282 | P18: =0.79*0.33+0.67*P21 -> 0.4282 | ... X18: =0.79*0.33+0.67*X21 -> 0.4282
F19: 1978-1997 | G19: N/A | I19: =0.79*0.33+0.67*I21 -> 0.4282 | J19: =0.79*0.33+0.67*J21 -> 0.4282 | K19: =0.79*0.33+0.67*K21 -> 0.4282 | L19: =0.79*0.33+0.67*L21 -> 0.4282 | M19: =0.79*0.33+0.67*M21 -> 0.4282 | N19: =0.79*0.33+0.67*N21 -> 0.4282 | O19: =0.79*0.33+0.67*O21 -> 0.4282 | P19: =0.79*0.33+0.67*P21 -> 0.4282 | ... X19: =0.79*0.33+0.67*X21 -> 0.4282
D20: Double pane | F20: 1998-2007 | G20: 2001 | H20: Table 1-H - WWR:10-20% / SHGC non-north | I20: 0.43 | J20: 0.36 | K20: 0.55 | L20: 0.55 | M20: 0.55 | N20: 0.61 | O20: 0.61 | P20: 0.61 | Q20: 0.61 | R20: 0.36 | S20: 0.36 | T20: 0.36 | U20: 0.36 | V20: 0.36 | W20: 0.36 | X20: 0.43
F21: 2008-2018 | G21: 2013 | H21: Table 140.3-B | I21: 0.25 | J21: 0.25 | K21: 0.25 | L21: 0.25 | M21: 0.25 | N21: 0.25 | O21: 0.25 | P21: 0.25 | Q21: 0.25 | R21: 0.25 | S21: 0.25 | T21: 0.25 | U21: 0.25 | V21: 0.25 | W21: 0.25 | X21: 0.25
F22: 2019+ | G22: 2025 | H22: Table 140.3-B | I22: 0.25 | J22: 0.25 | K22: 0.25 | L22: 0.25 | M22: 0.25 | N22: 0.25 | O22: 0.25 | P22: 0.25 | Q22: 0.22 | R22: 0.25 | S22: 0.22 | T22: 0.22 | U22: 0.22 | V22: 0.22 | W22: 0.22 | X22: 0.25
E25: Infiltration
F26: Vintage | G26: I_75 6-sdied Infiltration rate @ 75 pa | H26: Note | I26: I-design (cfm/ft²) (4-sided Infiltration rate at normal pressure) (Design flow rate approach and Flow/Exterior Wall Area calculation method)
E27: Infiltration | F27: Pre 1978 | G27: 1.1 | H27: 2022 CASE report (Table 38) | I27: 0.3121
F28: 1978-1997 | G28: 1.1 | H28: 2022 CASE report (Table 38) | I28: 0.3121
F29: 1998-2007 | G29: 1.1 | H29: 2022 CASE report (Table 38) | I29: 0.3121
F30: 2008-2018 | G30: 1 | H30: 2022 CASE report (Table 38) & T24, 2008-2016 (Table 140.3-B)--Air barrier is required in CZ 10-16 | I30: 0.2856
F31: 2019+ | G31: 0.6 | H31: 2022 CASE report (Table 38) & T24, 2025 (Table 140.3-B)-Air barrier is required in all CZs | I31: 0.1703
E32: Source: Title 24 air barrier requirements (all editions) and the standardized infiltration rate reported in the 2022 CASE report and Dodge 2023 data
E33: Air Leakage Memo: | G33: Infiltration_rate_report_14May2025-Short-Version.docx

Sheet HVAC System
A1: ="HVAC system - "&Prototype!A2 -> HVAC system - Hospital
A2: Vintage | B2: Zones | C2: Heating | D2: Cooling | E2: Air Distribution | F2: Other Systems | G2: Source | H2: Note
A3: Existing | B3: Kitchen | C3: Gas Boiler | D3: Chiller | E3: CAV | F3: CAV exhaust system with rooftop makeup air units, no energy recovery and no Demand Control | G3: CEUS 2022(Other system based on T24 and Engineering judgement)
B4: All other conditioned zones | C4: Gas Boiler | D4: Chiller | E4: CAV + Hydronic Reheat | G4: CEUS 2022(Other system based on T24 and Engineering judgement)
A5: New Construction | B5: Kitchen | C5: Gas Boiler | D5: Chiller | E5: VAV | F5: A VAV dedicated MAU with tempered outside air, with exhaust hood and demand control ventilation | G5: T24 2025 ACM 2025, Table 2 and 3 | H5: System 13 a - Built-up kitchen MAU
B6: All other conditioned zones (ER, ICU, Labs, OR, Patient Rms) | C6: Gas Boiler | D6: Chiller | E6: VAV + Hydronic Reheat | G6: T24 2025 ACM 2025, Table 2 and 3 | H6: System 6 – VAV
A11: Efficiency of HVAC system (Efficiency is capacity-dependent. The following Table provides a general estimate of system efficiency based on what we saw in the existing prototype runs, or assuming cooling load based on rule of thumb)
B12: Upgrade/Installed year | C12: Water Cooled Chiller | D12: Gas Boiler | E12: Heat Rejection (Cooling Tower) | F12: Sources | G12: Note
A13: Pre 1978 | B13: 2008 | C13: Water Cooled, Electrically Operated, Centrifugal--≥ 300 tons and < 600 tons - 5.55 COP 5.90 IPLV | D13: n/a | E13: Axial fan Open-circuit cooling tower--95°F entering water 85°F leaving water 75°F entering air wb--≥ 38.2 gpm/hp | F13: T24, 2008, Table 112-D (for chiller COP) – Table 112-G (for boiler thermal efficiency)
A14: 1978-1997
A15: 1998-2007
A16: 2008-2018 | B16: 2013 | C16: Water Cooled, Electrically Operated, Centrifugal--≥ 300 tons and < 600 tons --≤ 0.576 kW/ton ≤ 0.549 IPLV (Path A) | D16: 82% Ec | E16: Axial fan Open-circuit cooling tower--95°F entering water 85°F leaving water 75°F entering air wb--≥ 42.1 gpm/hp | F16: T24, 2013 , Table 110.2-D (for chiller COP) - Table 110.2-J (for Boiler thermal efficiency)
A17: New Construction | B17: 2025 | C17: Water Cooled, Electrically Operated, Centrifugal--≥ 300 tons and < 400 ton--≤ 0.560 kW/ton ≤ 0.520 IPLV (Path A) | D17: Gas-Fired Boiler > 2,500,000 Btu/h and ≤10,000,000 Btu/h-- 85% Ec | E17: Axial fan Open-circuit cooling tower--95°F entering water 85°F leaving water 75°F entering air wb--≥ 42.1 gpm/hp | F17: T24, 2025 , Table 110.2-D (for chiller COP) - Table 110.2-J (for Boiler thermal efficiency)
C19: * Ec = combustion efficiency
A24: Fan power
A25: Vintage | B25: Approach | C25: System | D25: Total Static Pressure (TSP) in w.c. [PNNL 20405, 2010, Table 5.11] | E25: Fan Efficiency [ACM, 2025] | F25: Fan Motor and Drive Efficiency [ACM 2025, Table 13] | G25: W/cfm [ACM 2025, Table 14 and 15] | H25: Data Source | I25: Note
A26: Existing | B26: PNNL TSP | C26: Kitchen System CAVMAU | D26: 4.09 | E26: 0.65 | F26: 0.9 | H26: ACM 2025, PNNL 2010 TSD
C27: All Other Zones-FPFC (on/off) | D27: 1.33
A28: Brake horse power (bhp)=(Supply cfm*TSP in w.c.)/(6356*Fan efficiency)
A29: Fan power (w/cfm) = bhp/motor and drive efficiency *746
A30: New Construction | B30: ACM 2025 | C30: Kitchen System - VAVMAU System 6-VAV, >10,000 cfm | D30: =G30*E30*F30/746*6356 -> 4.7200968 | E30: 0.65 | F30: 0.9 | G30: 0.947 | H30: 2025 ACM
C31: All Other Zones System 6-VAV, >10,000 cfm | D31: =G31*E30*F30/746*6356 -> 4.7200968 | G31: 0.947
A33: Fan total eff (E+ input) = 0.65 x Motor_eff
A34: TSP (E+ input) in w.c. = Motor_eff/746 x (6356 x Fan_eff) x W/cfm
A35: Fan_eff=0.65
A37: Background Data [To be deleted prior to publication]
A39: CEUS 2022 data | B39: Heating | F39: Cooling | H39: Air Distribution | I39: Water Heater
B40: Floorspace Heated | C40: Primary Heating | D40: Fuel Type | F40: Floorspace Cooled | G40: Primary Cooling | H40: Primary Air Dis | I40: Fuel Type
C41: The default is the floorspace method unless otherwise specified | D41: Elec | E41: Gas | G41: The default is the floorspace method unless otherwise specified | H41: The default is the floorspace method unless otherwise specified | I41: Elec | J41: Gas
A42: Health Care | B42: 0.99 | C42: Floorspace method: | D42: 0.17 | E42: 0.81 | F42: 0.98 | G42: Floorspace method: | H42: Floorspace method: | I42: 0.1 | J42: 0.85
C43: Boiler/ Hydronic (43.9%) | G43: Central Plant (Chiller) (43.5%) | H43: Single Duct CAV (53.4%)
C44: Package System / Heat Pump (40.8%) | G44: Package System / Heat Pump (40.7%) | H44: Fan Coil/Unit Ventilator (21.3%)
C45: Site method: | G45: Site method: | H45: Site method:
C46: Boiler/ Hydronic (6.8%) | G46: Central Plant (Chiller) (6.5%) | H46: Single Duct CAV (91.4%)
C47: Package System / Heat Pump (72.1%) | G47: Package System / Heat Pump (71.5%) | H47: Fan Coil/Unit Ventilator (5.7%)

Sheet Ventilation
A1: =O3 -> Outdoor Airflow Rate - Hospital
A2: Space Type | B2: Space/Thermal Zone | C2: Number of People | D2: Floor Area (ft²) | E2: cfm/person [T24, 2025, Equation 120.1-F and Table 120.1-A] | F2: cfm/ft² [T24, 2025, Equation 120.1-F and Table 120.1-A] | G2: Required exhaust rate (cfm/ft) [T24, 2025, Table 120.1-B – minimum exhaust rates] | H2: Min OA Ventilation Requirement (cfm/ft) [Table 4-A, 2022 California Mechanical Code] | I2: Total cfm driven by people | J2: Total cfm driven by area | K2: Total cfm driven by exhaust | L2: Total cfm | M2: Note
A3: Office Area (>250 square feet) | B3: Basement | C3: =Zones!K3 -> 201.26965 | D3: =Zones!J3 -> 40253.93 | E3: 15 | F3: =VLOOKUP(A3,O$4:S$17,5) -> 0.15 | H3: =VLOOKUP(A3,O$4:V$17,8) -> 0 | I3: =E3*C3 -> 3019.0447 | J3: =F3*D3 -> 6038.0895 | L3: =MAX(I3:K3) -> 6038.0895 | O3: ="Outdoor Airflow Rate - "&Prototype!A2 -> Outdoor Airflow Rate - Hospital
A4: Corridor Area | B4: Corridor_flr_1 | C4: =Zones!K4 -> 30.628 | D4: =Zones!J4 -> 6125.6 | E4: 15 | F4: =VLOOKUP(A4,O$4:S$17,5) -> 0.15 | H4: =VLOOKUP(A4,O$4:V$17,8) -> 0 | I4: =E4*C4 -> 459.42 | J4: =F4*D4 -> 918.84 | L4: =MAX(I4:K4) -> 918.84 | O4: Space Type | P4: Total Area (ft²) | Q4: Min. occupancy load (persons/1000 ft²) | R4: Total Number of Occupants | S4: cfm/ft² (Table 120.1-A – Minimum Ventilation Rates) | T4: Required Exhaust Rate-cfm/ft² (Table 120.1-B – Minimum Exhaust Rates) | U4: Min OA Ventilation Requirement-ACH-(Table 4-A, 2022 California Mechanical Code) | V4: Min OA Ventilation Requirement-cfm/ft²-(Table 4-A, 2022 California Mechanical Code) | W4: cfm
A5: Corridor Area | B5: Corridor_flr_2 | C5: =Zones!K5 -> 30.628 | D5: =Zones!J5 -> 6125.6 | E5: 15 | F5: =VLOOKUP(A5,O$4:S$17,5) -> 0.15 | H5: =VLOOKUP(A5,O$4:V$17,8) -> 0 | I5: =E5*C5 -> 459.42 | J5: =F5*D5 -> 918.84 | L5: =MAX(I5:K5) -> 918.84 | O5: =Zones!A3 -> Office Area (>250 square feet) | P5: =SUMIF(Zones!A$3:A$57, "*Office Area (>250 square feet)*", Zones!J$3:J$57) -> 45504.62 | Q5: =Zones!L3 -> 5 | R5: =(P5/1000)*Q5 -> 227.5231 | S5: 0.15 | T5: 0 | W5: =MAX(R5*15,P5*S5,P5*T5,P5*V5) -> 6825.693
A6: Corridor Area | B6: Corridor_flr_5 | C6: =Zones!K6 -> 27.00265 | D6: =Zones!J6 -> 5400.53 | E6: 15 | F6: =VLOOKUP(A6,O$4:S$17,5) -> 0.15 | H6: =VLOOKUP(A6,O$4:V$17,8) -> 0 | I6: =E6*C6 -> 405.03975 | J6: =F6*D6 -> 810.0795 | L6: =MAX(I6:K6) -> 810.0795 | O6: =Zones!A4 -> Corridor Area | P6: =SUMIF(Zones!A$3:A$57, "*Corridor Area*", Zones!J$3:J$57) -> 42054.13 | Q6: =Zones!L4 -> 5 | R6: =(P6/1000)*Q6 -> 210.27065 | S6: 0.15 | T6: 0 | W6: =MAX(R6*15,P6*S6,P6*T6,P6*V6) -> 6308.1195
A7: Corridor Area | B7: Corridor_nw_flr_3 | C7: =Zones!K7 -> 30.503 | D7: =Zones!J7 -> 6100.6 | E7: 15 | F7: =VLOOKUP(A7,O$4:S$17,5) -> 0.15 | H7: =VLOOKUP(A7,O$4:V$17,8) -> 0 | I7: =E7*C7 -> 457.545 | J7: =F7*D7 -> 915.09 | L7: =MAX(I7:K7) -> 915.09 | O7: =Zones!A11 -> Dining Area (Cafeteria/Fast Food) | P7: =SUMIF(Zones!A$3:A$57, "*Dining Area (Cafeteria/Fast Food)*", Zones!J$3:J$57) -> 7500.73 | Q7: =Zones!L11 -> 33 | R7: =(P7/1000)*Q7 -> 247.52409 | S7: 0.15 | T7: 0 | W7: =MAX(R7*15,P7*S7,P7*T7,P7*V7) -> 3712.8614
A8: Corridor Area | B8: Corridor_nw_flr_4 | C8: =Zones!K8 -> 30.503 | D8: =Zones!J8 -> 6100.6 | E8: 15 | F8: =VLOOKUP(A8,O$4:S$17,5) -> 0.15 | H8: =VLOOKUP(A8,O$4:V$17,8) -> 0 | I8: =E8*C8 -> 457.545 | J8: =F8*D8 -> 915.09 | L8: =MAX(I8:K8) -> 915.09 | O8: =Zones!A12 -> Healthcare Facility and Hospitals (Exam/Treatment Room) | P8: =SUMIF(Zones!A$3:A$57, "*Healthcare Facility and Hospitals (Exam/Treatment Room)*", Zones!J$3:J$57) -> 4200.42 | Q8: =Zones!L12 -> 5 | R8: =(P8/1000)*Q8 -> 21.0021 | T8: 0 | U8: 2 | V8: =(U8*14)/60 -> 0.46666667 | W8: =MAX(R8*15,P8*S8,P8*T8,P8*V8) -> 1960.196
A9: Corridor Area | B9: Corridor_se_flr_3 | C9: =Zones!K9 -> 30.503 | D9: =Zones!J9 -> 6100.6 | E9: 15 | F9: =VLOOKUP(A9,O$4:S$17,5) -> 0.15 | H9: =VLOOKUP(A9,O$4:V$17,8) -> 0 | I9: =E9*C9 -> 457.545 | J9: =F9*D9 -> 915.09 | L9: =MAX(I9:K9) -> 915.09 | O9: =Zones!A14 -> Healthcare Facility and Hospitals (Nurse's Station) | P9: =SUMIF(Zones!A$3:A$57, "*Healthcare Facility and Hospitals (Nurse's Station)*", Zones!J$3:J$57) -> 62104.61 | Q9: =Zones!L14 -> 5 | R9: =(P9/1000)*Q9 -> 310.52305 | T9: 0 | U9: 2 | V9: =(U9*14)/60 -> 0.46666667 | W9: =MAX(R9*15,P9*S9,P9*T9,P9*V9)+3137 -> 32119.151 | X9: *Negative pressure
A10: Corridor Area | B10: Corridor_se_flr_4 | C10: =Zones!K10 -> 30.503 | D10: =Zones!J10 -> 6100.6 | E10: 15 | F10: =VLOOKUP(A10,O$4:S$17,5) -> 0.15 | H10: =VLOOKUP(A10,O$4:V$17,8) -> 0 | I10: =E10*C10 -> 457.545 | J10: =F10*D10 -> 915.09 | L10: =MAX(I10:K10) -> 915.09 | O10: =Zones!A18 -> Healthcare Facility and Hospitals (Recovery Room) | P10: =SUMIF(Zones!A$3:A$57, "*Healthcare Facility and Hospitals (Recovery Room)*", Zones!J$3:J$57) -> 9427.61 | Q10: =Zones!L18 -> 5 | R10: =(P10/1000)*Q10 -> 47.13805 | T10: 0 | U10: 2 | V10: =(U10*14)/60 -> 0.46666667 | W10: =MAX(R10*15,P10*S10,P10*T10,P10*V10) -> 4399.5513 | X10: *Positive, No recirculation
A11: Dining Area (Cafeteria/Fast Food) | B11: Dining_flr_5 | C11: =Zones!K11 -> 247.52409 | D11: =Zones!J11 -> 7500.73 | E11: 15 | F11: =VLOOKUP(A11,O$4:S$17,5) -> 0.15 | H11: =VLOOKUP(A11,O$4:V$17,8) -> 0 | I11: =E11*C11 -> 3712.8614 | J11: =F11*D11 -> 1125.1095 | L11: =MAX(I11:K11) -> 3712.8614 | O11: =Zones!A24 -> Laboratory, Scientific | P11: =SUMIF(Zones!A$3:A$57, "*Laboratory-General Health*", Zones!J$3:J$57) -> 0 | Q11: =Zones!L24 -> 5 | R11: =(P11/1000)*Q11 -> 0 | T11: 1 | U11: 2 | V11: =(U11*14)/60 -> 0.46666667 | W11: =MAX(R11*15,P11*S11,P11*T11,P11*V11)+E67+E68 -> 3000 | X11: *Negative pressure
A12: Healthcare Facility and Hospitals (Exam/Treatment Room) | B12: Er_exam1_mult4_flr_1 | C12: =Zones!K12 -> 1.50015 | D12: =Zones!J12 -> 1200.12 | E12: 15 | F12: =VLOOKUP(A12,O$4:S$17,5) -> 0 | H12: 0.46666667 | I12: =E12*C12 -> 22.50225 | J12: =H12*D12 -> 560.056 | L12: =MAX(I12:K12) -> 560.056 | O12: =Zones!A35 -> Healthcare Facility and Hospitals (Operating Room) | P12: =SUMIF(Zones!A$3:A$57, "*Healthcare Facility and Hospitals (Operating Room)*", Zones!J$3:J$57) -> 6600.65 | Q12: =Zones!L35 -> 5 | R12: =(P12/1000)*Q12 -> 33.00325 | U12: 4 | V12: =(U12*14)/60 -> 0.93333333 | W12: =MAX(R12*15,P12*S12,P12*T12,P12*V12) -> 6160.6067
A13: Healthcare Facility and Hospitals (Exam/Treatment Room) | B13: Er_exam3_mult4_flr_1 | C13: =Zones!K13 -> 1.50015 | D13: =Zones!J13 -> 1200.12 | E13: 15 | F13: =VLOOKUP(A13,O$4:S$17,5) -> 0 | H13: 0.46666667 | I13: =E13*C13 -> 22.50225 | J13: =H13*D13 -> 560.056 | L13: =MAX(I13:K13) -> 560.056 | O13: =Zones!A56 -> Healthcare Facility and Hospitals (Physical Therapy Room) | P13: =SUMIF(Zones!A$3:A$57, "*Healthcare Facility and Hospitals (Physical Therapy Room)*", Zones!J$3:J$57) -> 5250.51 | Q13: =Zones!L56 -> 5 | R13: =(P13/1000)*Q13 -> 26.25255 | U13: 2 | V13: =(U13*14)/60 -> 0.46666667 | W13: =MAX(R13*15,P13*S13,P13*T13,P13*V13) -> 2450.238
A14: Healthcare Facility and Hospitals (Nurse's Station) | B14: Er_nursestn_lobby_flr_1 | C14: =Zones!K14 -> 66.5065 | D14: =Zones!J14 -> 13301.3 | E14: 15 | F14: =VLOOKUP(A14,O$4:S$17,5) -> 0 | H14: 0.46666667 | I14: =E14*C14 -> 997.5975 | J14: =H14*D14 -> 6207.2733 | L14: =MAX(I14:K14) -> 6207.2733 | O14: =Zones!A57 -> Healthcare Facility and Hospitals (Imaging Room) | P14: =SUMIF(Zones!A$3:A$57, "*Healthcare Facility and Hospitals (Imaging Room)*", Zones!J$3:J$57) -> 5250.51 | Q14: =Zones!L57 -> 5 | R14: =(P14/1000)*Q14 -> 26.25255 | U14: 2 | V14: =(U14*14)/60 -> 0.46666667 | W14: =MAX(R14*15,P14*S14,P14*T14,P14*V14) -> 2450.238
A15: Healthcare Facility and Hospitals (Exam/Treatment Room) | B15: Er_trauma1_flr_1 | C15: =Zones!K15 -> 1.50015 | D15: =Zones!J15 -> 300.03 | E15: 15 | F15: =VLOOKUP(A15,O$4:S$17,5) -> 0 | H15: 0.7 | I15: =E15*C15 -> 22.50225 | J15: =H15*D15 -> 210.021 | L15: =MAX(I15:K15) -> 210.021 | O15: =Zones!A40 -> Healthcare Facility and Hospitals (Patient Room) | P15: =SUMIF(Zones!A$3:A$57, "*Healthcare Facility and Hospitals (Patient Room)*", Zones!J$3:J$57) -> 20402.68 | Q15: 5 | R15: =(P15/1000)*Q15 -> 102.0134 | U15: 2 | V15: =(U15*14)/60 -> 0.46666667 | W15: =MAX(R15*15,P15*S15,P15*T15,P15*V15) -> 9521.2507
A16: Healthcare Facility and Hospitals (Exam/Treatment Room) | B16: Er_trauma2_flr_1 | C16: =Zones!K16 -> 1.50015 | D16: =Zones!J16 -> 300.03 | E16: 15 | F16: =VLOOKUP(A16,O$4:S$17,5) -> 0 | H16: 0.7 | I16: =E16*C16 -> 22.50225 | J16: =H16*D16 -> 210.021 | L16: =MAX(I16:K16) -> 210.021 | O16: =Zones!A26 -> Lobby, Main Entry | P16: =SUMIF(Zones!A$3:A$57, "*Lobby, Main Entry*", Zones!J$3:J$57) -> 15876.28 | Q16: =Zones!L26 -> 33 | R16: =(P16/1000)*Q16 -> 523.91724 | S16: 0.15 | W16: =MAX(R16*15,P16*S16,P16*T16,P16*V16) -> 7858.7586
A17: Healthcare Facility and Hospitals (Exam/Treatment Room) | B17: Er_triage_mult4_flr_1 | C17: =Zones!K17 -> 1.50015 | D17: =Zones!J17 -> 1200.12 | E17: 15 | F17: =VLOOKUP(A17,O$4:S$17,5) -> 0 | G17: =3697/D17 -> 3.0805253 | H17: 0.46666667 | I17: =E17*C17 -> 22.50225 | J17: =H17*D17 -> 560.056 | K17: =G17*D17 -> 3697 | L17: =MAX(I17:K17) -> 3697 | M17: According to CEC model, exhaust required | O17: =Zones!A23 -> Kitchen/Food Preparation Area | P17: =SUMIF(Zones!A$3:A$57, "*Kitchen/Food Preparation Area*", Zones!J$3:J$57) -> 10000.98 | Q17: =Zones!L23 -> 3 | R17: =(P17/1000)*Q17 -> 30.00294 | S17: 0.15 | T17: 0.7 | W17: =MAX(R17*15,P17*S17,P17*T17,P17*V17) -> 7000.686
A18: Healthcare Facility and Hospitals (Recovery Room) | B18: Icu_flr_2 | C18: =Zones!K18 -> 33.2618 | D18: =Zones!J18 -> 6652.36 | E18: 15 | F18: =VLOOKUP(A18,O$4:S$17,5) -> 0 | H18: 0.46666667 | I18: =E18*C18 -> 498.927 | J18: =H18*D18 -> 3104.4347 | L18: =MAX(I18:K18) -> 3104.4347 | O18: Total | P18: =SUM(P5:P17) -> 234173.73 | R18: =SUM(R5:R17) -> 1805.423 | W18: =SUM(W5:W17) -> 93767.35
A19: Healthcare Facility and Hospitals (Nurse's Station) | B19: Icu_nursestn_lobby_flr_2 | C19: =Zones!K19 -> 35.9963 | D19: =Zones!J19 -> 7199.26 | E19: 15 | F19: =VLOOKUP(A19,O$4:S$17,5) -> 0 | H19: 0.46666667 | I19: =E19*C19 -> 539.9445 | J19: =H19*D19 -> 3359.6547 | L19: =MAX(I19:K19) -> 3359.6547
A20: Healthcare Facility and Hospitals (Recovery Room) | B20: Ic_patroom1_mult5_flr_2 | C20: =Zones!K20 -> 1.1251 | D20: =Zones!J20 -> 1125.1 | E20: 15 | F20: =VLOOKUP(A20,O$4:S$17,5) -> 0 | H20: 0.46666667 | I20: =E20*C20 -> 16.8765 | J20: =H20*D20 -> 525.04667 | L20: =MAX(I20:K20) -> 525.04667
A21: Healthcare Facility and Hospitals (Recovery Room) | B21: Ic_patroom2_flr_2 | C21: =Zones!K21 -> 1.50015 | D21: =Zones!J21 -> 300.03 | E21: 15 | F21: =VLOOKUP(A21,O$4:S$17,5) -> 0 | H21: 0.46666667 | I21: =E21*C21 -> 22.50225 | J21: =H21*D21 -> 140.014 | L21: =MAX(I21:K21) -> 140.014
A22: Healthcare Facility and Hospitals (Recovery Room) | B22: Ic_patroom3_mult6_flr_2 | C22: =Zones!K22 -> 1.1251 | D22: =Zones!J22 -> 1350.12 | E22: 15 | F22: =VLOOKUP(A22,O$4:S$17,5) -> 0 | H22: 0.46666667 | I22: =E22*C22 -> 16.8765 | J22: =H22*D22 -> 630.056 | L22: =MAX(I22:K22) -> 630.056
A23: Kitchen/Food Preparation Area | B23: Kitchen_flr_5 | C23: =Zones!K23 -> 30.00294 | D23: =Zones!J23 -> 10000.98 | E23: 15 | F23: 0.15 | G23: 0.7 | I23: =E23*C23 -> 450.0441 | J23: =F23*D23 -> 1500.147 | K23: =G23*D23 -> 7000.686 | L23: =MAX(I23:K23) -> 7000.686 | M23: Exhaust required according to Code
A24: Laboratory-General Health | B24: Lab_flr_3 | C24: =Zones!K24 -> 14.2514 | D24: =Zones!J24 -> 2850.28 | E24: 15 | F24: =VLOOKUP(A24,O$4:S$17,5) -> 0 | G24: 1 | H24: 0.46666667 | I24: =E24*C24 -> 213.771 | J24: =H24*D24 -> 1330.1307 | K24: =G24*D24 -> 2850.28 | L24: =MAX(I24:K24)+E67 -> 4350.28 | M24: Exhaust required according to Code Per ASHRAE 62.1: Table 6.5-General Lab Exhaust
A25: Laboratory-General Health | B25: Lab_flr_4 | C25: =Zones!K25 -> 14.2514 | D25: =Zones!J25 -> 2850.28 | E25: 15 | F25: =VLOOKUP(A25,O$4:S$17,5) -> 0 | G25: 1 | H25: 0.46666667 | I25: =E25*C25 -> 213.771 | J25: =H25*D25 -> 1330.1307 | K25: =G25*D25 -> 2850.28 | L25: =MAX(I25:K25)+E68 -> 4350.28 | M25: Exhaust required according to Code Per ASHRAE 62.1: Table 6.5-General Lab Exhaust
A26: Lobby, Main Entry | B26: Lobby_records_flr_1 | C26: =Zones!K26 -> 523.91724 | D26: =Zones!J26 -> 15876.28 | E26: 15 | F26: =VLOOKUP(A26,O$4:S$17,5) -> 0.15 | H26: =VLOOKUP(A26,O$4:V$17,8) -> 0 | I26: =E26*C26 -> 7858.7586 | J26: =F26*D26 -> 2381.442 | K26: =G26*D26 -> 0 | L26: =MAX(I26:K26) -> 7858.7586
A27: Healthcare Facility and Hospitals (Nurse's Station) | B27: Nursestn_lobby_flr_3 | C27: =Zones!K27 -> 48.75475 | D27: =Zones!J27 -> 9750.95 | E27: 15 | F27: =VLOOKUP(A27,O$4:S$17,5) -> 0 | G27: =4551/D27 -> 0.46672376 | H27: 0.46666667 | I27: =E27*C27 -> 731.32125 | J27: =H27*D27 -> 4550.4433 | K27: =G27*D27 -> 4551 | L27: =MAX(I27:K27) -> 4551 | M27: According to CEC Model
A28: Healthcare Facility and Hospitals (Nurse's Station) | B28: Nursestn_lobby_flr_4 | C28: =Zones!K28 -> 48.75475 | D28: =Zones!J28 -> 9750.95 | E28: 15 | F28: =VLOOKUP(A28,O$4:S$17,5) -> 0 | G28: =4551/D28 -> 0.46672376 | H28: 0.46666667 | I28: =E28*C28 -> 731.32125 | J28: =H28*D28 -> 4550.4433 | K28: =G28*D28 -> 4551 | L28: =MAX(I28:K28) -> 4551 | M28: According to CEC Model
A29: Healthcare Facility and Hospitals (Nurse's Station) | B29: Nursestn_lobby_flr_5 | C29: =Zones!K29 -> 56.00545 | D29: =Zones!J29 -> 11201.09 | E29: 15 | F29: =VLOOKUP(A29,O$4:S$17,5) -> 0 | H29: 0.46666667 | I29: =E29*C29 -> 840.08175 | J29: =H29*D29 -> 5227.1753 | K29: =G29*D29 -> 0 | L29: =MAX(I29:K29) -> 5227.1753
A30: Office Area (>250 square feet) | B30: Office1_flr_5 | C30: =Zones!K30 -> 3.75135 | D30: =Zones!J30 -> 750.27 | E30: 15 | F30: =VLOOKUP(A30,O$4:S$17,5) -> 0.15 | H30: =VLOOKUP(A30,O$4:V$17,8) -> 0 | I30: =E30*C30 -> 56.27025 | J30: =F30*D30 -> 112.5405 | K30: =G30*D30 -> 0 | L30: =MAX(I30:K30) -> 112.5405
A31: Office Area (>250 square feet) | B31: Office1_mult5_flr_1 | C31: =Zones!K31 -> 0.75005 | D31: =Zones!J31 -> 750.05 | E31: 15 | F31: =VLOOKUP(A31,O$4:S$17,5) -> 0.15 | H31: =VLOOKUP(A31,O$4:V$17,8) -> 0 | I31: =E31*C31 -> 11.25075 | J31: =F31*D31 -> 112.5075 | K31: =G31*D31 -> 0 | L31: =MAX(I31:K31) -> 112.5075
A32: Office Area (>250 square feet) | B32: Office2_mult5_flr_5 | C32: =Zones!K32 -> 3.75035 | D32: =Zones!J32 -> 3750.35 | E32: 15 | F32: =VLOOKUP(A32,O$4:S$17,5) -> 0.15 | H32: =VLOOKUP(A32,O$4:V$17,8) -> 0 | I32: =E32*C32 -> 56.25525 | J32: =F32*D32 -> 562.5525 | K32: =G32*D32 -> 0 | L32: =MAX(I32:K32) -> 562.5525
A33: Office Area (>250 square feet) | B33: Office3_flr_5 | C33: =Zones!K33 -> 3.75035 | D33: =Zones!J33 -> 750.07 | E33: 15 | F33: =VLOOKUP(A33,O$4:S$17,5) -> 0.15 | H33: =VLOOKUP(A33,O$4:V$17,8) -> 0 | I33: =E33*C33 -> 56.25525 | J33: =F33*D33 -> 112.5105 | K33: =G33*D33 -> 0 | L33: =MAX(I33:K33) -> 112.5105
A34: Office Area (>250 square feet) | B34: Office4_mult6_flr_5 | C34: =Zones!K34 -> 0.75005 | D34: =Zones!J34 -> 900.06 | E34: 15 | F34: =VLOOKUP(A34,O$4:S$17,5) -> 0.15 | H34: =VLOOKUP(A34,O$4:V$17,8) -> 0 | I34: =E34*C34 -> 11.25075 | J34: =F34*D34 -> 135.009 | K34: =G34*D34 -> 0 | L34: =MAX(I34:K34) -> 135.009
A35: Healthcare Facility and Hospitals (Operating Room) | B35: Or1_flr_2 | C35: =Zones!K35 -> 3.0003 | D35: =Zones!J35 -> 600.06 | E35: 15 | F35: =VLOOKUP(A35,O$4:S$17,5) -> 0 | H35: 0.9333333 | I35: =E35*C35 -> 45.0045 | J35: =H35*D35 -> 560.05598 | K35: =G35*D35 -> 0 | L35: =MAX(I35:K35) -> 560.05598
A36: Healthcare Facility and Hospitals (Operating Room) | B36: Or2_mult5_flr_2 | C36: =Zones!K36 -> 3.0003 | D36: =Zones!J36 -> 3000.3 | E36: 15 | F36: =VLOOKUP(A36,O$4:S$17,5) -> 0 | H36: 0.9333333 | I36: =E36*C36 -> 45.0045 | J36: =H36*D36 -> 2800.2799 | K36: =G36*D36 -> 0 | L36: =MAX(I36:K36) -> 2800.2799
A37: Healthcare Facility and Hospitals (Operating Room) | B37: Or3_flr_2 | C37: =Zones!K37 -> 3.0003 | D37: =Zones!J37 -> 600.06 | E37: 15 | F37: =VLOOKUP(A37,O$4:S$17,5) -> 0 | H37: 0.9333333 | I37: =E37*C37 -> 45.0045 | J37: =H37*D37 -> 560.05598 | K37: =G37*D37 -> 0 | L37: =MAX(I37:K37) -> 560.05598
A38: Healthcare Facility and Hospitals (Operating Room) | B38: Or4_flr_2 | C38: =Zones!K38 -> 12.00115 | D38: =Zones!J38 -> 2400.23 | E38: 15 | F38: =VLOOKUP(A38,O$4:S$17,5) -> 0 | H38: 0.9333333 | I38: =E38*C38 -> 180.01725 | J38: =H38*D38 -> 2240.2146 | K38: =G38*D38 -> 0 | L38: =MAX(I38:K38) -> 2240.2146
A39: Healthcare Facility and Hospitals (Nurse's Station) | B39: Or_nursestn_lobby_flr_2 | C39: =Zones!K39 -> 54.5053 | D39: =Zones!J39 -> 10901.06 | E39: 15 | F39: =VLOOKUP(A39,O$4:S$17,5) -> 0 | H39: 0.46666667 | I39: =E39*C39 -> 817.5795 | J39: =H39*D39 -> 5087.1613 | K39: =G39*D39 -> 0 | L39: =MAX(I39:K39) -> 5087.1613
A40: Healthcare Facility and Hospitals (Patient Room) | B40: Patroom1_mult10_flr_3 | C40: =Zones!K40 -> 1.1251 | D40: =Zones!J40 -> 2250.2 | E40: 15 | F40: =VLOOKUP(A40,O$4:S$17,5) -> 0 | H40: 0.46666667 | I40: =E40*C40 -> 16.8765 | J40: =H40*D40 -> 1050.0933 | K40: =G40*D40 -> 0 | L40: =MAX(I40:K40) -> 1050.0933
A41: Healthcare Facility and Hospitals (Patient Room) | B41: Patroom1_mult10_flr_4 | C41: =Zones!K41 -> 1.1251 | D41: =Zones!J41 -> 2250.2 | E41: 15 | F41: =VLOOKUP(A41,O$4:S$17,5) -> 0 | H41: 0.46666667 | I41: =E41*C41 -> 16.8765 | J41: =H41*D41 -> 1050.0933 | K41: =G41*D41 -> 0 | L41: =MAX(I41:K41) -> 1050.0933
A42: Healthcare Facility and Hospitals (Patient Room) | B42: Patroom2_flr_3 | C42: =Zones!K42 -> 1.8752 | D42: =Zones!J42 -> 375.04 | E42: 15 | F42: =VLOOKUP(A42,O$4:S$17,5) -> 0 | H42: 0.46666667 | I42: =E42*C42 -> 28.128 | J42: =H42*D42 -> 175.01867 | K42: =G42*D42 -> 0 | L42: =MAX(I42:K42) -> 175.01867
A43: Healthcare Facility and Hospitals (Patient Room) | B43: Patroom2_flr_4 | C43: =Zones!K43 -> 1.8752 | D43: =Zones!J43 -> 375.04 | E43: 15 | F43: =VLOOKUP(A43,O$4:S$17,5) -> 0 | H43: 0.46666667 | I43: =E43*C43 -> 28.128 | J43: =H43*D43 -> 175.01867 | K43: =G43*D43 -> 0 | L43: =MAX(I43:K43) -> 175.01867
A44: Healthcare Facility and Hospitals (Patient Room) | B44: Patroom3_mult10_flr_3 | C44: =Zones!K44 -> 1.0877 | D44: =Zones!J44 -> 2175.4 | E44: 15 | F44: =VLOOKUP(A44,O$4:S$17,5) -> 0 | H44: 0.46666667 | I44: =E44*C44 -> 16.3155 | J44: =H44*D44 -> 1015.1867 | K44: =G44*D44 -> 0 | L44: =MAX(I44:K44) -> 1015.1867
A45: Healthcare Facility and Hospitals (Patient Room) | B45: Patroom3_mult10_flr_4 | C45: =Zones!K45 -> 1.0877 | D45: =Zones!J45 -> 2175.4 | E45: 15 | F45: =VLOOKUP(A45,O$4:S$17,5) -> 0 | H45: 0.46666667 | I45: =E45*C45 -> 16.3155 | J45: =H45*D45 -> 1015.1867 | K45: =G45*D45 -> 0 | L45: =MAX(I45:K45) -> 1015.1867
A46: Healthcare Facility and Hospitals (Patient Room) | B46: Patroom4_flr_3 | C46: =Zones!K46 -> 1.8752 | D46: =Zones!J46 -> 375.04 | E46: 15 | F46: =VLOOKUP(A46,O$4:S$17,5) -> 0 | H46: 0.46666667 | I46: =E46*C46 -> 28.128 | J46: =H46*D46 -> 175.01867 | K46: =G46*D46 -> 0 | L46: =MAX(I46:K46) -> 175.01867
... A55: Healthcare Facility and Hospitals (Patient Room) | B55: Patroom8_flr_4 | C55: =Zones!K55 -> 1.50015 | D55: =Zones!J55 -> 300.03 | E55: 15 | F55: =VLOOKUP(A55,O$4:S$17,5) -> 0 | H55: 0.46666667 | I55: =E55*C55 -> 22.50225 | J55: =H55*D55 -> 140.014 | K55: =G55*D55 -> 0 | L55: =MAX(I55:K55) -> 140.014
A56: Healthcare Facility and Hospitals (Physical Therapy Room) | B56: Phystherapy_flr_3 | C56: =Zones!K56 -> 26.25255 | D56: =Zones!J56 -> 5250.51 | E56: 15 | F56: =VLOOKUP(A56,O$4:S$17,5) -> 0 | G56: =735/D56 -> 0.1399864 | H56: 0.46666667 | I56: =E56*C56 -> 393.78825 | J56: =H56*D56 -> 2450.238 | K56: =G56*D56 -> 735 | L56: =MAX(I56:K56) -> 2450.238 | M56: According to CEC Model
A57: Healthcare Facility and Hospitals (Imaging Room) | B57: Radiology_flr_4 | C57: =Zones!K57 -> 26.25255 | D57: =Zones!J57 -> 5250.51 | E57: 15 | F57: =VLOOKUP(A57,O$4:S$17,5) -> 0 | H57: 0.46666667 | I57: =E57*C57 -> 393.78825 | J57: =H57*D57 -> 2450.238 | K57: =G57*D57 -> 0 | L57: =MAX(I57:K57) -> 2450.238
A58: Total (12 Space types) | B58: Total ( 162 spaces) | C58: =SUM(C3:C57) -> 1705.1352 | D58: =SUM(D3:D57) -> 241524.4 | L58: =SUM(L3:L57) -> 99856.498
A61: **The CPUC Hospital prototype does not include any exhaust fans modeled in any of the spaces.
A64: Exhaust Hood
A65: Type of hood | B65: Space | C65: Max Exhaust Flow Rate (cfm/ft) [T24, 2025, Table 140.9-C] | D65: Hood length (ft) | E65: Hood Exhaust Rate (cfm) | F65: Note | G65: Source
A66: Type I , wall-mounted canopy hoods | B66: =A23 -> Kitchen/Food Preparation Area | C66: 210 | D66: =E66/C66 -> 33.3366 | E66: =L23 -> 7000.686 | G66: T 24 2025, Table 140.9-C
A67: Fume Hood | B67: =A24 -> Laboratory-General Health | C67: =E67/D67 -> 250 | D67: 6 | E67: 1500 | F67: ~1 fume hood per 2,500–3,000 ft² for hospital/clinical-type labs | G67: 2019 High Efficiency Fume Hoods in Laboratory Spaces CASE Report
A68: Fume Hood | B68: =A25 -> Laboratory-General Health | C68: =E68/D68 -> 250 | D68: 6 | E68: 1500
A70: *Efficiency of exhaust fan is 50% (according to ACM, 2025,section 5.7.3)
A74: Background Data [To be deleted prior to publication]

Sheet Thermostat
A1: ="Thermostat Setpoints - "&Prototype!A2 -> Thermostat Setpoints - Hospital
A2: Setpoint | B2: CZ1 | C2: CZ2 | D2: CZ3 | E2: CZ4 | F2: CZ5 | G2: CZ6 | H2: CZ7 | I2: CZ8 | J2: CZ9 | K2: CZ10 | L2: CZ11 | M2: CZ12 | N2: CZ13 | O2: CZ14 | P2: CZ15 | Q2: CZ16 | R2: Source | S2: Note
A3: Health Heating Setpoint (F) | B3: 70 | C3: 70 | D3: 70 | E3: 70 | F3: 70 | G3: 70 | H3: 70 | I3: 70 | J3: 70 | K3: 70 | L3: 70 | M3: 70 | N3: 70 | O3: 70 | P3: 70 | Q3: 70 | R3: T24 2022 - Appendix 5.4B | S3: CEC and PNNL Healthcare-Hospital prototypes use the same setpoints without setbacks; however, the DEER model applies a 10° F setback from midnight to 5:00 AM.
A4: Health Heating Setback (F) | B4: 70 | C4: 70 | D4: 70 | E4: 70 | F4: 70 | G4: 70 | H4: 70 | I4: 70 | J4: 70 | K4: 70 | L4: 70 | M4: 70 | N4: 70 | O4: 70 | P4: 70 | Q4: 70
A5: Health Cooling Setpoint (F) | B5: 75 | C5: 75 | D5: 75 | E5: 75 | F5: 75 | G5: 75 | H5: 75 | I5: 75 | J5: 75 | K5: 75 | L5: 75 | M5: 75 | N5: 75 | O5: 75 | P5: 75 | Q5: 75
A6: Health Cooling Setback (F) | B6: 75 | C6: 75 | D6: 75 | E6: 75 | F6: 75 | G6: 75 | H6: 75 | I6: 75 | J6: 75 | K6: 75 | L6: 75 | M6: 75 | N6: 75 | O6: 75 | P6: 75 | Q6: 75
A7: Kitchen Heating Setpoint (F) | B7: 66 | C7: 66 | D7: 66 | E7: 66 | F7: 66 | G7: 66 | H7: 66 | I7: 66 | J7: 66 | K7: 66 | L7: 66 | M7: 66 | N7: 66 | O7: 66 | P7: 66 | Q7: 66 | R7: PNNL 09.1, 2022 Restaurant prototype
A8: Kitchen Heating Setback (F) | B8: 60 | C8: 60 | D8: 60 | E8: 60 | F8: 60 | G8: 60 | H8: 60 | I8: 60 | J8: 60 | K8: 60 | L8: 60 | M8: 60 | N8: 60 | O8: 60 | P8: 60 | Q8: 60
A9: Kitchen Cooling Setpoint (F) | B9: 79 | C9: 79 | D9: 79 | E9: 79 | F9: 79 | G9: 79 | H9: 79 | I9: 79 | J9: 79 | K9: 79 | L9: 79 | M9: 79 | N9: 79 | O9: 79 | P9: 79 | Q9: 79
A10: Kitchen Cooling Setback (F) | B10: 86 | C10: 86 | D10: 86 | E10: 86 | F10: 86 | G10: 86 | H10: 86 | I10: 86 | J10: 86 | K10: 86 | L10: 86 | M10: 86 | N10: 86 | O10: 86 | P10: 86 | Q10: 86
A11: UnOccupied Heating Setpoint (F) | B11: =B3-4 -> 66 | C11: =C3-4 -> 66 | D11: =D3-4 -> 66 | E11: =E3-4 -> 66 | F11: =F3-4 -> 66 | G11: =G3-4 -> 66 | H11: =H3-4 -> 66 | I11: =I3-4 -> 66 | ... Q11: =Q3-4 -> 66 | R11: T24 2022 - Appendix 5.4B
A12: UnOccupied Heating Setback (F) | B12: =B4-4 -> 66 | C12: =C4-4 -> 66 | D12: =D4-4 -> 66 | E12: =E4-4 -> 66 | F12: =F4-4 -> 66 | G12: =G4-4 -> 66 | H12: =H4-4 -> 66 | I12: =I4-4 -> 66 | ... Q12: =Q4-4 -> 66
A13: UnOccupied Cooling Setpoint (F) | B13: =B5+4 -> 79 | C13: =C5+4 -> 79 | D13: =D5+4 -> 79 | E13: =E5+4 -> 79 | F13: =F5+4 -> 79 | G13: =G5+4 -> 79 | H13: =H5+4 -> 79 | I13: =I5+4 -> 79 | ... Q13: =Q5+4 -> 79
A14: UnOccupied Cooling Setback (F) | B14: =B6+4 -> 79 | C14: =C6+4 -> 79 | D14: =D6+4 -> 79 | E14: =E6+4 -> 79 | F14: =F6+4 -> 79 | G14: =G6+4 -> 79 | H14: =H6+4 -> 79 | I14: =I6+4 -> 79 | ... Q14: =Q6+4 -> 79
A20: Background Data [To be deleted prior to publication]
B21: Heating | E21: Cooling
B22: Weekday | C22: Saturday | D22: Sunday | E22: Weekday | F22: Ssturday | G22: Sunday
A23: DEER | B23: 0:00 to 5:00 | C23: 0:00 to 5:00 | D23: 0:00 to 24:00 | E23: 0:00 to 5:00 | F23: 0:00 to 5:00 | G23: 0:00 to 24:00
B24: 15.56 | C24: 15.56 | D24: 15.56 | E24: 29.22 | F24: 29.22 | G24: 29.22
B25: 5:00 to 24:00 | C25: 5:00 to 19:00 | E25: 5:00 to 24:00 | F25: 5:00 to 19:00
B26: 21.11 | C26: 21.11 | E26: 23.88 | F26: 23.88
A29: T24, Appendix JA5-4 : Occupant Controlled Smart Thermostat (OCST)
A46: Kitchen Heating Setpoint (F) | B46: 66 | C46: 66 | D46: 66 | E46: 66 | F46: 66 | G46: 66 | H46: 66 | I46: 66 | J46: 66 | K46: 66 | L46: 66 | M46: 66 | N46: 66 | O46: 66 | P46: 66 | Q46: 66 | R46: PNNL 09.1, 2022 Restaurant prototype
A47: Kitchen Heating Setback (F) | B47: 60 | C47: 60 | D47: 60 | E47: 60 | F47: 60 | G47: 60 | H47: 60 | I47: 60 | J47: 60 | K47: 60 | L47: 60 | M47: 60 | N47: 60 | O47: 60 | P47: 60 | Q47: 60
A48: Kitchen Cooling Setpoint (F) | B48: 79 | C48: 79 | D48: 79 | E48: 79 | F48: 79 | G48: 79 | H48: 79 | I48: 79 | J48: 79 | K48: 79 | L48: 79 | M48: 79 | N48: 79 | O48: 79 | P48: 79 | Q48: 79
A49: Kitchen Cooling Setback (F) | B49: 86 | C49: 86 | D49: 86 | E49: 86 | F49: 86 | G49: 86 | H49: 86 | I49: 86 | J49: 86 | K49: 86 | L49: 86 | M49: 86 | N49: 86 | O49: 86 | P49: 86 | Q49: 86

Sheet Water Heater
A1: ="Water Heater - "&Prototype!A2 -> Water Heater - Hospital
A2: Vintage | B2: WH Type | C2: Efficiency | D2: Tank Volume (gal) | E2: Tank Loss | G2: Note
A3: Existing | B3: Gas | C3: 0.8 | D3: =F72 -> 143.77303 | E3: =G74 -> 1542.3745 | F3: (Btu/hr)
A4: New Construction | B4: Gas | C4: 0.8 | D4: =F70 -> 143.77303 | E4: =G70 -> 1542.3745 | F4: (Btu/hr)
A7: Peak Hot Water Consumption
A8: Space Name | B8: Baseline WH Type [CEUS 2022] | C8: Total Area (ft²) | D8: Number of People | E8: Hot Water Usage Specification (gal/hr per person) [T24, 2022, Appendix 5.4A , sheet: "2022 SpaceFuncData-Input"] | F8: Peak Hot Water Usage (gal/hr) | G8: Peak Hot Water Usage (gal/min)
A9: Basement | B9: Gas | C9: =Zones!G3 -> 40253.93 | D9: =Zones!K3 -> 201.26965 | E9: =VLOOKUP(Zones!A3,'Water Heater'!$A$128:$E$141,5,FALSE) -> 0.18 | F9: =E9*D9 -> 36.228537 | G9: =F9/60 -> 0.60380895
A10: Corridor_flr_1 | B10: Gas | C10: =Zones!G4 -> 6125.6 | D10: =Zones!K4 -> 30.628 | E10: =VLOOKUP(Zones!A4,'Water Heater'!$A$128:$E$141,5,FALSE) -> 0 | F10: =E10*D10 -> 0 | G10: =F10/60 -> 0
A11: Corridor_flr_2 | B11: Gas | C11: =Zones!G5 -> 6125.6 | D11: =Zones!K5 -> 30.628 | E11: =VLOOKUP(Zones!A5,'Water Heater'!$A$128:$E$141,5,FALSE) -> 0 | F11: =E11*D11 -> 0 | G11: =F11/60 -> 0
A12: Corridor_flr_5 | B12: Gas | C12: =Zones!G6 -> 5400.53 | D12: =Zones!K6 -> 27.00265 | E12: =VLOOKUP(Zones!A6,'Water Heater'!$A$128:$E$141,5,FALSE) -> 0 | F12: =E12*D12 -> 0 | G12: =F12/60 -> 0
A13: Corridor_nw_flr_3 | B13: Gas | C13: =Zones!G7 -> 6100.6 | D13: =Zones!K7 -> 30.503 | E13: =VLOOKUP(Zones!A7,'Water Heater'!$A$128:$E$141,5,FALSE) -> 0 | F13: =E13*D13 -> 0 | G13: =F13/60 -> 0
A14: Corridor_nw_flr_4 | B14: Gas | C14: =Zones!G8 -> 6100.6 | D14: =Zones!K8 -> 30.503 | E14: =VLOOKUP(Zones!A8,'Water Heater'!$A$128:$E$141,5,FALSE) -> 0 | F14: =E14*D14 -> 0 | G14: =F14/60 -> 0
A15: Corridor_se_flr_3 | B15: Gas | C15: =Zones!G9 -> 6100.6 | D15: =Zones!K9 -> 30.503 | E15: =VLOOKUP(Zones!A9,'Water Heater'!$A$128:$E$141,5,FALSE) -> 0 | F15: =E15*D15 -> 0 | G15: =F15/60 -> 0
A16: Corridor_se_flr_4 | B16: Gas | C16: =Zones!G10 -> 6100.6 | D16: =Zones!K10 -> 30.503 | E16: =VLOOKUP(Zones!A10,'Water Heater'!$A$128:$E$141,5,FALSE) -> 0 | F16: =E16*D16 -> 0 | G16: =F16/60 -> 0
A17: Dining_flr_5 | B17: Gas | C17: =Zones!G11 -> 7500.73 | D17: =Zones!K11 -> 247.52409 | E17: =VLOOKUP(Zones!A11,'Water Heater'!$A$128:$E$141,5,FALSE) -> 0.578 | F17: =E17*D17 -> 143.06892 | G17: =F17/60 -> 2.3844821
A18: Er_exam1_mult4_flr_1 | B18: Gas | C18: =Zones!G12 -> 300.03 | D18: =Zones!K12 -> 1.50015 | E18: =VLOOKUP(Zones!A12,'Water Heater'!$A$128:$E$141,5,FALSE) -> 0.24 | F18: =E18*D18 -> 0.360036 | G18: =F18/60 -> 0.0060006
A19: Er_exam3_mult4_flr_1 | B19: Gas | C19: =Zones!G13 -> 300.03 | D19: =Zones!K13 -> 1.50015 | E19: =VLOOKUP(Zones!A13,'Water Heater'!$A$128:$E$141,5,FALSE) -> 0.24 | F19: =E19*D19 -> 0.360036 | G19: =F19/60 -> 0.0060006
A20: Er_nursestn_lobby_flr_1 | B20: Gas | C20: =Zones!G14 -> 13301.3 | D20: =Zones!K14 -> 66.5065 | E20: =VLOOKUP(Zones!A14,'Water Heater'!$A$128:$E$141,5,FALSE) -> 0.24 | F20: =E20*D20 -> 15.96156 | G20: =F20/60 -> 0.266026
... A36: Office1_flr_5 | B36: Gas | C36: =Zones!G30 -> 750.27 | D36: =Zones!K30 -> 3.75135 | E36: =VLOOKUP(Zones!A30,'Water Heater'!$A$128:$E$141,5,FALSE) -> 0.18 | F36: =E36*D36 -> 0.675243 | G36: =F36/60 -> 0.01125405
A37: Office1_mult5_flr_1 | B37: Gas | C37: =Zones!G31 -> 150.01 | D37: =Zones!K31 -> 0.75005 | E37: 0.18 | F37: =E37*D37 -> 0.135009 | G37: =F37/60 -> 0.00225015
A38: Office2_mult5_flr_5 | B38: Gas | C38: =Zones!G32 -> 750.07 | D38: =Zones!K32 -> 3.75035 | E38: =VLOOKUP(Zones!A32,'Water Heater'!$A$128:$E$141,5,FALSE) -> 0.18 | F38: =E38*D38 -> 0.675063 | G38: =F38/60 -> 0.01125105
A39: Office3_flr_5 | B39: Gas | C39: =Zones!G33 -> 750.07 | D39: =Zones!K33 -> 3.75035 | E39: =VLOOKUP(Zones!A33,'Water Heater'!$A$128:$E$141,5,FALSE) -> 0.18 | F39: =E39*D39 -> 0.675063 | G39: =F39/60 -> 0.01125105
A40: Office4_mult6_flr_5 | B40: Gas | C40: =Zones!G34 -> 150.01 | D40: =Zones!K34 -> 0.75005 | E40: 0.18 | F40: =E40*D40 -> 0.135009 | G40: =F40/60 -> 0.00225015
A41: Or1_flr_2 | B41: Gas | C41: =Zones!G35 -> 600.06 | D41: =Zones!K35 -> 3.0003 | E41: =VLOOKUP(Zones!A35,'Water Heater'!$A$128:$E$141,5,FALSE) -> 0.24 | F41: =E41*D41 -> 0.720072 | G41: =F41/60 -> 0.0120012
A42: Or2_mult5_flr_2 | B42: Gas | C42: =Zones!G36 -> 600.06 | D42: =Zones!K36 -> 3.0003 | E42: =VLOOKUP(Zones!A36,'Water Heater'!$A$128:$E$141,5,FALSE) -> 0.24 | F42: =E42*D42 -> 0.720072 | G42: =F42/60 -> 0.0120012
A43: Or3_flr_2 | B43: Gas | C43: =Zones!G37 -> 600.06 | D43: =Zones!K37 -> 3.0003 | E43: =VLOOKUP(Zones!A37,'Water Heater'!$A$128:$E$141,5,FALSE) -> 0.24 | F43: =E43*D43 -> 0.720072 | G43: =F43/60 -> 0.0120012
A44: Or4_flr_2 | B44: Gas | C44: =Zones!G38 -> 2400.23 | D44: =Zones!K38 -> 12.00115 | E44: =VLOOKUP(Zones!A38,'Water Heater'!$A$128:$E$141,5,FALSE) -> 0.24 | F44: =E44*D44 -> 2.880276 | G44: =F44/60 -> 0.0480046
A45: Or_nursestn_lobby_flr_2 | B45: Gas | C45: =Zones!G39 -> 10901.06 | D45: =Zones!K39 -> 54.5053 | E45: =VLOOKUP(Zones!A39,'Water Heater'!$A$128:$E$141,5,FALSE) -> 0.24 | F45: =E45*D45 -> 13.081272 | G45: =F45/60 -> 0.2180212
A46: Patroom1_mult10_flr_3 | B46: Gas | C46: =Zones!G40 -> 225.02 | D46: =Zones!K40 -> 1.1251 | E46: =VLOOKUP(Zones!A40,'Water Heater'!$A$128:$E$141,5,FALSE) -> 0.24 | F46: =E46*D46 -> 0.270024 | G46: =F46/60 -> 0.0045004
A47: Patroom1_mult10_flr_4 | B47: Gas | C47: =Zones!G41 -> 225.02 | D47: =Zones!K41 -> 1.1251 | E47: =VLOOKUP(Zones!A41,'Water Heater'!$A$128:$E$141,5,FALSE) -> 0.24 | F47: =E47*D47 -> 0.270024 | G47: =F47/60 -> 0.0045004
A48: Patroom2_flr_3 | B48: Gas | C48: =Zones!G42 -> 375.04 | D48: =Zones!K42 -> 1.8752 | E48: =VLOOKUP(Zones!A42,'Water Heater'!$A$128:$E$141,5,FALSE) -> 0.24 | F48: =E48*D48 -> 0.450048 | G48: =F48/60 -> 0.0075008
A49: Patroom2_flr_4 | B49: Gas | C49: =Zones!G43 -> 375.04 | D49: =Zones!K43 -> 1.8752 | E49: =VLOOKUP(Zones!A43,'Water Heater'!$A$128:$E$141,5,FALSE) -> 0.24 | F49: =E49*D49 -> 0.450048 | G49: =F49/60 -> 0.0075008
A50: Patroom3_mult10_flr_3 | B50: Gas | C50: =Zones!G44 -> 217.54 | D50: =Zones!K44 -> 1.0877 | E50: =VLOOKUP(Zones!A44,'Water Heater'!$A$128:$E$141,5,FALSE) -> 0.24 | F50: =E50*D50 -> 0.261048 | G50: =F50/60 -> 0.0043508
A51: Patroom3_mult10_flr_4 | B51: Gas | C51: =Zones!G45 -> 217.54 | D51: =Zones!K45 -> 1.0877 | E51: =VLOOKUP(Zones!A45,'Water Heater'!$A$128:$E$141,5,FALSE) -> 0.24 | F51: =E51*D51 -> 0.261048 | G51: =F51/60 -> 0.0043508
A52: Patroom4_flr_3 | B52: Gas | C52: =Zones!G46 -> 375.04 | D52: =Zones!K46 -> 1.8752 | E52: =VLOOKUP(Zones!A46,'Water Heater'!$A$128:$E$141,5,FALSE) -> 0.24 | F52: =E52*D52 -> 0.450048 | G52: =F52/60 -> 0.0075008
... A63: Radiology_flr_4 | B63: Gas | C63: =Zones!G57 -> 5250.51 | D63: =Zones!K57 -> 26.25255 | E63: =VLOOKUP(Zones!A57,'Water Heater'!$A$128:$E$141,5,FALSE) -> 0.24 | F63: =E63*D63 -> 6.300612 | G63: =F63/60 -> 0.1050102
A64: Total | C64: =SUM(C9:C63) -> 214116.18 | D64: =SUM(D9:D63) -> 1705.1352 | F64: =SUM(F9:F63) -> 359.43257 | G64: =SUM(G9:G63) -> 5.9905428
A68: Water Heater Capacity, Tank Capacity, and Tank Loss
A69: WH Type | B69: Peak Hot Water Usage (gal/hr) | C69: Heat Output (Btu/hr) [ACM, 2025, 5.9.2: Rated capacity section] | D69: WH Capacity (Btu/hr) [ACM, 2025, 5.9.2: Rated capacity section] | E69: Required Energy Input (Btu/hr) | F69: Storage Volume (gal) | G69: Standby Loss | I69: Off/On Cycle Loss Coefficient to Ambient Temp (Btu/h-F) | J69: Source
A70: Gas Storage WH | B70: =SUMIF($B$9:$B$63, "*Gas*",$F$9:$F$63) -> 359.43257 | C70: =B70*(135-55)*8.2877*1 -> 238309.55 | D70: =C70*0.6 -> 142985.73 | E70: =D70/0.8 -> 178732.16 | F70: =(B70*F72)/B72 -> 143.77303 | G70: =(E70/800)+110*SQRT(F70) -> 1542.3745 | H70: Btu/hr | I70: =G70/B82 -> 23.020515 | J70: Standby loss equation: Title 20, §1605.1 Table F-4 WH capacity equation: ACM, 2025, 5.9.2: Rated capacity section)
A71: Electric resistance WH | B71: =SUMIF($B$9:$B$63, "*Electric*",$F$9:$F$63) -> 0 | C71: =B71*(135-55)*8.2877*1 -> 0 | D71: =C71*0.6 -> 0 | E71: =D71/1 -> 0 | F71: =(B71*F72)/B72 -> 0 | H71: %hr | I71: =0.0834*G71*F71 -> 0
A72: Total | B72: =B70+B71 -> 359.43257 | C72: =B72*(135-55)*8.2877*1 -> 238309.55 | D72: =C70*0.6 -> 142985.73 | E72: =D72/0.8 -> 178732.16 | F72: =B72*1*0.4 -> 143.77303
A74: Design supply temperature (F) | B74: 135 | C74: Ref: T24 2022 - Appendix 5.4B | F74: Standby Loss for Existing | G74: =(E72/800)+110*SQRT(F72) -> 1542.3745 | H74: Btu/hr | I74: =G74/B82 -> 23.020515
A75: Cold Water supply temperature (F) | B75: 55 | C75: Ref: ACM, 2025, 5.9.2: Rated capacity section
A76: WH system factor | B76: 0.6 | C76: Ref: ACM, 2025, 5.9.2: Rated capacity section
A77: Reheat multiplier | B77: 0.4
A78: * The 0.40 multiplier is a storage sizing factor used to account for the fact that the water heater doesn't need to store the full peak hour demand—it can reheat water during that time. This factor assumes that the heater will recover part of the hot water used during the peak hour, so only 40% of the peak hour demand needs to be stored at any given moment.
A80: **For Gas Water Heater: UA(Btu/h-°F)​=Q˙​SL​ (Btu/h)/ΔT (∘F)​
A81: Ambient temp | B81: 68
A82: Delta T | B82: =B74-B81 -> 67
A83: ** For Electric Water Heater: UA(Btu/h-°F)​= 0.0834 *SL​ (%/hr)*V gal
A89: Background Data [To be deleted prior to publication]
A126: Peak Hot Water Consumption
A127: Space Type | B127: Baseline WH Type [T24, 2022, Appendix 5.4A , sheet: "2022 SpaceFuncData-Input"] | C127: Total Area (ft²) | D127: Number of People | E127: Hot Water Usage Specification (gal/hr per person) [T24, 2022, Appendix 5.4A , sheet: "2022 SpaceFuncData-Input"] | F127: Peak Hot Water Usage (gal/hr) | G127: Peak Hot Water Usage (gal/min)
A128: =Ventilation!O5 -> Office Area (>250 square feet) | B128: Electric | C128: =Ventilation!P5 -> 45504.62 | D128: =Ventilation!R5 -> 227.5231 | E128: 0.18 | F128: =E128*D128 -> 40.954158 | G128: =F128/60 -> 0.6825693
A129: =Ventilation!O6 -> Corridor Area | B129: Electric | C129: =Ventilation!P6 -> 42054.13 | D129: =Ventilation!R6 -> 210.27065 | E129: 0 | F129: =E129*D129 -> 0 | G129: =F129/60 -> 0
A130: =Ventilation!O7 -> Dining Area (Cafeteria/Fast Food) | B130: Gas | C130: =Ventilation!P7 -> 7500.73 | D130: =Ventilation!R7 -> 247.52409 | E130: 0.578 | F130: =E130*D130 -> 143.06892 | G130: =F130/60 -> 2.3844821
A131: =Ventilation!O8 -> Healthcare Facility and Hospitals (Exam/Treatment Room) | B131: Electric | C131: =Ventilation!P8 -> 4200.42 | D131: =Ventilation!R8 -> 21.0021 | E131: 0.24 | F131: =E131*D131 -> 5.040504 | G131: =F131/60 -> 0.0840084
A132: =Ventilation!O9 -> Healthcare Facility and Hospitals (Nurse's Station) | B132: Gas | C132: =Ventilation!P9 -> 62104.61 | D132: =Ventilation!R9 -> 310.52305 | E132: 0.24 | F132: =E132*D132 -> 74.525532 | G132: =F132/60 -> 1.2420922
A133: =Ventilation!O10 -> Healthcare Facility and Hospitals (Recovery Room) | B133: Gas | C133: =Ventilation!P10 -> 9427.61 | D133: =Ventilation!R10 -> 47.13805 | E133: 0.24 | F133: =E133*D133 -> 11.313132 | G133: =F133/60 -> 0.1885522
A134: =Ventilation!O11 -> Laboratory, Scientific | B134: Gas | C134: =Ventilation!P11 -> 0 | D134: =Ventilation!R11 -> 0 | E134: 0.18 | F134: =E134*D134 -> 0 | G134: =F134/60 -> 0
A135: =Ventilation!O12 -> Healthcare Facility and Hospitals (Operating Room) | B135: Gas | C135: =Ventilation!P12 -> 6600.65 | D135: =Ventilation!R12 -> 33.00325 | E135: 0.24 | F135: =E135*D135 -> 7.92078 | G135: =F135/60 -> 0.132013
A136: =Ventilation!O13 -> Healthcare Facility and Hospitals (Physical Therapy Room) | B136: Electric | C136: =Ventilation!P13 -> 5250.51 | D136: =Ventilation!R13 -> 26.25255 | E136: 0.24 | F136: =E136*D136 -> 6.300612 | G136: =F136/60 -> 0.1050102
A137: =Ventilation!O14 -> Healthcare Facility and Hospitals (Imaging Room) | B137: Gas | C137: =Ventilation!P14 -> 5250.51 | D137: =Ventilation!R14 -> 26.25255 | E137: 0.24 | F137: =E137*D137 -> 6.300612 | G137: =F137/60 -> 0.1050102
A138: =Ventilation!O15 -> Healthcare Facility and Hospitals (Patient Room) | B138: Gas | C138: =Ventilation!P15 -> 20402.68 | D138: =Ventilation!R15 -> 102.0134 | E138: 0.24 | F138: =E138*D138 -> 24.483216 | G138: =F138/60 -> 0.4080536
A139: =Ventilation!O16 -> Lobby, Main Entry | B139: Electric | C139: =Ventilation!P16 -> 15876.28 | D139: =Ventilation!R16 -> 523.91724 | E139: 0.09 | F139: =E139*D139 -> 47.152552 | G139: =F139/60 -> 0.78587586
A140: =Ventilation!O17 -> Kitchen/Food Preparation Area | B140: Gas | C140: =Ventilation!P17 -> 10000.98 | D140: =Ventilation!R17 -> 30.00294 | E140: 0.578 | F140: =E140*D140 -> 17.341699 | G140: =F140/60 -> 0.28902832
A141: Total | C141: =SUM(C128:C140) -> 234173.73 | D141: =SUM(D128:D140) -> 1805.423 | F141: =SUM(F128:F140) -> 384.40172 | G141: =F141/60 -> 6.4066953

Sheet Ext Lighting
A1: ="Exterior Lighting - "&Prototype!A2 -> Exterior Lighting - Hospital
A2: Motion Controlled Luminaires (W) | B2: Non-motion Controlled Luminaires (W) | C2: Total (W) | D2: Source
A3: =G14 -> 8349.061 | B3: =G15 -> 1383.959 | C3: =A3+B3 -> 9733.02 | D3: T24, 2022 & 2025 2019 Outdoor Lighting CASE report PNNL 90.1-2010 TSD
A6: ="Exterior Lighting " -> Exterior Lighting
A7: Items (Assume LZ2) | B7: Assumptions [2019 Outdoor Lighting CASE Report & PNNL 90.1-2010 TSD] | D7: Unit | E7: Lighting Power Allowance [T24, 2025, Table 140.7-A & 140.7-B] | F7: Unit | G7: Exterior Lighting Power (W)
A8: IWA (Initial Wattage Allowance) | E8: 200 | F8: (W) | G8: =$E8 -> 200
A9: Parking area | B9: 400 ft² for every parking space 1 parking space per 830 ft² of gross building area | C9: 386198 | D9: (ft²) | E9: 0.019 | F9: (W/ft²) | G9: =$E9*C9 -> 7337.762
A10: Building Entrance | B10: 14 building entrance per PNNL Model | C10: 10 | D10: (count) | E10: 15 | F10: (W/ea) | G10: =E10*C10 -> 150
A11: Hardscape Ornamental Light | B11: 0.1 ft² per 1 ft² of gross building area for hardscape ornamental light | C11: 24137 | D11: (ft²) | E11: 0.007 | F11: (W/ft²) | G11: =E11*C11 -> 168.959
A12: Building façade | B12: 0.1 W per 1 ft² of facade area Façade Area = Perimeter × 0.5 × 28 ft (30 ft is the max height that is lit) * The 0.5 factor assumes that only half of the perimeter walls are lit. -Formula ia developed based on the 2019 Outdoor Lighting CASE report | C12: =B21*0.5*30 -> 12150 | D12: (ft²) | E12: 0.1 | F12: (W/ft²) | G12: =E12*C12 -> 1215
A13: Non-sales canopy | C13: 4827 | D13: (ft²) | E13: 0.137 | F13: (W/ft²) | G13: =E13*C13 -> 661.299
A14: Motion Controlled Luminaires (W) | G14: =G9+G8+G13+G10 -> 8349.061
A15: Non-motion-controlled Luminaires | G15: =G11+G12 -> 1383.959
A16: Total | G16: =G14+G15 -> 9733.02
A20: Total floor area (ft²) | B20: =Prototype!B8 -> 241500 (230 ft x 175 ft for each floor)
A21: Perimeter | B21: 810
A22: Floors | B22: 3
A29: Background Data [To be deleted prior to publication]

Sheet Interior Lights
A1: ="Interior Lighting - "&Prototype!B4 -> Interior Lighting - Hospital
A2: Space Type | B2: New Construction | E2: Existing
B3: LPD (W/ft²) | C3: Additional LPD for PorTable Lighting (W/ft²) | D3: Source | E3: LPD (W/ft²) | F3: Additional LPD for PorTable Lighting (W/ft²) | G3: Source
A4: =Ventilation!O5 -> Office Area (>250 square feet) | B4: 0.6 | D4: T24, 2025, Table 140.6-C (Area category method) | E4: 0.65 | G4: T24, 2019, Table 140.6-C (Area category method)
A5: =Ventilation!O6 -> Corridor Area | B5: 0.4 | E5: 0.6
A6: =Ventilation!O7 -> Dining Area (Cafeteria/Fast Food) | B6: 0.45 | E6: 0.4
A7: =Ventilation!O8 -> Healthcare Facility and Hospitals (Exam/Treatment Room) | B7: 1.15 | E7: 1.15
A8: =Ventilation!O9 -> Healthcare Facility and Hospitals (Nurse's Station) | B8: 0.85 | E8: 0.75
A9: =Ventilation!O10 -> Healthcare Facility and Hospitals (Recovery Room) | B9: 0.9 | E9: 0.9
A10: =Ventilation!O11 -> Laboratory, Scientific | B10: 0.9 | E10: 1
A11: =Ventilation!O12 -> Healthcare Facility and Hospitals (Operating Room) | B11: 1.9 | E11: 1.9
A12: =Ventilation!O13 -> Healthcare Facility and Hospitals (Physical Therapy Room) | B12: 0.75 | E12: 0.85
A13: =Ventilation!O14 -> Healthcare Facility and Hospitals (Imaging Room) | B13: 0.6 | E13: 1
A14: =Ventilation!O15 -> Healthcare Facility and Hospitals (Patient Room) | B14: 0.7 | E14: 0.55
A15: =Ventilation!O16 -> Lobby, Main Entry | B15: 0.7 | E15: 0.85
A16: =Ventilation!O17 -> Kitchen/Food Preparation Area | B16: 0.95 | E16: 0.95
A17: =Zones!A31 -> Office Area (<250 square feet) | B17: 0.65 | E17: 0.7

Sheet Equipment
A1: ="Equipment - "&Prototype!A2 -> Equipment - Hospital
A2: Spaces | B2: Plug load Power Density (W/ft²) | C2: Gas Power Density (Btu/hr-ft²) | D2: Refrigeration Power Density (W/ft²) | E2: Source | F2: Note
A3: =Ventilation!O5 -> Office Area (>250 square feet) | B3: 0.7 | E3: T24 2022 - Appendix 5.4A | F3: Plug load and schedules project with CEC, 2025
A4: =Ventilation!O6 -> Corridor Area | B4: 0
A5: =Ventilation!O7 -> Dining Area (Cafeteria/Fast Food) | B5: 0.5 | D5: 0.25 | F5: CEC: Refrig Load = 0.25 w/ft²
A6: =Ventilation!O8 -> Healthcare Facility and Hospitals (Exam/Treatment Room) | B6: 1.5 | C6: 1.1259 | F6: Appendix 5.4A: Gas equipment=1.1259 Btu/h-ft²--CEC model (Hospital) has the Gas equipment for 3.59 Btu/h-ft²
A7: =Ventilation!O9 -> Healthcare Facility and Hospitals (Nurse's Station) | B7: 2 | F7: PNNL has EPD=2 for Nurse station
A8: =Ventilation!O10 -> Healthcare Facility and Hospitals (Recovery Room) | B8: 1.5
A9: =Ventilation!O11 -> Laboratory, Scientific | B9: 2 | F9: Appendix 5.4A: Gas equipment=13 Btu/h-ft²--CEC model (Hospital) has the Gas equipment for 51.7 Btu/h-ft²
A10: =Ventilation!O12 -> Healthcare Facility and Hospitals (Operating Room) | B10: 11 | F10: PNNL has EPD=11 for Operating room--CEC: Gas equipment=3.62 Btu/h-ft²
A11: =Ventilation!O13 -> Healthcare Facility and Hospitals (Physical Therapy Room) | B11: 1.5
A12: =Ventilation!O14 -> Healthcare Facility and Hospitals (Imaging Room) | B12: 10 | F12: PNNL has EPD=10 for Imaging room
A13: =Ventilation!O15 -> Healthcare Facility and Hospitals (Patient Room) | B13: 1.5
A14: =Ventilation!O16 -> Lobby, Main Entry | B14: 0.5
A15: =Ventilation!O17 -> Kitchen/Food Preparation Area | B15: 1.5 | C15: 17.54 | D15: 1.12 | F15: Appendix 5.4A: Gas equipment=17.53768 --CEC model (Hospital) has the Gas equipment for 35.4 Btu/h-ft²) -- Btu/h-ft² CEC: Refrig Load = 1.12 W/ft²
A16: =Zones!A31 -> Office Area (<250 square feet) | B16: 0.7
A18: Elevator
A19: Vintage | B19: No. of Elevators | C19: Cab Lighting Power Limit | D19: Lighting Shutoff | E19: Cab Fan Control | F19: Fan Power Limit | G19: Regenerative Drive Threshold | H19: Design load (w) | I19: Note
A20: Existing | B20: =C28 -> 6 | C20: 1.65 | D20: n/a | E20: n/a | F20: n/a | G20: n/a | H20: =D38 -> 58131.4 | I20: Design Load based on PNNL ASHRAE 90.1 2013 Hospital prototype
A21: New Construction | B21: =C28 -> 6 | C21: ≤ 0.6 W/ft² of cab floor area- Exempt (covered process) | D21: Automatic shut‑off after ≤ 5 min no‑occupancy | E21: When the elevator cab is stopped and unoccupied with doors closed for over 15 minutes, the cab interior lighting and ventilation fans shall be switched off until elevator cab operation resumes. | F21: ≤ 0.33 W per cfm of fan airflow | G21: n/a | H21: =B38 -> 35089.21 | I21: Design Load based on PNNL ASHRAE 90.1 2022 Hospital prototype --- per T24 2025 §120.6 (f)
A24: Assumptions for elevators:
A25: One elevator for approximately 50,000 square feet in use.
A26: For every two floors or two and a half floors, one more elevator was added.
A27: An in-use rate of 70% for the floor area was assumed, based on engineering judgment.
A28: Calculated number of Elevators: | C28: =ROUND((241500*0.7/50000)+ROUND(5/2,0),0) -> 6 | D28: Same as PNNL assumptions
A29: Calculate Elevator load (kw)based on ACM 2022: | C29: =C28*C30 -> 60 | D29: 30 kw is PNNL ASHRE 90.1 2022 elevator load (Lift,light and Fan)--CEC Model has 80K for the elevator load.
A30: ACM 2022 suggestion for elevator load (kw): | C30: 10
A31: Elevator load will be defined as exterior load not equipment load (Same as PNNL ASHRAE 90.1 Large Hotel prototype).
A33: Elevator Load= Elevator Lift+ Elevator Light | B33: 2022 | C33: 2019 | D33: 2013
A34: Elevator Lift (W) | B34: 34667.95 | C34: 57630.4 | D34: 57630.4
A35: Elevator Fan | B35: 421.26 | C35: 501 | D35: 501
A36: Elevator Light | B36: 0.7 W/ft² | C36: 1.5 w/ft² | D36: 1.65 w/ft²
A38: based on PNNL ASHRAE 90.1 Hospital prototype | B38: =B34+B35 -> 35089.21 | C38: =C34+C35 -> 58131.4 | D38: =D34+D35 -> 58131.4
A41: Background Data [To be deleted prior to publication]

Sheet Schedules
A1: ="Schedules - "&Prototype!A2 -> Schedules - Hospital
A2: Zone | B2: Schedule Category | C2: Schedule | D2: Source | E2: Type | F2: Hour
F3: 1 | G3: 2 | H3: 3 | I3: 4 | J3: 5 | K3: 6 | L3: 7 | M3: 8 | N3: 9 | O3: 10 | P3: 11 | Q3: 12 | R3: 13 | S3: 14 | T3: 15 | U3: 16 | V3: 17 | W3: 18 | X3: 19 | Y3: 20 | Z3: 21 | AA3: 22 | AB3: 23 | AC3: 24 | AM3: PNNL
A4: All the zones | B4: Health | C4: Occupancy | D4: T24 2022 - Appendix 5.4B, [Health] | E4: Weekday | F4: 0 | G4: 0 | H4: 0 | I4: 0 | J4: 0 | K4: 0 | L4: 0 | M4: 0.1 | N4: 0.5 | O4: 0.8 | P4: 0.8 | Q4: 0.8 | R4: 0.8 | S4: 0.8 | T4: 0.8 | U4: 0.8 | V4: 0.8 | W4: 0.5 | X4: 0.3 | Y4: 0.3 | Z4: 0.2 | AA4: 0.2 | AB4: 0 | AC4: 0 | AN4: 0.349 | AO4: 0.349 | AP4: 0.349 | AQ4: 0.349 | AR4: 0.349 | AS4: 0.349 | AT4: 0.349 | AU4: 0.682 | AV4: 0.877 | AW4: 0.877 | AX4: 0.877 | AY4: 0.877 | AZ4: 0.877 | BA4: 0.877 | BB4: 0.877 | BC4: 0.877 | BD4: 0.584 | BE4: 0.584 | BF4: 0.584 | BG4: 0.584 | BH4: 0.584 | BI4: 0.584 | BJ4: 0.524 | BK4: 0.349
E5: Saturday | F5: 0 | G5: 0 | H5: 0 | I5: 0 | J5: 0 | K5: 0 | L5: 0 | M5: 0.1 | N5: 0.3 | O5: 0.4 | P5: 0.4 | Q5: 0.4 | R5: 0.4 | S5: 0.4 | T5: 0.4 | U5: 0.4 | V5: 0.4 | W5: 0.1 | X5: 0.1 | Y5: 0 | Z5: 0 | AA5: 0 | AB5: 0 | AC5: 0 | AN5: 0.349 | AO5: 0.349 | AP5: 0.349 | AQ5: 0.349 | AR5: 0.349 | AS5: 0.349 | AT5: 0.349 | AU5: 0.487 | AV5: 0.633 | AW5: 0.633 | AX5: 0.633 | AY5: 0.633 | AZ5: 0.633 | BA5: 0.633 | BB5: 0.633 | BC5: 0.633 | BD5: 0.633 | BE5: 0.633 | BF5: 0.349 | BG5: 0.349 | BH5: 0.349 | BI5: 0.349 | BJ5: 0.349 | BK5: 0.349
E6: Sunday | F6: 0 | G6: 0 | H6: 0 | I6: 0 | J6: 0 | K6: 0 | L6: 0 | M6: 0 | N6: 0.05 | O6: 0.05 | P6: 0.05 | Q6: 0.05 | R6: 0.05 | S6: 0.05 | T6: 0.05 | U6: 0.05 | V6: 0 | W6: 0 | X6: 0 | Y6: 0 | Z6: 0 | AA6: 0 | AB6: 0 | AC6: 0 | AN6: 0.262 | AO6: 0.262 | AP6: 0.262 | AQ6: 0.262 | AR6: 0.262 | AS6: 0.262 | AT6: 0.262 | AU6: 0.262 | AV6: 0.349 | AW6: 0.349 | AX6: 0.349 | AY6: 0.349 | AZ6: 0.349 | BA6: 0.349 | BB6: 0.349 | BC6: 0.349 | BD6: 0.262 | BE6: 0.262 | BF6: 0.262 | BG6: 0.262 | BH6: 0.262 | BI6: 0.262 | BJ6: 0.262 | BK6: 0.262
A7: All the zones | B7: Health | C7: Lights | D7: T24 2022 - Appendix 5.4B, [Health] | E7: Weekday | F7: 0.1 | G7: 0.1 | H7: 0.1 | I7: 0.1 | J7: 0.1 | K7: 0.1 | L7: 0.1 | M7: 0.45 | N7: 0.8 | O7: 0.8 | P7: 0.8 | Q7: 0.8 | R7: 0.8 | S7: 0.8 | T7: 0.8 | U7: 0.8 | V7: 0.3 | W7: 0.3 | X7: 0.3 | Y7: 0.3 | Z7: 0.3 | AA7: 0.3 | AB7: 0.3 | AC7: 0.1
E8: Saturday | F8: 0.1 | G8: 0.1 | H8: 0.1 | I8: 0.1 | J8: 0.1 | K8: 0.1 | L8: 0.1 | M8: 0.2 | N8: 0.35 | O8: 0.35 | P8: 0.35 | Q8: 0.35 | R8: 0.35 | S8: 0.35 | T8: 0.35 | U8: 0.35 | V8: 0.35 | W8: 0.35 | X8: 0.1 | Y8: 0.1 | Z8: 0.1 | AA8: 0.1 | AB8: 0.1 | AC8: 0.1
E9: Sunday | F9: 0.05 | G9: 0.05 | H9: 0.05 | I9: 0.05 | J9: 0.05 | K9: 0.05 | L9: 0.05 | M9: 0.05 | N9: 0.1 | O9: 0.1 | P9: 0.1 | Q9: 0.1 | R9: 0.1 | S9: 0.1 | T9: 0.1 | U9: 0.1 | V9: 0.05 | W9: 0.05 | X9: 0.05 | Y9: 0.05 | Z9: 0.05 | AA9: 0.05 | AB9: 0.05 | AC9: 0.05
A10: All the zones | B10: Health | C10: ElecEquipment | D10: T24 2022 - Appendix 5.4B, [Health] | E10: Weekday | F10: 0.1 | G10: 0.1 | H10: 0.1 | I10: 0.1 | J10: 0.1 | K10: 0.1 | L10: 0.1 | M10: 0.5 | N10: 0.9 | O10: 0.9 | P10: 0.9 | Q10: 0.9 | R10: 0.9 | S10: 0.9 | T10: 0.9 | U10: 0.9 | V10: 0.3 | W10: 0.3 | X10: 0.3 | Y10: 0.3 | Z10: 0.3 | AA10: 0.3 | AB10: 0.3 | AC10: 0.1 | AN10: 0.349 | AO10: 0.349 | AP10: 0.349 | AQ10: 0.349 | AR10: 0.349 | AS10: 0.349 | AT10: 0.349 | AU10: 0.682 | AV10: 0.877 | AW10: 0.877 | AX10: 0.877 | AY10: 0.877 | AZ10: 0.877 | BA10: 0.877 | BB10: 0.877 | BC10: 0.877 | BD10: 0.584 | BE10: 0.584 | BF10: 0.584 | BG10: 0.584 | BH10: 0.584 | BI10: 0.584 | BJ10: 0.524 | BK10: 0.349
E11: Saturday | F11: 0.1 | G11: 0.1 | H11: 0.1 | I11: 0.1 | J11: 0.1 | K11: 0.1 | L11: 0.1 | M11: 0.2 | N11: 0.4 | O11: 0.4 | P11: 0.4 | Q11: 0.4 | R11: 0.4 | S11: 0.4 | T11: 0.4 | U11: 0.4 | V11: 0.4 | W11: 0.4 | X11: 0.1 | Y11: 0.1 | Z11: 0.1 | AA11: 0.1 | AB11: 0.1 | AC11: 0.1 | AN11: 0.349 | AO11: 0.349 | AP11: 0.349 | AQ11: 0.349 | AR11: 0.349 | AS11: 0.349 | AT11: 0.349 | AU11: 0.487 | AV11: 0.633 | AW11: 0.633 | AX11: 0.633 | AY11: 0.633 | AZ11: 0.633 | BA11: 0.633 | BB11: 0.633 | BC11: 0.633 | BD11: 0.633 | BE11: 0.633 | BF11: 0.349 | BG11: 0.349 | BH11: 0.349 | BI11: 0.349 | BJ11: 0.349 | BK11: 0.349
E12: Sunday | F12: 0.05 | G12: 0.05 | H12: 0.05 | I12: 0.05 | J12: 0.05 | K12: 0.05 | L12: 0.05 | M12: 0.05 | N12: 0.1 | O12: 0.1 | P12: 0.1 | Q12: 0.1 | R12: 0.1 | S12: 0.1 | T12: 0.1 | U12: 0.1 | V12: 0.05 | W12: 0.05 | X12: 0.05 | Y12: 0.05 | Z12: 0.05 | AA12: 0.05 | AB12: 0.05 | AC12: 0.05 | AN12: 0.262 | AO12: 0.262 | AP12: 0.262 | AQ12: 0.262 | AR12: 0.262 | AS12: 0.262 | AT12: 0.262 | AU12: 0.262 | AV12: 0.349 | AW12: 0.349 | AX12: 0.349 | AY12: 0.349 | AZ12: 0.349 | BA12: 0.349 | BB12: 0.349 | BC12: 0.349 | BD12: 0.262 | BE12: 0.262 | BF12: 0.262 | BG12: 0.262 | BH12: 0.262 | BI12: 0.262 | BJ12: 0.262 | BK12: 0.262
A13: All the zones | B13: Health | C13: ServiceHotWater | D13: T24 2022 - Appendix 5.4B, [Health] | E13: Weekday | F13: 0.01 | G13: 0.01 | H13: 0.01 | I13: 0.01 | J13: 0.01 | K13: 0.01 | L13: 0.01 | M13: 0.17 | N13: 0.58 | O13: 0.66 | P13: 0.78 | Q13: 0.82 | R13: 0.71 | S13: 0.82 | T13: 0.78 | U13: 0.74 | V13: 0.63 | W13: 0.41 | X13: 0.18 | Y13: 0.18 | Z13: 0.18 | AA13: 0.1 | AB13: 0.01 | AC13: 0.01
E14: Saturday | F14: 0.01 | G14: 0.01 | H14: 0.01 | I14: 0.01 | J14: 0.01 | K14: 0.01 | L14: 0.01 | M14: 0.01 | N14: 0.2 | O14: 0.28 | P14: 0.3 | Q14: 0.3 | R14: 0.24 | S14: 0.24 | T14: 0.23 | U14: 0.23 | V14: 0.23 | W14: 0.1 | X14: 0.01 | Y14: 0.01 | Z14: 0.01 | AA14: 0.01 | AB14: 0.01 | AC14: 0.01
E15: Sunday | F15: 0.01 | G15: 0.01 | H15: 0.01 | I15: 0.01 | J15: 0.01 | K15: 0.01 | L15: 0.01 | M15: 0.01 | N15: 0.01 | O15: 0.01 | P15: 0.01 | Q15: 0.01 | R15: 0.01 | S15: 0.01 | T15: 0.01 | U15: 0.01 | V15: 0.01 | W15: 0.01 | X15: 0.01 | Y15: 0.01 | Z15: 0.01 | AA15: 0.01 | AB15: 0.01 | AC15: 0.01
A16: All the zones | B16: Health | C16: GasEquipment | D16: T24 2022 - Appendix 5.4B, [Health] | E16: Weekday | F16: 0 | G16: 0 | H16: 0 | I16: 0 | J16: 0 | K16: 0 | L16: 0 | M16: 0.75 | N16: 0.9 | O16: 0.9 | P16: 0.9 | Q16: 0.9 | R16: 0.9 | S16: 0.9 | T16: 0.9 | U16: 0.9 | V16: 0.9 | W16: 0.75 | X16: 0.2 | Y16: 0.1 | Z16: 0 | AA16: 0 | AB16: 0 | AC16: 0
E17: Saturday | F17: 0 | G17: 0 | H17: 0 | I17: 0 | J17: 0 | K17: 0 | L17: 0 | M17: 0.3 | N17: 0.5 | O17: 0.5 | P17: 0.5 | Q17: 0.5 | R17: 0.5 | S17: 0.5 | T17: 0.5 | U17: 0.5 | V17: 0.5 | W17: 0.3 | X17: 0 | Y17: 0 | Z17: 0 | AA17: 0 | AB17: 0 | AC17: 0
E18: Sunday | F18: 0 | G18: 0 | H18: 0 | I18: 0 | J18: 0 | K18: 0 | L18: 0 | M18: 0 | N18: 0 | O18: 0 | P18: 0 | Q18: 0 | R18: 0 | S18: 0 | T18: 0 | U18: 0 | V18: 0 | W18: 0 | X18: 0 | Y18: 0 | Z18: 0 | AA18: 0 | AB18: 0 | AC18: 0
A19: All the zones | B19: Health | C19: Refrigeration | D19: T24 2022 - Appendix 5.4B, [Health] | E19: Weekday | F19: 0.9 | G19: 0.9 | H19: 0.9 | I19: 0.9 | J19: 0.9 | K19: 0.9 | L19: 0.9 | M19: 0.9 | N19: 0.9 | O19: 0.9 | P19: 0.9 | Q19: 0.9 | R19: 0.9 | S19: 0.9 | T19: 0.9 | U19: 0.9 | V19: 0.9 | W19: 0.9 | X19: 0.9 | Y19: 0.9 | Z19: 0.9 | AA19: 0.9 | AB19: 0.9 | AC19: 0.9
E20: Saturday | F20: 0.9 | G20: 0.9 | H20: 0.9 | I20: 0.9 | J20: 0.9 | K20: 0.9 | L20: 0.9 | M20: 0.9 | N20: 0.9 | O20: 0.9 | P20: 0.9 | Q20: 0.9 | R20: 0.9 | S20: 0.9 | T20: 0.9 | U20: 0.9 | V20: 0.9 | W20: 0.9 | X20: 0.9 | Y20: 0.9 | Z20: 0.9 | AA20: 0.9 | AB20: 0.9 | AC20: 0.9
E21: Sunday | F21: 0.9 | G21: 0.9 | H21: 0.9 | I21: 0.9 | J21: 0.9 | K21: 0.9 | L21: 0.9 | M21: 0.9 | N21: 0.9 | O21: 0.9 | P21: 0.9 | Q21: 0.9 | R21: 0.9 | S21: 0.9 | T21: 0.9 | U21: 0.9 | V21: 0.9 | W21: 0.9 | X21: 0.9 | Y21: 0.9 | Z21: 0.9 | AA21: 0.9 | AB21: 0.9 | AC21: 0.9
A22: Perimeter zones under Health category | B22: Health | C22: Infiltration | D22: T24 2022 - Appendix 5.4B, [Health] | E22: Weekday | F22: =IF(F4=0,1,0.25) -> 1 | G22: =IF(G4=0,1,0.25) -> 1 | H22: =IF(H4=0,1,0.25) -> 1 | I22: =IF(I4=0,1,0.25) -> 1 | J22: =IF(J4=0,1,0.25) -> 1 | K22: =IF(K4=0,1,0.25) -> 1 | L22: =IF(L4=0,1,0.25) -> 1 | M22: =IF(M4=0,1,0.25) -> 0.25 | ... AC22: =IF(AC4=0,1,0.25) -> 1
E23: Saturday | F23: =IF(F5=0,1,0.25) -> 1 | G23: =IF(G5=0,1,0.25) -> 1 | H23: =IF(H5=0,1,0.25) -> 1 | I23: =IF(I5=0,1,0.25) -> 1 | J23: =IF(J5=0,1,0.25) -> 1 | K23: =IF(K5=0,1,0.25) -> 1 | L23: =IF(L5=0,1,0.25) -> 1 | M23: =IF(M5=0,1,0.25) -> 0.25 | ... AC23: =IF(AC5=0,1,0.25) -> 1
E24: Sunday | F24: =IF(F6=0,1,0.25) -> 1 | G24: =IF(G6=0,1,0.25) -> 1 | H24: =IF(H6=0,1,0.25) -> 1 | I24: =IF(I6=0,1,0.25) -> 1 | J24: =IF(J6=0,1,0.25) -> 1 | K24: =IF(K6=0,1,0.25) -> 1 | L24: =IF(L6=0,1,0.25) -> 1 | M24: =IF(M6=0,1,0.25) -> 1 | ... AC24: =IF(AC6=0,1,0.25) -> 1
A25: All the zones | B25: Health | C25: HVACAvail | D25: T24 2022 - Appendix 5.4B, [Health] | E25: Weekday | F25: 0 | G25: 0 | H25: 0 | I25: 0 | J25: 0 | K25: 0 | L25: 1 | M25: 1 | N25: 1 | O25: 1 | P25: 1 | Q25: 1 | R25: 1 | S25: 1 | T25: 1 | U25: 1 | V25: 1 | W25: 1 | X25: 1 | Y25: 1 | Z25: 1 | AA25: 1 | AB25: 0 | AC25: 0
E26: Saturday | F26: 0 | G26: 0 | H26: 0 | I26: 0 | J26: 0 | K26: 0 | L26: 1 | M26: 1 | N26: 1 | O26: 1 | P26: 1 | Q26: 1 | R26: 1 | S26: 1 | T26: 1 | U26: 1 | V26: 1 | W26: 1 | X26: 1 | Y26: 0 | Z26: 0 | AA26: 0 | AB26: 0 | AC26: 0
E27: Sunday | F27: 0 | G27: 0 | H27: 0 | I27: 0 | J27: 0 | K27: 0 | L27: 0 | M27: 1 | N27: 1 | O27: 1 | P27: 1 | Q27: 1 | R27: 1 | S27: 1 | T27: 1 | U27: 1 | V27: 0 | W27: 0 | X27: 0 | Y27: 0 | Z27: 0 | AA27: 0 | AB27: 0 | AC27: 0
A28: All the zones | B28: Health | C28: HtgSetpt | E28: Weekday | F28: =IF(F25=0,Thermostat!$B$4,Thermostat!$B$3) -> 70 | G28: =IF(G25=0,Thermostat!$B$4,Thermostat!$B$3) -> 70 | H28: =IF(H25=0,Thermostat!$B$4,Thermostat!$B$3) -> 70 | I28: =IF(I25=0,Thermostat!$B$4,Thermostat!$B$3) -> 70 | J28: =IF(J25=0,Thermostat!$B$4,Thermostat!$B$3) -> 70 | K28: =IF(K25=0,Thermostat!$B$4,Thermostat!$B$3) -> 70 | L28: =IF(L25=0,Thermostat!$B$4,Thermostat!$B$3) -> 70 | M28: =IF(M25=0,Thermostat!$B$4,Thermostat!$B$3) -> 70 | ... AC28: =IF(AC25=0,Thermostat!$B$4,Thermostat!$B$3) -> 70
E29: Saturday | F29: =IF(F26=0,Thermostat!$B$4,Thermostat!$B$3) -> 70 | G29: =IF(G26=0,Thermostat!$B$4,Thermostat!$B$3) -> 70 | H29: =IF(H26=0,Thermostat!$B$4,Thermostat!$B$3) -> 70 | I29: =IF(I26=0,Thermostat!$B$4,Thermostat!$B$3) -> 70 | J29: =IF(J26=0,Thermostat!$B$4,Thermostat!$B$3) -> 70 | K29: =IF(K26=0,Thermostat!$B$4,Thermostat!$B$3) -> 70 | L29: =IF(L26=0,Thermostat!$B$4,Thermostat!$B$3) -> 70 | M29: =IF(M26=0,Thermostat!$B$4,Thermostat!$B$3) -> 70 | ... AC29: =IF(AC26=0,Thermostat!$B$4,Thermostat!$B$3) -> 70
E30: Sunday | F30: =IF(F27=0,Thermostat!$B$4,Thermostat!$B$3) -> 70 | G30: =IF(G27=0,Thermostat!$B$4,Thermostat!$B$3) -> 70 | H30: =IF(H27=0,Thermostat!$B$4,Thermostat!$B$3) -> 70 | I30: =IF(I27=0,Thermostat!$B$4,Thermostat!$B$3) -> 70 | J30: =IF(J27=0,Thermostat!$B$4,Thermostat!$B$3) -> 70 | K30: =IF(K27=0,Thermostat!$B$4,Thermostat!$B$3) -> 70 | L30: =IF(L27=0,Thermostat!$B$4,Thermostat!$B$3) -> 70 | M30: =IF(M27=0,Thermostat!$B$4,Thermostat!$B$3) -> 70 | ... AC30: =IF(AC27=0,Thermostat!$B$4,Thermostat!$B$3) -> 70
A31: All the zones | B31: Health | C31: ClgSetpt | E31: Weekday | F31: =IF(F25=1,Thermostat!$B$5,Thermostat!$B$6) -> 75 | G31: =IF(G25=1,Thermostat!$B$5,Thermostat!$B$6) -> 75 | H31: =IF(H25=1,Thermostat!$B$5,Thermostat!$B$6) -> 75 | I31: =IF(I25=1,Thermostat!$B$5,Thermostat!$B$6) -> 75 | J31: =IF(J25=1,Thermostat!$B$5,Thermostat!$B$6) -> 75 | K31: =IF(K25=1,Thermostat!$B$5,Thermostat!$B$6) -> 75 | L31: =IF(L25=1,Thermostat!$B$5,Thermostat!$B$6) -> 75 | M31: =IF(M25=1,Thermostat!$B$5,Thermostat!$B$6) -> 75 | ... AC31: =IF(AC25=1,Thermostat!$B$5,Thermostat!$B$6) -> 75
E32: Saturday | F32: =IF(F26=1,Thermostat!$B$5,Thermostat!$B$6) -> 75 | G32: =IF(G26=1,Thermostat!$B$5,Thermostat!$B$6) -> 75 | H32: =IF(H26=1,Thermostat!$B$5,Thermostat!$B$6) -> 75 | I32: =IF(I26=1,Thermostat!$B$5,Thermostat!$B$6) -> 75 | J32: =IF(J26=1,Thermostat!$B$5,Thermostat!$B$6) -> 75 | K32: =IF(K26=1,Thermostat!$B$5,Thermostat!$B$6) -> 75 | L32: =IF(L26=1,Thermostat!$B$5,Thermostat!$B$6) -> 75 | M32: =IF(M26=1,Thermostat!$B$5,Thermostat!$B$6) -> 75 | ... AC32: =IF(AC26=1,Thermostat!$B$5,Thermostat!$B$6) -> 75
E33: Sunday | F33: =IF(F27=1,Thermostat!$B$5,Thermostat!$B$6) -> 75 | G33: =IF(G27=1,Thermostat!$B$5,Thermostat!$B$6) -> 75 | H33: =IF(H27=1,Thermostat!$B$5,Thermostat!$B$6) -> 75 | I33: =IF(I27=1,Thermostat!$B$5,Thermostat!$B$6) -> 75 | J33: =IF(J27=1,Thermostat!$B$5,Thermostat!$B$6) -> 75 | K33: =IF(K27=1,Thermostat!$B$5,Thermostat!$B$6) -> 75 | L33: =IF(L27=1,Thermostat!$B$5,Thermostat!$B$6) -> 75 | M33: =IF(M27=1,Thermostat!$B$5,Thermostat!$B$6) -> 75 | ... AC33: =IF(AC27=1,Thermostat!$B$5,Thermostat!$B$6) -> 75
A34: Health24/7 | C34: Other
A35: All the zones | B35: Health24/7 | C35: Occupancy | D35: PNNL 2022 Hospital prototype | E35: Weekday | F35: 0.4 | G35: 0.4 | H35: 0.4 | I35: 0.4 | J35: 0.4 | K35: 0.4 | L35: 0.4 | M35: 0.5 | N35: 0.6 | O35: 0.8 | P35: 0.8 | Q35: 0.8 | R35: 0.8 | S35: 0.8 | T35: 0.8 | U35: 0.8 | V35: 0.8 | W35: 0.6 | X35: 0.5 | Y35: 0.5 | Z35: 0.4 | AA35: 0.4 | AB35: 0.4 | AC35: 0.4
E36: Saturday | F36: 0.4 | G36: 0.4 | H36: 0.4 | I36: 0.4 | J36: 0.4 | K36: 0.4 | L36: 0.4 | M36: 0.5 | N36: 0.6 | O36: 0.6 | P36: 0.6 | Q36: 0.6 | R36: 0.6 | S36: 0.6 | T36: 0.6 | U36: 0.6 | V36: 0.6 | W36: 0.5 | X36: 0.5 | Y36: 0.4 | Z36: 0.4 | AA36: 0.4 | AB36: 0.4 | AC36: 0.4
E37: Sunday | F37: 0.4 | G37: 0.4 | H37: 0.4 | I37: 0.4 | J37: 0.4 | K37: 0.4 | L37: 0.4 | M37: 0.4 | N37: 0.6 | O37: 0.6 | P37: 0.6 | Q37: 0.6 | R37: 0.6 | S37: 0.6 | T37: 0.6 | U37: 0.6 | V37: 0.4 | W37: 0.4 | X37: 0.4 | Y37: 0.4 | Z37: 0.4 | AA37: 0.4 | AB37: 0.4 | AC37: 0.4
A38: All the zones | B38: =B35 -> Health24/7 | C38: Lights | D38: PNNL 2022 Hospital prototype | E38: Weekday | F38: 0.45 | G38: 0.45 | H38: 0.45 | I38: 0.45 | J38: 0.45 | K38: 0.45 | L38: 0.45 | M38: 0.45 | N38: 0.81 | O38: 0.81 | P38: 0.81 | Q38: 0.81 | R38: 0.81 | S38: 0.81 | T38: 0.81 | U38: 0.81 | V38: 0.45 | W38: 0.45 | X38: 0.45 | Y38: 0.45 | Z38: 0.45 | AA38: 0.45 | AB38: 0.45 | AC38: 0.45
E39: Saturday | F39: 0.45 | G39: 0.45 | H39: 0.45 | I39: 0.45 | J39: 0.45 | K39: 0.45 | L39: 0.45 | M39: 0.45 | N39: 0.72 | O39: 0.72 | P39: 0.72 | Q39: 0.72 | R39: 0.72 | S39: 0.72 | T39: 0.72 | U39: 0.72 | V39: 0.72 | W39: 0.72 | X39: 0.45 | Y39: 0.45 | Z39: 0.45 | AA39: 0.45 | AB39: 0.45 | AC39: 0.45
E40: Sunday | F40: 0.45 | G40: 0.45 | H40: 0.45 | I40: 0.45 | J40: 0.45 | K40: 0.45 | L40: 0.45 | M40: 0.45 | N40: 0.63 | O40: 0.63 | P40: 0.63 | Q40: 0.63 | R40: 0.63 | S40: 0.63 | T40: 0.63 | U40: 0.63 | V40: 0.45 | W40: 0.45 | X40: 0.45 | Y40: 0.45 | Z40: 0.45 | AA40: 0.45 | AB40: 0.45 | AC40: 0.45
A41: All the zones | B41: =B35 -> Health24/7 | C41: ElecEquipment | D41: PNNL 2022 Hospital prototype | E41: Weekday | F41: 0.4 | G41: 0.4 | H41: 0.4 | I41: 0.4 | J41: 0.4 | K41: 0.4 | L41: 0.4 | M41: 0.7 | N41: 0.9 | O41: 0.9 | P41: 0.9 | Q41: 0.9 | R41: 0.9 | S41: 0.9 | T41: 0.9 | U41: 0.9 | V41: 0.6 | W41: 0.6 | X41: 0.6 | Y41: 0.6 | Z41: 0.6 | AA41: 0.6 | AB41: 0.6 | AC41: 0.4
E42: Saturday | F42: 0.4 | G42: 0.4 | H42: 0.4 | I42: 0.4 | J42: 0.4 | K42: 0.4 | L42: 0.4 | M42: 0.8 | N42: 0.65 | O42: 0.65 | P42: 0.65 | Q42: 0.65 | R42: 0.65 | S42: 0.65 | T42: 0.65 | U42: 0.65 | V42: 0.65 | W42: 0.65 | X42: 0.4 | Y42: 0.4 | Z42: 0.4 | AA42: 0.4 | AB42: 0.4 | AC42: 0.4
E43: Sunday | F43: 0.4 | G43: 0.4 | H43: 0.4 | I43: 0.4 | J43: 0.4 | K43: 0.4 | L43: 0.4 | M43: 0.4 | N43: 0.6 | O43: 0.6 | P43: 0.6 | Q43: 0.6 | R43: 0.6 | S43: 0.6 | T43: 0.6 | U43: 0.6 | V43: 0.4 | W43: 0.4 | X43: 0.4 | Y43: 0.4 | Z43: 0.4 | AA43: 0.4 | AB43: 0.4 | AC43: 0.4
A44: All the zones | B44: =B35 -> Health24/7 | C44: ServiceHotWater | D44: PNNL 2022 Hospital prototype | E44: Weekday | F44: 0.3 | G44: 0.3 | H44: 0.3 | I44: 0.3 | J44: 0.3 | K44: 0.3 | L44: 0.5 | M44: 0.58 | N44: 0.66 | O44: 0.78 | P44: 0.82 | Q44: 0.71 | R44: 0.82 | S44: 0.78 | T44: 0.74 | U44: 0.63 | V44: 0.41 | W44: 0.35 | X44: 0.35 | Y44: 0.35 | Z44: 0.3 | AA44: 0.3 | AB44: 0.3 | AC44: 0.3
E45: Saturday | F45: 0.3 | G45: 0.3 | H45: 0.3 | I45: 0.3 | J45: 0.3 | K45: 0.3 | L45: 0.3 | M45: 0.4 | N45: 0.5 | O45: 0.6 | P45: 0.6 | Q45: 0.6 | R45: 0.6 | S45: 0.6 | T45: 0.6 | U45: 0.6 | V45: 0.5 | W45: 0.3 | X45: 0.3 | Y45: 0.3 | Z45: 0.3 | AA45: 0.3 | AB45: 0.3 | AC45: 0.3
E46: Sunday | F46: 0.3 | G46: 0.3 | H46: 0.3 | I46: 0.3 | J46: 0.3 | K46: 0.3 | L46: 0.3 | M46: 0.4 | N46: 0.5 | O46: 0.6 | P46: 0.6 | Q46: 0.6 | R46: 0.6 | S46: 0.6 | T46: 0.6 | U46: 0.6 | V46: 0.5 | W46: 0.3 | X46: 0.3 | Y46: 0.3 | Z46: 0.3 | AA46: 0.3 | AB46: 0.3 | AC46: 0.3
A47: All the zones | B47: =B35 -> Health24/7 | C47: GasEquipment | D47: CEC Hospital Update with changing 0 to 0.1 Or PNNL Gas Equip that is similar Elec? | E47: Weekday | F47: 0.1 | G47: 0.1 | H47: 0.1 | I47: 0.1 | J47: 0.1 | K47: 0.1 | L47: 0.1 | M47: 0.75 | N47: 0.9 | O47: 0.9 | P47: 0.9 | Q47: 0.9 | R47: 0.9 | S47: 0.9 | T47: 0.9 | U47: 0.9 | V47: 0.9 | W47: 0.75 | X47: 0.2 | Y47: 0.1 | Z47: 0.1 | AA47: 0.1 | AB47: 0.1 | AC47: 0.1 | AN47: 0.4 | AO47: 0.4 | AP47: 0.4 | AQ47: 0.4 | AR47: 0.4 | AS47: 0.4 | AT47: 0.4 | AU47: 0.7 | AV47: 0.9 | AW47: 0.9 | AX47: 0.9 | AY47: 0.9 | AZ47: 0.9 | BA47: 0.9 | BB47: 0.9 | BC47: 0.9 | BD47: 0.6 | BE47: 0.6 | BF47: 0.6 | BG47: 0.6 | BH47: 0.6 | BI47: 0.6 | BJ47: 0.6 | BK47: 0.4
E48: Saturday | F48: 0.1 | G48: 0.1 | H48: 0.1 | I48: 0.1 | J48: 0.1 | K48: 0.1 | L48: 0.1 | M48: 0.3 | N48: 0.5 | O48: 0.5 | P48: 0.5 | Q48: 0.5 | R48: 0.5 | S48: 0.5 | T48: 0.5 | U48: 0.5 | V48: 0.5 | W48: 0.3 | X48: 0.1 | Y48: 0.1 | Z48: 0.1 | AA48: 0.1 | AB48: 0.1 | AC48: 0.1 | AN48: 0.4 | AO48: 0.4 | AP48: 0.4 | AQ48: 0.4 | AR48: 0.4 | AS48: 0.4 | AT48: 0.4 | AU48: 0.8 | AV48: 0.65 | AW48: 0.65 | AX48: 0.65 | AY48: 0.65 | AZ48: 0.65 | BA48: 0.65 | BB48: 0.65 | BC48: 0.65 | BD48: 0.65 | BE48: 0.65 | BF48: 0.4 | BG48: 0.4 | BH48: 0.4 | BI48: 0.4 | BJ48: 0.4 | BK48: 0.4
E49: Sunday | F49: 0.1 | G49: 0.1 | H49: 0.1 | I49: 0.1 | J49: 0.1 | K49: 0.1 | L49: 0.1 | M49: 0.3 | N49: 0.5 | O49: 0.5 | P49: 0.5 | Q49: 0.5 | R49: 0.5 | S49: 0.5 | T49: 0.5 | U49: 0.5 | V49: 0.5 | W49: 0.3 | X49: 0.1 | Y49: 0.1 | Z49: 0.1 | AA49: 0.1 | AB49: 0.1 | AC49: 0.1 | AN49: 0.4 | AO49: 0.4 | AP49: 0.4 | AQ49: 0.4 | AR49: 0.4 | AS49: 0.4 | AT49: 0.4 | AU49: 0.4 | AV49: 0.6 | AW49: 0.6 | AX49: 0.6 | AY49: 0.6 | AZ49: 0.6 | BA49: 0.6 | BB49: 0.6 | BC49: 0.6 | BD49: 0.4 | BE49: 0.4 | BF49: 0.4 | BG49: 0.4 | BH49: 0.4 | BI49: 0.4 | BJ49: 0.4 | BK49: 0.4
A50: All the zones | B50: =B38 -> Health24/7 | C50: Infiltration | D50: Based on occupancy | E50: Weekday | F50: 0.25 | G50: 0.25 | H50: 0.25 | I50: 0.25 | J50: 0.25 | K50: 0.25 | L50: 0.25 | M50: 0.25 | N50: 0.25 | O50: 0.25 | P50: 0.25 | Q50: 0.25 | R50: 0.25 | S50: 0.25 | T50: 0.25 | U50: 0.25 | V50: 0.25 | W50: 0.25 | X50: 0.25 | Y50: 0.25 | Z50: 0.25 | AA50: 0.25 | AB50: 0.25 | AC50: 0.25
E51: Saturday | F51: 0.25 | G51: 0.25 | H51: 0.25 | I51: 0.25 | J51: 0.25 | K51: 0.25 | L51: 0.25 | M51: 0.25 | N51: 0.25 | O51: 0.25 | P51: 0.25 | Q51: 0.25 | R51: 0.25 | S51: 0.25 | T51: 0.25 | U51: 0.25 | V51: 0.25 | W51: 0.25 | X51: 0.25 | Y51: 0.25 | Z51: 0.25 | AA51: 0.25 | AB51: 0.25 | AC51: 0.25
E52: Sunday | F52: 0.25 | G52: 0.25 | H52: 0.25 | I52: 0.25 | J52: 0.25 | K52: 0.25 | L52: 0.25 | M52: 0.25 | N52: 0.25 | O52: 0.25 | P52: 0.25 | Q52: 0.25 | R52: 0.25 | S52: 0.25 | T52: 0.25 | U52: 0.25 | V52: 0.25 | W52: 0.25 | X52: 0.25 | Y52: 0.25 | Z52: 0.25 | AA52: 0.25 | AB52: 0.25 | AC52: 0.25
A53: All the zones | B53: =B35 -> Health24/7 | C53: HVACAvail | D53: PNNL 2022 Hospital prototype | E53: Weekday | F53: 1 | G53: 1 | H53: 1 | I53: 1 | J53: 1 | K53: 1 | L53: 1 | M53: 1 | N53: 1 | O53: 1 | P53: 1 | Q53: 1 | R53: 1 | S53: 1 | T53: 1 | U53: 1 | V53: 1 | W53: 1 | X53: 1 | Y53: 1 | Z53: 1 | AA53: 1 | AB53: 1 | AC53: 1
E54: Saturday | F54: 1 | G54: 1 | H54: 1 | I54: 1 | J54: 1 | K54: 1 | L54: 1 | M54: 1 | N54: 1 | O54: 1 | P54: 1 | Q54: 1 | R54: 1 | S54: 1 | T54: 1 | U54: 1 | V54: 1 | W54: 1 | X54: 1 | Y54: 1 | Z54: 1 | AA54: 1 | AB54: 1 | AC54: 1
E55: Sunday | F55: 1 | G55: 1 | H55: 1 | I55: 1 | J55: 1 | K55: 1 | L55: 1 | M55: 1 | N55: 1 | O55: 1 | P55: 1 | Q55: 1 | R55: 1 | S55: 1 | T55: 1 | U55: 1 | V55: 1 | W55: 1 | X55: 1 | Y55: 1 | Z55: 1 | AA55: 1 | AB55: 1 | AC55: 1
A56: All the zones | B56: =B35 -> Health24/7 | C56: HtgSetpt | E56: Weekday | F56: =IF(F53=1,Thermostat!$B$3,Thermostat!$B$4) -> 70 | G56: =IF(G53=1,Thermostat!$B$3,Thermostat!$B$4) -> 70 | H56: =IF(H53=1,Thermostat!$B$3,Thermostat!$B$4) -> 70 | I56: =IF(I53=1,Thermostat!$B$3,Thermostat!$B$4) -> 70 | J56: =IF(J53=1,Thermostat!$B$3,Thermostat!$B$4) -> 70 | K56: =IF(K53=1,Thermostat!$B$3,Thermostat!$B$4) -> 70 | L56: =IF(L53=1,Thermostat!$B$3,Thermostat!$B$4) -> 70 | M56: =IF(M53=1,Thermostat!$B$3,Thermostat!$B$4) -> 70 | ... AC56: =IF(AC53=1,Thermostat!$B$3,Thermostat!$B$4) -> 70
E57: Saturday | F57: =IF(F54=1,Thermostat!$B$3,Thermostat!$B$4) -> 70 | G57: =IF(G54=1,Thermostat!$B$3,Thermostat!$B$4) -> 70 | H57: =IF(H54=1,Thermostat!$B$3,Thermostat!$B$4) -> 70 | I57: =IF(I54=1,Thermostat!$B$3,Thermostat!$B$4) -> 70 | J57: =IF(J54=1,Thermostat!$B$3,Thermostat!$B$4) -> 70 | K57: =IF(K54=1,Thermostat!$B$3,Thermostat!$B$4) -> 70 | L57: =IF(L54=1,Thermostat!$B$3,Thermostat!$B$4) -> 70 | M57: =IF(M54=1,Thermostat!$B$3,Thermostat!$B$4) -> 70 | ... AC57: =IF(AC54=1,Thermostat!$B$3,Thermostat!$B$4) -> 70
E58: Sunday | F58: =IF(F55=1,Thermostat!$B$3,Thermostat!$B$4) -> 70 | G58: =IF(G55=1,Thermostat!$B$3,Thermostat!$B$4) -> 70 | H58: =IF(H55=1,Thermostat!$B$3,Thermostat!$B$4) -> 70 | I58: =IF(I55=1,Thermostat!$B$3,Thermostat!$B$4) -> 70 | J58: =IF(J55=1,Thermostat!$B$3,Thermostat!$B$4) -> 70 | K58: =IF(K55=1,Thermostat!$B$3,Thermostat!$B$4) -> 70 | L58: =IF(L55=1,Thermostat!$B$3,Thermostat!$B$4) -> 70 | M58: =IF(M55=1,Thermostat!$B$3,Thermostat!$B$4) -> 70 | ... AC58: =IF(AC55=1,Thermostat!$B$3,Thermostat!$B$4) -> 70
A59: All the zones | B59: =B35 -> Health24/7 | C59: ClgSetpt | E59: Weekday | F59: =IF(F53=1,Thermostat!$B$5,Thermostat!$B$6) -> 75 | G59: =IF(G53=1,Thermostat!$B$5,Thermostat!$B$6) -> 75 | H59: =IF(H53=1,Thermostat!$B$5,Thermostat!$B$6) -> 75 | I59: =IF(I53=1,Thermostat!$B$5,Thermostat!$B$6) -> 75 | J59: =IF(J53=1,Thermostat!$B$5,Thermostat!$B$6) -> 75 | K59: =IF(K53=1,Thermostat!$B$5,Thermostat!$B$6) -> 75 | L59: =IF(L53=1,Thermostat!$B$5,Thermostat!$B$6) -> 75 | M59: =IF(M53=1,Thermostat!$B$5,Thermostat!$B$6) -> 75 | ... AC59: =IF(AC53=1,Thermostat!$B$5,Thermostat!$B$6) -> 75
E60: Saturday | F60: =IF(F54=1,Thermostat!$B$5,Thermostat!$B$6) -> 75 | G60: =IF(G54=1,Thermostat!$B$5,Thermostat!$B$6) -> 75 | H60: =IF(H54=1,Thermostat!$B$5,Thermostat!$B$6) -> 75 | I60: =IF(I54=1,Thermostat!$B$5,Thermostat!$B$6) -> 75 | J60: =IF(J54=1,Thermostat!$B$5,Thermostat!$B$6) -> 75 | K60: =IF(K54=1,Thermostat!$B$5,Thermostat!$B$6) -> 75 | L60: =IF(L54=1,Thermostat!$B$5,Thermostat!$B$6) -> 75 | M60: =IF(M54=1,Thermostat!$B$5,Thermostat!$B$6) -> 75 | ... AC60: =IF(AC54=1,Thermostat!$B$5,Thermostat!$B$6) -> 75
E61: Sunday | F61: =IF(F55=1,Thermostat!$B$5,Thermostat!$B$6) -> 75 | G61: =IF(G55=1,Thermostat!$B$5,Thermostat!$B$6) -> 75 | H61: =IF(H55=1,Thermostat!$B$5,Thermostat!$B$6) -> 75 | I61: =IF(I55=1,Thermostat!$B$5,Thermostat!$B$6) -> 75 | J61: =IF(J55=1,Thermostat!$B$5,Thermostat!$B$6) -> 75 | K61: =IF(K55=1,Thermostat!$B$5,Thermostat!$B$6) -> 75 | L61: =IF(L55=1,Thermostat!$B$5,Thermostat!$B$6) -> 75 | M61: =IF(M55=1,Thermostat!$B$5,Thermostat!$B$6) -> 75 | ... AC61: =IF(AC55=1,Thermostat!$B$5,Thermostat!$B$6) -> 75
A62: Patient24/7 (Differ only at lights from Health24/7) | C62: Other
A63: All the zones | B63: Patient24/7 | C63: Occupancy | D63: PNNL 2022 Hospital prototype | E63: Weekday | F63: 0.4 | G63: 0.4 | H63: 0.4 | I63: 0.4 | J63: 0.4 | K63: 0.4 | L63: 0.4 | M63: 0.5 | N63: 0.6 | O63: 0.8 | P63: 0.8 | Q63: 0.8 | R63: 0.8 | S63: 0.8 | T63: 0.8 | U63: 0.8 | V63: 0.8 | W63: 0.6 | X63: 0.5 | Y63: 0.5 | Z63: 0.4 | AA63: 0.4 | AB63: 0.4 | AC63: 0.4
E64: Saturday | F64: 0.4 | G64: 0.4 | H64: 0.4 | I64: 0.4 | J64: 0.4 | K64: 0.4 | L64: 0.4 | M64: 0.5 | N64: 0.6 | O64: 0.6 | P64: 0.6 | Q64: 0.6 | R64: 0.6 | S64: 0.6 | T64: 0.6 | U64: 0.6 | V64: 0.6 | W64: 0.5 | X64: 0.5 | Y64: 0.4 | Z64: 0.4 | AA64: 0.4 | AB64: 0.4 | AC64: 0.4
E65: Sunday | F65: 0.4 | G65: 0.4 | H65: 0.4 | I65: 0.4 | J65: 0.4 | K65: 0.4 | L65: 0.4 | M65: 0.4 | N65: 0.6 | O65: 0.6 | P65: 0.6 | Q65: 0.6 | R65: 0.6 | S65: 0.6 | T65: 0.6 | U65: 0.6 | V65: 0.4 | W65: 0.4 | X65: 0.4 | Y65: 0.4 | Z65: 0.4 | AA65: 0.4 | AB65: 0.4 | AC65: 0.4
A66: All the zones | B66: =B63 -> Patient24/7 | C66: Lights | D66: PNNL 2022 Hospital prototype Modified by changing night load from 0.45 to 0.05 (almost off) | E66: Weekday | F66: 0.05 | G66: 0.05 | H66: 0.05 | I66: 0.05 | J66: 0.05 | K66: 0.05 | L66: 0.45 | M66: 0.45 | N66: 0.81 | O66: 0.81 | P66: 0.81 | Q66: 0.81 | R66: 0.81 | S66: 0.81 | T66: 0.81 | U66: 0.81 | V66: 0.45 | W66: 0.45 | X66: 0.45 | Y66: 0.45 | Z66: 0.45 | AA66: 0.3 | AB66: 0.05 | AC66: 0.05 | AM66: Weekday | AN66: 0.45 | AO66: 0.45 | AP66: 0.45 | AQ66: 0.45 | AR66: 0.45 | AS66: 0.45 | AT66: 0.45 | AU66: 0.45 | AV66: 0.81 | AW66: 0.81 | AX66: 0.81 | AY66: 0.81 | AZ66: 0.81 | BA66: 0.81 | BB66: 0.81 | BC66: 0.81 | BD66: 0.45 | BE66: 0.45 | BF66: 0.45 | BG66: 0.45 | BH66: 0.45 | BI66: 0.45 | BJ66: 0.45 | BK66: 0.45
E67: Saturday | F67: 0.05 | G67: 0.05 | H67: 0.05 | I67: 0.05 | J67: 0.05 | K67: 0.05 | L67: 0.45 | M67: 0.45 | N67: 0.72 | O67: 0.72 | P67: 0.72 | Q67: 0.72 | R67: 0.72 | S67: 0.72 | T67: 0.72 | U67: 0.72 | V67: 0.72 | W67: 0.72 | X67: 0.45 | Y67: 0.45 | Z67: 0.45 | AA67: 0.3 | AB67: 0.05 | AC67: 0.05 | AM67: Saturday | AN67: 0.45 | AO67: 0.45 | AP67: 0.45 | AQ67: 0.45 | AR67: 0.45 | AS67: 0.45 | AT67: 0.45 | AU67: 0.45 | AV67: 0.72 | AW67: 0.72 | AX67: 0.72 | AY67: 0.72 | AZ67: 0.72 | BA67: 0.72 | BB67: 0.72 | BC67: 0.72 | BD67: 0.72 | BE67: 0.72 | BF67: 0.45 | BG67: 0.45 | BH67: 0.45 | BI67: 0.45 | BJ67: 0.45 | BK67: 0.45
E68: Sunday | F68: 0.05 | G68: 0.05 | H68: 0.05 | I68: 0.05 | J68: 0.05 | K68: 0.05 | L68: 0.45 | M68: 0.45 | N68: 0.63 | O68: 0.63 | P68: 0.63 | Q68: 0.63 | R68: 0.63 | S68: 0.63 | T68: 0.63 | U68: 0.63 | V68: 0.45 | W68: 0.45 | X68: 0.45 | Y68: 0.45 | Z68: 0.45 | AA68: 0.3 | AB68: 0.05 | AC68: 0.05 | AM68: AllOtherDays (incl. Sunday & Holidays) | AN68: 0.45 | AO68: 0.45 | AP68: 0.45 | AQ68: 0.45 | AR68: 0.45 | AS68: 0.45 | AT68: 0.45 | AU68: 0.45 | AV68: 0.63 | AW68: 0.63 | AX68: 0.63 | AY68: 0.63 | AZ68: 0.63 | BA68: 0.63 | BB68: 0.63 | BC68: 0.63 | BD68: 0.45 | BE68: 0.45 | BF68: 0.45 | BG68: 0.45 | BH68: 0.45 | BI68: 0.45 | BJ68: 0.45 | BK68: 0.45
A69: All the zones | B69: =B63 -> Patient24/7 | C69: ElecEquipment | D69: PNNL 2022 Hospital prototype | E69: Weekday | F69: 0.4 | G69: 0.4 | H69: 0.4 | I69: 0.4 | J69: 0.4 | K69: 0.4 | L69: 0.4 | M69: 0.7 | N69: 0.9 | O69: 0.9 | P69: 0.9 | Q69: 0.9 | R69: 0.9 | S69: 0.9 | T69: 0.9 | U69: 0.9 | V69: 0.6 | W69: 0.6 | X69: 0.6 | Y69: 0.6 | Z69: 0.6 | AA69: 0.6 | AB69: 0.6 | AC69: 0.4
E70: Saturday | F70: 0.4 | G70: 0.4 | H70: 0.4 | I70: 0.4 | J70: 0.4 | K70: 0.4 | L70: 0.4 | M70: 0.8 | N70: 0.65 | O70: 0.65 | P70: 0.65 | Q70: 0.65 | R70: 0.65 | S70: 0.65 | T70: 0.65 | U70: 0.65 | V70: 0.65 | W70: 0.65 | X70: 0.4 | Y70: 0.4 | Z70: 0.4 | AA70: 0.4 | AB70: 0.4 | AC70: 0.4
E71: Sunday | F71: 0.4 | G71: 0.4 | H71: 0.4 | I71: 0.4 | J71: 0.4 | K71: 0.4 | L71: 0.4 | M71: 0.4 | N71: 0.6 | O71: 0.6 | P71: 0.6 | Q71: 0.6 | R71: 0.6 | S71: 0.6 | T71: 0.6 | U71: 0.6 | V71: 0.4 | W71: 0.4 | X71: 0.4 | Y71: 0.4 | Z71: 0.4 | AA71: 0.4 | AB71: 0.4 | AC71: 0.4
A72: All the zones | B72: =B63 -> Patient24/7 | C72: ServiceHotWater | D72: PNNL 2022 Hospital prototype | E72: Weekday | F72: 0.3 | G72: 0.3 | H72: 0.3 | I72: 0.3 | J72: 0.3 | K72: 0.3 | L72: 0.5 | M72: 0.58 | N72: 0.66 | O72: 0.78 | P72: 0.82 | Q72: 0.71 | R72: 0.82 | S72: 0.78 | T72: 0.74 | U72: 0.63 | V72: 0.41 | W72: 0.35 | X72: 0.35 | Y72: 0.35 | Z72: 0.3 | AA72: 0.3 | AB72: 0.3 | AC72: 0.3
E73: Saturday | F73: 0.3 | G73: 0.3 | H73: 0.3 | I73: 0.3 | J73: 0.3 | K73: 0.3 | L73: 0.3 | M73: 0.4 | N73: 0.5 | O73: 0.6 | P73: 0.6 | Q73: 0.6 | R73: 0.6 | S73: 0.6 | T73: 0.6 | U73: 0.6 | V73: 0.5 | W73: 0.3 | X73: 0.3 | Y73: 0.3 | Z73: 0.3 | AA73: 0.3 | AB73: 0.3 | AC73: 0.3
E74: Sunday | F74: 0.3 | G74: 0.3 | H74: 0.3 | I74: 0.3 | J74: 0.3 | K74: 0.3 | L74: 0.3 | M74: 0.4 | N74: 0.5 | O74: 0.6 | P74: 0.6 | Q74: 0.6 | R74: 0.6 | S74: 0.6 | T74: 0.6 | U74: 0.6 | V74: 0.5 | W74: 0.3 | X74: 0.3 | Y74: 0.3 | Z74: 0.3 | AA74: 0.3 | AB74: 0.3 | AC74: 0.3
A75: All the zones | B75: =B66 -> Patient24/7 | C75: Infiltration | D75: Based on occupancy | E75: Weekday | F75: 0.25 | G75: 0.25 | H75: 0.25 | I75: 0.25 | J75: 0.25 | K75: 0.25 | L75: 0.25 | M75: 0.25 | N75: 0.25 | O75: 0.25 | P75: 0.25 | Q75: 0.25 | R75: 0.25 | S75: 0.25 | T75: 0.25 | U75: 0.25 | V75: 0.25 | W75: 0.25 | X75: 0.25 | Y75: 0.25 | Z75: 0.25 | AA75: 0.25 | AB75: 0.25 | AC75: 0.25
E76: Saturday | F76: 0.25 | G76: 0.25 | H76: 0.25 | I76: 0.25 | J76: 0.25 | K76: 0.25 | L76: 0.25 | M76: 0.25 | N76: 0.25 | O76: 0.25 | P76: 0.25 | Q76: 0.25 | R76: 0.25 | S76: 0.25 | T76: 0.25 | U76: 0.25 | V76: 0.25 | W76: 0.25 | X76: 0.25 | Y76: 0.25 | Z76: 0.25 | AA76: 0.25 | AB76: 0.25 | AC76: 0.25
E77: Sunday | F77: 0.25 | G77: 0.25 | H77: 0.25 | I77: 0.25 | J77: 0.25 | K77: 0.25 | L77: 0.25 | M77: 0.25 | N77: 0.25 | O77: 0.25 | P77: 0.25 | Q77: 0.25 | R77: 0.25 | S77: 0.25 | T77: 0.25 | U77: 0.25 | V77: 0.25 | W77: 0.25 | X77: 0.25 | Y77: 0.25 | Z77: 0.25 | AA77: 0.25 | AB77: 0.25 | AC77: 0.25
A78: All the zones | B78: =B63 -> Patient24/7 | C78: HVACAvail | D78: PNNL 2022 Hospital prototype | E78: Weekday | F78: 1 | G78: 1 | H78: 1 | I78: 1 | J78: 1 | K78: 1 | L78: 1 | M78: 1 | N78: 1 | O78: 1 | P78: 1 | Q78: 1 | R78: 1 | S78: 1 | T78: 1 | U78: 1 | V78: 1 | W78: 1 | X78: 1 | Y78: 1 | Z78: 1 | AA78: 1 | AB78: 1 | AC78: 1
E79: Saturday | F79: 1 | G79: 1 | H79: 1 | I79: 1 | J79: 1 | K79: 1 | L79: 1 | M79: 1 | N79: 1 | O79: 1 | P79: 1 | Q79: 1 | R79: 1 | S79: 1 | T79: 1 | U79: 1 | V79: 1 | W79: 1 | X79: 1 | Y79: 1 | Z79: 1 | AA79: 1 | AB79: 1 | AC79: 1
E80: Sunday | F80: 1 | G80: 1 | H80: 1 | I80: 1 | J80: 1 | K80: 1 | L80: 1 | M80: 1 | N80: 1 | O80: 1 | P80: 1 | Q80: 1 | R80: 1 | S80: 1 | T80: 1 | U80: 1 | V80: 1 | W80: 1 | X80: 1 | Y80: 1 | Z80: 1 | AA80: 1 | AB80: 1 | AC80: 1
A81: All the zones | B81: =B63 -> Patient24/7 | C81: HtgSetpt | E81: Weekday | F81: =IF(F78=1,Thermostat!$B$3,Thermostat!$B$4) -> 70 | G81: =IF(G78=1,Thermostat!$B$3,Thermostat!$B$4) -> 70 | H81: =IF(H78=1,Thermostat!$B$3,Thermostat!$B$4) -> 70 | I81: =IF(I78=1,Thermostat!$B$3,Thermostat!$B$4) -> 70 | J81: =IF(J78=1,Thermostat!$B$3,Thermostat!$B$4) -> 70 | K81: =IF(K78=1,Thermostat!$B$3,Thermostat!$B$4) -> 70 | L81: =IF(L78=1,Thermostat!$B$3,Thermostat!$B$4) -> 70 | M81: =IF(M78=1,Thermostat!$B$3,Thermostat!$B$4) -> 70 | ... AC81: =IF(AC78=1,Thermostat!$B$3,Thermostat!$B$4) -> 70
E82: Saturday | F82: =IF(F79=1,Thermostat!$B$3,Thermostat!$B$4) -> 70 | G82: =IF(G79=1,Thermostat!$B$3,Thermostat!$B$4) -> 70 | H82: =IF(H79=1,Thermostat!$B$3,Thermostat!$B$4) -> 70 | I82: =IF(I79=1,Thermostat!$B$3,Thermostat!$B$4) -> 70 | J82: =IF(J79=1,Thermostat!$B$3,Thermostat!$B$4) -> 70 | K82: =IF(K79=1,Thermostat!$B$3,Thermostat!$B$4) -> 70 | L82: =IF(L79=1,Thermostat!$B$3,Thermostat!$B$4) -> 70 | M82: =IF(M79=1,Thermostat!$B$3,Thermostat!$B$4) -> 70 | ... AC82: =IF(AC79=1,Thermostat!$B$3,Thermostat!$B$4) -> 70
E83: Sunday | F83: =IF(F80=1,Thermostat!$B$3,Thermostat!$B$4) -> 70 | G83: =IF(G80=1,Thermostat!$B$3,Thermostat!$B$4) -> 70 | H83: =IF(H80=1,Thermostat!$B$3,Thermostat!$B$4) -> 70 | I83: =IF(I80=1,Thermostat!$B$3,Thermostat!$B$4) -> 70 | J83: =IF(J80=1,Thermostat!$B$3,Thermostat!$B$4) -> 70 | K83: =IF(K80=1,Thermostat!$B$3,Thermostat!$B$4) -> 70 | L83: =IF(L80=1,Thermostat!$B$3,Thermostat!$B$4) -> 70 | M83: =IF(M80=1,Thermostat!$B$3,Thermostat!$B$4) -> 70 | ... AC83: =IF(AC80=1,Thermostat!$B$3,Thermostat!$B$4) -> 70
A84: All the zones | B84: =B63 -> Patient24/7 | C84: ClgSetpt | E84: Weekday | F84: =IF(F78=1,Thermostat!$B$5,Thermostat!$B$6) -> 75 | G84: =IF(G78=1,Thermostat!$B$5,Thermostat!$B$6) -> 75 | H84: =IF(H78=1,Thermostat!$B$5,Thermostat!$B$6) -> 75 | I84: =IF(I78=1,Thermostat!$B$5,Thermostat!$B$6) -> 75 | J84: =IF(J78=1,Thermostat!$B$5,Thermostat!$B$6) -> 75 | K84: =IF(K78=1,Thermostat!$B$5,Thermostat!$B$6) -> 75 | L84: =IF(L78=1,Thermostat!$B$5,Thermostat!$B$6) -> 75 | M84: =IF(M78=1,Thermostat!$B$5,Thermostat!$B$6) -> 75 | ... AC84: =IF(AC78=1,Thermostat!$B$5,Thermostat!$B$6) -> 75
E85: Saturday | F85: =IF(F79=1,Thermostat!$B$5,Thermostat!$B$6) -> 75 | G85: =IF(G79=1,Thermostat!$B$5,Thermostat!$B$6) -> 75 | H85: =IF(H79=1,Thermostat!$B$5,Thermostat!$B$6) -> 75 | I85: =IF(I79=1,Thermostat!$B$5,Thermostat!$B$6) -> 75 | J85: =IF(J79=1,Thermostat!$B$5,Thermostat!$B$6) -> 75 | K85: =IF(K79=1,Thermostat!$B$5,Thermostat!$B$6) -> 75 | L85: =IF(L79=1,Thermostat!$B$5,Thermostat!$B$6) -> 75 | M85: =IF(M79=1,Thermostat!$B$5,Thermostat!$B$6) -> 75 | ... AC85: =IF(AC79=1,Thermostat!$B$5,Thermostat!$B$6) -> 75
E86: Sunday | F86: =IF(F80=1,Thermostat!$B$5,Thermostat!$B$6) -> 75 | G86: =IF(G80=1,Thermostat!$B$5,Thermostat!$B$6) -> 75 | H86: =IF(H80=1,Thermostat!$B$5,Thermostat!$B$6) -> 75 | I86: =IF(I80=1,Thermostat!$B$5,Thermostat!$B$6) -> 75 | J86: =IF(J80=1,Thermostat!$B$5,Thermostat!$B$6) -> 75 | K86: =IF(K80=1,Thermostat!$B$5,Thermostat!$B$6) -> 75 | L86: =IF(L80=1,Thermostat!$B$5,Thermostat!$B$6) -> 75 | M86: =IF(M80=1,Thermostat!$B$5,Thermostat!$B$6) -> 75 | ... AC86: =IF(AC80=1,Thermostat!$B$5,Thermostat!$B$6) -> 75
A87: Unoccupied | C87: Other
A88: All the zones | B88: Unoccupied | C88: Occupancy | E88: Weekday | F88: 0 | G88: 0 | H88: 0 | I88: 0 | J88: 0 | K88: 0 | L88: 0 | M88: 0 | N88: 0 | O88: 0 | P88: 0 | Q88: 0 | R88: 0 | S88: 0 | T88: 0 | U88: 0 | V88: 0 | W88: 0 | X88: 0 | Y88: 0 | Z88: 0 | AA88: 0 | AB88: 0 | AC88: 0
E89: Saturday | F89: 0 | G89: 0 | H89: 0 | I89: 0 | J89: 0 | K89: 0 | L89: 0 | M89: 0 | N89: 0 | O89: 0 | P89: 0 | Q89: 0 | R89: 0 | S89: 0 | T89: 0 | U89: 0 | V89: 0 | W89: 0 | X89: 0 | Y89: 0 | Z89: 0 | AA89: 0 | AB89: 0 | AC89: 0
E90: Sunday | F90: 0 | G90: 0 | H90: 0 | I90: 0 | J90: 0 | K90: 0 | L90: 0 | M90: 0 | N90: 0 | O90: 0 | P90: 0 | Q90: 0 | R90: 0 | S90: 0 | T90: 0 | U90: 0 | V90: 0 | W90: 0 | X90: 0 | Y90: 0 | Z90: 0 | AA90: 0 | AB90: 0 | AC90: 0
A91: All the zones | B91: =B88 -> Unoccupied | C91: Lights | E91: Weekday | F91: 0 | G91: 0 | H91: 0 | I91: 0 | J91: 0 | K91: 0 | L91: 0 | M91: 0 | N91: 0 | O91: 0 | P91: 0 | Q91: 0 | R91: 0 | S91: 0 | T91: 0 | U91: 0 | V91: 0 | W91: 0 | X91: 0 | Y91: 0 | Z91: 0 | AA91: 0 | AB91: 0 | AC91: 0 | AM91: Weekday | AN91: 0.45 | AO91: 0.45 | AP91: 0.45 | AQ91: 0.45 | AR91: 0.45 | AS91: 0.45 | AT91: 0.45 | AU91: 0.45 | AV91: 0.81 | AW91: 0.81 | AX91: 0.81 | AY91: 0.81 | AZ91: 0.81 | BA91: 0.81 | BB91: 0.81 | BC91: 0.81 | BD91: 0.45 | BE91: 0.45 | BF91: 0.45 | BG91: 0.45 | BH91: 0.45 | BI91: 0.45 | BJ91: 0.45 | BK91: 0.45
E92: Saturday | F92: 0 | G92: 0 | H92: 0 | I92: 0 | J92: 0 | K92: 0 | L92: 0 | M92: 0 | N92: 0 | O92: 0 | P92: 0 | Q92: 0 | R92: 0 | S92: 0 | T92: 0 | U92: 0 | V92: 0 | W92: 0 | X92: 0 | Y92: 0 | Z92: 0 | AA92: 0 | AB92: 0 | AC92: 0 | AM92: Saturday | AN92: 0.45 | AO92: 0.45 | AP92: 0.45 | AQ92: 0.45 | AR92: 0.45 | AS92: 0.45 | AT92: 0.45 | AU92: 0.45 | AV92: 0.72 | AW92: 0.72 | AX92: 0.72 | AY92: 0.72 | AZ92: 0.72 | BA92: 0.72 | BB92: 0.72 | BC92: 0.72 | BD92: 0.72 | BE92: 0.72 | BF92: 0.45 | BG92: 0.45 | BH92: 0.45 | BI92: 0.45 | BJ92: 0.45 | BK92: 0.45
E93: Sunday | F93: 0 | G93: 0 | H93: 0 | I93: 0 | J93: 0 | K93: 0 | L93: 0 | M93: 0 | N93: 0 | O93: 0 | P93: 0 | Q93: 0 | R93: 0 | S93: 0 | T93: 0 | U93: 0 | V93: 0 | W93: 0 | X93: 0 | Y93: 0 | Z93: 0 | AA93: 0 | AB93: 0 | AC93: 0 | AM93: AllOtherDays (incl. Sunday & Holidays) | AN93: 0.45 | AO93: 0.45 | AP93: 0.45 | AQ93: 0.45 | AR93: 0.45 | AS93: 0.45 | AT93: 0.45 | AU93: 0.45 | AV93: 0.63 | AW93: 0.63 | AX93: 0.63 | AY93: 0.63 | AZ93: 0.63 | BA93: 0.63 | BB93: 0.63 | BC93: 0.63 | BD93: 0.45 | BE93: 0.45 | BF93: 0.45 | BG93: 0.45 | BH93: 0.45 | BI93: 0.45 | BJ93: 0.45 | BK93: 0.45
A94: All the zones | B94: =B88 -> Unoccupied | C94: ElecEquipment | E94: Weekday | F94: 0.2 | G94: 0.2 | H94: 0.2 | I94: 0.2 | J94: 0.2 | K94: 0.2 | L94: 0.2 | M94: 0.2 | N94: 0.2 | O94: 0.2 | P94: 0.2 | Q94: 0.2 | R94: 0.2 | S94: 0.2 | T94: 0.2 | U94: 0.2 | V94: 0.2 | W94: 0.2 | X94: 0.2 | Y94: 0.2 | Z94: 0.2 | AA94: 0.2 | AB94: 0.2 | AC94: 0.2
E95: Saturday | F95: 0.2 | G95: 0.2 | H95: 0.2 | I95: 0.2 | J95: 0.2 | K95: 0.2 | L95: 0.2 | M95: 0.2 | N95: 0.2 | O95: 0.2 | P95: 0.2 | Q95: 0.2 | R95: 0.2 | S95: 0.2 | T95: 0.2 | U95: 0.2 | V95: 0.2 | W95: 0.2 | X95: 0.2 | Y95: 0.2 | Z95: 0.2 | AA95: 0.2 | AB95: 0.2 | AC95: 0.2
E96: Sunday | F96: 0.2 | G96: 0.2 | H96: 0.2 | I96: 0.2 | J96: 0.2 | K96: 0.2 | L96: 0.2 | M96: 0.2 | N96: 0.2 | O96: 0.2 | P96: 0.2 | Q96: 0.2 | R96: 0.2 | S96: 0.2 | T96: 0.2 | U96: 0.2 | V96: 0.2 | W96: 0.2 | X96: 0.2 | Y96: 0.2 | Z96: 0.2 | AA96: 0.2 | AB96: 0.2 | AC96: 0.2
A97: All the zones | B97: =B88 -> Unoccupied | C97: ServiceHotWater | E97: Weekday | F97: 0 | G97: 0 | H97: 0 | I97: 0 | J97: 0 | K97: 0 | L97: 0 | M97: 0 | N97: 0 | O97: 0 | P97: 0 | Q97: 0 | R97: 0 | S97: 0 | T97: 0 | U97: 0 | V97: 0 | W97: 0 | X97: 0 | Y97: 0 | Z97: 0 | AA97: 0 | AB97: 0 | AC97: 0
E98: Saturday | F98: 0 | G98: 0 | H98: 0 | I98: 0 | J98: 0 | K98: 0 | L98: 0 | M98: 0 | N98: 0 | O98: 0 | P98: 0 | Q98: 0 | R98: 0 | S98: 0 | T98: 0 | U98: 0 | V98: 0 | W98: 0 | X98: 0 | Y98: 0 | Z98: 0 | AA98: 0 | AB98: 0 | AC98: 0
E99: Sunday | F99: 0 | G99: 0 | H99: 0 | I99: 0 | J99: 0 | K99: 0 | L99: 0 | M99: 0 | N99: 0 | O99: 0 | P99: 0 | Q99: 0 | R99: 0 | S99: 0 | T99: 0 | U99: 0 | V99: 0 | W99: 0 | X99: 0 | Y99: 0 | Z99: 0 | AA99: 0 | AB99: 0 | AC99: 0
A100: All the zones | B100: =B91 -> Unoccupied | C100: Infiltration | D100: Based on occupancy | E100: Weekday | F100: 0.25 | G100: 0.25 | H100: 0.25 | I100: 0.25 | J100: 0.25 | K100: 0.25 | L100: 0.25 | M100: 0.25 | N100: 0.25 | O100: 0.25 | P100: 0.25 | Q100: 0.25 | R100: 0.25 | S100: 0.25 | T100: 0.25 | U100: 0.25 | V100: 0.25 | W100: 0.25 | X100: 0.25 | Y100: 0.25 | Z100: 0.25 | AA100: 0.25 | AB100: 0.25 | AC100: 0.25
...

Sheet Energy Usage
A1: CalBEM Energy Consumption - Hospital | N1: ="Energy Consumption - "&Prototype!A2 -> Energy Consumption - Hospital
A2: Prototype | B2: CZ | C2: CalBEM Electricity EUI (KBTU/ft²) | D2: CalBEM Gas EUI (KBTU/ft²) | E2: CalBEM Total EUI (KBTU/ft²) | F2: New Construction Electricity EUI (KBTU/ft²) | G2: New Construction Gas EUI (KBTU/ft²) | H2: New Construction Total EUI (KBTU/ft²) | I2: National Average | J2: Acceptable Range (25% Higher) | K2: Acceptable Range (25% Lower) | L2: National Average Acceptable EUI Range | N2: Prototype | O2: CZ | P2: Total Floorspace (Thousand of ft²) | Q2: CEUS 2023 Electricity EUI (kBtu/ft²) | R2: CEUS 2023 Gas EUI (kBtu/ft²) | S2: CEUS 2023 Total EUI (kBtu/ft²) | T2: Acceptable Range (25% Higher) | U2: Acceptable Range (25% Lower) | V2: CEUS 2022 Acceptable EUI Range
A3: Hospital | B3: 1 | C3: 70.324198 | D3: 38.761646 | E3: 109.08584 | F3: 42.9782 | G3: 51.87 | H3: 94.8482 | I3: 200.3 | J3: =(I3*1.25) -> 250.375 | K3: =(I3*0.75) -> 150.225 | L3: =J3-K3 -> 100.15 | N3: Hospital | O3: 1 | P3: 7059 | Q3: 70.980212 | R3: 51.157709 | S3: =Q3+R3 -> 122.13792 | T3: =S3*1.25 -> 152.6724 | U3: =S3*0.75 -> 91.603441 | V3: =T3-U3 -> 61.068961
B4: 2 | C4: 79.33595 | D4: 37.598285 | E4: 116.93424 | F4: 47.2227 | G4: 46.5726 | H4: 93.7953 | I4: 201.2 | J4: =(I4*1.25) -> 251.5 | K4: =(I4*0.75) -> 150.9 | L4: =J4-K4 -> 100.6 | O4: 2 | P4: 14514 | Q4: 45.631221 | R4: 53.475471 | S4: =Q4+R4 -> 99.106692 | T4: =S4*1.25 -> 123.88337 | U4: =S4*0.75 -> 74.330019 | V4: =T4-U4 -> 49.553346
B5: 3 | C5: 76.681676 | D5: 33.359873 | E5: 110.04155 | F5: 45.3499 | G5: 44.0713 | H5: 89.4212 | I5: 198.6 | J5: =(I5*1.25) -> 248.25 | K5: =(I5*0.75) -> 148.95 | L5: =J5-K5 -> 99.3 | O5: 3 | P5: 56689 | Q5: 53.487683 | R5: 48.160548 | S5: =Q5+R5 -> 101.64823 | T5: =S5*1.25 -> 127.06029 | U5: =S5*0.75 -> 76.236173 | V5: =T5-U5 -> 50.824115
B6: 4 | C6: 83.729296 | D6: 36.766482 | E6: 120.49578 | F6: 49.9437 | G6: 46.1227 | H6: 96.0664 | I6: 206.8 | J6: =(I6*1.25) -> 258.5 | K6: =(I6*0.75) -> 155.1 | L6: =J6-K6 -> 103.4 | O6: 4 | P6: 29372 | Q6: 54.755926 | R6: 50.159319 | S6: =Q6+R6 -> 104.91525 | T6: =S6*1.25 -> 131.14406 | U6: =S6*0.75 -> 78.686434 | V6: =T6-U6 -> 52.457623
B7: 5 | C7: 78.184269 | D7: 34.364489 | E7: 112.54876 | F7: 45.9842 | G7: 43.167 | H7: 89.1512 | I7: 198.3 | J7: =(I7*1.25) -> 247.875 | K7: =(I7*0.75) -> 148.725 | L7: =J7-K7 -> 99.15 | O7: 5 | P7: 5067 | Q7: 39.828203 | R7: 24.816476 | S7: =Q7+R7 -> 64.644678 | T7: =S7*1.25 -> 80.805848 | U7: =S7*0.75 -> 48.483509 | V7: =T7-U7 -> 32.322339
B8: 6 | C8: 80.352696 | D8: 26.866868 | E8: 107.21956 | F8: 48.6488 | G8: 36.6229 | H8: 85.2717 | I8: 203.5 | J8: =(I8*1.25) -> 254.375 | K8: =(I8*0.75) -> 152.625 | L8: =J8-K8 -> 101.75 | O8: 6 | P8: 32891 | Q8: 54.932125 | R8: 75.476366 | S8: =Q8+R8 -> 130.40849 | T8: =S8*1.25 -> 163.01061 | U8: =S8*0.75 -> 97.806368 | V8: =T8-U8 -> 65.204245
B9: 7 | C9: 79.918407 | D9: 25.337117 | E9: 105.25552 | F9: 49.2997 | G9: 35.9367 | H9: 85.2364 | I9: 205 | J9: =(I9*1.25) -> 256.25 | K9: =(I9*0.75) -> 153.75 | L9: =J9-K9 -> 102.5 | O9: 7 | P9: 31754 | Q9: 74.843716 | R9: 45.486109 | S9: =Q9+R9 -> 120.32983 | T9: =S9*1.25 -> 150.41228 | U9: =S9*0.75 -> 90.247369 | V9: =T9-U9 -> 60.164913
B10: 8 | C10: 86.540239 | D10: 28.971761 | E10: 115.512 | F10: 51.8295 | G10: 36.5554 | H10: 88.3849 | I10: 210.8 | J10: =(I10*1.25) -> 263.5 | K10: =(I10*0.75) -> 158.1 | L10: =J10-K10 -> 105.4 | O10: 8 | P10: 50355 | Q10: 56.543942 | R10: 86.91147 | S10: =Q10+R10 -> 143.45541 | T10: =S10*1.25 -> 179.31926 | U10: =S10*0.75 -> 107.59156 | V10: =T10-U10 -> 71.727706
B11: 9 | C11: 87.060485 | D11: 29.676982 | E11: 116.73747 | F11: 51.3758 | G11: 37.713 | H11: 89.0888 | I11: 209.8 | J11: =(I11*1.25) -> 262.25 | K11: =(I11*0.75) -> 157.35 | L11: =J11-K11 -> 104.9 | O11: 9 | P11: 72118 | Q11: 45.225686 | R11: 63.372652 | S11: =Q11+R11 -> 108.59834 | T11: =S11*1.25 -> 135.74792 | U11: =S11*0.75 -> 81.448754 | V11: =T11-U11 -> 54.299169
B12: 10 | C12: 86.00429 | D12: 28.117228 | E12: 114.12152 | F12: 52.8601 | G12: 38.2187 | H12: 91.0788 | I12: 213.4 | J12: =(I12*1.25) -> 266.75 | K12: =(I12*0.75) -> 160.05 | L12: =J12-K12 -> 106.7 | O12: 10 | P12: 55175 | Q12: 66.772264 | R12: 63.833987 | S12: =Q12+R12 -> 130.60625 | T12: =S12*1.25 -> 163.25781 | U12: =S12*0.75 -> 97.954688 | V12: =T12-U12 -> 65.303125
B13: 11 | C13: 84.225582 | D13: 33.45553 | E13: 117.68111 | F13: 52.5844 | G13: 46.6386 | H13: 99.223 | I13: 215.5 | J13: =(I13*1.25) -> 269.375 | K13: =(I13*0.75) -> 161.625 | L13: =J13-K13 -> 107.75 | O13: 11 | P13: 20961 | Q13: 67.713582 | R13: 42.220508 | S13: =Q13+R13 -> 109.93409 | T13: =S13*1.25 -> 137.41761 | U13: =S13*0.75 -> 82.450567 | V13: =T13-U13 -> 54.967045
B14: 12 | C14: 80.451824 | D14: 34.046688 | E14: 114.49851 | F14: 49.4601 | G14: 44.6424 | H14: 94.1025 | I14: 209.5 | J14: =(I14*1.25) -> 261.875 | K14: =(I14*0.75) -> 157.125 | L14: =J14-K14 -> 104.75 | O14: 12 | P14: 93863 | Q14: 69.337543 | R14: 42.635038 | S14: =Q14+R14 -> 111.97258 | T14: =S14*1.25 -> 139.96573 | U14: =S14*0.75 -> 83.979436 | V14: =T14-U14 -> 55.986291
B15: 13 | C15: 82.195711 | D15: 29.601284 | E15: 111.797 | F15: 53.881 | G15: 42.946 | H15: 96.827 | I15: 218.3 | J15: =(I15*1.25) -> 272.875 | K15: =(I15*0.75) -> 163.725 | L15: =J15-K15 -> 109.15 | O15: 13 | P15: 30306 | Q15: 75.593439 | R15: 48.302176 | S15: =Q15+R15 -> 123.89561 | T15: =S15*1.25 -> 154.86952 | U15: =S15*0.75 -> 92.921711 | V15: =T15-U15 -> 61.947807
... B18: 16 | C18: 80.60183 | D18: 38.841373 | E18: 119.4432 | F18: 46.5753 | G18: 53.7864 | H18: 100.3617 | I18: 204.9 | J18: =(I18*1.25) -> 256.125 | K18: =(I18*0.75) -> 153.675 | L18: =J18-K18 -> 102.45 | O18: 16 | P18: 57915 | Q18: 72.268087 | R18: 64.383249 | S18: =Q18+R18 -> 136.65134 | T18: =S18*1.25 -> 170.81417 | U18: =S18*0.75 -> 102.4885 | V18: =T18-U18 -> 68.325668
N20: Ref: CEUS 2022 Report
N21: And converted FZ level data to CZ level
N25: Background Data [To be deleted prior to publication]

Sheet Weights
A1: ="% of Floor Area per CZ and Vintage Bin - "&Prototype!A2 -> % of Floor Area per CZ and Vintage Bin - Hospital | J1: ="% of Floor Area per CZ and Vintage Bin - "&Prototype!A2 -> % of Floor Area per CZ and Vintage Bin - Hospital
A2: Prototype | B2: CZ | C2: Vintage Bin | J2: Prototype | K2: Vintage Bin | L2: CZ
C3: Pre-1978 | D3: 1978-1997 | E3: 1998-2007 | F3: 2008-2018 | G3: Not available | L3: 1 | M3: 2 | N3: 3 | O3: 4 | P3: 5 | Q3: 6 | R3: 7 | S3: 8 | T3: 9 | U3: 10 | V3: 11 | W3: 12 | X3: 13 | Y3: 14 | Z3: 15 | AA3: 16
A4: Hospital | B4: 1 | C4: 0.36 | D4: 0.16 | E4: 0.166 | F4: 0.262 | G4: 0.053 | H4: =SUM(C4:G4) -> 1.001 | J4: Hospital | K4: Pre-1978 | L4: 0.011199132 | M4: 0.029186128 | N4: 0.068196005 | O4: 0.03629954 | P4: 0.002223356 | Q4: 0.077303681 | R4: 0.04831281 | S4: 0.12282163 | T4: 0.18693004 | U4: 0.077631431 | V4: 0.030374304 | W4: 0.13224153 | X4: 0.040411688 | Y4: 0.023617524 | Z4: 0.028291998 | AA4: 0.084959191 | AB4: =SUM(L4:AA4) -> 1
B5: 2 | C5: 0.456 | D5: 0.19 | E5: 0.146 | F5: 0.176 | G5: 0.032 | H5: =SUM(C5:G5) -> 1 | K5: 1978-1997 | L5: 0.006987484 | M5: 0.017096918 | N5: 0.13061003 | O5: 0.066710192 | P5: 0.016015726 | Q5: 0.047945963 | R5: 0.083813388 | S5: 0.064214392 | T5: 0.079670242 | U5: 0.12057918 | V5: 0.029983411 | W5: 0.14902501 | X5: 0.025860019 | Y5: 0.021441401 | Z5: 0.053850455 | AA5: 0.086196193 | AB5: =SUM(L5:AA5) -> 1
B6: 3 | C6: 0.273 | D6: 0.371 | E6: 0.203 | F6: 0.096 | G6: 0.056 | H6: =SUM(C6:G6) -> 0.999 | K6: 1998-2007 | L6: 0.013917518 | M6: 0.025292771 | N6: 0.1371658 | O6: 0.067859286 | P6: 0.02012307 | Q6: 0.056793926 | R6: 0.052529739 | S6: 0.087540122 | T6: 0.071816019 | U6: 0.047384919 | V6: 0.044387527 | W6: 0.20735635 | X6: 0.063046048 | Y6: 0.018960253 | Z6: 0.00335143 | AA6: 0.082475217 | AB6: =SUM(L6:AA6) -> 1
B7: 4 | C7: 0.28 | D7: 0.366 | E7: 0.194 | F7: 0.098 | G7: 0.062 | H7: =SUM(C7:G7) -> 1 | K7: 2008-2018 | L7: 0.023161776 | M7: 0.031909671 | N7: 0.068269967 | O7: 0.036015644 | P7: 0.003473723 | Q7: 0.011980629 | R7: 0.033033067 | S7: 0.010183467 | T7: 0.052457166 | U7: 0.10973951 | V7: 0.05645487 | W7: 0.22564026 | X7: 0.097188611 | Y7: 0.020034387 | Z7: 0.057482635 | AA7: 0.16297462 | AB7: =SUM(L7:AA7) -> 1
B8: 5 | C8: 0.1 | D8: 0.509 | E8: 0.334 | F8: 0.055 | G8: 0.003 | H8: =SUM(C8:G8) -> 1.001 | K8: Not available | L8: 0.008497064 | M8: 0.010568086 | N8: 0.073120712 | O8: 0.041430814 | P8: 0.000325735 | Q8: 0.043418977 | R8: 0.005390582 | S8: 0.090955607 | T8: 0.15205049 | U8: 0.12318239 | V8: 0.022770389 | W8: 0.10037997 | X8: 0.089408523 | Y8: 0.031871884 | Z8: 0.096934319 | AA8: 0.10969445 | AB8: =SUM(L8:AA8) -> 1
B9: 6 | C9: 0.533 | D9: 0.235 | E9: 0.145 | F9: 0.029 | G9: 0.058 | H9: =SUM(C9:G9) -> 1 | K9: Total | L9: 0.011850249 | M9: 0.024367404 | N9: 0.09517867 | O9: 0.049315463 | P9: 0.008507716 | Q9: 0.05521997 | R9: 0.053315854 | S9: 0.08454041 | T9: 0.12107742 | U9: 0.092632157 | V9: 0.035187095 | W9: 0.15757271 | X9: 0.050876395 | Y9: 0.022496161 | Z9: 0.040637271 | AA9: 0.09722506 | AB9: =SUM(L9:AA9) -> 1
B10: 7 | C10: 0.345 | D10: 0.425 | E10: 0.139 | F10: 0.083 | G10: 0.007 | H10: =SUM(C10:G10) -> 0.999
B11: 8 | C11: 0.553 | D11: 0.205 | E11: 0.146 | F11: 0.016 | G11: 0.079 | H11: =SUM(C11:G11) -> 0.999
B12: 9 | C12: 0.588 | D12: 0.178 | E12: 0.084 | F12: 0.058 | G12: 0.092 | H12: =SUM(C12:G12) -> 1
B13: 10 | C13: 0.319 | D13: 0.352 | E13: 0.072 | F13: 0.159 | G13: 0.097 | H13: =SUM(C13:G13) -> 0.999
B14: 11 | C14: 0.329 | D14: 0.231 | E14: 0.178 | F14: 0.215 | G14: 0.047 | H14: =SUM(C14:G14) -> 1
B15: 12 | C15: 0.32 | D15: 0.256 | E15: 0.186 | F15: 0.192 | G15: 0.047 | H15: =SUM(C15:G15) -> 1.001
B16: 13 | C16: 0.303 | D16: 0.138 | E16: 0.175 | F16: 0.256 | G16: 0.129 | H16: =SUM(C16:G16) -> 1.001
B17: 14 | C17: 0.4 | D17: 0.258 | E17: 0.119 | F17: 0.12 | G17: 0.104 | H17: =SUM(C17:G17) -> 1.001
B18: 15 | C18: 0.265 | D18: 0.359 | E18: 0.012 | F18: 0.19 | G18: 0.175 | H18: =SUM(C18:G18) -> 1.001
B19: 16 | C19: 0.333 | D19: 0.24 | E19: 0.12 | F19: 0.225 | G19: 0.083 | H19: =SUM(C19:G19) -> 1.001
B20: Statewide | C20: 0.396 | D20: 0.29 | E20: 0.149 | F20: 0.098 | G20: 0.068 | H20: =SUM(C20:G20) -> 1.001
A22: Ref: CEUS 2022 dataset
A25: ="% of Floor Area per CZ and Vintage Bin - "&Prototype!A26 -> % of Floor Area per CZ and Vintage Bin -
A26: Prototype | B26: CZ | C26: Vintage Bin
C27: Pre-1978 | D27: 1978-1997 | E27: 1998-2007 | F27: 2008-2018 | G27: Not available
A28: Hospital | B28: 1 | C28: =(C4+($G4*C4))/$I28 -> 0.37974684 | D28: =(D4+($G4*D4))/$I28 -> 0.16877637 | E28: =(E4+($G4*E4))/$I28 -> 0.17510549 | F28: =(F4+($G4*F4))/$I28 -> 0.27637131 | G28: 0 | H28: =SUM(C28:G28) -> 1 | I28: 0.998244
B29: 2 | C29: =(C5+($G5*C5))/$I29 -> 0.47107438 | D29: =(D5+($G5*D5))/$I29 -> 0.19628099 | E29: =(E5+($G5*E5))/$I29 -> 0.15082645 | F29: =(F5+($G5*F5))/$I29 -> 0.18181818 | G29: 0 | H29: =SUM(C29:G29) -> 1 | I29: 0.998976
B30: 3 | C30: =(C6+($G6*C6))/$I30 -> 0.28950159 | D30: =(D6+($G6*D6))/$I30 -> 0.39342524 | E30: =(E6+($G6*E6))/$I30 -> 0.21527041 | F30: =(F6+($G6*F6))/$I30 -> 0.10180276 | G30: 0 | H30: =SUM(C30:G30) -> 1 | I30: 0.995808
B31: 4 | C31: =(C7+($G7*C7))/$I31 -> 0.29850746 | D31: =(D7+($G7*D7))/$I31 -> 0.3901919 | E31: =(E7+($G7*E7))/$I31 -> 0.20682303 | F31: =(F7+($G7*F7))/$I31 -> 0.10447761 | G31: 0 | H31: =SUM(C31:G31) -> 1 | I31: 0.996156
B32: 5 | C32: =(C8+($G8*C8))/$I32 -> 0.1002004 | D32: =(D8+($G8*D8))/$I32 -> 0.51002004 | E32: =(E8+($G8*E8))/$I32 -> 0.33466934 | F32: =(F8+($G8*F8))/$I32 -> 0.05511022 | G32: 0 | H32: =SUM(C32:G32) -> 1 | I32: 1.000994
B33: 6 | C33: =(C9+($G9*C9))/$I33 -> 0.56581741 | D33: =(D9+($G9*D9))/$I33 -> 0.24946921 | E33: =(E9+($G9*E9))/$I33 -> 0.15392781 | F33: =(F9+($G9*F9))/$I33 -> 0.030785563 | G33: 0 | H33: =SUM(C33:G33) -> 1 | I33: 0.996636
B34: 7 | C34: =(C10+($G10*C10))/$I34 -> 0.34778226 | D34: =(D10+($G10*D10))/$I34 -> 0.42842742 | E34: =(E10+($G10*E10))/$I34 -> 0.14012097 | F34: =(F10+($G10*F10))/$I34 -> 0.083669355 | G34: 0 | H34: =SUM(C34:G34) -> 1 | I34: 0.998944
B35: 8 | C35: =(C11+($G11*C11))/$I35 -> 0.60108696 | D35: =(D11+($G11*D11))/$I35 -> 0.22282609 | E35: =(E11+($G11*E11))/$I35 -> 0.15869565 | F35: =(F11+($G11*F11))/$I35 -> 0.017391304 | G35: 0 | H35: =SUM(C35:G35) -> 1 | I35: 0.99268
B36: 9 | C36: =(C12+($G12*C12))/$I36 -> 0.64757709 | D36: =(D12+($G12*D12))/$I36 -> 0.19603524 | E36: =(E12+($G12*E12))/$I36 -> 0.092511013 | F36: =(F12+($G12*F12))/$I36 -> 0.063876652 | G36: 0 | H36: =SUM(C36:G36) -> 1 | I36: 0.991536
B37: 10 | C37: =(C13+($G13*C13))/$I37 -> 0.35365854 | D37: =(D13+($G13*D13))/$I37 -> 0.3902439 | E37: =(E13+($G13*E13))/$I37 -> 0.079822616 | F37: =(F13+($G13*F13))/$I37 -> 0.17627494 | G37: 0 | H37: =SUM(C37:G37) -> 1 | I37: 0.989494
B38: 11 | C38: =(C14+($G14*C14))/$I38 -> 0.3452256 | D38: =(D14+($G14*D14))/$I38 -> 0.24239244 | E38: =(E14+($G14*E14))/$I38 -> 0.18677859 | F38: =(F14+($G14*F14))/$I38 -> 0.22560336 | G38: 0 | H38: =SUM(C38:G38) -> 1 | I38: 0.997791
B39: 12 | C39: =(C15+($G15*C15))/$I39 -> 0.33542977 | D39: =(D15+($G15*D15))/$I39 -> 0.26834382 | E39: =(E15+($G15*E15))/$I39 -> 0.19496855 | F39: =(F15+($G15*F15))/$I39 -> 0.20125786 | G39: 0 | H39: =SUM(C39:G39) -> 1 | I39: 0.998838
B40: 13 | C40: =(C16+($G16*C16))/$I40 -> 0.34747706 | D40: =(D16+($G16*D16))/$I40 -> 0.15825688 | E40: =(E16+($G16*E16))/$I40 -> 0.20068807 | F40: =(F16+($G16*F16))/$I40 -> 0.29357798 | G40: 0 | H40: =SUM(C40:G40) -> 1 | I40: 0.984488
... B43: 16 | C43: =(C19+($G19*C19))/$I43 -> 0.3627451 | D43: =(D19+($G19*D19))/$I43 -> 0.26143791 | E43: =(E19+($G19*E19))/$I43 -> 0.13071895 | F43: =(F19+($G19*F19))/$I43 -> 0.24509804 | G43: 0 | H43: =SUM(C43:G43) -> 1 | I43: 0.994194
B44: Statewide | C44: =(C20+($G20*C20))/$I44 -> 0.4244373 | D44: =(D20+($G20*D20))/$I44 -> 0.31082529 | E44: =(E20+($G20*E20))/$I44 -> 0.15969989 | F44: =(F20+($G20*F20))/$I44 -> 0.10503751 | G44: 0 | H44: =SUM(C44:G44) -> 1 | I44: 0.996444

Sheet PV
A1: ="PV - "&Prototype!A2 -> PV - Hospital
A2: TBD

Sheet EV Charger
A1: ="EV Charger - "&Prototype!A2 -> EV Charger - Hospital
A2: TBD
A11: Background Data [To be deleted prior to publication]

Sheet Data
A1: Space Function | B1: Electric Equipment Load Intensity | C1: Electric Equipment Load Intensity | D1: LPD
A2: Aging Eye/Low-vision (Corridor Area) | D2: 2013 | E2: 2016 | F2: 2019 | G2: 2025
A3: Aging Eye/Low-vision (Dining)
A4: Aging Eye/Low-vision (Lobby, Main Entry)
A5: Aging Eye/Low-vision (Lounge/Waiting Area)
A6: Aging Eye/Low-vision (Multipurpose Room)
A7: Aging Eye/Low-vision (Religious Worship Area)
A8: Aging Eye/Low-vision (Restroom)
A9: Aging Eye/Low-vision (Stairwell)
A10: Audience Seating Area
A11: Auditorium Area
A12: Auto Repair / Maintenance Area
A13: Barber, Beauty Salon, Spa Area
A14: Civic Meeting Place Area
... A83: Server Room (EPD 45)
