Workbook
Name nonparticipating_forecastzone_scale_factor: 'Energy Usage'!#REF!
Name Space_Function: Data!$A$2:$A$76

Sheet Comments
A1: Comments | B1: By | C1: Date | D1: Action
A2: How about considering punched windows not one large window? | B2: Liam Buckley | C2: TAG meeting 2/24/2025 | D2: There is other improvement we can apply to our models that could have a greater impact than replacing ribbon window with punched windows. For example, more accurate schedules. Additionally, many medium/large office buildings have already been constructed with ribbon windows, making them a common feature in these types of buildings. We reviewed some of the Comstock models and found that they are also developed with ribbon windows.
A3: It's more realistic to seperate corner zones and assined them with their own CAV system ( for vintage 1&2) or with VAV | B3: Liam Buckley | C3: TAG meeting 2/24/2025 | D3: We will investigate the impact of separating corner spaces after completing the development of the first set of medium office prototypes in CZ12. We are considering two options : - Separating corner parts of the perimeter closed office zones at the west-south and east-south corners and defining them as new corner zones. - Dividing conference spaces into two and relocating them to the corners, then defining them as separate zones."
A4: conference spaces are expected to have different schedules than office spaces | B4: ? | C4: TAG meeting 2/24/2025
A9: Considering two enterance for the Medium Office prototype
A10: generating a set of dynamic occupancy schedules to bring random variations to the occupancy schedules. The Occupancy Simulator developed by Lawrence Berkeley National Laboratory (Chen et al. 2018) can be used to generate the dynamic and stochastic occupancy schedules | D10: https://publications.ibpsa.org/proceedings/simbuild/2020/papers/simbuild2020_C064.pdf
A11: Add Schedule for IT room

Sheet Notes
A1: Data Sources
A2: Dataset | B2: Dodge 2023
B3: CEUS 2022 | C3: https://www.energy.ca.gov/publications/2023/2022-california-commercial-end-use-survey-ceus-final-report
B4: CBECS 2018 | C4: https://www.eia.gov/consumption/commercial/data/2018/index.php?view=microdata
B5: Comstock 2023 | C5: https://data.openei.org/s3_viewer?bucket=oedi-data-lake&prefix=nrel-pds-building-stock%2Fend-use-load-profiles-for-us-building-stock%2F2023%2Fcomstock_amy2018_release_2%2Fmetadata_and_annual_results%2Fby_state%2Fstate%3DCA%2F
A6: Prototype | B6: CEC Medium Office prototype (CBECC 2022.3.1) | C6: https://bees.noresco.com/software2022.html
B7: PNNL Medium Office prototype (90.1-2022) | C7: https://www.energycodes.gov/prototype-building-models#Commercial
B8: DEER Large Office prototype (June 2023) | C8: https://github.com/sound-data/DEER-Prototypes-EnergyPlus
B9: ORNL 2019 Medium Office prototype zoning | C9: https://web.eecs.utk.edu/~jnew1/publications/2019_IBPSA_OpenStudioOffice.pdf
A10: Codes | B10: Title 24, part 6, referred to as T24 (1984, 2001, 2008, 2010, 2013, 2022, 2025)
B11: ASHRAE 90.1 (2022)
B12: CFR Title 10 ( 2024) | C12: https://www.govinfo.gov/content/pkg/CFR-2024-title10-vol3/pdf/CFR-2024-title10-vol3-part431-subpartF.pdf
A13: Others | B13: ACM (2022)
B14: Title 24, 2022 - Appendix 5.4A and Appendix 5.4B | C14: https://www.energy.ca.gov/publications/2022/2022-nonresidential-and-multifamily-alternative-calculation-method-reference
B15: 2022 Reduced infiltration CASE report | C15: https://title24stakeholders.com/wp-content/uploads/2020/10/2022-T24-Final-CASE-Report_Reduce-Infiltration.pdf
B16: 2019 Outdoor Lighting CASE Report | C16: https://title24stakeholders.com/wp-content/uploads/2016/10/T24-2019-CASE-Study-Results-Report-Outdoor-Sources_Final_with-Attachments.pdf
B17: PNNL 20405, 2010 | C17: https://www.pnnl.gov/main/publications/external/technical_reports/PNNL-20405.pdf
B18: Air leakage Memo, NORESCO, 2025 | C18: Infiltration_rate_report_14May2025-Short-Version.docx
B19: Proposed Updates to Equipment Power Densities and Building Schedules for the 2028 Energy Code, referred to as "Plug load and schedules project with CEC, 2025" (Docket Number =25-BSTD-03 & TN=265693) | C19: https://efiling.energy.ca.gov/GetDocument.aspx?tn=265693&DocumentContentId=102545
A22: Construction Rate
A35: Notes
B36: Saturation is defined as the % of total floorspace for each combination of end-use and fuel-type. | F36: 1978-84 | G36: 1985-97 | H36: 1992-1997
A37: 1986 is the representative year for the 1984-1997 vintage bin | B37: Most medium offices in this vintage bin were built after 1984 (more than 54% ) and the CA energy code did not noticeably changed between 1984 to 1992) . Edition 1986 included 6 prescriptive packages per CZ for office buildings compared to 1984 with 3 packages per CZ. Also "Heat Capacity" for external wall is considered between 10.0 to 14.99 (BTU/F/ft2) Package A was selected for the thermal properties Medium office was considered as low rise office | E37: Construction rate (Dodge 2023 data for new medium offices) | F37: 0.46189629 | G37: 0.53810371 | H37: 0.12391054
A38: 2001 is the representative year for the 1998-2007 vintage bin | B38: Wall and roof prescriptive criteria from 1998 to 2005 remain unchanged except for CZ2 and 6 in 2001 version (the percentage of change is less than 10%). Since the construction rate between 1998-2005 is greater than the 2006-2007 period, the envelope properties of 1998 -2005 were chosen for envelope properties. The windows requirement considerably changed in the 2001 code and makes this year (2001) as the nominated year for this vintage. It should be noticed that, only one Title 24 should be chosen within each vintage bin for building envelope properties since the entire envelope is built at once. We can't choose 1998 for walls and 2001 for windows. Wall and roof prescriptive criteria from 1998 to 2005 remain unchanged except for CZ2 and 6 in 2001 version (the percentage of change is less than 10%).
A39: 2013 is the representative year for the 2008-2018 vintage bin | B39: Wall properties remain unchanged from the 2008 code to the 2016 code but the roof did changed. Although the 2016 code introduced improvement for roof in nearly all CZ and for wall in a few CZ, and construction activity surged between 2017 and 2018, the extende period from 2008 to 2016 resulted in a higher construction rate during that time . As a result, it was decided to select the code that was effective during 2008-2016. The 2013 code modified the solar reflectance requirement for low-sloped roof products ( by approximately 15%), and enhanced window properties. Therefore, the 2013 code was chosen as the representative code. Additionally, construction activity from 2014-2018 was higher compared to 2008-2013 period.

Sheet Prototype
A1: NORESCO, Updated November 2025
A2: OfficeMedium
A3: Characteristic | B3: Value | C3: Data Sources
A4: Building Type | B4: Medium Office
A5: Building Category | B5: Nonresidential
A6: Vintages | B6: 4 Vintages: Pre-1978 , 1978-1997 ,1998-2007 , 2008-2018 New Construction (2019+) | C6: Based on vintage bin analysis | D6: NonRes-Vintage bins-Draft Report-30Nov2023-Final.docx
A7: Shape | C7: Rectangular shape is supported by CBECS, CEC, and PNNL
A8: Total Floor Area (ft2) | B8: 53,628 (163.7 ft x 109.2 ft) | C8: Supported by Dodge 2023 data (Same as CEC and PNNL)
A9: Aspect Ratio | B9: 1.5 | C9: Same as CEC and PNNL
A10: Number of Floors | B10: 3 | C10: Supported by Dodge 2023 data (Same as CEC and PNNL) DEER doesn't offer medium office prototype
A11: Roof type | B11: Flat | C11: Supported by CBECS 2018 data (Same as CEC and PNNL)
A12: Window dimensions | B12: 33% (Window Dimensions: 163.8 ft x 4.29 ft on the long side of facade 109.2 ft x 4.29 ft on the short side of the façade) | C12: Same as CEC and PNNL CBECS: 26-50% Comstock:11-25% CEC prototype: 33% same as PNNL DEER: 33% for Large Office prototype
A13: Shading Geometry | B13: No Shades | C13: Same as CEC and PNNL
A14: Floor to floor height (feet) | B14: 13 | C14: Same as CEC and PNNL
A15: Floor to ceiling height (feet) | B15: 9 (4 ft above-ceiling plenum) | C15: Same as CEC and PNNL
A16: Glazing sill height (feet) | B16: 3.35 ft (top of the window is 7.64 ft high with 4.29 ft high glass) | C16: Same as CEC and PNNL

Sheet Zones
A1: Proposed OfficeMedium | N1: Layout
A2: Space/Thermal Zone | B2: Space Type | C2: HVAC System Name/AHU Name | D2: Schedule Category | E2: Conditioned (Y/N) | F2: Area Fraction | G2: Area (ft²) | H2: Volume (ft³) | I2: Multipliers | J2: Number of People | K2: People (Persons/1,000 ft²) [T24, 2025,Table 120.1-A] | L2: Note
A3: Open_Office_Core_FloorG | B3: Office Area (>250 square feet) | D3: Office | E3: Yes | F3: =G3/$G$57 -> 0.079864791 | G3: 4283 | H3: =G3*9 -> 38547 | I3: 1 | J3: =K3*G3/1000 -> 21.415 | K3: 5
A4: Open_Office_N_FloorG | B4: Office Area (>250 square feet) | D4: Office | E4: Yes | F4: =G4/$G$57 -> 0.042850403 | G4: 2297.9873 | H4: =G4*9 -> 20681.886 | I4: 1 | J4: =K4*G4/1000 -> 11.489937 | K4: 5
A5: Closed_Office_W_FloorG | B5: Office Area (>250 square feet) | D5: Office | E5: Yes | F5: =G5/$G$57 -> 0.030541079 | G5: 1637.8612 | H5: =G5*9 -> 14740.75 | I5: 1 | J5: =K5*G5/1000 -> 8.1893058 | K5: 5
A6: Closed_Office_E_FloorG | B6: Office Area (>250 square feet) | D6: Office | E6: Yes | F6: =G6/$G$57 -> 0.030541079 | G6: 1637.8612 | H6: =G6*9 -> 14740.75 | I6: 1 | J6: =K6*G6/1000 -> 8.1893058 | K6: 5
A7: Open_Office_S_FloorG | B7: Office Area (>250 square feet) | D7: Office | E7: Yes | F7: =G7/$G$57 -> 0.022119126 | G7: 1186.2075 | H7: =G7*9 -> 10675.868 | I7: 1 | J7: =K7*G7/1000 -> 5.9310376 | K7: 5
A8: Conference_FloorG | B8: Convention, Conference, Multipurpose and Meeting Area | D8: Office | E8: Yes | F8: =G8/$G$57 -> 0.020731278 | G8: 1111.7798 | H8: =G8*9 -> 10006.018 | I8: 1 | J8: =K8*G8/1000 -> 36.688734 | K8: 33 | L8: Number of People: ORNL: 54, T24:33
A9: Lobby/Lounge_FloorG | B9: Lobby, Main Entry | D9: Office | E9: Yes | F9: =G9/$G$57 -> 0.019750368 | G9: 1059.1755 | H9: =G9*9 -> 9532.5792 | I9: 1 | J9: =K9*G9/1000 -> 10.591755 | K9: 10 | L9: People: 10 according to ASHRAE 62.1 Table 6-1 for main entry lobbies T24: 33 for main Entry lobbies & 5 for reception area
A10: Storage_FloorG | B10: Storage (General) | D10: Office | E10: Yes | F10: =G10/$G$57 -> 0.018332841 | G10: 983.15611 | H10: =G10*9 -> 8848.405 | I10: 1 | K10: -
A11: Mechanical/Electrical_FloorG | B11: Electrical, Mechanical, Telephone Rooms | D11: Office | E11: Yes | F11: =G11/$G$57 -> 0.006663486 | G11: 357.35034 | H11: =G11*9 -> 3216.1531 | I11: 1 | K11: -
A12: IT-Room_FloorG | B12: IT Room (EPD 12) | D12: Data | E12: Yes | F12: =G12/$G$57 -> 0.0033366309 | G12: 178.9373 | H12: =G12*9 -> 1610.4357 | I12: 1 | J12: ? | K12: -
A13: Restroom_FloorG | B13: Restrooms | D13: Office | E13: Yes | F13: =G13/$G$57 -> 0.012000749 | G13: 643.57783 | H13: =G13*9 -> 5792.2004 | I13: 1 | K13: -
A14: Break_FloorG | B14: Lounge, Breakroom, or Waiting Area | D14: Office | E14: Yes | F14: =G14/$G$57 -> 0.0043324823 | G14: 232.34295 | H14: =G14*9 -> 2091.0866 | I14: 1 | J14: =K14*G14/1000 -> 7.6673175 | K14: 33 | L14: Number of People: T24: 33 for Breakroom
A15: Stairway_FloorG | B15: Stairwell | D15: Office | E15: Yes | F15: =G15/$G$57 -> 0.012332934 | G15: 661.39226 | H15: =G15*9 -> 5952.5303 | I15: 1 | K15: -
A16: Corridor_W_FloorG | B16: Corridor Area | D16: Office | E16: Yes | F16: =G16/$G$57 -> 0.0055940783 | G16: 300 | H16: =G16*9 -> 2700 | I16: 1 | J16: =K16*G16/1000 -> 1.5 | K16: 5
A17: Corridor_N_FloorG | B17: Corridor Area | D17: Office | E17: Yes | F17: =G17/$G$57 -> 0.00937889 | G17: 502.9724 | H17: =G17*9 -> 4526.7516 | I17: 1 | J17: =K17*G17/1000 -> 2.514862 | K17: 5 | N17: Layout of Spaces | O17: Spaces
A18: Corridor_E_FloorG | B18: Corridor Area | D18: Office | E18: Yes | F18: =G18/$G$57 -> 0.0055793025 | G18: 299.2076 | H18: =G18*9 -> 2692.8684 | I18: 1 | J18: =K18*G18/1000 -> 1.496038 | K18: 5
A19: Corridor_S_FloorG | B19: Corridor Area | D19: Office | E19: Yes | F19: =G19/$G$57 -> 0.00937889 | G19: 502.9724 | H19: =G19*9 -> 4526.7516 | I19: 1 | J19: =K19*G19/1000 -> 2.514862 | K19: 5
A20: Plenum_FloorG | B20: Plenum | D20: Office | E20: No | G20: 17875.932 | H20: =G20*4 -> 71503.73 | I20: 1 | K20: -
A21: =LEFT(A3,LEN(A3)-1)&"M" -> Open_Office_Core_FloorM | B21: Office Area (>250 square feet) | D21: Office | E21: =E3 -> Yes | F21: =G21/$G$57 -> 0.079864791 | G21: 4283 | H21: =H3 -> 38547 | I21: =I3 -> 1 | J21: =K21*G21/1000 -> 21.415 | K21: =K3 -> 5
A22: =LEFT(A4,LEN(A4)-1)&"M" -> Open_Office_N_FloorM | B22: Office Area (>250 square feet) | D22: Office | E22: =E4 -> Yes | F22: =G22/$G$57 -> 0.042850403 | G22: 2297.9873 | H22: =H4 -> 20681.886 | I22: =I4 -> 1 | J22: =K22*G22/1000 -> 11.489937 | K22: =K4 -> 5
A23: =LEFT(A5,LEN(A5)-1)&"M" -> Closed_Office_W_FloorM | B23: Office Area (>250 square feet) | D23: Office | E23: =E5 -> Yes | F23: =G23/$G$57 -> 0.030541079 | G23: 1637.8612 | H23: =H5 -> 14740.75 | I23: =I5 -> 1 | J23: =K23*G23/1000 -> 8.1893058 | K23: =K5 -> 5
A24: =LEFT(A6,LEN(A6)-1)&"M" -> Closed_Office_E_FloorM | B24: Office Area (>250 square feet) | D24: Office | E24: =E6 -> Yes | F24: =G24/$G$57 -> 0.030541079 | G24: 1637.8612 | H24: =H6 -> 14740.75 | I24: =I6 -> 1 | J24: =K24*G24/1000 -> 8.1893058 | K24: =K6 -> 5
A25: =LEFT(A7,LEN(A7)-1)&"M" -> Open_Office_S_FloorM | B25: Office Area (>250 square feet) | D25: Office | E25: =E7 -> Yes | F25: =G25/$G$57 -> 0.022119126 | G25: 1186.2075 | H25: =H7 -> 10675.868 | I25: =I7 -> 1 | J25: =K25*G25/1000 -> 5.9310376 | K25: =K7 -> 5
A26: =LEFT(A8,LEN(A8)-1)&"M" -> Conference_FloorM | B26: Convention, Conference, Multipurpose and Meeting Area | D26: Office | E26: =E8 -> Yes | F26: =G26/$G$57 -> 0.020731278 | G26: 1111.7798 | H26: =H8 -> 10006.018 | I26: =I8 -> 1 | J26: =K26*G26/1000 -> 36.688734 | K26: =K8 -> 33
A27: =LEFT(A9,LEN(A9)-1)&"M" -> Lobby/Lounge_FloorM | B27: Lobby, Main Entry | D27: Office | E27: =E9 -> Yes | F27: =G27/$G$57 -> 0.019750368 | G27: 1059.1755 | H27: =H9 -> 9532.5792 | I27: =I9 -> 1 | J27: =K27*G27/1000 -> 10.591755 | K27: =K9 -> 10 | L27: People: 10 according to ASHRAE 62.1 Table 6-1
A28: =LEFT(A10,LEN(A10)-1)&"M" -> Storage_FloorM | B28: Storage (General) | D28: Office | E28: =E10 -> Yes | F28: =G28/$G$57 -> 0.018332841 | G28: 983.15611 | H28: =H10 -> 8848.405 | I28: =I10 -> 1 | K28: =K10 -> -
A29: =LEFT(A11,LEN(A11)-1)&"M" -> Mechanical/Electrical_FloorM | B29: Electrical, Mechanical, Telephone Rooms | D29: Office | E29: =E11 -> Yes | F29: =G29/$G$57 -> 0.006663486 | G29: 357.35034 | H29: =H11 -> 3216.1531 | I29: =I11 -> 1 | K29: =K11 -> -
A30: =LEFT(A12,LEN(A12)-1)&"M" -> IT-Room_FloorM | B30: IT Room (EPD 12) | D30: Data | E30: =E12 -> Yes | F30: =G30/$G$57 -> 0.0033366309 | G30: 178.9373 | H30: =H12 -> 1610.4357 | I30: =I12 -> 1 | K30: =K12 -> -
A31: =LEFT(A13,LEN(A13)-1)&"M" -> Restroom_FloorM | B31: Restrooms | D31: Office | E31: =E13 -> Yes | F31: =G31/$G$57 -> 0.012000749 | G31: 643.57783 | H31: =H13 -> 5792.2004 | I31: =I13 -> 1 | K31: =K13 -> -
A32: =LEFT(A14,LEN(A14)-1)&"M" -> Break_FloorM | B32: Lounge, Breakroom, or Waiting Area | D32: Office | E32: =E14 -> Yes | F32: =G32/$G$57 -> 0.0043324823 | G32: 232.34295 | H32: =H14 -> 2091.0866 | I32: =I14 -> 1 | J32: =K32*G32/1000 -> 7.6673175 | K32: =K14 -> 33
A33: =LEFT(A15,LEN(A15)-1)&"M" -> Stairway_FloorM | B33: Stairwell | D33: Office | E33: =E15 -> Yes | F33: =G33/$G$57 -> 0.012332934 | G33: 661.39226 | H33: =H15 -> 5952.5303 | I33: =I15 -> 1 | K33: =K15 -> -
A34: =LEFT(A16,LEN(A16)-1)&"M" -> Corridor_W_FloorM | B34: Corridor Area | D34: Office | E34: =E16 -> Yes | F34: =G34/$G$57 -> 0.0055940783 | G34: 300 | H34: =H16 -> 2700 | I34: =I16 -> 1 | J34: =K34*G34/1000 -> 1.5 | K34: =K16 -> 5
A35: =LEFT(A17,LEN(A17)-1)&"M" -> Corridor_N_FloorM | B35: Corridor Area | D35: Office | E35: =E17 -> Yes | F35: =G35/$G$57 -> 0.00937889 | G35: 502.9724 | H35: =H17 -> 4526.7516 | I35: =I17 -> 1 | J35: =K35*G35/1000 -> 2.514862 | K35: =K17 -> 5
A36: =LEFT(A18,LEN(A18)-1)&"M" -> Corridor_E_FloorM | B36: Corridor Area | D36: Office | E36: =E18 -> Yes | F36: =G36/$G$57 -> 0.0055793025 | G36: 299.2076 | H36: =H18 -> 2692.8684 | I36: =I18 -> 1 | J36: =K36*G36/1000 -> 1.496038 | K36: =K18 -> 5 | N36: Layout of Zones
A37: =LEFT(A19,LEN(A19)-1)&"M" -> Corridor_S_FloorM | B37: Corridor Area | D37: Office | E37: =E19 -> Yes | F37: =G37/$G$57 -> 0.00937889 | G37: 502.9724 | H37: =H19 -> 4526.7516 | I37: =I19 -> 1 | J37: =K37*G37/1000 -> 2.514862 | K37: =K19 -> 5
A38: =LEFT(A20,LEN(A20)-1)&"M" -> Plenum_FloorM | B38: Plenum | D38: Office | E38: =E20 -> No | G38: 17875.932 | H38: =H20 -> 71503.73 | I38: =I20 -> 1 | K38: =K20 -> -
A39: =LEFT(A3,LEN(A3)-1)&"T" -> Open_Office_Core_FloorT | B39: Office Area (>250 square feet) | D39: Office | E39: =E3 -> Yes | F39: =G39/$G$57 -> 0.079864791 | G39: 4283 | H39: =H3 -> 38547 | I39: =I3 -> 1 | J39: =K39*G39/1000 -> 21.415 | K39: =K3 -> 5
A40: =LEFT(A4,LEN(A4)-1)&"T" -> Open_Office_N_FloorT | B40: Office Area (>250 square feet) | D40: Office | E40: =E4 -> Yes | F40: =G40/$G$57 -> 0.042850403 | G40: 2297.9873 | H40: =H4 -> 20681.886 | I40: =I4 -> 1 | J40: =K40*G40/1000 -> 11.489937 | K40: =K4 -> 5
A41: =LEFT(A5,LEN(A5)-1)&"T" -> Closed_Office_W_FloorT | B41: Office Area (>250 square feet) | D41: Office | E41: =E5 -> Yes | F41: =G41/$G$57 -> 0.030541079 | G41: 1637.8612 | H41: =H5 -> 14740.75 | I41: =I5 -> 1 | J41: =K41*G41/1000 -> 8.1893058 | K41: =K5 -> 5
A42: =LEFT(A6,LEN(A6)-1)&"T" -> Closed_Office_E_FloorT | B42: Office Area (>250 square feet) | D42: Office | E42: =E6 -> Yes | F42: =G42/$G$57 -> 0.030541079 | G42: 1637.8612 | H42: =H6 -> 14740.75 | I42: =I6 -> 1 | J42: =K42*G42/1000 -> 8.1893058 | K42: =K6 -> 5
A43: =LEFT(A7,LEN(A7)-1)&"T" -> Open_Office_S_FloorT | B43: Office Area (>250 square feet) | D43: Office | E43: =E7 -> Yes | F43: =G43/$G$57 -> 0.022119126 | G43: 1186.2075 | H43: =H7 -> 10675.868 | I43: =I7 -> 1 | J43: =K43*G43/1000 -> 5.9310376 | K43: =K7 -> 5
A44: =LEFT(A8,LEN(A8)-1)&"T" -> Conference_FloorT | B44: Convention, Conference, Multipurpose and Meeting Area | D44: Office | E44: =E8 -> Yes | F44: =G44/$G$57 -> 0.020731278 | G44: 1111.7798 | H44: =H8 -> 10006.018 | I44: =I8 -> 1 | J44: =K44*G44/1000 -> 36.688734 | K44: =K8 -> 33
A45: =LEFT(A9,LEN(A9)-1)&"T" -> Lobby/Lounge_FloorT | B45: Lobby, Main Entry | D45: Office | E45: =E9 -> Yes | F45: =G45/$G$57 -> 0.019750368 | G45: 1059.1755 | H45: =H9 -> 9532.5792 | I45: =I9 -> 1 | J45: =K45*G45/1000 -> 10.591755 | K45: =K9 -> 10 | L45: People: 10 according to ASHRAE 62.1 Table 6-1
A46: =LEFT(A10,LEN(A10)-1)&"T" -> Storage_FloorT | B46: Storage (General) | D46: Office | E46: =E10 -> Yes | F46: =G46/$G$57 -> 0.018332841 | G46: 983.15611 | H46: =H10 -> 8848.405 | I46: =I10 -> 1 | K46: =K10 -> -
A47: =LEFT(A11,LEN(A11)-1)&"T" -> Mechanical/Electrical_FloorT | B47: Electrical, Mechanical, Telephone Rooms | D47: Office | E47: =E11 -> Yes | F47: =G47/$G$57 -> 0.006663486 | G47: 357.35034 | H47: =H11 -> 3216.1531 | I47: =I11 -> 1 | K47: =K11 -> -
A48: =LEFT(A12,LEN(A12)-1)&"T" -> IT-Room_FloorT | B48: IT Room (EPD 12) | D48: Data | E48: =E12 -> Yes | F48: =G48/$G$57 -> 0.0033366309 | G48: 178.9373 | H48: =H12 -> 1610.4357 | I48: =I12 -> 1 | K48: =K12 -> -
A49: =LEFT(A13,LEN(A13)-1)&"T" -> Restroom_FloorT | B49: Restrooms | D49: Office | E49: =E13 -> Yes | F49: =G49/$G$57 -> 0.012000749 | G49: 643.57783 | H49: =H13 -> 5792.2004 | I49: =I13 -> 1 | K49: =K13 -> -
A50: =LEFT(A14,LEN(A14)-1)&"T" -> Break_FloorT | B50: Lounge, Breakroom, or Waiting Area | D50: Office | E50: =E14 -> Yes | F50: =G50/$G$57 -> 0.0043324823 | G50: 232.34295 | H50: =H14 -> 2091.0866 | I50: =I14 -> 1 | J50: =K50*G50/1000 -> 7.6673175 | K50: =K14 -> 33
A51: =LEFT(A15,LEN(A15)-1)&"T" -> Stairway_FloorT | B51: Stairwell | D51: Office | E51: =E15 -> Yes | F51: =G51/$G$57 -> 0.012332934 | G51: 661.39226 | H51: =H15 -> 5952.5303 | I51: =I15 -> 1 | K51: =K15 -> -
A52: =LEFT(A16,LEN(A16)-1)&"T" -> Corridor_W_FloorT | B52: Corridor Area | D52: Office | E52: =E16 -> Yes | F52: =G52/$G$57 -> 0.0055940783 | G52: 300 | H52: =H16 -> 2700 | I52: =I16 -> 1 | J52: =K52*G52/1000 -> 1.5 | K52: =K16 -> 5
A53: =LEFT(A17,LEN(A17)-1)&"T" -> Corridor_N_FloorT | B53: Corridor Area | D53: Office | E53: =E17 -> Yes | F53: =G53/$G$57 -> 0.00937889 | G53: 502.9724 | H53: =H17 -> 4526.7516 | I53: =I17 -> 1 | J53: =K53*G53/1000 -> 2.514862 | K53: =K17 -> 5
A54: =LEFT(A18,LEN(A18)-1)&"T" -> Corridor_E_FloorT | B54: Corridor Area | D54: Office | E54: =E18 -> Yes | F54: =G54/$G$57 -> 0.0055940783 | G54: 300 | H54: =H18 -> 2692.8684 | I54: =I18 -> 1 | J54: =K54*G54/1000 -> 1.5 | K54: =K18 -> 5
A55: =LEFT(A19,LEN(A19)-1)&"T" -> Corridor_S_FloorT | B55: Corridor Area | D55: Office | E55: =E19 -> Yes | F55: =G55/$G$57 -> 0.00937889 | G55: 502.9724 | H55: =H19 -> 4526.7516 | I55: =I19 -> 1 | J55: =K55*G55/1000 -> 2.514862 | K55: =K19 -> 5
A56: =LEFT(A20,LEN(A20)-1)&"T" -> Plenum_FloorT | B56: Plenum | D56: Office | E56: =E20 -> No | G56: 17875.932 | H56: =H20 -> 71503.73 | I56: =I20 -> 1 | K56: =K20 -> -
A57: Total (54 Space) | B57: Total (11 Space Type) | C57: Total () | D57: Total (1 category) | E57: Total (51 Conditioned zones, 3 unconditioned zones) | F57: =SUM(F3:F56) -> 1 | G57: =SUM(G3:G56)-G56*3 -> 53628.137 | H57: =SUM(H4:H56) -> 658610.29
A60: Ref: Geometry and zones: ORNL 2019 medium office prototype with modification
A61: https://web.eecs.utk.edu/~jnew1/publications/2019_IBPSA_OpenStudioOffice.pdf
A62: https://web.eecs.utk.edu/~jnew1/presentations/2019_IBPSA_OpenStudioOffice.pdf

Sheet Envelope
A1: Envelope - OfficeMedium
A2: Element | B2: Prototype | C2: Assembly Type | D2: Construction | E2: Thermal Properties | F2: Vintage | G2: Selected T24 | H2: Note | I2: CZ1 | J2: CZ2 | K2: CZ3 | L2: CZ4 | M2: CZ5 | N2: CZ6 | O2: CZ7 | P2: CZ8 | Q2: CZ9 | R2: CZ10 | S2: CZ11 | T2: CZ12 | U2: CZ13 | V2: CZ14 | W2: CZ15 | X2: CZ16
A3: External Wall | B3: OfficeMedium | C3: ExtWall_MetalFramed_NonRes | D3: Metal-frame walls + insulation + Gypsum board | E3: U-factor IP | F3: Pre 1978 | G3: N/A | H3: ASHRAE 90.1, 2022, Table A3.3.3.1, 3.5", R-0 | I3: 0.352 | J3: 0.352 | K3: 0.352 | L3: 0.352 | M3: 0.352 | N3: 0.352 | O3: 0.352 | P3: 0.352 | Q3: 0.352 | R3: 0.352 | S3: 0.352 | T3: 0.352 | U3: 0.352 | V3: 0.352 | W3: 0.352 | X3: 0.352
F4: 1978-1997 | G4: 1986 | H4: Low-rise office: Package A/ Heat Capacity was considered ~10 (BTU/F/ft2) | I4: =1/6.63 -> 0.15082956 | J4: =1/6.35 -> 0.15748031 | K4: =1/6.35 -> 0.15748031 | L4: =1/6.96 -> 0.14367816 | M4: =1/6.96 -> 0.14367816 | N4: =1/4.62 -> 0.21645022 | O4: =1/4.62 -> 0.21645022 | P4: =1/4.62 -> 0.21645022 | Q4: =1/4.62 -> 0.21645022 | R4: =1/4.62 -> 0.21645022 | S4: =1/5.37 -> 0.18621974 | T4: =1/5.37 -> 0.18621974 | U4: =1/5.37 -> 0.18621974 | V4: =1/6.3 -> 0.15873016 | W4: =1/6.3 -> 0.15873016 | X4: =1/6.63 -> 0.15082956
F5: 1998-2007 | G5: 2001 | I5: 0.182 | J5: 0.182 | K5: 0.189 | L5: 0.189 | M5: 0.189 | N5: 0.189 | O5: 0.189 | P5: 0.189 | Q5: 0.189 | R5: 0.182 | S5: 0.182 | T5: 0.182 | U5: 0.182 | V5: 0.182 | W5: 0.182 | X5: 0.182
F6: 2008-2018 | G6: 2013 | I6: 0.098 | J6: 0.062 | K6: 0.082 | L6: 0.062 | M6: 0.062 | N6: 0.098 | O6: 0.098 | P6: 0.062 | Q6: 0.062 | R6: 0.062 | S6: 0.062 | T6: 0.062 | U6: 0.062 | V6: 0.062 | W6: 0.062 | X6: 0.062
F7: 2019+ | G7: 2025 | I7: 0.06 | J7: 0.055 | K7: 0.071 | L7: 0.055 | M7: 0.055 | N7: 0.06 | O7: 0.06 | P7: 0.055 | Q7: 0.055 | R7: 0.055 | S7: 0.055 | T7: 0.055 | U7: 0.055 | V7: 0.055 | W7: 0.055 | X7: 0.055
A8: Roof | B8: OfficeMedium | C8: FlatRoof_WoodFramedAndOther_NonRes | D8: Metal-Deck roof + insulation + Roof membrane | E8: U-factor IP | F8: Pre 1978 | G8: N/A | H8: Considering 30 years for roof/ insultation replacement. | I8: 0.057 | J8: 0.057 | K8: 0.057 | L8: 0.057 | M8: 0.057 | N8: 0.078 | O8: 0.078 | P8: 0.078 | Q8: 0.078 | R8: 0.078 | S8: 0.057 | T8: 0.057 | U8: 0.057 | V8: 0.057 | W8: 0.057 | X8: 0.057
F9: 1978-1997 | G9: 1992 | H9: Considering 30 years for roof/ insultation replacement. | I9: 0.057 | J9: 0.057 | K9: 0.057 | L9: 0.057 | M9: 0.057 | N9: 0.078 | O9: 0.078 | P9: 0.078 | Q9: 0.078 | R9: 0.078 | S9: 0.057 | T9: 0.057 | U9: 0.057 | V9: 0.057 | W9: 0.057 | X9: 0.057
F10: 1998-2007 | G10: 2001 | I10: 0.057 | J10: 0.057 | K10: 0.057 | L10: 0.057 | M10: 0.057 | N10: 0.078 | O10: 0.078 | P10: 0.078 | Q10: 0.078 | R10: 0.057 | S10: 0.057 | T10: 0.057 | U10: 0.057 | V10: 0.057 | W10: 0.057 | X10: 0.057
F11: 2008-2018 | G11: 2013 | I11: 0.049 | J11: 0.039 | K11: 0.039 | L11: 0.039 | M11: 0.049 | N11: 0.075 | O11: 0.067 | P11: 0.067 | Q11: 0.039 | R11: 0.039 | S11: 0.039 | T11: 0.039 | U11: 0.039 | V11: 0.039 | W11: 0.039 | X11: 0.039
F12: 2019+ | G12: 2025 | I12: 0.028 | J12: 0.028 | K12: 0.028 | L12: 0.028 | M12: 0.028 | N12: 0.047 | O12: 0.047 | P12: 0.047 | Q12: 0.028 | R12: 0.028 | S12: 0.028 | T12: 0.028 | U12: 0.028 | V12: 0.028 | W12: 0.028 | X12: 0.028
A13: Windows | B13: OfficeMedium | C13: FixedWindow_NonRes | D13: CBECS 2018 shows that over 50 % of medium offices that were built before 2000 are single pane | E13: U-factor IP | F13: Pre 1978 | G13: N/A | H13: ASHRAE Handbook of Fundamentals for single pane & T24, 2013 for double pane(50%-50%)* | I13: =1.12*0.5+I$16*0.5 -> 0.74 | J13: =1.12*0.5+J$16*0.5 -> 0.74 | K13: =1.12*0.5+K$16*0.5 -> 0.74 | L13: =1.12*0.5+L$16*0.5 -> 0.74 | M13: =1.12*0.5+M$16*0.5 -> 0.74 | N13: =1.12*0.5+N$16*0.5 -> 0.74 | O13: =1.12*0.5+O$16*0.5 -> 0.74 | P13: =1.12*0.5+P$16*0.5 -> 0.74 | ... X13: =1.12*0.5+X$16*0.5 -> 0.74
F14: 1978-1997 | G14: N/A | I14: =1.12*0.5+I$16*0.5 -> 0.74 | J14: =1.12*0.5+J$16*0.5 -> 0.74 | K14: =1.12*0.5+K$16*0.5 -> 0.74 | L14: =1.12*0.5+L$16*0.5 -> 0.74 | M14: =1.12*0.5+M$16*0.5 -> 0.74 | N14: =1.12*0.5+N$16*0.5 -> 0.74 | O14: =1.12*0.5+O$16*0.5 -> 0.74 | P14: =1.12*0.5+P$16*0.5 -> 0.74 | ... X14: =1.12*0.5+X$16*0.5 -> 0.74
D15: Double pane | F15: 1998-2007 | G15: 2001 | I15: 0.49 | J15: 0.49 | K15: 0.81 | L15: 0.81 | M15: 0.81 | N15: 0.81 | O15: 0.81 | P15: 0.81 | Q15: 0.81 | R15: 0.49 | S15: 0.49 | T15: 0.49 | U15: 0.49 | V15: 0.49 | W15: 0.49 | X15: 0.49
F16: 2008-2018 | G16: 2013 | I16: 0.36 | J16: 0.36 | K16: 0.36 | L16: 0.36 | M16: 0.36 | N16: 0.36 | O16: 0.36 | P16: 0.36 | Q16: 0.36 | R16: 0.36 | S16: 0.36 | T16: 0.36 | U16: 0.36 | V16: 0.36 | W16: 0.36 | X16: 0.36
F17: 2019+ | G17: 2025 | I17: 0.36 | J17: 0.36 | K17: 0.36 | L17: 0.36 | M17: 0.36 | N17: 0.36 | O17: 0.36 | P17: 0.36 | Q17: 0.34 | R17: 0.36 | S17: 0.34 | T17: 0.34 | U17: 0.34 | V17: 0.34 | W17: 0.34 | X17: 0.36
B18: OfficeMedium | C18: FixedWindow_NonRes | D18: CBECS 2018 shows that over 50% of medium offices that were built before 2000 are single pane | E18: SHGC | F18: Pre 1978 | G18: N/A | H18: ASHRAE Handbook of Fundamentals for single pane & T24, 2013 for double pane(50%-50%)* | I18: =0.8*0.5+I$21*0.5 -> 0.615 | J18: =0.8*0.5+J$21*0.5 -> 0.58 | K18: =0.8*0.5+K$21*0.5 -> 0.605 | L18: =0.8*0.5+L$21*0.5 -> 0.605 | M18: =0.8*0.5+M$21*0.5 -> 0.605 | N18: =0.8*0.5+N$21*0.5 -> 0.595 | O18: =0.8*0.5+O$21*0.5 -> 0.595 | P18: =0.8*0.5+P$21*0.5 -> 0.595 | ... X18: =0.8*0.5+X$21*0.5 -> 0.615
F19: 1978-1997 | G19: N/A | I19: =0.8*0.5+I$21*0.5 -> 0.615 | J19: =0.8*0.5+J$21*0.5 -> 0.58 | K19: =0.8*0.5+K$21*0.5 -> 0.605 | L19: =0.8*0.5+L$21*0.5 -> 0.605 | M19: =0.8*0.5+M$21*0.5 -> 0.605 | N19: =0.8*0.5+N$21*0.5 -> 0.595 | O19: =0.8*0.5+O$21*0.5 -> 0.595 | P19: =0.8*0.5+P$21*0.5 -> 0.595 | ... X19: =0.8*0.5+X$21*0.5 -> 0.615
D20: Double pane | F20: 1998-2007 | G20: 2001 | H20: WWR:20-30 / SHGC north | I20: 0.47 | J20: 0.47 | K20: 0.61 | L20: 0.61 | M20: 0.61 | N20: 0.61 | O20: 0.61 | P20: 0.61 | Q20: 0.61 | R20: 0.47 | S20: 0.47 | T20: 0.47 | U20: 0.47 | V20: 0.47 | W20: 0.47 | X20: 0.47
H21: WWR:20-30 / SHGC non-north | I21: 0.43 | J21: 0.36 | K21: 0.41 | L21: 0.41 | M21: 0.41 | N21: 0.39 | O21: 0.39 | P21: 0.39 | Q21: 0.39 | R21: 0.36 | S21: 0.36 | T21: 0.36 | U21: 0.36 | V21: 0.36 | W21: 0.36 | X21: 0.43
F22: 2008-2018 | G22: 2013 | I22: 0.25 | J22: 0.25 | K22: 0.25 | L22: 0.25 | M22: 0.25 | N22: 0.25 | O22: 0.25 | P22: 0.25 | Q22: 0.25 | R22: 0.25 | S22: 0.25 | T22: 0.25 | U22: 0.25 | V22: 0.25 | W22: 0.25 | X22: 0.25
F23: 2019+ | G23: 2025 | I23: 0.25 | J23: 0.25 | K23: 0.25 | L23: 0.25 | M23: 0.25 | N23: 0.25 | O23: 0.25 | P23: 0.25 | Q23: 0.22 | R23: 0.25 | S23: 0.22 | T23: 0.22 | U23: 0.22 | V23: 0.22 | W23: 0.22 | X23: 0.25
E25: Infiltration
F26: Vintage | G26: I_75 (cfm/ft²) 6-sdied Infiltration rate @ 75 pa | H26: Source | I26: I-design (cfm/ft²) (4-sided Infiltration rate at normal pressure) (Design flow rate approach and Flow/Exterior Wall Area calculation method)
E27: Infiltration | F27: Pre 1978 | G27: 1.1 | H27: 2022 CASE report (Table 38) | I27: 0.3302
F28: 1978-1997 | G28: 1.1 | H28: 2022 CASE report (Table 38) | I28: 0.3302
F29: 1998-2007 | G29: 1.1 | H29: 2022 CASE report (Table 38) | I29: 0.3302
F30: 2008-2018 | G30: 1* | H30: 2022 CASE report (Table 38) & T24, 2008-2016 (Table 140.3-C) | I30: 0.3021
F31: 2019+ | G31: 0.6** | H31: 2022 CASE report (Table 38) & T24,140.3(a)9Cii & T24, 2025 (Table 140.3-C) | I31: 0.1801
E32: Infiltration_rate_report_14May2025-Short-Version.docx
E33: * An air barrier was not required for guest rooms under T24, until the 2019 edition. However, to reflect typical construction practices, we assumed that all exterior walls are equipped with an air barrier where it was required for nonresidential walls.
E34: *** T24 require 0.4 cfm/ft² for tested condition but it also in section 140.3(a)9Cii says that if the air leakage requirements are not met, a visual inspection and diagnostic evaluation shall be completed , all observed leaks shall be sealed where such sealing can be made without destruction of existing building components, and buildings where the tested leakage rate exceeded 0.6 cfm/ft² of building shell area at 75 Pa have been retested to confirm leakage is below 0.6 cfm/ft² of building shell at 75 Pa.
A36: *Note for windows properties in vintage 1 &2 :
A37: We’ve considered a 50% single-pane and 50% double-pane mix (based on the 2013 requirements) for the window properties in Vintage 1 & 2 (pre-1998 buildings).
A38: Since we don't have California-specific data, the decision is based on the CBECS 2018 data, which indicates:
A39: - 40% of medium offices built before 1978 have mixed windows, while only 6% of offices from the second vintage (1978-1997) have mixed glass.
A40: - Pre-1978: Among those with either single or double-pane windows, 80% have single-pane windows, and 20% have double-pane windows.
A41: - 1978-1997: Among those with either single or double-pane windows, 55% have single-pane windows, and 45% have double-pane windows.
A42: - Pre 1999: Among those with either single or double-pane windows, 61% has single pane windows.
A43: Since we don't have California-specific data and CBECS data is for 2018, it's likely that a percentage of pre-1978 buildings have undergone retrofitting in the past 7 years and upgraded their windows. Based on this, we've decided to apply the 50%-50% mix for the window properties.

Sheet HVAC System
A1: HVAC system - OfficeMedium
A2: Vintage | B2: Space/Thermal Zone | C2: Heating | D2: Cooling | E2: Air Distribution | F2: Source
A3: Existing | B3: All | C3: Furnace (Gas) | D3: Packaged (DX) | E3: CAV with Reheat for the first two vintages VAV with Reheat for vintage 3 and 4 | F3: CEUS 2022 + Engineering Judgement | G3: PTAC
A4: New Construction | B4: All | C4: VRF | D4: VRF | E4: VRF | F4: T24, 2025 | G4: VRF
A5: It Room hasa dedicated HVAC system
A9: Efficiency of HVAC system | G9: Detailed efficiency of cooling system
A10: Vintage | B10: Upgrade/Installed year | C10: Heating | D10: Cooling | E10: Source | G10: Vintage | H10: Cooling System (& air distribution ) | I10: HVAC Zones | J10: Serving floor | K10: Serving area (ft2) | L10: Estimated cooling capapcity (Btu/hr) | M10: Size category (Btu/hr) | N10: Cooling | O10: Upgrade/Installed year | P10: Source
A11: Pre 1978 | B11: 2008 | C11: Efficiency 80% | D11: EER=10.3, 9.7, 9.5 | E11: T24, 2008 (Table 112-A) | G11: Pre-1978 & 1978-1997 | H11: West_AC_CAV | I11: West_ZN | J11: No.1,2,3 | K11: =(Zones!G5+Zones!G16)*3 -> 5813.5835 | L11: =20*K11 -> 116271.67 | M11: 65,000-13,5000 | N11: EER=10.3 | O11: 2008 | P11: T24, Part 6, 2008 (Table 112-A): Ellectrically operated Unitary Air Conditioners and Condensing units- Minimun Efficicenc Requirements
A12: 1978-1997 | H12: East_AC_CAV | I12: East ZN | J12: No.1,2,3 | K12: =K11 -> 5813.5835 | L12: =20*K12 -> 116271.67 | M12: 65,000-13,5000 | N12: EER=10.3 | O12: 2008
A13: 1998-2007 | B13: 2008 | C13: Efficiency 80% | D13: EER=9.5 | E13: T24, 2008 (Table 112-A) | H13: North_AC_CAV | I13: North_ZN | J13: No.1,2,3 | K13: =(Zones!G4+Zones!G17)*3 -> 8402.8792 | L13: =20*K13 -> 168057.58 | M13: 135,000-240,000 | N13: EER=9.7 | O13: 2008
A14: 2008-2018 | B14: 2010 | C14: COP=3 / Efficiency 80% | D14: EER=10 | E14: T24,2010 (Table 112-A) | H14: South_AC_CAV | I14: South_ZoneN | J14: No.1,2,3 | K14: =K13 -> 8402.8792 | L14: =20*K14 -> 168057.58 | M14: 135,000-240,000 | N14: EER=9.7 | O14: 2008
A15: New Construction | B15: 2025 | C15: COP=3.3 / Efficiency 80% | D15: EER=10 | E15: T24, 2025 (Table 112-A) & CFR Energy 2024:Title 10- Table 19 - § 431.97 | H15: Core_Office_AC_CAV | I15: Core_Office_ZN | J15: No.1,2,3 | K15: =Zones!G3*3 -> 12849 | L15: =20*K15 -> 256980 | M15: 240,000-760,000 | N15: EER=9.5 | O15: 2008
H16: Core_Service_AC_CAV | I16: Core_Service_ZN | J16: No.1,2,3 | K16: =SUM(Zones!G9:G15)*3 -> 12347.797 | L16: =20*K16 -> 246955.94 | M16: 240,000-760,000 | N16: EER=9.5 | O16: 2008
G17: 1998-2007 | H17: Floor_1_AC_VAV | I17: All Zones in Floor 1 | J17: No. 1 | K17: =Zones!G20 -> 17875.932 | L17: =20*K17 -> 357518.65 | M17: 240,000-760,000 | N17: EER=9.5 | O17: 2008
H18: Floor_2_AC_VAV | I18: All Zones in Floor 2 | J18: No. 2 | K18: =K17 -> 17875.932 | L18: =20*K18 -> 357518.65 | M18: 240,000-760,000 | N18: EER=9.5 | O18: 2008
H19: Floor_3_AC_VAV | I19: All Zones in Floor 3 | J19: No. 3 | K19: =K18 -> 17875.932 | L19: =20*K19 -> 357518.65 | M19: 240,000-760,000 | N19: EER=9.5 | O19: 2008
G20: 2008-2018 | H20: Floor_1_AC_VAV | I20: All Zones in Floor 1 | J20: No. 1 | K20: =Zones!G20 -> 17875.932 | L20: =20*K20 -> 357518.65 | M20: 240,000-760,000 | N20: EER=10 | O20: 2010 | P20: T24, Part 6, 2010 (Table 112-A): Electrically operated Unitary Air Conditioners and Condensing units- Minimum Efficiency Requirements | Q20: 2010 California Energy Code, Part 6 - SUBCHAPTER 2
H21: Floor_2_AC_VAV | I21: All Zones in Floor 2 | J21: No. 2 | K21: =K20 -> 17875.932 | L21: =20*K21 -> 357518.65 | M21: 240,000-760,000 | N21: EER=10 | O21: 2010
H22: Floor_3_AC_VAV | I22: All Zones in Floor 3 | J22: No. 3 | K22: =K21 -> 17875.932 | L22: =20*K22 -> 357518.65 | M22: 240,000-760,000 | N22: EER=10 | O22: 2010
G23: New Construction | H23: Floor_1_AC_VRF | I23: All Zones in Floor 1 | J23: No. 1 | K23: =Zones!G20 -> 17875.932 | L23: =20*K23 -> 357518.65 | M23: >=240,000 | N23: EER=10 | O23: 2025 | P23: T24, Part 6, 2025 (Table 110.2-A) & CFR Energy 2024:Title 10- Table 1 - § 431.97 | Q23: eCFR :: 10 CFR 431.97 -- Energy efficiency standards and their compliance dates.
H24: Floor_2_AC_VRF | I24: All Zones in Floor 2 | J24: No. 2 | K24: =K23 -> 17875.932 | L24: =20*K24 -> 357518.65 | M24: >=240,000 | N24: EER=10 | O24: 2025 | Q24: https://www.govinfo.gov/content/pkg/CFR-2024-title10-vol3/pdf/CFR-2024-title10-vol3-part431-subpartF.pdf
H25: Floor_3_AC_VRF | I25: All Zones in Floor 3 | J25: No. 3 | K25: =K24 -> 17875.932 | L25: =20*K25 -> 357518.65 | M25: >=240,000 | N25: EER=10 | O25: 2025
G26: IT_Room is served by a dedicated system
A28: Fan power
A29: Vintage | B29: Approach | C29: System | D29: Total Static Pressure (TSP) (in w.c.) | E29: Fan Efficiency [ACM 2025] | F29: Fan Motor and Drive Efficiency [ACM 2025, Table 13] | G29: W/cfm [ACM 2025, Table 14 and 15] | H29: Data Source | I29: Note
A30: Existing | B30: PNNL TSP | C30: CAV System <7,437 cfm | D30: 2.5 | E30: 0.65 | F30: ~0.9 (The full-load efficiency of the motor serving the fan- will be determined based on ACM 2025, Table 13) | H30: Fan Motor and Efficiency: ACM 2025, 0.5 Engineering judgement TSP:[PNNL 20405, 2010, Table 5.11
C31: CAV System >7,437 cfm | D31: 4.09 | E31: 0.65
C32: VAV System > 4,648 cfm | D32: 5.58 | E32: 0.65
A33: Brake horse power (bhp)=(Supply cfm*TSP in w.c.)/(6356*Fan efficiency)
A34: Fan power (w/cfm) = bhp/motor and drive efficiency *746
A35: New Construction | B35: ACM 2025 | C35: Small indoor fan at zone (for VRF) | D35: =G35*$F$35*$E$35/746*6356 -> 1.744492 | E35: 0.65 | F35: 0.9 | G35: 0.35 | H35: Fan Motor and Efficiency and W/cfm: ACM 2025 | I35: 0.35 w/cfm for indoor unit fan (T24, 2025, Section 140.4(a)3 D)
F36: * 0.9 is an average fan efficiency according to ACM 2025, Table 13
A37: Fan total eff (E+ input) = 0.65 x Motor_eff
A38: TSP (E+ input) in w.c. = Motor_eff/746 x (6356 x Fan_eff) x W/cfm
A39: Fan_eff=0.65
A41: Microsoft Word - PNNL 90 1-2010_TSD_Final 5-23-2011_Final.docx
A51: Title 24, part6/2008 | E51: Title 24, Part 6/2010 | I51: Title 24, Part 6/2025 | N51: CFR/2024

Sheet Thermostat
A1: Thermostat Setpoints: OfficeMedium
A2: Setpoint | B2: CZ1 | C2: CZ2 | D2: CZ3 | E2: CZ4 | F2: CZ5 | G2: CZ6 | H2: CZ7 | I2: CZ8 | J2: CZ9 | K2: CZ10 | L2: CZ11 | M2: CZ12 | N2: CZ13 | O2: CZ14 | P2: CZ15 | Q2: CZ16 | R2: Source
A3: Heating Setpoint (F) | B3: 70 | C3: 70 | D3: 70 | E3: 70 | F3: 70 | G3: 70 | H3: 70 | I3: 70 | J3: 70 | K3: 70 | L3: 70 | M3: 70 | N3: 70 | O3: 70 | P3: 70 | Q3: 70 | R3: T24 2022 - Appendix 5.4B
A4: Heating Setback (F) | B4: 60 | C4: 60 | D4: 60 | E4: 60 | F4: 60 | G4: 60 | H4: 60 | I4: 60 | J4: 60 | K4: 60 | L4: 60 | M4: 60 | N4: 60 | O4: 60 | P4: 60 | Q4: 60
A5: Cooling Setpoint (F) | B5: 75 | C5: 75 | D5: 75 | E5: 75 | F5: 75 | G5: 75 | H5: 75 | I5: 75 | J5: 75 | K5: 75 | L5: 75 | M5: 75 | N5: 75 | O5: 75 | P5: 75 | Q5: 75
A6: Cooling Setback (F) | B6: 85 | C6: 85 | D6: 85 | E6: 85 | F6: 85 | G6: 85 | H6: 85 | I6: 85 | J6: 85 | K6: 85 | L6: 85 | M6: 85 | N6: 85 | O6: 85 | P6: 85 | Q6: 85
B7: *PNNL has considered 80 F for cooling setback of Medium Office prototype. However cooling setback is 85 F for Small Office prototype !!
A9: Note: The Medium Office prototype by PNNL also uses the same setpoints, except for one of the perimeter zones, which has a heating setpoint of 69 °F and a cooling setpoint of 76 °F during hours of 10:00-11:00, 12:00-13:00, and 14:00-15:00 .
A16: Background Data [To be deleted prior to publication]
A18: Heating/ CoolingSetpointsSchedules (existing prototypes extracted from the idf files (presented below)
B39: Heating | K39: Cooling
B40: CEC-2022 | F40: PNNL-2022 | K40: CEC-2022 | O40: PNNL-2022
B41: CEC-Weekday | C41: CEC-Saturday | D41: CEC-Sunday | F41: PNNL-Weekday | G41: PNNL-Saturday | H41: PNNL-Sunday | K41: CEC-Weekday | L41: CEC-Saturday | M41: CEC-Sunday | O41: PNNL-Weekday | P41: PNNL-Saturday | Q41: PNNL-Sunday
A42: 1 | B42: 60 | C42: 60 | D42: 60 | F42: 60.08 | G42: 60.08 | H42: 60.08 | K42: 85 | L42: 85 | M42: 85 | O42: 80.06 | P42: 80.06 | Q42: 80.06
A43: 2 | B43: 60 | C43: 60 | D43: 60 | F43: 60.08 | G43: 60.08 | H43: 60.08 | K43: 85 | L43: 85 | M43: 85 | O43: 80.06 | P43: 80.06 | Q43: 80.06
A44: 3 | B44: 60 | C44: 60 | D44: 60 | F44: 60.08 | G44: 60.08 | H44: 60.08 | K44: 85 | L44: 85 | M44: 85 | O44: 80.06 | P44: 80.06 | Q44: 80.06
A45: 4 | B45: 60 | C45: 60 | D45: 60 | F45: 60.08 | G45: 60.08 | H45: 60.08 | K45: 85 | L45: 85 | M45: 85 | O45: 80.06 | P45: 80.06 | Q45: 80.06
A46: 5 | B46: 60 | C46: 60 | D46: 60 | F46: 60.08 | G46: 60.08 | H46: 60.08 | K46: 85 | L46: 85 | M46: 85 | O46: 80.06 | P46: 80.06 | Q46: 80.06
A47: 6 | B47: 70 | C47: 70 | D47: 60 | F47: 64.04 | G47: 64.04 | H47: 60.08 | K47: 75 | L47: 75 | M47: 85 | O47: 78.08 | P47: 78.26 | Q47: 80.06
A48: 7 | B48: 70 | C48: 70 | D48: 60 | F48: 68 | G48: 68 | H48: 60.08 | K48: 75 | L48: 75 | M48: 85 | O48: 77 | P48: 77 | Q48: 80.06
A49: 8 | B49: 70 | C49: 70 | D49: 60 | F49: 69.8 | G49: 69.8 | H49: 60.08 | K49: 75 | L49: 75 | M49: 85 | O49: 75.2 | P49: 75.2 | Q49: 80.06
A50: 9 | B50: 70 | C50: 70 | D50: 60 | F50: 69.8 | G50: 69.8 | H50: 60.08 | K50: 75 | L50: 75 | M50: 85 | O50: 75.2 | P50: 75.2 | Q50: 80.06
A51: 10 | B51: 70 | C51: 70 | D51: 60 | F51: 69.8 | G51: 69.8 | H51: 60.08 | K51: 75 | L51: 75 | M51: 85 | O51: 75.2 | P51: 75.2 | Q51: 80.06
A52: 11 | B52: 70 | C52: 70 | D52: 60 | F52: 69.8 | G52: 69.8 | H52: 60.08 | K52: 75 | L52: 75 | M52: 85 | O52: 75.2 | P52: 75.2 | Q52: 80.06
A53: 12 | B53: 70 | C53: 70 | D53: 60 | F53: 69.8 | G53: 69.8 | H53: 60.08 | K53: 75 | L53: 75 | M53: 85 | O53: 75.2 | P53: 75.2 | Q53: 80.06
... A65: 24 | B65: 70 | C65: 60 | D65: 60 | F65: 60.08 | G65: 60.08 | H65: 60.08 | K65: 75 | L65: 85 | M65: 85 | O65: 80.06 | P65: 80.06 | Q65: 80.06

Sheet Ventilation
A1: Outdoor Airflow Rate - OfficeMedium
A2: Space | B2: Number of People | C2: Floor Area (ft²) | D2: cfm/person (T24, 2025, Equation 120.1-F and Table 120.1-A) | E2: cfm/ft² (T24, 2025, Equation 120.1-F and Table 120.1-A) | F2: Required Exhaust Rate (T24, 2025, Table 120.1-B – Minimum Exhaust Rates) | G2: Total cfm Driven by People | H2: Total cfm Driven by Area | I2: Total cfm Driven by Exhaust | J2: Total cfm | K2: Note
A3: =Zones!A3 -> Open_Office_Core_FloorG | B3: =Zones!J3 -> 21.415 | C3: =Zones!G3 -> 4283 | D3: 15 | E3: 0.15 | G3: =B3*D3 -> 321.225 | H3: =C3*E3 -> 642.45 | I3: =F3 -> 0 | J3: =MAX(G3,H3,I3) -> 642.45
A4: =Zones!A4 -> Open_Office_N_FloorG | B4: =Zones!J4 -> 11.489937 | C4: =Zones!G4 -> 2297.9873 | D4: 15 | E4: 0.15 | G4: =B4*D4 -> 172.34905 | H4: =C4*E4 -> 344.6981 | I4: =F4 -> 0 | J4: =MAX(G4,H4,I4) -> 344.6981
A5: =Zones!A5 -> Closed_Office_W_FloorG | B5: =Zones!J5 -> 8.1893058 | C5: =Zones!G5 -> 1637.8612 | D5: 15 | E5: 0.15 | G5: =B5*D5 -> 122.83959 | H5: =C5*E5 -> 245.67917 | I5: =F5 -> 0 | J5: =MAX(G5,H5,I5) -> 245.67917
A6: =Zones!A6 -> Closed_Office_E_FloorG | B6: =Zones!J6 -> 8.1893058 | C6: =Zones!G6 -> 1637.8612 | D6: 15 | E6: 0.15 | G6: =B6*D6 -> 122.83959 | H6: =C6*E6 -> 245.67917 | I6: =F6 -> 0 | J6: =MAX(G6,H6,I6) -> 245.67917
A7: =Zones!A7 -> Open_Office_S_FloorG | B7: =Zones!J7 -> 5.9310376 | C7: =Zones!G7 -> 1186.2075 | D7: 15 | E7: 0.15 | G7: =B7*D7 -> 88.965563 | H7: =C7*E7 -> 177.93113 | I7: =F7 -> 0 | J7: =MAX(G7,H7,I7) -> 177.93113
A8: =Zones!A8 -> Conference_FloorG | B8: =Zones!J8 -> 36.688734 | C8: =Zones!G8 -> 1111.7798 | D8: 15 | E8: 0.15 | G8: =B8*D8 -> 550.33101 | H8: =C8*E8 -> 166.76697 | I8: =F8 -> 0 | J8: =MAX(G8,H8,I8) -> 550.33101
A9: =Zones!A9 -> Lobby/Lounge_FloorG | B9: =Zones!J9 -> 10.591755 | C9: =Zones!G9 -> 1059.1755 | D9: 15 | E9: 0.15 | G9: =B9*D9 -> 158.87632 | H9: =C9*E9 -> 158.87632 | I9: =F9 -> 0 | J9: =MAX(G9,H9,I9) -> 158.87632
A10: =Zones!A10 -> Storage_FloorG | B10: =Zones!J10 -> 0 | C10: =Zones!G10 -> 983.15611 | D10: 15 | E10: 0.15 | H10: =C10*E10 -> 147.47342 | I10: =F10 -> 0 | J10: =MAX(G10,H10,I10) -> 147.47342
A11: =Zones!A11 -> Mechanical/Electrical_FloorG | B11: =Zones!J11 -> 0 | C11: =Zones!G11 -> 357.35034 | D11: 15 | E11: 0.15 | H11: =C11*E11 -> 53.602551 | I11: =F11 -> 0 | J11: =MAX(G11,H11,I11) -> 53.602551
A12: =Zones!A12 -> IT-Room_FloorG | B12: =Zones!J12 -> ? | C12: =Zones!G12 -> 178.9373 | D12: 15 | E12: 0.15 | H12: =C12*E12 -> 26.840595 | I12: =F12 -> 0 | J12: =MAX(G12,H12,I12) -> 26.840595
A13: =Zones!A13 -> Restroom_FloorG | B13: =Zones!J13 -> 0 | C13: =Zones!G13 -> 643.57783 | D13: 15 | E13: 0.15 | F13: 4*25/50 cfm per unit | H13: =C13*E13 -> 96.536674 | I13: 100 | J13: =MAX(G13,H13,I13) -> 100 | K13: Almost 1 unit per 30 occupant for exhaust fan
A14: =Zones!A14 -> Break_FloorG | B14: =Zones!J14 -> 7.6673175 | C14: =Zones!G14 -> 232.34295 | D14: 15 | E14: 0.15 | G14: =B14*D14 -> 115.00976 | H14: =C14*E14 -> 34.851443 | I14: =F14 -> 0 | J14: =MAX(G14,H14,I14) -> 115.00976
A15: =Zones!A15 -> Stairway_FloorG | B15: =Zones!J15 -> 0 | C15: =Zones!G15 -> 661.39226 | D15: 15 | E15: 0.15 | H15: =C15*E15 -> 99.208839 | I15: =F15 -> 0 | J15: =MAX(G15,H15,I15) -> 99.208839
A16: =Zones!A16 -> Corridor_W_FloorG | B16: =Zones!J16 -> 1.5 | C16: =Zones!G16 -> 300 | D16: 15 | E16: 0.15 | G16: =B16*D16 -> 22.5 | H16: =C16*E16 -> 45 | I16: =F16 -> 0 | J16: =MAX(G16,H16,I16) -> 45
A17: =Zones!A17 -> Corridor_N_FloorG | B17: =Zones!J17 -> 2.514862 | C17: =Zones!G17 -> 502.9724 | D17: 15 | E17: 0.15 | G17: =B17*D17 -> 37.72293 | H17: =C17*E17 -> 75.44586 | I17: =F17 -> 0 | J17: =MAX(G17,H17,I17) -> 75.44586
A18: =Zones!A18 -> Corridor_E_FloorG | B18: =Zones!J18 -> 1.496038 | C18: =Zones!G18 -> 299.2076 | D18: 15 | E18: 0.15 | G18: =B18*D18 -> 22.44057 | H18: =C18*E18 -> 44.88114 | I18: =F18 -> 0 | J18: =MAX(G18,H18,I18) -> 44.88114
A19: =Zones!A19 -> Corridor_S_FloorG | B19: =Zones!J19 -> 2.514862 | C19: =Zones!G19 -> 502.9724 | D19: 15 | E19: 0.15 | G19: =B19*D19 -> 37.72293 | H19: =C19*E19 -> 75.44586 | I19: =F19 -> 0 | J19: =MAX(G19,H19,I19) -> 75.44586
A20: =Zones!A20 -> Plenum_FloorG | B20: =Zones!J20 -> 0 | C20: =Zones!G20 -> 17875.932 | E20: - | I20: =F20 -> 0 | J20: =MAX(G20,H20,I20) -> 0
A21: =Zones!A21 -> Open_Office_Core_FloorM | B21: =Zones!J21 -> 21.415 | C21: =Zones!G21 -> 4283 | D21: =D3 -> 15 | E21: =E3 -> 0.15 | G21: =B21*D21 -> 321.225 | H21: =C21*E21 -> 642.45 | I21: =F21 -> 0 | J21: =MAX(G21,H21,I21) -> 642.45
A22: =Zones!A22 -> Open_Office_N_FloorM | B22: =Zones!J22 -> 11.489937 | C22: =Zones!G22 -> 2297.9873 | D22: =D4 -> 15 | E22: =E4 -> 0.15 | G22: =B22*D22 -> 172.34905 | H22: =C22*E22 -> 344.6981 | I22: =F22 -> 0 | J22: =MAX(G22,H22,I22) -> 344.6981
A23: =Zones!A23 -> Closed_Office_W_FloorM | B23: =Zones!J23 -> 8.1893058 | C23: =Zones!G23 -> 1637.8612 | D23: =D5 -> 15 | E23: =E5 -> 0.15 | G23: =B23*D23 -> 122.83959 | H23: =C23*E23 -> 245.67917 | I23: =F23 -> 0 | J23: =MAX(G23,H23,I23) -> 245.67917
A24: =Zones!A24 -> Closed_Office_E_FloorM | B24: =Zones!J24 -> 8.1893058 | C24: =Zones!G24 -> 1637.8612 | D24: =D6 -> 15 | E24: =E6 -> 0.15 | G24: =B24*D24 -> 122.83959 | H24: =C24*E24 -> 245.67917 | I24: =F24 -> 0 | J24: =MAX(G24,H24,I24) -> 245.67917
A25: =Zones!A25 -> Open_Office_S_FloorM | B25: =Zones!J25 -> 5.9310376 | C25: =Zones!G25 -> 1186.2075 | D25: =D7 -> 15 | E25: =E7 -> 0.15 | G25: =B25*D25 -> 88.965563 | H25: =C25*E25 -> 177.93113 | I25: =F25 -> 0 | J25: =MAX(G25,H25,I25) -> 177.93113
A26: =Zones!A26 -> Conference_FloorM | B26: =Zones!J26 -> 36.688734 | C26: =Zones!G26 -> 1111.7798 | D26: =D8 -> 15 | E26: =E8 -> 0.15 | G26: =B26*D26 -> 550.33101 | H26: =C26*E26 -> 166.76697 | I26: =F26 -> 0 | J26: =MAX(G26,H26,I26) -> 550.33101
A27: =Zones!A27 -> Lobby/Lounge_FloorM | B27: =Zones!J27 -> 10.591755 | C27: =Zones!G27 -> 1059.1755 | D27: =D9 -> 15 | E27: =E9 -> 0.15 | G27: =B27*D27 -> 158.87632 | H27: =C27*E27 -> 158.87632 | I27: =F27 -> 0 | J27: =MAX(G27,H27,I27) -> 158.87632
A28: =Zones!A28 -> Storage_FloorM | B28: =Zones!J28 -> 0 | C28: =Zones!G28 -> 983.15611 | D28: =D10 -> 15 | E28: =E10 -> 0.15 | H28: =C28*E28 -> 147.47342 | I28: =F28 -> 0 | J28: =MAX(G28,H28,I28) -> 147.47342
A29: =Zones!A29 -> Mechanical/Electrical_FloorM | B29: =Zones!J29 -> 0 | C29: =Zones!G29 -> 357.35034 | D29: =D11 -> 15 | E29: =E11 -> 0.15 | H29: =C29*E29 -> 53.602551 | I29: =F29 -> 0 | J29: =MAX(G29,H29,I29) -> 53.602551
A30: =Zones!A30 -> IT-Room_FloorM | B30: =Zones!J30 -> 0 | C30: =Zones!G30 -> 178.9373 | D30: =D12 -> 15 | E30: =E12 -> 0.15 | H30: =C30*E30 -> 26.840595 | I30: =F30 -> 0 | J30: =MAX(G30,H30,I30) -> 26.840595
A31: =Zones!A31 -> Restroom_FloorM | B31: =Zones!J31 -> 0 | C31: =Zones!G31 -> 643.57783 | D31: =D13 -> 15 | E31: =E13 -> 0.15 | F31: 4*25/50 cfm per unit | H31: =C31*E31 -> 96.536674 | I31: 100 | J31: =MAX(G31,H31,I31) -> 100
A32: =Zones!A32 -> Break_FloorM | B32: =Zones!J32 -> 7.6673175 | C32: =Zones!G32 -> 232.34295 | D32: =D14 -> 15 | E32: =E14 -> 0.15 | G32: =B32*D32 -> 115.00976 | H32: =C32*E32 -> 34.851443 | I32: =F32 -> 0 | J32: =MAX(G32,H32,I32) -> 115.00976
A33: =Zones!A33 -> Stairway_FloorM | B33: =Zones!J33 -> 0 | C33: =Zones!G33 -> 661.39226 | D33: =D15 -> 15 | E33: =E15 -> 0.15 | H33: =C33*E33 -> 99.208839 | I33: =F33 -> 0 | J33: =MAX(G33,H33,I33) -> 99.208839
A34: =Zones!A34 -> Corridor_W_FloorM | B34: =Zones!J34 -> 1.5 | C34: =Zones!G34 -> 300 | D34: =D16 -> 15 | E34: =E16 -> 0.15 | G34: =B34*D34 -> 22.5 | H34: =C34*E34 -> 45 | I34: =F34 -> 0 | J34: =MAX(G34,H34,I34) -> 45
A35: =Zones!A35 -> Corridor_N_FloorM | B35: =Zones!J35 -> 2.514862 | C35: =Zones!G35 -> 502.9724 | D35: =D17 -> 15 | E35: =E17 -> 0.15 | G35: =B35*D35 -> 37.72293 | H35: =C35*E35 -> 75.44586 | I35: =F35 -> 0 | J35: =MAX(G35,H35,I35) -> 75.44586
A36: =Zones!A36 -> Corridor_E_FloorM | B36: =Zones!J36 -> 1.496038 | C36: =Zones!G36 -> 299.2076 | D36: =D18 -> 15 | E36: =E18 -> 0.15 | G36: =B36*D36 -> 22.44057 | H36: =C36*E36 -> 44.88114 | I36: =F36 -> 0 | J36: =MAX(G36,H36,I36) -> 44.88114
A37: =Zones!A37 -> Corridor_S_FloorM | B37: =Zones!J37 -> 2.514862 | C37: =Zones!G37 -> 502.9724 | D37: =D19 -> 15 | E37: =E19 -> 0.15 | G37: =B37*D37 -> 37.72293 | H37: =C37*E37 -> 75.44586 | I37: =F37 -> 0 | J37: =MAX(G37,H37,I37) -> 75.44586
A38: =Zones!A38 -> Plenum_FloorM | B38: =Zones!J38 -> 0 | C38: =Zones!G38 -> 17875.932 | D38: =D20 -> 0 | E38: =E20 -> - | I38: =F38 -> 0 | J38: =MAX(G38,H38,I38) -> 0
A39: =Zones!A39 -> Open_Office_Core_FloorT | B39: =Zones!J39 -> 21.415 | C39: =Zones!G39 -> 4283 | D39: =D3 -> 15 | E39: =E3 -> 0.15 | G39: =B39*D39 -> 321.225 | H39: =C39*E39 -> 642.45 | I39: =F39 -> 0 | J39: =MAX(G39,H39,I39) -> 642.45
A40: =Zones!A40 -> Open_Office_N_FloorT | B40: =Zones!J40 -> 11.489937 | C40: =Zones!G40 -> 2297.9873 | D40: =D4 -> 15 | E40: =E4 -> 0.15 | G40: =B40*D40 -> 172.34905 | H40: =C40*E40 -> 344.6981 | I40: =F40 -> 0 | J40: =MAX(G40,H40,I40) -> 344.6981
A41: =Zones!A41 -> Closed_Office_W_FloorT | B41: =Zones!J41 -> 8.1893058 | C41: =Zones!G41 -> 1637.8612 | D41: =D5 -> 15 | E41: =E5 -> 0.15 | G41: =B41*D41 -> 122.83959 | H41: =C41*E41 -> 245.67917 | I41: =F41 -> 0 | J41: =MAX(G41,H41,I41) -> 245.67917
A42: =Zones!A42 -> Closed_Office_E_FloorT | B42: =Zones!J42 -> 8.1893058 | C42: =Zones!G42 -> 1637.8612 | D42: =D6 -> 15 | E42: =E6 -> 0.15 | G42: =B42*D42 -> 122.83959 | H42: =C42*E42 -> 245.67917 | I42: =F42 -> 0 | J42: =MAX(G42,H42,I42) -> 245.67917
A43: =Zones!A43 -> Open_Office_S_FloorT | B43: =Zones!J43 -> 5.9310376 | C43: =Zones!G43 -> 1186.2075 | D43: =D7 -> 15 | E43: =E7 -> 0.15 | G43: =B43*D43 -> 88.965563 | H43: =C43*E43 -> 177.93113 | I43: =F43 -> 0 | J43: =MAX(G43,H43,I43) -> 177.93113
A44: =Zones!A44 -> Conference_FloorT | B44: =Zones!J44 -> 36.688734 | C44: =Zones!G44 -> 1111.7798 | D44: =D8 -> 15 | E44: =E8 -> 0.15 | G44: =B44*D44 -> 550.33101 | H44: =C44*E44 -> 166.76697 | I44: =F44 -> 0 | J44: =MAX(G44,H44,I44) -> 550.33101
A45: =Zones!A45 -> Lobby/Lounge_FloorT | B45: =Zones!J45 -> 10.591755 | C45: =Zones!G45 -> 1059.1755 | D45: =D9 -> 15 | E45: =E9 -> 0.15 | G45: =B45*D45 -> 158.87632 | H45: =C45*E45 -> 158.87632 | I45: =F45 -> 0 | J45: =MAX(G45,H45,I45) -> 158.87632
A46: =Zones!A46 -> Storage_FloorT | B46: =Zones!J46 -> 0 | C46: =Zones!G46 -> 983.15611 | D46: =D10 -> 15 | E46: =E10 -> 0.15 | H46: =C46*E46 -> 147.47342 | I46: =F46 -> 0 | J46: =MAX(G46,H46,I46) -> 147.47342
A47: =Zones!A47 -> Mechanical/Electrical_FloorT | B47: =Zones!J47 -> 0 | C47: =Zones!G47 -> 357.35034 | D47: =D11 -> 15 | E47: =E11 -> 0.15 | H47: =C47*E47 -> 53.602551 | I47: =F47 -> 0 | J47: =MAX(G47,H47,I47) -> 53.602551
A48: =Zones!A48 -> IT-Room_FloorT | B48: =Zones!J48 -> 0 | C48: =Zones!G48 -> 178.9373 | D48: =D12 -> 15 | E48: =E12 -> 0.15 | H48: =C48*E48 -> 26.840595 | I48: =F48 -> 0 | J48: =MAX(G48,H48,I48) -> 26.840595
A49: =Zones!A49 -> Restroom_FloorT | B49: =Zones!J49 -> 0 | C49: =Zones!G49 -> 643.57783 | D49: =D13 -> 15 | E49: =E13 -> 0.15 | F49: 4* 25/50 cfm per unit | H49: =C49*E49 -> 96.536674 | I49: 100 | J49: =MAX(G49,H49,I49) -> 100
A50: =Zones!A50 -> Break_FloorT | B50: =Zones!J50 -> 7.6673175 | C50: =Zones!G50 -> 232.34295 | D50: =D14 -> 15 | E50: =E14 -> 0.15 | G50: =B50*D50 -> 115.00976 | H50: =C50*E50 -> 34.851443 | I50: =F50 -> 0 | J50: =MAX(G50,H50,I50) -> 115.00976
A51: =Zones!A51 -> Stairway_FloorT | B51: =Zones!J51 -> 0 | C51: =Zones!G51 -> 661.39226 | D51: =D15 -> 15 | E51: =E15 -> 0.15 | H51: =C51*E51 -> 99.208839 | I51: =F51 -> 0 | J51: =MAX(G51,H51,I51) -> 99.208839
A52: =Zones!A52 -> Corridor_W_FloorT | B52: =Zones!J52 -> 1.5 | C52: =Zones!G52 -> 300 | D52: =D16 -> 15 | E52: =E16 -> 0.15 | G52: =B52*D52 -> 22.5 | H52: =C52*E52 -> 45 | I52: =F52 -> 0 | J52: =MAX(G52,H52,I52) -> 45
A53: =Zones!A53 -> Corridor_N_FloorT | B53: =Zones!J53 -> 2.514862 | C53: =Zones!G53 -> 502.9724 | D53: =D17 -> 15 | E53: =E17 -> 0.15 | G53: =B53*D53 -> 37.72293 | H53: =C53*E53 -> 75.44586 | I53: =F53 -> 0 | J53: =MAX(G53,H53,I53) -> 75.44586
A54: =Zones!A54 -> Corridor_E_FloorT | B54: =Zones!J54 -> 1.5 | C54: =Zones!G54 -> 300 | D54: =D18 -> 15 | E54: =E18 -> 0.15 | G54: =B54*D54 -> 22.5 | H54: =C54*E54 -> 45 | I54: =F54 -> 0 | J54: =MAX(G54,H54,I54) -> 45
A55: =Zones!A55 -> Corridor_S_FloorT | B55: =Zones!J55 -> 2.514862 | C55: =Zones!G55 -> 502.9724 | D55: =D19 -> 15 | E55: =E19 -> 0.15 | G55: =B55*D55 -> 37.72293 | H55: =C55*E55 -> 75.44586 | I55: =F55 -> 0 | J55: =MAX(G55,H55,I55) -> 75.44586
A56: =Zones!A56 -> Plenum_FloorT | B56: =Zones!J56 -> 0 | C56: =Zones!G56 -> 17875.932 | D56: =D20 -> 0 | E56: =E20 -> - | I56: =F56 -> 0 | J56: =MAX(G56,H56,I56) -> 0
A58: CEUS 2022 Data shows that about 50% of the unconditioned floor area belongs to the first vintage bin (Pre-1978)

Sheet Water Heater
A1: Water Heater - OfficeMedium
A2: Vintage | B2: WH Type | C2: Efficiency | D2: Tank Volume (gal) | E2: Tank Loss | F2: Unit | G2: Source
A3: Existing | B3: Gas | C3: 0.8 | D3: =F70 -> 50 | E3: =G70 -> 855.51465 | F3: =H70 -> Btu/hr
A4: New Construction | B4: Gas | C4: 0.8 | D4: =F70 -> 50 | E4: =G70 -> 855.51465 | F4: =H70 -> Btu/hr
A8: Peak Hot Water Consumption
A9: Space Name | B9: Baseline WH Type [T24, 2022, Appendix 5.4A , sheet: "2022 SpaceFuncData-Input"] | C9: Total Area (ft²) | D9: Number of People | E9: Hot Water Usage Specification (gal/hr per person) [T24, 2022, Appendix 5.4A , sheet: "2022 SpaceFuncData-Input"] | F9: Peak Hot Water Usage (gal/hr) | G9: Peak Hot Water Usage (gal/min)
A10: =Zones!A3 -> Open_Office_Core_FloorG | B10: Gas | C10: =Zones!G3*Zones!I3 -> 4283 | D10: =Zones!J3*Zones!I3 -> 21.415 | E10: 0.18 | F10: =D10*E10 -> 3.8547 | G10: =F10/60 -> 0.064245
A11: =Zones!A4 -> Open_Office_N_FloorG | B11: Gas | C11: =Zones!G4*Zones!I4 -> 2297.9873 | D11: =Zones!J4*Zones!I4 -> 11.489937 | E11: 0.18 | F11: =D11*E11 -> 2.0681886 | G11: =F11/60 -> 0.03446981
A12: =Zones!A5 -> Closed_Office_W_FloorG | B12: Gas | C12: =Zones!G5*Zones!I5 -> 1637.8612 | D12: =Zones!J5*Zones!I5 -> 8.1893058 | E12: 0.18 | F12: =D12*E12 -> 1.474075 | G12: =F12/60 -> 0.024567917
A13: =Zones!A6 -> Closed_Office_E_FloorG | B13: Gas | C13: =Zones!G6*Zones!I6 -> 1637.8612 | D13: =Zones!J6*Zones!I6 -> 8.1893058 | E13: 0.18 | F13: =D13*E13 -> 1.474075 | G13: =F13/60 -> 0.024567917
A14: =Zones!A7 -> Open_Office_S_FloorG | B14: Gas | C14: =Zones!G7*Zones!I7 -> 1186.2075 | D14: =Zones!J7*Zones!I7 -> 5.9310376 | E14: 0.18 | F14: =D14*E14 -> 1.0675868 | G14: =F14/60 -> 0.017793113
A15: =Zones!A8 -> Conference_FloorG | B15: Gas | C15: =Zones!G8*Zones!I8 -> 1111.7798 | D15: =Zones!J8*Zones!I8 -> 36.688734 | E15: 0.09 | F15: =D15*E15 -> 3.301986 | G15: =F15/60 -> 0.055033101
A16: =Zones!A9 -> Lobby/Lounge_FloorG | B16: Gas | C16: =Zones!G9*Zones!I9 -> 1059.1755 | D16: =Zones!J9*Zones!I9 -> 10.591755 | E16: 0.09 | F16: =D16*E16 -> 0.95325792 | G16: =F16/60 -> 0.015887632
A17: =Zones!A10 -> Storage_FloorG | C17: =Zones!G10*Zones!I10 -> 983.15611 | E17: 0 | F17: =D17*E17 -> 0 | G17: =F17/60 -> 0
A18: =Zones!A11 -> Mechanical/Electrical_FloorG | B18: Gas | C18: =Zones!G11*Zones!I11 -> 357.35034 | E18: 0.18 | F18: =D18*E18 -> 0 | G18: =F18/60 -> 0
A19: =Zones!A12 -> IT-Room_FloorG | B19: Gas | C19: =Zones!G12*Zones!I12 -> 178.9373 | E19: 0.18 | F19: =D19*E19 -> 0 | G19: =F19/60 -> 0
A20: =Zones!A13 -> Restroom_FloorG | B20: Gas | C20: =Zones!G13*Zones!I13 -> 643.57783 | F20: =D20*E20 -> 0 | G20: =F20/60 -> 0
A21: =Zones!A14 -> Break_FloorG | B21: Gas | C21: =Zones!G14*Zones!I14 -> 232.34295 | D21: =Zones!J14*Zones!I14 -> 7.6673175 | E21: 0.09 | F21: =D21*E21 -> 0.69005857 | G21: =F21/60 -> 0.011500976
A22: =Zones!A15 -> Stairway_FloorG | C22: =Zones!G15*Zones!I15 -> 661.39226 | E22: 0 | F22: =D22*E22 -> 0 | G22: =F22/60 -> 0
A23: =Zones!A16 -> Corridor_W_FloorG | C23: =Zones!G16*Zones!I16 -> 300 | D23: =Zones!J16*Zones!I16 -> 1.5 | E23: 0 | F23: =D23*E23 -> 0 | G23: =F23/60 -> 0
A24: =Zones!A17 -> Corridor_N_FloorG | C24: =Zones!G17*Zones!I17 -> 502.9724 | D24: =Zones!J17*Zones!I17 -> 2.514862 | E24: 0 | F24: =D24*E24 -> 0 | G24: =F24/60 -> 0
A25: =Zones!A18 -> Corridor_E_FloorG | C25: =Zones!G18*Zones!I18 -> 299.2076 | D25: =Zones!J18*Zones!I18 -> 1.496038 | E25: 0 | F25: =D25*E25 -> 0 | G25: =F25/60 -> 0
A26: =Zones!A19 -> Corridor_S_FloorG | C26: =Zones!G19*Zones!I19 -> 502.9724 | D26: =Zones!J19*Zones!I19 -> 2.514862 | E26: 0 | F26: =D26*E26 -> 0 | G26: =F26/60 -> 0
A27: =Zones!A20 -> Plenum_FloorG | C27: =Zones!G20*Zones!I20 -> 17875.932 | E27: 0 | F27: =D27*E27 -> 0 | G27: =F27/60 -> 0
A28: =Zones!A21 -> Open_Office_Core_FloorM | B28: Gas | C28: =Zones!G21*Zones!I21 -> 4283 | D28: =Zones!J21*Zones!I21 -> 21.415 | E28: 0.18 | F28: =D28*E28 -> 3.8547 | G28: =F28/60 -> 0.064245
A29: =Zones!A22 -> Open_Office_N_FloorM | B29: Gas | C29: =Zones!G22*Zones!I22 -> 2297.9873 | D29: =Zones!J22*Zones!I22 -> 11.489937 | E29: 0.18 | F29: =D29*E29 -> 2.0681886 | G29: =F29/60 -> 0.03446981
A30: =Zones!A23 -> Closed_Office_W_FloorM | B30: Gas | C30: =Zones!G23*Zones!I23 -> 1637.8612 | D30: =Zones!J23*Zones!I23 -> 8.1893058 | E30: 0.18 | F30: =D30*E30 -> 1.474075 | G30: =F30/60 -> 0.024567917
A31: =Zones!A24 -> Closed_Office_E_FloorM | B31: Gas | C31: =Zones!G24*Zones!I24 -> 1637.8612 | D31: =Zones!J24*Zones!I24 -> 8.1893058 | E31: 0.18 | F31: =D31*E31 -> 1.474075 | G31: =F31/60 -> 0.024567917
A32: =Zones!A25 -> Open_Office_S_FloorM | B32: Gas | C32: =Zones!G25*Zones!I25 -> 1186.2075 | D32: =Zones!J25*Zones!I25 -> 5.9310376 | E32: 0.18 | F32: =D32*E32 -> 1.0675868 | G32: =F32/60 -> 0.017793113
A33: =Zones!A26 -> Conference_FloorM | B33: Gas | C33: =Zones!G26*Zones!I26 -> 1111.7798 | D33: =Zones!J26*Zones!I26 -> 36.688734 | E33: 0.09 | F33: =D33*E33 -> 3.301986 | G33: =F33/60 -> 0.055033101
A34: =Zones!A27 -> Lobby/Lounge_FloorM | B34: Gas | C34: =Zones!G27*Zones!I27 -> 1059.1755 | D34: =Zones!J27*Zones!I27 -> 10.591755 | E34: 0.09 | F34: =D34*E34 -> 0.95325792 | G34: =F34/60 -> 0.015887632
A35: =Zones!A28 -> Storage_FloorM | C35: =Zones!G28*Zones!I28 -> 983.15611 | E35: 0 | F35: =D35*E35 -> 0 | G35: =F35/60 -> 0
A36: =Zones!A29 -> Mechanical/Electrical_FloorM | B36: Gas | C36: =Zones!G29*Zones!I29 -> 357.35034 | E36: 0.18 | F36: =D36*E36 -> 0 | G36: =F36/60 -> 0
A37: =Zones!A30 -> IT-Room_FloorM | B37: Gas | C37: =Zones!G30*Zones!I30 -> 178.9373 | E37: 0.18 | F37: =D37*E37 -> 0 | G37: =F37/60 -> 0
A38: =Zones!A31 -> Restroom_FloorM | C38: =Zones!G31*Zones!I31 -> 643.57783 | E38: 0 | F38: =D38*E38 -> 0 | G38: =F38/60 -> 0
A39: =Zones!A32 -> Break_FloorM | B39: Gas | C39: =Zones!G32*Zones!I32 -> 232.34295 | D39: =Zones!J32*Zones!I32 -> 7.6673175 | E39: 0.09 | F39: =D39*E39 -> 0.69005857 | G39: =F39/60 -> 0.011500976
A40: =Zones!A33 -> Stairway_FloorM | C40: =Zones!G33*Zones!I33 -> 661.39226 | E40: 0 | F40: =D40*E40 -> 0 | G40: =F40/60 -> 0
A41: =Zones!A34 -> Corridor_W_FloorM | C41: =Zones!G34*Zones!I34 -> 300 | D41: =Zones!J34*Zones!I34 -> 1.5 | E41: 0 | F41: =D41*E41 -> 0 | G41: =F41/60 -> 0
A42: =Zones!A35 -> Corridor_N_FloorM | C42: =Zones!G35*Zones!I35 -> 502.9724 | D42: =Zones!J35*Zones!I35 -> 2.514862 | E42: 0 | F42: =D42*E42 -> 0 | G42: =F42/60 -> 0
A43: =Zones!A36 -> Corridor_E_FloorM | C43: =Zones!G36*Zones!I36 -> 299.2076 | D43: =Zones!J36*Zones!I36 -> 1.496038 | E43: 0 | F43: =D43*E43 -> 0 | G43: =F43/60 -> 0
A44: =Zones!A37 -> Corridor_S_FloorM | C44: =Zones!G37*Zones!I37 -> 502.9724 | D44: =Zones!J37*Zones!I37 -> 2.514862 | E44: 0 | F44: =D44*E44 -> 0 | G44: =F44/60 -> 0
A45: =Zones!A38 -> Plenum_FloorM | C45: =Zones!G38*Zones!I38 -> 17875.932 | E45: 0 | F45: =D45*E45 -> 0 | G45: =F45/60 -> 0
A46: =Zones!A39 -> Open_Office_Core_FloorT | B46: Gas | C46: =Zones!G39*Zones!I39 -> 4283 | D46: =Zones!J39*Zones!I39 -> 21.415 | E46: 0.18 | F46: =D46*E46 -> 3.8547 | G46: =F46/60 -> 0.064245
A47: =Zones!A40 -> Open_Office_N_FloorT | B47: Gas | C47: =Zones!G40*Zones!I40 -> 2297.9873 | D47: =Zones!J40*Zones!I40 -> 11.489937 | E47: 0.18 | F47: =D47*E47 -> 2.0681886 | G47: =F47/60 -> 0.03446981
A48: =Zones!A41 -> Closed_Office_W_FloorT | B48: Gas | C48: =Zones!G41*Zones!I41 -> 1637.8612 | D48: =Zones!J41*Zones!I41 -> 8.1893058 | E48: 0.18 | F48: =D48*E48 -> 1.474075 | G48: =F48/60 -> 0.024567917
A49: =Zones!A42 -> Closed_Office_E_FloorT | B49: Gas | C49: =Zones!G42*Zones!I42 -> 1637.8612 | D49: =Zones!J42*Zones!I42 -> 8.1893058 | E49: 0.18 | F49: =D49*E49 -> 1.474075 | G49: =F49/60 -> 0.024567917
A50: =Zones!A43 -> Open_Office_S_FloorT | B50: Gas | C50: =Zones!G43*Zones!I43 -> 1186.2075 | D50: =Zones!J43*Zones!I43 -> 5.9310376 | E50: 0.18 | F50: =D50*E50 -> 1.0675868 | G50: =F50/60 -> 0.017793113
A51: =Zones!A44 -> Conference_FloorT | B51: Gas | C51: =Zones!G44*Zones!I44 -> 1111.7798 | D51: =Zones!J44*Zones!I44 -> 36.688734 | E51: 0.09 | F51: =D51*E51 -> 3.301986 | G51: =F51/60 -> 0.055033101
A52: =Zones!A45 -> Lobby/Lounge_FloorT | B52: Gas | C52: =Zones!G45*Zones!I45 -> 1059.1755 | D52: =Zones!J45*Zones!I45 -> 10.591755 | E52: 0.09 | F52: =D52*E52 -> 0.95325792 | G52: =F52/60 -> 0.015887632
A53: =Zones!A46 -> Storage_FloorT | C53: =Zones!G46*Zones!I46 -> 983.15611 | E53: 0 | F53: =D53*E53 -> 0 | G53: =F53/60 -> 0
A54: =Zones!A47 -> Mechanical/Electrical_FloorT | B54: Gas | C54: =Zones!G47*Zones!I47 -> 357.35034 | E54: 0.18 | F54: =D54*E54 -> 0 | G54: =F54/60 -> 0
A55: =Zones!A48 -> IT-Room_FloorT | B55: Gas | C55: =Zones!G48*Zones!I48 -> 178.9373 | E55: 0.18 | F55: =D55*E55 -> 0 | G55: =F55/60 -> 0
A56: =Zones!A49 -> Restroom_FloorT | C56: =Zones!G49*Zones!I49 -> 643.57783 | E56: 0 | F56: =D56*E56 -> 0 | G56: =F56/60 -> 0
A57: =Zones!A50 -> Break_FloorT | C57: =Zones!G50*Zones!I50 -> 232.34295 | D57: =Zones!J50*Zones!I50 -> 7.6673175 | F57: =D57*E57 -> 0 | G57: =F57/60 -> 0
A58: =Zones!A51 -> Stairway_FloorT | C58: =Zones!G51*Zones!I51 -> 661.39226 | E58: 0 | F58: =D58*E58 -> 0 | G58: =F58/60 -> 0
A59: =Zones!A52 -> Corridor_W_FloorT | C59: =Zones!G52*Zones!I52 -> 300 | D59: =Zones!J52*Zones!I52 -> 1.5 | E59: 0 | F59: =D59*E59 -> 0 | G59: =F59/60 -> 0
A60: =Zones!A53 -> Corridor_N_FloorT | C60: =Zones!G53*Zones!I53 -> 502.9724 | D60: =Zones!J53*Zones!I53 -> 2.514862 | E60: 0 | F60: =D60*E60 -> 0 | G60: =F60/60 -> 0
A61: =Zones!A54 -> Corridor_E_FloorT | C61: =Zones!G54*Zones!I54 -> 300 | D61: =Zones!J54*Zones!I54 -> 1.5 | E61: 0 | F61: =D61*E61 -> 0 | G61: =F61/60 -> 0
A62: =Zones!A55 -> Corridor_S_FloorT | C62: =Zones!G55*Zones!I55 -> 502.9724 | D62: =Zones!J55*Zones!I55 -> 2.514862 | E62: 0 | F62: =D62*E62 -> 0 | G62: =F62/60 -> 0
A63: =Zones!A56 -> Plenum_FloorT | C63: =Zones!G56*Zones!I56 -> 17875.932 | E63: 0 | F63: =D63*E63 -> 0 | G63: =F63/60 -> 0
A68: Water Heater Capacity, Tank Capacity, and Tank Loss
A69: WH Type | B69: Peak Hot Water Usage (gal/hr) | C69: Heat Output (Btu/hr) [ACM, 2025, 5.9.2: Rated capacity section] | D69: WH Capacity (Btu/hr) [ACM, 2025, 5.9.2: Rated capacity section] | E69: Required Energy Input (Btu/hr) | F69: Storage Volume (gal) | G69: Standby Loss | I69: Off/On Cycle Loss Coefficient to Ambient Temp (Btu/h-F) | J69: Source
A70: Gas Storage WH | B70: =MAX(125,SUMIFS(F10:F63,B10:B63,"Gas")) -> 125 | C70: =B70*($B$74-B75)*8.2877*1 -> 82877 | D70: =C70*B76 -> 49726.2 | E70: =D70/$C$3 -> 62157.75 | F70: =ROUNDUP((B70*F72)/B72,0) -> 50 | G70: =(E70/800)+110*SQRT(F70) -> 855.51465 | H70: Btu/hr | I70: =G70/B81 -> 12.581098 | J70: Standby loss equation: Title 20, §1605.1 Table F-4 WH capacity equation: ACM, 2025, 5.9.2: Rated capacity section)
A71: Electric resistance WH | B71: =SUMIFS(F10:F63,B10:B63,"Electric") -> 0 | C71: =B71*($B$74-B75)*8.2877*1 -> 0 | D71: =C71*B76 -> 0 | E71: =D71/1 -> 0 | F71: =ROUNDUP((B71*F72)/B72,0) -> 0 | G71: =IFERROR(0.3+(27/F71),0) -> 0 | H71: %/hr | I71: =0.0834*G71*F71 -> 0
A72: Total | B72: =B70+B71 -> 125 | F72: =B72*1*B77 -> 50
A74: Design supply temperature (F) | B74: 135 | C74: Ref: T24 2022 - Appendix 5.4B
A75: Cold Water supply temperature (F) | B75: 55 | C75: Ref: ACM, 2025, 5.9.2: Rated capacity section
A76: WH system factor | B76: 0.6 | C76: Ref: ACM, 2025, 5.9.2: Rated capacity section
A77: Reheat multiplier | B77: 0.4 | C77: Ref: ACM, 2025, 5.9.2: Storage Volume
A78: * The 0.40 multiplier is a storage sizing factor used to account for the fact that the water heater doesn't need to store the full peak hour demand—it can reheat water during that time. This factor assumes that the heater will recover part of the hot water used during the peak hour, so only 40% of the peak hour demand needs to be stored at any given moment.
A81: Ambient temp | B81: 68
A82: Delta T | B82: =B74-B81 -> 67
A91: Background Data [To be deleted prior to publication]

Sheet Interior Lights
A1: ="Interior Lighting - " & Prototype!A2 -> Interior Lighting - OfficeMedium
A2: Space Type | B2: New Construction | E2: Existing | H2: Note
B3: LPD (W/ft²) | C3: Additional LPD for Portable Lighting (W/ft²) | D3: Source | E3: LPD (W/ft²) | F3: Additional LPD for Portable Lighting (W/ft²) | G3: Source
A4: Office Area (>250 square feet) | B4: 0.6 | D4: T24, part 6, 2025, Table 140.6 C | E4: 0.75 | G4: T24, part 6, 2013, Table 140.6 C
A5: Convention, Conference, Multipurpose and Meeting Area | B5: 0.75 | E5: 1.4
A6: Lobby, Main Entry | B6: 0.7 | E6: 1.1
A7: Storage (General) | B7: 0.4 | E7: 0.6
A8: Electrical, Mechanical, Telephone Rooms | B8: 0.4 | E8: 0.7
A9: IT Room (EPD 12) | B9: 1.1 | E9: 1.2
A10: Restrooms | B10: 0.6 | E10: 0.6
A11: Lounge, Breakroom, or Waiting Area | B11: 0.55 | E11: 1.1 | H11: 2013 LPD is for "Lounge" area
A12: Stairwell | B12: 0.6 | E12: 0.6
A13: Corridor Area | B13: 0.4 | E13: 0.6
A14: Plenum | B14: -
B17: Whole Building method
B18: 2025 | C18: 2013
A19: LPD for Office Building ((W/ft²) | B19: 0.6 | C19: 0.8
A20: Ref: T24, Table 140.6 B
A25: Background Data [To be deleted prior to publication]
A27: Ref: Title 24, Part 6- Table 140.6-C (office area >250nSF)
A28: Title 24, part 6 Code cycle | B28: Lighting density for office Buildings: (complete building Method) | C28: Lighting density for office area >250 sf Floor area Method | D28: Table | E28: Note | G28: T24, part 6 2022 | H28: file://carcgl.com/amer/NOR/Groups/CodesStds/Standards/California/2022%20Building%20Energy%20Efficiency%20Standards%20for%20Residential%20and%20Nonresidential%20Buildings.pdf
A29: 2025 | B29: 0.6 | C29: 0.6, 0.2 (additional) | D29: Table 140.6 C | G29: T24, part 6 2019 | H29: file://carcgl.com/amer/NOR/Groups/CodesStds/Standards/California/2016-CEC-400-2015-037-CMF.pdf
A30: 2022 | B30: 0.6 | C30: 0.6, 0.2 (additional) | G30: T24, part 6 2016 | H30: file://carcgl.com/amer/NOR/Groups/CodesStds/Standards/California/2016-CEC-400-2015-037-CMF.pdf
A31: 2019 | B31: 0.65
A32: 2016 | B32: 0.8
A33: 2013 | B33: 0.8 | C33: 0.75
A34: 2010 | B34: 0.85
A35: 2008 | B35: 0.085 | C35: 0.9 | D35: Table 146-E
A36: 2005 | C36: 1.2
A37: TBD: Review the CASE report on 2016 for lighting
A41: Review of existing Medium Office prototype
A42: Prototype/Source | B42: Downloaded on | C42: Zone | D42: Light Intensity | E42: Unit | F42: Total intensity multipliers | G42: Total lighting intensity | H42: Core/Perims area ratio | K42: Working days | L42: =52*5-L45 -> 249
A43: PNNL | B43: 45323 | C43: All | D43: 0.53920766 | E43: W/ft2 | F43: =F91*L42+G91*L43+H91*(L44+L45) -> 1988.2232 | G43: =D43*F43 -> 1072.0652 | H43: =149.66/(511.16-149.66) -> 0.41399723 | K43: Saturday | L43: 52
A44: CEC (CBECC 2023) | B44: 45444 | C44: All | D44: 0.6 | E44: W/ft2 | F44: =B91*L42+C91*L43+D91*(L44+L45) -> 2238.1 | G44: =D44*F44 -> 1342.86 | H44: =149.66/(511.16-149.66) -> 0.41399723 | K44: Sunday | L44: 52
K45: Holiday | L45: 11
A49: Interior lighting Schedules (existing prototypes extracted from the idf files (presented below)
B65: CEC | F65: PNNL
A66: Hour | B66: CEC-Weekday | C66: CEC-Saturday | D66: CEC-Sunday | F66: PNNL-Weekday | G66: PNNL-Saturday | H66: PNNL-Otherday
A67: 1 | B67: 0.05 | C67: 0.05 | D67: 0.05 | F67: 0.03597147 | G67: 0.03597147 | H67: 0.03597147
A68: =1+A67 -> 2 | B68: 0.05 | C68: 0.05 | D68: 0.05 | F68: 0.03597147 | G68: 0.03597147 | H68: 0.03597147
A69: =1+A68 -> 3 | B69: 0.05 | C69: 0.05 | D69: 0.05 | F69: 0.03597147 | G69: 0.03597147 | H69: 0.03597147
A70: =1+A69 -> 4 | B70: 0.05 | C70: 0.05 | D70: 0.05 | F70: 0.03597147 | G70: 0.03597147 | H70: 0.03597147
A71: =1+A70 -> 5 | B71: 0.05 | C71: 0.05 | D71: 0.05 | F71: 0.03597147 | G71: 0.03597147 | H71: 0.03597147
A72: =1+A71 -> 6 | B72: 0.1 | C72: 0.05 | D72: 0.05 | F72: 0.071952789 | G72: 0.03597147 | H72: 0.03597147
A73: =1+A72 -> 7 | B73: 0.1 | C73: 0.1 | D73: 0.05 | F73: 0.071952789 | G73: 0.071952789 | H73: 0.03597147
A74: =1+A73 -> 8 | B74: 0.3 | C74: 0.1 | D74: 0.05 | F74: 0.21585837 | G74: 0.071952789 | H74: 0.03597147
A75: =1+A74 -> 9 | B75: 0.65 | C75: 0.3 | D75: 0.05 | F75: 0.6475751 | G75: 0.21585837 | H75: 0.03597147
A76: =1+A75 -> 10 | B76: 0.65 | C76: 0.3 | D76: 0.05 | F76: 0.6475751 | G76: 0.21585837 | H76: 0.03597147
A77: =1+A76 -> 11 | B77: 0.65 | C77: 0.3 | D77: 0.05 | F77: 0.6475751 | G77: 0.21585837 | H77: 0.03597147
A78: =1+A77 -> 12 | B78: 0.65 | C78: 0.3 | D78: 0.05 | F78: 0.6475751 | G78: 0.21585837 | H78: 0.03597147
A79: =1+A78 -> 13 | B79: 0.65 | C79: 0.15 | D79: 0.05 | F79: 0.6475751 | G79: 0.10792426 | H79: 0.03597147
... A90: =1+A89 -> 24 | B90: 0.05 | C90: 0.05 | D90: 0.05 | F90: 0.03597147 | G90: 0.03597147 | H90: 0.03597147
A91: Sum of intensity multiplier | B91: =SUM(B67:B90) -> 8.1 | C91: =SUM(C67:C90) -> 2.8 | D91: =SUM(D67:D90) -> 1.2 | F91: =SUM(F67:F90) -> 7.5550133 | G91: =SUM(G67:G90) -> 2.0145894 | H91: 0.03597147
B92: Same as Small Office | C92: Same as Small Office | D92: Same as Small Office

Sheet Ext Lighting
A1: ="Exterior Lighting - "&Prototype!A2 -> Exterior Lighting - OfficeMedium
A2: Motion Controlled Luminaires (W) | B2: Non-motion Controlled Luminaires (W) | C2: Total (W) | D2: Source
A3: =G12 -> 1860.2954 | B3: =G13 -> 856.2397 | C3: =B3+A3 -> 2716.5351 | D3: Title 24, 2022
A5: Exterior Lighting
A6: Items (Assume LZ2) | B6: Assumptions [2019 Outdoor Lighting CASE Report & PNNL 90.1-2010 TSD] | D6: Unit | E6: Lighting Power Allowance [T24, 2025, Table 140.7-A & 140.7-B] | F6: Unit | G6: Exterior Lighting Power (W)
A7: IWA (Initial Wage Allowance) | E7: 200 | F7: (W) | G7: =$E7 -> 200
A8: Parking area | B8: 400 ft² for every parking space 1 parking space per 250 ft² of gross building area | C8: =B19/250*400 -> 85805.02 | D8: (ft²) | E8: 0.019 | F8: (W/ft²) | G8: =$E8*C8 -> 1630.2954
A9: Building Entrance | B9: 2 building entrance (1 per 10,000 ft² footprint) | C9: 2 | D9: (count) | E9: 15 | F9: (W/ea) | G9: =E9*2 -> 30
A10: Hardscape Ornamental Light | B10: 0.1 ft² per 1 ft² of gross building area for hardscape ornamental light | C10: =B19*0.1 -> 5362.8137 | D10: (ft²) | E10: 0.007 | F10: (W/ft²) | G10: =E10*C10 -> 37.539696
A11: Building façade | B11: 0.1 W per ft² of facade area Façade Area* = Perimeter × 0.5 × 30 ft (30 ft is the max height that is lit) The 0.5 factor assumes that only half of the perimeter walls are lit. -Formula ia developed based on the 2019 Outdoor Lighting CASE report | C11: =B18*0.5*30 -> 8187 | D11: (ft²) | E11: 0.1 | F11: (W/ft²) | G11: =E11*C11 -> 818.7
A12: Motion controlled Luminaires | G12: =G8+G7+G9 -> 1860.2954
A13: Non-motion-controlled Luminaires | G13: =G10+G11 -> 856.2397
A14: Total | G14: =G12+G13 -> 2716.5351
A16: *Developed based on 2019 Outdoor Lighting CASE Report
A18: Perimeter (ft) | B18: =(163.7+109.2)*2 -> 545.8
A19: Total floor area (ft²) | B19: =Zones!G57 -> 53628.137
A20: Floors (above ground) | B20: 3
A26: Background Data [To be deleted prior to publication]
A31: Exterior Lighting
A32: Ref: Title 24, Part 6- Table 140.6-C (office area >250 SF)
A33: Title 24, part 6 Code cycle | B33: Lighting for parking area | C33: Daylight Adaptation Zones**
A34: 2022 | B34: 0.1 | C34: 1
A35: 2019 | B35: 0.1 | C35: 0.5
A36: 2016 | B36: 0.14 | C36: 0.6
A37: **Daylight Adaptation Zones shall be no farther than 66 feet from the entrance to the parking garage
A40: Exterior Lighting - OfficeLarge (CEUS 2022 data)
A41: Building Type | B41: Planning Area & Forecast Zone | C41: End Use Saturation or Penetration
A42: OfficeLarge | B42: Statewide | C42: 0.96516939
B43: FCZ1 | C43: 0.97338373
B44: FCZ2 | C44: 1
B45: FCZ3 | C45: 0.85484318
B46: FCZ4 | C46: 0.85484318
B47: FCZ5 | C47: 1
B48: FCZ6 | C48: 1
B49: FCZ7 | C49: 0.97219774
B50: FCZ8 | C50: 1
B51: FCZ9 | C51: 1
B52: FCZ10 | C52: 0.89872443
B53: FCZ11 | C53: 1
B54: FCZ12c | C54: 0.915507
... B58: FCZ17 | C58: 1
B61: DEER OFS Prototype -7/2024 | C61: PNNL OfficeMedium 02-2024
A62: Exterior Lights W | B62: None | C62: 542.49 | D62: 3002.07 | E62: 280.18
A63: Schedule | C63: 0-5 am: 0 | D63: 0-5am: 0.5 | E63: 0-5am: 0.5
C64: 6 am-12am:1 | D64: 6am-6pm: 1 | E64: 6am-24: 1
D65: 7pm:12am: 0.5
A66: T24, part6, 2025, 130.2(c)3

Sheet Equipment
A1: ="Equipment - "&Prototype!A2 -> Equipment - OfficeMedium
A2: Space Type | B2: Plug load Power Density (W/ft²) | C2: Gas Power Density (Btu/hr-ft²) | D2: Refrigeration Power Density (W/ft²) | E2: Source
A3: Office Area (>250 square feet) | B3: 0.7 | E3: Plug load and schedules project with CEC , 2025
A4: Convention, Conference, Multipurpose and Meeting Area | B4: 0.8 | E4: T24 2022 - Appendix 5.4A
A5: Lobby, Main Entry | B5: 0.5
A6: Storage (General) | B6: 0.2
A7: Electrical, Mechanical, Telephone Rooms | B7: 3
A8: IT Room (EPD 12) | B8: 12 | E8: Feedback from TAG team
A9: Restrooms | B9: 0 | E9: T24 2022 - Appendix 5.4A
A10: Lounge, Breakroom, or Waiting Area | B10: 0.5
A11: Stairwell | B11: 0
A12: Corridor Area | B12: 0
A13: Plenum | B13: 0
A16: Elevator
A17: Vintages | B17: No of Elevator | C17: Design Load (W) | D17: Source
A18: New Construction and Existing | B18: 2 | C18: 13930 | D18: CEC Medium Office prototype in CBEC 2022
A20: PNNL Medium Office prototype has lower load for elevator ( 61% of the CEC). We've considered two elevators for Medium Office prototype and therefore prefer CEC's assumptions.
A31: Background Data [To be deleted prior to publication]
D34: Equipment (Plug Load )- Prototypes comparison
E35: CEC | F35: PNNL | G35: Note
D36: Core Zones | E36: 1.5 W/ft2 | F36: 7937.16 W
D37: Perimeter 3,1 | F37: 1673.21 W
D38: Perimeter 2,4 | F38: 1059.22 W
D39: Elevator | E39: 10000 W | F39: 8517.82 W
D40: Elevatoir_lights_Fan | F40: 105.31 W | H40: =(8517.8+105.3)/(10000+3930) -> 0.61903087
D41: Escalator | E41: 3930 W
C42: Yearly Load multiplier
C45: Office Area | L45: Elevator | U45: Escalator (only CEC) | Y45: Lights_Fan (ONLY PNNL)
C60: CEC 2022 | G60: PNNL 2022 | L60: =C60 -> CEC 2022 | P60: PNNL 2022 | U60: =L60 -> CEC 2022 | Y60: PNNL 2022
A61: Hour | C61: CEC-Weekday | D61: CEC-Saturday | E61: CEC-Sunday | G61: PNNL-Weekday | H61: PNNL-Saturday | I61: PNNL-Sunday | L61: CEC-Weekday | M61: CEC-Saturday | N61: CEC-Sunday | P61: PNNL-Weekday | Q61: PNNL-Saturday | R61: PNNL-Sunday | U61: CEC-Weekday | V61: CEC-Saturday | W61: CEC-Sunday | Y61: PNNL-Weekday | Z61: PNNL-Saturday | AA61: PNNL-Sunday
A62: 1 | C62: 0.05 | D62: 0.05 | E62: 0.05 | G62: 0.30767384 | H62: 0.23075538 | I62: 0.23075538 | L62: 0 | M62: 0 | N62: 0 | P62: 0.12 | Q62: 0.12 | R62: 0 | U62: 0 | V62: 0 | W62: 0 | Y62: 0 | Z62: 0 | AA62: 0
A63: =A62+1 -> 2 | C63: 0.05 | D63: 0.05 | E63: 0.05 | G63: 0.30767384 | H63: 0.23075538 | I63: 0.23075538 | L63: 0 | M63: 0 | N63: 0 | P63: 0.12 | Q63: 0.12 | R63: 0 | U63: 0 | V63: 0 | W63: 0 | Y63: 0 | Z63: 0 | AA63: 0
A64: =A63+1 -> 3 | C64: 0.05 | D64: 0.05 | E64: 0.05 | G64: 0.30767384 | H64: 0.23075538 | I64: 0.23075538 | L64: 0 | M64: 0 | N64: 0 | P64: 0.12 | Q64: 0.12 | R64: 0 | U64: 0 | V64: 0 | W64: 0 | Y64: 0 | Z64: 0 | AA64: 0
A65: =A64+1 -> 4 | C65: 0.05 | D65: 0.05 | E65: 0.05 | G65: 0.30767384 | H65: 0.23075538 | I65: 0.23075538 | L65: 0 | M65: 0 | N65: 0 | P65: 0.12 | Q65: 0.12 | R65: 0 | U65: 0 | V65: 0 | W65: 0 | Y65: 0 | Z65: 0 | AA65: 0
A66: =A65+1 -> 5 | C66: 0.05 | D66: 0.05 | E66: 0.05 | G66: 0.30767384 | H66: 0.23075538 | I66: 0.23075538 | L66: 0 | M66: 0 | N66: 0 | P66: 0.12 | Q66: 0.12 | R66: 0 | U66: 0 | V66: 0 | W66: 0 | Y66: 0 | Z66: 0 | AA66: 0
A67: =A66+1 -> 6 | C67: 0.1 | D67: 0.05 | E67: 0.05 | G67: 0.30767384 | H67: 0.23075538 | I67: 0.23075538 | L67: 0 | M67: 0 | N67: 0 | P67: 0.12 | Q67: 0.12 | R67: 0 | U67: 1 | V67: 1 | W67: 0 | Y67: 0 | Z67: 0 | AA67: 0
A68: =A67+1 -> 7 | C68: 0.1 | D68: 0.1 | E68: 0.05 | G68: 0.3812348 | H68: 0.3812348 | I68: 0.2859261 | L68: 0 | M68: 0 | N68: 0 | P68: 0.12 | Q68: 0.12 | R68: 0 | U68: 1 | V68: 1 | W68: 0 | Y68: 0 | Z68: 0 | AA68: 0
A69: =A68+1 -> 8 | C69: 0.3 | D69: 0.1 | E69: 0.05 | G69: 0.3812348 | H69: 0.3812348 | I69: 0.2859261 | L69: 0.35 | M69: 0.16 | N69: 0 | P69: 0.35 | Q69: 0.16 | R69: 0 | U69: 1 | V69: 1 | W69: 0 | Y69: 0.35 | Z69: 0.16 | AA69: 0
A70: =A69+1 -> 9 | C70: 0.9 | D70: 0.3 | E70: 0.05 | G70: 0.85777829 | H70: 0.47654349 | I70: 0.2859261 | L70: 0.69 | M70: 0.14 | N70: 0 | P70: 0.69 | Q70: 0.14 | R70: 0 | U70: 1 | V70: 1 | W70: 0 | Y70: 0.69 | Z70: 0.14 | AA70: 0
A71: =A70+1 -> 10 | C71: 0.9 | D71: 0.3 | E71: 0.05 | G71: 0.85777829 | H71: 0.47654349 | I71: 0.2859261 | L71: 0.43 | M71: 0.21 | N71: 0 | P71: 0.43 | Q71: 0.21 | R71: 0 | U71: 1 | V71: 1 | W71: 0 | Y71: 0.43 | Z71: 0.21 | AA71: 0
A72: =A71+1 -> 11 | C72: 0.9 | D72: 0.3 | E72: 0.05 | G72: 0.85777829 | H72: 0.47654349 | I72: 0.2859261 | L72: 0.37 | M72: 0.18 | N72: 0 | P72: 0.37 | Q72: 0.18 | R72: 0 | U72: 1 | V72: 1 | W72: 0 | Y72: 0.37 | Z72: 0.18 | AA72: 0
A73: =A72+1 -> 12 | C73: 0.9 | D73: 0.3 | E73: 0.05 | G73: 0.85777829 | H73: 0.47654349 | I73: 0.2859261 | L73: 0.43 | M73: 0.25 | N73: 0 | P73: 0.43 | Q73: 0.25 | R73: 0 | U73: 1 | V73: 1 | W73: 0 | Y73: 0.43 | Z73: 0.25 | AA73: 0
A74: =A73+1 -> 13 | C74: 0.9 | D74: 0.15 | E74: 0.05 | G74: 0.76246959 | H74: 0.33358045 | I74: 0.2859261 | L74: 0.58 | M74: 0.21 | N74: 0 | P74: 0.58 | Q74: 0.21 | R74: 0 | U74: 1 | V74: 1 | W74: 0 | Y74: 0.58 | Z74: 0.21 | AA74: 0
... A85: =A84+1 -> 24 | C85: 0.05 | D85: 0.05 | E85: 0.05 | G85: 0.3812348 | H85: 0.23075538 | I85: 0.23075538 | L85: 0 | M85: 0 | N85: 0 | P85: 0.12 | Q85: 0.12 | R85: 0 | U85: 1 | V85: 0 | W85: 0 | Y85: 0 | Z85: 0 | AA85: 0
C86: =SUM(C62:C85) -> 10.5 | D86: =SUM(D62:D85) -> 2.8 | E86: =SUM(E62:E85) -> 1.2 | G86: =SUM(G62:G85) -> 12.997161 | H86: =SUM(H62:H85) -> 7.4467072 | I86: =SUM(I62:I85) -> 6.2001777

Sheet Schedules
A1: ="Schedules - "&Prototype!A2 -> Schedules - OfficeMedium
A2: Zone | B2: Schedule Category | C2: Schedule | D2: Source | E2: Type | F2: Hour
F3: 1 | G3: 2 | H3: 3 | I3: 4 | J3: 5 | K3: 6 | L3: 7 | M3: 8 | N3: 9 | O3: 10 | P3: 11 | Q3: 12 | R3: 13 | S3: 14 | T3: 15 | U3: 16 | V3: 17 | W3: 18 | X3: 19 | Y3: 20 | Z3: 21 | AA3: 22 | AB3: 23 | AC3: 24
A4: All zones | B4: Office | C4: Occupancy | D4: T24 2022 - Appendix 5.4B, [Office] Updated base on Plug load and schedules project with CEC, 2025 | E4: Weekday | F4: 0 | G4: 0 | H4: 0 | I4: 0 | J4: 0 | K4: 0 | L4: 0.1 | M4: 0.2 | N4: 0.95 | O4: 0.95 | P4: 0.95 | Q4: 0.95 | R4: 0.5 | S4: 0.95 | T4: 0.95 | U4: 0.95 | V4: 0.95 | W4: 0.3 | X4: 0.1 | Y4: 0.1 | Z4: 0.1 | AA4: 0.1 | AB4: 0.05 | AC4: 0.05
E5: Saturday | F5: 0 | G5: 0 | H5: 0 | I5: 0 | J5: 0 | K5: 0 | L5: 0.05 | M5: 0.05 | N5: 0.05 | O5: 0.05 | P5: 0.05 | Q5: 0.05 | R5: 0.05 | S5: 0.05 | T5: 0.05 | U5: 0.05 | V5: 0.05 | W5: 0.05 | X5: 0 | Y5: 0 | Z5: 0 | AA5: 0 | AB5: 0 | AC5: 0
E6: Sunday | F6: 0 | G6: 0 | H6: 0 | I6: 0 | J6: 0 | K6: 0 | L6: 0.05 | M6: 0.05 | N6: 0.05 | O6: 0.05 | P6: 0.05 | Q6: 0.05 | R6: 0.05 | S6: 0.05 | T6: 0.05 | U6: 0.05 | V6: 0.05 | W6: 0.05 | X6: 0 | Y6: 0 | Z6: 0 | AA6: 0 | AB6: 0 | AC6: 0
A7: =A4 -> All zones | B7: Office | C7: Lights | D7: T24 2022 - Appendix 5.4B, [Office] | E7: Weekday | F7: 0.05 | G7: 0.05 | H7: 0.05 | I7: 0.05 | J7: 0.05 | K7: 0.1 | L7: 0.1 | M7: 0.3 | N7: 0.65 | O7: 0.65 | P7: 0.65 | Q7: 0.65 | R7: 0.65 | S7: 0.65 | T7: 0.65 | U7: 0.65 | V7: 0.65 | W7: 0.35 | X7: 0.3 | Y7: 0.3 | Z7: 0.2 | AA7: 0.2 | AB7: 0.1 | AC7: 0.05
E8: Saturday | F8: 0.05 | G8: 0.05 | H8: 0.05 | I8: 0.05 | J8: 0.05 | K8: 0.05 | L8: 0.05 | M8: 0.05 | N8: 0.05 | O8: 0.05 | P8: 0.05 | Q8: 0.05 | R8: 0.05 | S8: 0.05 | T8: 0.05 | U8: 0.05 | V8: 0.05 | W8: 0.05 | X8: 0.05 | Y8: 0.05 | Z8: 0.05 | AA8: 0.05 | AB8: 0.05 | AC8: 0.05
E9: Sunday | F9: 0.05 | G9: 0.05 | H9: 0.05 | I9: 0.05 | J9: 0.05 | K9: 0.05 | L9: 0.05 | M9: 0.05 | N9: 0.05 | O9: 0.05 | P9: 0.05 | Q9: 0.05 | R9: 0.05 | S9: 0.05 | T9: 0.05 | U9: 0.05 | V9: 0.05 | W9: 0.05 | X9: 0.05 | Y9: 0.05 | Z9: 0.05 | AA9: 0.05 | AB9: 0.05 | AC9: 0.05
A10: =A7 -> All zones | B10: Office | C10: ElecEquipment | D10: Plug load and schedules project with CEC, 2025 | E10: Weekday | F10: 0.45 | G10: 0.45 | H10: 0.45 | I10: 0.45 | J10: 0.45 | K10: 0.45 | L10: 0.45 | M10: 0.74 | N10: 0.87 | O10: 0.9 | P10: 0.9 | Q10: 0.9 | R10: 0.9 | S10: 0.9 | T10: 0.9 | U10: 0.9 | V10: 0.9 | W10: 0.7 | X10: 0.5 | Y10: 0.5 | Z10: 0.5 | AA10: 0.45 | AB10: 0.45 | AC10: 0.45
E11: Saturday | F11: 0.43 | G11: 0.43 | H11: 0.43 | I11: 0.43 | J11: 0.43 | K11: 0.43 | L11: 0.43 | M11: 0.43 | N11: 0.43 | O11: 0.43 | P11: 0.43 | Q11: 0.43 | R11: 0.43 | S11: 0.43 | T11: 0.43 | U11: 0.43 | V11: 0.43 | W11: 0.43 | X11: 0.43 | Y11: 0.43 | Z11: 0.43 | AA11: 0.43 | AB11: 0.43 | AC11: 0.43
E12: Sunday | F12: 0.43 | G12: 0.43 | H12: 0.43 | I12: 0.43 | J12: 0.43 | K12: 0.43 | L12: 0.43 | M12: 0.43 | N12: 0.43 | O12: 0.43 | P12: 0.43 | Q12: 0.43 | R12: 0.43 | S12: 0.43 | T12: 0.43 | U12: 0.43 | V12: 0.43 | W12: 0.43 | X12: 0.43 | Y12: 0.43 | Z12: 0.43 | AA12: 0.43 | AB12: 0.43 | AC12: 0.43
A13: =A4 -> All zones | B13: Office | C13: HVACAvail | D13: T24 2022 - Appendix 5.4B, [Office] Updated base on Plug load and schedules project with CEC, 202 | E13: Weekday | F13: 0 | G13: 0 | H13: 0 | I13: 0 | J13: 0 | K13: 1 | L13: 1 | M13: 1 | N13: 1 | O13: 1 | P13: 1 | Q13: 1 | R13: 1 | S13: 1 | T13: 1 | U13: 1 | V13: 1 | W13: 1 | X13: 1 | Y13: 1 | Z13: 1 | AA13: 1 | AB13: 1 | AC13: 1
E14: Saturday | F14: 0 | G14: 0 | H14: 0 | I14: 0 | J14: 0 | K14: 0 | L14: 0 | M14: 0 | N14: 0 | O14: 0 | P14: 0 | Q14: 0 | R14: 0 | S14: 0 | T14: 0 | U14: 0 | V14: 0 | W14: 0 | X14: 0 | Y14: 0 | Z14: 0 | AA14: 0 | AB14: 0 | AC14: 0
E15: Sunday | F15: 0 | G15: 0 | H15: 0 | I15: 0 | J15: 0 | K15: 0 | L15: 0 | M15: 0 | N15: 0 | O15: 0 | P15: 0 | Q15: 0 | R15: 0 | S15: 0 | T15: 0 | U15: 0 | V15: 0 | W15: 0 | X15: 0 | Y15: 0 | Z15: 0 | AA15: 0 | AB15: 0 | AC15: 0
A16: =A4 -> All zones | B16: Office | C16: ServiceHotWater | D16: T24 2022 - Appendix 5.4B, [Office] | E16: Weekday | F16: 0.05 | G16: 0.05 | H16: 0.05 | I16: 0.05 | J16: 0.05 | K16: 0.08 | L16: 0.07 | M16: 0.19 | N16: 0.35 | O16: 0.38 | P16: 0.39 | Q16: 0.47 | R16: 0.57 | S16: 0.54 | T16: 0.34 | U16: 0.33 | V16: 0.44 | W16: 0.26 | X16: 0.21 | Y16: 0.15 | Z16: 0.17 | AA16: 0.08 | AB16: 0.05 | AC16: 0.05
E17: Saturday | F17: 0.05 | G17: 0.05 | H17: 0.05 | I17: 0.05 | J17: 0.05 | K17: 0.08 | L17: 0.07 | M17: 0.11 | N17: 0.15 | O17: 0.21 | P17: 0.19 | Q17: 0.23 | R17: 0.2 | S17: 0.19 | T17: 0.15 | U17: 0.12 | V17: 0.14 | W17: 0.07 | X17: 0.07 | Y17: 0.07 | Z17: 0.07 | AA17: 0.09 | AB17: 0.05 | AC17: 0.05
E18: Sunday | F18: 0.04 | G18: 0.04 | H18: 0.04 | I18: 0.04 | J18: 0.04 | K18: 0.07 | L18: 0.04 | M18: 0.04 | N18: 0.04 | O18: 0.04 | P18: 0.04 | Q18: 0.06 | R18: 0.06 | S18: 0.09 | T18: 0.06 | U18: 0.04 | V18: 0.04 | W18: 0.04 | X18: 0.04 | Y18: 0.04 | Z18: 0.04 | AA18: 0.07 | AB18: 0.04 | AC18: 0.04
A19: =A4 -> All zones | B19: Office | C19: Infiltration | D19: T24 2022 - Appendix 5.4B, [Office] Updated base on Plug load and schedules project with CEC, 202 | E19: Weekday | F19: 1 | G19: 1 | H19: 1 | I19: 1 | J19: 1 | K19: 0.25 | L19: 0.25 | M19: 0.25 | N19: 0.25 | O19: 0.25 | P19: 0.25 | Q19: 0.25 | R19: 0.25 | S19: 0.25 | T19: 0.25 | U19: 0.25 | V19: 0.25 | W19: 0.25 | X19: 0.25 | Y19: 0.25 | Z19: 0.25 | AA19: 0.25 | AB19: 0.25 | AC19: 0.25
E20: Saturday | F20: 1 | G20: 1 | H20: 1 | I20: 1 | J20: 1 | K20: 1 | L20: 1 | M20: 1 | N20: 1 | O20: 1 | P20: 1 | Q20: 1 | R20: 1 | S20: 1 | T20: 1 | U20: 1 | V20: 1 | W20: 1 | X20: 1 | Y20: 1 | Z20: 1 | AA20: 1 | AB20: 1 | AC20: 1
E21: Sunday | F21: 1 | G21: 1 | H21: 1 | I21: 1 | J21: 1 | K21: 1 | L21: 1 | M21: 1 | N21: 1 | O21: 1 | P21: 1 | Q21: 1 | R21: 1 | S21: 1 | T21: 1 | U21: 1 | V21: 1 | W21: 1 | X21: 1 | Y21: 1 | Z21: 1 | AA21: 1 | AB21: 1 | AC21: 1
A22: =A7 -> All zones | B22: Office | C22: HtgSetpt | E22: Weekday | F22: =IF((F13=1),Thermostat!$B$3,Thermostat!$B$4) -> 60 | G22: =IF((G13=1),Thermostat!$B$3,Thermostat!$B$4) -> 60 | H22: =IF((H13=1),Thermostat!$B$3,Thermostat!$B$4) -> 60 | I22: =IF((I13=1),Thermostat!$B$3,Thermostat!$B$4) -> 60 | J22: =IF((J13=1),Thermostat!$B$3,Thermostat!$B$4) -> 60 | K22: =IF((K13=1),Thermostat!$B$3,Thermostat!$B$4) -> 70 | L22: =IF((L13=1),Thermostat!$B$3,Thermostat!$B$4) -> 70 | M22: =IF((M13=1),Thermostat!$B$3,Thermostat!$B$4) -> 70 | ... AC22: =IF((AC13=1),Thermostat!$B$3,Thermostat!$B$4) -> 70
E23: Saturday | F23: =IF((F14=1),Thermostat!$B$3,Thermostat!$B$4) -> 60 | G23: =IF((G14=1),Thermostat!$B$3,Thermostat!$B$4) -> 60 | H23: =IF((H14=1),Thermostat!$B$3,Thermostat!$B$4) -> 60 | I23: =IF((I14=1),Thermostat!$B$3,Thermostat!$B$4) -> 60 | J23: =IF((J14=1),Thermostat!$B$3,Thermostat!$B$4) -> 60 | K23: =IF((K14=1),Thermostat!$B$3,Thermostat!$B$4) -> 60 | L23: =IF((L14=1),Thermostat!$B$3,Thermostat!$B$4) -> 60 | M23: =IF((M14=1),Thermostat!$B$3,Thermostat!$B$4) -> 60 | ... AC23: =IF((AC14=1),Thermostat!$B$3,Thermostat!$B$4) -> 60
E24: Sunday | F24: =IF((F15=1),Thermostat!$B$3,Thermostat!$B$4) -> 60 | G24: =IF((G15=1),Thermostat!$B$3,Thermostat!$B$4) -> 60 | H24: =IF((H15=1),Thermostat!$B$3,Thermostat!$B$4) -> 60 | I24: =IF((I15=1),Thermostat!$B$3,Thermostat!$B$4) -> 60 | J24: =IF((J15=1),Thermostat!$B$3,Thermostat!$B$4) -> 60 | K24: =IF((K15=1),Thermostat!$B$3,Thermostat!$B$4) -> 60 | L24: =IF((L15=1),Thermostat!$B$3,Thermostat!$B$4) -> 60 | M24: =IF((M15=1),Thermostat!$B$3,Thermostat!$B$4) -> 60 | ... AC24: =IF((AC15=1),Thermostat!$B$3,Thermostat!$B$4) -> 60
A25: =A10 -> All zones | B25: Office | C25: ClgSetpt | E25: Weekday | F25: =IF((F13=1),Thermostat!$B$5,Thermostat!$B$6) -> 85 | G25: =IF((G13=1),Thermostat!$B$5,Thermostat!$B$6) -> 85 | H25: =IF((H13=1),Thermostat!$B$5,Thermostat!$B$6) -> 85 | I25: =IF((I13=1),Thermostat!$B$5,Thermostat!$B$6) -> 85 | J25: =IF((J13=1),Thermostat!$B$5,Thermostat!$B$6) -> 85 | K25: =IF((K13=1),Thermostat!$B$5,Thermostat!$B$6) -> 75 | L25: =IF((L13=1),Thermostat!$B$5,Thermostat!$B$6) -> 75 | M25: =IF((M13=1),Thermostat!$B$5,Thermostat!$B$6) -> 75 | ... AC25: =IF((AC13=1),Thermostat!$B$5,Thermostat!$B$6) -> 75
E26: Saturday | F26: =IF((F14=1),Thermostat!$B$5,Thermostat!$B$6) -> 85 | G26: =IF((G14=1),Thermostat!$B$5,Thermostat!$B$6) -> 85 | H26: =IF((H14=1),Thermostat!$B$5,Thermostat!$B$6) -> 85 | I26: =IF((I14=1),Thermostat!$B$5,Thermostat!$B$6) -> 85 | J26: =IF((J14=1),Thermostat!$B$5,Thermostat!$B$6) -> 85 | K26: =IF((K14=1),Thermostat!$B$5,Thermostat!$B$6) -> 85 | L26: =IF((L14=1),Thermostat!$B$5,Thermostat!$B$6) -> 85 | M26: =IF((M14=1),Thermostat!$B$5,Thermostat!$B$6) -> 85 | ... AC26: =IF((AC14=1),Thermostat!$B$5,Thermostat!$B$6) -> 85
E27: Sunday | F27: =IF((F15=1),Thermostat!$B$5,Thermostat!$B$6) -> 85 | G27: =IF((G15=1),Thermostat!$B$5,Thermostat!$B$6) -> 85 | H27: =IF((H15=1),Thermostat!$B$5,Thermostat!$B$6) -> 85 | I27: =IF((I15=1),Thermostat!$B$5,Thermostat!$B$6) -> 85 | J27: =IF((J15=1),Thermostat!$B$5,Thermostat!$B$6) -> 85 | K27: =IF((K15=1),Thermostat!$B$5,Thermostat!$B$6) -> 85 | L27: =IF((L15=1),Thermostat!$B$5,Thermostat!$B$6) -> 85 | M27: =IF((M15=1),Thermostat!$B$5,Thermostat!$B$6) -> 85 | ... AC27: =IF((AC15=1),Thermostat!$B$5,Thermostat!$B$6) -> 85
A28: Data
A29: IT room | B29: Data | C29: Occupancy | D29: T24 2022 - Appendix 5.4B, [Data] Updated base on office schedule | E29: Weekday | F29: 0 | G29: 0 | H29: 0 | I29: 0 | J29: 0.05 | K29: 0.1 | L29: 0.25 | M29: 0.65 | N29: 0.65 | O29: 0.65 | P29: 0.65 | Q29: 0.6 | R29: 0.6 | S29: 0.65 | T29: 0.65 | U29: 0.65 | V29: 0.65 | W29: 0.4 | X29: 0.25 | Y29: 0.1 | Z29: 0.05 | AA29: 0.05 | AB29: 0.05 | AC29: 0
E30: Saturday | F30: 0 | G30: 0 | H30: 0 | I30: 0 | J30: 0 | K30: 0 | L30: 0 | M30: 0.05 | N30: 0.05 | O30: 0.05 | P30: 0.05 | Q30: 0.05 | R30: 0.05 | S30: 0.05 | T30: 0.05 | U30: 0.05 | V30: 0.05 | W30: 0.05 | X30: 0.05 | Y30: 0.05 | Z30: 0 | AA30: 0 | AB30: 0 | AC30: 0
E31: Sunday | F31: 0 | G31: 0 | H31: 0 | I31: 0 | J31: 0 | K31: 0 | L31: 0 | M31: 0.05 | N31: 0.05 | O31: 0.05 | P31: 0.05 | Q31: 0.05 | R31: 0.05 | S31: 0.05 | T31: 0.05 | U31: 0.05 | V31: 0.05 | W31: 0.05 | X31: 0.05 | Y31: 0.05 | Z31: 0 | AA31: 0 | AB31: 0 | AC31: 0
A32: =A29 -> IT room | B32: =B29 -> Data | C32: Lights | D32: T24 2022 - Appendix 5.4B, [Data] Updated base on office schedule | E32: Weekday | F32: 0.05 | G32: 0.05 | H32: 0.05 | I32: 0.05 | J32: 0.1 | K32: 0.2 | L32: 0.4 | M32: 0.7 | N32: 0.8 | O32: 0.85 | P32: 0.85 | Q32: 0.85 | R32: 0.85 | S32: 0.85 | T32: 0.85 | U32: 0.85 | V32: 0.85 | W32: 0.8 | X32: 0.35 | Y32: 0.1 | Z32: 0.1 | AA32: 0.1 | AB32: 0.1 | AC32: 0.1
E33: Saturday | F33: 0.05 | G33: 0.05 | H33: 0.05 | I33: 0.05 | J33: 0.05 | K33: 0.1 | L33: 0.1 | M33: 0.15 | N33: 0.15 | O33: 0.15 | P33: 0.15 | Q33: 0.15 | R33: 0.15 | S33: 0.15 | T33: 0.15 | U33: 0.15 | V33: 0.15 | W33: 0.1 | X33: 0.1 | Y33: 0.1 | Z33: 0.05 | AA33: 0.05 | AB33: 0.05 | AC33: 0.05
E34: Sunday | F34: 0.05 | G34: 0.05 | H34: 0.05 | I34: 0.05 | J34: 0.05 | K34: 0.1 | L34: 0.1 | M34: 0.15 | N34: 0.15 | O34: 0.15 | P34: 0.15 | Q34: 0.15 | R34: 0.15 | S34: 0.15 | T34: 0.15 | U34: 0.15 | V34: 0.15 | W34: 0.1 | X34: 0.1 | Y34: 0.1 | Z34: 0.05 | AA34: 0.05 | AB34: 0.05 | AC34: 0.05
A35: =A29 -> IT room | B35: =B29 -> Data | C35: HVACAvail | D35: T24 2022 - Appendix 5.4B, [Data] | E35: Weekday | F35: 1 | G35: 1 | H35: 1 | I35: 1 | J35: 1 | K35: 1 | L35: 1 | M35: 1 | N35: 1 | O35: 1 | P35: 1 | Q35: 1 | R35: 1 | S35: 1 | T35: 1 | U35: 1 | V35: 1 | W35: 1 | X35: 1 | Y35: 1 | Z35: 1 | AA35: 1 | AB35: 1 | AC35: 1
E36: Saturday | F36: 1 | G36: 1 | H36: 1 | I36: 1 | J36: 1 | K36: 1 | L36: 1 | M36: 1 | N36: 1 | O36: 1 | P36: 1 | Q36: 1 | R36: 1 | S36: 1 | T36: 1 | U36: 1 | V36: 1 | W36: 1 | X36: 1 | Y36: 1 | Z36: 1 | AA36: 1 | AB36: 1 | AC36: 1
E37: Sunday | F37: 1 | G37: 1 | H37: 1 | I37: 1 | J37: 1 | K37: 1 | L37: 1 | M37: 1 | N37: 1 | O37: 1 | P37: 1 | Q37: 1 | R37: 1 | S37: 1 | T37: 1 | U37: 1 | V37: 1 | W37: 1 | X37: 1 | Y37: 1 | Z37: 1 | AA37: 1 | AB37: 1 | AC37: 1
A38: =A29 -> IT room | B38: =B29 -> Data | C38: ServiceHotWater | D38: T24 2022 - Appendix 5.4B, [Data] | E38: Weekday | F38: 0 | G38: 0 | H38: 0 | I38: 0 | J38: 0.1 | K38: 0.1 | L38: 0.5 | M38: 0.5 | N38: 0.5 | O38: 0.5 | P38: 0.7 | Q38: 0.9 | R38: 0.9 | S38: 0.5 | T38: 0.5 | U38: 0.7 | V38: 0.5 | W38: 0.5 | X38: 0.5 | Y38: 0.1 | Z38: 0.1 | AA38: 0.1 | AB38: 0.1 | AC38: 0
E39: Saturday | F39: 0 | G39: 0 | H39: 0 | I39: 0 | J39: 0 | K39: 0 | L39: 0 | M39: 0 | N39: 0 | O39: 0 | P39: 0 | Q39: 0 | R39: 0 | S39: 0 | T39: 0 | U39: 0 | V39: 0 | W39: 0 | X39: 0 | Y39: 0 | Z39: 0 | AA39: 0 | AB39: 0 | AC39: 0
E40: Sunday | F40: 0 | G40: 0 | H40: 0 | I40: 0 | J40: 0 | K40: 0 | L40: 0 | M40: 0 | N40: 0 | O40: 0 | P40: 0 | Q40: 0 | R40: 0 | S40: 0 | T40: 0 | U40: 0 | V40: 0 | W40: 0 | X40: 0 | Y40: 0 | Z40: 0 | AA40: 0 | AB40: 0 | AC40: 0
A41: =A29 -> IT room | B41: =B29 -> Data | C41: Infiltration | D41: T24 2022 - Appendix 5.4B, [Data] | E41: Weekday | F41: 0.25 | G41: 0.25 | H41: 0.25 | I41: 0.25 | J41: 0.25 | K41: 0.25 | L41: 0.25 | M41: 0.25 | N41: 0.25 | O41: 0.25 | P41: 0.25 | Q41: 0.25 | R41: 0.25 | S41: 0.25 | T41: 0.25 | U41: 0.25 | V41: 0.25 | W41: 0.25 | X41: 0.25 | Y41: 0.25 | Z41: 0.25 | AA41: 0.25 | AB41: 0.25 | AC41: 0.25
E42: Saturday | F42: 0.25 | G42: 0.25 | H42: 0.25 | I42: 0.25 | J42: 0.25 | K42: 0.25 | L42: 0.25 | M42: 0.25 | N42: 0.25 | O42: 0.25 | P42: 0.25 | Q42: 0.25 | R42: 0.25 | S42: 0.25 | T42: 0.25 | U42: 0.25 | V42: 0.25 | W42: 0.25 | X42: 0.25 | Y42: 0.25 | Z42: 0.25 | AA42: 0.25 | AB42: 0.25 | AC42: 0.25
E43: Sunday | F43: 0.25 | G43: 0.25 | H43: 0.25 | I43: 0.25 | J43: 0.25 | K43: 0.25 | L43: 0.25 | M43: 0.25 | N43: 0.25 | O43: 0.25 | P43: 0.25 | Q43: 0.25 | R43: 0.25 | S43: 0.25 | T43: 0.25 | U43: 0.25 | V43: 0.25 | W43: 0.25 | X43: 0.25 | Y43: 0.25 | Z43: 0.25 | AA43: 0.25 | AB43: 0.25 | AC43: 0.25
A44: =A29 -> IT room | B44: =B29 -> Data | C44: ClgSetpt | D44: Based on Activity level and thermostat setpoint | E44: Weekday | F44: 80 | G44: 80 | H44: 80 | I44: 80 | J44: 80 | K44: 80 | L44: 80 | M44: 80 | N44: 80 | O44: 80 | P44: 80 | Q44: 80 | R44: 80 | S44: 80 | T44: 80 | U44: 80 | V44: 80 | W44: 80 | X44: 80 | Y44: 80 | Z44: 80 | AA44: 80 | AB44: 80 | AC44: 80
E45: Saturday | F45: 80 | G45: 80 | H45: 80 | I45: 80 | J45: 80 | K45: 80 | L45: 80 | M45: 80 | N45: 80 | O45: 80 | P45: 80 | Q45: 80 | R45: 80 | S45: 80 | T45: 80 | U45: 80 | V45: 80 | W45: 80 | X45: 80 | Y45: 80 | Z45: 80 | AA45: 80 | AB45: 80 | AC45: 80
E46: Sunday | F46: 80 | G46: 80 | H46: 80 | I46: 80 | J46: 80 | K46: 80 | L46: 80 | M46: 80 | N46: 80 | O46: 80 | P46: 80 | Q46: 80 | R46: 80 | S46: 80 | T46: 80 | U46: 80 | V46: 80 | W46: 80 | X46: 80 | Y46: 80 | Z46: 80 | AA46: 80 | AB46: 80 | AC46: 80
A47: Other
A48: Stairway | B48: Building | C48: Elevator | D48: T24 2022 - Appendix 5.4B, [Office] Updated base on Plug load and schedules project with CEC, 202 | E48: Weekday | F48: 0 | G48: 0 | H48: 0 | I48: 0 | J48: 0 | K48: 1 | L48: 1 | M48: 1 | N48: 1 | O48: 1 | P48: 1 | Q48: 1 | R48: 1 | S48: 1 | T48: 1 | U48: 1 | V48: 1 | W48: 1 | X48: 1 | Y48: 1 | Z48: 1 | AA48: 1 | AB48: 1 | AC48: 1
E49: Saturday | F49: 0 | G49: 0 | H49: 0 | I49: 0 | J49: 0 | K49: 0 | L49: 0 | M49: 0 | N49: 0 | O49: 0 | P49: 0 | Q49: 0 | R49: 0 | S49: 0 | T49: 0 | U49: 0 | V49: 0 | W49: 0 | X49: 0 | Y49: 0 | Z49: 0 | AA49: 0 | AB49: 0 | AC49: 0
E50: Sunday | F50: 0 | G50: 0 | H50: 0 | I50: 0 | J50: 0 | K50: 0 | L50: 0 | M50: 0 | N50: 0 | O50: 0 | P50: 0 | Q50: 0 | R50: 0 | S50: 0 | T50: 0 | U50: 0 | V50: 0 | W50: 0 | X50: 0 | Y50: 0 | Z50: 0 | AA50: 0 | AB50: 0 | AC50: 0
B51: Building | C51: ExtLightingNonMotionCtrl | E51: Weekday | F51: 1 | G51: 1 | H51: 1 | I51: 1 | J51: 1 | K51: 1 | L51: 1 | M51: 1 | N51: 1 | O51: 1 | P51: 1 | Q51: 1 | R51: 1 | S51: 1 | T51: 1 | U51: 1 | V51: 1 | W51: 1 | X51: 1 | Y51: 1 | Z51: 1 | AA51: 1 | AB51: 1 | AC51: 1
E52: Saturday | F52: 1 | G52: 1 | H52: 1 | I52: 1 | J52: 1 | K52: 1 | L52: 1 | M52: 1 | N52: 1 | O52: 1 | P52: 1 | Q52: 1 | R52: 1 | S52: 1 | T52: 1 | U52: 1 | V52: 1 | W52: 1 | X52: 1 | Y52: 1 | Z52: 1 | AA52: 1 | AB52: 1 | AC52: 1
E53: Sunday | F53: 1 | G53: 1 | H53: 1 | I53: 1 | J53: 1 | K53: 1 | L53: 1 | M53: 1 | N53: 1 | O53: 1 | P53: 1 | Q53: 1 | R53: 1 | S53: 1 | T53: 1 | U53: 1 | V53: 1 | W53: 1 | X53: 1 | Y53: 1 | Z53: 1 | AA53: 1 | AB53: 1 | AC53: 1
B54: Building | C54: ExtLightingMotionCtrl | E54: Weekday | F54: 0 | G54: 0 | H54: 0 | I54: 0 | J54: 0 | K54: 1 | L54: 1 | M54: 1 | N54: 1 | O54: 1 | P54: 1 | Q54: 1 | R54: 1 | S54: 1 | T54: 1 | U54: 1 | V54: 1 | W54: 1 | X54: 1 | Y54: 1 | Z54: 1 | AA54: 1 | AB54: 0 | AC54: 0
E55: Saturday | F55: 0 | G55: 0 | H55: 0 | I55: 0 | J55: 0 | K55: 1 | L55: 1 | M55: 1 | N55: 1 | O55: 1 | P55: 1 | Q55: 1 | R55: 1 | S55: 1 | T55: 1 | U55: 1 | V55: 1 | W55: 1 | X55: 1 | Y55: 1 | Z55: 1 | AA55: 1 | AB55: 1 | AC55: 1
E56: Sunday | F56: 0 | G56: 0 | H56: 0 | I56: 0 | J56: 0 | K56: 1 | L56: 1 | M56: 1 | N56: 1 | O56: 1 | P56: 1 | Q56: 1 | R56: 1 | S56: 1 | T56: 1 | U56: 1 | V56: 1 | W56: 1 | X56: 1 | Y56: 1 | Z56: 1 | AA56: 1 | AB56: 1 | AC56: 1
A57: Office | B57: Building | C57: FunctionalAreaPeopleActivityLevel | D57: Based on Activity level schedules in CEC Prototypes | E57: Weekday | F57: 131.9 | G57: 131.9 | H57: 131.9 | I57: 131.9 | J57: 131.9 | K57: 131.9 | L57: 131.9 | M57: 131.9 | N57: 131.9 | O57: 131.9 | P57: 131.9 | Q57: 131.9 | R57: 131.9 | S57: 131.9 | T57: 131.9 | U57: 131.9 | V57: 131.9 | W57: 131.9 | X57: 131.9 | Y57: 131.9 | Z57: 131.9 | AA57: 131.9 | AB57: 131.9 | AC57: 131.9
E58: Saturday | F58: 131.9 | G58: 131.9 | H58: 131.9 | I58: 131.9 | J58: 131.9 | K58: 131.9 | L58: 131.9 | M58: 131.9 | N58: 131.9 | O58: 131.9 | P58: 131.9 | Q58: 131.9 | R58: 131.9 | S58: 131.9 | T58: 131.9 | U58: 131.9 | V58: 131.9 | W58: 131.9 | X58: 131.9 | Y58: 131.9 | Z58: 131.9 | AA58: 131.9 | AB58: 131.9 | AC58: 131.9
E59: Sunday | F59: 131.9 | G59: 131.9 | H59: 131.9 | I59: 131.9 | J59: 131.9 | K59: 131.9 | L59: 131.9 | M59: 131.9 | N59: 131.9 | O59: 131.9 | P59: 131.9 | Q59: 131.9 | R59: 131.9 | S59: 131.9 | T59: 131.9 | U59: 131.9 | V59: 131.9 | W59: 131.9 | X59: 131.9 | Y59: 131.9 | Z59: 131.9 | AA59: 131.9 | AB59: 131.9 | AC59: 131.9
A60: IT room | B60: Building | C60: ComputerRoomPeopleActivityLevel | D60: Based on Activity level schedules in CEC Prototypes | E60: Weekday | F60: 120 | G60: 120 | H60: 120 | I60: 120 | J60: 120 | K60: 120 | L60: 120 | M60: 120 | N60: 120 | O60: 120 | P60: 120 | Q60: 120 | R60: 120 | S60: 120 | T60: 120 | U60: 120 | V60: 120 | W60: 120 | X60: 120 | Y60: 120 | Z60: 120 | AA60: 120 | AB60: 120 | AC60: 120
E61: Saturday | F61: 120 | G61: 120 | H61: 120 | I61: 120 | J61: 120 | K61: 120 | L61: 120 | M61: 120 | N61: 120 | O61: 120 | P61: 120 | Q61: 120 | R61: 120 | S61: 120 | T61: 120 | U61: 120 | V61: 120 | W61: 120 | X61: 120 | Y61: 120 | Z61: 120 | AA61: 120 | AB61: 120 | AC61: 120
E62: Sunday | F62: 120 | G62: 120 | H62: 120 | I62: 120 | J62: 120 | K62: 120 | L62: 120 | M62: 120 | N62: 120 | O62: 120 | P62: 120 | Q62: 120 | R62: 120 | S62: 120 | T62: 120 | U62: 120 | V62: 120 | W62: 120 | X62: 120 | Y62: 120 | Z62: 120 | AA62: 120 | AB62: 120 | AC62: 120
A63: Conference room | B63: Building | C63: MeetingAreaPeopleActivityLevel | D63: Based on Activity level schedules in CEC Prototypes | E63: Weekday | F63: 117 | G63: 117 | H63: 117 | I63: 117 | J63: 117 | K63: 117 | L63: 117 | M63: 117 | N63: 117 | O63: 117 | P63: 117 | Q63: 117 | R63: 117 | S63: 117 | T63: 117 | U63: 117 | V63: 117 | W63: 117 | X63: 117 | Y63: 117 | Z63: 117 | AA63: 117 | AB63: 117 | AC63: 117
E64: Saturday | F64: 117 | G64: 117 | H64: 117 | I64: 117 | J64: 117 | K64: 117 | L64: 117 | M64: 117 | N64: 117 | O64: 117 | P64: 117 | Q64: 117 | R64: 117 | S64: 117 | T64: 117 | U64: 117 | V64: 117 | W64: 117 | X64: 117 | Y64: 117 | Z64: 117 | AA64: 117 | AB64: 117 | AC64: 117
E65: Sunday | F65: 117 | G65: 117 | H65: 117 | I65: 117 | J65: 117 | K65: 117 | L65: 117 | M65: 117 | N65: 117 | O65: 117 | P65: 117 | Q65: 117 | R65: 117 | S65: 117 | T65: 117 | U65: 117 | V65: 117 | W65: 117 | X65: 117 | Y65: 117 | Z65: 117 | AA65: 117 | AB65: 117 | AC65: 117
A66: Corridor, Stair, Lobby, Restroom, Mech, Storage, Break | B66: Building | C66: CommonAreaPeopleActivityLevel | D66: Based on Activity level schedules in CEC Prototypes | E66: Weekday | F66: 147 | G66: 147 | H66: 147 | I66: 147 | J66: 147 | K66: 147 | L66: 147 | M66: 147 | N66: 147 | O66: 147 | P66: 147 | Q66: 147 | R66: 147 | S66: 147 | T66: 147 | U66: 147 | V66: 147 | W66: 147 | X66: 147 | Y66: 147 | Z66: 147 | AA66: 147 | AB66: 147 | AC66: 147
E67: Saturday | F67: 147 | G67: 147 | H67: 147 | I67: 147 | J67: 147 | K67: 147 | L67: 147 | M67: 147 | N67: 147 | O67: 147 | P67: 147 | Q67: 147 | R67: 147 | S67: 147 | T67: 147 | U67: 147 | V67: 147 | W67: 147 | X67: 147 | Y67: 147 | Z67: 147 | AA67: 147 | AB67: 147 | AC67: 147
E68: Sunday | F68: 147 | G68: 147 | H68: 147 | I68: 147 | J68: 147 | K68: 147 | L68: 147 | M68: 147 | N68: 147 | O68: 147 | P68: 147 | Q68: 147 | R68: 147 | S68: 147 | T68: 147 | U68: 147 | V68: 147 | W68: 147 | X68: 147 | Y68: 147 | Z68: 147 | AA68: 147 | AB68: 147 | AC68: 147
A72: Background Data [To be deleted prior to publication]
B75: Operating Schedule
B76: System Capacity fraction | C76: Developed based on CEC and CEUS | D76: Office Zones | E76: Weekday | F76: =0 -> 0 | G76: 0 | H76: 0 | I76: 0 | J76: 0 | K76: 0 | L76: 0.2 | M76: 0.7 | N76: 1 | O76: 1 | P76: 1 | Q76: 1 | R76: 1 | S76: 1 | T76: 1 | U76: 1 | V76: 1 | W76: 0.7 | X76: 0.5 | Y76: 0.3 | Z76: 0.2 | AA76: 0.2 | AB76: 0 | AC76: 0
E77: Saturday | F77: 0 | G77: 0 | H77: 0 | I77: 0 | J77: 0 | K77: 0 | L77: 0.1 | M77: 0.1 | N77: 0.5 | O77: 0.5 | P77: 0.5 | Q77: 0.5 | R77: 0.1 | S77: 0.1 | T77: 0.1 | U77: 0.1 | V77: 0.1 | W77: 0.05 | X77: 0.005 | Y77: 0 | Z77: 0 | AA77: 0 | AB77: 0 | AC77: 0
B78: Alternative HVAC System Operating
B79: Alternative HVAC System Operating | C79: Developed based on CEC schedules and CEUS operating hours | D79: Office Closed Zones | E79: Weekday | F79: 0 | G79: 0 | H79: 0 | I79: 0 | J79: 0 | K79: 0 | L79: 0 | M79: 1 | N79: 1 | O79: 1 | P79: 1 | Q79: 1 | R79: 1 | S79: 1 | T79: 1 | U79: 1 | V79: 1 | W79: 1 | X79: 0 | Y79: 0 | Z79: 0 | AA79: 0 | AB79: 0 | AC79: 0
E80: Saturday | F80: 0 | G80: 0 | H80: 0 | I80: 0 | J80: 0 | K80: 0 | L80: 0 | M80: 0 | N80: 1 | O80: 1 | P80: 1 | Q80: 1 | R80: 0 | S80: 0 | T80: 0 | U80: 0 | V80: 0 | W80: 0 | X80: 0 | Y80: 0 | Z80: 0 | AA80: 0 | AB80: 0 | AC80: 0
E81: Otherday | F81: 0 | G81: 0 | H81: 0 | I81: 0 | J81: 0 | K81: 0 | L81: 0 | M81: 0 | N81: 0 | O81: 0 | P81: 0 | Q81: 0 | R81: 0 | S81: 0 | T81: 0 | U81: 0 | V81: 0 | W81: 0 | X81: 0 | Y81: 0 | Z81: 0 | AA81: 0 | AB81: 0 | AC81: 0
D82: Office Open Zones | E82: Weekday | F82: 0 | G82: 0 | H82: 0 | I82: 0 | J82: 0 | K82: 0 | L82: 1 | M82: 1 | N82: 1 | O82: 1 | P82: 1 | Q82: 1 | R82: 1 | S82: 1 | T82: 1 | U82: 1 | V82: 1 | W82: 1 | X82: 1 | Y82: 1 | Z82: 1 | AA82: 1 | AB82: 0 | AC82: 0
E83: Saturday | F83: 0 | G83: 0 | H83: 0 | I83: 0 | J83: 0 | K83: 0 | L83: 0 | M83: 0 | N83: 0 | O83: 0 | P83: 0 | Q83: 0 | R83: 0 | S83: 0 | T83: 0 | U83: 0 | V83: 0 | W83: 0 | X83: 0 | Y83: 0 | Z83: 0 | AA83: 0 | AB83: 0 | AC83: 0
E84: Otherday | F84: 0 | G84: 0 | H84: 0 | I84: 0 | J84: 0 | K84: 0 | L84: 0 | M84: 0 | N84: 0 | O84: 0 | P84: 0 | Q84: 0 | R84: 0 | S84: 0 | T84: 0 | U84: 0 | V84: 0 | W84: 0 | X84: 0 | Y84: 0 | Z84: 0 | AA84: 0 | AB84: 0 | AC84: 0
B86: Equipment (Plug load) (Nees to be updated based on the Plug load project with CEC) | C86: T24 2022 - Appendix 5.4A | D86: Office | E86: Weekday | F86: 0.05 | G86: 0.05 | H86: 0.05 | I86: 0.05 | J86: 0.05 | K86: 0.1 | L86: 0.1 | M86: 0.3 | N86: 0.9 | O86: 0.9 | P86: 0.9 | Q86: 0.9 | R86: 0.9 | S86: 0.9 | T86: 0.9 | U86: 0.9 | V86: 0.9 | W86: 0.5 | X86: 0.3 | Y86: 0.3 | Z86: 0.2 | AA86: 0.2 | AB86: 0.1 | AC86: 0.05
E87: Saturday | F87: 0.43 | G87: 0.05 | H87: 0.05 | I87: 0.05 | J87: 0.05 | K87: 0.05 | L87: 0.1 | M87: 0.1 | N87: 0.3 | O87: 0.3 | P87: 0.3 | Q87: 0.3 | R87: 0.15 | S87: 0.15 | T87: 0.15 | U87: 0.15 | V87: 0.15 | W87: 0.05 | X87: 0.05 | Y87: 0.05 | Z87: 0.05 | AA87: 0.05 | AB87: 0.05 | AC87: 0.05
E88: Sunday | F88: 0.43 | G88: 0.43 | H88: 0.43 | I88: 0.43 | J88: 0.43 | K88: 0.43 | L88: 0.43 | M88: 0.43 | N88: 0.43 | O88: 0.43 | P88: 0.43 | Q88: 0.43 | R88: 0.43 | S88: 0.43 | T88: 0.43 | U88: 0.43 | V88: 0.43 | W88: 0.43 | X88: 0.43 | Y88: 0.43 | Z88: 0.43 | AA88: 0.43 | AB88: 0.43 | AC88: 0.43
B91: Background Data [To be deleted prior to publication]
B93: Equipment | C93: PNNL | D93: Office Zones | E93: Weekday | F93: 0.40947756 | G93: 0.40947756 | H93: 0.40947756 | I93: 0.40947756 | J93: 0.40947756 | K93: 0.40947756 | L93: 0.47975263 | M93: 0.47975263 | N93: 0.95950527 | O93: 0.95950527 | P93: 0.95950527 | Q93: 0.95950527 | R93: 0.90193495 | S93: 0.95950527 | T93: 0.95950527 | U93: 0.95950527 | V93: 0.95950527 | W93: 0.47975263 | X93: 0.19190105 | Y93: 0.19190105 | Z93: 0.19190105 | AA93: 0.19190105 | AB93: 0.19190105 | AC93: 0.16379102
E94: Saturday | F94: 0.16379102 | G94: 0.16379102 | H94: 0.16379102 | I94: 0.16379102 | J94: 0.16379102 | K94: 0.16379102 | L94: 0.16379102 | M94: 0.16379102 | N94: 0.16379102 | O94: 0.16379102 | P94: 0.16379102 | Q94: 0.16379102 | R94: 0.16379102 | S94: 0.16379102 | T94: 0.16379102 | U94: 0.16379102 | V94: 0.16379102 | W94: 0.16379102 | X94: 0.16379102 | Y94: 0.16379102 | Z94: 0.16379102 | AA94: 0.16379102 | AB94: 0.16379102 | AC94: 0.16379102
E95: Sunday | F95: 0.16379102 | G95: 0.16379102 | H95: 0.16379102 | I95: 0.16379102 | J95: 0.16379102 | K95: 0.16379102 | L95: 0.16379102 | M95: 0.16379102 | N95: 0.16379102 | O95: 0.16379102 | P95: 0.16379102 | Q95: 0.16379102 | R95: 0.16379102 | S95: 0.16379102 | T95: 0.16379102 | U95: 0.16379102 | V95: 0.16379102 | W95: 0.16379102 | X95: 0.16379102 | Y95: 0.16379102 | Z95: 0.16379102 | AA95: 0.16379102 | AB95: 0.16379102 | AC95: 0.16379102

Sheet Weights
A1: % of floor area per CZ and vintage bin - OfficeLarge | H1: We don't have Medium Office specific data from CEUS. The data copied here belongs to the CEUS large office data which our Medium Office prototype falls within that group
A2: Prototype | B2: CZ | C2: Pre-1978 | D2: 1978-1997 | E2: 1998-2007 | F2: 2008-2018 | G2: Not available
A3: OfficeLarge | B3: 1 | C3: 0.58416858 | D3: 0.23368803 | E3: 0.080589257 | F3: 0.035655035 | G3: 0.065899092 | J3: Floor area distribution of CA office buildings (CEUS 2022)
B4: 2 | C4: 0.49146763 | D4: 0.36417246 | E4: 0.1438923 | F4: 0.00016417206 | G4: 0.0003034295 | J4: Office, Small | K4: Office, Medium | L4: Office, Large
B5: 3 | C5: 0.39038791 | D5: 0.3462032 | E5: 0.15643682 | F5: 0.079942242 | G5: 0.027029837 | J5: 0.35389988 | K5: 0.2943253 | L5: 0.35177481
B6: 4 | C6: 0.39416524 | D6: 0.34192239 | E6: 0.15720658 | F6: 0.080510019 | G6: 0.026195771
B7: 5 | C7: 0.18231852 | D7: 0.72976781 | E7: 0.034824867 | F7: 0.03023136 | G7: 0.022857434
B8: 6 | C8: 0.33042937 | D8: 0.40085064 | E8: 0.15452474 | F8: 0.064158611 | G8: 0.050036628
B9: 7 | C9: 0.16640128 | D9: 0.53222331 | E9: 0.21554311 | F9: 0.069775281 | G9: 0.016057012
B10: 8 | C10: 0.35090245 | D10: 0.41331992 | E10: 0.11308819 | F10: 0.051793646 | G10: 0.070895793
B11: 9 | C11: 0.38396158 | D11: 0.40666614 | E11: 0.092304311 | F11: 0.063229203 | G11: 0.053838766
B12: 10 | C12: 0.16196628 | D12: 0.41330992 | E12: 0.26423682 | F12: 0.09854996 | G12: 0.061937016
B13: 11 | C13: 0.46794721 | D13: 0.16134049 | E13: 0.14624532 | F13: 0.088280087 | G13: 0.13618689
B14: 12 | C14: 0.37431596 | D14: 0.31214221 | E14: 0.1649308 | F14: 0.087939491 | G14: 0.060671546
B15: 13 | C15: 0.68744186 | D15: 0.13071537 | E15: 0.039793065 | F15: 0.049872789 | G15: 0.092176925
B16: 14 | C16: 0.21025203 | D16: 0.41588544 | E16: 0.2125486 | F16: 0.060236045 | G16: 0.10107788
B17: 15 | C17: 0.30202484 | D17: 0.1675676 | E17: 0.25287062 | F17: 0.17736793 | G17: 0.10016901
B18: 16 | C18: 0.2708143 | D18: 0.3094555 | E18: 0.23934765 | F18: 0.066132421 | G18: 0.11425012
B19: Statewide | C19: 0.34876467 | D19: 0.38184429 | E19: 0.15173083 | F19: 0.071156687 | G19: 0.046503522
A21: Source: CEUS 2022 dataset
A27: Background Data [To be deleted prior to publication]
A29: CEUS 2022 data | B29: Office, Small | C29: Medium office | D29: Office, Large | E29: All Office
A30: floor area (sqft) | B30: 5.8224922e+08 | C30: 4.8423491e+08 | D30: 5.7875298e+08 | E30: 1.6452371e+09
A31: % of floor area | B31: 0.35389988 | C31: 0.2943253 | D31: 0.35177481 | E31: 1
L33: Directly from the CEUS 2022 data
A34: FZ | B34: Building Type | C34: Pre-1978 | D34: 1978-1997 | E34: 1998-2007 | F34: 2008-2018 | K34: Pre-1978 | L34: 1978-1997 | M34: 1998-2007 | N34: 2008-2017 | O34: Year-Built Not Available | P34: Total | Q34: Total available
A35: Statewide | B35: Office, Large | C35: =K35+$O35*K35/$Q35 -> 482973.36 | D35: =L35+$O35*L35/$Q35 -> 528782.4 | E35: =M35+$O35*M35/$Q35 -> 210118.62 | F35: =N35+$O35*N35/$Q35 -> 98538.606 | G35: =C35/$P35 -> 0.36577447 | H35: =D35/$P35 -> 0.40046743 | I35: =E35/$P35 -> 0.15913098 | J35: =F35/$P35 -> 0.074627111 | K35: 460513.4 | L35: 504192.16 | M35: 200347.36 | N35: 93956.214 | O35: 61403.854 | P35: 1320413 | Q35: =SUM(K35:N35) -> 1259009.1
A36: 1 | B36: Office, Large | C36: =K36+$O36*K36/$Q36 -> 182191.73 | D36: =L36+$O36*L36/$Q36 -> 154537.05 | E36: =M36+$O36*M36/$Q36 -> 72923.614 | F36: =N36+$O36*N36/$Q36 -> 37264.448 | G36: =C36/$P36 -> 0.4076636 | H36: =D36/$P36 -> 0.3457848 | I36: =E36/$P36 -> 0.16317043 | J36: =F36/$P36 -> 0.083381168 | K36: 177411.78 | L36: 150482.65 | M36: 71010.405 | N36: 36286.786 | O36: 11725.217 | P36: 446916.84 | Q36: =SUM(K36:N36) -> 435191.62
A37: 2 | B37: Office, Large | C37: =K37+$O37*K37/$Q37 -> 7571.3771 | D37: =L37+$O37*L37/$Q37 -> 5624.5187 | E37: =M37+$O37*M37/$Q37 -> 2223.205 | F37: =N37+$O37*N37/$Q37 -> 0 | G37: =C37/$P37 -> 0.49103882 | H37: =D37/$P37 -> 0.36477605 | I37: =E37/$P37 -> 0.14418513 | J37: =F37/$P37 -> 0 | K37: 7571.3771 | L37: 5624.5187 | M37: 2223.205 | N37: 0 | O37: 0 | P37: 15419.101 | Q37: =SUM(K37:N37) -> 15419.101
A38: 3 | B38: Office, Large | C38: =K38+$O38*K38/$Q38 -> 3436.5747 | D38: =L38+$O38*L38/$Q38 -> 428.89863 | E38: =M38+$O38*M38/$Q38 -> 0 | F38: =N38+$O38*N38/$Q38 -> 0 | G38: =C38/$P38 -> 0.8890437 | H38: =D38/$P38 -> 0.1109563 | I38: =E38/$P38 -> 0 | J38: =F38/$P38 -> 0 | K38: 3436.5747 | L38: 428.89863 | M38: 0 | N38: 0 | O38: 0 | P38: 3865.4733 | Q38: =SUM(K38:N38) -> 3865.4733
A39: 4 | B39: Office, Large | C39: =K39+$O39*K39/$Q39 -> 2414.0808 | D39: =L39+$O39*L39/$Q39 -> 7826.0618 | E39: =M39+$O39*M39/$Q39 -> 13832.413 | F39: =N39+$O39*N39/$Q39 -> 6688.0788 | G39: =C39/$P39 -> 0.078479552 | H39: =D39/$P39 -> 0.25441809 | I39: =E39/$P39 -> 0.44967905 | J39: =F39/$P39 -> 0.21742331 | K39: 1840.1633 | L39: 5965.5136 | M39: 10543.93 | N39: 5098.0718 | O39: 7312.9557 | P39: 30760.634 | Q39: =SUM(K39:N39) -> 23447.678
A40: 5 | B40: Office, Large | C40: =K40+$O40*K40/$Q40 -> 12891.566 | D40: =L40+$O40*L40/$Q40 -> 2958.0294 | E40: =M40+$O40*M40/$Q40 -> 779.88615 | F40: =N40+$O40*N40/$Q40 -> 1178.3494 | G40: =C40/$P40 -> 0.7239268 | H40: =D40/$P40 -> 0.16610835 | I40: =E40/$P40 -> 0.043794561 | J40: =F40/$P40 -> 0.066170293 | K40: 11486.752 | L40: 2635.6883 | M40: 694.90074 | N40: 1049.9428 | O40: 1940.5472 | P40: 17807.831 | Q40: =SUM(K40:N40) -> 15867.284
A41: 6 | B41: Office, Large | C41: =K41+$O41*K41/$Q41 -> 2178.4635 | D41: =L41+$O41*L41/$Q41 -> 8792.1068 | E41: =M41+$O41*M41/$Q41 -> 358.43828 | F41: =N41+$O41*N41/$Q41 -> 344.63989 | G41: =C41/$P41 -> 0.18661377 | H41: =D41/$P41 -> 0.75315843 | I41: =E41/$P41 -> 0.030704906 | J41: =F41/$P41 -> 0.029522894 | K41: 2127.987 | L41: 8588.3876 | M41: 350.13302 | N41: 336.65434 | O41: 270.48655 | P41: 11673.648 | Q41: =SUM(K41:N41) -> 11403.162
A42: 7 | B42: Office, Large | C42: =K42+$O42*K42/$Q42 -> 84200.17 | D42: =L42+$O42*L42/$Q42 -> 130447.57 | E42: =M42+$O42*M42/$Q42 -> 46949.796 | F42: =N42+$O42*N42/$Q42 -> 18081.37 | G42: =C42/$P42 -> 0.30106014 | H42: =D42/$P42 -> 0.46641905 | I42: =E42/$P42 -> 0.16787035 | J42: =F42/$P42 -> 0.06465046 | K42: 75637.172 | L42: 117181.3 | M42: 42175.091 | N42: 16242.529 | O42: 28442.816 | P42: 279678.9 | Q42: =SUM(K42:N42) -> 251236.09
A43: 8 | B43: Office, Large | C43: =K43+$O43*K43/$Q43 -> 5216.0149 | D43: =L43+$O43*L43/$Q43 -> 8383.195 | E43: =M43+$O43*M43/$Q43 -> 10955.988 | F43: =N43+$O43*N43/$Q43 -> 3728.9537 | G43: =C43/$P43 -> 0.18441476 | H43: =D43/$P43 -> 0.29639195 | I43: =E43/$P43 -> 0.38735431 | J43: =F43/$P43 -> 0.13183898 | K43: 5216.0149 | L43: 8383.195 | M43: 10955.988 | N43: 3728.9537 | O43: 0 | P43: 28284.152 | Q43: =SUM(K43:N43) -> 28284.152
A44: 9 | B44: Office, Large | C44: =K44+$O44*K44/$Q44 -> 3606.3119 | D44: =L44+$O44*L44/$Q44 -> 140.34341 | E44: =M44+$O44*M44/$Q44 -> 172.53835 | F44: =N44+$O44*N44/$Q44 -> 0 | G44: =C44/$P44 -> 0.9201668 | H44: =D44/$P44 -> 0.035809255 | I44: =E44/$P44 -> 0.044023942 | J44: =F44/$P44 -> 0 | K44: 3606.3119 | L44: 140.34341 | M44: 172.53835 | N44: 0 | O44: 0 | P44: 3919.1937 | Q44: =SUM(K44:N44) -> 3919.1937
A45: 10 | B45: Office, Large | C45: =K45+$O45*K45/$Q45 -> 0 | D45: =L45+$O45*L45/$Q45 -> 10120.956 | E45: =M45+$O45*M45/$Q45 -> 9089.6703 | F45: =N45+$O45*N45/$Q45 -> 1656.7405 | G45: =C45/$P45 -> 0 | H45: =D45/$P45 -> 0.48501357 | I45: =E45/$P45 -> 0.43559259 | J45: =F45/$P45 -> 0.079393846 | K45: 0 | L45: 8879.8801 | M45: 7975.0551 | N45: 1453.5837 | O45: 2558.8479 | P45: 20867.367 | Q45: =SUM(K45:N45) -> 18308.519
A46: 11 | B46: Office, Large | C46: =K46+$O46*K46/$Q46 -> 6470.8688 | D46: =L46+$O46*L46/$Q46 -> 3637.3583 | E46: =M46+$O46*M46/$Q46 -> 5678.2324 | F46: =N46+$O46*N46/$Q46 -> 3980.4481 | G46: =C46/$P46 -> 0.32735868 | H46: =D46/$P46 -> 0.18401251 | I46: =E46/$P46 -> 0.28725952 | J46: =F46/$P46 -> 0.20136929 | K46: 5820.8179 | L46: 3271.9564 | M46: 5107.8082 | N46: 3580.58 | O46: 1985.7451 | P46: 19766.908 | Q46: =SUM(K46:N46) -> 17781.162
A47: 12c | B47: Office, Large | C47: =K47+$O47*K47/$Q47 -> 17953.62 | D47: =L47+$O47*L47/$Q47 -> 53677.204 | E47: =M47+$O47*M47/$Q47 -> 25403.523 | F47: =N47+$O47*N47/$Q47 -> 7511.6283 | G47: =C47/$P47 -> 0.17172943 | H47: =D47/$P47 -> 0.51343157 | I47: =E47/$P47 -> 0.24298901 | J47: =F47/$P47 -> 0.07185 | K47: 17617.941 | L47: 52673.6 | M47: 24928.552 | N47: 7371.1832 | O47: 1954.699 | P47: 104545.98 | Q47: =SUM(K47:N47) -> 102591.28
A48: 12i | B48: Office, Large | C48: =K48+$O48*K48/$Q48 -> 2638.9051 | D48: =L48+$O48*L48/$Q48 -> 12116.56 | E48: =M48+$O48*M48/$Q48 -> 1310.5699 | F48: =N48+$O48*N48/$Q48 -> 1122.9048 | G48: =C48/$P48 -> 0.15352343 | H48: =D48/$P48 -> 0.70490445 | I48: =E48/$P48 -> 0.076244949 | J48: =F48/$P48 -> 0.065327168 | K48: 2638.9051 | L48: 12116.56 | M48: 1310.5699 | N48: 1122.9048 | O48: 0 | P48: 17188.94 | Q48: =SUM(K48:N48) -> 17188.94
A49: 13 | B49: Office, Large | C49: =K49+$O49*K49/$Q49 -> 14195.29 | D49: =L49+$O49*L49/$Q49 -> 19129.955 | E49: =M49+$O49*M49/$Q49 -> 7286.6221 | F49: =N49+$O49*N49/$Q49 -> 3466.2278 | G49: =C49/$P49 -> 0.32204862 | H49: =D49/$P49 -> 0.43400141 | I49: =E49/$P49 -> 0.16531164 | J49: =F49/$P49 -> 0.078638331 | K49: 14195.29 | L49: 19129.955 | M49: 7286.6221 | N49: 3466.2278 | O49: 0 | P49: 44078.095 | Q49: =SUM(K49:N49) -> 44078.095
A50: 16 | B50: Office, Large | C50: =K50+$O50*K50/$Q50 -> 101961.29 | D50: =L50+$O50*L50/$Q50 -> 72970.94 | E50: =M50+$O50*M50/$Q50 -> 3430.8468 | F50: =N50+$O50*N50/$Q50 -> 6661.2222 | G50: =C50/$P50 -> 0.55106973 | H50: =D50/$P50 -> 0.39438571 | I50: =E50/$P50 -> 0.018542682 | J50: =F50/$P50 -> 0.036001878 | K50: 101961.29 | L50: 72970.94 | M50: 3430.8468 | N50: 6661.2222 | O50: 0 | P50: 185024.3 | Q50: =SUM(K50:N50) -> 185024.3
A51: 17 | B51: Office, Large | C51: =K51+$O51*K51/$Q51 -> 5453.356 | D51: =L51+$O51*L51/$Q51 -> 9228.339 | E51: =M51+$O51*M51/$Q51 -> 1433.0749 | F51: =N51+$O51*N51/$Q51 -> 2720.702 | G51: =C51/$P51 -> 0.28952585 | H51: =D51/$P51 -> 0.48994467 | I51: =E51/$P51 -> 0.076083832 | J51: =F51/$P51 -> 0.14444565 | K51: 4910.6369 | L51: 8309.9329 | M51: 1290.455 | N51: 2449.9372 | O51: 1874.5099 | P51: 18835.472 | Q51: =SUM(K51:N51) -> 16960.962
A52: Statewide | B52: Office, Small | C52: =K52+$O52*K52/$Q52 -> 335232.75 | D52: =L52+$O52*L52/$Q52 -> 281904.98 | E52: =M52+$O52*M52/$Q52 -> 113281.9 | F52: =N52+$O52*N52/$Q52 -> 40606.879 | G52: =C52/$P52 -> 0.43478758 | H52: =D52/$P52 -> 0.36562294 | I52: =E52/$P52 -> 0.14692349 | J52: =F52/$P52 -> 0.052665995 | K52: 306649.59 | L52: 257868.74 | M52: 103623.08 | N52: 37144.589 | O52: 65740.519 | P52: 771026.51 | Q52: =SUM(K52:N52) -> 705285.99
A53: 1 | B53: Office, Small | C53: =K53+$O53*K53/$Q53 -> 65229.463 | D53: =L53+$O53*L53/$Q53 -> 35998.993 | E53: =M53+$O53*M53/$Q53 -> 12971.41 | F53: =N53+$O53*N53/$Q53 -> 5353.9987 | G53: =C53/$P53 -> 0.54560732 | H53: =D53/$P53 -> 0.30111107 | I53: =E53/$P53 -> 0.10849846 | J53: =F53/$P53 -> 0.044783151 | K53: 61053.076 | L53: 33694.118 | M53: 12140.901 | N53: 5011.2031 | O53: 7654.5661 | P53: 119553.86 | Q53: =SUM(K53:N53) -> 111899.3
A54: 2 | B54: Office, Small | C54: =K54+$O54*K54/$Q54 -> 15927.038 | D54: =L54+$O54*L54/$Q54 -> 11699.669 | E54: =M54+$O54*M54/$Q54 -> 4233.5411 | F54: =N54+$O54*N54/$Q54 -> 1756.7409 | G54: =C54/$P54 -> 0.47377944 | H54: =D54/$P54 -> 0.34802846 | I54: =E54/$P54 -> 0.12593457 | J54: =F54/$P54 -> 0.052257534 | K54: 15539.886 | L54: 11415.275 | M54: 4130.6328 | N54: 1714.0383 | O54: 817.15715 | P54: 33616.989 | Q54: =SUM(K54:N54) -> 32799.831
A55: 3 | B55: Office, Small | C55: =K55+$O55*K55/$Q55 -> 3807.0755 | D55: =L55+$O55*L55/$Q55 -> 3222.0878 | E55: =M55+$O55*M55/$Q55 -> 1730.7407 | F55: =N55+$O55*N55/$Q55 -> 645.26016 | G55: =C55/$P55 -> 0.40478565 | H55: =D55/$P55 -> 0.34258708 | I55: =E55/$P55 -> 0.18402026 | J55: =F55/$P55 -> 0.068607007 | K55: 3304.382 | L55: 2796.6371 | M55: 1502.2104 | N55: 560.05877 | O55: 1241.8759 | P55: 9405.1641 | Q55: =SUM(K55:N55) -> 8163.2882
A56: 4 | B56: Office, Small | C56: =K56+$O56*K56/$Q56 -> 5167.4817 | D56: =L56+$O56*L56/$Q56 -> 16215.766 | E56: =M56+$O56*M56/$Q56 -> 21623.257 | F56: =N56+$O56*N56/$Q56 -> 2242.8183 | G56: =C56/$P56 -> 0.1142002 | H56: =D56/$P56 -> 0.35836483 | I56: =E56/$P56 -> 0.47786918 | J56: =F56/$P56 -> 0.049565788 | K56: 4769.6281 | L56: 14967.285 | M56: 19958.443 | N56: 2070.1397 | O56: 3483.8264 | P56: 45249.323 | Q56: =SUM(K56:N56) -> 41765.496
A57: 5 | B57: Office, Small | C57: =K57+$O57*K57/$Q57 -> 12851.321 | D57: =L57+$O57*L57/$Q57 -> 15793.939 | E57: =M57+$O57*M57/$Q57 -> 10394.135 | F57: =N57+$O57*N57/$Q57 -> 4113.7175 | G57: =C57/$P57 -> 0.29780752 | H57: =D57/$P57 -> 0.36599767 | I57: =E57/$P57 -> 0.24086641 | J57: =F57/$P57 -> 0.095328406 | K57: 11964.517 | L57: 14704.079 | M57: 9676.8886 | N57: 3829.8507 | O57: 2977.7772 | P57: 43153.113 | Q57: =SUM(K57:N57) -> 40175.335
A58: 6 | B58: Office, Small | C58: =K58+$O58*K58/$Q58 -> 16204.519 | D58: =L58+$O58*L58/$Q58 -> 13781.379 | E58: =M58+$O58*M58/$Q58 -> 3564.9044 | F58: =N58+$O58*N58/$Q58 -> 1404.0198 | G58: =C58/$P58 -> 0.46358465 | H58: =D58/$P58 -> 0.3942626 | I58: =E58/$P58 -> 0.10198606 | J58: =F58/$P58 -> 0.040166697 | K58: 12953.638 | L58: 11016.618 | M58: 2849.7286 | N58: 1122.3513 | O58: 7012.4862 | P58: 34954.822 | Q58: =SUM(K58:N58) -> 27942.336
A59: 7 | B59: Office, Small | C59: =K59+$O59*K59/$Q59 -> 92999.78 | D59: =L59+$O59*L59/$Q59 -> 56772.585 | E59: =M59+$O59*M59/$Q59 -> 11980.62 | F59: =N59+$O59*N59/$Q59 -> 6324.2125 | G59: =C59/$P59 -> 0.55331587 | H59: =D59/$P59 -> 0.33777684 | I59: =E59/$P59 -> 0.071280461 | J59: =F59/$P59 -> 0.037626832 | K59: 83838.388 | L59: 51179.928 | M59: 10800.411 | N59: 5701.2154 | O59: 16557.256 | P59: 168077.2 | Q59: =SUM(K59:N59) -> 151519.94
A60: 8 | B60: Office, Small | C60: =K60+$O60*K60/$Q60 -> 6996.8101 | D60: =L60+$O60*L60/$Q60 -> 12420.799 | E60: =M60+$O60*M60/$Q60 -> 2486.6478 | F60: =N60+$O60*N60/$Q60 -> 2298.1209 | G60: =C60/$P60 -> 0.28909598 | H60: =D60/$P60 -> 0.51320574 | I60: =E60/$P60 -> 0.10274395 | J60: =F60/$P60 -> 0.094954342 | K60: 6673.1279 | L60: 11846.196 | M60: 2371.612 | N60: 2191.8066 | O60: 1119.6359 | P60: 24202.378 | Q60: =SUM(K60:N60) -> 23082.742
A61: 9 | B61: Office, Small | C61: =K61+$O61*K61/$Q61 -> 3737.4394 | D61: =L61+$O61*L61/$Q61 -> 3424.3261 | E61: =M61+$O61*M61/$Q61 -> 3268.1209 | F61: =N61+$O61*N61/$Q61 -> 1262.5898 | G61: =C61/$P61 -> 0.31964481 | H61: =D61/$P61 -> 0.29286578 | I61: =E61/$P61 -> 0.27950631 | J61: =F61/$P61 -> 0.1079831 | K61: 3111.3842 | L61: 2850.7203 | M61: 2720.6809 | N61: 1051.0945 | O61: 1958.5964 | P61: 11692.476 | Q61: =SUM(K61:N61) -> 9733.8799
A62: 10 | B62: Office, Small | C62: =K62+$O62*K62/$Q62 -> 8928.9349 | D62: =L62+$O62*L62/$Q62 -> 12484.591 | E62: =M62+$O62*M62/$Q62 -> 9269.594 | F62: =N62+$O62*N62/$Q62 -> 2980.9381 | G62: =C62/$P62 -> 0.26523644 | H62: =D62/$P62 -> 0.37085816 | I62: =E62/$P62 -> 0.27535581 | J62: =F62/$P62 -> 0.088549578 | K62: 7915.6093 | L62: 11067.741 | M62: 8217.6077 | N62: 2642.6378 | O62: 3820.4616 | P62: 33664.058 | Q62: =SUM(K62:N62) -> 29843.596
A63: 11 | B63: Office, Small | C63: =K63+$O63*K63/$Q63 -> 6195.8664 | D63: =L63+$O63*L63/$Q63 -> 14718.242 | E63: =M63+$O63*M63/$Q63 -> 9675.3401 | F63: =N63+$O63*N63/$Q63 -> 4998.7414 | G63: =C63/$P63 -> 0.17409895 | H63: =D63/$P63 -> 0.41357096 | I63: =E63/$P63 -> 0.27186941 | J63: =F63/$P63 -> 0.14046068 | K63: 5363.5935 | L63: 12741.183 | M63: 8375.6796 | N63: 4327.2749 | O63: 4780.4586 | P63: 35588.189 | Q63: =SUM(K63:N63) -> 30807.731
A64: 12c | B64: Office, Small | C64: =K64+$O64*K64/$Q64 -> 19492.107 | D64: =L64+$O64*L64/$Q64 -> 37335.716 | E64: =M64+$O64*M64/$Q64 -> 6810.7175 | F64: =N64+$O64*N64/$Q64 -> 2801.0121 | G64: =C64/$P64 -> 0.29338107 | H64: =D64/$P64 -> 0.56195014 | I64: =E64/$P64 -> 0.10250998 | J64: =F64/$P64 -> 0.042158803 | K64: 18662.937 | L64: 35747.501 | M64: 6520.9979 | N64: 2681.8604 | O64: 2826.2574 | P64: 66439.553 | Q64: =SUM(K64:N64) -> 63613.296
A65: 12i | B65: Office, Small | C65: =K65+$O65*K65/$Q65 -> 10012.274 | D65: =L65+$O65*L65/$Q65 -> 8109.6762 | E65: =M65+$O65*M65/$Q65 -> 2815.1428 | F65: =N65+$O65*N65/$Q65 -> 190.48657 | G65: =C65/$P65 -> 0.47389594 | H65: =D65/$P65 -> 0.38384312 | I65: =E65/$P65 -> 0.13324493 | J65: =F65/$P65 -> 0.0090160148 | K65: 7747.8096 | L65: 6275.5198 | M65: 2178.4451 | N65: 147.40444 | O65: 4778.4011 | P65: 21127.58 | Q65: =SUM(K65:N65) -> 16349.179
A66: 13 | B66: Office, Small | C66: =K66+$O66*K66/$Q66 -> 9873.6859 | D66: =L66+$O66*L66/$Q66 -> 12446.603 | E66: =M66+$O66*M66/$Q66 -> 5696.7273 | F66: =N66+$O66*N66/$Q66 -> 1083.3003 | G66: =C66/$P66 -> 0.33929823 | H66: =D66/$P66 -> 0.42771367 | I66: =E66/$P66 -> 0.19576169 | J66: =F66/$P66 -> 0.037226409 | K66: 9694.1976 | L66: 12220.343 | M66: 5593.1696 | N66: 1063.6076 | O66: 528.99872 | P66: 29100.317 | Q66: =SUM(K66:N66) -> 28571.318
A67: 16 | B67: Office, Small | C67: =K67+$O67*K67/$Q67 -> 29359.589 | D67: =L67+$O67*L67/$Q67 -> 8324.2587 | E67: =M67+$O67*M67/$Q67 -> 966.10498 | F67: =N67+$O67*N67/$Q67 -> 0 | G67: =C67/$P67 -> 0.75962807 | H67: =D67/$P67 -> 0.21537565 | I67: =E67/$P67 -> 0.024996278 | J67: =F67/$P67 -> 0 | K67: 28946.751 | L67: 8207.2074 | M67: 952.52013 | N67: 0 | O67: 543.47485 | P67: 38649.953 | Q67: =SUM(K67:N67) -> 38106.478
A68: 17 | B68: Office, Small | C68: =K68+$O68*K68/$Q68 -> 9827.4066 | D68: =L68+$O68*L68/$Q68 -> 3632.7925 | E68: =M68+$O68*M68/$Q68 -> 0 | F68: =N68+$O68*N68/$Q68 -> 1176.8686 | G68: =C68/$P68 -> 0.67140542 | H68: =D68/$P68 -> 0.24819127 | I68: =E68/$P68 -> 0 | J68: =F68/$P68 -> 0.080403304 | K68: 8440.6119 | L68: 3120.1509 | M68: 0 | N68: 1010.7948 | O68: 2065.5101 | P68: 14637.068 | Q68: =SUM(K68:N68) -> 12571.558

Sheet Energy Usage
A1: CalBEM Energy Consumption - OfficeMedium | I1: National Average (EnergyStar Portfolio Manager) | N1: CEUS Energy Consumption - OfficeLarge
A2: Prototype | B2: CZ | C2: CalBEM Electricity EUI (KBTU/ft²) | D2: CalBEM Gas EUI (KBTU/ft²) | E2: CalBEM Total EUI (KBTU/ft²) | F2: New Construction Electricity EUI (KBTU/ft²) | G2: New Construction Gas EUI (KBTU/ft²) | H2: New Construction Total EUI (KBTU/ft²) | I2: National Average | J2: Acceptable RangeRange (25% Higher) | K2: Acceptable RangeRange (25% Lower) | L2: National Average Acceptable Range | N2: Prototype | O2: CZ | P2: Total Floorspace (Thousand of ft2) | Q2: CEUS 2022 Electric Energy Intensity (kWh/ft²) | R2: CEUS 2022 Annual Gas Intensity (kWh/ft²) | S2: CEUS 2022 Total EUI (kBtu/ft²) | T2: Acceptable Range (25% Higher) | U2: Acceptable Range (25% Lower) | V2: CEUS 2022 Acceptable Range
A3: HotelSmall | B3: 1 | C3: 53.2 | D3: 2.5 | E3: 55.8 | F3: 43.3 | G3: 1.3 | H3: 44.5 | I3: 59.8 | J3: =I3*1.25 -> 74.75 | K3: =I3*0.75 -> 44.85 | L3: =J3-K3 -> 29.9 | N3: OfficeLarge | O3: 1 | P3: 5279 | Q3: 16.7 | R3: 5.01 | S3: =(Q3+R3)*3.412 -> 74.07452 | T3: =S3*1.25 -> 92.59315 | U3: =S3*0.75 -> 55.55589 | V3: =T3-U3 -> 37.03726
B4: 2 | C4: 64 | D4: 2 | E4: 65.9 | F4: 46.4 | G4: 1.2 | H4: 47.6 | I4: 65.5 | J4: =I4*1.25 -> 81.875 | K4: =I4*0.75 -> 49.125 | L4: =J4-K4 -> 32.75 | O4: 2 | P4: 12449 | Q4: 15.2 | R4: 6.24 | S4: =(Q4+R4)*3.412 -> 73.15328 | T4: =S4*1.25 -> 91.4416 | U4: =S4*0.75 -> 54.86496 | V4: =T4-U4 -> 36.57664
B5: 3 | C5: 55.2 | D5: 1.6 | E5: 56.9 | F5: 45.8 | G5: 1.2 | H5: 47 | I5: 62.2 | J5: =I5*1.25 -> 77.75 | K5: =I5*0.75 -> 46.65 | L5: =J5-K5 -> 31.1 | O5: 3 | P5: 242565 | Q5: 14.3 | R5: 4.83 | S5: =(Q5+R5)*3.412 -> 65.27156 | T5: =S5*1.25 -> 81.58945 | U5: =S5*0.75 -> 48.95367 | V5: =T5-U5 -> 32.63578
B6: 4 | C6: 61.7 | D6: 1.9 | E6: 63.6 | F6: 47.6 | G6: 1.2 | H6: 48.7 | I6: 67.7 | J6: =I6*1.25 -> 84.625 | K6: =I6*0.75 -> 50.775 | L6: =J6-K6 -> 33.85 | O6: 4 | P6: 137610 | Q6: 14.4 | R6: 4.76 | S6: =(Q6+R6)*3.412 -> 65.37392 | T6: =S6*1.25 -> 81.7174 | U6: =S6*0.75 -> 49.03044 | V6: =T6-U6 -> 32.68696
B7: 5 | C7: 54.7 | D7: 1.7 | E7: 56.4 | F7: 45.6 | G7: 1.2 | H7: 46.8 | I7: 59.7 | J7: =I7*1.25 -> 74.625 | K7: =I7*0.75 -> 44.775 | L7: =J7-K7 -> 29.85 | O7: 5 | P7: 3834 | Q7: 8.6 | R7: 9.32 | S7: =(Q7+R7)*3.412 -> 61.14304 | T7: =S7*1.25 -> 76.4288 | U7: =S7*0.75 -> 45.85728 | V7: =T7-U7 -> 30.57152
B8: 6 | C8: 53.9 | D8: 1.2 | E8: 55.1 | F8: 47.2 | G8: 1.2 | H8: 48.3 | I8: 69 | J8: =I8*1.25 -> 86.25 | K8: =I8*0.75 -> 51.75 | L8: =J8-K8 -> 34.5 | O8: 6 | P8: 109980 | Q8: 10.9 | R8: 4.88 | S8: =(Q8+R8)*3.412 -> 53.84136 | T8: =S8*1.25 -> 67.3017 | U8: =S8*0.75 -> 40.38102 | V8: =T8-U8 -> 26.92068
B9: 7 | C9: 56.1 | D9: 1.2 | E9: 57.2 | F9: 47.3 | G9: 1.1 | H9: 48.4 | I9: 64.9 | J9: =I9*1.25 -> 81.125 | K9: =I9*0.75 -> 48.675 | L9: =J9-K9 -> 32.45 | O9: 7 | P9: 76710 | Q9: 14.8 | R9: 9.36 | S9: =(Q9+R9)*3.412 -> 82.43392 | T9: =S9*1.25 -> 103.0424 | U9: =S9*0.75 -> 61.82544 | V9: =T9-U9 -> 41.21696
B10: 8 | C10: 58 | D10: 1.1 | E10: 59.1 | F10: 48.5 | G10: 1.1 | H10: 49.7 | I10: 65.9 | J10: =I10*1.25 -> 82.375 | K10: =I10*0.75 -> 49.425 | L10: =J10-K10 -> 32.95 | O10: 8 | P10: 177013 | Q10: 10.4 | R10: 4.24 | S10: =(Q10+R10)*3.412 -> 49.95168 | T10: =S10*1.25 -> 62.4396 | U10: =S10*0.75 -> 37.46376 | V10: =T10-U10 -> 24.97584
B11: 9 | C11: 58.2 | D11: 1.2 | E11: 59.4 | F11: 47.7 | G11: 1.1 | H11: 48.9 | I11: 65.9 | J11: =I11*1.25 -> 82.375 | K11: =I11*0.75 -> 49.425 | L11: =J11-K11 -> 32.95 | O11: 9 | P11: 240000 | Q11: 10.9 | R11: 4.38 | S11: =(Q11+R11)*3.412 -> 52.13536 | T11: =S11*1.25 -> 65.1692 | U11: =S11*0.75 -> 39.10152 | V11: =T11-U11 -> 26.06768
B12: 10 | C12: 54.1 | D12: 1.3 | E12: 55.4 | F12: 48.8 | G12: 1.1 | H12: 49.9 | I12: 66.4 | J12: =I12*1.25 -> 83 | K12: =I12*0.75 -> 49.8 | L12: =J12-K12 -> 33.2 | O12: 10 | P12: 65927 | Q12: 11.9 | R12: 7.21 | S12: =(Q12+R12)*3.412 -> 65.20332 | T12: =S12*1.25 -> 81.50415 | U12: =S12*0.75 -> 48.90249 | V12: =T12-U12 -> 32.60166
B13: 11 | C13: 58.3 | D13: 1.5 | E13: 59.7 | F13: 48 | G13: 1.2 | H13: 49.2 | I13: 68.6 | J13: =I13*1.25 -> 85.75 | K13: =I13*0.75 -> 51.45 | L13: =J13-K13 -> 34.3 | O13: 11 | P13: 18413 | Q13: 11.4 | R13: 4.29 | S13: =(Q13+R13)*3.412 -> 53.53428 | T13: =S13*1.25 -> 66.91785 | U13: =S13*0.75 -> 40.15071 | V13: =T13-U13 -> 26.76714
B14: 12 | C14: 58.4 | D14: 1.7 | E14: 60.1 | F14: 47.2 | G14: 1.2 | H14: 48.3 | I14: 67.8 | J14: =I14*1.25 -> 84.75 | K14: =I14*0.75 -> 50.85 | L14: =J14-K14 -> 33.9 | O14: 12 | P14: 171620 | Q14: 14.4 | R14: 6.12 | S14: =(Q14+R14)*3.412 -> 70.01424 | T14: =S14*1.25 -> 87.5178 | U14: =S14*0.75 -> 52.51068 | V14: =T14-U14 -> 35.00712
B15: 13 | C15: 60.4 | D15: 1.4 | E15: 61.8 | F15: 48.6 | G15: 1.2 | H15: 49.8 | I15: 68.3 | J15: =I15*1.25 -> 85.375 | K15: =I15*0.75 -> 51.225 | L15: =J15-K15 -> 34.15 | O15: 13 | P15: 19959 | Q15: 15.9 | R15: 3.71 | S15: =(Q15+R15)*3.412 -> 66.90932 | T15: =S15*1.25 -> 83.63665 | U15: =S15*0.75 -> 50.18199 | V15: =T15-U15 -> 33.45466
... B18: 16 | C18: 57.4 | D18: 2.2 | E18: 59.6 | F18: 47.4 | G18: 1.3 | H18: 48.7 | I18: 70.6 | J18: =I18*1.25 -> 88.25 | K18: =I18*0.75 -> 52.95 | L18: =J18-K18 -> 35.3 | O18: 16 | P18: 39406 | Q18: 11.6 | R18: 4.42 | S18: =(Q18+R18)*3.412 -> 54.66024 | T18: =S18*1.25 -> 68.3253 | U18: =S18*0.75 -> 40.99518 | V18: =T18-U18 -> 27.33012
N20: Source: CEUS 2022 Report/Data
N21: And applying FZ-CZ multipliers for converting FZ data to CZ data
N23: We don't have Medium Office specific data from CEUS. The data copied here belongs to the CEUS large office data which our Medium Office prototype falls within that group
S32: Gas Energy Intensity (kBTU/SqFt) | T32: Electricity Usage (GWh) | U32: Electric Energy Intensity (kWh/SqFt)
S33: 18.017337 | T33: 15658.045 | U33: 12.527115
S34: 16.042367 | T34: 6463.1841 | U34: 14.461715
S35: 21.325566 | T35: 234.8134 | U35: 15.169077
S36: 19.974766 | T36: 5.6630537 | U36: 1.465035
S37: 18.741288 | T37: 272.79005 | U37: 8.6726638
S38: 14.324854 | T38: 315.69939 | U38: 17.728122
S39: 31.945819 | T39: 100.17905 | U39: 8.5653276
S40: 14.076429 | T40: 2883.9083 | U40: 10.311498
S41: 21.142118 | T41: 331.70137 | U41: 11.727464
S42: 3.7150723 | T42: 21.877672 | U42: 5.5821871
S43: 15.888111 | T43: 166.82214 | U43: 7.9944032
S44: 17.522232 | T44: 186.75935 | U44: 9.4480812
... S49: 15.976327 | T49: 247.23648 | U49: 13.126111
S50: Gas Energy Intensity (kBTU/SqFt) | T50: Electricity Usage (GWh) | U50: Electric Energy Intensity (kWh/SqFt)
S51: 18.412652 | T51: 6497.9293 | U51: 8.9107863
S52: 22.852916 | T52: 1095.5807 | U52: 9.1607127
S53: 19.118001 | T53: 251.63594 | U53: 7.4853782
S54: 28.286511 | T54: 115.19267 | U54: 12.247811
S55: 12.151238 | T55: 463.14745 | U55: 10.238059
S56: 15.192834 | T56: 479.86682 | U56: 11.120099
S57: 36.414804 | T57: 235.22962 | U57: 6.7295321
S58: 10.462719 | T58: 1257.7502 | U58: 7.480905
S59: 9.9914597 | T59: 172.02688 | U59: 7.0997852
S60: 13.050989 | T60: 96.789779 | U60: 8.2779573
S61: 15.531346 | T61: 252.17031 | U61: 7.4907855
S62: 6.7585921 | T62: 317.47879 | U62: 8.9209026
... S67: 12.252374 | T67: 127.84199 | U67: 8.7341256

Sheet PV
A1: PV - TBD

Sheet EV Charger
A1: EV Charger - OfficeMedium (TBD)
A3: According To CEUS 2022 and their survey around 2018-2020, only 0.5% of large office buildings have EV chargers
A11: Background Data [To be deleted prior to publication]
A14: CEUS 2022 (Base on Survey 2018) | K14: The data presented in this worksheet represents the projected number of EV charger ports, or the number of cars that can be charged at the same time, for the year 2022 (last year of CEUC)
D15: Has EV Chargers | K15: Level 1, 120 volt Charger (No. ports/SqFT) | T15: Level 2, 240 volt Charger (No. ports/SqFT) | AC15: Level 3, DC fast (No. ports/SqFT) | AL15: Charger Type Unkown (No. ports/SqFT) | AU15: All Chargers Totals (No. ports/SqFT)
A16: Calculation Method | B16: Statewide/ Utility/ FCZ | C16: Building Type | D16: No | E16: Yes | F16: Total | I16: Statewide/ Utility/ FCZ | J16: Building Type | K16: Public Only | L16: Public & Employee | M16: Public & Fleet | N16: Employee Only | O16: Employee & Fleet | P16: Fleet Only | Q16: All 3 Types | R16: Unknown | S16: Level 1 Total | T16: Public Only | U16: Public & Employee | V16: Public & Fleet | W16: Employee Only | X16: Employee & Fleet | Y16: Fleet Only | Z16: All 3 Types | AA16: Unknown | AB16: Level 2 Total | AC16: Public Only | AD16: Public & Employee | AE16: Public & Fleet | AF16: Employee Only | AG16: Employee & Fleet | AH16: Fleet Only | AI16: All 3 Types | AJ16: Unknown | AK16: Level 3 Total | AL16: Public Only | AM16: Public & Employee | AN16: Public & Fleet | AO16: Employee Only | AP16: Employee & Fleet | AQ16: Fleet Only | AR16: All 3 Types | AS16: Unknown | AT16: Unkonwn Total | AU16: Public Only | AV16: Public & Employee | AW16: Public & Fleet | AX16: Employee Only | AY16: Employee & Fleet | AZ16: Fleet Only | BA16: All 3 Types | BB16: Unknown | BC16: Total
A17: Floorspace-Based | B17: Statewide | C17: Office, Small | D17: 0.91629084 | E17: 0.083709165 | F17: 1 | I17: Statewide | J17: Office, Small | K17: 234.63109 | L17: 257.26071 | M17: 0 | N17: 514.26458 | O17: 0 | P17: 22.221664 | Q17: 197.98307 | R17: 0 | S17: 1226.3611 | T17: 108.94502 | U17: 831.31992 | V17: 0 | W17: 1332.4399 | X17: 101.16411 | Y17: 78.502373 | Z17: 360.40604 | AA17: 0 | AB17: 2812.7774 | AC17: 21.375883 | AD17: 0 | AE17: 0 | AF17: 15.713801 | AG17: 0 | AH17: 0 | AI17: 0 | AJ17: 0 | AK17: 37.089684 | AL17: 56.94989 | AM17: 42.147584 | AN17: 0 | AO17: 212.11013 | AP17: 0 | AQ17: 25.741961 | AR17: 0 | AS17: 0 | AT17: 336.94956 | AU17: 421.90189 | AV17: 1130.7282 | AW17: 0 | AX17: 2074.5284 | AY17: 101.16411 | AZ17: 126.466 | BA17: 558.38911 | BB17: 0 | BC17: 4413.1778
A18: Floorspace-Based | B18: FCZ01 Tot | C18: Office, Small | D18: 0.88474892 | E18: 0.11525108 | F18: 1 | I18: FCZ01 Tot | J18: Office, Small | K18: 0 | L18: 0 | M18: 0 | N18: 92.114774 | O18: 0 | P18: 0 | Q18: 5.6273317 | R18: 0 | S18: 97.742105 | T18: 0 | U18: 290.15374 | V18: 0 | W18: 73.027737 | X18: 95.664638 | Y18: 65.739866 | Z18: 24.342579 | AA18: 0 | AB18: 548.92857 | AC18: 0 | AD18: 0 | AE18: 0 | AF18: 0 | AG18: 0 | AH18: 0 | AI18: 0 | AJ18: 0 | AK18: 0 | AL18: 0 | AM18: 0 | AN18: 0 | AO18: 27.974785 | AP18: 0 | AQ18: 24.342579 | AR18: 0 | AS18: 0 | AT18: 52.317364 | AU18: 0 | AV18: 290.15374 | AW18: 0 | AX18: 193.1173 | AY18: 95.664638 | AZ18: 90.082445 | BA18: 29.969911 | BB18: 0 | BC18: 698.98803
A19: Floorspace-Based | B19: FCZ02 Tot | C19: Office, Small | D19: 0.87664055 | E19: 0.12335945 | F19: 1 | I19: FCZ02 Tot | J19: Office, Small | K19: 0 | L19: 0 | M19: 0 | N19: 0 | O19: 0 | P19: 21.013652 | Q19: 0 | R19: 0 | S19: 21.013652 | T19: 0 | U19: 189.12287 | V19: 0 | W19: 21.156124 | X19: 0 | Y19: 0 | Z19: 0 | AA19: 0 | AB19: 210.27899 | AC19: 0 | AD19: 0 | AE19: 0 | AF19: 0 | AG19: 0 | AH19: 0 | AI19: 0 | AJ19: 0 | AK19: 0 | AL19: 0 | AM19: 0 | AN19: 0 | AO19: 0 | AP19: 0 | AQ19: 0 | AR19: 0 | AS19: 0 | AT19: 0 | AU19: 0 | AV19: 189.12287 | AW19: 0 | AX19: 21.156124 | AY19: 0 | AZ19: 21.013652 | BA19: 0 | BB19: 0 | BC19: 231.29265
A20: Floorspace-Based | B20: FCZ03 Tot | C20: Office, Small | D20: 0.93389784 | E20: 0.066102161 | F20: 1 | I20: FCZ03 Tot | J20: Office, Small | K20: 0 | L20: 78.750982 | M20: 0 | N20: 0 | O20: 0 | P20: 0 | Q20: 0 | R20: 0 | S20: 78.750982 | T20: 0 | U20: 0 | V20: 0 | W20: 0 | X20: 0 | Y20: 0 | Z20: 0 | AA20: 0 | AB20: 0 | AC20: 0 | AD20: 0 | AE20: 0 | AF20: 0 | AG20: 0 | AH20: 0 | AI20: 0 | AJ20: 0 | AK20: 0 | AL20: 0 | AM20: 12.871851 | AN20: 0 | AO20: 0 | AP20: 0 | AQ20: 0 | AR20: 0 | AS20: 0 | AT20: 12.871851 | AU20: 0 | AV20: 91.622833 | AW20: 0 | AX20: 0 | AY20: 0 | AZ20: 0 | BA20: 0 | BB20: 0 | BC20: 91.622833
A21: Floorspace-Based | B21: FCZ04 Tot | C21: Office, Small | D21: 0.82696529 | E21: 0.17303471 | F21: 1 | I21: FCZ04 Tot | J21: Office, Small | K21: 0 | L21: 0 | M21: 0 | N21: 0 | O21: 0 | P21: 0 | Q21: 0 | R21: 0 | S21: 0 | T21: 0 | U21: 0 | V21: 0 | W21: 44.11001 | X21: 0 | Y21: 0 | Z21: 0 | AA21: 0 | AB21: 44.11001 | AC21: 0 | AD21: 0 | AE21: 0 | AF21: 0 | AG21: 0 | AH21: 0 | AI21: 0 | AJ21: 0 | AK21: 0 | AL21: 0 | AM21: 26.984511 | AN21: 0 | AO21: 0 | AP21: 0 | AQ21: 0 | AR21: 0 | AS21: 0 | AT21: 26.984511 | AU21: 0 | AV21: 26.984511 | AW21: 0 | AX21: 44.11001 | AY21: 0 | AZ21: 0 | BA21: 0 | BB21: 0 | BC21: 71.09452
A22: Floorspace-Based | B22: FCZ05 Tot | C22: Office, Small | D22: 0.96399408 | E22: 0.036005923 | F22: 1 | I22: FCZ05 Tot | J22: Office, Small | K22: 0 | L22: 0 | M22: 0 | N22: 0 | O22: 0 | P22: 0 | Q22: 0 | R22: 0 | S22: 0 | T22: 0 | U22: 0 | V22: 0 | W22: 19.634673 | X22: 0 | Y22: 0 | Z22: 0 | AA22: 0 | AB22: 19.634673 | AC22: 0 | AD22: 0 | AE22: 0 | AF22: 0 | AG22: 0 | AH22: 0 | AI22: 0 | AJ22: 0 | AK22: 0 | AL22: 0 | AM22: 0 | AN22: 0 | AO22: 0 | AP22: 0 | AQ22: 0 | AR22: 0 | AS22: 0 | AT22: 0 | AU22: 0 | AV22: 0 | AW22: 0 | AX22: 19.634673 | AY22: 0 | AZ22: 0 | BA22: 0 | BB22: 0 | BC22: 19.634673
A23: Floorspace-Based | B23: FCZ06 Tot | C23: Office, Small | D23: 0.934083 | E23: 0.065917001 | F23: 1 | I23: FCZ06 Tot | J23: Office, Small | K23: 0 | L23: 0 | M23: 0 | N23: 0 | O23: 0 | P23: 0 | Q23: 0 | R23: 0 | S23: 0 | T23: 0 | U23: 0 | V23: 0 | W23: 0 | X23: 0 | Y23: 0 | Z23: 0 | AA23: 0 | AB23: 0 | AC23: 0 | AD23: 0 | AE23: 0 | AF23: 0 | AG23: 0 | AH23: 0 | AI23: 0 | AJ23: 0 | AK23: 0 | AL23: 0 | AM23: 0 | AN23: 0 | AO23: 50.28477 | AP23: 0 | AQ23: 0 | AR23: 0 | AS23: 0 | AT23: 50.28477 | AU23: 0 | AV23: 0 | AW23: 0 | AX23: 50.28477 | AY23: 0 | AZ23: 0 | BA23: 0 | BB23: 0 | BC23: 50.28477
A24: Floorspace-Based | B24: FCZ07 Tot | C24: Office, Small | D24: 0.9176906 | E24: 0.082309405 | F24: 1 | I24: FCZ07 Tot | J24: Office, Small | K24: 0 | L24: 0 | M24: 0 | N24: 199.1172 | O24: 0 | P24: 0 | Q24: 0 | R24: 0 | S24: 199.1172 | T24: 0 | U24: 229.22225 | V24: 0 | W24: 397.49955 | X24: 0 | Y24: 0 | Z24: 0 | AA24: 0 | AB24: 626.72179 | AC24: 0 | AD24: 0 | AE24: 0 | AF24: 0 | AG24: 0 | AH24: 0 | AI24: 0 | AJ24: 0 | AK24: 0 | AL24: 0 | AM24: 0 | AN24: 0 | AO24: 0 | AP24: 0 | AQ24: 0 | AR24: 0 | AS24: 0 | AT24: 0 | AU24: 0 | AV24: 229.22225 | AW24: 0 | AX24: 596.61674 | AY24: 0 | AZ24: 0 | BA24: 0 | BB24: 0 | BC24: 825.83899
A25: Floorspace-Based | B25: FCZ08 Tot | C25: Office, Small | D25: 0.8671958 | E25: 0.1328042 | F25: 1 | I25: FCZ08 Tot | J25: Office, Small | K25: 0 | L25: 0 | M25: 0 | N25: 0 | O25: 0 | P25: 0 | Q25: 0 | R25: 0 | S25: 0 | T25: 0 | U25: 77.628926 | V25: 0 | W25: 0 | X25: 0 | Y25: 0 | Z25: 0 | AA25: 0 | AB25: 77.628926 | AC25: 0 | AD25: 0 | AE25: 0 | AF25: 14.859569 | AG25: 0 | AH25: 0 | AI25: 0 | AJ25: 0 | AK25: 14.859569 | AL25: 0 | AM25: 0 | AN25: 0 | AO25: 0 | AP25: 0 | AQ25: 0 | AR25: 0 | AS25: 0 | AT25: 0 | AU25: 0 | AV25: 77.628926 | AW25: 0 | AX25: 14.859569 | AY25: 0 | AZ25: 0 | BA25: 0 | BB25: 0 | BC25: 92.488495
A26: Floorspace-Based | B26: FCZ09 Tot | C26: Office, Small | D26: 0.90936489 | E26: 0.090635106 | F26: 1 | I26: FCZ09 Tot | J26: Office, Small | K26: 0 | L26: 0 | M26: 0 | N26: 0 | O26: 0 | P26: 0 | Q26: 0 | R26: 0 | S26: 0 | T26: 0 | U26: 0 | V26: 0 | W26: 0 | X26: 0 | Y26: 0 | Z26: 0 | AA26: 0 | AB26: 0 | AC26: 0 | AD26: 0 | AE26: 0 | AF26: 0 | AG26: 0 | AH26: 0 | AI26: 0 | AJ26: 0 | AK26: 0 | AL26: 0 | AM26: 0 | AN26: 0 | AO26: 0 | AP26: 0 | AQ26: 0 | AR26: 0 | AS26: 0 | AT26: 0 | AU26: 0 | AV26: 0 | AW26: 0 | AX26: 0 | AY26: 0 | AZ26: 0 | BA26: 0 | BB26: 0 | BC26: 0
A27: Floorspace-Based | B27: FCZ10 Tot | C27: Office, Small | D27: 0.95601441 | E27: 0.043985587 | F27: 1 | I27: FCZ10 Tot | J27: Office, Small | K27: 0 | L27: 0 | M27: 0 | N27: 27.526763 | O27: 0 | P27: 0 | Q27: 0 | R27: 0 | S27: 27.526763 | T27: 0 | U27: 0 | V27: 0 | W27: 0 | X27: 0 | Y27: 0 | Z27: 0 | AA27: 0 | AB27: 0 | AC27: 0 | AD27: 0 | AE27: 0 | AF27: 0 | AG27: 0 | AH27: 0 | AI27: 0 | AJ27: 0 | AK27: 0 | AL27: 0 | AM27: 0 | AN27: 0 | AO27: 50.160792 | AP27: 0 | AQ27: 0 | AR27: 0 | AS27: 0 | AT27: 50.160792 | AU27: 0 | AV27: 0 | AW27: 0 | AX27: 77.687555 | AY27: 0 | AZ27: 0 | BA27: 0 | BB27: 0 | BC27: 77.687555
A28: Floorspace-Based | B28: FCZ11 Tot | C28: Office, Small | D28: 0.87588519 | E28: 0.12411481 | F28: 1 | I28: FCZ11 Tot | J28: Office, Small | K28: 0 | L28: 0 | M28: 0 | N28: 0 | O28: 0 | P28: 0 | Q28: 0 | R28: 0 | S28: 0 | T28: 0 | U28: 0 | V28: 0 | W28: 89.176218 | X28: 0 | Y28: 0 | Z28: 0 | AA28: 0 | AB28: 89.176218 | AC28: 0 | AD28: 0 | AE28: 0 | AF28: 0 | AG28: 0 | AH28: 0 | AI28: 0 | AJ28: 0 | AK28: 0 | AL28: 0 | AM28: 0 | AN28: 0 | AO28: 0 | AP28: 0 | AQ28: 0 | AR28: 0 | AS28: 0 | AT28: 0 | AU28: 0 | AV28: 0 | AW28: 0 | AX28: 89.176218 | AY28: 0 | AZ28: 0 | BA28: 0 | BB28: 0 | BC28: 89.176218
... A33: Floorspace-Based | B33: FCZ17 Tot | C33: Office, Small | D33: 0.98526125 | E33: 0.01473875 | F33: 1 | I33: FCZ17 Tot | J33: Office, Small | K33: 0 | L33: 0 | M33: 0 | N33: 0 | O33: 0 | P33: 0 | Q33: 0 | R33: 0 | S33: 0 | T33: 0 | U33: 0 | V33: 0 | W33: 0 | X33: 0 | Y33: 0 | Z33: 0 | AA33: 0 | AB33: 0 | AC33: 0 | AD33: 0 | AE33: 0 | AF33: 0 | AG33: 0 | AH33: 0 | AI33: 0 | AJ33: 0 | AK33: 0 | AL33: 0 | AM33: 0 | AN33: 0 | AO33: 0 | AP33: 0 | AQ33: 0 | AR33: 0 | AS33: 0 | AT33: 0 | AU33: 0 | AV33: 0 | AW33: 0 | AX33: 0 | AY33: 0 | AZ33: 0 | BA33: 0 | BB33: 0 | BC33: 0

Sheet Data
A1: Space Function | B1: Electric Equipment Load Intensity | C1: Electric Equipment Load Intensity | D1: LPD
A2: Aging Eye/Low-vision (Corridor Area) | D2: 2013 | E2: 2016 | F2: 2019 | G2: 2025
A3: Aging Eye/Low-vision (Dining)
A4: Aging Eye/Low-vision (Lobby, Main Entry)
A5: Aging Eye/Low-vision (Lounge/Waiting Area)
A6: Aging Eye/Low-vision (Multipurpose Room)
A7: Aging Eye/Low-vision (Religious Worship Area)
A8: Aging Eye/Low-vision (Restroom)
A9: Aging Eye/Low-vision (Stairwell)
A10: Audience Seating Area
A11: Auditorium Area
A12: Auto Repair / Maintenance Area
A13: Barber, Beauty Salon, Spa Area
A14: Civic Meeting Place Area
... A83: Server Room (EPD 45)
