Workbook
Name Space_Function: Data!$A$2:$A$76

Sheet Notes
A1: Data Sources
A2: Dataset | B2: Dodge 2023
B3: CEUS 2022
B4: CBECS 2018
B5: ComStock 2023
A6: Prototype | B6: CEC prototype (CBECC 2022.3.1) | C6: https://bees.noresco.com/software2022.html
B7: PNNL prototype (90.1-2022) | C7: https://www.energycodes.gov/prototype-building-models#Commercial
B8: DEER prototype (June 2023) | C8: https://github.com/sound-data/DEER-Prototypes-EnergyPlus
B9: ORNL 2019 Large Office prototype zoning | C9: https://www.sciencedirect.com/science/article/abs/pii/S0306261920312186
C10: https://publications.ibpsa.org/proceedings/simbuild/2020/papers/simbuild2020_C064.pdf
B11: Massachusetts Large Office prototype | C11: https://www.mass.gov/doc/large-office-prototype-basis-of-design-report/download
A12: Codes | B12: Title 24, part 6, referred to as T24 (1984, 2001, 2008, 2010, 2013, 2022, 2025)
B13: ASHRAE 90.1 (2022)
B14: CFR Title 10 (2010, 2024)
A15: Others | B15: ACM (2022)
B16: Title 24, 2022 - Appendix 5.4A and Appendix 5.4B | C16: https://www.energy.ca.gov/publications/2022/2022-nonresidential-and-multifamily-alternative-calculation-method-reference
B17: 2022 Reduced infiltration CASE report | C17: https://title24stakeholders.com/wp-content/uploads/2020/10/2022-T24-Final-CASE-Report_Reduce-Infiltration.pdf
B18: 2019 Outdoor Lighting CASE Report | C18: https://title24stakeholders.com/wp-content/uploads/2016/10/T24-2019-CASE-Study-Results-Report-Outdoor-Sources_Final_with-Attachments.pdf
B19: PNNL 20405, 2010 | C19: https://www.pnnl.gov/main/publications/external/technical_reports/PNNL-20405.pdf
B20: Air leakage Memo, NORESCO, 2025 | C20: Infiltration_rate_report_14May2025-Short-Version.docx
B21: Proposed Updates to Equipment Power Densities and Building Schedules for the 2028 Energy Code, referred to as "Plug load and schedules project with CEC, 2025" (Docket Number =25-BSTD-03 & TN=265693) | C21: https://efiling.energy.ca.gov/GetDocument.aspx?tn=265693&DocumentContentId=102545
A23: Construction Rate
I25: Total Floor area (thousands of sf)
H26: Pre-1978 | I26: 1978-1997 | J26: 1998-2007 | K26: 2008-2018 | L26: 2019-2022
H27: New Construction (2019+) | I27: 248465.9 | J27: 93016.2 | K27: 62305.7 | L27: 27851.1
B35: Source: Dodge 2023 data ( NEW large office built after 1967)
A36: Notes
A37: Large office building is defined as any office building with a total area >150,000 sf, by analyzing Dodge 2023 data.
A38: Large office buildings cover approximately 52% of the floor area and 7% of the total number of the CA office buildings (according to the Dodge 2023 datasets).
A39: Only 2% of offices in CA have stories >6 and area <150,000. (according to the Dodge 2023 datasets)
A40: Analysis of the Dodge 2023 dataset (see table and chart below) shows that the median and average number of stories and total floor area (not footprint of each story) are considerably smaller than those represented in the existing prototypes developed by PNNL and CBECC. This suggests that a smaller prototype might better reflect the California building stock. However, we have chosen to continue using the existing prototype floor area and number of stories for the following reasons:
A41: - Developing a smaller prototype would make the CEC prototype different from national Large Office prototype.
A42: - Change would likely have little impact on energy consumption on a per sf basis (kBTU/sf), nor would it result in different HVAC system design .
B45: Statical Analysis of the CA Large Office Building Stock (STC:7,305,405 & floor area>150 ksf) | C45: No. of Stories | D45: Footprint (sf) | E45: Total Area (sf)
B46: Median | C46: 6 | D46: 40000 | E46: 250000
B47: Average | C47: 9 | D47: 35555 | E47: 320000
B48: Source: Dodge 2023 data ( NEW large office buildings built after 1967)
B50: Existing Large Office Prototype | C50: No. of Stories | D50: Footprint* (sf) | E50: Total Area (sf)
B51: CBECC (CEC) 2022 | C51: 13 | D51: 38400 | E51: 498000
B52: PNNL ASHRAE 90.1 2022 | C52: 13 | D52: 38400 | E52: 498000
B53: DEER (CPUC) 2024 | C53: 10 | D53: 17500 | E53: 175000
B68: Source: Dodge 2023 data ( NEW large office buildings built after 1967)

Sheet Prototype
A1: NORESCO, Updated November 2025
A2: OfficeLarge
A3: Characteristic | B3: Value | C3: Data Sources
A4: Building Type | B4: Large Office
A5: Building Category | B5: Nonresidential
A6: Vintages | B6: 4 Vintages: Pre-1978 , 1978-1997 ,1998-2007 , 2008-2018 New Construction (2019+) | C6: Based on the vintage bin analysis | D6: NonRes-Vintage bins-Draft Report-30Nov2023-Final.docx
A7: Shape | C7: Number of floors: Based on the existing Large Office prototypes (PNNL, CEC) Footprint (floor area of each story): Supported by Dodge 2023 data and consistent with the existing Large Office prototypes Zone configuration and floor plan layout: Based on the ORNL 2019 project, with modifications informed by engineering and architectural judgment (see the "Zones" tab for more details) | D7: https://publications.ibpsa.org/proceedings/simbuild/2020/papers/simbuild2020_C064.pdf
A8: Total Floor Area (ft2) | B8: 498,589 (240 ft *160 ft) | C8: Same as CEC and PNNL
A9: Aspect Ratio | B9: 1.5 | C9: Same as CEC and PNNL
A10: Number of Floors | B10: 12 Floor + basement | C10: Number of floor: based on the existing Large Office prototypes (PNNL,CEC)
A11: Roof type | B11: Flat | C11: Supported by CBECS 2018 data (Same as CEC and PNNL)
A12: WWR | B12: 40% of the above grade wall
A13: Window dimensions | B13: Even distribution
A14: Shading Geometry | B14: None
A15: Floor to floor height (feet) | B15: 13 | C15: Same as CEC and PNNL
A16: Floor to ceiling height (feet) | B16: 9 | C16: Same as CEC and PNNL
A17: Glazing sill height (feet) | B17: 3 | C17: Same as CEC and PNNL

Sheet Envelope
A1: ="Envelope - "&Prototype!A2 -> Envelope - OfficeLarge
A2: Element | B2: Prototype | C2: Assembly Type | D2: Construction | E2: Thermal Properties | F2: Vintage | G2: Selected T24 | H2: Note | I2: CZ1 | J2: CZ2 | K2: CZ3 | L2: CZ4 | M2: CZ5 | N2: CZ6 | O2: CZ7 | P2: CZ8 | Q2: CZ9 | R2: CZ10 | S2: CZ11 | T2: CZ12 | U2: CZ13 | V2: CZ14 | W2: CZ15 | X2: CZ16
A3: External Wall | B3: OfficeLarge | C3: ExtWall_MetalFramed_NonRes | D3: Metal frame + insulation + Gypsum board | E3: U-factor IP | F3: Pre 1978 | G3: N/A | H3: ASHRAE 90.1 Table A3.3.3.1, 16" on center, R-0 | I3: 0.352 | J3: 0.352 | K3: 0.352 | L3: 0.352 | M3: 0.352 | N3: 0.352 | O3: 0.352 | P3: 0.352 | Q3: 0.352 | R3: 0.352 | S3: 0.352 | T3: 0.352 | U3: 0.352 | V3: 0.352 | W3: 0.352 | X3: 0.352
F4: 1978-1997 | G4: 1986 | H4: High-rise office: Package A with heat capacity 10.0-14.99 (BTU/F/ft2) | I4: =1/4.7 -> 0.21276596 | J4: =1/4.4 -> 0.22727273 | K4: =1/4.4 -> 0.22727273 | L4: =1/4.6 -> 0.2173913 | M4: =1/4.6 -> 0.2173913 | N4: =1/3.9 -> 0.25641026 | O4: =1/3.9 -> 0.25641026 | P4: =1/3.9 -> 0.25641026 | Q4: =1/3.9 -> 0.25641026 | R4: =1/3.9 -> 0.25641026 | S4: =1/4.2 -> 0.23809524 | T4: =1/4.2 -> 0.23809524 | U4: =1/4.2 -> 0.23809524 | V4: =1/4.8 -> 0.20833333 | W4: =1/4.8 -> 0.20833333 | X4: =1/4.7 -> 0.21276596
F5: 1998-2007 | G5: 2001 | I5: 0.182 | J5: 0.182 | K5: 0.189 | L5: 0.189 | M5: 0.189 | N5: 0.189 | O5: 0.189 | P5: 0.189 | Q5: 0.189 | R5: 0.182 | S5: 0.182 | T5: 0.182 | U5: 0.182 | V5: 0.182 | W5: 0.182 | X5: 0.182
F6: 2008-2018 | G6: 2013 | I6: 0.098 | J6: 0.062 | K6: 0.082 | L6: 0.062 | M6: 0.062 | N6: 0.098 | O6: 0.098 | P6: 0.062 | Q6: 0.062 | R6: 0.062 | S6: 0.062 | T6: 0.062 | U6: 0.062 | V6: 0.062 | W6: 0.062 | X6: 0.062
F7: 2019+ | G7: 2025 | I7: 0.06 | J7: 0.055 | K7: 0.071 | L7: 0.055 | M7: 0.055 | N7: 0.06 | O7: 0.06 | P7: 0.055 | Q7: 0.055 | R7: 0.055 | S7: 0.055 | T7: 0.055 | U7: 0.055 | V7: 0.055 | W7: 0.055 | X7: 0.055
A8: Roof | B8: OfficeLarge | C8: FlatRoof_WoodFramedAndOther_NonRes | D8: Metal deck + insulation + Roof membrane | E8: U-factor IP | F8: Pre 1978 | G8: N/A | H8: Considering 30 years for roof/ insulation replacement. | I8: =I9 -> 0.057 | J8: =J9 -> 0.057 | K8: =K9 -> 0.057 | L8: =L9 -> 0.057 | M8: =M9 -> 0.057 | N8: =N9 -> 0.078 | O8: =O9 -> 0.078 | P8: =P9 -> 0.078 | ... X8: =X9 -> 0.057
F9: 1978-1997 | G9: 1992 | I9: 0.057 | J9: 0.057 | K9: 0.057 | L9: 0.057 | M9: 0.057 | N9: 0.078 | O9: 0.078 | P9: 0.078 | Q9: 0.078 | R9: 0.078 | S9: 0.057 | T9: 0.057 | U9: 0.057 | V9: 0.057 | W9: 0.057 | X9: 0.057
F10: 1998-2007 | G10: 2001 | I10: 0.057 | J10: 0.057 | K10: 0.057 | L10: 0.057 | M10: 0.057 | N10: 0.078 | O10: 0.078 | P10: 0.078 | Q10: 0.078 | R10: 0.057 | S10: 0.057 | T10: 0.057 | U10: 0.057 | V10: 0.057 | W10: 0.057 | X10: 0.057
F11: 2008-2018 | G11: 2013 | I11: 0.049 | J11: 0.039 | K11: 0.039 | L11: 0.039 | M11: 0.049 | N11: 0.075 | O11: 0.067 | P11: 0.067 | Q11: 0.039 | R11: 0.039 | S11: 0.039 | T11: 0.039 | U11: 0.039 | V11: 0.039 | W11: 0.039 | X11: 0.039
F12: 2019+ | G12: 2025 | I12: 0.028 | J12: 0.028 | K12: 0.028 | L12: 0.028 | M12: 0.028 | N12: 0.047 | O12: 0.047 | P12: 0.047 | Q12: 0.028 | R12: 0.028 | S12: 0.028 | T12: 0.028 | U12: 0.028 | V12: 0.028 | W12: 0.028 | X12: 0.028
A13: Windows | B13: OfficeLarge | C13: FixedWindow_NonRes | D13: CBECS 2018 shows that ~50% of large offices that were built before 2000 are single pane | E13: U-factor IP | F13: Pre 1978 | G13: N/A | H13: ASHRAE Handbook of Fundamentals for single pane (Table 4-Ch15) & T24, 2013 for double pane(50%-50%)* | I13: =1.12*0.5+I$16*0.5 -> 0.74 | J13: =1.12*0.5+J$16*0.5 -> 0.74 | K13: =1.12*0.5+K$16*0.5 -> 0.74 | L13: =1.12*0.5+L$16*0.5 -> 0.74 | M13: =1.12*0.5+M$16*0.5 -> 0.74 | N13: =1.12*0.5+N$16*0.5 -> 0.74 | O13: =1.12*0.5+O$16*0.5 -> 0.74 | P13: =1.12*0.5+P$16*0.5 -> 0.74 | ... X13: =1.12*0.5+X$16*0.5 -> 0.74
F14: 1978-1997 | G14: N/A | I14: =1.12*0.5+I$16*0.5 -> 0.74 | J14: =1.12*0.5+J$16*0.5 -> 0.74 | K14: =1.12*0.5+K$16*0.5 -> 0.74 | L14: =1.12*0.5+L$16*0.5 -> 0.74 | M14: =1.12*0.5+M$16*0.5 -> 0.74 | N14: =1.12*0.5+N$16*0.5 -> 0.74 | O14: =1.12*0.5+O$16*0.5 -> 0.74 | P14: =1.12*0.5+P$16*0.5 -> 0.74 | ... X14: =1.12*0.5+X$16*0.5 -> 0.74
D15: Double pane | F15: 1998-2007 | G15: 2001 | I15: 0.49 | J15: 0.49 | K15: 0.81 | L15: 0.81 | M15: 0.81 | N15: 0.81 | O15: 0.81 | P15: 0.81 | Q15: 0.81 | R15: 0.49 | S15: 0.49 | T15: 0.49 | U15: 0.49 | V15: 0.49 | W15: 0.49 | X15: 0.49
F16: 2008-2018 | G16: 2013 | I16: 0.36 | J16: 0.36 | K16: 0.36 | L16: 0.36 | M16: 0.36 | N16: 0.36 | O16: 0.36 | P16: 0.36 | Q16: 0.36 | R16: 0.36 | S16: 0.36 | T16: 0.36 | U16: 0.36 | V16: 0.36 | W16: 0.36 | X16: 0.36
F17: 2019+ | G17: 2025 | I17: 0.36 | J17: 0.36 | K17: 0.36 | L17: 0.36 | M17: 0.36 | N17: 0.36 | O17: 0.36 | P17: 0.36 | Q17: 0.34 | R17: 0.36 | S17: 0.34 | T17: 0.34 | U17: 0.34 | V17: 0.34 | W17: 0.34 | X17: 0.36
C18: FixedWindow_NonRes | D18: CBECS 2018 shows that ~50% of large offices that were built before 2000 are single pane | E18: SHGC | F18: Pre 1978 | G18: N/A | H18: ASHRAE Handbook of Fundamentals for single pane (Table 10-Ch15) & T24, 2013 for double pane(50%-50%)* | I18: =0.79*0.5+I$21*0.5 -> 0.52 | J18: =0.79*0.5+J$21*0.5 -> 0.52 | K18: =0.79*0.5+K$21*0.5 -> 0.52 | L18: =0.79*0.5+L$21*0.5 -> 0.52 | M18: =0.79*0.5+M$21*0.5 -> 0.52 | N18: =0.79*0.5+N$21*0.5 -> 0.52 | O18: =0.79*0.5+O$21*0.5 -> 0.52 | P18: =0.79*0.5+P$21*0.5 -> 0.52 | ... X18: =0.79*0.5+X$21*0.5 -> 0.52
F19: 1978-1997 | G19: N/A | I19: =I18 -> 0.52 | J19: =J18 -> 0.52 | K19: =K18 -> 0.52 | L19: =L18 -> 0.52 | M19: =M18 -> 0.52 | N19: =N18 -> 0.52 | O19: =O18 -> 0.52 | P19: =P18 -> 0.52 | ... X19: =X18 -> 0.52
F20: 1998-2007 | G20: 2001 | H20: WWR:20-30 / SHGC non-north (Non-north SHGC is more stringent than north and is therefore considered for all sides) | I20: 0.43 | J20: 0.36 | K20: 0.41 | L20: 0.41 | M20: 0.41 | N20: 0.39 | O20: 0.39 | P20: 0.39 | Q20: 0.39 | R20: 0.36 | S20: 0.36 | T20: 0.36 | U20: 0.36 | V20: 0.36 | W20: 0.36 | X20: 0.43
F21: 2008-2018 | G21: 2013 | I21: 0.25 | J21: 0.25 | K21: 0.25 | L21: 0.25 | M21: 0.25 | N21: 0.25 | O21: 0.25 | P21: 0.25 | Q21: 0.25 | R21: 0.25 | S21: 0.25 | T21: 0.25 | U21: 0.25 | V21: 0.25 | W21: 0.25 | X21: 0.25
F22: 2019+ | G22: 2025 | I22: 0.25 | J22: 0.25 | K22: 0.25 | L22: 0.25 | M22: 0.25 | N22: 0.25 | O22: 0.25 | P22: 0.25 | Q22: 0.22 | R22: 0.25 | S22: 0.22 | T22: 0.22 | U22: 0.22 | V22: 0.22 | W22: 0.22 | X22: 0.25
E24: Infiltration rate at normal pressure (cfm/ft2) (Design flow rate approach and Flow/Exterior Wall Area calculation method)
F25: Vintage | G25: I_75 (cfm/sf) 6-sdied Infiltration rate @ 75 pa | H25: Note | I25: I-design (cfm/ft2) (4-sided Infiltration rate at normal pressure) (Design flow rate approach and Flow/Exterior Wall Area calculation method)
E26: Infiltration | F26: Pre 1978 | G26: 1.1 | H26: 2022 CASE report (Table 38) | I26: 0.2053
F27: 1978-1997 | G27: 1.1 | H27: 2022 CASE report (Table 38) | I27: 0.2053
F28: 1998-2007 | G28: 1.1 | H28: 2022 CASE report (Table 38) | I28: 0.2053
F29: 2008-2018 | G29: 1 | H29: 2022 CASE report (Table 38) & Title 24, part 6, 2008-2016 (Table 140.3-B) | I29: 0.1878
F30: 2019+ | G30: 0.6 | H30: 2022 CASE report (Table 38) & Title 24, part 6, 2025 (Table 140.3-B) | I30: 0.112
E31: Source: Title 24 air barrier requirements (all editions) and the standardized infiltration rate reported in the 2022 CASE report and Dodge 2023 data
E32: Air Leakage Memo: | G32: Infiltration_rate_report_14May2025-Short-Version.docx
A35: *Note for windows properties in vintage 1 &2 :
A36: We’ve considered a 50% single-pane and 50% double-pane mix (based on the 2013 requirements) for the window properties in Vintage 1 & 2 (pre-1998 buildings).
A37: We don't have California-specific data, and the decision was based on the CBECS 2018 data, which indicates:
A38: - 30% of large offices built before 1978 have mixed windows, while only 16% of large offices from the second vintage (1978-1997) have mixed glass.
A39: - Pre-1980: Among those with either single or double-pane windows, 70% have single-pane windows, and 30% have double-pane windows.
A40: - 1980-1999: Among those with either single or double-pane windows, 43% have single-pane windows, and 57% have double-pane windows.
A41: - Pre-2000: Among those with either single or double-pane windows, 49% has single pane windows.
A42: Considering the Pre-2000 percentage, we've decided to apply the 50%-50% mix to the window properties of the first two vintages.
C49: Fixed windows | D49: Double pane | E49: SHGC | F49: 1998-2007 | G49: 2001 | H49: WWR:20-30 / SHGC north | I49: 0.47 | J49: 0.47 | K49: 0.61 | L49: 0.61 | M49: 0.61 | N49: 0.61 | O49: 0.61 | P49: 0.61 | Q49: 0.61 | R49: 0.47 | S49: 0.47 | T49: 0.47 | U49: 0.47 | V49: 0.47 | W49: 0.47 | X49: 0.47
H50: WWR:20-30 / SHGC non-north | I50: 0.43 | J50: 0.36 | K50: 0.41 | L50: 0.41 | M50: 0.41 | N50: 0.39 | O50: 0.39 | P50: 0.39 | Q50: 0.39 | R50: 0.36 | S50: 0.36 | T50: 0.36 | U50: 0.36 | V50: 0.36 | W50: 0.36 | X50: 0.43

Sheet Zones
A1: ="Proposed Layout - "&Prototype!A2 -> Proposed Layout - OfficeLarge
A2: Space/ Thermal Zone | B2: Space Type | C2: HVAC System Name/AHU Name | D2: Schedule Category | E2: Conditioned (Y/N) | F2: Area Fraction | G2: Area (ft²) | H2: Volume (ft³) | I2: Multipliers | J2: Number of People | K2: People (Persons/1,000 ft²) [T24, 2025,Table 120.1-A]
A3: Perimeter_Open_ Office_N_Basement | B3: Office Area (>250 square feet) | C3: VAV With Reheat_Basement | D3: Office | E3: Y | F3: =G3/$G$82 -> 0.016883955 | G3: 8416.86 | H3: =G3*Prototype!$B$16 -> 75751.74 | I3: 1 | J3: =IFERROR(K3*G3/1000,"") -> 42.0843 | K3: 5
A4: Perimeter_Open_ Office_S_Basement | B4: Office Area (>250 square feet) | C4: VAV With Reheat_Basement | D4: Office | E4: Y | F4: =G4/$G$82 -> 0.0073462172 | G4: 3662.18 | H4: =G4*Prototype!$B$16 -> 32959.62 | I4: 1 | J4: =IFERROR(K4*G4/1000,"") -> 18.3109 | K4: =K3 -> 5
A5: Core_Enclosed_Office_Basement | B5: Office Area (>250 square feet) | C5: VAV With Reheat_Basement | D5: Office | E5: Y | F5: =G5/$G$82 -> 0.0074294649 | G5: 3703.68 | H5: =G5*Prototype!$B$16 -> 33333.12 | I5: 1 | J5: =IFERROR(K5*G5/1000,"") -> 18.5184 | K5: =K3 -> 5
A6: Server_Room_Basement | B6: Server Room (EPD 45) | C6: CRAH_ServerRoom_Basement | D6: Data | E6: Y | F6: =G6/$G$82 -> 0.016505108 | G6: 8228 | H6: =G6*Prototype!$B$16 -> 74052 | I6: 1 | J6: =IFERROR(K6*G6/1000,"") -> 0 | K6: 0
A7: Mech/Elec_Basement | B7: Electrical, Mechanical, Telephone Rooms | C7: VAV With Reheat_Basement | D7: Office | E7: Y | F7: =G7/$G$82 -> 0.015963496 | G7: 7958 | H7: =G7*Prototype!$B$16 -> 71622 | I7: 1 | J7: =IFERROR(K7*G7/1000,"") -> 0 | K7: 0
A8: Conference_Basement | B8: Convention, Conference, Multipurpose and Meeting Area | C8: VAV With Reheat_Basement | D8: Office | E8: Y | F8: =G8/$G$82 -> 0.0011628599 | G8: 579.7 | H8: =G8*Prototype!$B$16 -> 5217.3 | I8: 1 | J8: =IFERROR(K8*G8/1000,"") -> 19.1301 | K8: 33
A9: Break_Basement | B9: Lounge, Breakroom, or Waiting Area | C9: VAV With Reheat_Basement | D9: Office | E9: Y | F9: =G9/$G$82 -> 0.0019518072 | G9: 973 | H9: =G9*Prototype!$B$16 -> 8757 | I9: 1 | J9: =IFERROR(K9*G9/1000,"") -> 32.109 | K9: 33
A10: Storage_Basement | B10: Storage (General) | C10: VAV With Reheat_Basement | D10: Office | E10: Y | F10: =G10/$G$82 -> 0.002469347 | G10: 1231 | H10: =G10*Prototype!$B$16 -> 11079 | I10: 1 | J10: =IFERROR(K10*G10/1000,"") -> 0 | K10: 0
A11: Restroom_Basement | B11: Restrooms | C11: VAV With Reheat_Basement | D11: Office | E11: Y | F11: =G11/$G$82 -> 0.0019778848 | G11: 986 | H11: =G11*Prototype!$B$16 -> 8874 | I11: 1 | J11: =IFERROR(K11*G11/1000,"") -> 0 | K11: 0
A12: Lobby_Basement | B12: Lobby, Main Entry | C12: VAV With Reheat_Basement | D12: Office | E12: Y | F12: =G12/$G$82 -> 0.0014182196 | G12: 707 | H12: =G12*Prototype!$B$16 -> 6363 | I12: 1 | J12: =IFERROR(K12*G12/1000,"") -> 7.07 | K12: 10 | L12: Number of People: 10 according to ASHRAE 62.1 Table 6-1 for main entry lobbies T24: 33 for main Entry lobbies & 5 for reception area
A13: Stair/Elevator_Basement | B13: Stairwell | C13: VAV With Reheat_Basement | D13: Office | E13: Y | F13: =G13/$G$82 -> 0.0018876162 | G13: 941 | H13: =G13*Prototype!$B$16 -> 8469 | I13: 1 | J13: =IFERROR(K13*G13/1000,"") -> 0 | K13: 0
A14: Corridor_W_Basement | B14: Corridor Area | C14: VAV With Reheat_Basement | D14: Office | E14: Y | F14: =G14/$G$82 -> 0.00052736908 | G14: 262.9 | H14: =G14*Prototype!$B$16 -> 2366.1 | I14: 1 | J14: =IFERROR(K14*G14/1000,"") -> 1.3145 | K14: 5
A15: Corridor_E_Basement | B15: Corridor Area | C15: VAV With Reheat_Basement | D15: Office | E15: Y | F15: =G15/$G$82 -> 0.0014101958 | G15: 703 | H15: =G15*Prototype!$B$16 -> 6327 | I15: 1 | J15: =IFERROR(K15*G15/1000,"") -> 3.515 | K15: 5
A16: Perimeter_Open_ Office_N_FloorG | B16: Office Area (>250 square feet) | C16: VAV With Reheat_FloorG | D16: Office | E16: Y | F16: =G16/$G$82 -> 0.014103964 | G16: 7031 | H16: =G16*Prototype!$B$16 -> 63279 | I16: 1 | J16: =IFERROR(K16*G16/1000,"") -> 35.155 | K16: =$K$3 -> 5
A17: Perimeter_Open_ Office_W_FloorG | B17: Office Area (>250 square feet) | C17: VAV With Reheat_FloorG | D17: Office | E17: Y | F17: =G17/$G$82 -> 0.011626111 | G17: 5795.76 | H17: =G17*Prototype!$B$16 -> 52161.84 | I17: 1 | J17: =IFERROR(K17*G17/1000,"") -> 28.9788 | K17: =$K$3 -> 5
A18: Perimeter_Open_ Office_E_FloorG | B18: Office Area (>250 square feet) | C18: VAV With Reheat_FloorG | D18: Office | E18: Y | F18: =G18/$G$82 -> 0.011786027 | G18: 5875.48 | H18: =G18*Prototype!$B$16 -> 52879.32 | I18: 1 | J18: =IFERROR(K18*G18/1000,"") -> 29.3774 | K18: =$K$3 -> 5
A19: Perimeter_Enclosed_ Office_NE_FloorG | B19: Office Area (>250 square feet) | C19: VAV With Reheat_FloorG | D19: Office | E19: Y | F19: =G19/$G$82 -> 0.0018402353 | G19: 917.38 | H19: =G19*Prototype!$B$16 -> 8256.42 | I19: 1 | J19: =IFERROR(K19*G19/1000,"") -> 4.5869 | K19: =$K$3 -> 5
A20: Perimeter_Enclosed_ Office_NW_FloorG | B20: Office Area (>250 square feet) | C20: VAV With Reheat_FloorG | D20: Office | E20: Y | F20: =G20/$G$82 -> 0.0022679679 | G20: 1130.61 | H20: =G20*Prototype!$B$16 -> 10175.49 | I20: 1 | J20: =IFERROR(K20*G20/1000,"") -> 5.65305 | K20: =$K$3 -> 5 | N20: Basement | T20: First Floor | Y20: Middle/Top Floors
A21: Core_Enclosed_Office_FloorG | B21: Office Area (>250 square feet) | C21: VAV With Reheat_FloorG | D21: Office | E21: Y | F21: =G21/$G$82 -> 0.0066437672 | G21: 3312 | H21: =G21*Prototype!$B$16 -> 29808 | I21: 1 | J21: =IFERROR(K21*G21/1000,"") -> 16.56 | K21: =$K$3 -> 5
A22: Server_Room_FloorG | B22: Computer Room (EPD 20) | C22: CRAC DX Clg_FloorG | D22: Data | E22: Y | F22: =G22/$G$82 -> 0.00083837442 | G22: 417.94 | H22: =G22*Prototype!$B$16 -> 3761.46 | I22: 1 | J22: =IFERROR(K22*G22/1000,"") -> 0 | K22: 0 | O22: Spaces of Basement​ | P22: Area (ft2)​ | Q22: % of footprint | T22: Spaces of First Floor​ | U22: Area (ft2)​ | V22: % of footprint | Y22: Spaces of Middle/Top Floor​s | Z22: Area (ft2)​ | AA22: % of footprint
A23: Mech/Elec_FloorG | B23: Electrical, Mechanical, Telephone Rooms | C23: VAV With Reheat_FloorG | D23: Office | E23: Y | F23: =G23/$G$82 -> 0.0017030671 | G23: 849 | H23: =G23*Prototype!$B$16 -> 7641 | I23: 1 | J23: =IFERROR(K23*G23/1000,"") -> 0 | K23: 0 | O23: Open office​ | P23: =G3+G4 -> 12079.04 | Q23: =P23/$P$36 -> 0.31494381 | T23: Open office​ | U23: =G17+G18+G16 -> 18702.24 | V23: =U23/$P$36 -> 0.48763434 | Y23: Open office​ | Z23: =G36+G37+G38+G39 -> 21287.86 | AA23: =Z23/$P$36 -> 0.55505071
A24: Conference_FloorG | B24: Convention, Conference, Multipurpose and Meeting Area | C24: VAV With Reheat_FloorG | D24: Office | E24: Y | F24: =G24/$G$82 -> 0.001584715 | G24: 790 | H24: =G24*Prototype!$B$16 -> 7110 | I24: 1 | J24: =IFERROR(K24*G24/1000,"") -> 26.07 | K24: 33 | O24: Core Enclosed Office​ | P24: =G5 -> 3703.68 | Q24: =P24/$P$36 -> 0.096568195 | T24: Core Enclosed Office​ | U24: =G21 -> 3312 | V24: =U24/$P$36 -> 0.086355696 | Y24: Core Enclosed Office​ | Z24: =G44 -> 3233 | AA24: =Z24/$P$36 -> 0.084295883
A25: Break_FloorG | B25: Lounge, Breakroom, or Waiting Area | C25: VAV With Reheat_FloorG | D25: Office | E25: Y | F25: =G25/$G$82 -> 0.0012397887 | G25: 618.05 | H25: =G25*Prototype!$B$16 -> 5562.45 | I25: 1 | J25: =IFERROR(K25*G25/1000,"") -> 20.39565 | K25: 33 | O25: Perimeter Enclosed Office​ | P25: _ | Q25: _ | T25: Perimeter Enclosed Office​ | U25: =G20+G19 -> 2047.99 | V25: =U25/$P$36 -> 0.05339843 | Y25: Perimeter Enclosed Office​ | Z25: =G40+G41+G42+G43 -> 4092.56 | AA25: =Z25/$P$36 -> 0.10670769
A26: FoodPrep_FloorG | B26: Kitchen/Food Preparation Area | C26: VAV With Reheat_FloorG | D26: Office | E26: Y | F26: =G26/$G$82 -> 0.001879472 | G26: 936.94 | H26: =G26*Prototype!$B$16 -> 8432.46 | I26: 1 | J26: =IFERROR(K26*G26/1000,"") -> 2.81082 | K26: 3 | O26: Conference​ | P26: =G8 -> 579.7 | Q26: =P26/$P$36 -> 0.015114854 | T26: Conference​ | U26: =G24 -> 790 | V26: =U26/$P$36 -> 0.020598128 | Y26: Conference​ | Z26: =G47+G48+G49+G50 -> 2323.24 | AA26: =Z26/$P$36 -> 0.060575183
A27: Storage_FloorG | B27: Storage (General) | C27: VAV With Reheat_FloorG | D27: Office | E27: Y | F27: =G27/$G$82 -> 0.0019237638 | G27: 959.02 | H27: =G27*Prototype!$B$16 -> 8631.18 | I27: 1 | J27: =IFERROR(K27*G27/1000,"") -> 0 | K27: 0 | O27: Break + Food prep​ | P27: =G9 -> 973 | Q27: =P27/$P$36 -> 0.025369593 | T27: Break + Food prep​ | U27: =G26+G25 -> 1554.99 | V27: =U27/$P$36 -> 0.040544156 | Y27: Break + Food prep​ | Z27: =G51 -> 910 | AA27: =Z27/$P$36 -> 0.023726957
A28: Locker_FloorG | B28: Locker Room | C28: VAV With Reheat_FloorG | D28: Office | E28: Y | F28: =G28/$G$82 -> 0.0036407724 | G28: 1814.97 | H28: =G28*Prototype!$B$16 -> 16334.73 | I28: 1 | J28: =IFERROR(K28*G28/1000,"") -> 18.1497 | K28: 10 | L28: Based on 2022 CEC AP5 | O28: Storage​ | P28: =G10 -> 1231 | Q28: =P28/$P$36 -> 0.032096577 | T28: Storage​+locker | U28: =G28+G27 -> 2773.99 | V28: =U28/$P$36 -> 0.072327849 | Y28: Storage​ | Z28: =G52 -> 738 | AA28: =Z28/$P$36 -> 0.019242302
A29: Lobby_S_FloorG | B29: Lobby, Main Entry | C29: VAV With Reheat_FloorG | D29: Office | E29: Y | F29: =G29/$G$82 -> 0.0067413174 | G29: 3360.63 | H29: =G29*Prototype!$B$16 -> 30245.67 | I29: 1 | J29: =IFERROR(K29*G29/1000,"") -> 33.6063 | K29: =K12 -> 10 | O29: Mech/Elec​ | P29: =G7 -> 7958 | Q29: =P29/$P$36 -> 0.20749355 | T29: Mech/Elec​ | U29: =G23 -> 849 | V29: =U29/$P$36 -> 0.022136469 | Y29: Mech/Elec​ | Z29: =G46 -> 1070 | AA29: =Z29/$P$36 -> 0.02789873
A30: Lobby_FloorG | B30: Lobby, Main Entry | C30: VAV With Reheat_FloorG | D30: Office | E30: Y | F30: =G30/$G$82 -> 0.0013707985 | G30: 683.36 | H30: =G30*Prototype!$B$16 -> 6150.24 | I30: 1 | J30: =IFERROR(K30*G30/1000,"") -> 6.8336 | K30: =K12 -> 10 | O30: Server Room​ | P30: =G6 -> 8228 | Q30: =P30/$P$36 -> 0.21453341 | T30: Server Room​ | U30: =G22 -> 417.94 | V30: =U30/$P$36 -> 0.010897192 | Y30: Server Room​ | Z30: =G45 -> 418 | AA30: =Z30/$P$36 -> 0.010898756
A31: Restroom_FloorG | B31: Restrooms | C31: VAV With Reheat_FloorG | D31: Office | E31: Y | F31: =G31/$G$82 -> 0.0023188994 | G31: 1156 | H31: =G31*Prototype!$B$16 -> 10404 | I31: 1 | J31: =IFERROR(K31*G31/1000,"") -> 0 | K31: 0 | O31: Corridor​ | P31: =G14+G15 -> 965.9 | Q31: =P31/$P$36 -> 0.025184471 | T31: Corridor​ | U31: =G34+G33 -> 1803.99 | V31: =U31/$P$36 -> 0.047036477 | Y31: Corridor​ | Z31: =G56+G57 -> 1591.24 | AA31: =Z31/$P$36 -> 0.041489323
A32: Stair/Elevator_FloorG | B32: Stairwell | C32: VAV With Reheat_FloorG | D32: Office | E32: Y | F32: =G32/$G$82 -> 0.0017010612 | G32: 848 | H32: =G32*Prototype!$B$16 -> 7632 | I32: 1 | J32: =IFERROR(K32*G32/1000,"") -> 0 | K32: 0 | O32: Restroom​ | P32: =G11 -> 986 | Q32: =P32/$P$36 -> 0.02570855 | T32: Restroom​ | U32: =G31 -> 1156 | V32: =U32/$P$36 -> 0.030141058 | Y32: Restroom​ | Z32: =G54 -> 1155 | AA32: =Z32/$P$36 -> 0.030114984
A33: Corridor_W_FloorG | B33: Corridor Area | C33: VAV With Reheat_FloorG | D33: Office | E33: Y | F33: =G33/$G$82 -> 0.0020177635 | G33: 1005.88 | H33: =G33*Prototype!$B$16 -> 9052.92 | I33: 1 | J33: =IFERROR(K33*G33/1000,"") -> 5.0294 | K33: 5 | O33: Lobby​ | P33: =G12 -> 707 | Q33: =P33/$P$36 -> 0.018434021 | T33: Lobby​ | U33: =G30+G29 -> 4043.99 | V33: =U33/$P$36 -> 0.1054413 | Y33: Lobby​ | Z33: =G53 -> 684 | AA33: =Z33/$P$36 -> 0.017834328
A34: Corridor_E_FloorG | B34: Corridor Area | C34: VAV With Reheat_FloorG | D34: Office | E34: Y | F34: =G34/$G$82 -> 0.0016009834 | G34: 798.11 | H34: =G34*Prototype!$B$16 -> 7182.99 | I34: 1 | J34: =IFERROR(K34*G34/1000,"") -> 3.99055 | K34: 5 | O34: Stair/Elevator​ | P34: =G13 -> 941 | Q34: =P34/$P$36 -> 0.024535238 | T34: Stair/Elevator​ | U34: =G32 -> 848 | V34: =U34/$P$36 -> 0.022110396 | Y34: Stair/Elevator​ | Z34: =G55 -> 848 | AA34: =Z34/$P$36 -> 0.022110396
A35: Plenum_FloorG | B35: Plenum | C35: _ | E35: N | G35: =G58 -> 38352.015 | H35: =G35*(Prototype!$B$15-Prototype!$B$16) -> 153408.06 | I35: 1 | J35: =IFERROR(K35*G35/1000,"") -> 0 | K35: 0 | T35: Plenum​ | U35: =G35 -> 38352.015 | V35: =U35/$P$36 -> 0.99997432 | Y35: Plenum​ | Z35: 38,353 ​ | AA35: 1
A36: Perimeter_Open_ Office_N_FloorM | B36: Office Area (>250 square feet) | C36: VAV With Reheat_FloorM | D36: Office | E36: Y | F36: =G36/$G$82 -> 0.014305142 | G36: 7131.29 | H36: =G36*Prototype!$B$16 -> 64181.61 | I36: 10 | J36: =IFERROR(K36*G36/1000,"") -> 35.65645 | K36: 5 | P36: 38353 | Z36: =SUM(Z23:Z34) -> 38350.9
A37: Perimeter_Open_ Office_S_FloorM | B37: Office Area (>250 square feet) | C37: VAV With Reheat_FloorM | D37: Office | E37: Y | F37: =G37/$G$82 -> 0.010505998 | G37: 5237.37 | H37: =G37*Prototype!$B$16 -> 47136.33 | I37: 10 | J37: =IFERROR(K37*G37/1000,"") -> 26.18685 | K37: =K3 -> 5
A38: Perimeter_Open_ Office_E_FloorM | B38: Office Area (>250 square feet) | C38: VAV With Reheat_FloorM | D38: Office | E38: Y | F38: =G38/$G$82 -> 0.0089675612 | G38: 4470.44 | H38: =G38*Prototype!$B$16 -> 40233.96 | I38: =I37 -> 10 | J38: =IFERROR(K38*G38/1000,"") -> 22.3522 | K38: =K3 -> 5
A39: Perimeter_Open_ Office_W_FloorM | B39: Office Area (>250 square feet) | C39: VAV With Reheat_FloorM | D39: Office | E39: Y | F39: =G39/$G$82 -> 0.0089240718 | G39: 4448.76 | H39: =G39*Prototype!$B$16 -> 40038.84 | I39: =I38 -> 10 | J39: =IFERROR(K39*G39/1000,"") -> 22.2438 | K39: =K3 -> 5
A40: Perimeter_Enclosed_ Office_NE_FloorM | B40: Office Area (>250 square feet) | C40: VAV With Reheat_FloorM | D40: Office | E40: Y | F40: =G40/$G$82 -> 0.0018402353 | G40: 917.38 | H40: =G40*Prototype!$B$16 -> 8256.42 | I40: =I39 -> 10 | J40: =IFERROR(K40*G40/1000,"") -> 4.5869 | K40: =K3 -> 5
A41: Perimeter_Enclosed_ Office_NW_FloorM | B41: Office Area (>250 square feet) | C41: VAV With Reheat_FloorM | D41: Office | E41: Y | F41: =G41/$G$82 -> 0.0022691715 | G41: 1131.21 | H41: =G41*Prototype!$B$16 -> 10180.89 | I41: =I40 -> 10 | J41: =IFERROR(K41*G41/1000,"") -> 5.65605 | K41: =K3 -> 5
A42: Perimeter_Enclosed_ Office_SW_FloorM | B42: Office Area (>250 square feet) | C42: VAV With Reheat_FloorM | D42: Office | E42: Y | F42: =G42/$G$82 -> 0.002027011 | G42: 1010.49 | H42: =G42*Prototype!$B$16 -> 9094.41 | I42: =I41 -> 10 | J42: =IFERROR(K42*G42/1000,"") -> 5.05245 | K42: =K3 -> 5
A43: Perimeter_Enclosed_ Office_SE_FloorM | B43: Office Area (>250 square feet) | C43: VAV With Reheat_FloorM | D43: Office | E43: Y | F43: =G43/$G$82 -> 0.0020731282 | G43: 1033.48 | H43: =G43*Prototype!$B$16 -> 9301.32 | I43: =I42 -> 10 | J43: =IFERROR(K43*G43/1000,"") -> 5.1674 | K43: =K3 -> 5
A44: Core_Enclosed_ Office_FloorM | B44: Office Area (>250 square feet) | C44: VAV With Reheat_FloorM | D44: Office | E44: Y | F44: =G44/$G$82 -> 0.0064852957 | G44: 3233 | H44: =G44*Prototype!$B$16 -> 29097 | I44: =I43 -> 10 | J44: =IFERROR(K44*G44/1000,"") -> 16.165 | K44: =K3 -> 5
A45: Server_Room_FloorM | B45: Computer Room (EPD 20) | C45: CRAC DX Clg_FloorM | D45: Data | E45: Y | F45: =G45/$G$82 -> 0.00083849477 | G45: 418 | H45: =G45*Prototype!$B$16 -> 3762 | I45: =I44 -> 10 | J45: =IFERROR(K45*G45/1000,"") -> 0 | K45: 0
A46: Mech/Elec_FloorM | B46: Electrical, Mechanical, Telephone Rooms | C46: VAV With Reheat_FloorM | D46: Office | E46: Y | F46: =G46/$G$82 -> 0.0021463861 | G46: 1070 | H46: =G46*Prototype!$B$16 -> 9630 | I46: =I45 -> 10 | J46: =IFERROR(K46*G46/1000,"") -> 0 | K46: 0
A47: Conference_N_FloorM | B47: Convention, Conference, Multipurpose and Meeting Area | C47: VAV With Reheat_FloorM | D47: Office | E47: Y | F47: =G47/$G$82 -> 0.0015843138 | G47: 789.8 | H47: =G47*Prototype!$B$16 -> 7108.2 | I47: =I46 -> 10 | J47: =IFERROR(K47*G47/1000,"") -> 26.0634 | K47: 33
A48: Conference_W_FloorM | B48: Convention, Conference, Multipurpose and Meeting Area | C48: VAV With Reheat_FloorM | D48: Office | E48: Y | F48: =G48/$G$82 -> 0.00067488799 | G48: 336.44 | H48: =G48*Prototype!$B$16 -> 3027.96 | I48: =I47 -> 10 | J48: =IFERROR(K48*G48/1000,"") -> 11.10252 | K48: 33
A49: Conference_S_FloorM | B49: Convention, Conference, Multipurpose and Meeting Area | C49: VAV With Reheat_FloorM | D49: Office | E49: Y | F49: =G49/$G$82 -> 0.0015321586 | G49: 763.8 | H49: =G49*Prototype!$B$16 -> 6874.2 | I49: =I48 -> 10 | J49: =IFERROR(K49*G49/1000,"") -> 25.2054 | K49: 33
A50: Conference_E_FloorM | B50: Convention, Conference, Multipurpose and Meeting Area | C50: VAV With Reheat_FloorM | D50: Office | E50: Y | F50: =G50/$G$82 -> 0.00086898549 | G50: 433.2 | H50: =G50*Prototype!$B$16 -> 3898.8 | I50: =I49 -> 10 | J50: =IFERROR(K50*G50/1000,"") -> 14.2956 | K50: 33
A51: Break_FloorM | B51: Lounge, Breakroom, or Waiting Area | C51: VAV With Reheat_FloorM | D51: Office | E51: Y | F51: =G51/$G$82 -> 0.0018254312 | G51: 910 | H51: =G51*Prototype!$B$16 -> 8190 | I51: =I50 -> 10 | J51: =IFERROR(K51*G51/1000,"") -> 30.03 | K51: 33
A52: Storage_FloorM | B52: Storage (General) | C52: VAV With Reheat_FloorM | D52: Office | E52: Y | F52: =G52/$G$82 -> 0.0014804046 | G52: 738 | H52: =G52*Prototype!$B$16 -> 6642 | I52: =I51 -> 10 | J52: =IFERROR(K52*G52/1000,"") -> 0 | K52: 0
A53: Lobby_FloorM | B53: Lobby, Main Entry | C53: VAV With Reheat_FloorM | D53: Office | E53: Y | F53: =G53/$G$82 -> 0.0013720824 | G53: 684 | H53: =G53*Prototype!$B$16 -> 6156 | I53: =I52 -> 10 | J53: =IFERROR(K53*G53/1000,"") -> 6.84 | K53: =K12 -> 10
A54: Restroom_FloorM | B54: Restrooms | C54: VAV With Reheat_FloorM | D54: Office | E54: Y | F54: =G54/$G$82 -> 0.0023168935 | G54: 1155 | H54: =G54*Prototype!$B$16 -> 10395 | I54: =I53 -> 10 | J54: =IFERROR(K54*G54/1000,"") -> 0 | K54: 0
A55: Stair/Elevator_FloorM | B55: Stairwell | C55: VAV With Reheat_FloorM | D55: Office | E55: Y | F55: =G55/$G$82 -> 0.0017010612 | G55: 848 | H55: =G55*Prototype!$B$16 -> 7632 | I55: =I54 -> 10 | J55: =IFERROR(K55*G55/1000,"") -> 0 | K55: 0
A56: Corridor_W_FloorM | B56: Corridor Area | C56: VAV With Reheat_FloorM | D56: Office | E56: Y | F56: =G56/$G$82 -> 0.0020177635 | G56: 1005.88 | H56: =G56*Prototype!$B$16 -> 9052.92 | I56: =I55 -> 10 | J56: =IFERROR(K56*G56/1000,"") -> 5.0294 | K56: 5
A57: Corridor_E_FloorM | B57: Corridor Area | C57: VAV With Reheat_FloorM | D57: Office | E57: Y | F57: =G57/$G$82 -> 0.0011742136 | G57: 585.36 | H57: =G57*Prototype!$B$16 -> 5268.24 | I57: 10 | J57: =IFERROR(K57*G57/1000,"") -> 2.9268 | K57: 5
A58: Plenum_FloorM | B58: Plenum | C58: _ | E58: N | G58: =239.85*159.9 -> 38352.015 | H58: =G58*(Prototype!$B$15-Prototype!$B$16) -> 153408.06 | I58: 10 | J58: =IFERROR(K58*G58/1000,"") -> 0 | K58: 0
A59: Perimeter_Open_ Office_N_FloorT | B59: Office Area (>250 square feet) | C59: VAV With Reheat_FloorT | D59: Office | E59: Y | F59: =G59/$G$82 -> 0.014305142 | G59: 7131.29 | H59: =G59*Prototype!$B$16 -> 64181.61 | I59: 1 | J59: =IFERROR(K59*G59/1000,"") -> 35.65645 | K59: 5
A60: Perimeter_Open_ Office_S_FloorT | B60: Office Area (>250 square feet) | C60: VAV With Reheat_FloorT | D60: Office | E60: Y | F60: =G60/$G$82 -> 0.010505998 | G60: 5237.37 | H60: =G60*Prototype!$B$16 -> 47136.33 | I60: 1 | J60: =IFERROR(K60*G60/1000,"") -> 26.18685 | K60: =K3 -> 5
A61: Perimeter_Open_ Office_E_FloorT | B61: Office Area (>250 square feet) | C61: VAV With Reheat_FloorT | D61: Office | E61: Y | F61: =G61/$G$82 -> 0.0089675612 | G61: 4470.44 | H61: =G61*Prototype!$B$16 -> 40233.96 | I61: 1 | J61: =IFERROR(K61*G61/1000,"") -> 22.3522 | K61: =K3 -> 5
A62: Perimeter_Open_ Office_W_FloorT | B62: Office Area (>250 square feet) | C62: VAV With Reheat_FloorT | D62: Office | E62: Y | F62: =G62/$G$82 -> 0.0089240718 | G62: 4448.76 | H62: =G62*Prototype!$B$16 -> 40038.84 | I62: 1 | J62: =IFERROR(K62*G62/1000,"") -> 22.2438 | K62: =K3 -> 5
A63: Perimeter_Enclosed_ Office_NE_FloorT | B63: Office Area (>250 square feet) | C63: VAV With Reheat_FloorT | D63: Office | E63: Y | F63: =G63/$G$82 -> 0.0018402353 | G63: 917.38 | H63: =G63*Prototype!$B$16 -> 8256.42 | I63: 1 | J63: =IFERROR(K63*G63/1000,"") -> 4.5869 | K63: =K3 -> 5
A64: Perimeter_Enclosed_ Office_NW_FloorT | B64: Office Area (>250 square feet) | C64: VAV With Reheat_FloorT | D64: Office | E64: Y | F64: =G64/$G$82 -> 0.0022691715 | G64: 1131.21 | H64: =G64*Prototype!$B$16 -> 10180.89 | I64: 1 | J64: =IFERROR(K64*G64/1000,"") -> 5.65605 | K64: =K3 -> 5
A65: Perimeter_Enclosed_ Office_SW_FloorT | B65: Office Area (>250 square feet) | C65: VAV With Reheat_FloorT | D65: Office | E65: Y | F65: =G65/$G$82 -> 0.002027011 | G65: 1010.49 | H65: =G65*Prototype!$B$16 -> 9094.41 | I65: 1 | J65: =IFERROR(K65*G65/1000,"") -> 5.05245 | K65: =K3 -> 5
A66: Perimeter_Enclosed_ Office_SE_FloorT | B66: Office Area (>250 square feet) | C66: VAV With Reheat_FloorT | D66: Office | E66: Y | F66: =G66/$G$82 -> 0.0020731282 | G66: 1033.48 | H66: =G66*Prototype!$B$16 -> 9301.32 | I66: 1 | J66: =IFERROR(K66*G66/1000,"") -> 5.1674 | K66: =K3 -> 5
A67: Core_Enclosed_ Office_FloorT | B67: Office Area (>250 square feet) | C67: VAV With Reheat_FloorT | D67: Office | E67: Y | F67: =G67/$G$82 -> 0.0064852957 | G67: 3233 | H67: =G67*Prototype!$B$16 -> 29097 | I67: 1 | J67: =IFERROR(K67*G67/1000,"") -> 16.165 | K67: =K3 -> 5
A68: Server_Room_FloorT | B68: Computer Room (EPD 20) | C68: CRAC DX Clg_FloorT | D68: Data | E68: Y | F68: =G68/$G$82 -> 0.00083849477 | G68: 418 | H68: =G68*Prototype!$B$16 -> 3762 | I68: 1 | J68: =IFERROR(K68*G68/1000,"") -> 0 | K68: 0
A69: Mech/Elec_FloorT | B69: Electrical, Mechanical, Telephone Rooms | C69: VAV With Reheat_FloorT | D69: Office | E69: Y | F69: =G69/$G$82 -> 0.0021463861 | G69: 1070 | H69: =G69*Prototype!$B$16 -> 9630 | I69: 1 | J69: =IFERROR(K69*G69/1000,"") -> 0 | K69: 0
A70: Conference_N_FloorT | B70: Convention, Conference, Multipurpose and Meeting Area | C70: VAV With Reheat_FloorT | D70: Office | E70: Y | F70: =G70/$G$82 -> 0.0015843138 | G70: 789.8 | H70: =G70*Prototype!$B$16 -> 7108.2 | I70: 1 | J70: =IFERROR(K70*G70/1000,"") -> 26.0634 | K70: 33
A71: Conference_W_FloorT | B71: Convention, Conference, Multipurpose and Meeting Area | C71: VAV With Reheat_FloorT | D71: Office | E71: Y | F71: =G71/$G$82 -> 0.00067488799 | G71: 336.44 | H71: =G71*Prototype!$B$16 -> 3027.96 | I71: 1 | J71: =IFERROR(K71*G71/1000,"") -> 11.10252 | K71: 33
A72: Conference_S_FloorT | B72: Convention, Conference, Multipurpose and Meeting Area | C72: VAV With Reheat_FloorT | D72: Office | E72: Y | F72: =G72/$G$82 -> 0.0015321586 | G72: 763.8 | H72: =G72*Prototype!$B$16 -> 6874.2 | I72: 1 | J72: =IFERROR(K72*G72/1000,"") -> 25.2054 | K72: 33
A73: Conference_E_FloorT | B73: Convention, Conference, Multipurpose and Meeting Area | C73: VAV With Reheat_FloorT | D73: Office | E73: Y | F73: =G73/$G$82 -> 0.00086898549 | G73: 433.2 | H73: =G73*Prototype!$B$16 -> 3898.8 | I73: 1 | J73: =IFERROR(K73*G73/1000,"") -> 14.2956 | K73: 33
A74: Break_FloorT | B74: Lounge, Breakroom, or Waiting Area | C74: VAV With Reheat_FloorT | D74: Office | E74: Y | F74: =G74/$G$82 -> 0.0018254312 | G74: 910 | H74: =G74*Prototype!$B$16 -> 8190 | I74: 1 | J74: =IFERROR(K74*G74/1000,"") -> 30.03 | K74: 33
A75: Storage_FloorT | B75: Storage (General) | C75: VAV With Reheat_FloorT | D75: Office | E75: Y | F75: =G75/$G$82 -> 0.0014804046 | G75: 738 | H75: =G75*Prototype!$B$16 -> 6642 | I75: 1 | J75: =IFERROR(K75*G75/1000,"") -> 0 | K75: 0
A76: Lobby_FloorT | B76: Lobby, Main Entry | C76: VAV With Reheat_FloorT | D76: Office | E76: Y | F76: =G76/$G$82 -> 0.0013720824 | G76: 684 | H76: =G76*Prototype!$B$16 -> 6156 | I76: 1 | J76: =IFERROR(K76*G76/1000,"") -> 6.84 | K76: =K12 -> 10
A77: Restroom_FloorT | B77: Restrooms | C77: VAV With Reheat_FloorT | D77: Office | E77: Y | F77: =G77/$G$82 -> 0.0023168935 | G77: 1155 | H77: =G77*Prototype!$B$16 -> 10395 | I77: 1 | J77: =IFERROR(K77*G77/1000,"") -> 0 | K77: 0
A78: Stair/Elevator_FloorT | B78: Stairwell | C78: VAV With Reheat_FloorT | D78: Office | E78: Y | F78: =G78/$G$82 -> 0.0017010612 | G78: 848 | H78: =G78*Prototype!$B$16 -> 7632 | I78: 1 | J78: =IFERROR(K78*G78/1000,"") -> 0 | K78: 0
A79: Corridor_W_FloorT | B79: Corridor Area | C79: VAV With Reheat_FloorT | D79: Office | E79: Y | F79: =G79/$G$82 -> 0.0020177635 | G79: 1005.88 | H79: =G79*Prototype!$B$16 -> 9052.92 | I79: =I78 -> 1 | J79: =IFERROR(K79*G79/1000,"") -> 5.0294 | K79: 5
A80: Corridor_E_FloorT | B80: Corridor Area | C80: VAV With Reheat_FloorT | D80: Office | E80: Y | F80: =G80/$G$82 -> 0.0011742136 | G80: 585.36 | H80: =G80*Prototype!$B$16 -> 5268.24 | I80: 1 | J80: =IFERROR(K80*G80/1000,"") -> 2.9268 | K80: 5
A81: Plenum_FloorT | B81: Plenum | C81: _ | E81: N | G81: =239.85*159.9 -> 38352.015 | H81: =G81*(Prototype!$B$15-Prototype!$B$16) -> 153408.06 | I81: 1 | J81: =IFERROR(K81*G81/1000,"") -> 0 | K81: 0
A82: Total Zones in E+: 79 Total with multiplier: 286 | B82: Total (13 Space Types) | C82: Total systems in E+: 8 Total with multiplier: 26 | D82: Total (1 category) | E82: Total zones in E+: 76 conditioned and 3 unconditioned. Total with multiplier: 274 Conditioned , 12 Unconditioned ) | F82: =SUMPRODUCT(F3:F81,I3:I81) -> 1 | G82: =SUMPRODUCT(G3:G81,I3:I81)-(G81*I81+G58*I58+G35*I35) -> 498512.35

Sheet HVAC System
A1: ="HVAC system - "&Prototype!A2 -> HVAC system - OfficeLarge
A2: Vintage | B2: Zones | C2: Heating | D2: Cooling | E2: Air Distribution | F2: Source | G2: Note
A3: Existing | B3: Server Room_B | C3: - | D3: built up CRAH with chilled water coils (Computer Room Air Handling unit) | E3: CAV | F3: Engineering Judgement
B4: Server_Room_G Server_Room_M Server_Room_T | C4: - | D4: DX Computer Room Air Conditioner | E4: CAV | F4: Engineering Judgement | G4: DX Computer Room Air Conditioner units have been a standard solution in server rooms for many years.
B5: All other conditioned zones | C5: Gas Boiler | D5: Chiller (it also serves the Server_Room_B zone) | E5: built-up VAV with hydronic reheat | F5: CEUS 2022
A6: New Construction | B6: Server Room_B | C6: - | D6: built up CRAH with chilled water coils (Computer Room Air Handling unit) | E6: CAV | F6: T24 2025
B7: Server_Room_G Server_Room_M Server_Room_T | C7: - | D7: DX Computer Room Air Conditioner (CRAC) | E7: CAV | F7: T24 2025
B8: All other conditioned zones | C8: Gas Boiler | D8: Chiller (it also serves the Server_Room_B zone) | E8: VAV | F8: T24 2025
A13: Efficiency of HVAC system
B14: Upgrade/Installed year | C14: DX Computer Room Air Conditioner Server_Room_G/M/T (CRAC) | D14: Chiller | E14: Gas Boiler | F14: Sources | G14: Note
A15: Pre 1978 | B15: 2008 | C15: EER=9.0 | D15: 6.10 COP 6.40 IPLV | E15: Efficiency of 80% | F15: CFR Energy 2008 (for DX CRAC) | G15: Two centrifugal chillers (Total cooling plant load > 600 tons) Two atmospheric boilers (no combustion air fans) | H15: FR-2009-03-23.pdf
A16: 1978-1997
A17: 1998-2007
A18: 2008-2018 | B18: 2013 | C18: EER=9.0 | D18: ≤ 0.590 kW/ton ≤ 0.400 IPLV | E18: Thermal efficiency (Et) of 80% | F18: CFR Energy 2010:Title 10- Table 9 (for DX CRAC) Title 24, Part 6, 2013 ,Table 110.2-J (for Boiler thermal efficiency) | G18: water-cooled centrifugal chillers Two Boilers each with capacity between 300-2,500 KBTU/hr
A19: New Construction | B19: 2025 | C19: SEER=13.4 SCOP=2.09 | D19: ≤ 0.625 kW/ton ≤ 0.410 IPLV | E19: Thermal efficiency (Et) of 84% | F19: CFR Energy 2025, Table 12 (for DX CRAC) Title 24, Part 6, 2022 ,Table 110.2-J (for Boiler thermal efficiency) | G19: Two water-cooled screw chillers (Each between 300-600 ton), Path B, Positive displacement chiller with design leaving fluid temperature ≤ 32°F Two Boilers each with capacity between 300-2,500 KBTU/hr | H19: CFR-2024-title10-vol3-part431-subpartF.pdf
A21: Economizer is required for all the systems. CRAC units should have "integrated airside economizer"
A23: Only adiabatic humidification | C23: Title 24, Part 6_ 2025, Section 140.9 (a)1
A24: Demand Control ventilation
B27: Background Data [To be deleted prior to publication]
B29: Existing prototypes:
B31: Space | C31: System No. | D31: System Type | E31: Fan Control | F31: Cooling Type | G31: Heating Type
A32: CBECC 2025 | B32: All Space | E32: VAV | F32: Chilled water | G32: Hot-water fossil fuel boiler
A33: CPUC 2024 | B33: All Space | E33: VAV | F33: Chiller water | G33: Gas Boiler
A34: PNNL ASHRAE 90.1- 2022 San Diego | B34: data center room | C34: 14. WSHP (CRAC) | D34: Water source heat pump (Computer room air conditioning unit) | E34: Constant volume | F34: Fluid cooler | G34: Hot-water fossil fuel boiler
B35: Basement (Except data center) | C35: 12. SZ-CV-HW | D35: Single-zone system | E35: Constant volume | F35: Chilled water | G35: Hot-water fossil fuel boiler
B36: Other spaces | C36: 7. VAV with reheat | D36: VAV with reheat | E36: VAV | F36: Chilled water | G36: Hot-water fossil fuel boiler
A37: Basement system in PNNL model is :SZ-CV-HW (Single zone system: CV fan control & Chilled water cooling & Hot-water fossil fuel boiler heating)
A38: Other floors system in PNNL model is: VAV Reheat ( VAV with Reheat: VA fan control & Chilled water cooling & Hot-water fossil fuel boiler heating )
A39: Dat center zone has its won system in PNNL model: WSHP (CRAC): Water source heat pump (Computer room air conditioning unit) system: CV fan control & Fluid cooler & Hot-water fossil fuel boiler heating
B41: CEUS 2022 data:
A42: Heating System
A43: Calculation method | B43: Building Type | C43: Fan Coil / Unit Ventilator | D43: Dual Duct Constant Air Volume | E43: Dual Duct Variable Air Volume | G43: Single Duct Constant Air Volume | H43: Single Duct Variable Air Volume
A44: Floorspace-Based | B44: Office, Large | D44: 0.03 | E44: 0.15 | G44: 0.43 | H44: 0.21
A45: Sites-Based | B45: Office, Large | C45: 0.13 | D45: 0.02 | E45: 0.07 | G45: 0.66 | H45: 0.12
A48: Chiller System
A49: Calculation method | B49: Building Type | C49: Boiler/ Hydronic | D49: Package System / Heat Pump | E49: Split-System / Heat Pump | G49: Ductless Mini-Split Heat Pump | H49: Room Heating
A50: Floorspace-Based | B50: Office, Large | C50: 0.59 | D50: 0.35 | E50: 0.05 | G50: 0 | H50: 0
A51: Sites-Based | B51: Office, Large | C51: 0.34 | D51: 0.58 | E51: 0.07 | G51: 0 | H51: 0
A53: Heating Fuel Type
A54: Calculation method | B54: Building Type | C54: Gas Share | D54: Electric Share
A55: Floorspace-Based | B55: Office, Large | C55: 0.86 | D55: 0.13
A56: Sites-Based | B56: Office, Large | C56: 0.79 | D56: 0.2
A61: Fuel Share Large office (area >3,000 sf)
A62: CZ | B62: Heating system | E62: Water heater
B63: Saturation (Electric) | C63: Saturation (Gas) | D63: Saturation (Other Fuels) | E63: Saturation (Electric) | F63: Saturation (Gas) | G63: Saturation (Other Fuels)
A64: 1 | B64: 0.03 | C64: 0.97 | D64: 0 | E64: 0.17 | F64: 0.83 | G64: 0
A65: 2 | B65: 0.07 | C65: 0.93 | D65: 0 | E65: 0.3 | F65: 0.7 | G65: 0
A66: 3 | B66: 0.02 | C66: 0.94 | D66: 0.04 | E66: 0.36 | F66: 0.64 | G66: 0.04
A67: 4 | B67: 0.01 | C67: 0.94 | D67: 0.04 | E67: 0.35 | F67: 0.65 | G67: 0.04
A68: 5 | B68: 0.04 | C68: 0.95 | D68: 0.02 | E68: 0.74 | F68: 0.26 | G68: 0.02
A69: 6 | B69: 0.21 | C69: 0.79 | D69: 0 | E69: 0.38 | F69: 0.62 | G69: 0
A70: 7 | B70: 0.11 | C70: 0.87 | D70: 0.02 | E70: 0.3 | F70: 0.7 | G70: 0.01
A71: 8 | B71: 0.23 | C71: 0.77 | D71: 0 | E71: 0.37 | F71: 0.63 | G71: 0
A72: 9 | B72: 0.16 | C72: 0.83 | D72: 0 | E72: 0.33 | F72: 0.67 | G72: 0
A73: 10 | B73: 0.16 | C73: 0.83 | D73: 0.01 | E73: 0.49 | F73: 0.51 | G73: 0
A74: 11 | B74: 0.1 | C74: 0.89 | D74: 0.01 | E74: 0.42 | F74: 0.58 | G74: 0.01
A75: 12 | B75: 0.1 | C75: 0.88 | D75: 0.02 | E75: 0.38 | F75: 0.62 | G75: 0.03
... A79: 16 | B79: 0.2 | C79: 0.8 | D79: 0 | E79: 0.35 | F79: 0.65 | G79: 0
A81: Fan power
A82: Vintage | B82: Approach | C82: System | D82: Total Static Pressure (TSP) (in w.c.) | E82: Fan Efficiency [ACM 2025] | F82: Fan Motor and Drive Efficiency [ACM 2025, Table 13] | G82: W/cfm [ACM 2025, Table 14 and 15] | H82: Data Source | I82: Note
A83: Existing | B83: PNNL TSP | C83: CAV System <7,437 cfm | D83: 2.5 | E83: 0.65 | F83: ~0.9 (The full-load efficiency of the motor serving the fan- will be determined based on ACM 2025, Table 13) | H83: Fan Motor and Efficiency: ACM 2025, 0.5 Engineering judgement TSP:[PNNL 20405, 2010, Table 5.11
C84: CAV System >7,437 cfm | D84: 4.09 | E84: 0.65
C85: VAV System > 4,648 cfm | D85: 5.58 | E85: 0.65
A86: Brake horse power (bhp)=(Supply cfm*TSP in w.c.)/(6356*Fan efficiency)
A87: Fan power (w/cfm) = bhp/motor and drive efficiency *746
A88: New Construction | B88: ACM 2025 | C88: VAV System > 10,000 cfm | D88: =G88*F88*E88/746*6356 -> 4.7200968 | E88: 0.65 | F88: 0.9 | G88: 0.947 | H88: Fan Motor and Efficiency and W/cfm: ACM 2025 | I88: 0.35 w/cfm for indoor unit fan (T24, 2025, Section 140.4(a)3 D)
F89: * 0.9 is an average fan efficiency according to ACM 2025, Table 13
A90: Fan total eff (E+ input) = 0.65 x Motor_eff
A91: TSP (E+ input) in w.c. = Motor_eff/746 x (6356 x Fan_eff) x W/cfm
A92: Fan_eff=0.65
A94: Microsoft Word - PNNL 90 1-2010_TSD_Final 5-23-2011_Final.docx

Sheet Thermostat
A1: ="Thermostat Setpoints - "&Prototype!A2 -> Thermostat Setpoints - OfficeLarge
A2: Spaces/Zones | B2: Setpoint | C2: CZ1 | D2: CZ2 | E2: CZ3 | F2: CZ4 | G2: CZ5 | H2: CZ6 | I2: CZ7 | J2: CZ8 | K2: CZ9 | L2: CZ10 | M2: CZ11 | N2: CZ12 | O2: CZ13 | P2: CZ14 | Q2: CZ15 | R2: CZ16 | S2: Source
A3: All conditioned zones except server rooms | B3: Heating Setpoint (F) | C3: 70 | D3: 70 | E3: 70 | F3: 70 | G3: 70 | H3: 70 | I3: 70 | J3: 70 | K3: 70 | L3: 70 | M3: 70 | N3: 70 | O3: 70 | P3: 70 | Q3: 70 | R3: 70 | S3: T24 2022 - Appendix 5.4B
B4: Heating Setback (F) | C4: 60 | D4: 60 | E4: 60 | F4: 60 | G4: 60 | H4: 60 | I4: 60 | J4: 60 | K4: 60 | L4: 60 | M4: 60 | N4: 60 | O4: 60 | P4: 60 | Q4: 60 | R4: 60
B5: Cooling Setpoint (F) | C5: 75 | D5: 75 | E5: 75 | F5: 75 | G5: 75 | H5: 75 | I5: 75 | J5: 75 | K5: 75 | L5: 75 | M5: 75 | N5: 75 | O5: 75 | P5: 75 | Q5: 75 | R5: 75
B6: Cooling Setback (F) | C6: 85 | D6: 85* | E6: 85 | F6: 85 | G6: 85 | H6: 85 | I6: 85 | J6: 85 | K6: 85 | L6: 85 | M6: 85 | N6: 85 | O6: 85 | P6: 85 | Q6: 85 | R6: 85
A7: Server rooms | B7: Cooling Setpoint (F) | C7: 80 | D7: 80 | E7: 80 | F7: 80 | G7: 80 | H7: 80 | I7: 80 | J7: 80 | K7: 80 | L7: 80 | M7: 80 | N7: 80 | O7: 80 | P7: 80 | Q7: 80 | R7: 80 | S7: Title 24, Part 6, 2025, section 140.9 (a) and PNNL ASHRAE 90.1 2022 Large Office prototype
B8: Heating Setback (F) | C8: The Server room with 20 W/ft2 load would likely don't require heating system as the equipment constantly generate enough heat. **
B10: *PNNL has considered 80 F for cooling setback of Large Office prototype (same as Medium Office). However cooling setback is 85 F in Small Office prototype !
B11: **PNNL has set the heating system temperature to 65°F for all of their data center zones.
A18: Background Data [To be deleted prior to publication]
A38: Heating/ CoolingSetpointsSchedules (existing prototypes extracted from the idf files (presented below)
B59: Heating | K59: Cooling
B60: CEC-2022 | F60: PNNL-2022 | K60: CEC-2022 | O60: PNNL-2022
B61: CEC-Weekday | C61: CEC-Saturday | D61: CEC-Sunday | F61: PNNL-Weekday | G61: PNNL-Saturday | H61: PNNL-Sunday | K61: CEC-Weekday | L61: CEC-Saturday | M61: CEC-Sunday | O61: PNNL-Weekday | P61: PNNL-Saturday | Q61: PNNL-Sunday
A62: 1 | B62: 60 | C62: 60 | D62: 60 | F62: 60.08 | G62: 60.08 | H62: 60.08 | K62: 85 | L62: 85 | M62: 85 | O62: 80.06 | P62: 80.06 | Q62: 80.06
A63: 2 | B63: 60 | C63: 60 | D63: 60 | F63: 60.08 | G63: 60.08 | H63: 60.08 | K63: 85 | L63: 85 | M63: 85 | O63: 80.06 | P63: 80.06 | Q63: 80.06
A64: 3 | B64: 60 | C64: 60 | D64: 60 | F64: 60.08 | G64: 60.08 | H64: 60.08 | K64: 85 | L64: 85 | M64: 85 | O64: 80.06 | P64: 80.06 | Q64: 80.06
A65: 4 | B65: 60 | C65: 60 | D65: 60 | F65: 60.08 | G65: 60.08 | H65: 60.08 | K65: 85 | L65: 85 | M65: 85 | O65: 80.06 | P65: 80.06 | Q65: 80.06
A66: 5 | B66: 60 | C66: 60 | D66: 60 | F66: 60.08 | G66: 60.08 | H66: 60.08 | K66: 85 | L66: 85 | M66: 85 | O66: 80.06 | P66: 80.06 | Q66: 80.06
A67: 6 | B67: 70 | C67: 70 | D67: 60 | F67: 64.04 | G67: 64.04 | H67: 60.08 | K67: 75 | L67: 75 | M67: 85 | O67: 78.08 | P67: 78.26 | Q67: 80.06
A68: 7 | B68: 70 | C68: 70 | D68: 60 | F68: 68 | G68: 68 | H68: 60.08 | K68: 75 | L68: 75 | M68: 85 | O68: 77 | P68: 77 | Q68: 80.06
A69: 8 | B69: 70 | C69: 70 | D69: 60 | F69: 69.8 | G69: 69.8 | H69: 60.08 | K69: 75 | L69: 75 | M69: 85 | O69: 75.2 | P69: 75.2 | Q69: 80.06
A70: 9 | B70: 70 | C70: 70 | D70: 60 | F70: 69.8 | G70: 69.8 | H70: 60.08 | K70: 75 | L70: 75 | M70: 85 | O70: 75.2 | P70: 75.2 | Q70: 80.06
A71: 10 | B71: 70 | C71: 70 | D71: 60 | F71: 69.8 | G71: 69.8 | H71: 60.08 | K71: 75 | L71: 75 | M71: 85 | O71: 75.2 | P71: 75.2 | Q71: 80.06
A72: 11 | B72: 70 | C72: 70 | D72: 60 | F72: 69.8 | G72: 69.8 | H72: 60.08 | K72: 75 | L72: 75 | M72: 85 | O72: 75.2 | P72: 75.2 | Q72: 80.06
A73: 12 | B73: 70 | C73: 70 | D73: 60 | F73: 69.8 | G73: 69.8 | H73: 60.08 | K73: 75 | L73: 75 | M73: 85 | O73: 75.2 | P73: 75.2 | Q73: 80.06
... A85: 24 | B85: 70 | C85: 60 | D85: 60 | F85: 60.08 | G85: 60.08 | H85: 60.08 | K85: 75 | L85: 85 | M85: 85 | O85: 80.06 | P85: 80.06 | Q85: 80.06

Sheet Ventilation
A1: ="Outdoor Airflow Rate - "&Prototype!A2 -> Outdoor Airflow Rate - OfficeLarge
A2: Space Name | B2: Number of People | C2: Floor Area (ft²) | D2: cfm/person (T24, 2025, Equation 120.1-F and Table 120.1-A) | E2: cfm/ft² (T24, 2025, Equation 120.1-F and Table 120.1-A) | F2: Required Exhaust Rate (T24, 2025, Table 120.1-B – Minimum Exhaust Rates) | G2: Total cfm Driven by People | H2: Total cfm Driven by Area | I2: Total cfm Driven by Exhaust | J2: Total cfm | K2: Note
A3: =Zones!A3 -> Perimeter_Open_ Office_N_Basement | B3: =Zones!J3 -> 42.0843 | C3: =Zones!G3 -> 8416.86 | D3: 15 | E3: 0.15 | G3: =B3*D3 -> 631.2645 | H3: =C3*E3 -> 1262.529 | J3: =MAX(G3:I3) -> 1262.529
A4: =Zones!A4 -> Perimeter_Open_ Office_S_Basement | B4: =Zones!J4 -> 18.3109 | C4: =Zones!G4 -> 3662.18 | D4: 15 | E4: 0.15 | G4: =B4*D4 -> 274.6635 | H4: =C4*E4 -> 549.327 | J4: =MAX(G4:I4) -> 549.327
A5: =Zones!A5 -> Core_Enclosed_Office_Basement | B5: =Zones!J5 -> 18.5184 | C5: =Zones!G5 -> 3703.68 | D5: 15 | E5: 0.15 | G5: =B5*D5 -> 277.776 | H5: =C5*E5 -> 555.552 | J5: =MAX(G5:I5) -> 555.552
A6: =Zones!A6 -> Server_Room_Basement | B6: =Zones!J6 -> 0 | C6: =Zones!G6 -> 8228 | D6: 15 | E6: 0.15 | G6: =B6*D6 -> 0 | H6: =C6*E6 -> 1234.2 | J6: =MAX(G6:I6) -> 1234.2
A7: =Zones!A7 -> Mech/Elec_Basement | B7: =Zones!J7 -> 0 | C7: =Zones!G7 -> 7958 | D7: 15 | E7: 0.15 | G7: =B7*D7 -> 0 | H7: =C7*E7 -> 1193.7 | J7: =MAX(G7:I7) -> 1193.7
A8: =Zones!A8 -> Conference_Basement | B8: =Zones!J8 -> 19.1301 | C8: =Zones!G8 -> 579.7 | D8: 15 | E8: 0.15 | G8: =B8*D8 -> 286.9515 | H8: =C8*E8 -> 86.955 | J8: =MAX(G8:I8) -> 286.9515
A9: =Zones!A9 -> Break_Basement | B9: =Zones!J9 -> 32.109 | C9: =Zones!G9 -> 973 | D9: 15 | E9: 0.15 | G9: =B9*D9 -> 481.635 | H9: =C9*E9 -> 145.95 | J9: =MAX(G9:I9) -> 481.635
A10: =Zones!A10 -> Storage_Basement | B10: =Zones!J10 -> 0 | C10: =Zones!G10 -> 1231 | D10: 15 | E10: 0.15 | G10: =B10*D10 -> 0 | H10: =C10*E10 -> 184.65 | J10: =MAX(G10:I10) -> 184.65
A11: =Zones!A11 -> Restroom_Basement | B11: =Zones!J11 -> 0 | C11: =Zones!G11 -> 986 | D11: 15 | E11: 0.15 | F11: 5* 25/50 (cfm/unit) | G11: =B11*D11 -> 0 | H11: =C11*E11 -> 147.9 | I11: =5*25 -> 125 | J11: =MAX(G11:I11) -> 147.9 | K11: Almost 1 unit per 30 occupant for exhaust fan
A12: =Zones!A12 -> Lobby_Basement | B12: =Zones!J12 -> 7.07 | C12: =Zones!G12 -> 707 | D12: 15 | E12: 0.15 | G12: =B12*D12 -> 106.05 | H12: =C12*E12 -> 106.05 | J12: =MAX(G12:I12) -> 106.05
A13: =Zones!A13 -> Stair/Elevator_Basement | B13: =Zones!J13 -> 0 | C13: =Zones!G13 -> 941 | D13: 15 | E13: 0.15 | G13: =B13*D13 -> 0 | H13: =C13*E13 -> 141.15 | J13: =MAX(G13:I13) -> 141.15
A14: =Zones!A14 -> Corridor_W_Basement | B14: =Zones!J14 -> 1.3145 | C14: =Zones!G14 -> 262.9 | D14: 15 | E14: 0.15 | G14: =B14*D14 -> 19.7175 | H14: =C14*E14 -> 39.435 | J14: =MAX(G14:I14) -> 39.435
A15: =Zones!A15 -> Corridor_E_Basement | B15: =Zones!J15 -> 3.515 | C15: =Zones!G15 -> 703 | D15: 15 | E15: 0.15 | G15: =B15*D15 -> 52.725 | H15: =C15*E15 -> 105.45 | J15: =MAX(G15:I15) -> 105.45
A16: =Zones!A16 -> Perimeter_Open_ Office_N_FloorG | B16: =Zones!J16 -> 35.155 | C16: =Zones!G16 -> 7031 | D16: 15 | E16: 0.15 | G16: =B16*D16 -> 527.325 | H16: =C16*E16 -> 1054.65 | J16: =MAX(G16:I16) -> 1054.65
A17: =Zones!A17 -> Perimeter_Open_ Office_W_FloorG | B17: =Zones!J17 -> 28.9788 | C17: =Zones!G17 -> 5795.76 | D17: 15 | E17: 0.15 | G17: =B17*D17 -> 434.682 | H17: =C17*E17 -> 869.364 | J17: =MAX(G17:I17) -> 869.364
A18: =Zones!A18 -> Perimeter_Open_ Office_E_FloorG | B18: =Zones!J18 -> 29.3774 | C18: =Zones!G18 -> 5875.48 | D18: 15 | E18: 0.15 | G18: =B18*D18 -> 440.661 | H18: =C18*E18 -> 881.322 | J18: =MAX(G18:I18) -> 881.322
A19: =Zones!A19 -> Perimeter_Enclosed_ Office_NE_FloorG | B19: =Zones!J19 -> 4.5869 | C19: =Zones!G19 -> 917.38 | D19: 15 | E19: 0.15 | G19: =B19*D19 -> 68.8035 | H19: =C19*E19 -> 137.607 | J19: =MAX(G19:I19) -> 137.607
A20: =Zones!A20 -> Perimeter_Enclosed_ Office_NW_FloorG | B20: =Zones!J20 -> 5.65305 | C20: =Zones!G20 -> 1130.61 | D20: 15 | E20: 0.15 | G20: =B20*D20 -> 84.79575 | H20: =C20*E20 -> 169.5915 | J20: =MAX(G20:I20) -> 169.5915
A21: =Zones!A21 -> Core_Enclosed_Office_FloorG | B21: =Zones!J21 -> 16.56 | C21: =Zones!G21 -> 3312 | D21: 15 | E21: 0.15 | G21: =B21*D21 -> 248.4 | H21: =C21*E21 -> 496.8 | J21: =MAX(G21:I21) -> 496.8
A22: =Zones!A22 -> Server_Room_FloorG | B22: =Zones!J22 -> 0 | C22: =Zones!G22 -> 417.94 | D22: 15 | E22: 0.15 | G22: =B22*D22 -> 0 | H22: =C22*E22 -> 62.691 | J22: =MAX(G22:I22) -> 62.691
A23: =Zones!A23 -> Mech/Elec_FloorG | B23: =Zones!J23 -> 0 | C23: =Zones!G23 -> 849 | D23: 15 | E23: 0.15 | G23: =B23*D23 -> 0 | H23: =C23*E23 -> 127.35 | J23: =MAX(G23:I23) -> 127.35
... A27: =Zones!A27 -> Storage_FloorG | B27: =Zones!J27 -> 0 | C27: =Zones!G27 -> 959.02 | D27: 15 | E27: 0.15 | G27: =B27*D27 -> 0 | H27: =C27*E27 -> 143.853 | J27: =MAX(G27:I27) -> 143.853
A28: =Zones!A28 -> Locker_FloorG | B28: =Zones!J28 -> 18.1497 | C28: =Zones!G28 -> 1814.97 | D28: 15 | E28: 0.15 | F28: 0.25 (cfm/sf) | G28: =B28*D28 -> 272.2455 | H28: =C28*E28 -> 272.2455 | I28: =0.25*C28 -> 453.7425 | J28: =MAX(G28:I28) -> 453.7425
A29: =Zones!A29 -> Lobby_S_FloorG | B29: =Zones!J29 -> 33.6063 | C29: =Zones!G29 -> 3360.63 | D29: 15 | E29: 0.15 | G29: =B29*D29 -> 504.0945 | H29: =C29*E29 -> 504.0945 | J29: =MAX(G29:I29) -> 504.0945
A30: =Zones!A30 -> Lobby_FloorG | B30: =Zones!J30 -> 6.8336 | C30: =Zones!G30 -> 683.36 | D30: 15 | E30: 0.15 | G30: =B30*D30 -> 102.504 | H30: =C30*E30 -> 102.504 | J30: =MAX(G30:I30) -> 102.504
A31: =Zones!A31 -> Restroom_FloorG | B31: =Zones!J31 -> 0 | C31: =Zones!G31 -> 1156 | D31: 15 | E31: 0.15 | F31: 8* 25/50 (cfm/unit) | G31: =B31*D31 -> 0 | H31: =C31*E31 -> 173.4 | I31: =8*25 -> 200 | J31: =MAX(G31:I31) -> 200
A32: =Zones!A32 -> Stair/Elevator_FloorG | B32: =Zones!J32 -> 0 | C32: =Zones!G32 -> 848 | D32: 15 | E32: 0.15 | G32: =B32*D32 -> 0 | H32: =C32*E32 -> 127.2 | J32: =MAX(G32:I32) -> 127.2
A33: =Zones!A33 -> Corridor_W_FloorG | B33: =Zones!J33 -> 5.0294 | C33: =Zones!G33 -> 1005.88 | D33: 15 | E33: 0.15 | G33: =B33*D33 -> 75.441 | H33: =C33*E33 -> 150.882 | J33: =MAX(G33:I33) -> 150.882
A34: =Zones!A34 -> Corridor_E_FloorG | B34: =Zones!J34 -> 3.99055 | C34: =Zones!G34 -> 798.11 | D34: 15 | E34: 0.15 | G34: =B34*D34 -> 59.85825 | H34: =C34*E34 -> 119.7165 | J34: =MAX(G34:I34) -> 119.7165
A35: =Zones!A35 -> Plenum_FloorG | B35: =Zones!J35 -> 0 | C35: =Zones!G35 -> 38352.015 | G35: =B35*D35 -> 0 | H35: =C35*E35 -> 0 | J35: =MAX(G35:I35) -> 0
A36: =Zones!A36 -> Perimeter_Open_ Office_N_FloorM | B36: =Zones!J36 -> 35.65645 | C36: =Zones!G36 -> 7131.29 | D36: 15 | E36: 0.15 | G36: =B36*D36 -> 534.84675 | H36: =C36*E36 -> 1069.6935 | J36: =MAX(G36:I36) -> 1069.6935
A37: =Zones!A37 -> Perimeter_Open_ Office_S_FloorM | B37: =Zones!J37 -> 26.18685 | C37: =Zones!G37 -> 5237.37 | D37: 15 | E37: 0.15 | G37: =B37*D37 -> 392.80275 | H37: =C37*E37 -> 785.6055 | J37: =MAX(G37:I37) -> 785.6055
A38: =Zones!A38 -> Perimeter_Open_ Office_E_FloorM | B38: =Zones!J38 -> 22.3522 | C38: =Zones!G38 -> 4470.44 | D38: 15 | E38: 0.15 | G38: =B38*D38 -> 335.283 | H38: =C38*E38 -> 670.566 | J38: =MAX(G38:I38) -> 670.566
A39: =Zones!A39 -> Perimeter_Open_ Office_W_FloorM | B39: =Zones!J39 -> 22.2438 | C39: =Zones!G39 -> 4448.76 | D39: 15 | E39: 0.15 | G39: =B39*D39 -> 333.657 | H39: =C39*E39 -> 667.314 | J39: =MAX(G39:I39) -> 667.314
A40: =Zones!A40 -> Perimeter_Enclosed_ Office_NE_FloorM | B40: =Zones!J40 -> 4.5869 | C40: =Zones!G40 -> 917.38 | D40: 15 | E40: 0.15 | G40: =B40*D40 -> 68.8035 | H40: =C40*E40 -> 137.607 | J40: =MAX(G40:I40) -> 137.607
A41: =Zones!A41 -> Perimeter_Enclosed_ Office_NW_FloorM | B41: =Zones!J41 -> 5.65605 | C41: =Zones!G41 -> 1131.21 | D41: 15 | E41: 0.15 | G41: =B41*D41 -> 84.84075 | H41: =C41*E41 -> 169.6815 | J41: =MAX(G41:I41) -> 169.6815
A42: =Zones!A42 -> Perimeter_Enclosed_ Office_SW_FloorM | B42: =Zones!J42 -> 5.05245 | C42: =Zones!G42 -> 1010.49 | D42: 15 | E42: 0.15 | G42: =B42*D42 -> 75.78675 | H42: =C42*E42 -> 151.5735 | J42: =MAX(G42:I42) -> 151.5735
A43: =Zones!A43 -> Perimeter_Enclosed_ Office_SE_FloorM | B43: =Zones!J43 -> 5.1674 | C43: =Zones!G43 -> 1033.48 | D43: 15 | E43: 0.15 | G43: =B43*D43 -> 77.511 | H43: =C43*E43 -> 155.022 | J43: =MAX(G43:I43) -> 155.022
A44: =Zones!A44 -> Core_Enclosed_ Office_FloorM | B44: =Zones!J44 -> 16.165 | C44: =Zones!G44 -> 3233 | D44: 15 | E44: 0.15 | G44: =B44*D44 -> 242.475 | H44: =C44*E44 -> 484.95 | J44: =MAX(G44:I44) -> 484.95
A45: =Zones!A45 -> Server_Room_FloorM | B45: =Zones!J45 -> 0 | C45: =Zones!G45 -> 418 | D45: 15 | E45: 0.15 | G45: =B45*D45 -> 0 | H45: =C45*E45 -> 62.7 | J45: =MAX(G45:I45) -> 62.7
A46: =Zones!A46 -> Mech/Elec_FloorM | B46: =Zones!J46 -> 0 | C46: =Zones!G46 -> 1070 | D46: 15 | E46: 0.15 | G46: =B46*D46 -> 0 | H46: =C46*E46 -> 160.5 | J46: =MAX(G46:I46) -> 160.5
A47: =Zones!A47 -> Conference_N_FloorM | B47: =Zones!J47 -> 26.0634 | C47: =Zones!G47 -> 789.8 | D47: 15 | E47: 0.15 | G47: =B47*D47 -> 390.951 | H47: =C47*E47 -> 118.47 | J47: =MAX(G47:I47) -> 390.951
... A53: =Zones!A53 -> Lobby_FloorM | B53: =Zones!J53 -> 6.84 | C53: =Zones!G53 -> 684 | D53: 15 | E53: 0.15 | G53: =B53*D53 -> 102.6 | H53: =C53*E53 -> 102.6 | J53: =MAX(G53:I53) -> 102.6
A54: =Zones!A54 -> Restroom_FloorM | B54: =Zones!J54 -> 0 | C54: =Zones!G54 -> 1155 | D54: 15 | E54: 0.15 | F54: 9* 25/50 (cfm/unit) | G54: =B54*D54 -> 0 | H54: =C54*E54 -> 173.25 | I54: =9*25 -> 225 | J54: =MAX(G54:I54) -> 225
A55: =Zones!A55 -> Stair/Elevator_FloorM | B55: =Zones!J55 -> 0 | C55: =Zones!G55 -> 848 | D55: 15 | E55: 0.15 | G55: =B55*D55 -> 0 | H55: =C55*E55 -> 127.2 | J55: =MAX(G55:I55) -> 127.2
A56: =Zones!A56 -> Corridor_W_FloorM | B56: =Zones!J56 -> 5.0294 | C56: =Zones!G56 -> 1005.88 | D56: 15 | E56: 0.15 | G56: =B56*D56 -> 75.441 | H56: =C56*E56 -> 150.882 | J56: =MAX(G56:I56) -> 150.882
A57: =Zones!A57 -> Corridor_E_FloorM | B57: =Zones!J57 -> 2.9268 | C57: =Zones!G57 -> 585.36 | D57: 15 | E57: 0.15 | G57: =B57*D57 -> 43.902 | H57: =C57*E57 -> 87.804 | J57: =MAX(G57:I57) -> 87.804
A58: =Zones!A58 -> Plenum_FloorM | B58: =Zones!J58 -> 0 | C58: =Zones!G58 -> 38352.015 | G58: =B58*D58 -> 0 | H58: =C58*E58 -> 0 | J58: =MAX(G58:I58) -> 0
A59: =Zones!A59 -> Perimeter_Open_ Office_N_FloorT | B59: =Zones!J59 -> 35.65645 | C59: =Zones!G59 -> 7131.29 | D59: 15 | E59: 0.15 | G59: =B59*D59 -> 534.84675 | H59: =C59*E59 -> 1069.6935 | J59: =MAX(G59:I59) -> 1069.6935
A60: =Zones!A60 -> Perimeter_Open_ Office_S_FloorT | B60: =Zones!J60 -> 26.18685 | C60: =Zones!G60 -> 5237.37 | D60: 15 | E60: 0.15 | G60: =B60*D60 -> 392.80275 | H60: =C60*E60 -> 785.6055 | J60: =MAX(G60:I60) -> 785.6055
A61: =Zones!A61 -> Perimeter_Open_ Office_E_FloorT | B61: =Zones!J61 -> 22.3522 | C61: =Zones!G61 -> 4470.44 | D61: 15 | E61: 0.15 | G61: =B61*D61 -> 335.283 | H61: =C61*E61 -> 670.566 | J61: =MAX(G61:I61) -> 670.566
A62: =Zones!A62 -> Perimeter_Open_ Office_W_FloorT | B62: =Zones!J62 -> 22.2438 | C62: =Zones!G62 -> 4448.76 | D62: 15 | E62: 0.15 | G62: =B62*D62 -> 333.657 | H62: =C62*E62 -> 667.314 | J62: =MAX(G62:I62) -> 667.314
A63: =Zones!A63 -> Perimeter_Enclosed_ Office_NE_FloorT | B63: =Zones!J63 -> 4.5869 | C63: =Zones!G63 -> 917.38 | D63: 15 | E63: 0.15 | G63: =B63*D63 -> 68.8035 | H63: =C63*E63 -> 137.607 | J63: =MAX(G63:I63) -> 137.607
A64: =Zones!A64 -> Perimeter_Enclosed_ Office_NW_FloorT | B64: =Zones!J64 -> 5.65605 | C64: =Zones!G64 -> 1131.21 | D64: 15 | E64: 0.15 | G64: =B64*D64 -> 84.84075 | H64: =C64*E64 -> 169.6815 | J64: =MAX(G64:I64) -> 169.6815
A65: =Zones!A65 -> Perimeter_Enclosed_ Office_SW_FloorT | B65: =Zones!J65 -> 5.05245 | C65: =Zones!G65 -> 1010.49 | D65: 15 | E65: 0.15 | G65: =B65*D65 -> 75.78675 | H65: =C65*E65 -> 151.5735 | J65: =MAX(G65:I65) -> 151.5735
A66: =Zones!A66 -> Perimeter_Enclosed_ Office_SE_FloorT | B66: =Zones!J66 -> 5.1674 | C66: =Zones!G66 -> 1033.48 | D66: 15 | E66: 0.15 | G66: =B66*D66 -> 77.511 | H66: =C66*E66 -> 155.022 | J66: =MAX(G66:I66) -> 155.022
A67: =Zones!A67 -> Core_Enclosed_ Office_FloorT | B67: =Zones!J67 -> 16.165 | C67: =Zones!G67 -> 3233 | D67: 15 | E67: 0.15 | G67: =B67*D67 -> 242.475 | H67: =C67*E67 -> 484.95 | J67: =MAX(G67:I67) -> 484.95
A68: =Zones!A68 -> Server_Room_FloorT | B68: =Zones!J68 -> 0 | C68: =Zones!G68 -> 418 | D68: 15 | E68: 0.15 | G68: =B68*D68 -> 0 | H68: =C68*E68 -> 62.7 | J68: =MAX(G68:I68) -> 62.7
A69: =Zones!A69 -> Mech/Elec_FloorT | B69: =Zones!J69 -> 0 | C69: =Zones!G69 -> 1070 | D69: 15 | E69: 0.15 | G69: =B69*D69 -> 0 | H69: =C69*E69 -> 160.5 | J69: =MAX(G69:I69) -> 160.5
A70: =Zones!A70 -> Conference_N_FloorT | B70: =Zones!J70 -> 26.0634 | C70: =Zones!G70 -> 789.8 | D70: 15 | E70: 0.15 | G70: =B70*D70 -> 390.951 | H70: =C70*E70 -> 118.47 | J70: =MAX(G70:I70) -> 390.951
... A76: =Zones!A76 -> Lobby_FloorT | B76: =Zones!J76 -> 6.84 | C76: =Zones!G76 -> 684 | D76: 15 | E76: 0.15 | G76: =B76*D76 -> 102.6 | H76: =C76*E76 -> 102.6 | J76: =MAX(G76:I76) -> 102.6
A77: =Zones!A77 -> Restroom_FloorT | B77: =Zones!J77 -> 0 | C77: =Zones!G77 -> 1155 | D77: 15 | E77: 0.15 | F77: 9* 25/50 (cfm/unit) | G77: =B77*D77 -> 0 | H77: =C77*E77 -> 173.25 | I77: =9*25 -> 225 | J77: =MAX(G77:I77) -> 225
A78: =Zones!A78 -> Stair/Elevator_FloorT | B78: =Zones!J78 -> 0 | C78: =Zones!G78 -> 848 | D78: 15 | E78: 0.15 | G78: =B78*D78 -> 0 | H78: =C78*E78 -> 127.2 | J78: =MAX(G78:I78) -> 127.2
A79: =Zones!A79 -> Corridor_W_FloorT | B79: =Zones!J79 -> 5.0294 | C79: =Zones!G79 -> 1005.88 | D79: 15 | E79: 0.15 | G79: =B79*D79 -> 75.441 | H79: =C79*E79 -> 150.882 | J79: =MAX(G79:I79) -> 150.882
A80: =Zones!A80 -> Corridor_E_FloorT | B80: =Zones!J80 -> 2.9268 | C80: =Zones!G80 -> 585.36 | D80: 15 | E80: 0.15 | G80: =B80*D80 -> 43.902 | H80: =C80*E80 -> 87.804 | J80: =MAX(G80:I80) -> 87.804
A81: =Zones!A81 -> Plenum_FloorT | B81: =Zones!J81 -> 0 | C81: =Zones!G81 -> 38352.015 | D81: 15 | G81: =B81*D81 -> 0 | H81: =C81*E81 -> 0 | J81: =MAX(G81:I81) -> 0
A92: Background Data [To be deleted prior to publication]

Sheet Water Heater
A1: Water Heater - OfficeLarge
A2: Vintage | B2: WH Type | C2: Efficiency | D2: Tank Volume (gal) | E2: Tank Loss | F2: Unit | G2: Source
A3: Existing | B3: Gas | C3: 0.8 | D3: =F95 -> 183 | E3: =G95 -> 1771.9389 | F3: =H95 -> Btu/hr | G3: Fuel Type based on CEUS
A4: New Construction | B4: Gas | C4: 0.8 | D4: =F95 -> 183 | E4: =G95 -> 1771.9389 | F4: =H95 -> Btu/hr
A8: Peak Hot Water Consumption
A9: Space Name | B9: Baseline WH Type [T24, 2022, Appendix 5.4A , sheet: "2022 SpaceFuncData-Input"] | C9: Total Area (ft²) | D9: Number of People | E9: Hot Water Usage Specification (gal/hr per person) [T24, 2022, Appendix 5.4A , sheet: "2022 SpaceFuncData-Input"] | F9: Peak Hot Water Usage (gal/hr) | G9: Peak Hot Water Usage (gal/min)
A10: =Zones!A3 -> Perimeter_Open_ Office_N_Basement | B10: Gas | C10: =Zones!G3*Zones!I3 -> 8416.86 | D10: =Zones!J3*Zones!I3 -> 42.0843 | E10: 0.18 | F10: =D10*E10 -> 7.575174 | G10: =F10/60 -> 0.1262529
A11: =Zones!A4 -> Perimeter_Open_ Office_S_Basement | B11: Gas | C11: =Zones!G4*Zones!I4 -> 3662.18 | D11: =Zones!J4*Zones!I4 -> 18.3109 | E11: 0.18 | F11: =D11*E11 -> 3.295962 | G11: =F11/60 -> 0.0549327
A12: =Zones!A5 -> Core_Enclosed_Office_Basement | B12: Gas | C12: =Zones!G5*Zones!I5 -> 3703.68 | D12: =Zones!J5*Zones!I5 -> 18.5184 | E12: 0.18 | F12: =D12*E12 -> 3.333312 | G12: =F12/60 -> 0.0555552
A13: =Zones!A6 -> Server_Room_Basement | B13: Gas | C13: =Zones!G6*Zones!I6 -> 8228 | D13: =Zones!J6*Zones!I6 -> 0 | E13: 0.18 | F13: =D13*E13 -> 0 | G13: =F13/60 -> 0
A14: =Zones!A7 -> Mech/Elec_Basement | B14: Gas | C14: =Zones!G7*Zones!I7 -> 7958 | D14: =Zones!J7*Zones!I7 -> 0 | E14: 0.18 | F14: =D14*E14 -> 0 | G14: =F14/60 -> 0
A15: =Zones!A8 -> Conference_Basement | B15: Gas | C15: =Zones!G8*Zones!I8 -> 579.7 | D15: =Zones!J8*Zones!I8 -> 19.1301 | E15: 0.09 | F15: =D15*E15 -> 1.721709 | G15: =F15/60 -> 0.02869515
A16: =Zones!A9 -> Break_Basement | B16: Gas | C16: =Zones!G9*Zones!I9 -> 973 | D16: =Zones!J9*Zones!I9 -> 32.109 | E16: 0.09 | F16: =D16*E16 -> 2.88981 | G16: =F16/60 -> 0.0481635
A17: =Zones!A10 -> Storage_Basement | C17: =Zones!G10*Zones!I10 -> 1231 | D17: =Zones!J10*Zones!I10 -> 0 | E17: 0 | F17: =D17*E17 -> 0 | G17: =F17/60 -> 0
A18: =Zones!A11 -> Restroom_Basement | C18: =Zones!G11*Zones!I11 -> 986 | D18: =Zones!J11*Zones!I11 -> 0 | E18: 0 | F18: =D18*E18 -> 0 | G18: =F18/60 -> 0
A19: =Zones!A12 -> Lobby_Basement | B19: Gas | C19: =Zones!G12*Zones!I12 -> 707 | D19: =Zones!J12*Zones!I12 -> 7.07 | E19: 0.09 | F19: =D19*E19 -> 0.6363 | G19: =F19/60 -> 0.010605
A20: =Zones!A13 -> Stair/Elevator_Basement | C20: =Zones!G13*Zones!I13 -> 941 | D20: =Zones!J13*Zones!I13 -> 0 | E20: 0 | F20: =D20*E20 -> 0 | G20: =F20/60 -> 0
A21: =Zones!A14 -> Corridor_W_Basement | C21: =Zones!G14*Zones!I14 -> 262.9 | D21: =Zones!J14*Zones!I14 -> 1.3145 | E21: 0 | F21: =D21*E21 -> 0 | G21: =F21/60 -> 0
A22: =Zones!A15 -> Corridor_E_Basement | C22: =Zones!G15*Zones!I15 -> 703 | D22: =Zones!J15*Zones!I15 -> 3.515 | E22: 0 | F22: =D22*E22 -> 0 | G22: =F22/60 -> 0
A23: =Zones!A16 -> Perimeter_Open_ Office_N_FloorG | B23: Gas | C23: =Zones!G16*Zones!I16 -> 7031 | D23: =Zones!J16*Zones!I16 -> 35.155 | E23: 0.18 | F23: =D23*E23 -> 6.3279 | G23: =F23/60 -> 0.105465
A24: =Zones!A17 -> Perimeter_Open_ Office_W_FloorG | B24: Gas | C24: =Zones!G17*Zones!I17 -> 5795.76 | D24: =Zones!J17*Zones!I17 -> 28.9788 | E24: 0.18 | F24: =D24*E24 -> 5.216184 | G24: =F24/60 -> 0.0869364
A25: =Zones!A18 -> Perimeter_Open_ Office_E_FloorG | B25: Gas | C25: =Zones!G18*Zones!I18 -> 5875.48 | D25: =Zones!J18*Zones!I18 -> 29.3774 | E25: 0.18 | F25: =D25*E25 -> 5.287932 | G25: =F25/60 -> 0.0881322
A26: =Zones!A19 -> Perimeter_Enclosed_ Office_NE_FloorG | B26: Gas | C26: =Zones!G19*Zones!I19 -> 917.38 | D26: =Zones!J19*Zones!I19 -> 4.5869 | E26: 0.18 | F26: =D26*E26 -> 0.825642 | G26: =F26/60 -> 0.0137607
A27: =Zones!A20 -> Perimeter_Enclosed_ Office_NW_FloorG | B27: Gas | C27: =Zones!G20*Zones!I20 -> 1130.61 | D27: =Zones!J20*Zones!I20 -> 5.65305 | E27: 0.18 | F27: =D27*E27 -> 1.017549 | G27: =F27/60 -> 0.01695915
A28: =Zones!A21 -> Core_Enclosed_Office_FloorG | B28: Gas | C28: =Zones!G21*Zones!I21 -> 3312 | D28: =Zones!J21*Zones!I21 -> 16.56 | E28: 0.18 | F28: =D28*E28 -> 2.9808 | G28: =F28/60 -> 0.04968
A29: =Zones!A22 -> Server_Room_FloorG | B29: Gas | C29: =Zones!G22*Zones!I22 -> 417.94 | D29: =Zones!J22*Zones!I22 -> 0 | E29: 0.18 | F29: =D29*E29 -> 0 | G29: =F29/60 -> 0
A30: =Zones!A23 -> Mech/Elec_FloorG | B30: Gas | C30: =Zones!G23*Zones!I23 -> 849 | D30: =Zones!J23*Zones!I23 -> 0 | E30: 0.18 | F30: =D30*E30 -> 0 | G30: =F30/60 -> 0
A31: =Zones!A24 -> Conference_FloorG | B31: Gas | C31: =Zones!G24*Zones!I24 -> 790 | D31: =Zones!J24*Zones!I24 -> 26.07 | E31: 0.09 | F31: =D31*E31 -> 2.3463 | G31: =F31/60 -> 0.039105
A32: =Zones!A25 -> Break_FloorG | B32: Gas | C32: =Zones!G25*Zones!I25 -> 618.05 | D32: =Zones!J25*Zones!I25 -> 20.39565 | E32: 0.09 | F32: =D32*E32 -> 1.8356085 | G32: =F32/60 -> 0.030593475
A33: =Zones!A26 -> FoodPrep_FloorG | B33: Gas | C33: =Zones!G26*Zones!I26 -> 936.94 | D33: =Zones!J26*Zones!I26 -> 2.81082 | E33: 0.578 | F33: =D33*E33 -> 1.624654 | G33: =F33/60 -> 0.027077566
A34: =Zones!A27 -> Storage_FloorG | B34: Gas | C34: =Zones!G27*Zones!I27 -> 959.02 | D34: =Zones!J27*Zones!I27 -> 0 | E34: 0 | F34: =D34*E34 -> 0 | G34: =F34/60 -> 0
... A37: =Zones!A30 -> Lobby_FloorG | B37: Gas | C37: =Zones!G30*Zones!I30 -> 683.36 | D37: =Zones!J30*Zones!I30 -> 6.8336 | E37: 0.09 | F37: =D37*E37 -> 0.615024 | G37: =F37/60 -> 0.0102504
A38: =Zones!A31 -> Restroom_FloorG | C38: =Zones!G31*Zones!I31 -> 1156 | D38: =Zones!J31*Zones!I31 -> 0 | E38: 0 | F38: =D38*E38 -> 0 | G38: =F38/60 -> 0
A39: =Zones!A32 -> Stair/Elevator_FloorG | C39: =Zones!G32*Zones!I32 -> 848 | D39: =Zones!J32*Zones!I32 -> 0 | E39: 0 | F39: =D39*E39 -> 0 | G39: =F39/60 -> 0
A40: =Zones!A33 -> Corridor_W_FloorG | C40: =Zones!G33*Zones!I33 -> 1005.88 | D40: =Zones!J33*Zones!I33 -> 5.0294 | E40: 0 | F40: =D40*E40 -> 0 | G40: =F40/60 -> 0
A41: =Zones!A34 -> Corridor_E_FloorG | C41: =Zones!G34*Zones!I34 -> 798.11 | D41: =Zones!J34*Zones!I34 -> 3.99055 | E41: 0 | F41: =D41*E41 -> 0 | G41: =F41/60 -> 0
A42: =Zones!A35 -> Plenum_FloorG | C42: =Zones!G35*Zones!I35 -> 38352.015 | D42: =Zones!J35*Zones!I35 -> 0 | E42: 0 | F42: =D42*E42 -> 0 | G42: =F42/60 -> 0
A43: =Zones!A36 -> Perimeter_Open_ Office_N_FloorM | B43: Gas | C43: =Zones!G36*Zones!I36 -> 71312.9 | D43: =Zones!J36*Zones!I36 -> 356.5645 | E43: 0.18 | F43: =D43*E43 -> 64.18161 | G43: =F43/60 -> 1.0696935
A44: =Zones!A37 -> Perimeter_Open_ Office_S_FloorM | B44: Gas | C44: =Zones!G37*Zones!I37 -> 52373.7 | D44: =Zones!J37*Zones!I37 -> 261.8685 | E44: 0.18 | F44: =D44*E44 -> 47.13633 | G44: =F44/60 -> 0.7856055
A45: =Zones!A38 -> Perimeter_Open_ Office_E_FloorM | B45: Gas | C45: =Zones!G38*Zones!I38 -> 44704.4 | D45: =Zones!J38*Zones!I38 -> 223.522 | E45: 0.18 | F45: =D45*E45 -> 40.23396 | G45: =F45/60 -> 0.670566
A46: =Zones!A39 -> Perimeter_Open_ Office_W_FloorM | B46: Gas | C46: =Zones!G39*Zones!I39 -> 44487.6 | D46: =Zones!J39*Zones!I39 -> 222.438 | E46: 0.18 | F46: =D46*E46 -> 40.03884 | G46: =F46/60 -> 0.667314
A47: =Zones!A40 -> Perimeter_Enclosed_ Office_NE_FloorM | B47: Gas | C47: =Zones!G40*Zones!I40 -> 9173.8 | D47: =Zones!J40*Zones!I40 -> 45.869 | E47: 0.18 | F47: =D47*E47 -> 8.25642 | G47: =F47/60 -> 0.137607
A48: =Zones!A41 -> Perimeter_Enclosed_ Office_NW_FloorM | B48: Gas | C48: =Zones!G41*Zones!I41 -> 11312.1 | D48: =Zones!J41*Zones!I41 -> 56.5605 | E48: 0.18 | F48: =D48*E48 -> 10.18089 | G48: =F48/60 -> 0.1696815
A49: =Zones!A42 -> Perimeter_Enclosed_ Office_SW_FloorM | B49: Gas | C49: =Zones!G42*Zones!I42 -> 10104.9 | D49: =Zones!J42*Zones!I42 -> 50.5245 | E49: 0.18 | F49: =D49*E49 -> 9.09441 | G49: =F49/60 -> 0.1515735
A50: =Zones!A43 -> Perimeter_Enclosed_ Office_SE_FloorM | B50: Gas | C50: =Zones!G43*Zones!I43 -> 10334.8 | D50: =Zones!J43*Zones!I43 -> 51.674 | E50: 0.18 | F50: =D50*E50 -> 9.30132 | G50: =F50/60 -> 0.155022
A51: =Zones!A44 -> Core_Enclosed_ Office_FloorM | B51: Gas | C51: =Zones!G44*Zones!I44 -> 32330 | D51: =Zones!J44*Zones!I44 -> 161.65 | E51: 0.18 | F51: =D51*E51 -> 29.097 | G51: =F51/60 -> 0.48495
A52: =Zones!A45 -> Server_Room_FloorM | B52: Gas | C52: =Zones!G45*Zones!I45 -> 4180 | D52: =Zones!J45*Zones!I45 -> 0 | E52: 0.18 | F52: =D52*E52 -> 0 | G52: =F52/60 -> 0
A53: =Zones!A46 -> Mech/Elec_FloorM | B53: Gas | C53: =Zones!G46*Zones!I46 -> 10700 | D53: =Zones!J46*Zones!I46 -> 0 | E53: 0.18 | F53: =D53*E53 -> 0 | G53: =F53/60 -> 0
A54: =Zones!A47 -> Conference_N_FloorM | B54: Gas | C54: =Zones!G47*Zones!I47 -> 7898 | D54: =Zones!J47*Zones!I47 -> 260.634 | E54: 0.09 | F54: =D54*E54 -> 23.45706 | G54: =F54/60 -> 0.390951
... A58: =Zones!A51 -> Break_FloorM | B58: Gas | C58: =Zones!G51*Zones!I51 -> 9100 | D58: =Zones!J51*Zones!I51 -> 300.3 | E58: 0.09 | F58: =D58*E58 -> 27.027 | G58: =F58/60 -> 0.45045
A59: =Zones!A52 -> Storage_FloorM | C59: =Zones!G52*Zones!I52 -> 7380 | D59: =Zones!J52*Zones!I52 -> 0 | E59: 0 | F59: =D59*E59 -> 0 | G59: =F59/60 -> 0
A60: =Zones!A53 -> Lobby_FloorM | B60: Gas | C60: =Zones!G53*Zones!I53 -> 6840 | D60: =Zones!J53*Zones!I53 -> 68.4 | E60: 0.09 | F60: =D60*E60 -> 6.156 | G60: =F60/60 -> 0.1026
A61: =Zones!A54 -> Restroom_FloorM | C61: =Zones!G54*Zones!I54 -> 11550 | D61: =Zones!J54*Zones!I54 -> 0 | E61: 0 | F61: =D61*E61 -> 0 | G61: =F61/60 -> 0
A62: =Zones!A55 -> Stair/Elevator_FloorM | C62: =Zones!G55*Zones!I55 -> 8480 | D62: =Zones!J55*Zones!I55 -> 0 | E62: 0 | F62: =D62*E62 -> 0 | G62: =F62/60 -> 0
A63: =Zones!A56 -> Corridor_W_FloorM | C63: =Zones!G56*Zones!I56 -> 10058.8 | D63: =Zones!J56*Zones!I56 -> 50.294 | E63: 0 | F63: =D63*E63 -> 0 | G63: =F63/60 -> 0
A64: =Zones!A57 -> Corridor_E_FloorM | C64: =Zones!G57*Zones!I57 -> 5853.6 | D64: =Zones!J57*Zones!I57 -> 29.268 | E64: 0 | F64: =D64*E64 -> 0 | G64: =F64/60 -> 0
A65: =Zones!A58 -> Plenum_FloorM | C65: =Zones!G58*Zones!I58 -> 383520.15 | D65: =Zones!J58*Zones!I58 -> 0 | E65: 0 | F65: =D65*E65 -> 0 | G65: =F65/60 -> 0
A66: =Zones!A59 -> Perimeter_Open_ Office_N_FloorT | B66: Gas | C66: =Zones!G59*Zones!I59 -> 7131.29 | D66: =Zones!J59*Zones!I59 -> 35.65645 | E66: 0.18 | F66: =D66*E66 -> 6.418161 | G66: =F66/60 -> 0.10696935
A67: =Zones!A60 -> Perimeter_Open_ Office_S_FloorT | B67: Gas | C67: =Zones!G60*Zones!I60 -> 5237.37 | D67: =Zones!J60*Zones!I60 -> 26.18685 | E67: 0.18 | F67: =D67*E67 -> 4.713633 | G67: =F67/60 -> 0.07856055
A68: =Zones!A61 -> Perimeter_Open_ Office_E_FloorT | B68: Gas | C68: =Zones!G61*Zones!I61 -> 4470.44 | D68: =Zones!J61*Zones!I61 -> 22.3522 | E68: 0.18 | F68: =D68*E68 -> 4.023396 | G68: =F68/60 -> 0.0670566
A69: =Zones!A62 -> Perimeter_Open_ Office_W_FloorT | B69: Gas | C69: =Zones!G62*Zones!I62 -> 4448.76 | D69: =Zones!J62*Zones!I62 -> 22.2438 | E69: 0.18 | F69: =D69*E69 -> 4.003884 | G69: =F69/60 -> 0.0667314
A70: =Zones!A63 -> Perimeter_Enclosed_ Office_NE_FloorT | B70: Gas | C70: =Zones!G63*Zones!I63 -> 917.38 | D70: =Zones!J63*Zones!I63 -> 4.5869 | E70: 0.18 | F70: =D70*E70 -> 0.825642 | G70: =F70/60 -> 0.0137607
A71: =Zones!A64 -> Perimeter_Enclosed_ Office_NW_FloorT | B71: Gas | C71: =Zones!G64*Zones!I64 -> 1131.21 | D71: =Zones!J64*Zones!I64 -> 5.65605 | E71: 0.18 | F71: =D71*E71 -> 1.018089 | G71: =F71/60 -> 0.01696815
A72: =Zones!A65 -> Perimeter_Enclosed_ Office_SW_FloorT | B72: Gas | C72: =Zones!G65*Zones!I65 -> 1010.49 | D72: =Zones!J65*Zones!I65 -> 5.05245 | E72: 0.18 | F72: =D72*E72 -> 0.909441 | G72: =F72/60 -> 0.01515735
A73: =Zones!A66 -> Perimeter_Enclosed_ Office_SE_FloorT | B73: Gas | C73: =Zones!G66*Zones!I66 -> 1033.48 | D73: =Zones!J66*Zones!I66 -> 5.1674 | E73: 0.18 | F73: =D73*E73 -> 0.930132 | G73: =F73/60 -> 0.0155022
A74: =Zones!A67 -> Core_Enclosed_ Office_FloorT | B74: Gas | C74: =Zones!G67*Zones!I67 -> 3233 | D74: =Zones!J67*Zones!I67 -> 16.165 | E74: 0.18 | F74: =D74*E74 -> 2.9097 | G74: =F74/60 -> 0.048495
A75: =Zones!A68 -> Server_Room_FloorT | B75: Gas | C75: =Zones!G68*Zones!I68 -> 418 | D75: =Zones!J68*Zones!I68 -> 0 | E75: 0.18 | F75: =D75*E75 -> 0 | G75: =F75/60 -> 0
A76: =Zones!A69 -> Mech/Elec_FloorT | B76: Gas | C76: =Zones!G69*Zones!I69 -> 1070 | D76: =Zones!J69*Zones!I69 -> 0 | E76: 0.18 | F76: =D76*E76 -> 0 | G76: =F76/60 -> 0
A77: =Zones!A70 -> Conference_N_FloorT | B77: Gas | C77: =Zones!G70*Zones!I70 -> 789.8 | D77: =Zones!J70*Zones!I70 -> 26.0634 | E77: 0.09 | F77: =D77*E77 -> 2.345706 | G77: =F77/60 -> 0.0390951
... A81: =Zones!A74 -> Break_FloorT | B81: Gas | C81: =Zones!G74*Zones!I74 -> 910 | D81: =Zones!J74*Zones!I74 -> 30.03 | E81: 0.09 | F81: =D81*E81 -> 2.7027 | G81: =F81/60 -> 0.045045
A82: =Zones!A75 -> Storage_FloorT | C82: =Zones!G75*Zones!I75 -> 738 | D82: =Zones!J75*Zones!I75 -> 0 | E82: 0 | F82: =D82*E82 -> 0 | G82: =F82/60 -> 0
A83: =Zones!A76 -> Lobby_FloorT | B83: Gas | C83: =Zones!G76*Zones!I76 -> 684 | D83: =Zones!J76*Zones!I76 -> 6.84 | E83: 0.09 | F83: =D83*E83 -> 0.6156 | G83: =F83/60 -> 0.01026
A84: =Zones!A77 -> Restroom_FloorT | C84: =Zones!G77*Zones!I77 -> 1155 | D84: =Zones!J77*Zones!I77 -> 0 | E84: 0 | F84: =D84*E84 -> 0 | G84: =F84/60 -> 0
A85: =Zones!A78 -> Stair/Elevator_FloorT | C85: =Zones!G78*Zones!I78 -> 848 | D85: =Zones!J78*Zones!I78 -> 0 | E85: 0 | F85: =D85*E85 -> 0 | G85: =F85/60 -> 0
A86: =Zones!A79 -> Corridor_W_FloorT | C86: =Zones!G79*Zones!I79 -> 1005.88 | D86: =Zones!J79*Zones!I79 -> 5.0294 | E86: 0 | F86: =D86*E86 -> 0 | G86: =F86/60 -> 0
A87: =Zones!A80 -> Corridor_E_FloorT | C87: =Zones!G80*Zones!I80 -> 585.36 | D87: =Zones!J80*Zones!I80 -> 2.9268 | E87: 0 | F87: =D87*E87 -> 0 | G87: =F87/60 -> 0
A88: =Zones!A81 -> Plenum_FloorT | C88: =Zones!G81*Zones!I81 -> 38352.015 | D88: =Zones!J81*Zones!I81 -> 0 | E88: 0 | F88: =D88*E88 -> 0 | G88: =F88/60 -> 0
A93: Water Heater Capacity, Tank Capacity, and Tank Loss
A94: WH Type | B94: Peak Hot Water Usage (gal/hr) | C94: Heat Output (Btu/hr) [ACM, 2025, 5.9.2: Rated capacity section] | D94: WH Capacity (Btu/hr) [ACM, 2025, 5.9.2: Rated capacity section] | E94: Required Energy Input (Btu/hr) | F94: Storage Volume (gal) | G94: Standby Loss | I94: Off/On Cycle Loss Coefficient to Ambient Temp (Btu/h-F) | J94: Source
A95: Gas Storage WH | B95: =MAX(125,SUMIFS(F10:F88,B10:B88,"Gas")) -> 456.71936 | C95: =B95*(B99-B100)*8.2877*1 -> 302812.25 | D95: =C95*B101 -> 181687.35 | E95: =D95/$C$3 -> 227109.18 | F95: =ROUNDUP((B95*F97)/B97,0) -> 183 | G95: =(E95/800)+110*SQRT(F95) -> 1771.9389 | H95: Btu/hr | I95: =G95/B106 -> 26.057925 | J95: Standby loss equation: Title 20, §1605.1 Table F-4 WH capacity equation: ACM, 2025, 5.9.2: Rated capacity section)
A96: Electric resistance WH | B96: =SUMIFS(F35:F88,B35:B88,"Electric") -> 0 | C96: =B96*(B99-B100)*8.2877*1 -> 0 | D96: =C96*B101 -> 0 | E96: =D96/1 -> 0 | F96: =ROUNDUP((B96*F97)/B97,0) -> 0 | G96: =IFERROR(0.3+(27/F96),0) -> 0 | H96: %/hr | I96: =0.0834*G96*F96 -> 0
A97: Total | B97: =B95+B96 -> 456.71936 | F97: =B97*1*B102 -> 182.68775
A99: Design supply temperature (F) | B99: 135 | C99: Ref: T24 2022 - Appendix 5.4B
A100: Cold Water supply temperature (F) | B100: 55 | C100: Ref: ACM, 2025, 5.9.2: Rated capacity section
A101: WH system factor | B101: 0.6 | C101: Ref: ACM, 2025, 5.9.2: Rated capacity section
A102: Reheat multiplier | B102: 0.4 | C102: Ref: ACM, 2025, 5.9.2: Storage Volume
A103: * The 0.40 multiplier is a storage sizing factor used to account for the fact that the water heater doesn't need to store the full peak hour demand—it can reheat water during that time. This factor assumes that the heater will recover part of the hot water used during the peak hour, so only 40% of the peak hour demand needs to be stored at any given moment.
A106: Ambient temp | B106: 68
A107: Delta T | B107: =B99-B106 -> 67
A111: Background Data [To be deleted prior to publication]

Sheet Interior Lights
A1: ="Interior Lighting - " & Prototype!A2 -> Interior Lighting - OfficeLarge
A2: Space Type | B2: New Construction | E2: Existing | H2: Note
B3: LPD (W/ft²) | C3: Additional LPD for Portable Lighting (W/ft²) | D3: Source | E3: LPD (W/ft²) | F3: Additional LPD for Portable Lighting (W/ft²) | G3: Source
A4: Office Area (>250 square feet) | B4: 0.6 | D4: T24, part 6, 2025, Table 140.6 C For Computer and Server room: Engineering Judgement | E4: 0.75 | G4: T24, part 6, 2013, Table 140.6 C For Computer and Server room: Engineering Judgement
A5: Convention, Conference, Multipurpose and Meeting Area | B5: 0.75 | E5: 1.4
A6: Lobby, Main Entry | B6: 0.7 | E6: 1.1
A7: Locker Room | B7: 0.45 | E7: 0.8
A8: Storage (General) | B8: 0.4 | E8: 0.6
A9: Electrical, Mechanical, Telephone Rooms | B9: 0.4 | E9: 0.7
A10: Server Room (EPD 45) | B10: 1.1 | E10: 1.1
A11: Computer Room (EPD 20) | B11: 1.1 | E11: 1.1
A12: Restrooms | B12: 0.6 | E12: 0.6
A13: Lounge, Breakroom, or Waiting Area | B13: 0.55 | E13: 1,1
A14: Kitchen/Food Preparation Area | B14: 0.95 | E14: 1.6
A15: Stairwell | B15: 0.6 | E15: 0.6
A16: Corridor Area | B16: 0.4 | E16: 0.6
A17: Plenum
B20: Whole Building method
B21: 2025 | C21: 2013
A22: LPD for Office Building ((W/ft²) | B22: 0.6 | C22: 0.8 | D22: Ref: T24, Table 140.6 B
A27: Background Data [To be deleted prior to publication]

Sheet Ext Lighting
A1: ="Exterior Lighting - "&Prototype!A2 -> Exterior Lighting - OfficeLarge
A2: Motion Controlled Luminaires (W) | B2: Non-motion Controlled Luminaires (W) | C2: Total (W) | D2: Source
A3: =G16 -> 15940.131 | B3: =G17 -> 1548.9586 | C3: =A3+B3 -> 17489.089 | D3: Title 24, 2022
A8: Exterior Lighting
A9: Items (Assume LZ2) | B9: Assumptions [2019 Outdoor Lighting CASE Report & PNNL 90.1-2010 TSD] | D9: Unit | E9: Lighting Power Allowance [T24, 2025, Table 140.7-A & 140.7-B] | F9: Unit | G9: Exterior Lighting Power (W)
A10: IWA (Initial Wage Allowance) | E10: 200 | F10: (W) | G10: =$E10 -> 200
A11: Parking area | B11: 400 ft² for every parking space 1 parking space per 250 ft² of gross building area | C11: =B23/250*400 -> 797619.76 | D11: (ft²) | E11: 0.019 | F11: (W/ft²) | G11: =$E11*C11 -> 15154.775
A12: Building Entrance | B12: 2 building entrance (1 per 10,000 ft² footprint) | C12: 4 | D12: (count) | E12: 15 | F12: (W/ea) | G12: =E12*C12 -> 60
A13: Hardscape Ornamental Light | B13: 0.1 ft² per 1 ft² of gross building area for hardscape ornamental light | C13: =B23*0.1 -> 49851.235 | D13: (ft²) | E13: 0.007 | F13: (W/ft²) | G13: =E13*C13 -> 348.95864
A14: Building façade | B14: 0.1 W per ft² of facade area Façade Area* = Perimeter × 0.5 × 30 ft (30 ft is the max height that is lit) The 0.5 factor assumes that only half of the perimeter walls are lit. -Formula ia developed based on the 2019 Outdoor Lighting CASE report | C14: =B22*0.5*30 -> 12000 | D14: (ft²) | E14: 0.1 | F14: (W/ft²) | G14: =E14*C14 -> 1200
A15: Non-sales canopy | C15: =(B23/B25)*0.1 -> 3834.7104 | D15: (ft²) | E15: 0.137 | F15: (W/ft²) | G15: =E15*C15 -> 525.35532
A16: Motion controlled Luminaires | G16: =G11+G10+G12+G15 -> 15940.131
A17: Non-motion-controlled Luminaires | G17: =G13+G14 -> 1548.9586
A18: Total | G18: =G16+G17 -> 17489.089
A20: *Developed based on 2019 Outdoor Lighting CASE Report
A22: Perimeter (ft) | B22: =(240+160)*2 -> 800
A23: Total floor area (ft²) | B23: =Zones!G82 -> 498512.35
A24: Floors (above ground) | B24: 12
A25: Floors (all) | B25: 13
A32: Background Data [To be deleted prior to publication]

Sheet Equipment
A1: ="Equipment - "&Prototype!A2 -> Equipment - OfficeLarge
A2: Space Type | B2: Plug load Power Density (W/ft²) | C2: Gas Power Density (Btu/hr-ft²) | D2: Refrigeration Power Density (W/ft²) | E2: Source
A3: Office Area (>250 square feet) | B3: 0.7 | E3: Plug load and schedule project with CEC, 2025
A4: Server Room (EPD 45) | B4: 45 | E4: PNNL ASHRAE 90.1 2022
A5: Computer Room (EPD 20) | B5: 20 | E5: Based on PNNL ASHRAE 90.1 2022 assumptions and minimum load for computer room
A6: Electrical, Mechanical, Telephone Rooms | B6: 0.5 | E6: T24 2022 - Appendix 5.4A
A7: Lounge, Breakroom, or Waiting Area | B7: 0.5
A8: Convention, Conference, Multipurpose and Meeting Area | B8: 0.8
A9: Storage (General) | B9: 0.2
A10: Locker Room | B10: 0.5
A11: Kitchen/Food Preparation Area | B11: 1.5
A12: Lobby, Main Entry | B12: 0.5
A13: Restrooms | B13: 0
A14: Stairwell | B14: 0
A15: Corridor Area | B15: 0
A16: Plenum | B16: 0
A17: OfficeLarge prototype is assumed to have a transformer, and its losses will be explicitly modeled.
A21: Elevator
A22: Vintages | B22: No of Elevator | C22: Design Load (W) | D22: Source
A23: New Construction and Existing | B23: 10 | C23: =140025.3+631.89 -> 140657.19 | D23: PNNL Large Office prorotype
A25: Assumptions for elevators:
A26: One elevator for approximately 50,000 ft² in use. | F26: https://buildingandinteriors.com/find-the-magic-number-elevators-per-building/
A27: For every two floors or two and a half floors, one more elevator was added.
A28: An in-use rate of 70% for the floor area was assumed, based on engineering judgment.
A29: Calculated number of Elevators: | C29: =ROUND((498000*0.7/50000)+ROUND(7/2.5,0),0) -> 10
A30: Calculate Elevator load (kw)based on ACM 2022: | C30: =10*C31 -> 100 | D30: 140.7 kW is PNNL ASHRE 90.1 2019 elevator load (Design level + Light/Fan) | F30: =(140025.3+631.89)/1000 -> 140.65719
A31: ACM 2022 suggestion for elevator load (kw): | C31: 10
A32: Elevator load will be defined as exterior load not equipment load (Same as PNNL ASHRAE 90.1 Large Hotel prototype).
A34: If we consider 10 elevators, the total load (10 × 10 kW) would be 100 kW, which is 40% lower than the PNNL assumption. However, CBECC considered both elevator and Escalator for medium office prototype (10,000 for elevator and 3930 per Escalator) for a 3 stoy, 50 k office buildings. Since elevator load is not typically climate-dependent, we will adopt the PNNL value for the Large Office prototype.
A46: Background Data [To be deleted prior to publication]

Sheet Schedules
A1: ="Schedules - "&Prototype!A2 -> Schedules - OfficeLarge
A2: Zone | B2: Schedule Category | C2: Schedule | D2: Source | E2: Type | F2: Hour
F3: 1 | G3: 2 | H3: 3 | I3: 4 | J3: 5 | K3: 6 | L3: 7 | M3: 8 | N3: 9 | O3: 10 | P3: 11 | Q3: 12 | R3: 13 | S3: 14 | T3: 15 | U3: 16 | V3: 17 | W3: 18 | X3: 19 | Y3: 20 | Z3: 21 | AA3: 22 | AB3: 23 | AC3: 24
A4: All zones | B4: Office | C4: Occupancy | D4: T24 2022 - Appendix 5.4B, [Office] Updated base on Plug load and schedules project with CEC, 2025 | E4: Weekday | F4: 0 | G4: 0 | H4: 0 | I4: 0 | J4: 0 | K4: 0 | L4: 0.1 | M4: 0.2 | N4: 0.95 | O4: 0.95 | P4: 0.95 | Q4: 0.95 | R4: 0.5 | S4: 0.95 | T4: 0.95 | U4: 0.95 | V4: 0.95 | W4: 0.3 | X4: 0.1 | Y4: 0.1 | Z4: 0.1 | AA4: 0.1 | AB4: 0.05 | AC4: 0.05
E5: Saturday | F5: 0 | G5: 0 | H5: 0 | I5: 0 | J5: 0 | K5: 0 | L5: 0.05 | M5: 0.05 | N5: 0.05 | O5: 0.05 | P5: 0.05 | Q5: 0.05 | R5: 0.05 | S5: 0.05 | T5: 0.05 | U5: 0.05 | V5: 0.05 | W5: 0.05 | X5: 0 | Y5: 0 | Z5: 0 | AA5: 0 | AB5: 0 | AC5: 0
E6: Sunday | F6: 0 | G6: 0 | H6: 0 | I6: 0 | J6: 0 | K6: 0 | L6: 0.05 | M6: 0.05 | N6: 0.05 | O6: 0.05 | P6: 0.05 | Q6: 0.05 | R6: 0.05 | S6: 0.05 | T6: 0.05 | U6: 0.05 | V6: 0.05 | W6: 0.05 | X6: 0 | Y6: 0 | Z6: 0 | AA6: 0 | AB6: 0 | AC6: 0
A7: =A4 -> All zones | B7: Office | C7: Lights | D7: T24 2022 - Appendix 5.4B, [Office] | E7: Weekday | F7: 0.05 | G7: 0.05 | H7: 0.05 | I7: 0.05 | J7: 0.05 | K7: 0.1 | L7: 0.1 | M7: 0.3 | N7: 0.65 | O7: 0.65 | P7: 0.65 | Q7: 0.65 | R7: 0.65 | S7: 0.65 | T7: 0.65 | U7: 0.65 | V7: 0.65 | W7: 0.35 | X7: 0.3 | Y7: 0.3 | Z7: 0.2 | AA7: 0.2 | AB7: 0.1 | AC7: 0.05
E8: Saturday | F8: 0.05 | G8: 0.05 | H8: 0.05 | I8: 0.05 | J8: 0.05 | K8: 0.05 | L8: 0.05 | M8: 0.05 | N8: 0.05 | O8: 0.05 | P8: 0.05 | Q8: 0.05 | R8: 0.05 | S8: 0.05 | T8: 0.05 | U8: 0.05 | V8: 0.05 | W8: 0.05 | X8: 0.05 | Y8: 0.05 | Z8: 0.05 | AA8: 0.05 | AB8: 0.05 | AC8: 0.05
E9: Sunday | F9: 0.05 | G9: 0.05 | H9: 0.05 | I9: 0.05 | J9: 0.05 | K9: 0.05 | L9: 0.05 | M9: 0.05 | N9: 0.05 | O9: 0.05 | P9: 0.05 | Q9: 0.05 | R9: 0.05 | S9: 0.05 | T9: 0.05 | U9: 0.05 | V9: 0.05 | W9: 0.05 | X9: 0.05 | Y9: 0.05 | Z9: 0.05 | AA9: 0.05 | AB9: 0.05 | AC9: 0.05
A10: =A7 -> All zones | B10: Office | C10: ElecEquipment | D10: Plug load and schedules project with CEC, 2025 | E10: Weekday | F10: 0.45 | G10: 0.45 | H10: 0.45 | I10: 0.45 | J10: 0.45 | K10: 0.45 | L10: 0.45 | M10: 0.74 | N10: 0.87 | O10: 0.9 | P10: 0.9 | Q10: 0.9 | R10: 0.9 | S10: 0.9 | T10: 0.9 | U10: 0.9 | V10: 0.9 | W10: 0.7 | X10: 0.5 | Y10: 0.5 | Z10: 0.5 | AA10: 0.45 | AB10: 0.45 | AC10: 0.45
E11: Saturday | F11: 0.43 | G11: 0.43 | H11: 0.43 | I11: 0.43 | J11: 0.43 | K11: 0.43 | L11: 0.43 | M11: 0.43 | N11: 0.43 | O11: 0.43 | P11: 0.43 | Q11: 0.43 | R11: 0.43 | S11: 0.43 | T11: 0.43 | U11: 0.43 | V11: 0.43 | W11: 0.43 | X11: 0.43 | Y11: 0.43 | Z11: 0.43 | AA11: 0.43 | AB11: 0.43 | AC11: 0.43
E12: Sunday | F12: 0.43 | G12: 0.43 | H12: 0.43 | I12: 0.43 | J12: 0.43 | K12: 0.43 | L12: 0.43 | M12: 0.43 | N12: 0.43 | O12: 0.43 | P12: 0.43 | Q12: 0.43 | R12: 0.43 | S12: 0.43 | T12: 0.43 | U12: 0.43 | V12: 0.43 | W12: 0.43 | X12: 0.43 | Y12: 0.43 | Z12: 0.43 | AA12: 0.43 | AB12: 0.43 | AC12: 0.43
A13: =A4 -> All zones | B13: Office | C13: HVACAvail | D13: T24 2022 - Appendix 5.4B, [Office] Updated base on Plug load and schedules project with CEC, 202 | E13: Weekday | F13: 0 | G13: 0 | H13: 0 | I13: 0 | J13: 0 | K13: 1 | L13: 1 | M13: 1 | N13: 1 | O13: 1 | P13: 1 | Q13: 1 | R13: 1 | S13: 1 | T13: 1 | U13: 1 | V13: 1 | W13: 1 | X13: 1 | Y13: 1 | Z13: 1 | AA13: 1 | AB13: 1 | AC13: 1
E14: Saturday | F14: 0 | G14: 0 | H14: 0 | I14: 0 | J14: 0 | K14: 0 | L14: 0 | M14: 0 | N14: 0 | O14: 0 | P14: 0 | Q14: 0 | R14: 0 | S14: 0 | T14: 0 | U14: 0 | V14: 0 | W14: 0 | X14: 0 | Y14: 0 | Z14: 0 | AA14: 0 | AB14: 0 | AC14: 0
E15: Sunday | F15: 0 | G15: 0 | H15: 0 | I15: 0 | J15: 0 | K15: 0 | L15: 0 | M15: 0 | N15: 0 | O15: 0 | P15: 0 | Q15: 0 | R15: 0 | S15: 0 | T15: 0 | U15: 0 | V15: 0 | W15: 0 | X15: 0 | Y15: 0 | Z15: 0 | AA15: 0 | AB15: 0 | AC15: 0
A16: =A4 -> All zones | B16: Office | C16: ServiceHotWater | D16: T24 2022 - Appendix 5.4B, [Office] | E16: Weekday | F16: 0.05 | G16: 0.05 | H16: 0.05 | I16: 0.05 | J16: 0.05 | K16: 0.08 | L16: 0.07 | M16: 0.19 | N16: 0.35 | O16: 0.38 | P16: 0.39 | Q16: 0.47 | R16: 0.57 | S16: 0.54 | T16: 0.34 | U16: 0.33 | V16: 0.44 | W16: 0.26 | X16: 0.21 | Y16: 0.15 | Z16: 0.17 | AA16: 0.08 | AB16: 0.05 | AC16: 0.05
E17: Saturday | F17: 0.05 | G17: 0.05 | H17: 0.05 | I17: 0.05 | J17: 0.05 | K17: 0.08 | L17: 0.07 | M17: 0.11 | N17: 0.15 | O17: 0.21 | P17: 0.19 | Q17: 0.23 | R17: 0.2 | S17: 0.19 | T17: 0.15 | U17: 0.12 | V17: 0.14 | W17: 0.07 | X17: 0.07 | Y17: 0.07 | Z17: 0.07 | AA17: 0.09 | AB17: 0.05 | AC17: 0.05
E18: Sunday | F18: 0.04 | G18: 0.04 | H18: 0.04 | I18: 0.04 | J18: 0.04 | K18: 0.07 | L18: 0.04 | M18: 0.04 | N18: 0.04 | O18: 0.04 | P18: 0.04 | Q18: 0.06 | R18: 0.06 | S18: 0.09 | T18: 0.06 | U18: 0.04 | V18: 0.04 | W18: 0.04 | X18: 0.04 | Y18: 0.04 | Z18: 0.04 | AA18: 0.07 | AB18: 0.04 | AC18: 0.04
A19: =A4 -> All zones | B19: Office | C19: Infiltration | D19: T24 2022 - Appendix 5.4B, [Office] Updated base on Plug load and schedules project with CEC, 202 | E19: Weekday | F19: 1 | G19: 1 | H19: 1 | I19: 1 | J19: 1 | K19: 0.25 | L19: 0.25 | M19: 0.25 | N19: 0.25 | O19: 0.25 | P19: 0.25 | Q19: 0.25 | R19: 0.25 | S19: 0.25 | T19: 0.25 | U19: 0.25 | V19: 0.25 | W19: 0.25 | X19: 0.25 | Y19: 0.25 | Z19: 0.25 | AA19: 0.25 | AB19: 0.25 | AC19: 0.25
E20: Saturday | F20: 1 | G20: 1 | H20: 1 | I20: 1 | J20: 1 | K20: 1 | L20: 1 | M20: 1 | N20: 1 | O20: 1 | P20: 1 | Q20: 1 | R20: 1 | S20: 1 | T20: 1 | U20: 1 | V20: 1 | W20: 1 | X20: 1 | Y20: 1 | Z20: 1 | AA20: 1 | AB20: 1 | AC20: 1
E21: Sunday | F21: 1 | G21: 1 | H21: 1 | I21: 1 | J21: 1 | K21: 1 | L21: 1 | M21: 1 | N21: 1 | O21: 1 | P21: 1 | Q21: 1 | R21: 1 | S21: 1 | T21: 1 | U21: 1 | V21: 1 | W21: 1 | X21: 1 | Y21: 1 | Z21: 1 | AA21: 1 | AB21: 1 | AC21: 1
A22: =A7 -> All zones | B22: Office | C22: HtgSetpt | E22: Weekday | F22: =IF((F13=1),Thermostat!$C$3,Thermostat!$C$4) -> 60 | G22: =IF((G13=1),Thermostat!$C$3,Thermostat!$C$4) -> 60 | H22: =IF((H13=1),Thermostat!$C$3,Thermostat!$C$4) -> 60 | I22: =IF((I13=1),Thermostat!$C$3,Thermostat!$C$4) -> 60 | J22: =IF((J13=1),Thermostat!$C$3,Thermostat!$C$4) -> 60 | K22: =IF((K13=1),Thermostat!$C$3,Thermostat!$C$4) -> 70 | L22: =IF((L13=1),Thermostat!$C$3,Thermostat!$C$4) -> 70 | M22: =IF((M13=1),Thermostat!$C$3,Thermostat!$C$4) -> 70 | ... AC22: =IF((AC13=1),Thermostat!$C$3,Thermostat!$C$4) -> 70
E23: Saturday | F23: =IF((F14=1),Thermostat!$C$3,Thermostat!$C$4) -> 60 | G23: =IF((G14=1),Thermostat!$C$3,Thermostat!$C$4) -> 60 | H23: =IF((H14=1),Thermostat!$C$3,Thermostat!$C$4) -> 60 | I23: =IF((I14=1),Thermostat!$C$3,Thermostat!$C$4) -> 60 | J23: =IF((J14=1),Thermostat!$C$3,Thermostat!$C$4) -> 60 | K23: =IF((K14=1),Thermostat!$C$3,Thermostat!$C$4) -> 60 | L23: =IF((L14=1),Thermostat!$C$3,Thermostat!$C$4) -> 60 | M23: =IF((M14=1),Thermostat!$C$3,Thermostat!$C$4) -> 60 | ... AC23: =IF((AC14=1),Thermostat!$C$3,Thermostat!$C$4) -> 60
E24: Sunday | F24: =IF((F15=1),Thermostat!$C$3,Thermostat!$C$4) -> 60 | G24: =IF((G15=1),Thermostat!$C$3,Thermostat!$C$4) -> 60 | H24: =IF((H15=1),Thermostat!$C$3,Thermostat!$C$4) -> 60 | I24: =IF((I15=1),Thermostat!$C$3,Thermostat!$C$4) -> 60 | J24: =IF((J15=1),Thermostat!$C$3,Thermostat!$C$4) -> 60 | K24: =IF((K15=1),Thermostat!$C$3,Thermostat!$C$4) -> 60 | L24: =IF((L15=1),Thermostat!$C$3,Thermostat!$C$4) -> 60 | M24: =IF((M15=1),Thermostat!$C$3,Thermostat!$C$4) -> 60 | ... AC24: =IF((AC15=1),Thermostat!$C$3,Thermostat!$C$4) -> 60
A25: =A10 -> All zones | B25: Office | C25: ClgSetpt | E25: Weekday | F25: =IF((F13=1),Thermostat!$C$5,Thermostat!$C$6) -> 85 | G25: =IF((G13=1),Thermostat!$C$5,Thermostat!$C$6) -> 85 | H25: =IF((H13=1),Thermostat!$C$5,Thermostat!$C$6) -> 85 | I25: =IF((I13=1),Thermostat!$C$5,Thermostat!$C$6) -> 85 | J25: =IF((J13=1),Thermostat!$C$5,Thermostat!$C$6) -> 85 | K25: =IF((K13=1),Thermostat!$C$5,Thermostat!$C$6) -> 75 | L25: =IF((L13=1),Thermostat!$C$5,Thermostat!$C$6) -> 75 | M25: =IF((M13=1),Thermostat!$C$5,Thermostat!$C$6) -> 75 | ... AC25: =IF((AC13=1),Thermostat!$C$5,Thermostat!$C$6) -> 75
E26: Saturday | F26: =IF((F14=1),Thermostat!$C$5,Thermostat!$C$6) -> 85 | G26: =IF((G14=1),Thermostat!$C$5,Thermostat!$C$6) -> 85 | H26: =IF((H14=1),Thermostat!$C$5,Thermostat!$C$6) -> 85 | I26: =IF((I14=1),Thermostat!$C$5,Thermostat!$C$6) -> 85 | J26: =IF((J14=1),Thermostat!$C$5,Thermostat!$C$6) -> 85 | K26: =IF((K14=1),Thermostat!$C$5,Thermostat!$C$6) -> 85 | L26: =IF((L14=1),Thermostat!$C$5,Thermostat!$C$6) -> 85 | M26: =IF((M14=1),Thermostat!$C$5,Thermostat!$C$6) -> 85 | ... AC26: =IF((AC14=1),Thermostat!$C$5,Thermostat!$C$6) -> 85
E27: Sunday | F27: =IF((F15=1),Thermostat!$C$5,Thermostat!$C$6) -> 85 | G27: =IF((G15=1),Thermostat!$C$5,Thermostat!$C$6) -> 85 | H27: =IF((H15=1),Thermostat!$C$5,Thermostat!$C$6) -> 85 | I27: =IF((I15=1),Thermostat!$C$5,Thermostat!$C$6) -> 85 | J27: =IF((J15=1),Thermostat!$C$5,Thermostat!$C$6) -> 85 | K27: =IF((K15=1),Thermostat!$C$5,Thermostat!$C$6) -> 85 | L27: =IF((L15=1),Thermostat!$C$5,Thermostat!$C$6) -> 85 | M27: =IF((M15=1),Thermostat!$C$5,Thermostat!$C$6) -> 85 | ... AC27: =IF((AC15=1),Thermostat!$C$5,Thermostat!$C$6) -> 85
A28: Data
A29: Server rooms | B29: Data | C29: Occupancy | D29: T24 2022 - Appendix 5.4B, [Data] Updated base on office schedule | E29: Weekday | F29: 0 | G29: 0 | H29: 0 | I29: 0 | J29: 0.05 | K29: 0.1 | L29: 0.25 | M29: 0.65 | N29: 0.65 | O29: 0.65 | P29: 0.65 | Q29: 0.6 | R29: 0.6 | S29: 0.65 | T29: 0.65 | U29: 0.65 | V29: 0.65 | W29: 0.4 | X29: 0.25 | Y29: 0.1 | Z29: 0.05 | AA29: 0.05 | AB29: 0.05 | AC29: 0
E30: Saturday | F30: 0 | G30: 0 | H30: 0 | I30: 0 | J30: 0 | K30: 0 | L30: 0 | M30: 0.05 | N30: 0.05 | O30: 0.05 | P30: 0.05 | Q30: 0.05 | R30: 0.05 | S30: 0.05 | T30: 0.05 | U30: 0.05 | V30: 0.05 | W30: 0.05 | X30: 0.05 | Y30: 0.05 | Z30: 0 | AA30: 0 | AB30: 0 | AC30: 0
E31: Sunday | F31: 0 | G31: 0 | H31: 0 | I31: 0 | J31: 0 | K31: 0 | L31: 0 | M31: 0.05 | N31: 0.05 | O31: 0.05 | P31: 0.05 | Q31: 0.05 | R31: 0.05 | S31: 0.05 | T31: 0.05 | U31: 0.05 | V31: 0.05 | W31: 0.05 | X31: 0.05 | Y31: 0.05 | Z31: 0 | AA31: 0 | AB31: 0 | AC31: 0
A32: =A29 -> Server rooms | B32: =B29 -> Data | C32: Lights | D32: T24 2022 - Appendix 5.4B, [Data] Updated base on office schedule | E32: Weekday | F32: 0.05 | G32: 0.05 | H32: 0.05 | I32: 0.05 | J32: 0.1 | K32: 0.2 | L32: 0.4 | M32: 0.7 | N32: 0.8 | O32: 0.85 | P32: 0.85 | Q32: 0.85 | R32: 0.85 | S32: 0.85 | T32: 0.85 | U32: 0.85 | V32: 0.85 | W32: 0.8 | X32: 0.35 | Y32: 0.1 | Z32: 0.1 | AA32: 0.1 | AB32: 0.1 | AC32: 0.1
E33: Saturday | F33: 0.05 | G33: 0.05 | H33: 0.05 | I33: 0.05 | J33: 0.05 | K33: 0.1 | L33: 0.1 | M33: 0.15 | N33: 0.15 | O33: 0.15 | P33: 0.15 | Q33: 0.15 | R33: 0.15 | S33: 0.15 | T33: 0.15 | U33: 0.15 | V33: 0.15 | W33: 0.1 | X33: 0.1 | Y33: 0.1 | Z33: 0.05 | AA33: 0.05 | AB33: 0.05 | AC33: 0.05
E34: Sunday | F34: 0.05 | G34: 0.05 | H34: 0.05 | I34: 0.05 | J34: 0.05 | K34: 0.1 | L34: 0.1 | M34: 0.15 | N34: 0.15 | O34: 0.15 | P34: 0.15 | Q34: 0.15 | R34: 0.15 | S34: 0.15 | T34: 0.15 | U34: 0.15 | V34: 0.15 | W34: 0.1 | X34: 0.1 | Y34: 0.1 | Z34: 0.05 | AA34: 0.05 | AB34: 0.05 | AC34: 0.05
A35: =A29 -> Server rooms | B35: =B29 -> Data | C35: HVACAvail | D35: T24 2022 - Appendix 5.4B, [Data] | E35: Weekday | F35: 1 | G35: 1 | H35: 1 | I35: 1 | J35: 1 | K35: 1 | L35: 1 | M35: 1 | N35: 1 | O35: 1 | P35: 1 | Q35: 1 | R35: 1 | S35: 1 | T35: 1 | U35: 1 | V35: 1 | W35: 1 | X35: 1 | Y35: 1 | Z35: 1 | AA35: 1 | AB35: 1 | AC35: 1
E36: Saturday | F36: 1 | G36: 1 | H36: 1 | I36: 1 | J36: 1 | K36: 1 | L36: 1 | M36: 1 | N36: 1 | O36: 1 | P36: 1 | Q36: 1 | R36: 1 | S36: 1 | T36: 1 | U36: 1 | V36: 1 | W36: 1 | X36: 1 | Y36: 1 | Z36: 1 | AA36: 1 | AB36: 1 | AC36: 1
E37: Sunday | F37: 1 | G37: 1 | H37: 1 | I37: 1 | J37: 1 | K37: 1 | L37: 1 | M37: 1 | N37: 1 | O37: 1 | P37: 1 | Q37: 1 | R37: 1 | S37: 1 | T37: 1 | U37: 1 | V37: 1 | W37: 1 | X37: 1 | Y37: 1 | Z37: 1 | AA37: 1 | AB37: 1 | AC37: 1
A38: =A29 -> Server rooms | B38: =B29 -> Data | C38: ServiceHotWater | D38: T24 2022 - Appendix 5.4B, [Data] | E38: Weekday | F38: 0 | G38: 0 | H38: 0 | I38: 0 | J38: 0.1 | K38: 0.1 | L38: 0.5 | M38: 0.5 | N38: 0.5 | O38: 0.5 | P38: 0.7 | Q38: 0.9 | R38: 0.9 | S38: 0.5 | T38: 0.5 | U38: 0.7 | V38: 0.5 | W38: 0.5 | X38: 0.5 | Y38: 0.1 | Z38: 0.1 | AA38: 0.1 | AB38: 0.1 | AC38: 0
E39: Saturday | F39: 0 | G39: 0 | H39: 0 | I39: 0 | J39: 0 | K39: 0 | L39: 0 | M39: 0 | N39: 0 | O39: 0 | P39: 0 | Q39: 0 | R39: 0 | S39: 0 | T39: 0 | U39: 0 | V39: 0 | W39: 0 | X39: 0 | Y39: 0 | Z39: 0 | AA39: 0 | AB39: 0 | AC39: 0
E40: Sunday | F40: 0 | G40: 0 | H40: 0 | I40: 0 | J40: 0 | K40: 0 | L40: 0 | M40: 0 | N40: 0 | O40: 0 | P40: 0 | Q40: 0 | R40: 0 | S40: 0 | T40: 0 | U40: 0 | V40: 0 | W40: 0 | X40: 0 | Y40: 0 | Z40: 0 | AA40: 0 | AB40: 0 | AC40: 0
A41: =A29 -> Server rooms | B41: =B29 -> Data | C41: Infiltration | D41: T24 2022 - Appendix 5.4B, [Data] | E41: Weekday | F41: 0.25 | G41: 0.25 | H41: 0.25 | I41: 0.25 | J41: 0.25 | K41: 0.25 | L41: 0.25 | M41: 0.25 | N41: 0.25 | O41: 0.25 | P41: 0.25 | Q41: 0.25 | R41: 0.25 | S41: 0.25 | T41: 0.25 | U41: 0.25 | V41: 0.25 | W41: 0.25 | X41: 0.25 | Y41: 0.25 | Z41: 0.25 | AA41: 0.25 | AB41: 0.25 | AC41: 0.25
E42: Saturday | F42: 0.25 | G42: 0.25 | H42: 0.25 | I42: 0.25 | J42: 0.25 | K42: 0.25 | L42: 0.25 | M42: 0.25 | N42: 0.25 | O42: 0.25 | P42: 0.25 | Q42: 0.25 | R42: 0.25 | S42: 0.25 | T42: 0.25 | U42: 0.25 | V42: 0.25 | W42: 0.25 | X42: 0.25 | Y42: 0.25 | Z42: 0.25 | AA42: 0.25 | AB42: 0.25 | AC42: 0.25
E43: Sunday | F43: 0.25 | G43: 0.25 | H43: 0.25 | I43: 0.25 | J43: 0.25 | K43: 0.25 | L43: 0.25 | M43: 0.25 | N43: 0.25 | O43: 0.25 | P43: 0.25 | Q43: 0.25 | R43: 0.25 | S43: 0.25 | T43: 0.25 | U43: 0.25 | V43: 0.25 | W43: 0.25 | X43: 0.25 | Y43: 0.25 | Z43: 0.25 | AA43: 0.25 | AB43: 0.25 | AC43: 0.25
A44: =A29 -> Server rooms | B44: =B29 -> Data | C44: ClgSetpt | D44: Based on Activity level and thermostat setpoint | E44: Weekday | F44: =Thermostat!$C$7 -> 80 | G44: =Thermostat!$C$7 -> 80 | H44: =Thermostat!$C$7 -> 80 | I44: =Thermostat!$C$7 -> 80 | J44: =Thermostat!$C$7 -> 80 | K44: =Thermostat!$C$7 -> 80 | L44: =Thermostat!$C$7 -> 80 | M44: =Thermostat!$C$7 -> 80 | ... AC44: =Thermostat!$C$7 -> 80
E45: Saturday | F45: =Thermostat!$C$7 -> 80 | G45: =Thermostat!$C$7 -> 80 | H45: =Thermostat!$C$7 -> 80 | I45: =Thermostat!$C$7 -> 80 | J45: =Thermostat!$C$7 -> 80 | K45: =Thermostat!$C$7 -> 80 | L45: =Thermostat!$C$7 -> 80 | M45: =Thermostat!$C$7 -> 80 | ... AC45: =Thermostat!$C$7 -> 80
E46: Sunday | F46: =Thermostat!$C$7 -> 80 | G46: =Thermostat!$C$7 -> 80 | H46: =Thermostat!$C$7 -> 80 | I46: =Thermostat!$C$7 -> 80 | J46: =Thermostat!$C$7 -> 80 | K46: =Thermostat!$C$7 -> 80 | L46: =Thermostat!$C$7 -> 80 | M46: =Thermostat!$C$7 -> 80 | ... AC46: =Thermostat!$C$7 -> 80
A47: Other
B48: Building | C48: Elevator | D48: T24 2022 - Appendix 5.4B, [Office] Updated base on Plug load and schedules project with CEC, 202 | E48: Weekday | F48: 0 | G48: 0 | H48: 0 | I48: 0 | J48: 0 | K48: 1 | L48: 1 | M48: 1 | N48: 1 | O48: 1 | P48: 1 | Q48: 1 | R48: 1 | S48: 1 | T48: 1 | U48: 1 | V48: 1 | W48: 1 | X48: 1 | Y48: 1 | Z48: 1 | AA48: 1 | AB48: 1 | AC48: 1
E49: Saturday | F49: 0 | G49: 0 | H49: 0 | I49: 0 | J49: 0 | K49: 0 | L49: 0 | M49: 0 | N49: 0 | O49: 0 | P49: 0 | Q49: 0 | R49: 0 | S49: 0 | T49: 0 | U49: 0 | V49: 0 | W49: 0 | X49: 0 | Y49: 0 | Z49: 0 | AA49: 0 | AB49: 0 | AC49: 0
E50: Sunday | F50: 0 | G50: 0 | H50: 0 | I50: 0 | J50: 0 | K50: 0 | L50: 0 | M50: 0 | N50: 0 | O50: 0 | P50: 0 | Q50: 0 | R50: 0 | S50: 0 | T50: 0 | U50: 0 | V50: 0 | W50: 0 | X50: 0 | Y50: 0 | Z50: 0 | AA50: 0 | AB50: 0 | AC50: 0
B51: Building | C51: ExtLightingNonMotionCtrl | E51: Weekday | F51: 1 | G51: 1 | H51: 1 | I51: 1 | J51: 1 | K51: 1 | L51: 1 | M51: 1 | N51: 1 | O51: 1 | P51: 1 | Q51: 1 | R51: 1 | S51: 1 | T51: 1 | U51: 1 | V51: 1 | W51: 1 | X51: 1 | Y51: 1 | Z51: 1 | AA51: 1 | AB51: 1 | AC51: 1
E52: Saturday | F52: 1 | G52: 1 | H52: 1 | I52: 1 | J52: 1 | K52: 1 | L52: 1 | M52: 1 | N52: 1 | O52: 1 | P52: 1 | Q52: 1 | R52: 1 | S52: 1 | T52: 1 | U52: 1 | V52: 1 | W52: 1 | X52: 1 | Y52: 1 | Z52: 1 | AA52: 1 | AB52: 1 | AC52: 1
E53: Sunday | F53: 1 | G53: 1 | H53: 1 | I53: 1 | J53: 1 | K53: 1 | L53: 1 | M53: 1 | N53: 1 | O53: 1 | P53: 1 | Q53: 1 | R53: 1 | S53: 1 | T53: 1 | U53: 1 | V53: 1 | W53: 1 | X53: 1 | Y53: 1 | Z53: 1 | AA53: 1 | AB53: 1 | AC53: 1
B54: Building | C54: ExtLightingMotionCtrl | E54: Weekday | F54: 0 | G54: 0 | H54: 0 | I54: 0 | J54: 0 | K54: 1 | L54: 1 | M54: 1 | N54: 1 | O54: 1 | P54: 1 | Q54: 1 | R54: 1 | S54: 1 | T54: 1 | U54: 1 | V54: 1 | W54: 1 | X54: 1 | Y54: 1 | Z54: 1 | AA54: 1 | AB54: 0 | AC54: 0
E55: Saturday | F55: 0 | G55: 0 | H55: 0 | I55: 0 | J55: 0 | K55: 1 | L55: 1 | M55: 1 | N55: 1 | O55: 1 | P55: 1 | Q55: 1 | R55: 1 | S55: 1 | T55: 1 | U55: 1 | V55: 1 | W55: 1 | X55: 1 | Y55: 1 | Z55: 1 | AA55: 1 | AB55: 1 | AC55: 1
E56: Sunday | F56: 0 | G56: 0 | H56: 0 | I56: 0 | J56: 0 | K56: 1 | L56: 1 | M56: 1 | N56: 1 | O56: 1 | P56: 1 | Q56: 1 | R56: 1 | S56: 1 | T56: 1 | U56: 1 | V56: 1 | W56: 1 | X56: 1 | Y56: 1 | Z56: 1 | AA56: 1 | AB56: 1 | AC56: 1
A57: Office | B57: Building | C57: FunctionalAreaPeopleActivityLevel | D57: Based on Activity level schedules in CEC Prototypes | E57: Weekday | F57: 131.9 | G57: 131.9 | H57: 131.9 | I57: 131.9 | J57: 131.9 | K57: 131.9 | L57: 131.9 | M57: 131.9 | N57: 131.9 | O57: 131.9 | P57: 131.9 | Q57: 131.9 | R57: 131.9 | S57: 131.9 | T57: 131.9 | U57: 131.9 | V57: 131.9 | W57: 131.9 | X57: 131.9 | Y57: 131.9 | Z57: 131.9 | AA57: 131.9 | AB57: 131.9 | AC57: 131.9
E58: Saturday | F58: 131.9 | G58: 131.9 | H58: 131.9 | I58: 131.9 | J58: 131.9 | K58: 131.9 | L58: 131.9 | M58: 131.9 | N58: 131.9 | O58: 131.9 | P58: 131.9 | Q58: 131.9 | R58: 131.9 | S58: 131.9 | T58: 131.9 | U58: 131.9 | V58: 131.9 | W58: 131.9 | X58: 131.9 | Y58: 131.9 | Z58: 131.9 | AA58: 131.9 | AB58: 131.9 | AC58: 131.9
E59: Sunday | F59: 131.9 | G59: 131.9 | H59: 131.9 | I59: 131.9 | J59: 131.9 | K59: 131.9 | L59: 131.9 | M59: 131.9 | N59: 131.9 | O59: 131.9 | P59: 131.9 | Q59: 131.9 | R59: 131.9 | S59: 131.9 | T59: 131.9 | U59: 131.9 | V59: 131.9 | W59: 131.9 | X59: 131.9 | Y59: 131.9 | Z59: 131.9 | AA59: 131.9 | AB59: 131.9 | AC59: 131.9
A60: Server room | B60: Building | C60: ComputerRoomPeopleActivityLevel | D60: Based on Activilty level schedules in CEC Prototypes | E60: Weekday | F60: 120 | G60: 120 | H60: 120 | I60: 120 | J60: 120 | K60: 120 | L60: 120 | M60: 120 | N60: 120 | O60: 120 | P60: 120 | Q60: 120 | R60: 120 | S60: 120 | T60: 120 | U60: 120 | V60: 120 | W60: 120 | X60: 120 | Y60: 120 | Z60: 120 | AA60: 120 | AB60: 120 | AC60: 120
E61: Saturday | F61: 120 | G61: 120 | H61: 120 | I61: 120 | J61: 120 | K61: 120 | L61: 120 | M61: 120 | N61: 120 | O61: 120 | P61: 120 | Q61: 120 | R61: 120 | S61: 120 | T61: 120 | U61: 120 | V61: 120 | W61: 120 | X61: 120 | Y61: 120 | Z61: 120 | AA61: 120 | AB61: 120 | AC61: 120
E62: Sunday | F62: 120 | G62: 120 | H62: 120 | I62: 120 | J62: 120 | K62: 120 | L62: 120 | M62: 120 | N62: 120 | O62: 120 | P62: 120 | Q62: 120 | R62: 120 | S62: 120 | T62: 120 | U62: 120 | V62: 120 | W62: 120 | X62: 120 | Y62: 120 | Z62: 120 | AA62: 120 | AB62: 120 | AC62: 120
A63: Conference room | B63: Building | C63: MeetingAreaPeopleActivityLevel | D63: Based on Activilty level schedules in CEC Prototypes | E63: Weekday | F63: 117.2 | G63: 117.2 | H63: 117.2 | I63: 117.2 | J63: 117.2 | K63: 117.2 | L63: 117.2 | M63: 117.2 | N63: 117.2 | O63: 117.2 | P63: 117.2 | Q63: 117.2 | R63: 117.2 | S63: 117.2 | T63: 117.2 | U63: 117.2 | V63: 117.2 | W63: 117.2 | X63: 117.2 | Y63: 117.2 | Z63: 117.2 | AA63: 117.2 | AB63: 117.2 | AC63: 117.2
E64: Saturday | F64: 117.2 | G64: 117.2 | H64: 117.2 | I64: 117.2 | J64: 117.2 | K64: 117.2 | L64: 117.2 | M64: 117.2 | N64: 117.2 | O64: 117.2 | P64: 117.2 | Q64: 117.2 | R64: 117.2 | S64: 117.2 | T64: 117.2 | U64: 117.2 | V64: 117.2 | W64: 117.2 | X64: 117.2 | Y64: 117.2 | Z64: 117.2 | AA64: 117.2 | AB64: 117.2 | AC64: 117.2
E65: Sunday | F65: 117.2 | G65: 117.2 | H65: 117.2 | I65: 117.2 | J65: 117.2 | K65: 117.2 | L65: 117.2 | M65: 117.2 | N65: 117.2 | O65: 117.2 | P65: 117.2 | Q65: 117.2 | R65: 117.2 | S65: 117.2 | T65: 117.2 | U65: 117.2 | V65: 117.2 | W65: 117.2 | X65: 117.2 | Y65: 117.2 | Z65: 117.2 | AA65: 117.2 | AB65: 117.2 | AC65: 117.2
A66: Corridor, Stair, Lobby, Restroom, Mech, Storage, Break | B66: Building | C66: CommonAreaPeopleActivityLevel | D66: Based on Activilty level schedules in CEC Prototypes | E66: Weekday | F66: 146.5 | G66: 146.5 | H66: 146.5 | I66: 146.5 | J66: 146.5 | K66: 146.5 | L66: 146.5 | M66: 146.5 | N66: 146.5 | O66: 146.5 | P66: 146.5 | Q66: 146.5 | R66: 146.5 | S66: 146.5 | T66: 146.5 | U66: 146.5 | V66: 146.5 | W66: 146.5 | X66: 146.5 | Y66: 146.5 | Z66: 146.5 | AA66: 146.5 | AB66: 146.5 | AC66: 146.5
E67: Saturday | F67: 146.5 | G67: 146.5 | H67: 146.5 | I67: 146.5 | J67: 146.5 | K67: 146.5 | L67: 146.5 | M67: 146.5 | N67: 146.5 | O67: 146.5 | P67: 146.5 | Q67: 146.5 | R67: 146.5 | S67: 146.5 | T67: 146.5 | U67: 146.5 | V67: 146.5 | W67: 146.5 | X67: 146.5 | Y67: 146.5 | Z67: 146.5 | AA67: 146.5 | AB67: 146.5 | AC67: 146.5
E68: Sunday | F68: 146.5 | G68: 146.5 | H68: 146.5 | I68: 146.5 | J68: 146.5 | K68: 146.5 | L68: 146.5 | M68: 146.5 | N68: 146.5 | O68: 146.5 | P68: 146.5 | Q68: 146.5 | R68: 146.5 | S68: 146.5 | T68: 146.5 | U68: 146.5 | V68: 146.5 | W68: 146.5 | X68: 146.5 | Y68: 146.5 | Z68: 146.5 | AA68: 146.5 | AB68: 146.5 | AC68: 146.5
A69: Kitchen/Food prep | B69: Building | C69: KitchenPeopleActivityLevel | D69: Based on Activilty level schedules in CEC Prototypes | E69: Weekday | F69: 219.8 | G69: 219.8 | H69: 219.8 | I69: 219.8 | J69: 219.8 | K69: 219.8 | L69: 219.8 | M69: 219.8 | N69: 219.8 | O69: 219.8 | P69: 219.8 | Q69: 219.8 | R69: 219.8 | S69: 219.8 | T69: 219.8 | U69: 219.8 | V69: 219.8 | W69: 219.8 | X69: 219.8 | Y69: 219.8 | Z69: 219.8 | AA69: 219.8 | AB69: 219.8 | AC69: 219.8
E70: Saturday | F70: 219.8 | G70: 219.8 | H70: 219.8 | I70: 219.8 | J70: 219.8 | K70: 219.8 | L70: 219.8 | M70: 219.8 | N70: 219.8 | O70: 219.8 | P70: 219.8 | Q70: 219.8 | R70: 219.8 | S70: 219.8 | T70: 219.8 | U70: 219.8 | V70: 219.8 | W70: 219.8 | X70: 219.8 | Y70: 219.8 | Z70: 219.8 | AA70: 219.8 | AB70: 219.8 | AC70: 219.8
E71: Sunday | F71: 219.8 | G71: 219.8 | H71: 219.8 | I71: 219.8 | J71: 219.8 | K71: 219.8 | L71: 219.8 | M71: 219.8 | N71: 219.8 | O71: 219.8 | P71: 219.8 | Q71: 219.8 | R71: 219.8 | S71: 219.8 | T71: 219.8 | U71: 219.8 | V71: 219.8 | W71: 219.8 | X71: 219.8 | Y71: 219.8 | Z71: 219.8 | AA71: 219.8 | AB71: 219.8 | AC71: 219.8
A72: Locker | B72: Building | C72: LockerRoomPeopleActivityLevel | D72: Based on Activilty level schedules in CEC Prototypes | E72: Weekday | F72: 213.9 | G72: 213.9 | H72: 213.9 | I72: 213.9 | J72: 213.9 | K72: 213.9 | L72: 213.9 | M72: 213.9 | N72: 213.9 | O72: 213.9 | P72: 213.9 | Q72: 213.9 | R72: 213.9 | S72: 213.9 | T72: 213.9 | U72: 213.9 | V72: 213.9 | W72: 213.9 | X72: 213.9 | Y72: 213.9 | Z72: 213.9 | AA72: 213.9 | AB72: 213.9 | AC72: 213.9
E73: Saturday | F73: 213.9 | G73: 213.9 | H73: 213.9 | I73: 213.9 | J73: 213.9 | K73: 213.9 | L73: 213.9 | M73: 213.9 | N73: 213.9 | O73: 213.9 | P73: 213.9 | Q73: 213.9 | R73: 213.9 | S73: 213.9 | T73: 213.9 | U73: 213.9 | V73: 213.9 | W73: 213.9 | X73: 213.9 | Y73: 213.9 | Z73: 213.9 | AA73: 213.9 | AB73: 213.9 | AC73: 213.9
E74: Sunday | F74: 213.9 | G74: 213.9 | H74: 213.9 | I74: 213.9 | J74: 213.9 | K74: 213.9 | L74: 213.9 | M74: 213.9 | N74: 213.9 | O74: 213.9 | P74: 213.9 | Q74: 213.9 | R74: 213.9 | S74: 213.9 | T74: 213.9 | U74: 213.9 | V74: 213.9 | W74: 213.9 | X74: 213.9 | Y74: 213.9 | Z74: 213.9 | AA74: 213.9 | AB74: 213.9 | AC74: 213.9
A82: Background Data [To be deleted prior to publication]
B89: Operating Schedule
B90: System Capacity fraction | C90: Developed based on CEC and CEUS | E90: Weekday
E91: Saturday
B92: Alternative HVAC System Operating
B93: Alternative HVAC System Operating | C93: Developed based on CEC schedules and CEUS operating hours | E93: Weekday
E94: Saturday
E95: Otherday
E96: Weekday
E97: Saturday
E98: Otherday

Sheet Energy Usage
A1: CalBEM Energy Consumption - OfficeLarge | I1: National Average (EnergyStar Portfolio Manager) | N1: ="CEUS Energy Consumption - "&Prototype!A2 -> CEUS Energy Consumption - OfficeLarge
A2: Prototype | B2: CZ | C2: CalBEM Electricity EUI (KBTU/ft²) | D2: CalBEM Gas EUI (KBTU/ft²) | E2: CalBEM Total EUI (KBTU/ft²) | F2: New Construction Electricity EUI (KBTU/ft²) | G2: New Construction Gas EUI (KBTU/ft²) | H2: New Construction Total EUI (KBTU/ft²) | I2: National Average | J2: Acceptable RangeRange (25% Higher) | K2: Acceptable RangeRange (25% Lower) | L2: National Average Acceptable Range | M2: Zip code | N2: Prototype | O2: CZ | P2: Total Floorspace (Thousand of ft2) | Q2: CEUS 2022 Electric Energy Intensity (kWh/ft²) | R2: CEUS 2022 Annual Gas Intensity (kWh/ft²) | S2: CEUS 2022 Total EUI (kBtu/ft²) | T2: Acceptable Range (25% Higher) | U2: Acceptable Range (25% Lower) | V2: CEUS 2022 Acceptable Range
A3: HotelSmall | B3: 1 | C3: 47.7 | D3: 9.7 | E3: 57.4 | F3: 44.8 | G3: 8.2 | H3: 53.1 | I3: 71.5 | J3: =I3*1.25 -> 89.375 | K3: =I3*0.75 -> 53.625 | L3: =J3-K3 -> 35.75 | M3: 95521 | N3: =Prototype!B4 -> Large Office | O3: 1 | P3: 5279 | Q3: 16.7 | R3: 5.01 | S3: =(Q3+R3)*3.412 -> 74.07452 | T3: =S3*1.25 -> 92.59315 | U3: =S3*0.75 -> 55.55589 | V3: =T3-U3 -> 37.03726
B4: 2 | C4: 56 | D4: 8.5 | E4: 64.5 | F4: 47.9 | G4: 7.3 | H4: 55.3 | I4: 77.3 | J4: =I4*1.25 -> 96.625 | K4: =I4*0.75 -> 57.975 | L4: =J4-K4 -> 38.65 | M4: 95476 | O4: 2 | P4: 12449 | Q4: 15.2 | R4: 6.24 | S4: =(Q4+R4)*3.412 -> 73.15328 | T4: =S4*1.25 -> 91.4416 | U4: =S4*0.75 -> 54.86496 | V4: =T4-U4 -> 36.57664
B5: 3 | C5: 52 | D5: 7.6 | E5: 59.6 | F5: 46.7 | G5: 6.9 | H5: 53.5 | I5: 74 | J5: =I5*1.25 -> 92.5 | K5: =I5*0.75 -> 55.5 | L5: =J5-K5 -> 37 | M5: 94612 | O5: 3 | P5: 242565 | Q5: 14.3 | R5: 4.83 | S5: =(Q5+R5)*3.412 -> 65.27156 | T5: =S5*1.25 -> 81.58945 | U5: =S5*0.75 -> 48.95367 | V5: =T5-U5 -> 32.63578
B6: 4 | C6: 56.6 | D6: 7.5 | E6: 64.1 | F6: 50.4 | G6: 6.5 | H6: 56.9 | I6: 79.5 | J6: =I6*1.25 -> 99.375 | K6: =I6*0.75 -> 59.625 | L6: =J6-K6 -> 39.75 | M6: 93446 | O6: 4 | P6: 137610 | Q6: 14.4 | R6: 4.76 | S6: =(Q6+R6)*3.412 -> 65.37392 | T6: =S6*1.25 -> 81.7174 | U6: =S6*0.75 -> 49.03044 | V6: =T6-U6 -> 32.68696
B7: 5 | C7: 53.2 | D7: 7.8 | E7: 61 | F7: 48.1 | G7: 7.1 | H7: 55.2 | I7: 71.4 | J7: =I7*1.25 -> 89.25 | K7: =I7*0.75 -> 53.55 | L7: =J7-K7 -> 35.7 | M7: 93455 | O7: 5 | P7: 3834 | Q7: 8.6 | R7: 9.32 | S7: =(Q7+R7)*3.412 -> 61.14304 | T7: =S7*1.25 -> 76.4288 | U7: =S7*0.75 -> 45.85728 | V7: =T7-U7 -> 30.57152
B8: 6 | C8: 53.4 | D8: 5.4 | E8: 58.8 | F8: 49.8 | G8: 4.9 | H8: 54.7 | I8: 80.8 | J8: =I8*1.25 -> 101 | K8: =I8*0.75 -> 60.6 | L8: =J8-K8 -> 40.4 | M8: 93550 | O8: 6 | P8: 109980 | Q8: 10.9 | R8: 4.88 | S8: =(Q8+R8)*3.412 -> 53.84136 | T8: =S8*1.25 -> 67.3017 | U8: =S8*0.75 -> 40.38102 | V8: =T8-U8 -> 26.92068
B9: 7 | C9: 55.4 | D9: 5.3 | E9: 60.7 | F9: 49.8 | G9: 4.6 | H9: 54.4 | I9: 76.7 | J9: =I9*1.25 -> 95.875 | K9: =I9*0.75 -> 57.525 | L9: =J9-K9 -> 38.35 | M9: 92101 | O9: 7 | P9: 76710 | Q9: 14.8 | R9: 9.36 | S9: =(Q9+R9)*3.412 -> 82.43392 | T9: =S9*1.25 -> 103.0424 | U9: =S9*0.75 -> 61.82544 | V9: =T9-U9 -> 41.21696
B10: 8 | C10: 55.3 | D10: 5.4 | E10: 60.7 | F10: 51.4 | G10: 5 | H10: 56.4 | I10: 77.6 | J10: =I10*1.25 -> 97 | K10: =I10*0.75 -> 58.2 | L10: =J10-K10 -> 38.8 | M10: 92831 | O10: 8 | P10: 177013 | Q10: 10.4 | R10: 4.24 | S10: =(Q10+R10)*3.412 -> 49.95168 | T10: =S10*1.25 -> 62.4396 | U10: =S10*0.75 -> 37.46376 | V10: =T10-U10 -> 24.97584
B11: 9 | C11: 56.2 | D11: 5.6 | E11: 61.9 | F11: 51 | G11: 5.1 | H11: 56.1 | I11: 77.7 | J11: =I11*1.25 -> 97.125 | K11: =I11*0.75 -> 58.275 | L11: =J11-K11 -> 38.85 | M11: 91505 | O11: 9 | P11: 240000 | Q11: 10.9 | R11: 4.38 | S11: =(Q11+R11)*3.412 -> 52.13536 | T11: =S11*1.25 -> 65.1692 | U11: =S11*0.75 -> 39.10152 | V11: =T11-U11 -> 26.06768
B12: 10 | C12: 55.8 | D12: 5.5 | E12: 61.2 | F12: 51.7 | G12: 5.2 | H12: 56.9 | I12: 78.1 | J12: =I12*1.25 -> 97.625 | K12: =I12*0.75 -> 58.575 | L12: =J12-K12 -> 39.05 | M12: 92501 | O12: 10 | P12: 65927 | Q12: 11.9 | R12: 7.21 | S12: =(Q12+R12)*3.412 -> 65.20332 | T12: =S12*1.25 -> 81.50415 | U12: =S12*0.75 -> 48.90249 | V12: =T12-U12 -> 32.60166
B13: 11 | C13: 51.5 | D13: 6.7 | E13: 58.2 | F13: 51.2 | G13: 6.3 | H13: 57.5 | I13: 80.3 | J13: =I13*1.25 -> 100.375 | K13: =I13*0.75 -> 60.225 | L13: =J13-K13 -> 40.15 | M13: 96080 | O13: 11 | P13: 18413 | Q13: 11.4 | R13: 4.29 | S13: =(Q13+R13)*3.412 -> 53.53428 | T13: =S13*1.25 -> 66.91785 | U13: =S13*0.75 -> 40.15071 | V13: =T13-U13 -> 26.76714
B14: 12 | C14: 54.2 | D14: 7.1 | E14: 61.3 | F14: 50 | G14: 6.4 | H14: 56.3 | I14: 79.6 | J14: =I14*1.25 -> 99.5 | K14: =I14*0.75 -> 59.7 | L14: =J14-K14 -> 39.8 | M14: 95814 | O14: 12 | P14: 171620 | Q14: 14.4 | R14: 6.12 | S14: =(Q14+R14)*3.412 -> 70.01424 | T14: =S14*1.25 -> 87.5178 | U14: =S14*0.75 -> 52.51068 | V14: =T14-U14 -> 35.00712
B15: 13 | C15: 55 | D15: 6.2 | E15: 61.2 | F15: 51.3 | G15: 5.7 | H15: 57 | I15: 80 | J15: =I15*1.25 -> 100 | K15: =I15*0.75 -> 60 | L15: =J15-K15 -> 40 | M15: 93721 | O15: 13 | P15: 19959 | Q15: 15.9 | R15: 3.71 | S15: =(Q15+R15)*3.412 -> 66.90932 | T15: =S15*1.25 -> 83.63665 | U15: =S15*0.75 -> 50.18199 | V15: =T15-U15 -> 33.45466
... B18: 16 | C18: 50.1 | D18: 7.7 | E18: 57.8 | F18: 49.3 | G18: 6.2 | H18: 55.5 | I18: 82.3 | J18: =I18*1.25 -> 102.875 | K18: =I18*0.75 -> 61.725 | L18: =J18-K18 -> 41.15 | M18: 95715 | O18: 16 | P18: 39406 | Q18: 11.6 | R18: 4.42 | S18: =(Q18+R18)*3.412 -> 54.66024 | T18: =S18*1.25 -> 68.3253 | U18: =S18*0.75 -> 40.99518 | V18: =T18-U18 -> 27.33012
N20: Ref: CEUS 2022 Report
N21: And by applying FZ-CZ multipliers for converting FZ data to CZ data
N25: Background Data [To be deleted prior to publication]

Sheet Weights
A1: ="% of floor area per CZ and vintage bin - "&Prototype!A2 -> % of floor area per CZ and vintage bin - OfficeLarge
A2: Prototype | B2: CZ | C2: Vintage Bin | J2: Floor area distribution of CA office buildings (CEUS 2022)
C3: Pre-1978 | D3: 1978-1997 | E3: 1998-2007 | F3: 2008-2018 | G3: Not available | J3: Office, Small | K3: Office, Medium | L3: Office, Large
A4: OfficeSmall | B4: 1 | C4: 0.58416858 | D4: 0.23368803 | E4: 0.080589257 | F4: 0.035655035 | G4: 0.065899092 | H4: =SUM(C4:G4) -> 1 | J4: 0.35389988 | K4: 0.2943253 | L4: 0.35177481
B5: 2 | C5: 0.49146763 | D5: 0.36417246 | E5: 0.1438923 | F5: 0.00016417206 | G5: 0.0003034295 | H5: =SUM(C5:G5) -> 1
B6: 3 | C6: 0.39038791 | D6: 0.3462032 | E6: 0.15643682 | F6: 0.079942242 | G6: 0.027029837 | H6: =SUM(C6:G6) -> 1
B7: 4 | C7: 0.39416524 | D7: 0.34192239 | E7: 0.15720658 | F7: 0.080510019 | G7: 0.026195771 | H7: =SUM(C7:G7) -> 1
B8: 5 | C8: 0.18231852 | D8: 0.72976781 | E8: 0.034824867 | F8: 0.03023136 | G8: 0.022857434 | H8: =SUM(C8:G8) -> 1
B9: 6 | C9: 0.33042937 | D9: 0.40085064 | E9: 0.15452474 | F9: 0.064158611 | G9: 0.050036628 | H9: =SUM(C9:G9) -> 1
B10: 7 | C10: 0.16640128 | D10: 0.53222331 | E10: 0.21554311 | F10: 0.069775281 | G10: 0.016057012 | H10: =SUM(C10:G10) -> 1
B11: 8 | C11: 0.35090245 | D11: 0.41331992 | E11: 0.11308819 | F11: 0.051793646 | G11: 0.070895793 | H11: =SUM(C11:G11) -> 1
B12: 9 | C12: 0.38396158 | D12: 0.40666614 | E12: 0.092304311 | F12: 0.063229203 | G12: 0.053838766 | H12: =SUM(C12:G12) -> 1
B13: 10 | C13: 0.16196628 | D13: 0.41330992 | E13: 0.26423682 | F13: 0.09854996 | G13: 0.061937016 | H13: =SUM(C13:G13) -> 1
B14: 11 | C14: 0.46794721 | D14: 0.16134049 | E14: 0.14624532 | F14: 0.088280087 | G14: 0.13618689 | H14: =SUM(C14:G14) -> 1
B15: 12 | C15: 0.37431596 | D15: 0.31214221 | E15: 0.1649308 | F15: 0.087939491 | G15: 0.060671546 | H15: =SUM(C15:G15) -> 1
B16: 13 | C16: 0.68744186 | D16: 0.13071537 | E16: 0.039793065 | F16: 0.049872789 | G16: 0.092176925 | H16: =SUM(C16:G16) -> 1
... B19: 16 | C19: 0.2708143 | D19: 0.3094555 | E19: 0.23934765 | F19: 0.066132421 | G19: 0.11425012 | H19: =SUM(C19:G19) -> 1
B20: Statewide | C20: 0.34876467 | D20: 0.38184429 | E20: 0.15173083 | F20: 0.071156687 | G20: 0.046503522
A22: Ref: CEUS 2022 dataset
A23: Ref: Dodge 2023
A29: Background Data [To be deleted prior to publication]

Sheet PV
A1: ="PV - "&Prototype!A2 -> PV - OfficeLarge

Sheet EV Charger
A1: ="EV Charger - "&Prototype!A2 -> EV Charger - OfficeLarge
A11: Background Data [To be deleted prior to publication]

Sheet Data
A1: Space Function | B1: Electric Equipment Load Intensity | C1: Electric Equipment Load Intensity | D1: LPD
A2: Aging Eye/Low-vision (Corridor Area) | D2: 2013 | E2: 2016 | F2: 2019 | G2: 2025
A3: Aging Eye/Low-vision (Dining)
A4: Aging Eye/Low-vision (Lobby, Main Entry)
A5: Aging Eye/Low-vision (Lounge/Waiting Area)
A6: Aging Eye/Low-vision (Multipurpose Room)
A7: Aging Eye/Low-vision (Religious Worship Area)
A8: Aging Eye/Low-vision (Restroom)
A9: Aging Eye/Low-vision (Stairwell)
A10: Audience Seating Area
A11: Auditorium Area
A12: Auto Repair / Maintenance Area
A13: Barber, Beauty Salon, Spa Area
A14: Civic Meeting Place Area
... A83: Server Room (EPD 45)
