Workbook
Name nonparticipating_forecastzone_scale_factor: '[1]Energy Usage'!#REF!
Name nonparticipating_forecastzone_scale_factor: #REF!
Name nonparticipating_forecastzone_scale_factor: 'Energy Usage'!#REF!
Name Space_Function: Data!$A$2:$A$76

Sheet Notes
A1: Data Sources
A2: Dataset | B2: Dodge 2023
B3: Commercial End-Use Survey (CEUS) 2022 | C3: https://www.energy.ca.gov/publications/2023/2022-california-commercial-end-use-survey-ceus-final-report
B4: Lawrence Berkeley National Laboratory (LBNL) / U.S. Department of Energy (DOE), 2019
A6: Prototype | B6: California Energy Commission (CEC) Laboratory prototype (CBECC 2022.3.1) | C6: https://bees.noresco.com/software2022.html
B7: Database for Energy Efficient Resources (DEER) Manufacturing-BioTech prototype (June 2024) | C7: https://github.com/sound-data/DEER-Prototypes-EnergyPlus
A9: Codes | B9: Title 24, part 6, referred to as T24 (1984, 1992,1998, 2001, 2005, 2008, 2013, 2016,2019, 2022, 2025) | C9: https://www.energy.ca.gov/publications/2025/2025-building-energy-efficiency-standards-residential-and-nonresidential | D9: 2025
C10: https://codes.iccsafe.org/codes/united-states/california | D10: 2010+
B11: American Society of Heating, Refrigerating and Air-Conditioning Engineers (ASHRAE) 90.1 (2022) | C11: https://www.ashrae.org/technical-resources/standards-and-guidelines/read-only-versions-of-ashrae-standards
B12: Code of Federal Regulations (CFR) Title 10 (2008, 2010) | C12: https://www.govinfo.gov/content/pkg/FR-2009-03-23/pdf/FR-2009-03-23.pdf
B13: CFR Title 10 (2025) | C13: https://www.ecfr.gov/current/title-10
A15: Other | B15: Alternative Calculation Method (ACM) (2022) | C15: https://www.energy.ca.gov/publications/2022/2022-nonresidential-and-multifamily-alternative-calculation-method-reference
B16: Nonres ACM 2022, Appendix 5.4A and Appendix 5.4B | C16: https://www.energy.ca.gov/publications/2022/2022-nonresidential-and-multifamily-alternative-calculation-method-reference
B17: 2022 Reduced infiltration Codes and Standards Enhancement (CASE) report | C17: https://title24stakeholders.com/wp-content/uploads/2020/10/2022-T24-Final-CASE-Report_Reduce-Infiltration.pdf
B18: 2019 Outdoor Lighting CASE Report | C18: https://title24stakeholders.com/wp-content/uploads/2016/10/T24-2019-CASE-Study-Results-Report-Outdoor-Sources_Final_with-Attachments.pdf
B19: 2019 High Efficiency Fume Hoods in Laboratory Spaces CASE Report | C19: https://title24stakeholders.com/wp-content/uploads/2017/09/2019-T24-CASE-Report_Fume-Hoods_Final_September-2017.pdf?
B20: PNNL 20405, 2011 | C20: https://www.pnnl.gov/main/publications/external/technical_reports/PNNL-20405.pdf
B21: Air leakage Memo, NORESCO, 2025 | C21: Infiltration_rate_report_14May2025-Short-Version.docx
B22: Proposed Updates to Equipment Power Densities and Building Schedules for the 2028 Energy Code, referred to as "Plug load and schedules project with CEC, 2025" (Docket Number =25-BSTD-03 & TN=265693) | C22: https://efiling.energy.ca.gov/GetDocument.aspx?tn=265693&DocumentContentId=102545
B23: ASHRAE/AIHA/ACS, Classification of Laboratory Ventilation Design Levels | C23: https://www.ashrae.org/File%20Library/Technical%20Resources/Free%20Resources/Publications/ClassificationOfLabVentDesLevels.pdf
B24: ANSI/ASSP Z9.5-2022, Laboratory Ventilation | C24: https://webstore.ansi.org/standards/asse/ansiasspz92022
B25: U.S. DOE Federal Energy Management Program, Right-Sizing Laboratory Equipment Loads. | C25: https://www.osti.gov/servlets/purl/922847
B26: I2SL Laboratory Benchmarking Tool (successor to the Labs21 Energy Benchmarking Tool) | C26: https://lbt.i2sl.org/
B27: Commercial Building Prototypes Based on ANSI/ASHRAE/IES Standard 90.1-2019 Appendix G PRM: Technical Support Document | C27: https://www.pnnl.gov/main/publications/external/technical_reports/PNNL-32815.pdf
... B36: Grainger electric tank water heaters | C36: https://www.grainger.com/category/plumbing/water-heaters/electric-tank-water-heaters
A41: Construction Rate
A53: Four vintage bins (Pre-1978, 1978-1997, 1998-2007, 2008-2018) plus New Construction (2019+) are derived from the California nonresidential construction-rate analysis shown in the Construction Rate block above, binned at the Title 24 code-cycle boundaries that changed the governing envelope and equipment requirements.
A54: Notes
A55: 2025 T24 | B55: Laboratory is a space or room where hazardous materials are used for activities such as testing, analysis, instruction, research, or developmental activities. Laboratory Suite is a Group L occupancy space within a building or structure, which may include multiple laboratories, offices, storage, equipment rooms or similar support functions. Laboratory, Scientific Area is a room or area where research, experiments, and measurement in medical and physical sciences are performed requiring examination of fine details. The area may include workbenches, countertops, scientific instruments, and associated floor spaces. Scientific laboratory does not refer to film, computer, and other laboratories where scientific experiments are not performed.
A56: Laboratory type and ventilation design level | B56: The prototype represents a WET RESEARCH LABORATORY BUILDING (medical / biological research), operating at Laboratory Ventilation Design Level LVDL-2 per ASHRAE/AIHA/ACS, Classification of Laboratory Ventilation Design Levels (2018). Lab space is classified as "Laboratory, Scientific" under the T24 2025 definition quoted above. Declaring the LVDL - not only the lab type - is what fixes the downstream assumptions: minimum air change rates, occupied/unoccupied setback, fume hood face velocity and sash control, and exhaust discharge. Pharmaceutical / biopharma GMP production facilities are EXCLUDED from this prototype: they fall outside the OSHA 29 CFR 1910.1450(b) definition of "laboratory scale", which expressly excludes production-scale work, and cleanroom classification, process loads and 24/7 operation would reopen ventilation, internal loads, schedules and humidity control. PENDING CONFIRMATION - this decision governs the Ventilation tab.
A57: Wet laboratory Definition | B57: A WET LABORATORY is a space where chemicals, drugs, or other material or biological matter are tested and analyzed, requiring water, direct ventilation and specialized piped utilities (WBDG, Space Types: Laboratory - Wet). The NIH Design Requirements Manual makes the same distinction operationally: wet laboratories handle liquid solutions, biological materials and chemicals and are fitted with bench space, hand-wash and work sinks, chemical fume hoods and/or biological safety cabinets, and piped services such as DI or RO water and laboratory gases; DRY laboratories are computational, bioinformatics, electronics and instrumentation spaces and require no wet services. MIT Design Standards T10 characterises wet laboratories as spaces that use and store chemical and biological materials, equipped with sinks or fume hoods, specialized local exhaust ventilation (SLEV) and containment equipment such as biological safety cabinets. All three are consistent with the OSHA definition of laboratory scale at 29 CFR 1910.1450(b) - work with hazardous chemicals on a NON-PRODUCTION basis, in containers that can be handled safely by one person.
A58: Laboratory types the prototype does NOT represent (LAB4) | B58: Laboratory is not a single building type. MIT Design Standards T10 lists SEVENTEEN laboratory types (Baseline; Life Science/Bio; Optical; Engineering/Physical Sciences; Maker Space/Machine Shop; Chemistry; BL1; BL2; BL2+; BL3; Radioactive Material; Radiation Producing; Clinical Lab; Animal/Survival Surgery; ABSL-1; ABSL-2; ABSL-2+). The prototype is proposed to represent a general WET RESEARCH laboratory (medical/biological, broadly MIT types Baseline and Life Science/Bio) at LVDL-2. It does NOT represent: DRY/COMPUTATIONAL laboratories (no hoods or piped services; office-like ventilation, load-driven); TEACHING laboratories (very high hood density per unit area but low occupied hours); CLINICAL and DIAGNOSTIC laboratories (biological safety cabinets rather than chemical fume hoods; ventilation governed by ASHRAE 170 and the CMC rather than by hood demand); VIVARIA and animal holding (high fixed air change rates with tight temperature and humidity control, 24/7); HIGH-CONTAINMENT laboratories at BSL-3 and above (single-pass air, sealed envelope, HEPA filtration, deeper interstitial space); and PHARMACEUTICAL/BIOPHARMA GMP PRODUCTION (cleanroom classification, process loads, 24/7 operation), which is excluded because it falls outside the OSHA 29 CFR 1910.1450(b) laboratory-scale definition. Each of these carries a materially different ventilation rate, exhaust configuration, internal load and schedule, so a prototype cannot represent them all.

Sheet Prototype
A1: NORESCO, Updated September 2026
A2: Laboratory
A3: Characteristic | B3: Value | C3: Data Sources
A4: Building Type | B4: Laboratory
A5: Building Category | B5: Nonresidential
A6: Version | B6: v2-0
A7: Vintages | B7: 4 Vintages: Pre-1978 , 1978-1997 ,1998-2007 , 2008-2018 New Construction (2019+) | C7: Based on the vintage bin analysis. A summary of the findings is presented in the following paper, with a link provided in the Notes tab: Yousefi, F., Athalye, R. (2025). “Determining Vintage Bins for Prototype Development: An Analysis of California Commercial Buildings.” ASHRAE Annual Conference.
A8: Shape | C8: Assume rectangular shape; supported by CBECS, CEC, and LBNL/DOE. The windows have been updated from ribbon style to punched openings.
A9: Total Floor Area (ft²) | B9: 53627 | C9: Based on CEC Lab prototype, which is based on the Medium Office prototype. External features, such as number of floors, conditioned floor area, WWR, etc., are identical to Medium Office prototype. Lab buildings are similar to office buildings in their characteristics. They are outfitted for lab purposes, such as with exhaust hoods, etc., though they are designed to be repurposed as office space. This prototype is based on the Medium Office prototype geometry. The program/spaces, people, ventilation, and other loads are those for a lab building.
A10: Aspect Ratio | B10: 1.5
A11: Number of Floors | B11: 3
A12: Roof type | B12: Flat
A13: WWR | B13: 0.33
A14: Shading Geometry | B14: No Shades
A15: Floor to floor height (feet) | B15: 15 | C15: LBNL/DOE prototype
A16: Floor to ceiling height (feet) | B16: 9 (6 ft above-ceiling plenum)
A17: Glazing sill height (feet) | B17: 3.35 ft (top of the window is 7.64 ft high with 4.29 ft high glass) | C17: Based on CEC Lab prototype
A19: Laboratory Program Metrics
A20: Laboratory, Scientific area (ft2) | B20: 28800 | C20: 53.9% of conditioned area. Eleven laboratory spaces: the core on all three floors, plus the north, west, east, south and conference spaces on FloorM and the north, south and conference spaces on FloorT.
A21: Office area (ft2) | B21: 11537 | C21: 21.7% of conditioned area - office area (10,036 ft2), conference (1,112), lobby (1,059) and lounge/breakroom (2,814).
A22: Lab support area (ft2) | B22: =B23-B21-B20 -> 13290 | C22: 24.4% of conditioned area - corridor (4,816 ft2), storage (2,949), stairwell (1,983), restrooms (1,932), mechanical/electrical (1,071) and IT room (537). The previous layout had NO support space at all.
A23: Total floor area (ft2) | B23: 53627 | C23: Conditioned total. Excludes the three plenums at 17,876 ft2 each. The IDF geometry gives 53,633 ft2
A24: Fume hood count | B24: 90 | C24: At 18.6 ft of hood per 1,000 ft2 of laboratory area (CEC TN 222188 Table 29) applied to 28,800 ft2 of laboratory space: 536 ft of hood, about 90 six-foot hoods. T
A28: Above grade wall area (ft²) | B28: 21287.463
A29: Gross wall area (ft²) | B29: 21287.463
A30: Roof area (ft²) | B30: 17875.949
A31: Underground Gross Wall Area (ft²) | B31: 0

Sheet Zones
A1: ="Proposed Layout - "&Prototype!B4 -> Proposed Layout - Laboratory
A2: Building | B2: Space/Thermal Zone | C2: Space Type Primarily from [T24, 2022 Appendix 5.4A] - See Notes column | D2: HVAC System Name (New Construction) | E2: Schedule Category | F2: Conditioned (Y/N) | G2: Area Fraction | H2: Area (ft²) | I2: Volume (ft³) | J2: Multipliers | K2: Number of People | L2: People (Persons/1,000 ft²) [T24, 2025,Table 120.1-A] | M2: Notes
A3: Laboratory | B3: Lab_Core_FloorG | C3: Laboratory, Scientific | D3: BaseAirSys14 | E3: Lab | F3: Yes | G3: =H3/$H$57 -> 0.079866485 | H3: 4283 | I3: 38547 | J3: 1 | K3: =ROUND(H3*L3/1000,0) -> 21 | L3: 5 | M3: Laboratory Space Occupancy level Derived from the LBNL/DOE Prototype
A4: Laboratory | B4: Lab_N_FloorG | C4: Laboratory, Scientific | D4: BaseAirSys14-2 | E4: Lab | F4: Yes | G4: =H4/$H$57 -> 0.042851549 | H4: 2298 | I4: 20682 | J4: 1 | K4: =ROUND(H4*L4/1000,0) -> 11 | L4: 5
A5: Laboratory | B5: Enclosed_Office_W_FloorG | C5: Office Area (>250 square feet) | D5: BaseAirSys5-1 | E5: Office | F5: Yes | G5: =H5/$H$57 -> 0.030544315 | H5: 1638 | I5: 14741 | J5: 1 | K5: =ROUND(H5*L5/1000,0) -> 8 | L5: 5
A6: Laboratory | B6: Enclosed_Office_E_FloorG | C6: Office Area (>250 square feet) | D6: BaseAirSys5-1 | E6: Office | F6: Yes | G6: =H6/$H$57 -> 0.030544315 | H6: 1638 | I6: 14741 | J6: 1 | K6: =ROUND(H6*L6/1000,0) -> 8 | L6: 5
A7: Laboratory | B7: Lab_S_FloorG | C7: Laboratory, Scientific | D7: BaseAirSys14-3 | E7: Lab | F7: Yes | G7: =H7/$H$57 -> 0.022115725 | H7: 1186 | I7: 10676 | J7: 1 | K7: =ROUND(H7*L7/1000,0) -> 6 | L7: 5
A8: Laboratory | B8: Conference_FloorG | C8: Convention, Conference, Multipurpose and Meeting Area | D8: BaseAirSys5-1 | E8: Office | F8: Yes | G8: =H8/$H$57 -> 0.020735823 | H8: 1112 | I8: 10006 | J8: 1 | K8: =ROUND(H8*L8/1000,0) -> 37 | L8: 33
A9: Laboratory | B9: Lobby_FloorG | C9: Lobby, Main Entry | D9: BaseAirSys5-1 | E9: Office | F9: Yes | G9: =H9/$H$57 -> 0.019747515 | H9: 1059 | I9: 9533 | J9: 1 | K9: =ROUND(H9*L9/1000,0) -> 11 | L9: 10
A10: Laboratory | B10: Storage_FloorG | C10: Storage (General) | D10: BaseAirSys5-1 | E10: Ancillary | F10: Yes | G10: =H10/$H$57 -> 0.018330319 | H10: 983 | I10: 8848 | J10: 1 | K10: =ROUND(H10*L10/1000,0) -> 0 | L10: 0
A11: Laboratory | B11: Mechanical/Electrical_FloorG | C11: Electrical, Mechanical, Telephone Rooms | D11: BaseAirSys5-1 | E11: Ancillary | F11: Yes | G11: =H11/$H$57 -> 0.0066570944 | H11: 357 | I11: 3216 | J11: 1 | K11: =ROUND(H11*L11/1000,0) -> 0 | L11: 0
A12: Laboratory | B12: IT-Room_FloorG | C12: IT Room (EPD 12) | D12: BaseAirSys5-1 | E12: Data | F12: Yes | G12: =H12/$H$57 -> 0.0033378708 | H12: 179 | I12: 1610 | J12: 1 | K12: =ROUND(H12*L12/1000,0) -> 0 | L12: 1.5
A13: Laboratory | B13: Restroom_FloorG | C13: Restrooms | D13: BaseAirSys5-1 | E13: Office | F13: Yes | G13: =H13/$H$57 -> 0.012008876 | H13: 644 | I13: 5792 | J13: 1 | K13: =ROUND(H13*L13/1000,0) -> 0 | L13: 0
A14: Laboratory | B14: BreakRoom/Kitchenette_FloorG | C14: Lounge, Breakroom, or Waiting Area | D14: BaseAirSys5-1 | E14: Office | F14: Yes | G14: =H14/$H$57 -> 0.004326179 | H14: 232 | I14: 2091 | J14: 1 | K14: =ROUND(H14*L14/1000,0) -> 8 | L14: 33
A15: Laboratory | B15: Stairway_FloorG | C15: Stairwell | D15: BaseAirSys5-1 | E15: Ancillary | F15: Yes | G15: =H15/$H$57 -> 0.012325881 | H15: 661 | I15: 5953 | J15: 1 | K15: =ROUND(H15*L15/1000,0) -> 0 | L15: 0
... A19: Laboratory | B19: Corridor_S_FloorG | C19: Corridor Area | D19: BaseAirSys5-1 | E19: Office | F19: Yes | G19: =H19/$H$57 -> 0.0093796036 | H19: 503 | I19: 4527 | J19: 1 | K19: =ROUND(H19*L19/1000,0) -> 3 | L19: 5
A20: Laboratory | B20: Plenum_FloorG | C20: Plenum | D20: n/a | E20: Office | F20: No | H20: 17876 | I20: 71504 | J20: 1 | K20: =ROUND(H20*L20/1000,0) -> 0 | L20: 0
A21: Laboratory | B21: Lab_Core_FloorM | C21: Laboratory, Scientific | D21: BaseAirSys14-4 | E21: Lab | F21: Yes | G21: =H21/$H$57 -> 0.079866485 | H21: 4283 | I21: 38547 | J21: 1 | K21: =ROUND(H21*L21/1000,0) -> 21 | L21: 5 | P21: Ground floor (FloorG) | T21: Middle and top floors (FloorM and FloorT)
A22: Laboratory | B22: Lab_N_FloorM | C22: Laboratory, Scientific | D22: BaseAirSys14-5 | E22: Lab | F22: Yes | G22: =H22/$H$57 -> 0.042851549 | H22: 2298 | I22: 20682 | J22: 1 | K22: =ROUND(H22*L22/1000,0) -> 11 | L22: 5
A23: Laboratory | B23: Lab_W_FloorM | C23: Laboratory, Scientific | D23: BaseAirSys14-6 | E23: Lab | F23: Yes | G23: =H23/$H$57 -> 0.030544315 | H23: 1638 | I23: 14741 | J23: 1 | K23: =ROUND(H23*L23/1000,0) -> 8 | L23: 5
A24: Laboratory | B24: Lab_E_FloorM | C24: Laboratory, Scientific | D24: BaseAirSys14-7 | E24: Lab | F24: Yes | G24: =H24/$H$57 -> 0.030544315 | H24: 1638 | I24: 14741 | J24: 1 | K24: =ROUND(H24*L24/1000,0) -> 8 | L24: 5
A25: Laboratory | B25: Lab_S_FloorM | C25: Laboratory, Scientific | D25: BaseAirSys14-8 | E25: Lab | F25: Yes | G25: =H25/$H$57 -> 0.022115725 | H25: 1186 | I25: 10676 | J25: 1 | K25: =ROUND(H25*L25/1000,0) -> 6 | L25: 5 | P25: Area Distribution By Space Type
A26: Laboratory | B26: Lab_FloorM | C26: Laboratory, Scientific | D26: BaseAirSys14-9 | E26: Lab | F26: Yes | G26: =H26/$H$57 -> 0.020735823 | H26: 1112 | I26: 10006 | J26: 1 | K26: =ROUND(H26*L26/1000,0) -> 6 | L26: 5 | P26: Space Type | Q26: % Area | R26: Number of People | S26: % People
A27: Laboratory | B27: Lounge_FloorM | C27: Lounge, Breakroom, or Waiting Area | D27: BaseAirSys5-2 | E27: Office | F27: Yes | G27: =H27/$H$57 -> 0.019747515 | H27: 1059 | I27: 9533 | J27: 1 | K27: =ROUND(H27*L27/1000,0) -> 16 | L27: 15 | P27: Laboratory, Scientific | Q27: =SUMIF($C$3:$C$56,P27,$G$3:$G$56) -> 0.53706155 | R27: =SUMIF($C$3:$C$56,P27,$K$3:$K$56) -> 142 | S27: =R27/$R$38 -> 0.46254072
A28: Laboratory | B28: Storage_FloorM | C28: Storage (General) | D28: BaseAirSys5-2 | E28: Ancillary | F28: Yes | G28: =H28/$H$57 -> 0.018330319 | H28: 983 | I28: 8848 | J28: 1 | K28: =ROUND(H28*L28/1000,0) -> 0 | L28: 0 | P28: Office Area (>250 square feet) | Q28: =SUMIF($C$3:$C$56,P28,$G$3:$G$56) -> 0.12217726 | R28: =SUMIF($C$3:$C$56,P28,$K$3:$K$56) -> 32 | S28: =R28/$R$38 -> 0.10423453
A29: Laboratory | B29: Mechanical/Electrical_FloorM | C29: Electrical, Mechanical, Telephone Rooms | D29: BaseAirSys5-2 | E29: Ancillary | F29: Yes | G29: =H29/$H$57 -> 0.0066570944 | H29: 357 | I29: 3216 | J29: 1 | K29: =ROUND(H29*L29/1000,0) -> 0 | L29: 0 | P29: Convention, Conference, Multipurpose and Meeting Area | Q29: =SUMIF($C$3:$C$56,P29,$G$3:$G$56) -> 0.020735823 | R29: =SUMIF($C$3:$C$56,P29,$K$3:$K$56) -> 37 | S29: =R29/$R$38 -> 0.12052117
A30: Laboratory | B30: IT-Room_FloorM | C30: IT Room (EPD 12) | D30: BaseAirSys5-2 | E30: Data | F30: Yes | G30: =H30/$H$57 -> 0.0033378708 | H30: 179 | I30: 1610 | J30: 1 | K30: =ROUND(H30*L30/1000,0) -> 0 | L30: 1.5 | P30: Lobby, Main Entry | Q30: =SUMIF($C$3:$C$56,P30,$G$3:$G$56) -> 0.019747515 | R30: =SUMIF($C$3:$C$56,P30,$K$3:$K$56) -> 11 | S30: =R30/$R$38 -> 0.035830619
A31: Laboratory | B31: Restroom_FloorM | C31: Restrooms | D31: BaseAirSys5-2 | E31: Office | F31: Yes | G31: =H31/$H$57 -> 0.012008876 | H31: 644 | I31: 5792 | J31: 1 | K31: =ROUND(H31*L31/1000,0) -> 0 | L31: 0 | P31: Storage (General) | Q31: =SUMIF($C$3:$C$56,P31,$G$3:$G$56) -> 0.054990956 | R31: =SUMIF($C$3:$C$56,P31,$K$3:$K$56) -> 0 | S31: =R31/$R$38 -> 0
A32: Laboratory | B32: BreakRoom/Kitchenette_FloorM | C32: Lounge, Breakroom, or Waiting Area | D32: BaseAirSys5-2 | E32: Office | F32: Yes | G32: =H32/$H$57 -> 0.004326179 | H32: 232 | I32: 2091 | J32: 1 | K32: =ROUND(H32*L32/1000,0) -> 8 | L32: 33 | P32: Electrical, Mechanical, Telephone Rooms | Q32: =SUMIF($C$3:$C$56,P32,$G$3:$G$56) -> 0.019971283 | R32: =SUMIF($C$3:$C$56,P32,$K$3:$K$56) -> 0 | S32: =R32/$R$38 -> 0
A33: Laboratory | B33: Stairway_FloorM | C33: Stairwell | D33: BaseAirSys5-2 | E33: Ancillary | F33: Yes | G33: =H33/$H$57 -> 0.012325881 | H33: 661 | I33: 5953 | J33: 1 | K33: =ROUND(H33*L33/1000,0) -> 0 | L33: 0 | P33: IT Room (EPD 12) | Q33: =SUMIF($C$3:$C$56,P33,$G$3:$G$56) -> 0.010013613 | R33: =SUMIF($C$3:$C$56,P33,$K$3:$K$56) -> 0 | S33: =R33/$R$38 -> 0
A34: Laboratory | B34: Corridor_W_FloorM | C34: Corridor Area | D34: BaseAirSys5-2 | E34: Office | F34: Yes | G34: =H34/$H$57 -> 0.005594197 | H34: 300 | I34: 2700 | J34: 1 | K34: =ROUND(H34*L34/1000,0) -> 2 | L34: 5 | P34: Restrooms | Q34: =SUMIF($C$3:$C$56,P34,$G$3:$G$56) -> 0.036026628 | R34: =SUMIF($C$3:$C$56,P34,$K$3:$K$56) -> 0 | S34: =R34/$R$38 -> 0
A35: Laboratory | B35: Corridor_N_FloorM | C35: Corridor Area | D35: BaseAirSys5-2 | E35: Office | F35: Yes | G35: =H35/$H$57 -> 0.0093796036 | H35: 503 | I35: 4527 | J35: 1 | K35: =ROUND(H35*L35/1000,0) -> 3 | L35: 5 | P35: Lounge, Breakroom, or Waiting Area | Q35: =SUMIF($C$3:$C$56,P35,$G$3:$G$56) -> 0.052473567 | R35: =SUMIF($C$3:$C$56,P35,$K$3:$K$56) -> 56 | S35: =R35/$R$38 -> 0.18241042
A36: Laboratory | B36: Corridor_E_FloorM | C36: Corridor Area | D36: BaseAirSys5-2 | E36: Office | F36: Yes | G36: =H36/$H$57 -> 0.005594197 | H36: 300 | I36: 2693 | J36: 1 | K36: =ROUND(H36*L36/1000,0) -> 2 | L36: 5 | P36: Stairwell | Q36: =SUMIF($C$3:$C$56,P36,$G$3:$G$56) -> 0.036977642 | R36: =SUMIF($C$3:$C$56,P36,$K$3:$K$56) -> 0 | S36: =R36/$R$38 -> 0
A37: Laboratory | B37: Corridor_S_FloorM | C37: Corridor Area | D37: BaseAirSys5-2 | E37: Office | F37: Yes | G37: =H37/$H$57 -> 0.0093796036 | H37: 503 | I37: 4527 | J37: 1 | K37: =ROUND(H37*L37/1000,0) -> 3 | L37: 5 | P37: Corridor Area | Q37: =SUMIF($C$3:$C$56,P37,$G$3:$G$56) -> 0.089824156 | R37: =SUMIF($C$3:$C$56,P37,$K$3:$K$56) -> 29 | S37: =R37/$R$38 -> 0.094462541
A38: Laboratory | B38: Plenum_FloorM | C38: Plenum | D38: n/a | E38: Office | F38: No | H38: 17876 | I38: 71504 | J38: 1 | K38: =ROUND(H38*L38/1000,0) -> 0 | L38: 0 | P38: Total | Q38: =SUM(Q27:Q37) -> 1 | R38: =SUM(R27:R37) -> 307 | S38: =SUM(S27:S37) -> 1
A39: Laboratory | B39: Lab_Core_FloorT | C39: Laboratory, Scientific | D39: BaseAirSys14-10 | E39: Lab | F39: Yes | G39: =H39/$H$57 -> 0.079866485 | H39: 4283 | I39: 38547 | J39: 1 | K39: =ROUND(H39*L39/1000,0) -> 21 | L39: 5
A40: Laboratory | B40: Lab_N_FloorT | C40: Laboratory, Scientific | D40: BaseAirSys14-11 | E40: Lab | F40: Yes | G40: =H40/$H$57 -> 0.042851549 | H40: 2298 | I40: 20682 | J40: 1 | K40: =ROUND(H40*L40/1000,0) -> 11 | L40: 5
A41: Laboratory | B41: Enclosed_Office_W_FloorT | C41: Office Area (>250 square feet) | D41: BaseAirSys5-3 | E41: Office | F41: Yes | G41: =H41/$H$57 -> 0.030544315 | H41: 1638 | I41: 14741 | J41: 1 | K41: =ROUND(H41*L41/1000,0) -> 8 | L41: 5
A42: Laboratory | B42: Enclosed_Office_E_FloorT | C42: Office Area (>250 square feet) | D42: BaseAirSys5-3 | E42: Office | F42: Yes | G42: =H42/$H$57 -> 0.030544315 | H42: 1638 | I42: 14741 | J42: 1 | K42: =ROUND(H42*L42/1000,0) -> 8 | L42: 5
A43: Laboratory | B43: Lab_S_FloorT | C43: Laboratory, Scientific | D43: BaseAirSys14-12 | E43: Lab | F43: Yes | G43: =H43/$H$57 -> 0.022115725 | H43: 1186 | I43: 10676 | J43: 1 | K43: =ROUND(H43*L43/1000,0) -> 6 | L43: 5
A44: Laboratory | B44: Lab_FloorT | C44: Laboratory, Scientific | D44: BaseAirSys14-13 | E44: Lab | F44: Yes | G44: =H44/$H$57 -> 0.020735823 | H44: 1112 | I44: 10006 | J44: 1 | K44: =ROUND(H44*L44/1000,0) -> 6 | L44: 5
A45: Laboratory | B45: Lounge_FloorT | C45: Lounge, Breakroom, or Waiting Area | D45: BaseAirSys5-3 | E45: Office | F45: Yes | G45: =H45/$H$57 -> 0.019747515 | H45: 1059 | I45: 9533 | J45: 1 | K45: =ROUND(H45*L45/1000,0) -> 16 | L45: 15
A46: Laboratory | B46: Storage_FloorT | C46: Storage (General) | D46: BaseAirSys5-3 | E46: Ancillary | F46: Yes | G46: =H46/$H$57 -> 0.018330319 | H46: 983 | I46: 8848 | J46: 1 | K46: =ROUND(H46*L46/1000,0) -> 0 | L46: 0
A47: Laboratory | B47: Mechanical/Electrical_FloorT | C47: Electrical, Mechanical, Telephone Rooms | D47: BaseAirSys5-3 | E47: Ancillary | F47: Yes | G47: =H47/$H$57 -> 0.0066570944 | H47: 357 | I47: 3216 | J47: 1 | K47: =ROUND(H47*L47/1000,0) -> 0 | L47: 0
A48: Laboratory | B48: IT-Room_FloorT | C48: IT Room (EPD 12) | D48: BaseAirSys5-3 | E48: Data | F48: Yes | G48: =H48/$H$57 -> 0.0033378708 | H48: 179 | I48: 1610 | J48: 1 | K48: =ROUND(H48*L48/1000,0) -> 0 | L48: 1.5
A49: Laboratory | B49: Restroom_FloorT | C49: Restrooms | D49: BaseAirSys5-3 | E49: Office | F49: Yes | G49: =H49/$H$57 -> 0.012008876 | H49: 644 | I49: 5792 | J49: 1 | K49: =ROUND(H49*L49/1000,0) -> 0 | L49: 0
A50: Laboratory | B50: BreakRoom/Kitchenette_FloorT | C50: Lounge, Breakroom, or Waiting Area | D50: BaseAirSys5-3 | E50: Office | F50: Yes | G50: =H50/$H$57 -> 0.004326179 | H50: 232 | I50: 2091 | J50: 1 | K50: =ROUND(H50*L50/1000,0) -> 8 | L50: 33
... A55: Laboratory | B55: Corridor_S_FloorT | C55: Corridor Area | D55: BaseAirSys5-3 | E55: Office | F55: Yes | G55: =H55/$H$57 -> 0.0093796036 | H55: 503 | I55: 4527 | J55: 1 | K55: =ROUND(H55*L55/1000,0) -> 3 | L55: 5
A56: Laboratory | B56: Plenum_FloorT | C56: Plenum | D56: n/a | E56: Office | F56: No | H56: 17876 | I56: 71504 | J56: 1 | K56: =ROUND(H56*L56/1000,0) -> 0 | L56: 0
A57: Total (1 Building) | B57: Total (54 Space) | C57: Total (11 Space Type) | D57: Total (4 HVAC Systems/Airloops) | E57: Total (1 category) | F57: Total (51 Conditioned zones, 3 unconditioned zones) | G57: =SUM(G3:G56) -> 1 | H57: =SUM(H3:H56)-H56-H38-H20 -> 53627 | I57: 658610 | K57: =SUM(K3:K56) -> 307

Sheet Envelope
A1: ="Envelope - "&Prototype!B4 -> Envelope - Laboratory
A2: Element | B2: Prototype | C2: Assembly Type | D2: Construction | E2: Thermal properties | F2: Vintage | G2: Selected T24 | H2: Notes | I2: CZ1 | J2: CZ2 | K2: CZ3 | L2: CZ4 | M2: CZ5 | N2: CZ6 | O2: CZ7 | P2: CZ8 | Q2: CZ9 | R2: CZ10 | S2: CZ11 | T2: CZ12 | U2: CZ13 | V2: CZ14 | W2: CZ15 | X2: CZ16
A3: External Wall | B3: =Prototype!A2 -> Laboratory | C3: ExtWall_MetalFramed_NonRes | D3: Metal framed wall: Metal frame + insulation + Gypsum board | E3: U-value IP | F3: Pre 1978 | G3: N/A | H3: ASHRAE 90.1, 2022 Table A3.3.3.1, 3.5", R-0 | I3: 0.352 | J3: 0.352 | K3: 0.352 | L3: 0.352 | M3: 0.352 | N3: 0.352 | O3: 0.352 | P3: 0.352 | Q3: 0.352 | R3: 0.352 | S3: 0.352 | T3: 0.352 | U3: 0.352 | V3: 0.352 | W3: 0.352 | X3: 0.352
F4: 1978-1997 | G4: 1986 | H4: Similar to Low-rise office: Package A/ Heat Capacity was considered ~10 (BTU/F/ft²) | I4: 0.21276596 | J4: 0.22727273 | K4: 0.22727273 | L4: 0.2173913 | M4: 0.25641026 | N4: 0.25641026 | O4: 0.25641026 | P4: 0.25641026 | Q4: 0.25641026 | R4: 0.25641026 | S4: 0.23809524 | T4: 0.23809524 | U4: 0.23809524 | V4: 0.20833333 | W4: 0.20833333 | X4: 0.21276596 | Y4: *U = 1 / R_assembly, with the per-CZ R-values (4.7 / 4.4 / 4.4 / 4.6 / 3.9 CZ5-10 / 4.2 CZ11-13 / 4.8 CZ14-15 / 4.7 CZ16)
F5: 1998-2007 | G5: 2001 | H5: Table 1-H | I5: 0.182 | J5: 0.182 | K5: 0.189 | L5: 0.189 | M5: 0.189 | N5: 0.189 | O5: 0.189 | P5: 0.189 | Q5: 0.189 | R5: 0.182 | S5: 0.182 | T5: 0.182 | U5: 0.182 | V5: 0.182 | W5: 0.182 | X5: 0.182
F6: 2008-2018 | G6: 2013 | H6: Table 140.3-B | I6: 0.098 | J6: 0.062 | K6: 0.082 | L6: 0.062 | M6: 0.062 | N6: 0.098 | O6: 0.098 | P6: 0.062 | Q6: 0.062 | R6: 0.062 | S6: 0.062 | T6: 0.062 | U6: 0.062 | V6: 0.062 | W6: 0.062 | X6: 0.062
F7: 2019+ | G7: 2025 | H7: Table 140.3-B | I7: 0.06 | J7: 0.055 | K7: 0.071 | L7: 0.055 | M7: 0.055 | N7: 0.06 | O7: 0.06 | P7: 0.055 | Q7: 0.055 | R7: 0.055 | S7: 0.055 | T7: 0.055 | U7: 0.055 | V7: 0.055 | W7: 0.055 | X7: 0.055
A8: Roof | B8: =$B$3 -> Laboratory | C8: FlatRoof_WoodFramedAndOther_NonRes | D8: Metal deck roof: roof membrane+roof insulation+metal decking | E8: U-value IP | F8: Pre 1978 | G8: N/A | H8: Considering 30 years for roof/ insulation replacement. | I8: 0.057 | J8: 0.057 | K8: 0.057 | L8: 0.057 | M8: 0.057 | N8: 0.078 | O8: 0.078 | P8: 0.078 | Q8: 0.078 | R8: 0.078 | S8: 0.057 | T8: 0.057 | U8: 0.057 | V8: 0.057 | W8: 0.057 | X8: 0.057
F9: 1978-1997 | G9: 1992 | I9: 0.057 | J9: 0.057 | K9: 0.057 | L9: 0.057 | M9: 0.057 | N9: 0.078 | O9: 0.078 | P9: 0.078 | Q9: 0.078 | R9: 0.078 | S9: 0.057 | T9: 0.057 | U9: 0.057 | V9: 0.057 | W9: 0.057 | X9: 0.057
F10: 1998-2007 | G10: 2001 | H10: Table 1-H | I10: 0.057 | J10: 0.057 | K10: 0.057 | L10: 0.057 | M10: 0.057 | N10: 0.078 | O10: 0.078 | P10: 0.078 | Q10: 0.078 | R10: 0.057 | S10: 0.057 | T10: 0.057 | U10: 0.057 | V10: 0.057 | W10: 0.057 | X10: 0.057
F11: 2008-2018 | G11: 2013 | H11: Table 140.3-B | I11: 0.049 | J11: 0.039 | K11: 0.039 | L11: 0.039 | M11: 0.049 | N11: 0.075 | O11: 0.067 | P11: 0.067 | Q11: 0.039 | R11: 0.039 | S11: 0.039 | T11: 0.039 | U11: 0.039 | V11: 0.039 | W11: 0.039 | X11: 0.039
F12: 2019+ | G12: 2025 | H12: Table 140.3-B | I12: 0.038 | J12: 0.038 | K12: 0.038 | L12: 0.038 | M12: 0.038 | N12: 0.038 | O12: 0.038 | P12: 0.038 | Q12: 0.038 | R12: 0.038 | S12: 0.038 | T12: 0.038 | U12: 0.038 | V12: 0.038 | W12: 0.038 | X12: 0.038
A13: Windows | B13: =$B$3 -> Laboratory | C13: FixedWindow_NonRes | D13: Single pane | E13: U-value IP | F13: Pre 1978 | G13: N/A | H13: ASHRAE Handbook of Fundamentals (Table 4-Ch15) for single pane & T24, 2013 for double pane (33%-67%)* | I13: =0.33*1.12+0.67*0.36 -> 0.6108 | J13: =0.33*1.12+0.67*0.36 -> 0.6108 | K13: =0.33*1.12+0.67*0.36 -> 0.6108 | L13: =0.33*1.12+0.67*0.36 -> 0.6108 | M13: =0.33*1.12+0.67*0.36 -> 0.6108 | N13: =0.33*1.12+0.67*0.36 -> 0.6108 | O13: =0.33*1.12+0.67*0.36 -> 0.6108 | P13: =0.33*1.12+0.67*0.36 -> 0.6108 | ... X13: =0.33*1.12+0.67*0.36 -> 0.6108
F14: 1978-1997 | G14: N/A | I14: =0.33*1.12+0.67*0.36 -> 0.6108 | J14: =0.33*1.12+0.67*0.36 -> 0.6108 | K14: =0.33*1.12+0.67*0.36 -> 0.6108 | L14: =0.33*1.12+0.67*0.36 -> 0.6108 | M14: =0.33*1.12+0.67*0.36 -> 0.6108 | N14: =0.33*1.12+0.67*0.36 -> 0.6108 | O14: =0.33*1.12+0.67*0.36 -> 0.6108 | P14: =0.33*1.12+0.67*0.36 -> 0.6108 | ... X14: =0.33*1.12+0.67*0.36 -> 0.6108
D15: Double pane | F15: 1998-2007 | G15: 2001 | H15: Table 1-H | I15: 0.49 | J15: 0.49 | K15: 0.81 | L15: 0.81 | M15: 0.81 | N15: 0.81 | O15: 0.81 | P15: 0.81 | Q15: 0.81 | R15: 0.49 | S15: 0.49 | T15: 0.49 | U15: 0.49 | V15: 0.49 | W15: 0.49 | X15: 0.49
F16: 2008-2018 | G16: 2013 | H16: Table 140.3-B | I16: 0.36 | J16: 0.36 | K16: 0.36 | L16: 0.36 | M16: 0.36 | N16: 0.36 | O16: 0.36 | P16: 0.36 | Q16: 0.36 | R16: 0.36 | S16: 0.36 | T16: 0.36 | U16: 0.36 | V16: 0.36 | W16: 0.36 | X16: 0.36
F17: 2019+ | G17: 2025 | H17: Table 140.3-B | I17: 0.36 | J17: 0.36 | K17: 0.36 | L17: 0.36 | M17: 0.36 | N17: 0.36 | O17: 0.36 | P17: 0.36 | Q17: 0.34 | R17: 0.36 | S17: 0.34 | T17: 0.34 | U17: 0.34 | V17: 0.34 | W17: 0.34 | X17: 0.36
B18: =$B$3 -> Laboratory | C18: FixedWindow_NonRes | D18: Single pane | E18: SHGC | F18: Pre 1978 | G18: N/A | H18: ASHRAE Handbook of Fundamentals (Table 10-Ch15) for single pane & T24, 2013 for double pane (33%-67%)* | I18: =0.79*0.33+0.67*I21 -> 0.4282 | J18: =0.79*0.33+0.67*J21 -> 0.4282 | K18: =0.79*0.33+0.67*K21 -> 0.4282 | L18: =0.79*0.33+0.67*L21 -> 0.4282 | M18: =0.79*0.33+0.67*M21 -> 0.4282 | N18: =0.79*0.33+0.67*N21 -> 0.4282 | O18: =0.79*0.33+0.67*O21 -> 0.4282 | P18: =0.79*0.33+0.67*P21 -> 0.4282 | ... X18: =0.79*0.33+0.67*X21 -> 0.4282
F19: 1978-1997 | G19: N/A | I19: =0.79*0.33+0.67*I21 -> 0.4282 | J19: =0.79*0.33+0.67*J21 -> 0.4282 | K19: =0.79*0.33+0.67*K21 -> 0.4282 | L19: =0.79*0.33+0.67*L21 -> 0.4282 | M19: =0.79*0.33+0.67*M21 -> 0.4282 | N19: =0.79*0.33+0.67*N21 -> 0.4282 | O19: =0.79*0.33+0.67*O21 -> 0.4282 | P19: =0.79*0.33+0.67*P21 -> 0.4282 | ... X19: =0.79*0.33+0.67*X21 -> 0.4282
D20: Double pane | F20: 1998-2007 | G20: 2001 | H20: Table 1-H - WWR:31-40% / SHGC non-north | I20: 0.43 | J20: 0.31 | K20: 0.41 | L20: 0.41 | M20: 0.41 | N20: 0.34 | O20: 0.34 | P20: 0.34 | Q20: 0.34 | R20: 0.31 | S20: 0.31 | T20: 0.31 | U20: 0.31 | V20: 0.31 | W20: 0.31 | X20: 0.43
F21: 2008-2018 | G21: 2013 | H21: Table 140.3-B | I21: 0.25 | J21: 0.25 | K21: 0.25 | L21: 0.25 | M21: 0.25 | N21: 0.25 | O21: 0.25 | P21: 0.25 | Q21: 0.25 | R21: 0.25 | S21: 0.25 | T21: 0.25 | U21: 0.25 | V21: 0.25 | W21: 0.25 | X21: 0.25
F22: 2019+ | G22: 2025 | H22: Table 140.3-B | I22: 0.25 | J22: 0.25 | K22: 0.25 | L22: 0.25 | M22: 0.25 | N22: 0.25 | O22: 0.25 | P22: 0.25 | Q22: 0.22 | R22: 0.25 | S22: 0.22 | T22: 0.22 | U22: 0.22 | V22: 0.22 | W22: 0.22 | X22: 0.25
C25: Infiltration
D26: Building | E26: Zones | F26: Vintage | G26: I_75 6-sdied Infiltration rate @ 75 pa | H26: Note | I26: I-design (cfm/ft²) (4-sided Infiltration rate at normal pressure) (Design flow rate approach and Flow/Exterior Wall Area calculation method)
C27: Infiltration | D27: Laboratory | F27: Pre 1978 | G27: 1.1 | H27: 2022 CASE report (Table 38) | I27: 0.3301
F28: 1978-1997 | G28: 1.1 | H28: 2022 CASE report (Table 38) | I28: 0.3301
F29: 1998-2007 | G29: 1.1 | H29: 2022 CASE report (Table 38) | I29: 0.3301
F30: 2008-2018 | G30: 1 | H30: 2022 CASE report (Table 38) & T24, 2008-2016 (Table 140.3-B)--Air barrier is required in CZ 10-16 | I30: 0.3021
F31: 2019+ | G31: 0.6 | H31: 2022 CASE report (Table 38) & T24, 2025 (Table 140.3-B)--Air barrier is required in all CZs | I31: 0.1801
F32: Air Leakage Memo: | G32: Infiltration_rate_report_14May2025-Short-Version.docx
F33: -

Sheet HVAC System
A1: ="HVAC system - "&Prototype!B4 -> HVAC system - Laboratory
A2: Vintage | B2: Zones | C2: Heating | D2: Cooling | E2: Air Distribution | F2: Source | G2: Note
A3: Exisiting | B3: Offices and support area | C3: Gas Boiler | D3: Packaged (DX) | E3: Multi zone VAV with hydronic reheat | F3: Engineering Judgement | G3: System 5 PVAV for offices and support area
B4: Other Conditioned zones (Labs) | C4: Gas Boiler | D4: Packaged (DX) | E4: Multi zone VAV with hydronic reheat | G4: System 5 PVAV- 100% outdoor air for labs, but no required energy recovery For V1 and V2. V3 has Heat recovery.
A5: New Construction | B5: Offices and support area | C5: Gas Boiler | D5: Packaged (DX) | E5: Multi zone VAV with hydronic reheat | F5: T24 2025 ACM 2025, Table 1 and 2 | G5: System 5 PVAV for offices and support area
B6: Other Conditioned zones (Labs) | C6: Central air-to-water HP | D6: Central air-cooled Chiller | E6: Single zone VAV ( Each zone has a chilled water or hot water changeover coil with a 6-way valve for cooling or heating) | G6: System 14a for Labs– Aircooled 4pipe VAV with Exhaust heat recovery-
A7: *The New Construction HVAC system is assigned by the 2025 ACM Reference Manual, Table 1 (Nonresidential HVAC System Map), which selects the standard design system by space function rather than building type. For a covered process laboratory, Table 1 assigns System 14a – ACSZVAV (air-cooled single zone VAV) where the design maximum exhaust exceeds 20,000 cfm, no exception applies, and total conditioned floor area is below 150,000 ft²; above that area it becomes System 14b (water-cooled), and where the exhaust test is not met or an exception applies it drops to System 5 – PVAV. The laboratory prototype meets all three conditions: laboratory exhaust is a covered process under the ACM, design exhaust is 25,317 cfm, and conditioned floor area is 53,626 ft², which is why 14a rather than 14b was selected. The ACM is used as the basis because no observed stock dataset reports laboratory HVAC system type: CEUS 2022 has twelve building types with no laboratory or R&D category. Existing vintages use System 5 – PVAV on the same ACM basis, applied as a documented proxy.
A8: ** DEDICATED FANS: each of the laboratory zones carries its own exhaust fan, in every vintage and in New Construction. The exhaust is modelled as a per-zone dedicated fan, i.e. non-manifolded; no common exhaust plenum or manifold is represented. HEAT RECOVERY: present in New Construction and V3 only, as part of System 14a and systen 5, and absent from the other vintages. PLUME AND EXIT VELOCITY: not modelled and not modellable with the current objects, since EnergyPlus zone exhaust fans carry no stack or discharge model.
A10: Efficiency of HVAC System (Efficiency is capacity-dependent. The following table provides a general estimate of system efficiency based on preliminary simulations in one climate zone, or assuming cooling load based on rule of thumb)
A11: Vintage | B11: Upgrade/Installed year | C11: Air-Cooled Chiller | D11: DX | E11: Gas Boiler | F11: Air-to-Water HP | G11: Sources | H11: Note
A12: Pre 1978 | B12: 2008 | C12: n/a | D12: ≥ 65,000 Btu/h and < 135,000 Btu/h , 11.0 EER | E12: 80% Ec | F12: n/a | G12: T24, 2008 , Table 112-A (for DX Coil) -Title 24-2008 §111 / Title 20 Table E-3 (and 10 CFR 431.87 as in effect through March 1, 2012) for Boiler Efficiency
A13: 1978-1997
A14: 1998-2007
A15: 2008-2018 | B15: 2013 | C15: n/a | D15: ≥ 65,000 Btu/h and < 135,000 Btu/h , 11.0 EER | E15: Gas-Fired Boiler > 300,000 Btu/h and ≤2,500,000 Btu/h-- 80% Et Gas-Fired Boiler > 2,500,000 Btu/h -- 82% Ec | F15: n/a | G15: T24, 2013 , Table 110.2-A (for DX Coil) -Table 110.2-k (for Gas Fired Boiler)
A16: New Construction | B16: 2025 | C16: Air-cooled Chiller >150 Tons--≥ 10.100 EER, ≥ 14.000 IPLV | D16: ≥ 65,000 Btu/h and < 135,000 Btu/h , 11.0 EER | E16: Gas-Fired Boiler > 300,000 Btu/h and ≤2,500,000 Btu/h-- 80% Et Gas-Fired Boiler > 2,500,000 Btu/h -- 82% Ec | F16: Air Cooled (Heating Mode) Split system and single package≥ 135,000 Btu/h and < 240,000 Btu/h 3.3 COP | G16: T24, 2025 , Table 110.2-A (for DX Coil), Table 110.2-D (for chiller COP) - 10 CFR 431.86 , section § 431.87 Table 1 (for Boiler thermal efficiency).
C18: * Et = Combustion efficiency | D18: * Et = Thermal efficiency
A20: Fan power
A21: Vintage | B21: Approach | C21: System | D21: Total Static Pressure (TSP) (in w.c.) | E21: Fan Efficiency [ACM 2025] | F21: Motor Efficiency | G21: Fan Power Index (W/cfm) | H21: Data Source | I21: Note
A22: Existing | B22: PNNL 90.1-2011, TSP | C22: System 6 VAV >5,000 cfm | D22: 5.58 | E22: 0.65 | F22: ASHRAE 90.1, 2004, Table 10.8 * | H22: Fan power formula: PNNL 20405, 2010, section 5.2.2.5 TSP and fan efficiency: PNNL 20405, 2010, Table 5.11, 90.1-04ac values Motor efficiency: ASHRAE 90.1, 2004, Table 10.8
A23: Brake horsepower (bhp) = (Supply cfm × TSP in w.c.) / (6356 × fan efficiency)
A24: Fan power (w/cfm) = (bhp × 746) / ( supply cfm × motor efficiency )
A25: New Construction | B25: ACM 2025 | C25: Multi Zone VAV System >5,000 cfm; < 10,000 cfm | D25: TSP = fan power × motor efficiency × fan efficiency × 6356 / 747 | E25: 0.65 | F25: 2025 ACM Table 12 ** | G25: 1.013 | H25: Fan power index: [ACM 2025, Table 13] Motot efficiency: [ ACM 2025, Table 12]
F26: * 0.9 is an average fan efficiency according to ACM 2025, Table 13
A27: * According to PNNL 20405 section 5.2.2.5, the full-load efficiency of the motor serving the fan is taken from ASHRAE 90.1, 2004, Table 10.8, based on motor nameplate and assuming enclosed motors operating at 1,800 rotations per minute (rpm) Motor nameplate size (bhp) = brake horsepower (bhp) × 1.1 ( using a 10% oversizing factor)
A28: ** The full‑load efficiency of the motor serving the fan is taken from ACM 2025 Table 12 based on the cfm of the fan. Brake horsepower (bhp) = (Supply cfm from sizing run × fan power in W/cfm) / 746.
A33: Background Data [To be deleted prior to publication]

Sheet Thermostat
A1: ="Thermostat Setpoints - "&Prototype!A2 -> Thermostat Setpoints - Laboratory
A2: Spaces/Zones | B2: Setpoint | C2: CZ1 | D2: CZ2 | E2: CZ3 | F2: CZ4 | G2: CZ5 | H2: CZ6 | I2: CZ7 | J2: CZ8 | K2: CZ9 | L2: CZ10 | M2: CZ11 | N2: CZ12 | O2: CZ13 | P2: CZ14 | Q2: CZ15 | R2: CZ16 | S2: Source
A3: Laboratory | B3: Heating Setpoint (F) | C3: 70 | D3: 70 | E3: 70 | F3: 70 | G3: 70 | H3: 70 | I3: 70 | J3: 70 | K3: 70 | L3: 70 | M3: 70 | N3: 70 | O3: 70 | P3: 70 | Q3: 70 | R3: 70 | S3: LBNL/DOE Prototype for Labs
B4: Heating Setback (F) | C4: 68 | D4: 68 | E4: 68 | F4: 68 | G4: 68 | H4: 68 | I4: 68 | J4: 68 | K4: 68 | L4: 68 | M4: 68 | N4: 68 | O4: 68 | P4: 68 | Q4: 68 | R4: 68
B5: Cooling Setpoint (F) | C5: 75 | D5: 75 | E5: 75 | F5: 75 | G5: 75 | H5: 75 | I5: 75 | J5: 75 | K5: 75 | L5: 75 | M5: 75 | N5: 75 | O5: 75 | P5: 75 | Q5: 75 | R5: 75
B6: Cooling Setback (F) | C6: 78 | D6: 78 | E6: 78 | F6: 78 | G6: 78 | H6: 78 | I6: 78 | J6: 78 | K6: 78 | L6: 78 | M6: 78 | N6: 78 | O6: 78 | P6: 78 | Q6: 78 | R6: 78
A7: All conditioned zones except server rooms, Storage, Stairway & Mechanical_Electrical | B7: Heating Setpoint (F) | C7: 70 | D7: 70 | E7: 70 | F7: 70 | G7: 70 | H7: 70 | I7: 70 | J7: 70 | K7: 70 | L7: 70 | M7: 70 | N7: 70 | O7: 70 | P7: 70 | Q7: 70 | R7: 70 | S7: T24 2025 - Appendix 5.4B
B8: Heating Setback (F) | C8: 60 | D8: 60 | E8: 60 | F8: 60 | G8: 60 | H8: 60 | I8: 60 | J8: 60 | K8: 60 | L8: 60 | M8: 60 | N8: 60 | O8: 60 | P8: 60 | Q8: 60 | R8: 60
B9: Cooling Setpoint (F) | C9: 75 | D9: 75 | E9: 75 | F9: 75 | G9: 75 | H9: 75 | I9: 75 | J9: 75 | K9: 75 | L9: 75 | M9: 75 | N9: 75 | O9: 75 | P9: 75 | Q9: 75 | R9: 75
B10: Cooling Setback (F) | C10: 85 | D10: 85 | E10: 85 | F10: 85 | G10: 85 | H10: 85 | I10: 85 | J10: 85 | K10: 85 | L10: 85 | M10: 85 | N10: 85 | O10: 85 | P10: 85 | Q10: 85 | R10: 85
A11: Storage, Stairway, and Mechanical_Electrical | B11: Heating Setpoint (F) | C11: 60 | D11: 60 | E11: 60 | F11: 60 | G11: 60 | H11: 60 | I11: 60 | J11: 60 | K11: 60 | L11: 60 | M11: 60 | N11: 60 | O11: 60 | P11: 60 | Q11: 60 | R11: 60 | S11: Enginnering Judgment
B12: Heating Setback (F) | C12: 60 | D12: 60 | E12: 60 | F12: 60 | G12: 60 | H12: 60 | I12: 60 | J12: 60 | K12: 60 | L12: 60 | M12: 60 | N12: 60 | O12: 60 | P12: 60 | Q12: 60 | R12: 60 | S12: (Semi‑conditioned space)
B13: Cooling Setpoint (F) | C13: 85 | D13: 85 | E13: 85 | F13: 85 | G13: 85 | H13: 85 | I13: 85 | J13: 85 | K13: 85 | L13: 85 | M13: 85 | N13: 85 | O13: 85 | P13: 85 | Q13: 85 | R13: 85
B14: Cooling Setback (F) | C14: 85 | D14: 85 | E14: 85 | F14: 85 | G14: 85 | H14: 85 | I14: 85 | J14: 85 | K14: 85 | L14: 85 | M14: 85 | N14: 85 | O14: 85 | P14: 85 | Q14: 85 | R14: 85
A15: IT rooms | B15: Cooling Setpoint (F)* | C15: 80 | D15: 80 | E15: 80 | F15: 80 | G15: 80 | H15: 80 | I15: 80 | J15: 80 | K15: 80 | L15: 80 | M15: 80 | N15: 80 | O15: 80 | P15: 80 | Q15: 80 | R15: 80 | S15: Title 24, Part 6, 2025, section 140.9 (a) and PNNL ASHRAE 90.1 2022 Large Office prototype
B16: Heating Setpoint (F)* | C16: *The IT room with over 12 W/ft2 load doesn't require heating system as the equipment constantly generate enough heat.
A18: *Relative Humidity Ratio: 40%-60%
A34: Office Cooling Setback (F) | B34: 85 | C34: 85 | D34: 85 | E34: 85 | F34: 85 | G34: 85 | H34: 85 | I34: 85 | J34: 85 | K34: 85 | L34: 85 | M34: 85 | N34: 85 | O34: 85 | P34: 85 | Q34: 85
A36: Source: PNNL Healthcare-Outpaitiet prototype use this setpoints: Administration zones: 72°F Cooling/70°F Heating, Critical zones: 72°F Cooling/70°F Heating, Operating rooms: 65°F Cooling/65°F Heating
A37: PNNL Healthcare-Outpaitiet prototype use this setbacks: 77°F Cooling/65°F Heating, Critical zones: no setback, Operating rooms: 72°F Cooling/65°F Heating

Sheet Ventilation
A1: ="Outdoor Airflow Rate - "&Prototype!A2 -> Outdoor Airflow Rate - Laboratory
A2: Space Type | B2: Space/Thermal Zone | C2: Number of People | D2: Floor Area (ft²) | E2: cfm/person (T24, 2025, Equation 120.1-F and Table 120.1-A) | F2: cfm/ft² (T24, 2025, Equation 120.1-F and Table 120.1-A) | G2: Required exhaust rate-CFM/ft²- (T24, part 6 2025, Table 120.1-B – minimum exhaust rates) | H2: Hood Exhaust Rate (cfm) @133 cfm/ft - At sash stop | I2: Total cfm driven by people | J2: Total cfm driven by area | K2: Total cfm driven by exhaust | L2: Total cfm | M2: Notes
A3: =Zones!C3 -> Laboratory, Scientific | B3: =Zones!B3 -> Lab_Core_FloorG | C3: =(D3*25/1000) -> 107.075 | D3: =Zones!H3 -> 4283 | E3: 15 | F3: 0.15 | G3: 1 | H3: =G68 -> 10612.375 | I3: =C3*E3 -> 1606.125 | J3: =D3*F3 -> 642.45 | K3: =G3*D3 -> 4283 | L3: =MAX(I3,J3,K3,H3) -> 10612.375
A4: =Zones!C4 -> Laboratory, Scientific | B4: =Zones!B4 -> Lab_N_FloorG | C4: =(D4*25/1000) -> 57.45 | D4: =Zones!H4 -> 2298 | E4: 15 | F4: 0.15 | G4: 1 | H4: =G69 -> 5693.9614 | I4: =C4*E4 -> 861.75 | J4: =D4*F4 -> 344.7 | K4: =G4*D4 -> 2298 | L4: =MAX(I4,J4,K4,H4) -> 5693.9614
A5: =Zones!C5 -> Office Area (>250 square feet) | B5: =Zones!B5 -> Enclosed_Office_W_FloorG | C5: =Zones!K5 -> 8 | D5: =Zones!H5 -> 1638 | E5: 15 | F5: 0.15 | I5: =C5*E5 -> 120 | J5: =D5*F5 -> 245.7 | K5: =G5*D5 -> 0 | L5: =MAX(I5,J5,K5) -> 245.7
A6: =Zones!C6 -> Office Area (>250 square feet) | B6: =Zones!B6 -> Enclosed_Office_E_FloorG | C6: =Zones!K6 -> 8 | D6: =Zones!H6 -> 1638 | E6: 15 | F6: 0.15 | I6: =C6*E6 -> 120 | J6: =D6*F6 -> 245.7 | K6: =G6*D6 -> 0 | L6: =MAX(I6,J6,K6) -> 245.7
A7: =Zones!C7 -> Laboratory, Scientific | B7: =Zones!B7 -> Lab_S_FloorG | C7: =(D7*25/1000) -> 29.65 | D7: =Zones!H7 -> 1186 | E7: 15 | F7: 0.15 | G7: 1 | H7: =G70 -> 2938.6589 | I7: =C7*E7 -> 444.75 | J7: =D7*F7 -> 177.9 | K7: =G7*D7 -> 1186 | L7: =MAX(I7,J7,K7,H7) -> 2938.6589
A8: =Zones!C8 -> Convention, Conference, Multipurpose and Meeting Area | B8: =Zones!B8 -> Conference_FloorG | C8: =Zones!K8 -> 37 | D8: =Zones!H8 -> 1112 | E8: 15 | F8: 0.15 | I8: =C8*E8 -> 555 | J8: =D8*F8 -> 166.8 | K8: =G8*D8 -> 0 | L8: =MAX(I8,J8,K8) -> 555
A9: =Zones!C9 -> Lobby, Main Entry | B9: =Zones!B9 -> Lobby_FloorG | C9: =Zones!K9 -> 11 | D9: =Zones!H9 -> 1059 | E9: 15 | F9: 0.15 | I9: =C9*E9 -> 165 | J9: =D9*F9 -> 158.85 | K9: =G9*D9 -> 0 | L9: =MAX(I9,J9,K9) -> 165
A10: =Zones!C10 -> Storage (General) | B10: =Zones!B10 -> Storage_FloorG | C10: =Zones!K10 -> 0 | D10: =Zones!H10 -> 983 | E10: 15 | F10: 0.15 | I10: =C10*E10 -> 0 | J10: =D10*F10 -> 147.45 | K10: =G10*D10 -> 0 | L10: =MAX(I10,J10,K10) -> 147.45
A11: =Zones!C11 -> Electrical, Mechanical, Telephone Rooms | B11: =Zones!B11 -> Mechanical/Electrical_FloorG | C11: =Zones!K11 -> 0 | D11: =Zones!H11 -> 357 | E11: 15 | F11: 0.15 | I11: =C11*E11 -> 0 | J11: =D11*F11 -> 53.55 | K11: =G11*D11 -> 0 | L11: =MAX(I11,J11,K11) -> 53.55
A12: =Zones!C12 -> IT Room (EPD 12) | B12: =Zones!B12 -> IT-Room_FloorG | C12: =Zones!K12 -> 0 | D12: =Zones!H12 -> 179 | E12: 15 | F12: 0.15 | I12: =C12*E12 -> 0 | J12: =D12*F12 -> 26.85 | K12: =G12*D12 -> 0 | L12: =MAX(I12,J12,K12) -> 26.85
A13: =Zones!C13 -> Restrooms | B13: =Zones!B13 -> Restroom_FloorG | C13: =Zones!K13 -> 0 | D13: =Zones!H13 -> 644 | E13: 15 | F13: 0.15 | G13: 4*50/70 cfm per unit | I13: =C13*E13 -> 0 | J13: =D13*F13 -> 96.6 | K13: =4*50 -> 200 | L13: =MAX(I13,J13,K13) -> 200
A14: =Zones!C14 -> Lounge, Breakroom, or Waiting Area | B14: =Zones!B14 -> BreakRoom/Kitchenette_FloorG | C14: =Zones!K14 -> 8 | D14: =Zones!H14 -> 232 | E14: 15 | F14: 0.15 | I14: =C14*E14 -> 120 | J14: =D14*F14 -> 34.8 | K14: =G14*D14 -> 0 | L14: =MAX(I14,J14,K14) -> 120
A15: =Zones!C15 -> Stairwell | B15: =Zones!B15 -> Stairway_FloorG | C15: =Zones!K15 -> 0 | D15: =Zones!H15 -> 661 | E15: 15 | F15: 0.15 | I15: =C15*E15 -> 0 | J15: =D15*F15 -> 99.15 | K15: =G15*D15 -> 0 | L15: =MAX(I15,J15,K15) -> 99.15
A16: =Zones!C16 -> Corridor Area | B16: =Zones!B16 -> Corridor_W_FloorG | C16: =Zones!K16 -> 2 | D16: =Zones!H16 -> 300 | E16: 15 | F16: 0.15 | I16: =C16*E16 -> 30 | J16: =D16*F16 -> 45 | K16: =G16*D16 -> 0 | L16: =MAX(I16,J16,K16) -> 45
A17: =Zones!C17 -> Corridor Area | B17: =Zones!B17 -> Corridor_N_FloorG | C17: =Zones!K17 -> 3 | D17: =Zones!H17 -> 503 | E17: 15 | F17: 0.15 | I17: =C17*E17 -> 45 | J17: =D17*F17 -> 75.45 | K17: =G17*D17 -> 0 | L17: =MAX(I17,J17,K17) -> 75.45
A18: =Zones!C18 -> Corridor Area | B18: =Zones!B18 -> Corridor_E_FloorG | C18: =Zones!K18 -> 1 | D18: =Zones!H18 -> 299 | E18: 15 | F18: 0.15 | I18: =C18*E18 -> 15 | J18: =D18*F18 -> 44.85 | K18: =G18*D18 -> 0 | L18: =MAX(I18,J18,K18) -> 44.85
A19: =Zones!C19 -> Corridor Area | B19: =Zones!B19 -> Corridor_S_FloorG | C19: =Zones!K19 -> 3 | D19: =Zones!H19 -> 503 | E19: 15 | F19: 0.15 | I19: =C19*E19 -> 45 | J19: =D19*F19 -> 75.45 | K19: =G19*D19 -> 0 | L19: =MAX(I19,J19,K19) -> 75.45
A20: =Zones!C20 -> Plenum | B20: =Zones!B20 -> Plenum_FloorG | C20: =Zones!K20 -> 0 | D20: =Zones!H20 -> 17876 | F20: - | I20: =C20*E20 -> 0 | J20: 0 | K20: =G20*D20 -> 0 | L20: =MAX(I20,J20,K20) -> 0
A21: =Zones!C21 -> Laboratory, Scientific | B21: =Zones!B21 -> Lab_Core_FloorM | C21: =(D21*25/1000) -> 107.075 | D21: =Zones!H21 -> 4283 | E21: 15 | F21: 0.15 | G21: 1 | H21: =G71 -> 10612.375 | I21: =C21*E21 -> 1606.125 | J21: =D21*F21 -> 642.45 | K21: =G21*D21 -> 4283 | L21: =MAX(I21,J21,K21,H21) -> 10612.375
A22: =Zones!C22 -> Laboratory, Scientific | B22: =Zones!B22 -> Lab_N_FloorM | C22: =(D22*25/1000) -> 57.45 | D22: =Zones!H22 -> 2298 | E22: 15 | F22: 0.15 | G22: 1 | H22: =G72 -> 5693.9614 | I22: =C22*E22 -> 861.75 | J22: =D22*F22 -> 344.7 | K22: =G22*D22 -> 2298 | L22: =MAX(I22,J22,K22,H22) -> 5693.9614
A23: =Zones!C23 -> Laboratory, Scientific | B23: =Zones!B23 -> Lab_W_FloorM | C23: =(D23*25/1000) -> 40.95 | D23: =Zones!H23 -> 1638 | E23: 15 | F23: 0.15 | G23: 1 | H23: =G73 -> 4058.62 | I23: =C23*E23 -> 614.25 | J23: =D23*F23 -> 245.7 | K23: =G23*D23 -> 1638 | L23: =MAX(I23,J23,K23,H23) -> 4058.62
A24: =Zones!C24 -> Laboratory, Scientific | B24: =Zones!B24 -> Lab_E_FloorM | C24: =(D24*25/1000) -> 40.95 | D24: =Zones!H24 -> 1638 | E24: 15 | F24: 0.15 | G24: 1 | H24: =G74 -> 4058.62 | I24: =C24*E24 -> 614.25 | J24: =D24*F24 -> 245.7 | K24: =G24*D24 -> 1638 | L24: =MAX(I24,J24,K24,H24) -> 4058.62
A25: =Zones!C25 -> Laboratory, Scientific | B25: =Zones!B25 -> Lab_S_FloorM | C25: =(D25*25/1000) -> 29.65 | D25: =Zones!H25 -> 1186 | E25: 15 | F25: 0.15 | G25: 1 | H25: =G75 -> 2938.6589 | I25: =C25*E25 -> 444.75 | J25: =D25*F25 -> 177.9 | K25: =G25*D25 -> 1186 | L25: =MAX(I25,J25,K25,H25) -> 2938.6589
A26: =Zones!C26 -> Laboratory, Scientific | B26: =Zones!B26 -> Lab_FloorM | C26: =(D26*25/1000) -> 27.8 | D26: =Zones!H26 -> 1112 | E26: 15 | F26: 0.15 | G26: 1 | H26: =G76 -> 2755.3025 | I26: =C26*E26 -> 417 | J26: =D26*F26 -> 166.8 | K26: =G26*D26 -> 1112 | L26: =MAX(I26,J26,K26,H26) -> 2755.3025
A27: =Zones!C27 -> Lounge, Breakroom, or Waiting Area | B27: =Zones!B27 -> Lounge_FloorM | C27: =Zones!K27 -> 16 | D27: =Zones!H27 -> 1059 | E27: 15 | F27: 0.15 | I27: =C27*E27 -> 240 | J27: =D27*F27 -> 158.85 | K27: =G27*D27 -> 0 | L27: =MAX(I27,J27,K27) -> 240
A28: =Zones!C28 -> Storage (General) | B28: =Zones!B28 -> Storage_FloorM | C28: =Zones!K28 -> 0 | D28: =Zones!H28 -> 983 | E28: 15 | F28: 0.15 | I28: =C28*E28 -> 0 | J28: =D28*F28 -> 147.45 | K28: =G28*D28 -> 0 | L28: =MAX(I28,J28,K28) -> 147.45
A29: =Zones!C29 -> Electrical, Mechanical, Telephone Rooms | B29: =Zones!B29 -> Mechanical/Electrical_FloorM | C29: =Zones!K29 -> 0 | D29: =Zones!H29 -> 357 | E29: 15 | F29: 0.15 | I29: =C29*E29 -> 0 | J29: =D29*F29 -> 53.55 | K29: =G29*D29 -> 0 | L29: =MAX(I29,J29,K29) -> 53.55
A30: =Zones!C30 -> IT Room (EPD 12) | B30: =Zones!B30 -> IT-Room_FloorM | C30: =Zones!K30 -> 0 | D30: =Zones!H30 -> 179 | E30: 15 | F30: 0.15 | I30: =C30*E30 -> 0 | J30: =D30*F30 -> 26.85 | K30: =G30*D30 -> 0 | L30: =MAX(I30,J30,K30) -> 26.85
A31: =Zones!C31 -> Restrooms | B31: =Zones!B31 -> Restroom_FloorM | C31: =Zones!K31 -> 0 | D31: =Zones!H31 -> 644 | E31: 15 | F31: 0.15 | G31: 4*50/70 cfm per unit | I31: =C31*E31 -> 0 | J31: =D31*F31 -> 96.6 | K31: =4*50 -> 200 | L31: =MAX(I31,J31,K31) -> 200
A32: =Zones!C32 -> Lounge, Breakroom, or Waiting Area | B32: =Zones!B32 -> BreakRoom/Kitchenette_FloorM | C32: =Zones!K32 -> 8 | D32: =Zones!H32 -> 232 | E32: 15 | F32: 0.15 | I32: =C32*E32 -> 120 | J32: =D32*F32 -> 34.8 | K32: =G32*D32 -> 0 | L32: =MAX(I32,J32,K32) -> 120
A33: =Zones!C33 -> Stairwell | B33: =Zones!B33 -> Stairway_FloorM | C33: =Zones!K33 -> 0 | D33: =Zones!H33 -> 661 | E33: 15 | F33: 0.15 | I33: =C33*E33 -> 0 | J33: =D33*F33 -> 99.15 | K33: =G33*D33 -> 0 | L33: =MAX(I33,J33,K33) -> 99.15
A34: =Zones!C34 -> Corridor Area | B34: =Zones!B34 -> Corridor_W_FloorM | C34: =Zones!K34 -> 2 | D34: =Zones!H34 -> 300 | E34: 15 | F34: 0.15 | I34: =C34*E34 -> 30 | J34: =D34*F34 -> 45 | K34: =G34*D34 -> 0 | L34: =MAX(I34,J34,K34) -> 45
A35: =Zones!C35 -> Corridor Area | B35: =Zones!B35 -> Corridor_N_FloorM | C35: =Zones!K35 -> 3 | D35: =Zones!H35 -> 503 | E35: 15 | F35: 0.15 | I35: =C35*E35 -> 45 | J35: =D35*F35 -> 75.45 | K35: =G35*D35 -> 0 | L35: =MAX(I35,J35,K35) -> 75.45
A36: =Zones!C36 -> Corridor Area | B36: =Zones!B36 -> Corridor_E_FloorM | C36: =Zones!K36 -> 2 | D36: =Zones!H36 -> 300 | E36: 15 | F36: 0.15 | I36: =C36*E36 -> 30 | J36: =D36*F36 -> 45 | K36: =G36*D36 -> 0 | L36: =MAX(I36,J36,K36) -> 45
A37: =Zones!C37 -> Corridor Area | B37: =Zones!B37 -> Corridor_S_FloorM | C37: =Zones!K37 -> 3 | D37: =Zones!H37 -> 503 | E37: 15 | F37: 0.15 | I37: =C37*E37 -> 45 | J37: =D37*F37 -> 75.45 | K37: =G37*D37 -> 0 | L37: =MAX(I37,J37,K37) -> 75.45
A38: =Zones!C38 -> Plenum | B38: =Zones!B38 -> Plenum_FloorM | C38: =Zones!K38 -> 0 | D38: =Zones!H38 -> 17876 | E38: 0 | F38: - | I38: =C38*E38 -> 0 | K38: =G38*D38 -> 0 | L38: =MAX(I38,J38,K38) -> 0
A39: =Zones!C39 -> Laboratory, Scientific | B39: =Zones!B39 -> Lab_Core_FloorT | C39: =(D39*25/1000) -> 107.075 | D39: =Zones!H39 -> 4283 | E39: 15 | F39: 0.15 | G39: 1 | H39: =G77 -> 10612.375 | I39: =C39*E39 -> 1606.125 | J39: =D39*F39 -> 642.45 | K39: =G39*D39 -> 4283 | L39: =MAX(I39,J39,K39,H39) -> 10612.375
A40: =Zones!C40 -> Laboratory, Scientific | B40: =Zones!B40 -> Lab_N_FloorT | C40: =(D40*25/1000) -> 57.45 | D40: =Zones!H40 -> 2298 | E40: 15 | F40: 0.15 | G40: 1 | H40: =G78 -> 5693.9614 | I40: =C40*E40 -> 861.75 | J40: =D40*F40 -> 344.7 | K40: =G40*D40 -> 2298 | L40: =MAX(I40,J40,K40,H40) -> 5693.9614
A41: =Zones!C41 -> Office Area (>250 square feet) | B41: =Zones!B41 -> Enclosed_Office_W_FloorT | C41: =Zones!K41 -> 8 | D41: =Zones!H41 -> 1638 | E41: 15 | F41: 0.15 | I41: =C41*E41 -> 120 | J41: =D41*F41 -> 245.7 | K41: =G41*D41 -> 0 | L41: =MAX(I41,J41,K41) -> 245.7
A42: =Zones!C42 -> Office Area (>250 square feet) | B42: =Zones!B42 -> Enclosed_Office_E_FloorT | C42: =Zones!K42 -> 8 | D42: =Zones!H42 -> 1638 | E42: 15 | F42: 0.15 | I42: =C42*E42 -> 120 | J42: =D42*F42 -> 245.7 | K42: =G42*D42 -> 0 | L42: =MAX(I42,J42,K42) -> 245.7
A43: =Zones!C43 -> Laboratory, Scientific | B43: =Zones!B43 -> Lab_S_FloorT | C43: =(D43*25/1000) -> 29.65 | D43: =Zones!H43 -> 1186 | E43: 15 | F43: 0.15 | G43: 1 | H43: =G79 -> 2938.6589 | I43: =C43*E43 -> 444.75 | J43: =D43*F43 -> 177.9 | K43: =G43*D43 -> 1186 | L43: =MAX(I43,J43,K43,H43) -> 2938.6589
A44: =Zones!C44 -> Laboratory, Scientific | B44: =Zones!B44 -> Lab_FloorT | C44: =(D44*25/1000) -> 27.8 | D44: =Zones!H44 -> 1112 | E44: 15 | F44: 0.15 | G44: 1 | H44: =G80 -> 2755.3025 | I44: =C44*E44 -> 417 | J44: =D44*F44 -> 166.8 | K44: =G44*D44 -> 1112 | L44: =MAX(I44,J44,K44,H44) -> 2755.3025
A45: =Zones!C45 -> Lounge, Breakroom, or Waiting Area | B45: =Zones!B45 -> Lounge_FloorT | C45: =Zones!K45 -> 16 | D45: =Zones!H45 -> 1059 | E45: 15 | F45: 0.15 | H45: =C45*E45 -> 240 | I45: =D45*F45 -> 158.85 | J45: =G45*D45 -> 0 | K45: =MAX(H45,I45,J45) -> 240 | L45: =MAX(I45,J45,K45,H45) -> 240
A46: =Zones!C46 -> Storage (General) | B46: =Zones!B46 -> Storage_FloorT | C46: =Zones!K46 -> 0 | D46: =Zones!H46 -> 983 | E46: 15 | F46: 0.15 | I46: =D46*F46 -> 147.45 | J46: =G46*D46 -> 0 | K46: =MAX(H46,I46,J46) -> 147.45 | L46: =MAX(I46,J46,K46,H46) -> 147.45
A47: =Zones!C47 -> Electrical, Mechanical, Telephone Rooms | B47: =Zones!B47 -> Mechanical/Electrical_FloorT | C47: =Zones!K47 -> 0 | D47: =Zones!H47 -> 357 | E47: 15 | F47: 0.15 | I47: =D47*F47 -> 53.55 | J47: =G47*D47 -> 0 | K47: =MAX(H47,I47,J47) -> 53.55 | L47: =MAX(I47,J47,K47,H47) -> 53.55
A48: =Zones!C48 -> IT Room (EPD 12) | B48: =Zones!B48 -> IT-Room_FloorT | C48: =Zones!K48 -> 0 | D48: =Zones!H48 -> 179 | E48: 15 | F48: 0.15 | I48: =D48*F48 -> 26.85 | J48: =G48*D48 -> 0 | K48: =MAX(H48,I48,J48) -> 26.85 | L48: =MAX(I48,J48,K48,H48) -> 26.85
A49: =Zones!C49 -> Restrooms | B49: =Zones!B49 -> Restroom_FloorT | C49: =Zones!K49 -> 0 | D49: =Zones!H49 -> 644 | E49: 15 | F49: 0.15 | G49: 4* 50/70 cfm per unit | I49: =D49*F49 -> 96.6 | J49: =4*50 -> 200 | K49: =MAX(H49,I49,J49) -> 200 | L49: =MAX(I49,J49,K49,H49) -> 200
A50: =Zones!C50 -> Lounge, Breakroom, or Waiting Area | B50: =Zones!B50 -> BreakRoom/Kitchenette_FloorT | C50: =Zones!K50 -> 8 | D50: =Zones!H50 -> 232 | E50: 15 | F50: 0.15 | I50: =D50*F50 -> 34.8 | J50: =G50*D50 -> 0 | K50: =MAX(H50,I50,J50) -> 34.8 | L50: =MAX(I50,J50,K50,H50) -> 34.8
A51: =Zones!C51 -> Stairwell | B51: =Zones!B51 -> Stairway_FloorT | C51: =Zones!K51 -> 0 | D51: =Zones!H51 -> 661 | E51: 15 | F51: 0.15 | I51: =D51*F51 -> 99.15 | J51: =G51*D51 -> 0 | K51: =MAX(H51,I51,J51) -> 99.15 | L51: =MAX(I51,J51,K51,H51) -> 99.15
A52: =Zones!C52 -> Corridor Area | B52: =Zones!B52 -> Corridor_W_FloorT | C52: =Zones!K52 -> 2 | D52: =Zones!H52 -> 300 | E52: 15 | F52: 0.15 | I52: =D52*F52 -> 45 | J52: =G52*D52 -> 0 | K52: =MAX(H52,I52,J52) -> 45 | L52: =MAX(I52,J52,K52,H52) -> 45
A53: =Zones!C53 -> Corridor Area | B53: =Zones!B53 -> Corridor_N_FloorT | C53: =Zones!K53 -> 3 | D53: =Zones!H53 -> 503 | E53: 15 | F53: 0.15 | I53: =D53*F53 -> 75.45 | J53: =G53*D53 -> 0 | K53: =MAX(H53,I53,J53) -> 75.45 | L53: =MAX(I53,J53,K53,H53) -> 75.45
A54: =Zones!C54 -> Corridor Area | B54: =Zones!B54 -> Corridor_E_FloorT | C54: =Zones!K54 -> 2 | D54: =Zones!H54 -> 300 | E54: 15 | F54: 0.15 | I54: =D54*F54 -> 45 | J54: =G54*D54 -> 0 | K54: =MAX(H54,I54,J54) -> 45 | L54: =MAX(I54,J54,K54,H54) -> 45
A55: =Zones!C55 -> Corridor Area | B55: =Zones!B55 -> Corridor_S_FloorT | C55: =Zones!K55 -> 3 | D55: =Zones!H55 -> 503 | E55: 15 | F55: 0.15 | I55: =D55*F55 -> 75.45 | J55: =G55*D55 -> 0 | K55: =MAX(H55,I55,J55) -> 75.45 | L55: =MAX(I55,J55,K55,H55) -> 75.45
A56: =Zones!C56 -> Plenum | B56: =Zones!B56 -> Plenum_FloorT | C56: =Zones!K56 -> 0 | D56: =Zones!H56 -> 17876 | E56: 0 | F56: - | J56: =G56*D56 -> 0 | K56: =MAX(H56,I56,J56) -> 0 | L56: =MAX(I56,J56,K56,H56) -> 0
A57: =Zones!C57 -> Total (11 Space Type) | B57: =Zones!B57 -> Total (54 Space) | C57: =Zones!K57 -> 307 | D57: =Zones!H57 -> 53627
A59: Exhaust Fume Hood
A60: Sash position | B60: h (in) | C60: h (ft) | D60: cfm/hood | E60: cfm/ft of hood
A61: Fully open (29 in) | B61: 29 | C61: =B61/12 -> 2.4166667 | D61: =5.33 * C61 * 100 -> 1288.0833 | E61: =D61/6 -> 214.68056
A62: At 18 in sash stop | B62: 18 | C62: =B62/12 -> 1.5 | D62: =5.33 * C62 * 100 -> 799.5 | E62: =D62/6 -> 133.25
A63: Closed (6 in) | B63: 6 | C63: =B63/12 -> 0.5 | D63: =5.33 * C63 * 100 -> 266.5 | E63: =D63/6 -> 44.416667
A64: *Source for every number: CEC TN 222188 (2019 Fume Hoods CASE report), Table 29. Per-hood basis , a 6 ft nominal hood, 5.33 ft workspace width, 100 fpm face velocity (Cal/OSHA §5154.1). Flow = sash opening area × face velocity. A "6-foot hood" is a nominal cabinet dimension. The actual sash opening is narrower because of the side posts and frame — 5.33 ft. So airflow is computed on 5.33 ft but expressed per 6 ft of nominal hood. That's the only subtlety in the calculation, and getting it wrong would overstate flow by 13%.
A66: Exhaust Fume Hood
A67: Type of hood | B67: Space | C67: Area (ft² ) | D67: Hood length (ft) | E67: Number of Hoods | F67: Hood Exhaust Rate (cfm) @215 cfm/ft | G67: Hood Exhaust Rate (cfm) @133 cfm/ft - At sash stop | H67: Hood Exhaust Rate (cfm) @44 cfm/ft - closed | I67: Schedule (Pre-1978, 1978–19970 | J67: Schedule (1998–2007, 2008–2018) | K67: Schedule (New Construction) | L67: Note | M67: Source
A68: Fume Hood | B68: Lab_Core_FloorG | C68: 4283 | D68: =(C68/1000)*18.63 -> 79.79229 | E68: =D68/6 -> 13.298715 | F68: =215*D68 -> 17155.342 | G68: =D68*133 -> 10612.375 | H68: =D68*44 -> 3510.8608 | I68: CAV (0.90 flat) | J68: Manual VAV (0.50–0.56) | K68: Auto-sash VAV (0.20–0.33) | L68: Hood density: 18.63 ft per 1,000 ft² — Table 29's 95 ft of hood in a 5,100 ft² lab. | M68: 2019 High Efficiency Fume Hoods in Laboratory Spaces CASE Report
A69: Fume Hood | B69: Lab_N_FloorG | C69: 2298 | D69: =(C69/1000)*18.63 -> 42.81174 | E69: =D69/6 -> 7.13529 | F69: =215*D69 -> 9204.5241 | G69: =D69*133 -> 5693.9614 | H69: =D69*44 -> 1883.7166 | I69: CAV (0.90 flat) | J69: Manual VAV (0.50–0.56) | K69: Auto-sash VAV (0.20–0.33)
A70: Fume Hood | B70: Lab_S_FloorG | C70: 1186 | D70: =(C70/1000)*18.63 -> 22.09518 | E70: =D70/6 -> 3.68253 | F70: =215*D70 -> 4750.4637 | G70: =D70*133 -> 2938.6589 | H70: =D70*44 -> 972.18792 | I70: CAV (0.90 flat) | J70: Manual VAV (0.50–0.56) | K70: Auto-sash VAV (0.20–0.33)
A71: Fume Hood | B71: Lab_Core_FloorM | C71: 4283 | D71: =(C71/1000)*18.63 -> 79.79229 | E71: =D71/6 -> 13.298715 | F71: =215*D71 -> 17155.342 | G71: =D71*133 -> 10612.375 | H71: =D71*44 -> 3510.8608 | I71: CAV (0.90 flat) | J71: Manual VAV (0.50–0.56) | K71: Auto-sash VAV (0.20–0.33)
A72: Fume Hood | B72: Lab_N_FloorM | C72: 2298 | D72: =(C72/1000)*18.63 -> 42.81174 | E72: =D72/6 -> 7.13529 | F72: =215*D72 -> 9204.5241 | G72: =D72*133 -> 5693.9614 | H72: =D72*44 -> 1883.7166 | I72: CAV (0.90 flat) | J72: Manual VAV (0.50–0.56) | K72: Auto-sash VAV (0.20–0.33)
A73: Fume Hood | B73: Lab_W_FloorM | C73: 1638 | D73: =(C73/1000)*18.63 -> 30.51594 | E73: =D73/6 -> 5.08599 | F73: =215*D73 -> 6560.9271 | G73: =D73*133 -> 4058.62 | H73: =D73*44 -> 1342.7014 | I73: CAV (0.90 flat) | J73: Manual VAV (0.50–0.56) | K73: Auto-sash VAV (0.20–0.33)
A74: Fume Hood | B74: Lab_E_FloorM | C74: 1638 | D74: =(C74/1000)*18.63 -> 30.51594 | E74: =D74/6 -> 5.08599 | F74: =215*D74 -> 6560.9271 | G74: =D74*133 -> 4058.62 | H74: =D74*44 -> 1342.7014 | I74: CAV (0.90 flat) | J74: Manual VAV (0.50–0.56) | K74: Auto-sash VAV (0.20–0.33)
A75: Fume Hood | B75: Lab_S_FloorM | C75: 1186 | D75: =(C75/1000)*18.63 -> 22.09518 | E75: =D75/6 -> 3.68253 | F75: =215*D75 -> 4750.4637 | G75: =D75*133 -> 2938.6589 | H75: =D75*44 -> 972.18792 | I75: CAV (0.90 flat) | J75: Manual VAV (0.50–0.56) | K75: Auto-sash VAV (0.20–0.33)
A76: Fume Hood | B76: Lab_FloorM | C76: 1112 | D76: =(C76/1000)*18.63 -> 20.71656 | E76: =D76/6 -> 3.45276 | F76: =215*D76 -> 4454.0604 | G76: =D76*133 -> 2755.3025 | H76: =D76*44 -> 911.52864 | I76: CAV (0.90 flat) | J76: Manual VAV (0.50–0.56) | K76: Auto-sash VAV (0.20–0.33)
A77: Fume Hood | B77: Lab_Core_FloorT | C77: 4283 | D77: =(C77/1000)*18.63 -> 79.79229 | E77: =D77/6 -> 13.298715 | F77: =215*D77 -> 17155.342 | G77: =D77*133 -> 10612.375 | H77: =D77*44 -> 3510.8608 | I77: CAV (0.90 flat) | J77: Manual VAV (0.50–0.56) | K77: Auto-sash VAV (0.20–0.33)
A78: Fume Hood | B78: Lab_N_FloorT | C78: 2298 | D78: =(C78/1000)*18.63 -> 42.81174 | E78: =D78/6 -> 7.13529 | F78: =215*D78 -> 9204.5241 | G78: =D78*133 -> 5693.9614 | H78: =D78*44 -> 1883.7166 | I78: CAV (0.90 flat) | J78: Manual VAV (0.50–0.56) | K78: Auto-sash VAV (0.20–0.33)
A79: Fume Hood | B79: Lab_S_FloorT | C79: 1186 | D79: =(C79/1000)*18.63 -> 22.09518 | E79: =D79/6 -> 3.68253 | F79: =215*D79 -> 4750.4637 | G79: =D79*133 -> 2938.6589 | H79: =D79*44 -> 972.18792 | I79: CAV (0.90 flat) | J79: Manual VAV (0.50–0.56) | K79: Auto-sash VAV (0.20–0.33)
A80: Fume Hood | B80: Lab_FloorT | C80: 1112 | D80: =(C80/1000)*18.63 -> 20.71656 | E80: =D80/6 -> 3.45276 | F80: =215*D80 -> 4454.0604 | G80: =D80*133 -> 2755.3025 | H80: =D80*44 -> 911.52864 | I80: CAV (0.90 flat) | J80: Manual VAV (0.50–0.56) | K80: Auto-sash VAV (0.20–0.33)
A83: *ANSI Z9.5 is the American National Standard for Laboratory Ventilation, and Section 6.4 focuses on how and where lab exhaust air must be discharged to ensure safety, health, and code compliance.
A84: *2025 California Title 24, Part 6, the prescriptive exhaust requirements for laboratory spaces are detailed in Section 140.9(c).
A90: Requirement | B90: Description | C90: Criterion | D90: Value / Standard
A91: Airflow Modulation | B91: Reduce to minimum 10 ACH or pressurization limit | C91: Pressure relationship | D91: Negative relative to adjacent spaces
A92: Variable Exhaust/Makeup Air | B92: Coordinated VAV systems for pressurization | C92: Pressure differential target | D92: 0.01–0.05 in. w.c.
A93: Fan Power Limit | B93: ≤ 0.65 W/CFM (standard); ≤ 0.85 W/CFM (with filtration) | C93: Infiltration modeling | D93: Not the primary OA source; modeled as tightly controlled
A94: Sash Closure Controls | B94: Auto-close after 5 min inactivity with safety features | C94: Envelope air barrier | D94: Required per T24 standards
A95: Makeup Air Compliance | B95: Must meet Section 140.4(o) standards | C95: Standard reference | D95: ANSI Z9.5-2022, ASHRAE 62.1, ASHRAE 90.1

Sheet Water Heater
A1: Water Heater - Laboratory
A2: Vintage | B2: WH Type | C2: Efficiency | D2: Number of WH | E2: Tank Volume (gal) | F2: Tank Loss | G2: Source
A3: Existing | B3: Gas | C3: 0.8 | D3: 1 | E3: See table below for CZ-specific values: Climate Zone Water Heater Sizing and Loss Coefficients, Storage Volume column (col F) | F3: See table below: Climate Zone Water Heater Sizing and Loss Coefficients, Standby Loss column (col G) | G3: See table below for sources: Climate Zone Water Heater Sizing and Loss Coefficients
A4: New Construction | B4: Gas | C4: 0.8 | D4: 1 | E4: See table below for CZ-specific values: Climate Zone Water Heater Sizing and Loss Coefficients, Storage Volume column (col F) | F4: See table below: Climate Zone Water Heater Sizing and Loss Coefficients, Standby Loss column (col G) | G4: See table below for sources: Climate Zone Water Heater Sizing and Loss Coefficients
A7: Peak Hot Water Consumption
A8: Space Name | B8: Baseline WH Type [CEUS 2022] | C8: Total Area (ft²) | D8: Number of People | E8: Hot Water Usage Specification (gal/hr per person) [T24, 2022, Appendix 5.4A , sheet: "2022 SpaceFuncData-Input"] | F8: Peak Hot Water Usage (gal/hr) | G8: Peak Hot Water Usage (gal/min) | H8: Note
A9: =Zones!B3 -> Lab_Core_FloorG | B9: Gas* | C9: =Zones!H3 -> 4283 | D9: =Ventilation!C3 -> 107.075 | E9: 0.18 | F9: =E9*D9 -> 19.2735 | G9: =F9/60 -> 0.321225 | H9: For space types marked with an asterisk (the ‘*’ symbol), the water‑heater type is listed as electric in Appendix 5.4A, sheet ‘2022 SpaceFuncData‑Input.’ However, we modified the value based on CEUS data, which indicates that gas is the primary fuel type.
A10: =Zones!B4 -> Lab_N_FloorG | B10: Gas* | C10: =Zones!H4 -> 2298 | D10: =Ventilation!C4 -> 57.45 | E10: 0.18 | F10: =E10*D10 -> 10.341 | G10: =F10/60 -> 0.17235
A11: =Zones!B5 -> Enclosed_Office_W_FloorG | B11: Gas* | C11: =Zones!H5 -> 1638 | D11: =Ventilation!C5 -> 8 | E11: 0.18 | F11: =E11*D11 -> 1.44 | G11: =F11/60 -> 0.024
A12: =Zones!B6 -> Enclosed_Office_E_FloorG | B12: Gas* | C12: =Zones!H6 -> 1638 | D12: =Ventilation!C6 -> 8 | E12: 0.18 | F12: =E12*D12 -> 1.44 | G12: =F12/60 -> 0.024
A13: =Zones!B7 -> Lab_S_FloorG | B13: Gas* | C13: =Zones!H7 -> 1186 | D13: =Ventilation!C7 -> 29.65 | E13: 0.18 | F13: =E13*D13 -> 5.337 | G13: =F13/60 -> 0.08895
A14: =Zones!B8 -> Conference_FloorG | B14: Gas* | C14: =Zones!H8 -> 1112 | D14: =Ventilation!C8 -> 37 | E14: 0.09 | F14: =E14*D14 -> 3.33 | G14: =F14/60 -> 0.0555
A15: =Zones!B9 -> Lobby_FloorG | B15: Gas | C15: =Zones!H9 -> 1059 | D15: =Ventilation!C9 -> 11 | E15: 0.09 | F15: =E15*D15 -> 0.99 | G15: =F15/60 -> 0.0165
A16: =Zones!B10 -> Storage_FloorG | B16: Gas* | C16: =Zones!H10 -> 983 | D16: =Ventilation!C10 -> 0 | E16: 0 | F16: =E16*D16 -> 0 | G16: =F16/60 -> 0
A17: =Zones!B11 -> Mechanical/Electrical_FloorG | B17: Gas* | C17: =Zones!H11 -> 357 | D17: =Ventilation!C11 -> 0 | E17: 0.18 | F17: =E17*D17 -> 0 | G17: =F17/60 -> 0
A18: =Zones!B12 -> IT-Room_FloorG | B18: Gas* | C18: =Zones!H12 -> 179 | D18: =Ventilation!C12 -> 0 | E18: 0.18 | F18: =E18*D18 -> 0 | G18: =F18/60 -> 0
A19: =Zones!B13 -> Restroom_FloorG | B19: Gas | C19: =Zones!H13 -> 644 | D19: =Ventilation!C13 -> 0 | E19: 0 | F19: =E19*D19 -> 0 | G19: =F19/60 -> 0
A20: =Zones!B14 -> BreakRoom/Kitchenette_FloorG | B20: Gas | C20: =Zones!H14 -> 232 | D20: =Ventilation!C14 -> 8 | E20: 0.58 | F20: =E20*D20 -> 4.64 | G20: =F20/60 -> 0.077333333
A21: =Zones!B15 -> Stairway_FloorG | B21: Gas* | C21: =Zones!H15 -> 661 | D21: =Ventilation!C15 -> 0 | E21: 0 | F21: =E21*D21 -> 0 | G21: =F21/60 -> 0
... A25: =Zones!B19 -> Corridor_S_FloorG | B25: Gas* | C25: =Zones!H19 -> 503 | D25: =Ventilation!C19 -> 3 | E25: 0 | F25: =E25*D25 -> 0 | G25: =F25/60 -> 0
A26: =Zones!B20 -> Plenum_FloorG | C26: =Zones!H20 -> 17876 | D26: =Ventilation!C20 -> 0 | E26: 0 | F26: =E26*D26 -> 0 | G26: =F26/60 -> 0
A27: =Zones!B21 -> Lab_Core_FloorM | B27: Gas* | C27: =Zones!H21 -> 4283 | D27: =Ventilation!C21 -> 107.075 | E27: 0.18 | F27: =E27*D27 -> 19.2735 | G27: =F27/60 -> 0.321225
A28: =Zones!B22 -> Lab_N_FloorM | B28: Gas* | C28: =Zones!H22 -> 2298 | D28: =Ventilation!C22 -> 57.45 | E28: 0.18 | F28: =E28*D28 -> 10.341 | G28: =F28/60 -> 0.17235
A29: =Zones!B23 -> Lab_W_FloorM | B29: Gas* | C29: =Zones!H23 -> 1638 | D29: =Ventilation!C23 -> 40.95 | E29: 0.18 | F29: =E29*D29 -> 7.371 | G29: =F29/60 -> 0.12285
A30: =Zones!B24 -> Lab_E_FloorM | B30: Gas* | C30: =Zones!H24 -> 1638 | D30: =Ventilation!C24 -> 40.95 | E30: 0.18 | F30: =E30*D30 -> 7.371 | G30: =F30/60 -> 0.12285
A31: =Zones!B25 -> Lab_S_FloorM | B31: Gas* | C31: =Zones!H25 -> 1186 | D31: =Ventilation!C25 -> 29.65 | E31: 0.18 | F31: =E31*D31 -> 5.337 | G31: =F31/60 -> 0.08895
A32: =Zones!B26 -> Lab_FloorM | B32: Gas* | C32: =Zones!H26 -> 1112 | D32: =Ventilation!C26 -> 27.8 | E32: 0.09 | F32: =E32*D32 -> 2.502 | G32: =F32/60 -> 0.0417
A33: =Zones!B27 -> Lounge_FloorM | B33: Gas | C33: =Zones!H27 -> 1059 | D33: =Ventilation!C27 -> 16 | E33: 0.09 | F33: =E33*D33 -> 1.44 | G33: =F33/60 -> 0.024
A34: =Zones!B28 -> Storage_FloorM | B34: - | C34: =Zones!H28 -> 983 | D34: =Ventilation!C28 -> 0 | E34: 0 | F34: =E34*D34 -> 0 | G34: =F34/60 -> 0
A35: =Zones!B29 -> Mechanical/Electrical_FloorM | B35: Gas* | C35: =Zones!H29 -> 357 | D35: =Ventilation!C29 -> 0 | E35: 0.18 | F35: =E35*D35 -> 0 | G35: =F35/60 -> 0
A36: =Zones!B30 -> IT-Room_FloorM | B36: Gas* | C36: =Zones!H30 -> 179 | D36: =Ventilation!C30 -> 0 | E36: 0.18 | F36: =E36*D36 -> 0 | G36: =F36/60 -> 0
A37: =Zones!B31 -> Restroom_FloorM | B37: Gas | C37: =Zones!H31 -> 644 | D37: =Ventilation!C31 -> 0 | E37: 0 | F37: =E37*D37 -> 0 | G37: =F37/60 -> 0
A38: =Zones!B32 -> BreakRoom/Kitchenette_FloorM | B38: Gas | C38: =Zones!H32 -> 232 | D38: =Ventilation!C32 -> 8 | E38: 0.58 | F38: =E38*D38 -> 4.64 | G38: =F38/60 -> 0.077333333
... A43: =Zones!B37 -> Corridor_S_FloorM | B43: Gas* | C43: =Zones!H37 -> 503 | D43: =Ventilation!C37 -> 3 | E43: 0 | F43: =E43*D43 -> 0 | G43: =F43/60 -> 0
A44: =Zones!B38 -> Plenum_FloorM | C44: =Zones!H38 -> 17876 | D44: =Ventilation!C38 -> 0 | E44: 0 | F44: =E44*D44 -> 0 | G44: =F44/60 -> 0
A45: =Zones!B39 -> Lab_Core_FloorT | B45: Gas* | C45: =Zones!H39 -> 4283 | D45: =Ventilation!C39 -> 107.075 | E45: 0.18 | F45: =E45*D45 -> 19.2735 | G45: =F45/60 -> 0.321225
A46: =Zones!B40 -> Lab_N_FloorT | B46: Gas* | C46: =Zones!H40 -> 2298 | D46: =Ventilation!C40 -> 57.45 | E46: 0.18 | F46: =E46*D46 -> 10.341 | G46: =F46/60 -> 0.17235
A47: =Zones!B41 -> Enclosed_Office_W_FloorT | B47: Gas* | C47: =Zones!H41 -> 1638 | D47: =Ventilation!C41 -> 8 | E47: 0.18 | F47: =E47*D47 -> 1.44 | G47: =F47/60 -> 0.024
A48: =Zones!B42 -> Enclosed_Office_E_FloorT | B48: Gas* | C48: =Zones!H42 -> 1638 | D48: =Ventilation!C42 -> 8 | E48: 0.18 | F48: =E48*D48 -> 1.44 | G48: =F48/60 -> 0.024
A49: =Zones!B43 -> Lab_S_FloorT | B49: Gas* | C49: =Zones!H43 -> 1186 | D49: =Ventilation!C43 -> 29.65 | E49: 0.18 | F49: =E49*D49 -> 5.337 | G49: =F49/60 -> 0.08895
A50: =Zones!B44 -> Lab_FloorT | B50: Gas* | C50: =Zones!H44 -> 1112 | D50: =Ventilation!C44 -> 27.8 | E50: 0.09 | F50: =E50*D50 -> 2.502 | G50: =F50/60 -> 0.0417
A51: =Zones!B45 -> Lounge_FloorT | B51: Gas | C51: =Zones!H45 -> 1059 | D51: =Ventilation!C45 -> 16 | E51: 0.09 | F51: =E51*D51 -> 1.44 | G51: =F51/60 -> 0.024
A52: =Zones!B46 -> Storage_FloorT | B52: Gas* | C52: =Zones!H46 -> 983 | D52: =Ventilation!C46 -> 0 | E52: 0 | F52: =E52*D52 -> 0 | G52: =F52/60 -> 0
A53: =Zones!B47 -> Mechanical/Electrical_FloorT | B53: Gas* | C53: =Zones!H47 -> 357 | D53: =Ventilation!C47 -> 0 | E53: 0.18 | F53: =E53*D53 -> 0 | G53: =F53/60 -> 0
A54: =Zones!B48 -> IT-Room_FloorT | B54: Gas* | C54: =Zones!H48 -> 179 | D54: =Ventilation!C48 -> 0 | E54: 0.18 | F54: =E54*D54 -> 0 | G54: =F54/60 -> 0
A55: =Zones!B49 -> Restroom_FloorT | B55: Gas | C55: =Zones!H49 -> 644 | D55: =Ventilation!C49 -> 0 | E55: 0 | F55: =E55*D55 -> 0 | G55: =F55/60 -> 0
A56: =Zones!B50 -> BreakRoom/Kitchenette_FloorT | B56: Gas | C56: =Zones!H50 -> 232 | D56: =Ventilation!C50 -> 8 | E56: 0.58 | F56: =E56*D56 -> 4.64 | G56: =F56/60 -> 0.077333333
... A61: =Zones!B55 -> Corridor_S_FloorT | B61: Gas* | C61: =Zones!H55 -> 503 | D61: =Ventilation!C55 -> 3 | E61: 0 | F61: =E61*D61 -> 0 | G61: =F61/60 -> 0
C62: =Zones!H56 -> 17876 | D62: =Ventilation!C56 -> 0 | E62: 0 | F62: =E62*D62 -> 0 | G62: =F62/60 -> 0
A63: Total | B63: Gas storage | F63: =_xlfn.LET( _xlpm.g,SUMIF($B$9:$B$62,"Gas*",$F$9:$F$62), _xlpm.e,SUMIF($B$9:$B$62,"Electric*",$F$9:$F$62), IF(AND(_xlpm.g>0,_xlpm.e>0),_xlpm.g,IF(_xlpm.g>0,MAX(75,_xlpm.g),0))) -> 151.4805 | H63: Minimum peak hot water usage is 75 gal according to ACM 2025
A64: Total | B64: Electric resistance | F64: =_xlfn.LET( _xlpm.g,SUMIF($B$9:$B$26,"Gas*",$F$9:$F$26), _xlpm.e,SUMIF($B$9:$B$26,"Electric*",$F$9:$F$26), IF(AND(_xlpm.g>0,_xlpm.e>0),_xlpm.e,IF(_xlpm.e>0,MAX(75,_xlpm.e),0))) -> 0
A68: Design supply temperature (°F) | B68: 135 | C68: CEC-400-2022-009-CMF-REV2-AP5.4B
A69: WH system factor | B69: 0.6 | C69: 2025 ACM §5.9.2 Rated Capacity
A70: Water mass conversion (lb/gal) | B70: 8.2877 | C70: 2025 ACM §5.9.2 Rated Capacity
A71: Reheat multiplier | B71: 0.4 | C71: 2025 ACM §5.9.2 Storage Volume
A72: Climate Zone Water Heater Sizing and Loss Coefficients
A73: Climate Zone | B73: Minimum Monthly Mains Temp (°F) [T24 2022 - Appendix 5.4B] | C73: Heat Output (Btu/hr) [ACM, 2025, 5.9.2: Rated capacity section] | D73: WH Capacity (Btu/hr) [ACM, 2025, 5.9.2: Rated capacity section] | E73: Required Energy Input (Btu/hr) | F73: Storage Volume (gal) | G73: Standby Loss [Title 20, §1605.1 Table F-4; Appendix B: Water Heating Calculation Method] | I73: Off/On Cycle Loss Coefficient to Ambient Temp | K73: Source/Note
A74: CZ01 | B74: 47.9 | C74: =$F$63*($B$68-B74)*$B$70 -> 109347.51 | D74: =C74*$B$69 -> 65608.507 | E74: =_xlfn.LET(_xlpm.x,_xlfn.XLOOKUP(D74/$C$3,$A$95:$A$125,$A$95:$A$125,"",1),IF(_xlpm.x="",ROUNDUP(D74/$C$3,0),_xlpm.x)) -> 99900 | F74: =_xlfn.LET(_xlpm.v,MAX(30,$F$63*$B$71),_xlpm.x,_xlfn.XLOOKUP(_xlpm.v,$E$95:$E$113,$E$95:$E$113,"",1),IF(_xlpm.x="",ROUNDUP(_xlpm.v,0),_xlpm.x)) -> 65 | G74: =(E74/800)+110*SQRT(F74) -> 1011.7234 | H74: Btu/hr | I74: =G74/70 -> 14.453191 | J74: Btu/h·°F | K74: Required Energy Input: vendor/available catalog size (Market data table). Storage Volume: standard/available catalog tank size (Market data table).
A75: CZ02 | B75: 50.8 | C75: =$F$63*($B$68-B75)*$B$70 -> 105706.78 | D75: =C75*$B$69 -> 63424.068 | E75: =_xlfn.LET(_xlpm.x,_xlfn.XLOOKUP(D75/$C$3,$A$95:$A$125,$A$95:$A$125,"",1),IF(_xlpm.x="",ROUNDUP(D75/$C$3,0),_xlpm.x)) -> 80000 | F75: =_xlfn.LET(_xlpm.v,MAX(30,$F$63*$B$71),_xlpm.x,_xlfn.XLOOKUP(_xlpm.v,$E$95:$E$113,$E$95:$E$113,"",1),IF(_xlpm.x="",ROUNDUP(_xlpm.v,0),_xlpm.x)) -> 65 | G75: =(E75/800)+110*SQRT(F75) -> 986.84835 | H75: Btu/hr | I75: =G75/70 -> 14.097834 | J75: Btu/h·°F
A76: CZ03 | B76: 52.2 | C76: =$F$63*($B$68-B76)*$B$70 -> 103949.19 | D76: =C76*$B$69 -> 62369.511 | E76: =_xlfn.LET(_xlpm.x,_xlfn.XLOOKUP(D76/$C$3,$A$95:$A$125,$A$95:$A$125,"",1),IF(_xlpm.x="",ROUNDUP(D76/$C$3,0),_xlpm.x)) -> 80000 | F76: =_xlfn.LET(_xlpm.v,MAX(30,$F$63*$B$71),_xlpm.x,_xlfn.XLOOKUP(_xlpm.v,$E$95:$E$113,$E$95:$E$113,"",1),IF(_xlpm.x="",ROUNDUP(_xlpm.v,0),_xlpm.x)) -> 65 | G76: =(E76/800)+110*SQRT(F76) -> 986.84835 | H76: Btu/hr | I76: =G76/70 -> 14.097834 | J76: Btu/h·°F
A77: CZ04 | B77: 52.7 | C77: =$F$63*($B$68-B77)*$B$70 -> 103321.47 | D77: =C77*$B$69 -> 61992.884 | E77: =_xlfn.LET(_xlpm.x,_xlfn.XLOOKUP(D77/$C$3,$A$95:$A$125,$A$95:$A$125,"",1),IF(_xlpm.x="",ROUNDUP(D77/$C$3,0),_xlpm.x)) -> 80000 | F77: =_xlfn.LET(_xlpm.v,MAX(30,$F$63*$B$71),_xlpm.x,_xlfn.XLOOKUP(_xlpm.v,$E$95:$E$113,$E$95:$E$113,"",1),IF(_xlpm.x="",ROUNDUP(_xlpm.v,0),_xlpm.x)) -> 65 | G77: =(E77/800)+110*SQRT(F77) -> 986.84835 | H77: Btu/hr | I77: =G77/70 -> 14.097834 | J77: Btu/h·°F
A78: CZ05 | B78: 51.6 | C78: =$F$63*($B$68-B78)*$B$70 -> 104702.44 | D78: =C78*$B$69 -> 62821.464 | E78: =_xlfn.LET(_xlpm.x,_xlfn.XLOOKUP(D78/$C$3,$A$95:$A$125,$A$95:$A$125,"",1),IF(_xlpm.x="",ROUNDUP(D78/$C$3,0),_xlpm.x)) -> 80000 | F78: =_xlfn.LET(_xlpm.v,MAX(30,$F$63*$B$71),_xlpm.x,_xlfn.XLOOKUP(_xlpm.v,$E$95:$E$113,$E$95:$E$113,"",1),IF(_xlpm.x="",ROUNDUP(_xlpm.v,0),_xlpm.x)) -> 65 | G78: =(E78/800)+110*SQRT(F78) -> 986.84835 | H78: Btu/hr | I78: =G78/70 -> 14.097834 | J78: Btu/h·°F
A79: CZ06 | B79: 56.8 | C79: =$F$63*($B$68-B79)*$B$70 -> 98174.23 | D79: =C79*$B$69 -> 58904.538 | E79: =_xlfn.LET(_xlpm.x,_xlfn.XLOOKUP(D79/$C$3,$A$95:$A$125,$A$95:$A$125,"",1),IF(_xlpm.x="",ROUNDUP(D79/$C$3,0),_xlpm.x)) -> 75100 | F79: =_xlfn.LET(_xlpm.v,MAX(30,$F$63*$B$71),_xlpm.x,_xlfn.XLOOKUP(_xlpm.v,$E$95:$E$113,$E$95:$E$113,"",1),IF(_xlpm.x="",ROUNDUP(_xlpm.v,0),_xlpm.x)) -> 65 | G79: =(E79/800)+110*SQRT(F79) -> 980.72335 | H79: Btu/hr | I79: =G79/70 -> 14.010334 | J79: Btu/h·°F
A80: CZ07 | B80: 58.4 | C80: =$F$63*($B$68-B80)*$B$70 -> 96165.55 | D80: =C80*$B$69 -> 57699.33 | E80: =_xlfn.LET(_xlpm.x,_xlfn.XLOOKUP(D80/$C$3,$A$95:$A$125,$A$95:$A$125,"",1),IF(_xlpm.x="",ROUNDUP(D80/$C$3,0),_xlpm.x)) -> 75100 | F80: =_xlfn.LET(_xlpm.v,MAX(30,$F$63*$B$71),_xlpm.x,_xlfn.XLOOKUP(_xlpm.v,$E$95:$E$113,$E$95:$E$113,"",1),IF(_xlpm.x="",ROUNDUP(_xlpm.v,0),_xlpm.x)) -> 65 | G80: =(E80/800)+110*SQRT(F80) -> 980.72335 | H80: Btu/hr | I80: =G80/70 -> 14.010334 | J80: Btu/h·°F
A81: CZ08 | B81: 58.4 | C81: =$F$63*($B$68-B81)*$B$70 -> 96165.55 | D81: =C81*$B$69 -> 57699.33 | E81: =_xlfn.LET(_xlpm.x,_xlfn.XLOOKUP(D81/$C$3,$A$95:$A$125,$A$95:$A$125,"",1),IF(_xlpm.x="",ROUNDUP(D81/$C$3,0),_xlpm.x)) -> 75100 | F81: =_xlfn.LET(_xlpm.v,MAX(30,$F$63*$B$71),_xlpm.x,_xlfn.XLOOKUP(_xlpm.v,$E$95:$E$113,$E$95:$E$113,"",1),IF(_xlpm.x="",ROUNDUP(_xlpm.v,0),_xlpm.x)) -> 65 | G81: =(E81/800)+110*SQRT(F81) -> 980.72335 | H81: Btu/hr | I81: =G81/70 -> 14.010334 | J81: Btu/h·°F
A82: CZ09 | B82: 57.6 | C82: =$F$63*($B$68-B82)*$B$70 -> 97169.89 | D82: =C82*$B$69 -> 58301.934 | E82: =_xlfn.LET(_xlpm.x,_xlfn.XLOOKUP(D82/$C$3,$A$95:$A$125,$A$95:$A$125,"",1),IF(_xlpm.x="",ROUNDUP(D82/$C$3,0),_xlpm.x)) -> 75100 | F82: =_xlfn.LET(_xlpm.v,MAX(30,$F$63*$B$71),_xlpm.x,_xlfn.XLOOKUP(_xlpm.v,$E$95:$E$113,$E$95:$E$113,"",1),IF(_xlpm.x="",ROUNDUP(_xlpm.v,0),_xlpm.x)) -> 65 | G82: =(E82/800)+110*SQRT(F82) -> 980.72335 | H82: Btu/hr | I82: =G82/70 -> 14.010334 | J82: Btu/h·°F
A83: CZ10 | B83: 57.1 | C83: =$F$63*($B$68-B83)*$B$70 -> 97797.603 | D83: =C83*$B$69 -> 58678.562 | E83: =_xlfn.LET(_xlpm.x,_xlfn.XLOOKUP(D83/$C$3,$A$95:$A$125,$A$95:$A$125,"",1),IF(_xlpm.x="",ROUNDUP(D83/$C$3,0),_xlpm.x)) -> 75100 | F83: =_xlfn.LET(_xlpm.v,MAX(30,$F$63*$B$71),_xlpm.x,_xlfn.XLOOKUP(_xlpm.v,$E$95:$E$113,$E$95:$E$113,"",1),IF(_xlpm.x="",ROUNDUP(_xlpm.v,0),_xlpm.x)) -> 65 | G83: =(E83/800)+110*SQRT(F83) -> 980.72335 | H83: Btu/hr | I83: =G83/70 -> 14.010334 | J83: Btu/h·°F
A84: CZ11 | B84: 50.5 | C84: =$F$63*($B$68-B84)*$B$70 -> 106083.41 | D84: =C84*$B$69 -> 63650.044 | E84: =_xlfn.LET(_xlpm.x,_xlfn.XLOOKUP(D84/$C$3,$A$95:$A$125,$A$95:$A$125,"",1),IF(_xlpm.x="",ROUNDUP(D84/$C$3,0),_xlpm.x)) -> 80000 | F84: =_xlfn.LET(_xlpm.v,MAX(30,$F$63*$B$71),_xlpm.x,_xlfn.XLOOKUP(_xlpm.v,$E$95:$E$113,$E$95:$E$113,"",1),IF(_xlpm.x="",ROUNDUP(_xlpm.v,0),_xlpm.x)) -> 65 | G84: =(E84/800)+110*SQRT(F84) -> 986.84835 | H84: Btu/hr | I84: =G84/70 -> 14.097834 | J84: Btu/h·°F
A85: CZ12 | B85: 51.4 | C85: =$F$63*($B$68-B85)*$B$70 -> 104953.52 | D85: =C85*$B$69 -> 62972.115 | E85: =_xlfn.LET(_xlpm.x,_xlfn.XLOOKUP(D85/$C$3,$A$95:$A$125,$A$95:$A$125,"",1),IF(_xlpm.x="",ROUNDUP(D85/$C$3,0),_xlpm.x)) -> 80000 | F85: =_xlfn.LET(_xlpm.v,MAX(30,$F$63*$B$71),_xlpm.x,_xlfn.XLOOKUP(_xlpm.v,$E$95:$E$113,$E$95:$E$113,"",1),IF(_xlpm.x="",ROUNDUP(_xlpm.v,0),_xlpm.x)) -> 65 | G85: =(E85/800)+110*SQRT(F85) -> 986.84835 | H85: Btu/hr | I85: =G85/70 -> 14.097834 | J85: Btu/h·°F
A86: CZ13 | B86: 51.7 | C86: =$F$63*($B$68-B86)*$B$70 -> 104576.9 | D86: =C86*$B$69 -> 62746.138 | E86: =_xlfn.LET(_xlpm.x,_xlfn.XLOOKUP(D86/$C$3,$A$95:$A$125,$A$95:$A$125,"",1),IF(_xlpm.x="",ROUNDUP(D86/$C$3,0),_xlpm.x)) -> 80000 | F86: =_xlfn.LET(_xlpm.v,MAX(30,$F$63*$B$71),_xlpm.x,_xlfn.XLOOKUP(_xlpm.v,$E$95:$E$113,$E$95:$E$113,"",1),IF(_xlpm.x="",ROUNDUP(_xlpm.v,0),_xlpm.x)) -> 65 | G86: =(E86/800)+110*SQRT(F86) -> 986.84835 | H86: Btu/hr | I86: =G86/70 -> 14.097834 | J86: Btu/h·°F
... A89: CZ16 | B89: 41.4 | C89: =$F$63*($B$68-B89)*$B$70 -> 117507.77 | D89: =C89*$B$69 -> 70504.665 | E89: =_xlfn.LET(_xlpm.x,_xlfn.XLOOKUP(D89/$C$3,$A$95:$A$125,$A$95:$A$125,"",1),IF(_xlpm.x="",ROUNDUP(D89/$C$3,0),_xlpm.x)) -> 99900 | F89: =_xlfn.LET(_xlpm.v,MAX(30,$F$63*$B$71),_xlpm.x,_xlfn.XLOOKUP(_xlpm.v,$E$95:$E$113,$E$95:$E$113,"",1),IF(_xlpm.x="",ROUNDUP(_xlpm.v,0),_xlpm.x)) -> 65 | G89: =(E89/800)+110*SQRT(F89) -> 1011.7234 | H89: Btu/hr | I89: =G89/70 -> 14.453191 | J89: Btu/h·°F
A93: Market data
A94: Catalog gas input (Btu/h) | B94: Input source | C94: Elec resistance tank (kW) | D94: Elec resistance (Btu/h) | E94: Catalog gas tank (gal) | F94: Tank source | G94: Elec tank (gal) | H94: Elec tank source | I94: =HYPERLINK("#'Note'!A1","Sources and links → Note tab") -> Sources and links → Note tab
A95: 60000 | B95: Grainger | C95: 1.5 | D95: 5118 | E95: 34 | F95: ENERGY STAR | G95: 6 | H95: Grainger
A96: 75100 | B96: Grainger | C96: 2 | D96: 6824 | E96: 35 | F96: Grainger | G96: 10 | H96: Grainger
A97: 76000 | B97: Both | C97: 3 | D97: 10236 | E97: 48 | F97: Grainger | G97: 15 | H97: Grainger
A98: 80000 | B98: Grainger | C98: 4.5 | D98: 15355 | E98: 50 | F98: Both | G98: 20 | H98: Grainger
A99: 99900 | B99: ENERGY STAR | C99: 6 | D99: 20473 | E99: 55 | F99: ENERGY STAR | G99: 28 | H99: Grainger
A100: 100000 | B100: Both | C100: 8 | D100: 27297 | E100: 60 | F100: ENERGY STAR | G100: 30 | H100: Grainger
A101: 120000 | B101: ENERGY STAR | C101: 9 | D101: 30709 | E101: 65 | F101: Both | G101: 36 | H101: Grainger
A102: 125000 | B102: Both | C102: 10 | D102: 34121 | E102: 72 | F102: Grainger | G102: 40 | H102: Grainger
A103: 130000 | B103: Both | C103: 12 | D103: 40946 | E103: 75 | F103: Both | G103: 47
A104: 145000 | B104: ENERGY STAR | C104: 12.1 | D104: 41287 | E104: 76 | F104: Grainger | G104: 50
A105: 150000 | B105: ENERGY STAR | C105: 18 | D105: 61419 | E105: 80 | F105: Both | G105: 65
A106: 156000 | B106: Grainger | C106: 24 | D106: 81891 | E106: 82 | F106: Grainger | G106: 80
A107: 160000 | B107: Both | C107: 27 | D107: 92128 | E107: 85 | F107: Grainger | G107: 85
A108: 175000 | B108: ENERGY STAR | C108: 36 | D108: 122837 | E108: 90 | F108: Both | G108: 105
A109: 180000 | B109: Grainger | C109: 54 | D109: 184256 | E109: 91 | F109: Grainger | G109: 120
A110: 199000 | B110: ENERGY STAR | E110: 100 | F110: Both
A111: 199900 | B111: Both | E111: 110 | F111: ENERGY STAR
A112: 200000 | B112: ENERGY STAR | E112: 119 | F112: Both
A113: 250000 | B113: Both | E113: 125 | F113: ENERGY STAR
A114: 251000 | B114: ENERGY STAR
A115: 270000 | B115: Grainger
A116: 285000 | B116: ENERGY STAR
A117: 300000 | B117: Both
A118: 320000 | B118: ENERGY STAR
A119: 360000 | B119: Grainger
A120: 398000 | B120: ENERGY STAR
A121: 399000 | B121: ENERGY STAR
...

Sheet Interior Lights
A1: ="Interior Lighting - "&Prototype!B4 -> Interior Lighting - Laboratory
A2: Space Type | B2: New Construction | E2: Existing | H2: Notes
B3: Lighting density (W/ft²) | C3: Additional LPD for Portable Lighting (W/ft²) | D3: Source | E3: LPD (W/ft²) | F3: Additional LPD for Portable Lighting (W/ft²) | G3: Source
A4: =Zones!P27 -> Laboratory, Scientific | B4: 0.9 | C4: 0.35 | D4: T24, part 6, 2025, Table 140.6 C (Area category method) | E4: 1.4 | F4: 0.2 | G4: T24, part 6, 2016, Table 140.6 C (Area category method) | H4: Additional lighting for: Detailed Task Work
A5: =Zones!P28 -> Office Area (>250 square feet) | B5: 0.6 | C5: =0.2*0.5 -> 0.1 | E5: 0.75 | H5: Additional lighting for: decorative/display It is assumed that 50% of the additional allowance lighting is in use.
A6: =Zones!P29 -> Convention, Conference, Multipurpose and Meeting Area | B6: 0.75 | C6: =0.25*0.5 -> 0.125 | E6: 1.2 | F6: =0.5*0.5 -> 0.25 | H6: Additional lighting for: decorative/display
A7: =Zones!P30 -> Lobby, Main Entry | B7: 0.7 | C7: 0.25 | E7: 0.95 | F7: 0.5 | H7: Additional lighting for: decorative/display
A8: =Zones!P31 -> Storage (General) | B8: 0.4 | E8: 0.6
A9: =Zones!P32 -> Electrical, Mechanical, Telephone Rooms | B9: 0.4 | E9: 0.55
A10: =Zones!P33 -> IT Room (EPD 12) | B10: 0.75 | E10: 1.2
A11: =Zones!P34 -> Restrooms | B11: 0.65 | E11: 0.6
A12: =Zones!P35 -> Lounge, Breakroom, or Waiting Area | B12: 0.55 | C12: 0.25 | E12: 0.9 | F12: 0.5 | H12: Additional lighting for: decorative/display
A13: =Zones!P36 -> Stairwell | B13: 0.6 | E13: 0.6
A14: =Zones!P37 -> Corridor Area | B14: 0.4 | E14: 0.6

Sheet Ext Lighting
A1: ="Exterior Lighting - "&Prototype!B4 -> Exterior Lighting - Laboratory
A2: Motion Controlled Luminaires (W) | B2: Non-motion Controlled Luminaires (W) | C2: Total (W) | D2: Source
A3: =G15 -> 2533.08 | B3: =G16 -> 1392.3 | C3: =A3+B3 -> 3925.38 | D3: T24, 2022 & 2025 2019 Outdoor Lighting CASE report PNNL 90.1-2010 TSD
A7: ="Exterior Lighting" -> Exterior Lighting
A8: Items (Assume LZ2) | B8: Assumptions [2019 Outdoor Lighting CASE Report] | D8: Unit | E8: Lighting Power Allowance (T24, part 6, 2025, Table 140.7-A & 140.7-B) | F8: Unit | G8: Exterior Lighting Power (W)
A9: IWA (Initial Wattage Allowance) | B9: Lighting Zone 3 | E9: 350 | F9: (W) | G9: =$E9 -> 350
A10: Parking area | B10: 400 ft² for every parking space [2019 Lighting CASE report, Appendix H] 1 parking space per 250 ft² of gross building area [2019 Lighting CASE report,Table 38] | C10: =B21/250*400 -> 85803.2 | D10: (ft²) | E10: 0.025 | F10: (W/ft²) | G10: =$E10*C10 -> 2145.08
A11: Building Entrance | B11: 2 building entrance | C11: 2 | D11: (count) | E11: 19 | F11: (W/ea) | G11: =E11*C11 -> 38
A12: Hardscape Ornamental Light | B12: 0.1 ft² per 1 ft² of gross building area for hardscape ornamental light [2019 Lighting CASE report,Table 36] | C12: 0 | D12: (ft²) | E12: 0.013 | F12: (W/ft²) | G12: =E12*C12 -> 0
A13: Building façade | B13: 0.1 W per 1 ft² of facade area Façade Area = Perimeter × 0.5 × 30 ft (30 ft is the max height that is lit) * The 0.5 factor assumes that only half of the perimeter walls are lit. [2019 Lighting CASE report] | C13: =B22*0.5*30 -> 8190 | D13: (ft²) | E13: 0.17 | F13: (W/ft²) | G13: =E13*C13 -> 1392.3
A14: Non-sales canopy | D14: (ft²) | E14: 0.27 | F14: (W/ft²) | G14: =E14*C14 -> 0
A15: Motion Controlled Luminaires (W) | G15: =G10+G9+G14+G11 -> 2533.08
A16: Non-motion-controlled Luminaires | G16: =G12+G13 -> 1392.3
A17: Total | G17: =G15+G16 -> 3925.38
A21: Total floor area | B21: =Prototype!B9 -> 53627
A22: Perimeter | B22: 546
A23: Floors | B23: 3
A29: Background Data [To be deleted prior to publication]

Sheet Equipment
A1: ="Equipment - "&Prototype!B4 -> Equipment - Laboratory
A2: Space Type | B2: Plug load Intensity (W/ft²) | C2: Gas Power Density (Btu/hr-ft²) | D2: Refrigeration Power Density (W/ft²) | E2: Source
A3: =Zones!P28 -> Office Area (>250 square feet) | B3: 0.7 | E3: Proposed Updates to Equipment Power Densities and Schedules in the 2028 Energy Code Nonresidential and Multifamily Alternative Calculation Method (NRMFACM) Reference Manual, August 7, 2025
A4: =Zones!P27 -> Laboratory, Scientific | B4: 4 | C4: 12.69264 | D4: 0.28 | E4: The Plug load density is set based on the LBNL/DOE Prototype. The gas power density and the refrig power density is based onT24 2025 - Appendix 5.4A
A5: =Zones!P29 -> Convention, Conference, Multipurpose and Meeting Area | B5: 1 | E5: T24 2025 - Appendix 5.4A
A6: =Zones!P30 -> Lobby, Main Entry | B6: 0.5
A7: =Zones!P31 -> Storage (General) | B7: 0.2
A8: =Zones!P32 -> Electrical, Mechanical, Telephone Rooms | B8: 3
A9: =Zones!P33 -> IT Room (EPD 12) | B9: 12 | E9: Feedback from TAG team
A10: =Zones!P34 -> Restrooms | B10: 0 | E10: T24 2025 - Appendix 5.4A
A11: =Zones!P35 -> Lounge, Breakroom, or Waiting Area | B11: 1
A12: =Zones!P36 -> Stairwell | B12: 0
A13: =Zones!P37 -> Corridor Area | B13: 0
A17: Elevator
A18: Vintage | B18: Class | C18: Number of elevators (ne) | D18: Cab Lighting Power Limit (W/ft2) | E18: Fan Power Limit (W/CFM) | F18: Cab Ventilation Fan & Lighting Shutoff | G18: Design Motor Load (W) | H18: Fan Load (W) | I18: Lighting Load (W) | J18: Total (W) | K18: Note
A19: Existing | B19: F/G | C19: 2 | D19: 1.14 | E19: 0.33 | F19: When stopped and unoccupied with doors closed for over 15 minutes, cab interior lighting and ventilation shall be de-energized until required for operation. | G19: =IF(INDEX($C:$C,MATCH("Equivalent full load hours",$B:$B,0))=0,0,ROUND(INDEX($C:$C,MATCH("Annual energy consumption of the elevator - Existing",$B:$B,0))/INDEX($C:$C,MATCH("Equivalent full load hours",$B:$B,0))*1000,2)) -> 6326 | H19: =ROUND(C19*INDEX($C:$C,MATCH("Cab fan airflow",$B:$B,0))*E19,2) -> 165 | I19: =ROUND(C19*INDEX($C:$C,MATCH("Cab floor area",$B:$B,0))*D19,2) -> 68.17 | J19: =ROUND(SUM(G19:I19),2) -> 6559.17 | K19: Design load is calculated according to ISO 25745-2 method using Class F/G. Cab lighting and fan requirements are based on ASHRAE 90.1 2013.
A20: New Construction | B20: E | C20: 2 | D20: 0.6 | E20: 0.33 | F20: When the elevator cab is stopped and unoccupied with doors closed for over 15 minutes, the cab interior lighting and ventilation fans shall be switched off until elevator cab operation resumes. | G20: =IF(INDEX($C:$C,MATCH("Equivalent full load hours",$B:$B,0))=0,0,ROUND(INDEX($C:$C,MATCH("Annual energy consumption of the elevator - New Construction",$B:$B,0))/INDEX($C:$C,MATCH("Equivalent full load hours",$B:$B,0))*1000,2)) -> 3292.92 | H20: =ROUND(C20*INDEX($C:$C,MATCH("Cab fan airflow",$B:$B,0))*E20,2) -> 165 | I20: =ROUND(C20*INDEX($C:$C,MATCH("Cab floor area",$B:$B,0))*D20,2) -> 35.88 | J20: =ROUND(SUM(G20:I20),2) -> 3493.8 | K20: Design load is calculated according to ISO 25745-2 method using Class E. Cab lighting and fan requirements are based on T24 2025 §120.6 (f).
A23: Lab Elevator Calculations
A24: Symbol | B24: Definition | C24: Value | D24: Units | E24: Source
A25: E | B25: Annual energy consumption of the elevator - Existing | C25: 31370.62 | D25: kWh/year | E25: Calculated
B26: Annual energy consumption of the elevator - New Construction | C26: 16329.61 | D26: kWh/year | E26: Calculated
A27: C1 | B27: Running-energy coefficient | C27: 3.65 for Class E; 5.47 for Class F | D27: Coefficient | E27: ISO 25745-2 Table 7
A28: C2 | B28: Idle/standby coefficient | C28: 800 for Class E; 1,600 for Class F | D28: Coefficient | E28: ISO 25745-2 Table 7
A29: Q | B29: Rated load of elevator | C29: 1361 | D29: kg | E29: Assumed for all prototypes
A30: Elevator Size | B30: Cab floor area | C30: 29.9 | D30: ft^2 | E30: W=6.781 ft, L=4.406 ft; assumed based on representative manufacturer
A31: CFM | B31: Cab fan airflow | C31: 250 | D31: cfm | E31: Assumed for multifamily and commercial prototypes
A32: cat | B32: Usage category | C32: 2 | D32: - | E32: ISO 25745-2 Table A.1
A33: d | B33: Operating days per year | C33: 260 | D33: days/year | E33: ISO 25745-2 Table A.1
A34: nf | B34: Number of floors | C34: 3 | D34: floors | E34: Prototype assumptions
A35: h | B35: Floor-to-floor height | C35: 3.96 | D35: m | E35: Prototype assumptions
A36: v | B36: Elevator lift speed | C36: 1 | D36: m/s | E36: ISO 25745-2 Table A.1
A37: nd | B37: Number of trips per day | C37: 125 | D37: trips/day | E37: ISO 25745-2 Table A.1
A38: S_pct | B38: Percent of average travel distance | C38: 0.67 | D38: % | E38: ISO 25745-2 Table 2
A39: a | B39: Acceleration | C39: 1 | D39: m/s^2 | E39: Annex B of ISO 25745-2
A40: j | B40: Jerk | C40: 1.25 | D40: m/s^3 | E40: Annex B of ISO 25745-2
... A46: Total light level | B46: Total light level | C46: 40 | D46: lm/ft2 | E46: PNNL Prototypes
A47: EFLH | B47: Equivalent full load hours | C47: =Schedules!AD114 -> 4959 | D47: hours | E47: Calculated using the elevator schedule

Sheet Schedules
A1: ="Schedules - "&Prototype!B4 -> Schedules - Laboratory
A2: Zone | B2: Schedule | C2: Source | D2: Zone | E2: Type | F2: Hour
F3: 1 | G3: 2 | H3: 3 | I3: 4 | J3: 5 | K3: 6 | L3: 7 | M3: 8 | N3: 9 | O3: 10 | P3: 11 | Q3: 12 | R3: 13 | S3: 14 | T3: 15 | U3: 16 | V3: 17 | W3: 18 | X3: 19 | Y3: 20 | Z3: 21 | AA3: 22 | AB3: 23 | AC3: 24
A4: All Lab Zones | B4: Lab | C4: Occupancy | D4: T24 2022 - Appendix 5.4B, [Lab] | E4: Weekday | F4: 0.05 | G4: 0.05 | H4: 0.05 | I4: 0.05 | J4: 0.05 | K4: 0.05 | L4: 0.05 | M4: 0.1 | N4: 0.2 | O4: 0.9 | P4: 0.9 | Q4: 0.45 | R4: 0.45 | S4: 0.9 | T4: 0.9 | U4: 0.9 | V4: 0.9 | W4: 0.9 | X4: 0.3 | Y4: 0.1 | Z4: 0.1 | AA4: 0.1 | AB4: 0.05 | AC4: 0.05
E5: Saturday | F5: 0.05 | G5: 0.05 | H5: 0.05 | I5: 0.05 | J5: 0.05 | K5: 0.05 | L5: 0.05 | M5: 0.1 | N5: 0.1 | O5: 0.3 | P5: 0.3 | Q5: 0.3 | R5: 0.3 | S5: 0.1 | T5: 0.1 | U5: 0.1 | V5: 0.1 | W5: 0.1 | X5: 0.05 | Y5: 0.05 | Z5: 0.05 | AA5: 0.05 | AB5: 0.05 | AC5: 0.05
E6: Sunday | F6: 0.05 | G6: 0.05 | H6: 0.05 | I6: 0.05 | J6: 0.05 | K6: 0.05 | L6: 0.05 | M6: 0.1 | N6: 0.1 | O6: 0.3 | P6: 0.3 | Q6: 0.3 | R6: 0.3 | S6: 0.1 | T6: 0.1 | U6: 0.1 | V6: 0.1 | W6: 0.1 | X6: 0.05 | Y6: 0.05 | Z6: 0.05 | AA6: 0.05 | AB6: 0.05 | AC6: 0.05
A7: All Lab Zones | B7: Lab | C7: Lights | D7: T24 2022 - Appendix 5.4B, [Lab] | E7: Weekday | F7: 0.2 | G7: 0.2 | H7: 0.2 | I7: 0.2 | J7: 0.2 | K7: 0.2 | L7: 0.3 | M7: 0.5 | N7: 0.9 | O7: 0.9 | P7: 0.9 | Q7: 0.9 | R7: 0.8 | S7: 0.9 | T7: 0.9 | U7: 0.9 | V7: 0.9 | W7: 0.9 | X7: 0.5 | Y7: 0.5 | Z7: 0.3 | AA7: 0.3 | AB7: 0.2 | AC7: 0.2
E8: Saturday | F8: 0.1 | G8: 0.1 | H8: 0.1 | I8: 0.1 | J8: 0.1 | K8: 0.1 | L8: 0.1 | M8: 0.1 | N8: 0.4 | O8: 0.4 | P8: 0.4 | Q8: 0.4 | R8: 0.2 | S8: 0.2 | T8: 0.2 | U8: 0.2 | V8: 0.2 | W8: 0.1 | X8: 0.1 | Y8: 0.1 | Z8: 0.1 | AA8: 0.1 | AB8: 0.1 | AC8: 0.1
E9: Sunday | F9: 0.1 | G9: 0.1 | H9: 0.1 | I9: 0.1 | J9: 0.1 | K9: 0.1 | L9: 0.1 | M9: 0.1 | N9: 0.4 | O9: 0.4 | P9: 0.4 | Q9: 0.4 | R9: 0.2 | S9: 0.2 | T9: 0.2 | U9: 0.2 | V9: 0.2 | W9: 0.1 | X9: 0.1 | Y9: 0.1 | Z9: 0.1 | AA9: 0.1 | AB9: 0.1 | AC9: 0.1
A10: All Lab Zones | B10: Lab | C10: ElecEquipment | D10: T24 2022 - Appendix 5.4B, [Lab] | E10: Weekday | F10: 0.2 | G10: 0.2 | H10: 0.2 | I10: 0.2 | J10: 0.2 | K10: 0.2 | L10: 0.3 | M10: 0.4 | N10: 0.5 | O10: 0.7 | P10: 0.8 | Q10: 0.5 | R10: 0.6 | S10: 0.7 | T10: 0.9 | U10: 0.8 | V10: 0.5 | W10: 0.4 | X10: 0.3 | Y10: 0.2 | Z10: 0.2 | AA10: 0.2 | AB10: 0.2 | AC10: 0.2
E11: Saturday | F11: 0 | G11: 0 | H11: 0 | I11: 0 | J11: 0 | K11: 0 | L11: 0 | M11: 0 | N11: 0 | O11: 0 | P11: 0 | Q11: 0 | R11: 0 | S11: 0 | T11: 0 | U11: 0 | V11: 0 | W11: 0 | X11: 0 | Y11: 0 | Z11: 0 | AA11: 0 | AB11: 0 | AC11: 0
E12: Sunday | F12: 0 | G12: 0 | H12: 0 | I12: 0 | J12: 0 | K12: 0 | L12: 0 | M12: 0 | N12: 0 | O12: 0 | P12: 0 | Q12: 0 | R12: 0 | S12: 0 | T12: 0 | U12: 0 | V12: 0 | W12: 0 | X12: 0 | Y12: 0 | Z12: 0 | AA12: 0 | AB12: 0 | AC12: 0
A13: All Lab Zones | B13: Lab | C13: ServiceHotWater | D13: Based on the MediumOffice Prototype | E13: Weekday | F13: 0.05 | G13: 0.05 | H13: 0.05 | I13: 0.05 | J13: 0.05 | K13: 0.08 | L13: 0.07 | M13: 0.19 | N13: 0.35 | O13: 0.38 | P13: 0.39 | Q13: 0.47 | R13: 0.57 | S13: 0.54 | T13: 0.34 | U13: 0.33 | V13: 0.44 | W13: 0.26 | X13: 0.21 | Y13: 0.15 | Z13: 0.17 | AA13: 0.08 | AB13: 0.05 | AC13: 0.05
E14: Saturday | F14: 0.04 | G14: 0.04 | H14: 0.04 | I14: 0.04 | J14: 0.04 | K14: 0.07 | L14: 0.04 | M14: 0.04 | N14: 0.04 | O14: 0.04 | P14: 0.04 | Q14: 0.06 | R14: 0.06 | S14: 0.09 | T14: 0.06 | U14: 0.04 | V14: 0.04 | W14: 0.04 | X14: 0.04 | Y14: 0.04 | Z14: 0.04 | AA14: 0.07 | AB14: 0.04 | AC14: 0.04
E15: Sunday | F15: 0.04 | G15: 0.04 | H15: 0.04 | I15: 0.04 | J15: 0.04 | K15: 0.07 | L15: 0.04 | M15: 0.04 | N15: 0.04 | O15: 0.04 | P15: 0.04 | Q15: 0.06 | R15: 0.06 | S15: 0.09 | T15: 0.06 | U15: 0.04 | V15: 0.04 | W15: 0.04 | X15: 0.04 | Y15: 0.04 | Z15: 0.04 | AA15: 0.07 | AB15: 0.04 | AC15: 0.04
A16: All Lab Zones | B16: Lab | C16: GasEquipment | D16: T24 2022 - Appendix 5.4B, [Lab] | E16: Weekday | F16: 0 | G16: 0 | H16: 0 | I16: 0 | J16: 0 | K16: 0 | L16: 0 | M16: 0.1 | N16: 0.2 | O16: 0.9 | P16: 0.9 | Q16: 0.45 | R16: 0.45 | S16: 0.9 | T16: 0.9 | U16: 0.9 | V16: 0.9 | W16: 0.9 | X16: 0.1 | Y16: 0.1 | Z16: 0 | AA16: 0 | AB16: 0 | AC16: 0
E17: Saturday | F17: 0 | G17: 0 | H17: 0 | I17: 0 | J17: 0 | K17: 0 | L17: 0 | M17: 0.1 | N17: 0.1 | O17: 0.3 | P17: 0.3 | Q17: 0.3 | R17: 0.3 | S17: 0.1 | T17: 0.1 | U17: 0.1 | V17: 0.1 | W17: 0.1 | X17: 0 | Y17: 0 | Z17: 0 | AA17: 0 | AB17: 0 | AC17: 0
E18: Sunday | F18: 0 | G18: 0 | H18: 0 | I18: 0 | J18: 0 | K18: 0 | L18: 0 | M18: 0.1 | N18: 0.1 | O18: 0.3 | P18: 0.3 | Q18: 0.3 | R18: 0.3 | S18: 0.1 | T18: 0.1 | U18: 0.1 | V18: 0.1 | W18: 0.1 | X18: 0 | Y18: 0 | Z18: 0 | AA18: 0 | AB18: 0 | AC18: 0
A19: All Lab Zones | B19: Lab | C19: Refrigeration | D19: T24 2022 - Appendix 5.4B, [Lab] | E19: Weekday | F19: 0.9 | G19: 0.9 | H19: 0.9 | I19: 0.9 | J19: 0.9 | K19: 0.9 | L19: 0.9 | M19: 0.9 | N19: 0.9 | O19: 0.9 | P19: 0.9 | Q19: 0.9 | R19: 0.9 | S19: 0.9 | T19: 0.9 | U19: 0.9 | V19: 0.9 | W19: 0.9 | X19: 0.9 | Y19: 0.9 | Z19: 0.9 | AA19: 0.9 | AB19: 0.9 | AC19: 0.9
E20: Saturday | F20: 0.9 | G20: 0.9 | H20: 0.9 | I20: 0.9 | J20: 0.9 | K20: 0.9 | L20: 0.9 | M20: 0.9 | N20: 0.9 | O20: 0.9 | P20: 0.9 | Q20: 0.9 | R20: 0.9 | S20: 0.9 | T20: 0.9 | U20: 0.9 | V20: 0.9 | W20: 0.9 | X20: 0.9 | Y20: 0.9 | Z20: 0.9 | AA20: 0.9 | AB20: 0.9 | AC20: 0.9
E21: Sunday | F21: 0.9 | G21: 0.9 | H21: 0.9 | I21: 0.9 | J21: 0.9 | K21: 0.9 | L21: 0.9 | M21: 0.9 | N21: 0.9 | O21: 0.9 | P21: 0.9 | Q21: 0.9 | R21: 0.9 | S21: 0.9 | T21: 0.9 | U21: 0.9 | V21: 0.9 | W21: 0.9 | X21: 0.9 | Y21: 0.9 | Z21: 0.9 | AA21: 0.9 | AB21: 0.9 | AC21: 0.9
A22: All Lab Zones | B22: Lab | C22: Infiltration | D22: T24 2022 - Appendix 5.4B, [Lab] | E22: Weekday | F22: 0.25 | G22: 0.25 | H22: 0.25 | I22: 0.25 | J22: 0.25 | K22: 0.25 | L22: 0.25 | M22: 0.25 | N22: 0.25 | O22: 0.25 | P22: 0.25 | Q22: 0.25 | R22: 0.25 | S22: 0.25 | T22: 0.25 | U22: 0.25 | V22: 0.25 | W22: 0.25 | X22: 0.25 | Y22: 0.25 | Z22: 0.25 | AA22: 0.25 | AB22: 0.25 | AC22: 0.25
E23: Saturday | F23: 0.25 | G23: 0.25 | H23: 0.25 | I23: 0.25 | J23: 0.25 | K23: 0.25 | L23: 0.25 | M23: 0.25 | N23: 0.25 | O23: 0.25 | P23: 0.25 | Q23: 0.25 | R23: 0.25 | S23: 0.25 | T23: 0.25 | U23: 0.25 | V23: 0.25 | W23: 0.25 | X23: 0.25 | Y23: 0.25 | Z23: 0.25 | AA23: 0.25 | AB23: 0.25 | AC23: 0.25
E24: Sunday | F24: 0.25 | G24: 0.25 | H24: 0.25 | I24: 0.25 | J24: 0.25 | K24: 0.25 | L24: 0.25 | M24: 0.25 | N24: 0.25 | O24: 0.25 | P24: 0.25 | Q24: 0.25 | R24: 0.25 | S24: 0.25 | T24: 0.25 | U24: 0.25 | V24: 0.25 | W24: 0.25 | X24: 0.25 | Y24: 0.25 | Z24: 0.25 | AA24: 0.25 | AB24: 0.25 | AC24: 0.25
A25: All Lab Zones | B25: Lab | C25: HVACAvail | D25: T24 2022 - Appendix 5.4B, [Lab] | E25: Weekday | F25: 1 | G25: 1 | H25: 1 | I25: 1 | J25: 1 | K25: 1 | L25: 1 | M25: 1 | N25: 1 | O25: 1 | P25: 1 | Q25: 1 | R25: 1 | S25: 1 | T25: 1 | U25: 1 | V25: 1 | W25: 1 | X25: 1 | Y25: 1 | Z25: 1 | AA25: 1 | AB25: 1 | AC25: 1
E26: Saturday | F26: 1 | G26: 1 | H26: 1 | I26: 1 | J26: 1 | K26: 1 | L26: 1 | M26: 1 | N26: 1 | O26: 1 | P26: 1 | Q26: 1 | R26: 1 | S26: 1 | T26: 1 | U26: 1 | V26: 1 | W26: 1 | X26: 1 | Y26: 1 | Z26: 1 | AA26: 1 | AB26: 1 | AC26: 1
E27: Sunday | F27: 1 | G27: 1 | H27: 1 | I27: 1 | J27: 1 | K27: 1 | L27: 1 | M27: 1 | N27: 1 | O27: 1 | P27: 1 | Q27: 1 | R27: 1 | S27: 1 | T27: 1 | U27: 1 | V27: 1 | W27: 1 | X27: 1 | Y27: 1 | Z27: 1 | AA27: 1 | AB27: 1 | AC27: 1
A28: All Lab Zones | B28: Lab | C28: ExhaustCAV | D28: T24 2022 - Appendix 5.4B, [Lab] | E28: Weekday | F28: 0.9 | G28: 0.9 | H28: 0.9 | I28: 0.9 | J28: 0.9 | K28: 0.9 | L28: 0.9 | M28: 0.9 | N28: 0.9 | O28: 0.9 | P28: 0.9 | Q28: 0.9 | R28: 0.9 | S28: 0.9 | T28: 0.9 | U28: 0.9 | V28: 0.9 | W28: 0.9 | X28: 0.9 | Y28: 0.9 | Z28: 0.9 | AA28: 0.9 | AB28: 0.9 | AC28: 0.9
E29: Saturday | F29: 0.9 | G29: 0.9 | H29: 0.9 | I29: 0.9 | J29: 0.9 | K29: 0.9 | L29: 0.9 | M29: 0.9 | N29: 0.9 | O29: 0.9 | P29: 0.9 | Q29: 0.9 | R29: 0.9 | S29: 0.9 | T29: 0.9 | U29: 0.9 | V29: 0.9 | W29: 0.9 | X29: 0.9 | Y29: 0.9 | Z29: 0.9 | AA29: 0.9 | AB29: 0.9 | AC29: 0.9
E30: Sunday | F30: 0.9 | G30: 0.9 | H30: 0.9 | I30: 0.9 | J30: 0.9 | K30: 0.9 | L30: 0.9 | M30: 0.9 | N30: 0.9 | O30: 0.9 | P30: 0.9 | Q30: 0.9 | R30: 0.9 | S30: 0.9 | T30: 0.9 | U30: 0.9 | V30: 0.9 | W30: 0.9 | X30: 0.9 | Y30: 0.9 | Z30: 0.9 | AA30: 0.9 | AB30: 0.9 | AC30: 0.9
A31: All Lab Zones | B31: Lab | C31: ExhaustVAVManualSashCtrl | D31: T24 2022 - Appendix 5.4B, [Lab] | E31: Weekday | F31: 0.5 | G31: 0.5 | H31: 0.5 | I31: 0.5 | J31: 0.5 | K31: 0.5 | L31: 0.5 | M31: 0.5 | N31: 0.51 | O31: 0.56 | P31: 0.56 | Q31: 0.53 | R31: 0.53 | S31: 0.56 | T31: 0.56 | U31: 0.56 | V31: 0.56 | W31: 0.56 | X31: 0.52 | Y31: 0.5 | Z31: 0.5 | AA31: 0.5 | AB31: 0.5 | AC31: 0.5
E32: Saturday | F32: 0.5 | G32: 0.5 | H32: 0.5 | I32: 0.5 | J32: 0.5 | K32: 0.5 | L32: 0.5 | M32: 0.5 | N32: 0.5 | O32: 0.52 | P32: 0.52 | Q32: 0.52 | R32: 0.52 | S32: 0.5 | T32: 0.5 | U32: 0.5 | V32: 0.5 | W32: 0.5 | X32: 0.5 | Y32: 0.5 | Z32: 0.5 | AA32: 0.5 | AB32: 0.5 | AC32: 0.5
E33: Sunday | F33: 0.5 | G33: 0.5 | H33: 0.5 | I33: 0.5 | J33: 0.5 | K33: 0.5 | L33: 0.5 | M33: 0.5 | N33: 0.5 | O33: 0.52 | P33: 0.52 | Q33: 0.52 | R33: 0.52 | S33: 0.5 | T33: 0.5 | U33: 0.5 | V33: 0.5 | W33: 0.5 | X33: 0.5 | Y33: 0.5 | Z33: 0.5 | AA33: 0.5 | AB33: 0.5 | AC33: 0.5
A34: All Lab Zones | B34: Lab | C34: ExhaustVAVAutoSashCtrl | D34: T24 2022 - Appendix 5.4B, [Lab] | E34: Weekday | F34: 0.2 | G34: 0.2 | H34: 0.2 | I34: 0.2 | J34: 0.2 | K34: 0.2 | L34: 0.2 | M34: 0.21 | N34: 0.22 | O34: 0.33 | P34: 0.33 | Q34: 0.26 | R34: 0.26 | S34: 0.33 | T34: 0.33 | U34: 0.33 | V34: 0.33 | W34: 0.33 | X34: 0.24 | Y34: 0.21 | Z34: 0.21 | AA34: 0.21 | AB34: 0.2 | AC34: 0.2
E35: Saturday | F35: 0.2 | G35: 0.2 | H35: 0.2 | I35: 0.2 | J35: 0.2 | K35: 0.2 | L35: 0.2 | M35: 0.21 | N35: 0.21 | O35: 0.24 | P35: 0.24 | Q35: 0.24 | R35: 0.24 | S35: 0.21 | T35: 0.21 | U35: 0.21 | V35: 0.21 | W35: 0.21 | X35: 0.2 | Y35: 0.2 | Z35: 0.2 | AA35: 0.2 | AB35: 0.2 | AC35: 0.2
E36: Sunday | F36: 0.2 | G36: 0.2 | H36: 0.2 | I36: 0.2 | J36: 0.2 | K36: 0.2 | L36: 0.2 | M36: 0.21 | N36: 0.21 | O36: 0.24 | P36: 0.24 | Q36: 0.24 | R36: 0.24 | S36: 0.21 | T36: 0.21 | U36: 0.21 | V36: 0.21 | W36: 0.21 | X36: 0.2 | Y36: 0.2 | Z36: 0.2 | AA36: 0.2 | AB36: 0.2 | AC36: 0.2
A37: All Lab Zones | B37: Lab | C37: HtgSetpt | D37: T24 2022 - Appendix 5.4B, [Office] | E37: Weekday | F37: 68 | G37: 68 | H37: 68 | I37: 68 | J37: 68 | K37: 68 | L37: 68 | M37: =IF(M25=1,Thermostat!$C$3,Thermostat!$C$4) -> 70 | N37: =IF(N25=1,Thermostat!$C$3,Thermostat!$C$4) -> 70 | O37: =IF(O25=1,Thermostat!$C$3,Thermostat!$C$4) -> 70 | P37: =IF(P25=1,Thermostat!$C$3,Thermostat!$C$4) -> 70 | Q37: =IF(Q25=1,Thermostat!$C$3,Thermostat!$C$4) -> 70 | R37: =IF(R25=1,Thermostat!$C$3,Thermostat!$C$4) -> 70 | S37: =IF(S25=1,Thermostat!$C$3,Thermostat!$C$4) -> 70 | T37: =IF(T25=1,Thermostat!$C$3,Thermostat!$C$4) -> 70 | ... W37: =IF(W25=1,Thermostat!$C$3,Thermostat!$C$4) -> 70 | X37: 68 | Y37: 68 | Z37: 68 | AA37: 68 | AB37: 68 | AC37: 68
E38: Saturday | F38: 68 | G38: 68 | H38: 68 | I38: 68 | J38: 68 | K38: 68 | L38: 68 | M38: =IF(M26=1,Thermostat!$C$3,Thermostat!$C$4) -> 70 | N38: =IF(N26=1,Thermostat!$C$3,Thermostat!$C$4) -> 70 | O38: =IF(O26=1,Thermostat!$C$3,Thermostat!$C$4) -> 70 | P38: =IF(P26=1,Thermostat!$C$3,Thermostat!$C$4) -> 70 | Q38: =IF(Q26=1,Thermostat!$C$3,Thermostat!$C$4) -> 70 | R38: =IF(R26=1,Thermostat!$C$3,Thermostat!$C$4) -> 70 | S38: =IF(S26=1,Thermostat!$C$3,Thermostat!$C$4) -> 70 | T38: =IF(T26=1,Thermostat!$C$3,Thermostat!$C$4) -> 70 | ... W38: =IF(W26=1,Thermostat!$C$3,Thermostat!$C$4) -> 70 | X38: 68 | Y38: 68 | Z38: 68 | AA38: 68 | AB38: 68 | AC38: 68
E39: Sunday | F39: 68 | G39: 68 | H39: 68 | I39: 68 | J39: 68 | K39: 68 | L39: 68 | M39: =IF(M27=1,Thermostat!$C$3,Thermostat!$C$4) -> 70 | N39: =IF(N27=1,Thermostat!$C$3,Thermostat!$C$4) -> 70 | O39: =IF(O27=1,Thermostat!$C$3,Thermostat!$C$4) -> 70 | P39: =IF(P27=1,Thermostat!$C$3,Thermostat!$C$4) -> 70 | Q39: =IF(Q27=1,Thermostat!$C$3,Thermostat!$C$4) -> 70 | R39: =IF(R27=1,Thermostat!$C$3,Thermostat!$C$4) -> 70 | S39: =IF(S27=1,Thermostat!$C$3,Thermostat!$C$4) -> 70 | T39: =IF(T27=1,Thermostat!$C$3,Thermostat!$C$4) -> 70 | ... W39: =IF(W27=1,Thermostat!$C$3,Thermostat!$C$4) -> 70 | X39: 68 | Y39: 68 | Z39: 68 | AA39: 68 | AB39: 68 | AC39: 68
A40: All Lab Zones | B40: Lab | C40: ClgSetpt | D40: T24 2022 - Appendix 5.4B, [Office] | E40: Weekday | F40: 78 | G40: 78 | H40: 78 | I40: 78 | J40: 78 | K40: 78 | L40: 78 | M40: =IF(M25=1,Thermostat!$C$5,Thermostat!$C$6) -> 75 | N40: =IF(N25=1,Thermostat!$C$5,Thermostat!$C$6) -> 75 | O40: =IF(O25=1,Thermostat!$C$5,Thermostat!$C$6) -> 75 | P40: =IF(P25=1,Thermostat!$C$5,Thermostat!$C$6) -> 75 | Q40: =IF(Q25=1,Thermostat!$C$5,Thermostat!$C$6) -> 75 | R40: =IF(R25=1,Thermostat!$C$5,Thermostat!$C$6) -> 75 | S40: =IF(S25=1,Thermostat!$C$5,Thermostat!$C$6) -> 75 | T40: =IF(T25=1,Thermostat!$C$5,Thermostat!$C$6) -> 75 | ... W40: =IF(W25=1,Thermostat!$C$5,Thermostat!$C$6) -> 75 | X40: 78 | Y40: 78 | Z40: 78 | AA40: 78 | AB40: 78 | AC40: 78
E41: Saturday | F41: 78 | G41: 78 | H41: 78 | I41: 78 | J41: 78 | K41: 78 | L41: 78 | M41: =IF(M26=1,Thermostat!$C$5,Thermostat!$C$6) -> 75 | N41: =IF(N26=1,Thermostat!$C$5,Thermostat!$C$6) -> 75 | O41: =IF(O26=1,Thermostat!$C$5,Thermostat!$C$6) -> 75 | P41: =IF(P26=1,Thermostat!$C$5,Thermostat!$C$6) -> 75 | Q41: =IF(Q26=1,Thermostat!$C$5,Thermostat!$C$6) -> 75 | R41: =IF(R26=1,Thermostat!$C$5,Thermostat!$C$6) -> 75 | S41: =IF(S26=1,Thermostat!$C$5,Thermostat!$C$6) -> 75 | T41: =IF(T26=1,Thermostat!$C$5,Thermostat!$C$6) -> 75 | ... W41: =IF(W26=1,Thermostat!$C$5,Thermostat!$C$6) -> 75 | X41: 78 | Y41: 78 | Z41: 78 | AA41: 78 | AB41: 78 | AC41: 78
E42: Sunday | F42: 78 | G42: 78 | H42: 78 | I42: 78 | J42: 78 | K42: 78 | L42: 78 | M42: =IF(M27=1,Thermostat!$C$5,Thermostat!$C$6) -> 75 | N42: =IF(N27=1,Thermostat!$C$5,Thermostat!$C$6) -> 75 | O42: =IF(O27=1,Thermostat!$C$5,Thermostat!$C$6) -> 75 | P42: =IF(P27=1,Thermostat!$C$5,Thermostat!$C$6) -> 75 | Q42: =IF(Q27=1,Thermostat!$C$5,Thermostat!$C$6) -> 75 | R42: =IF(R27=1,Thermostat!$C$5,Thermostat!$C$6) -> 75 | S42: =IF(S27=1,Thermostat!$C$5,Thermostat!$C$6) -> 75 | T42: =IF(T27=1,Thermostat!$C$5,Thermostat!$C$6) -> 75 | ... W42: =IF(W27=1,Thermostat!$C$5,Thermostat!$C$6) -> 75 | X42: 78 | Y42: 78 | Z42: 78 | AA42: 78 | AB42: 78 | AC42: 78
A43: Office
A44: All Office zones except for IT Rooms, Storage, Stairway, and Mechanical_Electrical | B44: Office | C44: Occupancy | D44: T24 2022 - Appendix 5.4B, [Office] Updated base on Plug load and schedules project with CEC, 2025 | E44: Weekday | F44: 0 | G44: 0 | H44: 0 | I44: 0 | J44: 0 | K44: 0 | L44: 0.1 | M44: 0.2 | N44: 0.95 | O44: 0.95 | P44: 0.95 | Q44: 0.95 | R44: 0.5 | S44: 0.95 | T44: 0.95 | U44: 0.95 | V44: 0.95 | W44: 0.3 | X44: 0.1 | Y44: 0.1 | Z44: 0.1 | AA44: 0.1 | AB44: 0.05 | AC44: 0.05
E45: Saturday | F45: 0 | G45: 0 | H45: 0 | I45: 0 | J45: 0 | K45: 0 | L45: 0.05 | M45: 0.05 | N45: 0.05 | O45: 0.05 | P45: 0.05 | Q45: 0.05 | R45: 0.05 | S45: 0.05 | T45: 0.05 | U45: 0.05 | V45: 0.05 | W45: 0.05 | X45: 0 | Y45: 0 | Z45: 0 | AA45: 0 | AB45: 0 | AC45: 0
E46: Sunday | F46: 0 | G46: 0 | H46: 0 | I46: 0 | J46: 0 | K46: 0 | L46: 0.05 | M46: 0.05 | N46: 0.05 | O46: 0.05 | P46: 0.05 | Q46: 0.05 | R46: 0.05 | S46: 0.05 | T46: 0.05 | U46: 0.05 | V46: 0.05 | W46: 0.05 | X46: 0 | Y46: 0 | Z46: 0 | AA46: 0 | AB46: 0 | AC46: 0
A47: All Office zones except for IT Rooms, Storage, Stairway, and Mechanical_Electrical | B47: Office | C47: Lights | D47: T24 2022 - Appendix 5.4B, [Office] | E47: Weekday | F47: 0.05 | G47: 0.05 | H47: 0.05 | I47: 0.05 | J47: 0.05 | K47: 0.1 | L47: 0.1 | M47: 0.3 | N47: 0.65 | O47: 0.65 | P47: 0.65 | Q47: 0.65 | R47: 0.65 | S47: 0.65 | T47: 0.65 | U47: 0.65 | V47: 0.65 | W47: 0.35 | X47: 0.3 | Y47: 0.3 | Z47: 0.2 | AA47: 0.2 | AB47: 0.1 | AC47: 0.05
E48: Saturday | F48: 0.05 | G48: 0.05 | H48: 0.05 | I48: 0.05 | J48: 0.05 | K48: 0.05 | L48: 0.15 | M48: 0.15 | N48: 0.15 | O48: 0.15 | P48: 0.15 | Q48: 0.15 | R48: 0.15 | S48: 0.15 | T48: 0.15 | U48: 0.15 | V48: 0.15 | W48: 0.15 | X48: 0.05 | Y48: 0.05 | Z48: 0.05 | AA48: 0.05 | AB48: 0.05 | AC48: 0.05
E49: Sunday | F49: 0.05 | G49: 0.05 | H49: 0.05 | I49: 0.05 | J49: 0.05 | K49: 0.05 | L49: 0.15 | M49: 0.15 | N49: 0.15 | O49: 0.15 | P49: 0.15 | Q49: 0.15 | R49: 0.15 | S49: 0.15 | T49: 0.15 | U49: 0.15 | V49: 0.15 | W49: 0.15 | X49: 0.05 | Y49: 0.05 | Z49: 0.05 | AA49: 0.05 | AB49: 0.05 | AC49: 0.05
A50: All Office zones except for IT Rooms, Storage, Stairway, and Mechanical_Electrical | B50: Office | C50: ElecEquipment | D50: Plug load and schedules project with CEC, 2025 | E50: Weekday | F50: 0.45 | G50: 0.45 | H50: 0.45 | I50: 0.45 | J50: 0.45 | K50: 0.45 | L50: 0.45 | M50: 0.74 | N50: 0.87 | O50: 0.9 | P50: 0.9 | Q50: 0.9 | R50: 0.9 | S50: 0.9 | T50: 0.9 | U50: 0.9 | V50: 0.9 | W50: 0.7 | X50: 0.5 | Y50: 0.5 | Z50: 0.5 | AA50: 0.45 | AB50: 0.45 | AC50: 0.45
E51: Saturday | F51: 0.43 | G51: 0.43 | H51: 0.43 | I51: 0.43 | J51: 0.43 | K51: 0.43 | L51: 0.43 | M51: 0.43 | N51: 0.43 | O51: 0.43 | P51: 0.43 | Q51: 0.43 | R51: 0.43 | S51: 0.43 | T51: 0.43 | U51: 0.43 | V51: 0.43 | W51: 0.43 | X51: 0.43 | Y51: 0.43 | Z51: 0.43 | AA51: 0.43 | AB51: 0.43 | AC51: 0.43
E52: Sunday | F52: 0.43 | G52: 0.43 | H52: 0.43 | I52: 0.43 | J52: 0.43 | K52: 0.43 | L52: 0.43 | M52: 0.43 | N52: 0.43 | O52: 0.43 | P52: 0.43 | Q52: 0.43 | R52: 0.43 | S52: 0.43 | T52: 0.43 | U52: 0.43 | V52: 0.43 | W52: 0.43 | X52: 0.43 | Y52: 0.43 | Z52: 0.43 | AA52: 0.43 | AB52: 0.43 | AC52: 0.43
A53: All Office zones except for IT Rooms, Storage, Stairway, and Mechanical_Electrical | B53: Office | C53: HVACAvail | D53: T24 2022 - Appendix 5.4B, [Office] Updated base on Plug load and schedules project with CEC, 202 | E53: Weekday | F53: 0 | G53: 0 | H53: 0 | I53: 0 | J53: 0 | K53: 1 | L53: 1 | M53: 1 | N53: 1 | O53: 1 | P53: 1 | Q53: 1 | R53: 1 | S53: 1 | T53: 1 | U53: 1 | V53: 1 | W53: 1 | X53: 1 | Y53: 1 | Z53: 1 | AA53: 1 | AB53: 1 | AC53: 1
E54: Saturday | F54: 0 | G54: 0 | H54: 0 | I54: 0 | J54: 0 | K54: 0 | L54: 0 | M54: 0 | N54: 0 | O54: 0 | P54: 0 | Q54: 0 | R54: 0 | S54: 0 | T54: 0 | U54: 0 | V54: 0 | W54: 0 | X54: 0 | Y54: 0 | Z54: 0 | AA54: 0 | AB54: 0 | AC54: 0
E55: Sunday | F55: 0 | G55: 0 | H55: 0 | I55: 0 | J55: 0 | K55: 0 | L55: 0 | M55: 0 | N55: 0 | O55: 0 | P55: 0 | Q55: 0 | R55: 0 | S55: 0 | T55: 0 | U55: 0 | V55: 0 | W55: 0 | X55: 0 | Y55: 0 | Z55: 0 | AA55: 0 | AB55: 0 | AC55: 0
A56: All Office zones except for IT Rooms, Storage, Stairway, and Mechanical_Electrical | B56: Office | C56: ServiceHotWater | D56: T24 2022 - Appendix 5.4B, [Office] | E56: Weekday | F56: 0.05 | G56: 0.05 | H56: 0.05 | I56: 0.05 | J56: 0.05 | K56: 0.08 | L56: 0.07 | M56: 0.19 | N56: 0.35 | O56: 0.38 | P56: 0.39 | Q56: 0.47 | R56: 0.57 | S56: 0.54 | T56: 0.34 | U56: 0.33 | V56: 0.44 | W56: 0.26 | X56: 0.21 | Y56: 0.15 | Z56: 0.17 | AA56: 0.08 | AB56: 0.05 | AC56: 0.05
E57: Saturday | F57: 0.04 | G57: 0.04 | H57: 0.04 | I57: 0.04 | J57: 0.04 | K57: 0.07 | L57: 0.04 | M57: 0.04 | N57: 0.04 | O57: 0.04 | P57: 0.04 | Q57: 0.06 | R57: 0.06 | S57: 0.09 | T57: 0.06 | U57: 0.04 | V57: 0.04 | W57: 0.04 | X57: 0.04 | Y57: 0.04 | Z57: 0.04 | AA57: 0.07 | AB57: 0.04 | AC57: 0.04
E58: Sunday | F58: 0.04 | G58: 0.04 | H58: 0.04 | I58: 0.04 | J58: 0.04 | K58: 0.07 | L58: 0.04 | M58: 0.04 | N58: 0.04 | O58: 0.04 | P58: 0.04 | Q58: 0.06 | R58: 0.06 | S58: 0.09 | T58: 0.06 | U58: 0.04 | V58: 0.04 | W58: 0.04 | X58: 0.04 | Y58: 0.04 | Z58: 0.04 | AA58: 0.07 | AB58: 0.04 | AC58: 0.04
A59: All Office zones except for IT Rooms, Storage, Stairway, and Mechanical_Electrical | B59: Office | C59: Infiltration | D59: T24 2022 - Appendix 5.4B, [Office] Updated base on Plug load and schedules project with CEC, 202 | E59: Weekday | F59: 1 | G59: 1 | H59: 1 | I59: 1 | J59: 1 | K59: 0.25 | L59: 0.25 | M59: 0.25 | N59: 0.25 | O59: 0.25 | P59: 0.25 | Q59: 0.25 | R59: 0.25 | S59: 0.25 | T59: 0.25 | U59: 0.25 | V59: 0.25 | W59: 0.25 | X59: 0.25 | Y59: 0.25 | Z59: 0.25 | AA59: 0.25 | AB59: 0.25 | AC59: 0.25
E60: Saturday | F60: 1 | G60: 1 | H60: 1 | I60: 1 | J60: 1 | K60: 1 | L60: 1 | M60: 1 | N60: 1 | O60: 1 | P60: 1 | Q60: 1 | R60: 1 | S60: 1 | T60: 1 | U60: 1 | V60: 1 | W60: 1 | X60: 1 | Y60: 1 | Z60: 1 | AA60: 1 | AB60: 1 | AC60: 1
E61: Sunday | F61: 1 | G61: 1 | H61: 1 | I61: 1 | J61: 1 | K61: 1 | L61: 1 | M61: 1 | N61: 1 | O61: 1 | P61: 1 | Q61: 1 | R61: 1 | S61: 1 | T61: 1 | U61: 1 | V61: 1 | W61: 1 | X61: 1 | Y61: 1 | Z61: 1 | AA61: 1 | AB61: 1 | AC61: 1
A62: All Office zones except for IT Rooms, Storage, Stairway, and Mechanical_Electrical | B62: Office | C62: HtgSetpt | D62: T24 2022 - Appendix 5.4B, [Office] | E62: Weekday | F62: 60 | G62: 60 | H62: 60 | I62: 60 | J62: 60 | K62: 70 | L62: 70 | M62: 70 | N62: 70 | O62: 70 | P62: 70 | Q62: 70 | R62: 70 | S62: 70 | T62: 70 | U62: 70 | V62: 70 | W62: 70 | X62: 70 | Y62: 70 | Z62: 70 | AA62: 70 | AB62: 70 | AC62: 70
E63: Saturday | F63: 60 | G63: 60 | H63: 60 | I63: 60 | J63: 60 | K63: 60 | L63: 60 | M63: 60 | N63: 60 | O63: 60 | P63: 60 | Q63: 60 | R63: 60 | S63: 60 | T63: 60 | U63: 60 | V63: 60 | W63: 60 | X63: 60 | Y63: 60 | Z63: 60 | AA63: 60 | AB63: 60 | AC63: 60
E64: Sunday | F64: 60 | G64: 60 | H64: 60 | I64: 60 | J64: 60 | K64: 60 | L64: 60 | M64: 60 | N64: 60 | O64: 60 | P64: 60 | Q64: 60 | R64: 60 | S64: 60 | T64: 60 | U64: 60 | V64: 60 | W64: 60 | X64: 60 | Y64: 60 | Z64: 60 | AA64: 60 | AB64: 60 | AC64: 60
A65: All Office zones except for IT Rooms, Storage, Stairway, and Mechanical_Electrical | B65: Office | C65: ClgSetpt | D65: T24 2022 - Appendix 5.4B, [Office] | E65: Weekday | F65: 85 | G65: 85 | H65: 85 | I65: 85 | J65: 85 | K65: 75 | L65: 75 | M65: 75 | N65: 75 | O65: 75 | P65: 75 | Q65: 75 | R65: 75 | S65: 75 | T65: 75 | U65: 75 | V65: 75 | W65: 75 | X65: 75 | Y65: 75 | Z65: 75 | AA65: 75 | AB65: 75 | AC65: 75
E66: Saturday | F66: 85 | G66: 85 | H66: 85 | I66: 85 | J66: 85 | K66: 85 | L66: 85 | M66: 85 | N66: 85 | O66: 85 | P66: 85 | Q66: 85 | R66: 85 | S66: 85 | T66: 85 | U66: 85 | V66: 85 | W66: 85 | X66: 85 | Y66: 85 | Z66: 85 | AA66: 85 | AB66: 85 | AC66: 85
E67: Sunday | F67: 85 | G67: 85 | H67: 85 | I67: 85 | J67: 85 | K67: 85 | L67: 85 | M67: 85 | N67: 85 | O67: 85 | P67: 85 | Q67: 85 | R67: 85 | S67: 85 | T67: 85 | U67: 85 | V67: 85 | W67: 85 | X67: 85 | Y67: 85 | Z67: 85 | AA67: 85 | AB67: 85 | AC67: 85
A68: Data
A69: IT room | B69: Data | C69: Occupancy | D69: T24 2022 - Appendix 5.4B, [Data] | E69: Weekday | F69: 0 | G69: 0 | H69: 0 | I69: 0 | J69: 0.05 | K69: 0.1 | L69: 0.25 | M69: 0.65 | N69: 0.65 | O69: 0.65 | P69: 0.65 | Q69: 0.6 | R69: 0.6 | S69: 0.65 | T69: 0.65 | U69: 0.65 | V69: 0.65 | W69: 0.4 | X69: 0.25 | Y69: 0.1 | Z69: 0.05 | AA69: 0.05 | AB69: 0.05 | AC69: 0
E71: Saturday | F71: 0 | G71: 0 | H71: 0 | I71: 0 | J71: 0 | K71: 0 | L71: 0 | M71: 0.05 | N71: 0.05 | O71: 0.05 | P71: 0.05 | Q71: 0.05 | R71: 0.05 | S71: 0.05 | T71: 0.05 | U71: 0.05 | V71: 0.05 | W71: 0.05 | X71: 0.05 | Y71: 0.05 | Z71: 0 | AA71: 0 | AB71: 0 | AC71: 0
D72: Updated base on office schedule | E72: Sunday | F72: 0 | G72: 0 | H72: 0 | I72: 0 | J72: 0 | K72: 0 | L72: 0 | M72: 0.05 | N72: 0.05 | O72: 0.05 | P72: 0.05 | Q72: 0.05 | R72: 0.05 | S72: 0.05 | T72: 0.05 | U72: 0.05 | V72: 0.05 | W72: 0.05 | X72: 0.05 | Y72: 0.05 | Z72: 0 | AA72: 0 | AB72: 0 | AC72: 0
A73: IT room | B73: Data | C73: Lights | D73: T24 2022 - Appendix 5.4B, [Data] | E73: Weekday | F73: 0.05 | G73: 0.05 | H73: 0.05 | I73: 0.05 | J73: 0.1 | K73: 0.2 | L73: 0.4 | M73: 0.7 | N73: 0.8 | O73: 0.85 | P73: 0.85 | Q73: 0.85 | R73: 0.85 | S73: 0.85 | T73: 0.85 | U73: 0.85 | V73: 0.85 | W73: 0.8 | X73: 0.35 | Y73: 0.1 | Z73: 0.1 | AA73: 0.1 | AB73: 0.1 | AC73: 0.1
E75: Saturday | F75: 0.05 | G75: 0.05 | H75: 0.05 | I75: 0.05 | J75: 0.05 | K75: 0.1 | L75: 0.1 | M75: 0.15 | N75: 0.15 | O75: 0.15 | P75: 0.15 | Q75: 0.15 | R75: 0.15 | S75: 0.15 | T75: 0.15 | U75: 0.15 | V75: 0.15 | W75: 0.1 | X75: 0.1 | Y75: 0.1 | Z75: 0.05 | AA75: 0.05 | AB75: 0.05 | AC75: 0.05
D76: Updated base on office schedule | E76: Sunday | F76: 0.05 | G76: 0.05 | H76: 0.05 | I76: 0.05 | J76: 0.05 | K76: 0.1 | L76: 0.1 | M76: 0.15 | N76: 0.15 | O76: 0.15 | P76: 0.15 | Q76: 0.15 | R76: 0.15 | S76: 0.15 | T76: 0.15 | U76: 0.15 | V76: 0.15 | W76: 0.1 | X76: 0.1 | Y76: 0.1 | Z76: 0.05 | AA76: 0.05 | AB76: 0.05 | AC76: 0.05
A77: IT room | B77: Data | C77: HVACAvail | D77: T24 2022 - Appendix 5.4B, [Data] | E77: Weekday | F77: 1 | G77: 1 | H77: 1 | I77: 1 | J77: 1 | K77: 1 | L77: 1 | M77: 1 | N77: 1 | O77: 1 | P77: 1 | Q77: 1 | R77: 1 | S77: 1 | T77: 1 | U77: 1 | V77: 1 | W77: 1 | X77: 1 | Y77: 1 | Z77: 1 | AA77: 1 | AB77: 1 | AC77: 1
E78: Saturday | F78: 1 | G78: 1 | H78: 1 | I78: 1 | J78: 1 | K78: 1 | L78: 1 | M78: 1 | N78: 1 | O78: 1 | P78: 1 | Q78: 1 | R78: 1 | S78: 1 | T78: 1 | U78: 1 | V78: 1 | W78: 1 | X78: 1 | Y78: 1 | Z78: 1 | AA78: 1 | AB78: 1 | AC78: 1
E79: Sunday | F79: 1 | G79: 1 | H79: 1 | I79: 1 | J79: 1 | K79: 1 | L79: 1 | M79: 1 | N79: 1 | O79: 1 | P79: 1 | Q79: 1 | R79: 1 | S79: 1 | T79: 1 | U79: 1 | V79: 1 | W79: 1 | X79: 1 | Y79: 1 | Z79: 1 | AA79: 1 | AB79: 1 | AC79: 1
A80: IT room | B80: Data | C80: ServiceHotWater | D80: T24 2022 - Appendix 5.4B, [Data] | E80: Weekday | F80: 0 | G80: 0 | H80: 0 | I80: 0 | J80: 0.1 | K80: 0.1 | L80: 0.5 | M80: 0.5 | N80: 0.5 | O80: 0.5 | P80: 0.7 | Q80: 0.9 | R80: 0.9 | S80: 0.5 | T80: 0.5 | U80: 0.7 | V80: 0.5 | W80: 0.5 | X80: 0.5 | Y80: 0.1 | Z80: 0.1 | AA80: 0.1 | AB80: 0.1 | AC80: 0
E81: Saturday | F81: 0 | G81: 0 | H81: 0 | I81: 0 | J81: 0 | K81: 0 | L81: 0 | M81: 0 | N81: 0 | O81: 0 | P81: 0 | Q81: 0 | R81: 0 | S81: 0 | T81: 0 | U81: 0 | V81: 0 | W81: 0 | X81: 0 | Y81: 0 | Z81: 0 | AA81: 0 | AB81: 0 | AC81: 0
E82: Sunday | F82: 0 | G82: 0 | H82: 0 | I82: 0 | J82: 0 | K82: 0 | L82: 0 | M82: 0 | N82: 0 | O82: 0 | P82: 0 | Q82: 0 | R82: 0 | S82: 0 | T82: 0 | U82: 0 | V82: 0 | W82: 0 | X82: 0 | Y82: 0 | Z82: 0 | AA82: 0 | AB82: 0 | AC82: 0
A83: IT room | B83: Data | C83: Infiltration | D83: T24 2022 - Appendix 5.4B, [Data] | E83: Weekday | F83: 0.25 | G83: 0.25 | H83: 0.25 | I83: 0.25 | J83: 0.25 | K83: 0.25 | L83: 0.25 | M83: 0.25 | N83: 0.25 | O83: 0.25 | P83: 0.25 | Q83: 0.25 | R83: 0.25 | S83: 0.25 | T83: 0.25 | U83: 0.25 | V83: 0.25 | W83: 0.25 | X83: 0.25 | Y83: 0.25 | Z83: 0.25 | AA83: 0.25 | AB83: 0.25 | AC83: 0.25
E84: Saturday | F84: 0.25 | G84: 0.25 | H84: 0.25 | I84: 0.25 | J84: 0.25 | K84: 0.25 | L84: 0.25 | M84: 0.25 | N84: 0.25 | O84: 0.25 | P84: 0.25 | Q84: 0.25 | R84: 0.25 | S84: 0.25 | T84: 0.25 | U84: 0.25 | V84: 0.25 | W84: 0.25 | X84: 0.25 | Y84: 0.25 | Z84: 0.25 | AA84: 0.25 | AB84: 0.25 | AC84: 0.25
E85: Sunday | F85: 0.25 | G85: 0.25 | H85: 0.25 | I85: 0.25 | J85: 0.25 | K85: 0.25 | L85: 0.25 | M85: 0.25 | N85: 0.25 | O85: 0.25 | P85: 0.25 | Q85: 0.25 | R85: 0.25 | S85: 0.25 | T85: 0.25 | U85: 0.25 | V85: 0.25 | W85: 0.25 | X85: 0.25 | Y85: 0.25 | Z85: 0.25 | AA85: 0.25 | AB85: 0.25 | AC85: 0.25
A86: IT room | B86: Data | C86: ClgSetpt | D86: Based on Activity level and thermostat setpoint | E86: Weekday | F86: 80 | G86: 80 | H86: 80 | I86: 80 | J86: 80 | K86: 80 | L86: 80 | M86: 80 | N86: 80 | O86: 80 | P86: 80 | Q86: 80 | R86: 80 | S86: 80 | T86: 80 | U86: 80 | V86: 80 | W86: 80 | X86: 80 | Y86: 80 | Z86: 80 | AA86: 80 | AB86: 80 | AC86: 80
E87: Saturday | F87: 80 | G87: 80 | H87: 80 | I87: 80 | J87: 80 | K87: 80 | L87: 80 | M87: 80 | N87: 80 | O87: 80 | P87: 80 | Q87: 80 | R87: 80 | S87: 80 | T87: 80 | U87: 80 | V87: 80 | W87: 80 | X87: 80 | Y87: 80 | Z87: 80 | AA87: 80 | AB87: 80 | AC87: 80
E88: Sunday | F88: 80 | G88: 80 | H88: 80 | I88: 80 | J88: 80 | K88: 80 | L88: 80 | M88: 80 | N88: 80 | O88: 80 | P88: 80 | Q88: 80 | R88: 80 | S88: 80 | T88: 80 | U88: 80 | V88: 80 | W88: 80 | X88: 80 | Y88: 80 | Z88: 80 | AA88: 80 | AB88: 80 | AC88: 80
A89: Storage, Stairway, and Mechanical_Electrical
A90: Storage, Stairway, and Mechanical_Electrical | B90: Ancillary | C90: Occupancy | D90: T24 2022 - Appendix 5.4B, [Data] | E90: Weekday | F90: 0 | G90: 0 | H90: 0 | I90: 0 | J90: 0 | K90: 0 | L90: 0.1 | M90: 0.2 | N90: 0.95 | O90: 0.95 | P90: 0.95 | Q90: 0.95 | R90: 0.5 | S90: 0.95 | T90: 0.95 | U90: 0.95 | V90: 0.95 | W90: 0.3 | X90: 0.1 | Y90: 0.1 | Z90: 0.1 | AA90: 0.1 | AB90: 0.05 | AC90: 0.05
E92: Saturday | F92: 0 | G92: 0 | H92: 0 | I92: 0 | J92: 0 | K92: 0 | L92: 0.05 | M92: 0.05 | N92: 0.05 | O92: 0.05 | P92: 0.05 | Q92: 0.05 | R92: 0.05 | S92: 0.05 | T92: 0.05 | U92: 0.05 | V92: 0.05 | W92: 0.05 | X92: 0 | Y92: 0 | Z92: 0 | AA92: 0 | AB92: 0 | AC92: 0
D93: Updated base on office schedule | E93: Sunday | F93: 0 | G93: 0 | H93: 0 | I93: 0 | J93: 0 | K93: 0 | L93: 0.05 | M93: 0.05 | N93: 0.05 | O93: 0.05 | P93: 0.05 | Q93: 0.05 | R93: 0.05 | S93: 0.05 | T93: 0.05 | U93: 0.05 | V93: 0.05 | W93: 0.05 | X93: 0 | Y93: 0 | Z93: 0 | AA93: 0 | AB93: 0 | AC93: 0
A94: Storage, Stairway, and Mechanical_Electrical | B94: Ancillary | C94: Lights | D94: T24 2022 - Appendix 5.4B, [Data] | E94: Weekday | F94: 0.05 | G94: 0.05 | H94: 0.05 | I94: 0.05 | J94: 0.05 | K94: 0.1 | L94: 0.1 | M94: 0.3 | N94: 0.65 | O94: 0.65 | P94: 0.65 | Q94: 0.65 | R94: 0.65 | S94: 0.65 | T94: 0.65 | U94: 0.65 | V94: 0.65 | W94: 0.35 | X94: 0.3 | Y94: 0.3 | Z94: 0.2 | AA94: 0.2 | AB94: 0.1 | AC94: 0.05
E96: Saturday | F96: 0.05 | G96: 0.05 | H96: 0.05 | I96: 0.05 | J96: 0.05 | K96: 0.05 | L96: 0.15 | M96: 0.15 | N96: 0.15 | O96: 0.15 | P96: 0.15 | Q96: 0.15 | R96: 0.15 | S96: 0.15 | T96: 0.15 | U96: 0.15 | V96: 0.15 | W96: 0.15 | X96: 0.05 | Y96: 0.05 | Z96: 0.05 | AA96: 0.05 | AB96: 0.05 | AC96: 0.05
D97: Updated base on office schedule | E97: Sunday | F97: 0.05 | G97: 0.05 | H97: 0.05 | I97: 0.05 | J97: 0.05 | K97: 0.05 | L97: 0.15 | M97: 0.15 | N97: 0.15 | O97: 0.15 | P97: 0.15 | Q97: 0.15 | R97: 0.15 | S97: 0.15 | T97: 0.15 | U97: 0.15 | V97: 0.15 | W97: 0.15 | X97: 0.05 | Y97: 0.05 | Z97: 0.05 | AA97: 0.05 | AB97: 0.05 | AC97: 0.05
A98: Storage, Stairway, and Mechanical_Electrical | B98: Ancillary | C98: HVACAvail | D98: T24 2022 - Appendix 5.4B, [Data] | E98: Weekday | F98: 0 | G98: 0 | H98: 0 | I98: 0 | J98: 0 | K98: 1 | L98: 1 | M98: 1 | N98: 1 | O98: 1 | P98: 1 | Q98: 1 | R98: 1 | S98: 1 | T98: 1 | U98: 1 | V98: 1 | W98: 1 | X98: 1 | Y98: 1 | Z98: 1 | AA98: 1 | AB98: 1 | AC98: 1
E99: Saturday | F99: 0 | G99: 0 | H99: 0 | I99: 0 | J99: 0 | K99: 0 | L99: 0 | M99: 0 | N99: 0 | O99: 0 | P99: 0 | Q99: 0 | R99: 0 | S99: 0 | T99: 0 | U99: 0 | V99: 0 | W99: 0 | X99: 0 | Y99: 0 | Z99: 0 | AA99: 0 | AB99: 0 | AC99: 0
E100: Sunday | F100: 0 | G100: 0 | H100: 0 | I100: 0 | J100: 0 | K100: 0 | L100: 0 | M100: 0 | N100: 0 | O100: 0 | P100: 0 | Q100: 0 | R100: 0 | S100: 0 | T100: 0 | U100: 0 | V100: 0 | W100: 0 | X100: 0 | Y100: 0 | Z100: 0 | AA100: 0 | AB100: 0 | AC100: 0
A101: Storage, Stairway, and Mechanical_Electrical | B101: Ancillary | C101: ServiceHotWater | D101: T24 2022 - Appendix 5.4B, [Data] | E101: Weekday | F101: 0 | G101: 0 | H101: 0 | I101: 0 | J101: 0 | K101: 0 | L101: 0 | M101: 0 | N101: 0 | O101: 0 | P101: 0 | Q101: 0 | R101: 0 | S101: 0 | T101: 0 | U101: 0 | V101: 0 | W101: 0 | X101: 0 | Y101: 0 | Z101: 0 | AA101: 0 | AB101: 0 | AC101: 0
E102: Saturday | F102: 0 | G102: 0 | H102: 0 | I102: 0 | J102: 0 | K102: 0 | L102: 0 | M102: 0 | N102: 0 | O102: 0 | P102: 0 | Q102: 0 | R102: 0 | S102: 0 | T102: 0 | U102: 0 | V102: 0 | W102: 0 | X102: 0 | Y102: 0 | Z102: 0 | AA102: 0 | AB102: 0 | AC102: 0
E103: Sunday | F103: 0 | G103: 0 | H103: 0 | I103: 0 | J103: 0 | K103: 0 | L103: 0 | M103: 0 | N103: 0 | O103: 0 | P103: 0 | Q103: 0 | R103: 0 | S103: 0 | T103: 0 | U103: 0 | V103: 0 | W103: 0 | X103: 0 | Y103: 0 | Z103: 0 | AA103: 0 | AB103: 0 | AC103: 0
A104: Storage, Stairway, and Mechanical_Electrical | B104: Ancillary | C104: Infiltration | D104: T24 2022 - Appendix 5.4B, [Data] | E104: Weekday | F104: 1 | G104: 1 | H104: 1 | I104: 1 | J104: 1 | K104: 0.25 | L104: 0.25 | M104: 0.25 | N104: 0.25 | O104: 0.25 | P104: 0.25 | Q104: 0.25 | R104: 0.25 | S104: 0.25 | T104: 0.25 | U104: 0.25 | V104: 0.25 | W104: 0.25 | X104: 0.25 | Y104: 0.25 | Z104: 0.25 | AA104: 0.25 | AB104: 0.25 | AC104: 0.25
...

Sheet Energy Usage
A1: CalBEM Energy Consumption - Laboratory | O1: ="Energy Consumption - "&Prototype!A2 -> Energy Consumption - Laboratory
A2: Prototype | B2: CZ | C2: CalBEM Electricity EUI (KBTU/ft²) | D2: CalBEM Gas EUI (KBTU/ft²) | E2: CalBEM Total EUI (KBTU/ft²) | F2: New Construction Electricity EUI (KBTU/ft²) | G2: New Construction Gas EUI (KBTU/ft²) | H2: New Construction Total EUI (KBTU/ft²) | I2: National Average | J2: Acceptable Range (25% Higher) | K2: Acceptable Range (25% Lower) | L2: National Average Acceptable EUI Range | O2: Prototype | P2: CZ | Q2: Total Floorspace (Thousand of ft²) | R2: CEUS 2023 Electricity EUI (kBtu/ft²) | S2: CEUS 2023 Gas EUI (kBtu/ft²) | T2: CEUS 2023 Total EUI (kBtu/ft²) | U2: Acceptable Range (20% Higher) | V2: Acceptable Range (20% Lower) | W2: CEUS 2022 Acceptable EUI Range
A3: Laboratory | B3: 1 | I3: 135.3 | J3: =(I3*1.25) -> 169.125 | K3: =(I3*0.75) -> 101.475 | L3: =J3-K3 -> 67.65 | O3: =A3 -> Laboratory | P3: 1 | U3: =T3*1.2 -> 0 | V3: =T3*0.8 -> 0 | W3: =U3-V3 -> 0
B4: 2 | I4: 135.3 | J4: =(I4*1.25) -> 169.125 | K4: =(I4*0.75) -> 101.475 | L4: =J4-K4 -> 67.65 | P4: 2 | U4: =T4*1.2 -> 0 | V4: =T4*0.8 -> 0 | W4: =U4-V4 -> 0
B5: 3 | I5: 135.3 | J5: =(I5*1.25) -> 169.125 | K5: =(I5*0.75) -> 101.475 | L5: =J5-K5 -> 67.65 | P5: 3 | U5: =T5*1.2 -> 0 | V5: =T5*0.8 -> 0 | W5: =U5-V5 -> 0
B6: 4 | I6: 135.3 | J6: =(I6*1.25) -> 169.125 | K6: =(I6*0.75) -> 101.475 | L6: =J6-K6 -> 67.65 | P6: 4 | U6: =T6*1.2 -> 0 | V6: =T6*0.8 -> 0 | W6: =U6-V6 -> 0
B7: 5 | I7: 135.3 | J7: =(I7*1.25) -> 169.125 | K7: =(I7*0.75) -> 101.475 | L7: =J7-K7 -> 67.65 | P7: 5 | U7: =T7*1.2 -> 0 | V7: =T7*0.8 -> 0 | W7: =U7-V7 -> 0
B8: 6 | I8: 135.3 | J8: =(I8*1.25) -> 169.125 | K8: =(I8*0.75) -> 101.475 | L8: =J8-K8 -> 67.65 | P8: 6 | U8: =T8*1.2 -> 0 | V8: =T8*0.8 -> 0 | W8: =U8-V8 -> 0
B9: 7 | I9: 135.3 | J9: =(I9*1.25) -> 169.125 | K9: =(I9*0.75) -> 101.475 | L9: =J9-K9 -> 67.65 | P9: 7 | U9: =T9*1.2 -> 0 | V9: =T9*0.8 -> 0 | W9: =U9-V9 -> 0
B10: 8 | I10: 135.3 | J10: =(I10*1.25) -> 169.125 | K10: =(I10*0.75) -> 101.475 | L10: =J10-K10 -> 67.65 | P10: 8 | U10: =T10*1.2 -> 0 | V10: =T10*0.8 -> 0 | W10: =U10-V10 -> 0
B11: 9 | I11: 135.3 | J11: =(I11*1.25) -> 169.125 | K11: =(I11*0.75) -> 101.475 | L11: =J11-K11 -> 67.65 | P11: 9 | U11: =T11*1.2 -> 0 | V11: =T11*0.8 -> 0 | W11: =U11-V11 -> 0
B12: 10 | I12: 135.3 | J12: =(I12*1.25) -> 169.125 | K12: =(I12*0.75) -> 101.475 | L12: =J12-K12 -> 67.65 | P12: 10 | U12: =T12*1.2 -> 0 | V12: =T12*0.8 -> 0 | W12: =U12-V12 -> 0
B13: 11 | I13: 135.3 | J13: =(I13*1.25) -> 169.125 | K13: =(I13*0.75) -> 101.475 | L13: =J13-K13 -> 67.65 | P13: 11 | U13: =T13*1.2 -> 0 | V13: =T13*0.8 -> 0 | W13: =U13-V13 -> 0
B14: 12 | I14: 135.3 | J14: =(I14*1.25) -> 169.125 | K14: =(I14*0.75) -> 101.475 | L14: =J14-K14 -> 67.65 | P14: 12 | U14: =T14*1.2 -> 0 | V14: =T14*0.8 -> 0 | W14: =U14-V14 -> 0
B15: 13 | I15: 135.3 | J15: =(I15*1.25) -> 169.125 | K15: =(I15*0.75) -> 101.475 | L15: =J15-K15 -> 67.65 | P15: 13 | U15: =T15*1.2 -> 0 | V15: =T15*0.8 -> 0 | W15: =U15-V15 -> 0
... B18: 16 | I18: 135.3 | J18: =(I18*1.25) -> 169.125 | K18: =(I18*0.75) -> 101.475 | L18: =J18-K18 -> 67.65 | P18: 16 | U18: =T18*1.2 -> 0 | V18: =T18*0.8 -> 0 | W18: =U18-V18 -> 0
O20: Ref: CEUS 2022 Report
O21: And converted FZ level data to CZ level
O22: CEUS has only one category for healthcare.

Sheet Weights
A1: ="% of Floor Area per CZ and Vintage Bin - "&Prototype!A2 -> % of Floor Area per CZ and Vintage Bin - Laboratory | J1: ="% of Floor Area per CZ and Vintage Bin - "&Prototype!A2 -> % of Floor Area per CZ and Vintage Bin - Laboratory
A2: Prototype | B2: CZ | C2: Vintage Bin | J2: Prototype | K2: Vintage Bin | L2: CZ
C3: Pre-1978 | D3: 1978-1997 | E3: 1998-2007 | F3: 2008-2018 | G3: Not available | L3: 1 | M3: 2 | N3: 3 | O3: 4 | P3: 5 | Q3: 6 | R3: 7 | S3: 8 | T3: 9 | U3: 10 | V3: 11 | W3: 12 | X3: 13 | Y3: 14 | Z3: 15 | AA3: 16
A4: =Prototype!B4 -> Laboratory | B4: 1 | H4: =SUM(C4:G4) -> 0 | J4: =Prototype!B4 -> Laboratory | K4: Pre-1978 | AB4: =SUM(L4:AA4) -> 0
B5: 2 | H5: =SUM(C5:G5) -> 0 | K5: 1978-1997 | AB5: =SUM(L5:AA5) -> 0
B6: 3 | H6: =SUM(C6:G6) -> 0 | K6: 1998-2007 | AB6: =SUM(L6:AA6) -> 0
B7: 4 | H7: =SUM(C7:G7) -> 0 | K7: 2008-2018 | AB7: =SUM(L7:AA7) -> 0
B8: 5 | H8: =SUM(C8:G8) -> 0 | K8: Not available | AB8: =SUM(L8:AA8) -> 0
B9: 6 | H9: =SUM(C9:G9) -> 0 | K9: Total
B10: 7 | H10: =SUM(C10:G10) -> 0
B11: 8 | H11: =SUM(C11:G11) -> 0
B12: 9 | H12: =SUM(C12:G12) -> 0
B13: 10 | H13: =SUM(C13:G13) -> 0
B14: 11 | H14: =SUM(C14:G14) -> 0
B15: 12 | H15: =SUM(C15:G15) -> 0
B16: 13 | H16: =SUM(C16:G16) -> 0
B17: 14 | H17: =SUM(C17:G17) -> 0
B18: 15 | H18: =SUM(C18:G18) -> 0
B19: 16 | H19: =SUM(C19:G19) -> 0
B20: Statewide
A22: Ref: CEUS 2022 dataset

Sheet PV
A1: ="PV - "&Prototype!B4 -> PV - Laboratory
A2: TBD

Sheet EV Charger
A1: ="EV Charger - "&Prototype!B4 -> EV Charger - Laboratory
A2: TBD
A11: Background Data [To be deleted prior to publication]

Sheet Data
A1: Space Function | B1: Exhaust Required? | C1: Electric Equipment Load Intensity | D1: Electric Equipment Load Intensity | E1: LPD
A2: Aging Eye/Low-vision (Corridor Area) | E2: 2013 | F2: 2016 | G2: 2019 | H2: 2025
A3: Aging Eye/Low-vision (Dining)
A4: Aging Eye/Low-vision (Lobby, Main Entry)
A5: Aging Eye/Low-vision (Lounge/Waiting Area)
A6: Aging Eye/Low-vision (Multipurpose Room)
A7: Aging Eye/Low-vision (Religious Worship Area)
A8: Aging Eye/Low-vision (Restroom)
A9: Aging Eye/Low-vision (Stairwell)
A10: Audience Seating Area
A11: Auditorium Area
A12: Auto Repair / Maintenance Area
A13: Barber, Beauty Salon, Spa Area
A14: Civic Meeting Place Area
... A17: Convention, Conference, Multipurpose and Meeting Area
A18: Copy Room | B18: Yes
A19: Corridor Area
A20: Dining Area (Bar/Lounge and Fine Dining)
A21: Dining Area (Cafeteria/Fast Food)
A22: Dining Area (Family and Leisure)
A23: Electrical, Mechanical, Telephone Rooms
A24: Exercise/Fitness Center and Gymnasium Areas
A25: Financial Transaction Area
A26: Healthcare Facility and Hospitals (Exam/Treatment Room)
A27: Healthcare Facility and Hospitals (Imaging Room)
A28: Healthcare Facility and Hospitals (Medical Supply Room)
A29: Healthcare Facility and Hospitals (Nursery)
A30: Healthcare Facility and Hospitals (Nurse's Station)
... A35: Hotel Function Area
A36: Kitchen/Food Preparation Area | B36: Yes
A37: Kitchenette or Residential Kitchen | B37: Yes
A38: Laboratory, Scientific | B38: Yes
A39: Laundry Area | B39: Yes
A40: Library (Reading Area)
A41: Library (Stacks Area)
A42: Lobby, Main Entry
A43: Locker Room | B43: Yes
A44: Lounge, Breakroom, or Waiting Area
A45: Manufacturing, Commercial & Industrial Work Area (Low Bay)
A46: Manufacturing, Commercial & Industrial Work Area (High Bay)
A47: Manufacturing, Commercial & Industrial Work Area (Precision)
A48: Museum Area (Exhibition/Display)
A49: Museum Area (Restoration Room)
A50: Office Area (>250 square feet)
A51: Office Area (<250 square feet)
A52: Parking Garage Area (Parking Zone and Ramps)
A53: Parking Garage Area (Daylight Adaptation Zones)
A54: Pharmacy Area
A55: Retail Sales Area (Grocery Sales)
... A83: Server Room (EPD 45)
