Workbook
Name nonparticipating_forecastzone_scale_factor: #REF!
Name nonparticipating_forecastzone_scale_factor: #REF!
Name nonparticipating_forecastzone_scale_factor: 'Energy Usage'!#REF!
Name Space_Function: Data!$A$2:$A$76

Sheet Notes
A1: Data Sources
A2: Dataset | B2: Dodge 2023
B3: CEUS 2022
B4: CBECS 2018
B5: ComStock 2023
A6: Prototype | B6: CEC prototype (CBECC 2022.3.1) | C6: https://bees.noresco.com/software2022.html
B7: PNNL prototype (90.1-2022) | C7: https://www.energycodes.gov/prototype-building-models#Commercial
B8: DEER prototype (June 2023) | C8: https://github.com/sound-data/DEER-Prototypes-EnergyPlus
A10: Codes | B10: Title 24, part 6, referred to as T24 (1986, 1992, 2001, 2007, 2013, 2016, 2019, 2022, 2025)
B11: ASHRAE 90.1 (2022)
A13: Others | B13: ACM (2013, 2019, 2022, 2025)
B14: Title 24, 2022 - Appendix 5.4A and Appendix 5.4B | C14: https://www.energy.ca.gov/publications/2022/2022-nonresidential-and-multifamily-alternative-calculation-method-reference
B15: 2022 Reduced infiltration CASE report | C15: https://title24stakeholders.com/wp-content/uploads/2020/10/2022-T24-Final-CASE-Report_Reduce-Infiltration.pdf
B16: 2019 Outdoor Lighting CASE Report | C16: https://title24stakeholders.com/wp-content/uploads/2016/10/T24-2019-CASE-Study-Results-Report-Outdoor-Sources_Final_with-Attachments.pdf
B17: PNNL 20405, 2011 | C17: https://www.pnnl.gov/main/publications/external/technical_reports/PNNL-20405.pdf
B18: Air leakage Memo, NORESCO, 2025 | C18: https://2050partners.sharepoint.com/:w:/r/sites/CalBEMCollaborativeEfforts/_layouts/15/Doc.aspx?sourcedoc=%7B3BEF8F74-7FAC-44F2-A70C-D76617660066%7D&file=Infiltration_rate_report_14May2025-Short-Version.docx&action=default&mobileredirect=true
B19: Design Guide: Advanced Water Heating for Foodservice (2022) (by GTI and Frontier funded by SoCalGas and Pacific Gas and Electric Company | C19: https://caenergywise.com/design-guides/hot-water/Technical_Design_Guide.pdf
B20: Design Guide 1: Improving Commercial Kitchen Ventilation System Performance : Selecting & Sizing Exhaust Hoods referred as CKV (2004) (by SCE) | C20: https://www.streivor.com/wp-content/uploads/2020/11/CKV-Design-Guide-1-Selecting-and-Sizing-Exhaust-Hoods.pdf
B21: Proposed Updates to Equipment Power Densities and Building Schedules for the 2028 Energy Code, referred to as "Plug load and schedules project with CEC, 2025" (Docket Number =25-BSTD-03 & TN=265693) | C21: https://efiling.energy.ca.gov/GetDocument.aspx?tn=265693&DocumentContentId=102545
A22: Water Heater | B22: ENERGY STAR certified commercial water heaters (gas storage input ≥76 kBtu/h; ES tank sizes) | C22: =HYPERLINK("https://www.energystar.gov/productfinder/product/certified-commercial-water-heaters/results?fuel_filter=Gas&markets_filter=United+States","ENERGY STAR product finder — gas") -> ENERGY STAR product finder — gas
B23: ENERGY STAR commercial WH dataset (download) | C23: =HYPERLINK("https://data.energystar.gov/Active-Specifications/ENERGY-STAR-Certified-Commercial-Water-Heaters/xmq6-bm79","ENERGY STAR dataset xmq6-bm79") -> ENERGY STAR dataset xmq6-bm79
B24: ENERGY STAR commercial WH eligibility (gas storage >75 kBtu/h) | C24: =HYPERLINK("https://www.energystar.gov/products/water_heaters/commercial_water_heaters/key_product_criteria","ENERGY STAR key product criteria") -> ENERGY STAR key product criteria
B25: Grainger gas tank water heaters (sizes below ES commercial, e.g. 30–75 kBtu/h) | C25: =HYPERLINK("https://www.grainger.com/category/plumbing/water-heaters/gas-tank-water-heaters","Grainger — gas tank WH") -> Grainger — gas tank WH
B26: Grainger electric tank water heaters (kW ladder, tank gallons) | C26: =HYPERLINK("https://www.grainger.com/category/plumbing/water-heaters/electric-tank-water-heaters","Grainger — electric tank WH") -> Grainger — electric tank WH
B27: ES commercial electric = heat pumps only; not used for resistance tank list | C27: =HYPERLINK("https://www.energystar.gov/productfinder/product/certified-commercial-water-heaters/results?fuel_filter=Electric&markets_filter=United+States","ENERGY STAR — electric (HPWH)") -> ENERGY STAR — electric (HPWH)
A36: Notes
A40: EIS, 2018: | B40: U.S. Energy Information Administration - EIA - Independent Statistics and Analysis
A71: Dodge Construction data , 2023

Sheet Prototype
A1: NORESCO, Updated September 2026
A2: RestaurantSitDown
A3: Characteristic | B3: Value | C3: Data Sources
A4: Building Type | B4: Sit Down Restaurant
A5: Building Category | B5: Nonresidential
A6: Vintages | B6: 4 Vintages: Pre-1978 , 1978-1997 ,1998-2007 , 2008-2018 New Construction (2019+) | C6: Based on the vintage bin analysis. A summary of the findings is presented in the following paper, with a link provided in the Notes tab: Yousefi, F., Athalye, R. (2025). “Determining Vintage Bins for Prototype Development: An Analysis of California Commercial Buildings.” ASHRAE Annual Conference.
A7: Shape | C7: PNNL prototype, 2022
A8: Total Floor Area (ft²) | B8: 5,502.1 (74.18 ft * 74.18 ft) | C8: PNNL prototype, 2022
A9: Aspect Ratio | B9: 1 | C9: PNNL prototype, 2022
A10: Number of Floors | B10: 1 | C10: PNNL prototype, 2022
A11: Roof type | B11: Attic (17°) | C11: PNNL prototype, 2022, suppoerted by CBECS 2018
A12: WWR | B12: Average 17.11% (South: 28% , East: 20.22% ,North: 0% ,West: 20.22% | C12: PNNL prototype, 2022
A13: Shading Geometry | B13: No shades | C13: PNNL prototype, 2021
A14: Floor to floor height (ft) | B14: N/A | C14: PNNL prototype, 2022
A15: Floor to ceiling height (ft) | B15: 10 | C15: PNNL prototype, 2022
A16: Glazing sill height (ft) | B16: 3.5 (top of the window is 6.5 ft high with 3 ft high glass) | C16: PNNL prototype, 2022
A26: Existing public prototypes
A28: Kitchen height: 10 ft
A29: https://www.naksinc.com/ceiling-height-and-cooking-equipment-specifications-for-hoods-an-in-depth-look/
C36: PNNL (Sit down) | D36: CPUC (Sit down) | F36: CEC (Small Restaurant)
A37: Geometry | B37: Whole building
A38: Floor area (ft²) | B38: Total | C38: 5502 | D38: 5602 | F38: 2500
A39: Height (ft) | B39: All | C39: 10 | D39: 10 | F39: 10
A40: Zones | C40: Dining 73% (4001.46 ft2), Kitchen 27% (1500.54 ft2), Attic (NOT conditioned) | D40: Dining 54% , Kitchen 29% , Waiting Area 14% , Restroom 4% (200 sf) | F40: Dining 50% , Kitchen 50%, Attic (NOT conditioned)
A41: Internal Load
A42: People (person/ft²) | B42: Dining | C42: 0.07 | D42: 0.033 | F42: 0.033
B43: Kitchen | C43: 0.005 (7.5 People) | D43: 0.0025 | F43: 0.0025
B44: Other zones (if any) | D44: 0.0033 Lobby & 0.005 Restroom | F44: -
A45: Lights (W/ft²) | B45: Dining | C45: 0.48 | D45: 0.4 | F45: 0.45
B46: Kitchen | C46: 0.78 | D46: 0.95 | F46: 0.95
B47: Other zones (if any) | D47: 0.7 Lobby & 0.65 Restroom
A48: Ext lights (W) | C48: 1509 (204 and 1305) | F48: -
A49: Gas Equipment (Btu/h-ft2) | B49: Kitchen | C49: 194.7 (292,164 Btu/h) | D49: 17.5 | F49: 32.4
A50: Electric Equipment (W/ft²) | B50: Dining | C50: 5.7 (22833 W) | D50: 0.5 | F50: 0.75 (0.5 receptacle & 0.25 refrigerator )
B51: Kitchen | C51: 35.91 (53,277 W Receptacle & 313 W ReachIn Refrigerator & 277 W ReachInFreezer) | D51: 2.62 (1.5 receptacle & 1.12 refrigerator) | F51: 2.62 (1.5 receptacle & 1.12 refrigerator)
B52: Other zones (if any) | D52: 0.5 Lobby
A54: Refrigerator | B54: Kitchen | C54: In addition to the Reachin freezer and refrigerator load defined as electric load, it has : 2 Case refrigerator : 716 and 763 Btu/hr-ft for 8 and 10 ft cases 2.5 COP for design compressor rack 1126 Btu/h for fan power of design compressor | D54: Refrigerator loads is defined as electric equipment load for kitchen | F54: Two Refrigerator loads is defined as electric equipment load for dining and kitchen
A56: Heating Sizing Factor | C56: H&C: 1.2 | D56: H: 2.5 , C: 2.3 | F56: H&C:1
A57: HVAC | B57: Dining | C57: PSZ AC: CAV no reheat, DX cooling coil: multi speed, Gas heating coil | D57: Single Zone VAV Reheat (Sys7)+ 1 DX cooling coil:multi speed + 1 water heating coil (+ 1 water heating coil for Reheat) Boiler (2 objects) | F57: (BAseAirSys 13): VAV no Reheat +DX cooling coil:two speed, Gas Heating coil
B58: Kitchen | C58: PSZ AC : CAV no reheat, DX cooling coil: multi speed, Gas heating coil | D58: Single Zone VAV no Reheat + 1 DX cooling coil:single speed + Gas heating coil | F58: (sys7or3a): CAV no Reheat+DX cooling coil: single speed+ Gas Heating coil
B59: Other zones (if any) | D59: Lobby & Restroom: Single Zone VAV no Reheat + 2 DX cooling coil:multi speed + 2 Gas heating coil
A60: Exhaust Fan (cfm) | B60: Dining | C60: 2821 cfm with efficiency of 1
B61: Kitchen | C61: 5400 cfm with efficiency of 0.385 | F61: 2400 cfm with efficiency of 0.43)
A62: Thermostat setpoint (F) | B62: Dining Heating | C62: 70 (setback: 60) | D62: 70 (setback: 60) | F62: 70 (setback: 60)
B63: Dining Cooling | C63: 75 (setback: 86) | D63: 75 (setback: 85) | F63: 75 (setback: 85)
B64: Kitchen Heating | C64: 66 (setback: 60) | D64: 70 (setback: 60) | F64: 70 (setback: 60)
B65: Kitchen Cooling | C65: 79 (setback: 86) | D65: 75 (setback: 85) | F65: 75 (setback: 85)
A66: Water Heater
A67: Tank Volume (gal | C67: 200 (+ 6 gal electric booster water heater) | D67: Autosize (Nominal tank volume for autosizing: 39.6) Output file :69 gal | F67: 30
A68: Peak Flow Rate (gpm) | B68: Dining | C68: - | D68: 1.93 | F68: 0.4
B69: Kitchen | C69: 2.2 | D69: 0.077 | F69: 0.03
B70: Other zones (if any) | D70: 0.08 Lobby
A71: Loop Max and Min Temperature (F) | C71: 140, 50 | D71: 212 , 50 | F71: 212, 32
A72: Tank Max Temperature (F) | C72: 180 | D72: 212 | F72: 180
A74: Yealy Water Usage (gal) from the output files | C74: =2201.28*264.17 -> 581512.14 | D74: =1301.55*264.17 -> 343830.46 | F74: 71224
C75: * almost 2.8 time water usage compared to fast food | D75: * almost 3.5 time water usage compared to fast food
A79: ASHRAE DOE
A80: Kitchen loads are included in the EnergyPlus ElectricEquipment and GasEquipment objects

Sheet Zones
A1: ="Proposed Layout - "&Prototype!A2 -> Proposed Layout - RestaurantSitDown
A2: Building | B2: Space/Thermal Zone | C2: Space Type [Primarily from: T24, 2022 Appendix 5.4A] - See Notes column | D2: HVAC Zone | E2: Schedule Category | F2: Conditioned (Y/N) | G2: Area Fraction | H2: Area (ft²) | I2: Volume (ft³) | J2: Multipliers | K2: Number of People | L2: People (Persons/1,000 ft²) [T24, 2025,Table 120.1-A] | M2: Notes | O2: Kitchen (North) , Dining (south)
A3: RestaurantSitDown | B3: Dining | C3: Dining Area (Bar/Lounge and Fine Dining) | D3: AHU_1 | E3: Restaurant | F3: Y | G3: =H3/$H$6 -> 0.7272724 | H3: 4001.46 | I3: =H3*Prototype!$B$15 -> 40014.6 | J3: 1 | K3: =L3*H3/1000 -> 132.04818 | L3: 33
A4: RestaurantSitDown | B4: Kitchen | C4: Kitchen/Food Preparation Area | D4: AHU_2 | E4: Kitchen | F4: Y | G4: =H4/$H$6 -> 0.2727276 | H4: 1500.55 | I4: =H4*Prototype!$B$15 -> 15005.5 | J4: 1 | K4: =L4*H4/1000 -> 4.50165 | L4: 3
A5: RestaurantSitDown | B5: Attic | C5: Attic | D5: n/a | F5: N | H5: =H6 -> 5502.01 | I5: =H5*Prototype!$B$15 -> 55020.1 | J5: 1 | K5: =L5*H5/1000 -> 0
A6: Total (1 Building) | B6: Total (3 Space) | C6: Total (3 space type) | D6: Total ( 2 HVAC Zones) | E6: Total (2 category) | F6: Total (2 Conditioned zones) | G6: =SUM(G3:G4) -> 1 | H6: =SUM(H3:H4) -> 5502.01 | I6: =SUM(I3:I4) -> 55020.1

Sheet Envelope
A1: ="Envelope - "&Prototype!A2 -> Envelope - RestaurantSitDown
A2: Element | B2: Prototype | C2: Assembly Type | D2: Construction | E2: Thermal properties | F2: Vintage | G2: Selected T24 | H2: Notes | I2: CZ1 | J2: CZ2 | K2: CZ3 | L2: CZ4 | M2: CZ5 | N2: CZ6 | O2: CZ7 | P2: CZ8 | Q2: CZ9 | R2: CZ10 | S2: CZ11 | T2: CZ12 | U2: CZ13 | V2: CZ14 | W2: CZ15 | X2: CZ16
A3: External Wall | B3: =Prototype!A2 -> RestaurantSitDown | C3: ExtWall_MetalFramed_NonRes | D3: stucco + insulation +gypsum board | E3: U-factor IP | F3: Pre 1978 | G3: N/A | H3: ASHRAE 90.1, 2022 Table A3.3.3.1, 3.5", R-0 | I3: 0.352 | J3: 0.352 | K3: 0.352 | L3: 0.352 | M3: 0.352 | N3: 0.352 | O3: 0.352 | P3: 0.352 | Q3: 0.352 | R3: 0.352 | S3: 0.352 | T3: 0.352 | U3: 0.352 | V3: 0.352 | W3: 0.352 | X3: 0.352
F4: 1978-1997 | G4: 1986 | H4: Copied from low-rise office alternative table: Package A with heat capacity of 0.0-3.99 (Btu/F-ft²) | I4: =1/7.52 -> 0.13297872 | J4: =1/7.52 -> 0.13297872 | K4: =1/7.52 -> 0.13297872 | L4: =1/7.52 -> 0.13297872 | M4: =1/7.52 -> 0.13297872 | N4: =1/7.52 -> 0.13297872 | O4: =1/7.52 -> 0.13297872 | P4: =1/7.52 -> 0.13297872 | ... X4: =1/7.52 -> 0.13297872 | Y4: These values have better performance than the next vintage
F5: 1998-2007 | G5: 2001 | H5: Table 1-H | I5: 0.182 | J5: 0.182 | K5: 0.189 | L5: 0.189 | M5: 0.189 | N5: 0.189 | O5: 0.189 | P5: 0.189 | Q5: 0.189 | R5: 0.182 | S5: 0.182 | T5: 0.182 | U5: 0.182 | V5: 0.182 | W5: 0.182 | X5: 0.182
F6: 2008-2018 | G6: 2013 | H6: Table 140.3-B | I6: 0.098 | J6: 0.062 | K6: 0.082 | L6: 0.062 | M6: 0.062 | N6: 0.098 | O6: 0.098 | P6: 0.062 | Q6: 0.062 | R6: 0.062 | S6: 0.062 | T6: 0.062 | U6: 0.062 | V6: 0.062 | W6: 0.062 | X6: 0.062
F7: 2019+ | G7: 2025 | H7: Table 140.3-B | I7: 0.06 | J7: 0.055 | K7: 0.071 | L7: 0.055 | M7: 0.055 | N7: 0.06 | O7: 0.06 | P7: 0.055 | Q7: 0.055 | R7: 0.055 | S7: 0.055 | T7: 0.055 | U7: 0.055 | V7: 0.055 | W7: 0.055 | X7: 0.055
A8: Ceiling/Roof | B8: =B3 -> RestaurantSitDown | C8: AtticFloor Reversed | D8: Attic roof (no insulation): asphalt shingles + gypsum board Ceiling (wood-joist): insulation + gypsum board | E8: U-factor IP | F8: Pre 1978 | G8: N/A | H8: Considering 30 years for roof/ insulation replacement. | I8: =I9 -> 0.057 | J8: =J9 -> 0.057 | K8: =K9 -> 0.057 | L8: =L9 -> 0.057 | M8: =M9 -> 0.057 | N8: =N9 -> 0.078 | O8: =O9 -> 0.078 | P8: =P9 -> 0.078 | ... X8: =X9 -> 0.057
F9: 1978-1997 | G9: 1992 | I9: 0.057 | J9: 0.057 | K9: 0.057 | L9: 0.057 | M9: 0.057 | N9: 0.078 | O9: 0.078 | P9: 0.078 | Q9: 0.078 | R9: 0.078 | S9: 0.057 | T9: 0.057 | U9: 0.057 | V9: 0.057 | W9: 0.057 | X9: 0.057
F10: 1998-2007 | G10: 2001 | H10: Table 1-H | I10: 0.057 | J10: 0.057 | K10: 0.057 | L10: 0.057 | M10: 0.057 | N10: 0.078 | O10: 0.078 | P10: 0.078 | Q10: 0.078 | R10: 0.057 | S10: 0.057 | T10: 0.057 | U10: 0.057 | V10: 0.057 | W10: 0.057 | X10: 0.057
F11: 2008-2018 | G11: 2013 | H11: Table 140.3-B (Wood Framed and Other) | I11: 0.049 | J11: 0.039 | K11: 0.039 | L11: 0.039 | M11: 0.049 | N11: 0.075 | O11: 0.067 | P11: 0.067 | Q11: 0.039 | R11: 0.039 | S11: 0.039 | T11: 0.039 | U11: 0.039 | V11: 0.039 | W11: 0.039 | X11: 0.039
F12: 2019+ | G12: 2025 | H12: Table 140.3-B (Wood Framed and Other) | I12: 0.028 | J12: 0.028 | K12: 0.028 | L12: 0.028 | M12: 0.028 | N12: 0.047 | O12: 0.047 | P12: 0.047 | Q12: 0.028 | R12: 0.028 | S12: 0.028 | T12: 0.028 | U12: 0.028 | V12: 0.028 | W12: 0.028 | X12: 0.028
A13: Windows | B13: =B3 -> RestaurantSitDown | C13: FixedWindow_NonRes | D13: Single Pane (CBECS 2018, ~ 30 % of windows of Restaurant built before 2000 are single pane) | E13: U-factor IP | F13: Pre 1978 | G13: N/A | H13: 2021 ASHRAE Handbook of Fundamentals for single pane (Table 4- Ch15, Section 15.9) & T24, 2013 Table 140.3-B for double pane (30%-70%) | I13: =0.3*1.12+0.7*I16 -> 0.588 | J13: =0.3*1.12+0.7*J16 -> 0.588 | K13: =0.3*1.12+0.7*K16 -> 0.588 | L13: =0.3*1.12+0.7*L16 -> 0.588 | M13: =0.3*1.12+0.7*M16 -> 0.588 | N13: =0.3*1.12+0.7*N16 -> 0.588 | O13: =0.3*1.12+0.7*O16 -> 0.588 | P13: =0.3*1.12+0.7*P16 -> 0.588 | ... X13: =0.3*1.12+0.7*X16 -> 0.588
F14: 1978-1997 | G14: N/A | I14: =I13 -> 0.588 | J14: =J13 -> 0.588 | K14: =K13 -> 0.588 | L14: =L13 -> 0.588 | M14: =M13 -> 0.588 | N14: =N13 -> 0.588 | O14: =O13 -> 0.588 | P14: =P13 -> 0.588 | ... X14: =X13 -> 0.588 | Y14: These vintages have better performance because of partial retrofit
D15: Double pane | F15: 1998-2007 | G15: 2001 | H15: Table 1-H | I15: 0.49 | J15: 0.49 | K15: 0.81 | L15: 0.81 | M15: 0.81 | N15: 0.81 | O15: 0.81 | P15: 0.81 | Q15: 0.81 | R15: 0.49 | S15: 0.49 | T15: 0.49 | U15: 0.49 | V15: 0.49 | W15: 0.49 | X15: 0.49
F16: 2008-2018 | G16: 2013 | H16: Table 140.3-B | I16: 0.36 | J16: 0.36 | K16: 0.36 | L16: 0.36 | M16: 0.36 | N16: 0.36 | O16: 0.36 | P16: 0.36 | Q16: 0.36 | R16: 0.36 | S16: 0.36 | T16: 0.36 | U16: 0.36 | V16: 0.36 | W16: 0.36 | X16: 0.36
F17: 2019+ | G17: 2025 | H17: Table 140.3-B | I17: 0.36 | J17: 0.36 | K17: 0.36 | L17: 0.36 | M17: 0.36 | N17: 0.36 | O17: 0.36 | P17: 0.36 | Q17: 0.34 | R17: 0.36 | S17: 0.34 | T17: 0.34 | U17: 0.34 | V17: 0.34 | W17: 0.34 | X17: 0.36
D18: Single Pane (CBECS 2018, ~ 30 % of windows of Restaurant built before 2000 are single pane) | E18: SHGC | F18: Pre 1978 | G18: N/A | H18: 2021 ASHRAE Handbook of Fundamentals for single pane (Table 10- Ch15, Section 15.22) & T24, 2013 Table 140.3-B for double pane (30%-70%) | I18: =0.79*0.3+I21*0.7 -> 0.412 | J18: =0.79*0.3+J21*0.7 -> 0.412 | K18: =0.79*0.3+K21*0.7 -> 0.412 | L18: =0.79*0.3+L21*0.7 -> 0.412 | M18: =0.79*0.3+M21*0.7 -> 0.412 | N18: =0.79*0.3+N21*0.7 -> 0.412 | O18: =0.79*0.3+O21*0.7 -> 0.412 | P18: =0.79*0.3+P21*0.7 -> 0.412 | ... X18: =0.79*0.3+X21*0.7 -> 0.412
F19: 1978-1997 | G19: N/A | I19: =I18 -> 0.412 | J19: =J18 -> 0.412 | K19: =K18 -> 0.412 | L19: =L18 -> 0.412 | M19: =M18 -> 0.412 | N19: =N18 -> 0.412 | O19: =O18 -> 0.412 | P19: =P18 -> 0.412 | ... X19: =X18 -> 0.412 | Y19: These vintages have better performance because of partial retrofit
D20: Double pane | F20: 1998-2007 | G20: 2001 | H20: Table 1-H (Non North, 10-20% total WWR) | I20: 0.43 | J20: 0.36 | K20: 0.55 | L20: 0.55 | M20: 0.55 | N20: 0.61 | O20: 0.61 | P20: 0.61 | Q20: 0.61 | R20: 0.36 | S20: 0.36 | T20: 0.36 | U20: 0.36 | V20: 0.36 | W20: 0.36 | X20: 0.43
F21: 2008-2018 | G21: 2013 | H21: Table 140.3-B | I21: 0.25 | J21: 0.25 | K21: 0.25 | L21: 0.25 | M21: 0.25 | N21: 0.25 | O21: 0.25 | P21: 0.25 | Q21: 0.25 | R21: 0.25 | S21: 0.25 | T21: 0.25 | U21: 0.25 | V21: 0.25 | W21: 0.25 | X21: 0.25
F22: 2019+ | G22: 2025 | H22: Table 140.3-B | I22: 0.25 | J22: 0.25 | K22: 0.25 | L22: 0.25 | M22: 0.25 | N22: 0.25 | O22: 0.25 | P22: 0.25 | Q22: 0.22 | R22: 0.25 | S22: 0.22 | T22: 0.22 | U22: 0.22 | V22: 0.22 | W22: 0.22 | X22: 0.25
C24: Infiltration
D25: Building | E25: Zones | F25: Vintage | G25: I_75 (cfm/ft2) 6-sdied Infiltration rate @ 75 pa | H25: Source | I25: I-design (cfm/ft²) (4-sided Infiltration rate at normal pressure) (Design flow rate approach and Flow/Exterior Wall Area calculation method)
C26: Infiltration | D26: RestaurantSitDown | F26: Pre 1978 | G26: 1.1 | H26: 2022 CASE report (Table 38) | I26: =0.112*G26*$F$36 -> 0.580272
F27: 1978-1997 | G27: 1.1 | H27: 2022 CASE report (Table 38) | I27: =0.112*G27*$F$36 -> 0.580272
F28: 1998-2007 | G28: 1.1 | H28: 2022 CASE report (Table 38) | I28: =0.112*G28*$F$36 -> 0.580272
F29: 2008-2018 | G29: 1 | H29: 2022 CASE report (Table 38) & T24, 2008-2016 (Table 140.3-B) | I29: =0.112*G29*$F$36 -> 0.52752
F30: 2019+ | G30: 0.6 | H30: 2022 CASE report (Table 38) & T24, 2025 (Table 140.3-B) | I30: =0.112*G30*$F$36 -> 0.316512
E31: Source: T24 air barrier requirements (all editions) , the standardized infiltration rate reported in the 2022 CASE report, and Dodge 2023 data
E32: Infiltration_rate_report_14May2025-Short-Version.docx
E34: 6 sided area | F34: =(74.2*4)*10+(74.2^2)*2 -> 13979.28
E35: 4 sided area | F35: =(74.2*4)*10 -> 2968
E36: 6 sided/4sided fraction | F36: =F34/F35 -> 4.71

Sheet HVAC System
A1: ="HVAC system - "&Prototype!A2 -> HVAC system - RestaurantSitDown
A2: Vintage | B2: Space/Thermal Zone | C2: Heating | D2: Cooling | E2: Air Distribution | F2: Other Systems | G2: Source
A3: Existing | B3: Dining | C3: Gas Furnace (PSZAC) | D3: DX Coil (PSZAC) | E3: CAV (PSZAC) | F3: Economizer for after 2008 | G3: CEUS 2022 + Engineering Judgement
B4: Kitchen | C4: Gas Furnace (PSZAC) | D4: DX Coil (PSZAC) | E4: CAV (PSZAC) | F4: Makeup Air Unit (Combo with RTU) to supply make-up air exceeding transfer air from dining space (can be included in system13b)
A5: New Construction | B5: Dining | C5: Gas Furnace (PSZAC) | D5: DX Coil (PSZAC) | E5: CAV (PSZAC) | F5: Economizer | G5: T24, 2025
B6: Kitchen | C6: Gas Furnace (PSZAC) | D6: DX Coil (PSZAC) | E6: CAV (PSZAC) | F6: HR-Makeup Air Unit (systems that integrate make-up air and heat recovery functions) (can be included in system13b)
A7: *CPUC considres Boiler in the Dining space for heating
A11: Efficiency of HVAC System (Efficiency is capacity-dependent. The following table provides a general estimate of system efficiency based on preliminary simulations in one climate zone, or assuming cooling load based on rule of thumb)
A12: Vintage | B12: Upgrade/Installed year | C12: Gas Furnace | D12: Dining DX cooling (>=65,000 and < 135,000 Btu/h ) | E12: Kitchen DX cooling (>=65,000 and < 135,000 Btu/h ) | F12: Source | G12: Note
A13: Pre 1978 | B13: 2008 | C13: Efficiency 80% | D13: EER 10.3 | E13: EER 10.3 | F13: T24, 2008, Table 112-A | G13: Econ Max Position=0.9. *Econ Max Position is set to below 1 to approximate effects of not having fault detection and diagnostics (FDD) requirements, which began in 2013. it can be modeled in E+ either by: - Reducing Maximum Outdoor Air Flow Rate in Controller:OutdoorAir. - Or using FaultModel objects to simulate pre-2013 “no FDD” conditions
A14: 1978-1997
A15: 1998-2007
A16: 2008-2018 | B16: 2013 | C16: Efficiency 80% | D16: EER 11.2 | E16: EER 11.2 | F16: T24, 2013, Table 110.2-A | G16: Econ Max Position=0.9
A17: New Construction | B17: 2025 | C17: Efficiency 80% | D17: EER 11.2 | E17: EER 11.2 | F17: T24, 2025, Table 110.2-A | G17: - Econ Max Position=1 - Deduct 0.2 from the required EERs and IEERs for units with a heating section other than electric resistance heat.
A21: Fan Power
A22: Vintage | B22: Approach | C22: System | D22: Total Static Pressure (TSP) (in w.c.) | E22: Fan Efficiency [ACM 2025] | F22: Motor Efficiency | G22: Fan Power Index (W/cfm) | H22: Data Source
A23: Existing | B23: PNNL TSP | C23: CAV Kitchen (system <7,437 cfm) | D23: 2.5 | E23: 0.65 | F23: ~0.9 (The full-load efficiency of the motor serving the fan- will be determined based on ACM 2025, Table 13) | H23: TSP: [PNNL 20405, 2010, Table 5.11, Fan, motor and drive efficiency: ACM 2025
C24: CAV Dining (system <7,437 cfm) CAV Dining (system >7,437 cfm) | D24: 2.5 (system <7,437 cfm) 4.46 (system >7,437 cfm) | E24: 0.65
A25: Brake horsepower (bhp) = (Supply cfm × TSP in w.c.) / (6356 × fan efficiency)
A26: Fan power (w/cfm) = (bhp × 746) / ( supply cfm × motor efficiency )
A27: New Construction | B27: ACM 2025 | C27: CAV Kitchen (system <5,000 cfm) | D27: =G27*$F$27*$E$27/746*6356 -> 3.9973787 | E27: 0.65 | F27: 0.9 | G27: 0.802 | H27: ACM 2025
C28: CAV Dining (system >5,000 cfm and <10,000 cfm) | D28: =G28*$F$27*$E$27/746*6356 -> 3.8877249 | G28: 0.78
F29: * 0.9 is an average fan efficiency according to ACM 2025, Table 13
A30: Fan total eff (E+ input) = 0.65 x Motor_eff
A31: TSP (E+ input) in w.c. = Motor_eff/746 x (6356 x Fan_eff) x W/cfm
A32: Fan_eff=0.65

Sheet Heating-No area used to convert
A1: Small Office Heating System | B1: Only Conversion factors | F1: Multiplied by Floor area at FZ level | J1: No. of zones with | Z1: Converting the FZ data to the CZ level by applying total small office floor area in each FZ
B2: =AA28 -> Saturation (Electric) | C2: =AA2 -> Saturation (Gas) | D2: =AA55 -> Saturation (Other Fuels) | F2: ='HVAC System'!#REF! -> #REF! | G2: ='HVAC System'!#REF! -> #REF! | H2: ='HVAC System'!#REF! -> #REF! | J2: Elec | K2: Gas | O2: Forecast Zone | P2: Building-type | Q2: End Use | R2: End Use Saturation | S2: Electric Fuel Share | T2: Gas Fuel Share | U2: Other Fuel Share | V2: Saturation (Electric) | W2: Saturation (Gas) | X2: Saturation (Other Fuels) | AA2: Saturation (Gas) | AB2: 1 | AC2: 2 | AD2: 3 | AE2: 4 | AF2: 5 | AG2: 6 | AH2: 7 | AI2: 8 | AJ2: 9 | AK2: 10 | AL2: 11 | AM2: 12 | AN2: 13 | AO2: 14 | AP2: 15 | AQ2: 16
A3: 1 | B3: =AB51 -> #REF! | C3: =AB25 -> #REF! | D3: =AB78 -> #REF! | F3: ='HVAC System'!#REF! -> #REF! | G3: ='HVAC System'!#REF! -> #REF! | H3: ='HVAC System'!#REF! -> #REF! | J3: 1 | K3: 4 | M3: =B3-F3 -> #REF! | O3: Statewide | P3: Office, Small | Q3: Heating | R3: 0.91160159 | S3: 0.43376662 | T3: 0.55528365 | U3: 0.010949729 | V3: 0.39542234 | W3: 0.50619745 | X3: 0.0099817906 | Z3: FZ0 | AA3: =AA18 -> 0.72768161 | AB3: =$AA3*#REF! -> #REF! | AC3: =$AA3*#REF! -> #REF! | AD3: =$AA3*#REF! -> #REF! | AE3: =$AA3*#REF! -> #REF! | AF3: =$AA3*#REF! -> #REF! | AG3: =$AA3*#REF! -> #REF! | AH3: =$AA3*#REF! -> #REF! | AI3: =$AA3*#REF! -> #REF! | ... AQ3: =$AA3*#REF! -> #REF!
A4: 2 | B4: =AC51 -> #REF! | C4: =AC25 -> #REF! | D4: =AC78 -> #REF! | F4: ='HVAC System'!#REF! -> #REF! | G4: ='HVAC System'!#REF! -> #REF! | H4: ='HVAC System'!#REF! -> #REF! | J4: 0 | K4: 5 | M4: =B4-F4 -> #REF! | O4: FCZ1 | P4: Office, Small | Q4: Heating | R4: 0.91301514 | S4: 0.30732839 | T4: 0.68379277 | U4: 0.0088788345 | V4: 0.28059547 | W4: 0.62431315 | X4: 0.0081065103 | Z4: FCZ1 | AA4: =W4 -> 0.62431315 | AB4: =$AA4*#REF! -> #REF! | AC4: =$AA4*#REF! -> #REF! | AD4: =$AA4*#REF! -> #REF! | AE4: =$AA4*#REF! -> #REF! | AF4: =$AA4*#REF! -> #REF! | AG4: =$AA4*#REF! -> #REF! | AH4: =$AA4*#REF! -> #REF! | AI4: =$AA4*#REF! -> #REF! | ... AQ4: =$AA4*#REF! -> #REF!
A5: 3 | B5: =AD51 -> #REF! | C5: =AD25 -> #REF! | D5: =AD78 -> #REF! | F5: ='HVAC System'!#REF! -> #REF! | G5: ='HVAC System'!#REF! -> #REF! | H5: ='HVAC System'!#REF! -> #REF! | J5: 1 | K5: 4 | M5: =B5-F5 -> #REF! | O5: FCZ2 | P5: Office, Small | Q5: Heating | R5: 0.86214134 | S5: 0.11930353 | T5: 0.81413327 | U5: 0.066563197 | V5: 0.10285651 | W5: 0.70189795 | X5: 0.057386884 | Z5: FCZ2 | AA5: =W5 -> 0.70189795 | AB5: =$AA5*#REF! -> #REF! | AC5: =$AA5*#REF! -> #REF! | AD5: =$AA5*#REF! -> #REF! | AE5: =$AA5*#REF! -> #REF! | AF5: =$AA5*#REF! -> #REF! | AG5: =$AA5*#REF! -> #REF! | AH5: =$AA5*#REF! -> #REF! | AI5: =$AA5*#REF! -> #REF! | ... AQ5: =$AA5*#REF! -> #REF!
A6: 4 | B6: =AE51 -> #REF! | C6: =AE25 -> #REF! | D6: =AE78 -> #REF! | F6: ='HVAC System'!#REF! -> #REF! | G6: ='HVAC System'!#REF! -> #REF! | H6: ='HVAC System'!#REF! -> #REF! | J6: 1 | K6: 4 | M6: =B6-F6 -> #REF! | O6: FCZ3 | P6: Office, Small | Q6: Heating | R6: 0.89761067 | S6: 0.25361458 | T6: 0.66491077 | U6: 0.081474649 | V6: 0.22764715 | W6: 0.596831 | X6: 0.073132514 | Z6: FCZ3 | AA6: =W6 -> 0.596831 | AB6: =$AA6*#REF! -> #REF! | AC6: =$AA6*#REF! -> #REF! | AD6: =$AA6*#REF! -> #REF! | AE6: =$AA6*#REF! -> #REF! | AF6: =$AA6*#REF! -> #REF! | AG6: =$AA6*#REF! -> #REF! | AH6: =$AA6*#REF! -> #REF! | AI6: =$AA6*#REF! -> #REF! | ... AQ6: =$AA6*#REF! -> #REF!
A7: 5 | B7: =AF51 -> #REF! | C7: =AF25 -> #REF! | D7: =AF78 -> #REF! | F7: ='HVAC System'!#REF! -> #REF! | G7: ='HVAC System'!#REF! -> #REF! | H7: ='HVAC System'!#REF! -> #REF! | J7: 1 | K7: 4 | M7: =B7-F7 -> #REF! | O7: FCZ4 | P7: Office, Small | Q7: Heating | R7: 0.89761067 | S7: 0.25361458 | T7: 0.66491077 | U7: 0.081474649 | V7: 0.22764715 | W7: 0.596831 | X7: 0.073132514 | Z7: FCZ4 | AA7: =W7 -> 0.596831 | AB7: =$AA7*#REF! -> #REF! | AC7: =$AA7*#REF! -> #REF! | AD7: =$AA7*#REF! -> #REF! | AE7: =$AA7*#REF! -> #REF! | AF7: =$AA7*#REF! -> #REF! | AG7: =$AA7*#REF! -> #REF! | AH7: =$AA7*#REF! -> #REF! | AI7: =$AA7*#REF! -> #REF! | ... AQ7: =$AA7*#REF! -> #REF!
A8: 6 | B8: =AG51 -> #REF! | C8: =AG25 -> #REF! | D8: =AG78 -> #REF! | F8: ='HVAC System'!#REF! -> #REF! | G8: ='HVAC System'!#REF! -> #REF! | H8: ='HVAC System'!#REF! -> #REF! | J8: 3 | K8: 2 | M8: =B8-F8 -> #REF! | O8: FCZ5 | P8: Office, Small | Q8: Heating | R8: 0.92215011 | S8: 0.20498209 | T8: 0.78911405 | U8: 0.005903857 | V8: 0.18902426 | W8: 0.72768161 | X8: 0.0054442424 | Z8: FCZ5 | AA8: =W8 -> 0.72768161 | AB8: =$AA8*#REF! -> #REF! | AC8: =$AA8*#REF! -> #REF! | AD8: =$AA8*#REF! -> #REF! | AE8: =$AA8*#REF! -> #REF! | AF8: =$AA8*#REF! -> #REF! | AG8: =$AA8*#REF! -> #REF! | AH8: =$AA8*#REF! -> #REF! | AI8: =$AA8*#REF! -> #REF! | ... AQ8: =$AA8*#REF! -> #REF!
A9: 7 | B9: =AH51 -> #REF! | C9: =AH25 -> #REF! | D9: =AH78 -> #REF! | F9: ='HVAC System'!#REF! -> #REF! | G9: ='HVAC System'!#REF! -> #REF! | H9: ='HVAC System'!#REF! -> #REF! | J9: 2 | K9: 3 | M9: =B9-F9 -> #REF! | O9: FCZ6 | P9: Office, Small | Q9: Heating | R9: 0.92647551 | S9: 0.25462062 | T9: 0.74336959 | U9: 0.0020097902 | V9: 0.23589977 | W9: 0.68871372 | X9: 0.0018620214 | Z9: FCZ6 | AA9: =W9 -> 0.68871372 | AB9: =$AA9*#REF! -> #REF! | AC9: =$AA9*#REF! -> #REF! | AD9: =$AA9*#REF! -> #REF! | AE9: =$AA9*#REF! -> #REF! | AF9: =$AA9*#REF! -> #REF! | AG9: =$AA9*#REF! -> #REF! | AH9: =$AA9*#REF! -> #REF! | AI9: =$AA9*#REF! -> #REF! | ... AQ9: =$AA9*#REF! -> #REF!
A10: 8 | B10: =AI51 -> #REF! | C10: =AI25 -> #REF! | D10: =AI78 -> #REF! | F10: ='HVAC System'!#REF! -> #REF! | G10: ='HVAC System'!#REF! -> #REF! | H10: ='HVAC System'!#REF! -> #REF! | J10: 3 | K10: 2 | M10: =B10-F10 -> #REF! | O10: FCZ7 | P10: Office, Small | Q10: Heating | R10: 0.95232641 | S10: 0.66151275 | T10: 0.33848725 | U10: 0 | V10: 0.62997607 | W10: 0.32235034 | X10: 0 | Z10: FCZ7 | AA10: =W10 -> 0.32235034 | AB10: =$AA10*#REF! -> #REF! | AC10: =$AA10*#REF! -> #REF! | AD10: =$AA10*#REF! -> #REF! | AE10: =$AA10*#REF! -> #REF! | AF10: =$AA10*#REF! -> #REF! | AG10: =$AA10*#REF! -> #REF! | AH10: =$AA10*#REF! -> #REF! | AI10: =$AA10*#REF! -> #REF! | ... AQ10: =$AA10*#REF! -> #REF!
A11: 9 | B11: =AJ51 -> #REF! | C11: =AJ25 -> #REF! | D11: =AJ78 -> #REF! | F11: ='HVAC System'!#REF! -> #REF! | G11: ='HVAC System'!#REF! -> #REF! | H11: ='HVAC System'!#REF! -> #REF! | J11: 3 | K11: 2 | M11: =B11-F11 -> #REF! | O11: FCZ8 | P11: Office, Small | Q11: Heating | R11: 0.93208847 | S11: 0.5412083 | T11: 0.4587917 | U11: 0 | V11: 0.50445402 | W11: 0.42763446 | X11: 0 | Z11: FCZ8 | AA11: =W11 -> 0.42763446 | AB11: =$AA11*#REF! -> #REF! | AC11: =$AA11*#REF! -> #REF! | AD11: =$AA11*#REF! -> #REF! | AE11: =$AA11*#REF! -> #REF! | AF11: =$AA11*#REF! -> #REF! | AG11: =$AA11*#REF! -> #REF! | AH11: =$AA11*#REF! -> #REF! | AI11: =$AA11*#REF! -> #REF! | ... AQ11: =$AA11*#REF! -> #REF!
A12: 10 | B12: =AK51 -> #REF! | C12: =AK25 -> #REF! | D12: =AK78 -> #REF! | F12: ='HVAC System'!#REF! -> #REF! | G12: ='HVAC System'!#REF! -> #REF! | H12: ='HVAC System'!#REF! -> #REF! | J12: 2 | K12: 3 | M12: =B12-F12 -> #REF! | O12: FCZ9 | P12: Office, Small | Q12: Heating | R12: 0.94526481 | S12: 0.059542838 | T12: 0.91122329 | U12: 0.029233869 | V12: 0.056283749 | W12: 0.86134731 | X12: 0.027633748 | Z12: FCZ9 | AA12: =W12 -> 0.86134731 | AB12: =$AA12*#REF! -> #REF! | AC12: =$AA12*#REF! -> #REF! | AD12: =$AA12*#REF! -> #REF! | AE12: =$AA12*#REF! -> #REF! | AF12: =$AA12*#REF! -> #REF! | AG12: =$AA12*#REF! -> #REF! | AH12: =$AA12*#REF! -> #REF! | AI12: =$AA12*#REF! -> #REF! | ... AQ12: =$AA12*#REF! -> #REF!
A13: 11 | B13: =AL51 -> #REF! | C13: =AL25 -> #REF! | D13: =AL78 -> #REF! | F13: ='HVAC System'!#REF! -> #REF! | G13: ='HVAC System'!#REF! -> #REF! | H13: ='HVAC System'!#REF! -> #REF! | J13: 1 | K13: 4 | M13: =B13-F13 -> #REF! | O13: FCZ10 | P13: Office, Small | Q13: Heating | R13: 0.91238163 | S13: 0.45969281 | T13: 0.54030719 | U13: 0 | V13: 0.41941528 | W13: 0.49296635 | X13: 0 | Z13: FCZ10 | AA13: =W13 -> 0.49296635 | AB13: =$AA13*#REF! -> #REF! | AC13: =$AA13*#REF! -> #REF! | AD13: =$AA13*#REF! -> #REF! | AE13: =$AA13*#REF! -> #REF! | AF13: =$AA13*#REF! -> #REF! | AG13: =$AA13*#REF! -> #REF! | AH13: =$AA13*#REF! -> #REF! | AI13: =$AA13*#REF! -> #REF! | ... AQ13: =$AA13*#REF! -> #REF!
A14: 12 | B14: =AM51 -> #REF! | C14: =AM25 -> #REF! | D14: =AM78 -> #REF! | F14: ='HVAC System'!#REF! -> #REF! | G14: ='HVAC System'!#REF! -> #REF! | H14: ='HVAC System'!#REF! -> #REF! | J14: 1 | K14: 4 | M14: =B14-F14 -> #REF! | O14: FCZ11 | P14: Office, Small | Q14: Heating | R14: 0.98089904 | S14: 0.53514277 | T14: 0.45769447 | U14: 0.0071627591 | V14: 0.52492103 | W14: 0.44895207 | X14: 0.0070259435 | Z14: FCZ11 | AA14: =W14 -> 0.44895207 | AB14: =$AA14*#REF! -> #REF! | AC14: =$AA14*#REF! -> #REF! | AD14: =$AA14*#REF! -> #REF! | AE14: =$AA14*#REF! -> #REF! | AF14: =$AA14*#REF! -> #REF! | AG14: =$AA14*#REF! -> #REF! | AH14: =$AA14*#REF! -> #REF! | AI14: =$AA14*#REF! -> #REF! | ... AQ14: =$AA14*#REF! -> #REF!
A15: 13 | B15: =AN51 -> #REF! | C15: =AN25 -> #REF! | D15: =AN78 -> #REF! | F15: ='HVAC System'!#REF! -> #REF! | G15: ='HVAC System'!#REF! -> #REF! | H15: ='HVAC System'!#REF! -> #REF! | J15: 1 | K15: 4 | M15: =B15-F15 -> #REF! | O15: FCZ12c | P15: Office, Small | Q15: Heating | R15: 0.90055976 | S15: 0.57985696 | T15: 0.41763915 | U15: 0.0025038818 | V15: 0.52219585 | W15: 0.37610902 | X15: 0.0022548952 | Z15: FCZ12 | AA15: =(W15+W16)/2 -> 0.44192117 | AB15: =$AA15*#REF! -> #REF! | AC15: =$AA15*#REF! -> #REF! | AD15: =$AA15*#REF! -> #REF! | AE15: =$AA15*#REF! -> #REF! | AF15: =$AA15*#REF! -> #REF! | AG15: =$AA15*#REF! -> #REF! | AH15: =$AA15*#REF! -> #REF! | AI15: =$AA15*#REF! -> #REF! | ... AQ15: =$AA15*#REF! -> #REF!
A16: 14 | B16: =AO51 -> #REF! | C16: =AO25 -> #REF! | D16: =AO78 -> #REF! | F16: ='HVAC System'!#REF! -> #REF! | G16: ='HVAC System'!#REF! -> #REF! | H16: ='HVAC System'!#REF! -> #REF! | J16: 3 | K16: 2 | M16: =B16-F16 -> #REF! | O16: FCZ12i | P16: Office, Small | Q16: Heating | R16: 0.87840233 | S16: 0.4205928 | T16: 0.57801911 | U16: 0.0013880902 | V16: 0.3694497 | W16: 0.50773333 | X16: 0.0012193017 | Z16: FCZ13 | AA16: =W17 -> 0.53370716 | AB16: =$AA16*#REF! -> #REF! | AC16: =$AA16*#REF! -> #REF! | AD16: =$AA16*#REF! -> #REF! | AE16: =$AA16*#REF! -> #REF! | AF16: =$AA16*#REF! -> #REF! | AG16: =$AA16*#REF! -> #REF! | AH16: =$AA16*#REF! -> #REF! | AI16: =$AA16*#REF! -> #REF! | ... AQ16: =$AA16*#REF! -> #REF!
A17: 15 | B17: =AP51 -> #REF! | C17: =AP25 -> #REF! | D17: =AP78 -> #REF! | F17: ='HVAC System'!#REF! -> #REF! | G17: ='HVAC System'!#REF! -> #REF! | H17: ='HVAC System'!#REF! -> #REF! | J17: 3 | K17: 2 | M17: =B17-F17 -> #REF! | O17: FCZ13 | P17: Office, Small | Q17: Heating | R17: 0.86848685 | S17: 0.38547468 | T17: 0.61452532 | U17: 0 | V17: 0.33477969 | W17: 0.53370716 | X17: 0 | Z17: FCZ14 | AA17: =W8 -> 0.72768161 | AB17: =$AA17*#REF! -> #REF! | AC17: =$AA17*#REF! -> #REF! | AD17: =$AA17*#REF! -> #REF! | AE17: =$AA17*#REF! -> #REF! | AF17: =$AA17*#REF! -> #REF! | AG17: =$AA17*#REF! -> #REF! | AH17: =$AA17*#REF! -> #REF! | AI17: =$AA17*#REF! -> #REF! | ... AQ17: =$AA17*#REF! -> #REF!
A18: 16 | B18: =AQ51 -> #REF! | C18: =AQ25 -> #REF! | D18: =AQ78 -> #REF! | F18: ='HVAC System'!#REF! -> #REF! | G18: ='HVAC System'!#REF! -> #REF! | H18: ='HVAC System'!#REF! -> #REF! | J18: 1 | K18: 4 | M18: =B18-F18 -> #REF! | O18: FCZ16 | P18: Office, Small | Q18: Heating | R18: 0.73640495 | S18: 0.48204749 | T18: 0.51795251 | U18: 0 | V18: 0.35498216 | W18: 0.38142279 | X18: 0 | Z18: FCZ15 | AA18: =W8 -> 0.72768161 | AB18: =$AA18*#REF! -> #REF! | AC18: =$AA18*#REF! -> #REF! | AD18: =$AA18*#REF! -> #REF! | AE18: =$AA18*#REF! -> #REF! | AF18: =$AA18*#REF! -> #REF! | AG18: =$AA18*#REF! -> #REF! | AH18: =$AA18*#REF! -> #REF! | AI18: =$AA18*#REF! -> #REF! | ... AQ18: =$AA18*#REF! -> #REF!
O19: FCZ17 | P19: Office, Small | Q19: Heating | R19: 0.90563926 | S19: 0.35215233 | T19: 0.64784767 | U19: 0 | V19: 0.31892297 | W19: 0.58671629 | X19: 0 | Z19: FCZ16 | AA19: =W18 -> 0.38142279 | AB19: =$AA19*#REF! -> #REF! | AC19: =$AA19*#REF! -> #REF! | AD19: =$AA19*#REF! -> #REF! | AE19: =$AA19*#REF! -> #REF! | AF19: =$AA19*#REF! -> #REF! | AG19: =$AA19*#REF! -> #REF! | AH19: =$AA19*#REF! -> #REF! | AI19: =$AA19*#REF! -> #REF! | ... AQ19: =$AA19*#REF! -> #REF!
Z20: FCZ17 | AA20: =W19 -> 0.58671629 | AB20: =$AA20*#REF! -> #REF! | AC20: =$AA20*#REF! -> #REF! | AD20: =$AA20*#REF! -> #REF! | AE20: =$AA20*#REF! -> #REF! | AF20: =$AA20*#REF! -> #REF! | AG20: =$AA20*#REF! -> #REF! | AH20: =$AA20*#REF! -> #REF! | AI20: =$AA20*#REF! -> #REF! | ... AQ20: =$AA20*#REF! -> #REF!
Z21: FCZ18 | AA21: =W19 -> 0.58671629 | AB21: =$AA21*#REF! -> #REF! | AC21: =$AA21*#REF! -> #REF! | AD21: =$AA21*#REF! -> #REF! | AE21: =$AA21*#REF! -> #REF! | AF21: =$AA21*#REF! -> #REF! | AG21: =$AA21*#REF! -> #REF! | AH21: =$AA21*#REF! -> #REF! | AI21: =$AA21*#REF! -> #REF! | ... AQ21: =$AA21*#REF! -> #REF!
Z22: FCZ19 | AA22: =W14 -> 0.44895207 | AB22: =$AA22*#REF! -> #REF! | AC22: =$AA22*#REF! -> #REF! | AD22: =$AA22*#REF! -> #REF! | AE22: =$AA22*#REF! -> #REF! | AF22: =$AA22*#REF! -> #REF! | AG22: =$AA22*#REF! -> #REF! | AH22: =$AA22*#REF! -> #REF! | AI22: =$AA22*#REF! -> #REF! | ... AQ22: =$AA22*#REF! -> #REF!
Z23: FCZ20 | AA23: =W13 -> 0.49296635 | AB23: =$AA23*#REF! -> #REF! | AC23: =$AA23*#REF! -> #REF! | AD23: =$AA23*#REF! -> #REF! | AE23: =$AA23*#REF! -> #REF! | AF23: =$AA23*#REF! -> #REF! | AG23: =$AA23*#REF! -> #REF! | AH23: =$AA23*#REF! -> #REF! | AI23: =$AA23*#REF! -> #REF! | ... AQ23: =$AA23*#REF! -> #REF!
Z24: Sum | AB24: =SUM(AB3:AB23) -> #REF! | AC24: =SUM(AC3:AC23) -> #REF! | AD24: =SUM(AD3:AD23) -> #REF! | AE24: =SUM(AE3:AE23) -> #REF! | AF24: =SUM(AF3:AF23) -> #REF! | AG24: =SUM(AG3:AG23) -> #REF! | AH24: =SUM(AH3:AH23) -> #REF! | AI24: =SUM(AI3:AI23) -> #REF! | ... AQ24: =SUM(AQ3:AQ23) -> #REF!
AB25: =AB24/(AB50+AB24+AB77) -> #REF! | AC25: =AC24/(AC50+AC24+AC77) -> #REF! | AD25: =AD24/(AD50+AD24+AD77) -> #REF! | AE25: =AE24/(AE50+AE24+AE77) -> #REF! | AF25: =AF24/(AF50+AF24+AF77) -> #REF! | AG25: =AG24/(AG50+AG24+AG77) -> #REF! | AH25: =AH24/(AH50+AH24+AH77) -> #REF! | AI25: =AI24/(AI50+AI24+AI77) -> #REF! | ... AQ25: =AQ24/(AQ50+AQ24+AQ77) -> #REF!
AA28: Saturation (Electric) | AB28: 1 | AC28: 2 | AD28: 3 | AE28: 4 | AF28: 5 | AG28: 6 | AH28: 7 | AI28: 8 | AJ28: 9 | AK28: 10 | AL28: 11 | AM28: 12 | AN28: 13 | AO28: 14 | AP28: 15 | AQ28: 16
Z29: FZ0 | AA29: =AA44 -> 0.18902426 | AB29: =$AA29*#REF! -> #REF! | AC29: =$AA29*#REF! -> #REF! | AD29: =$AA29*#REF! -> #REF! | AE29: =$AA29*#REF! -> #REF! | AF29: =$AA29*#REF! -> #REF! | AG29: =$AA29*#REF! -> #REF! | AH29: =$AA29*#REF! -> #REF! | AI29: =$AA29*#REF! -> #REF! | ... AQ29: =$AA29*#REF! -> #REF!
Z30: FCZ1 | AA30: =V4 -> 0.28059547 | AB30: =$AA30*#REF! -> #REF! | AC30: =$AA30*#REF! -> #REF! | AD30: =$AA30*#REF! -> #REF! | AE30: =$AA30*#REF! -> #REF! | AF30: =$AA30*#REF! -> #REF! | AG30: =$AA30*#REF! -> #REF! | AH30: =$AA30*#REF! -> #REF! | AI30: =$AA30*#REF! -> #REF! | ... AQ30: =$AA30*#REF! -> #REF!
Z31: FCZ2 | AA31: =V5 -> 0.10285651 | AB31: =$AA31*#REF! -> #REF! | AC31: =$AA31*#REF! -> #REF! | AD31: =$AA31*#REF! -> #REF! | AE31: =$AA31*#REF! -> #REF! | AF31: =$AA31*#REF! -> #REF! | AG31: =$AA31*#REF! -> #REF! | AH31: =$AA31*#REF! -> #REF! | AI31: =$AA31*#REF! -> #REF! | ... AQ31: =$AA31*#REF! -> #REF!
Z32: FCZ3 | AA32: =V6 -> 0.22764715 | AB32: =$AA32*#REF! -> #REF! | AC32: =$AA32*#REF! -> #REF! | AD32: =$AA32*#REF! -> #REF! | AE32: =$AA32*#REF! -> #REF! | AF32: =$AA32*#REF! -> #REF! | AG32: =$AA32*#REF! -> #REF! | AH32: =$AA32*#REF! -> #REF! | AI32: =$AA32*#REF! -> #REF! | ... AQ32: =$AA32*#REF! -> #REF!
Z33: FCZ4 | AA33: =V7 -> 0.22764715 | AB33: =$AA33*#REF! -> #REF! | AC33: =$AA33*#REF! -> #REF! | AD33: =$AA33*#REF! -> #REF! | AE33: =$AA33*#REF! -> #REF! | AF33: =$AA33*#REF! -> #REF! | AG33: =$AA33*#REF! -> #REF! | AH33: =$AA33*#REF! -> #REF! | AI33: =$AA33*#REF! -> #REF! | ... AQ33: =$AA33*#REF! -> #REF!
Z34: FCZ5 | AA34: =V8 -> 0.18902426 | AB34: =$AA34*#REF! -> #REF! | AC34: =$AA34*#REF! -> #REF! | AD34: =$AA34*#REF! -> #REF! | AE34: =$AA34*#REF! -> #REF! | AF34: =$AA34*#REF! -> #REF! | AG34: =$AA34*#REF! -> #REF! | AH34: =$AA34*#REF! -> #REF! | AI34: =$AA34*#REF! -> #REF! | ... AQ34: =$AA34*#REF! -> #REF!
Z35: FCZ6 | AA35: =V9 -> 0.23589977 | AB35: =$AA35*#REF! -> #REF! | AC35: =$AA35*#REF! -> #REF! | AD35: =$AA35*#REF! -> #REF! | AE35: =$AA35*#REF! -> #REF! | AF35: =$AA35*#REF! -> #REF! | AG35: =$AA35*#REF! -> #REF! | AH35: =$AA35*#REF! -> #REF! | AI35: =$AA35*#REF! -> #REF! | ... AQ35: =$AA35*#REF! -> #REF!
Z36: FCZ7 | AA36: =V10 -> 0.62997607 | AB36: =$AA36*#REF! -> #REF! | AC36: =$AA36*#REF! -> #REF! | AD36: =$AA36*#REF! -> #REF! | AE36: =$AA36*#REF! -> #REF! | AF36: =$AA36*#REF! -> #REF! | AG36: =$AA36*#REF! -> #REF! | AH36: =$AA36*#REF! -> #REF! | AI36: =$AA36*#REF! -> #REF! | ... AQ36: =$AA36*#REF! -> #REF!
Z37: FCZ8 | AA37: =V11 -> 0.50445402 | AB37: =$AA37*#REF! -> #REF! | AC37: =$AA37*#REF! -> #REF! | AD37: =$AA37*#REF! -> #REF! | AE37: =$AA37*#REF! -> #REF! | AF37: =$AA37*#REF! -> #REF! | AG37: =$AA37*#REF! -> #REF! | AH37: =$AA37*#REF! -> #REF! | AI37: =$AA37*#REF! -> #REF! | ... AQ37: =$AA37*#REF! -> #REF!
Z38: FCZ9 | AA38: =V12 -> 0.056283749 | AB38: =$AA38*#REF! -> #REF! | AC38: =$AA38*#REF! -> #REF! | AD38: =$AA38*#REF! -> #REF! | AE38: =$AA38*#REF! -> #REF! | AF38: =$AA38*#REF! -> #REF! | AG38: =$AA38*#REF! -> #REF! | AH38: =$AA38*#REF! -> #REF! | AI38: =$AA38*#REF! -> #REF! | ... AQ38: =$AA38*#REF! -> #REF!
Z39: FCZ10 | AA39: =V13 -> 0.41941528 | AB39: =$AA39*#REF! -> #REF! | AC39: =$AA39*#REF! -> #REF! | AD39: =$AA39*#REF! -> #REF! | AE39: =$AA39*#REF! -> #REF! | AF39: =$AA39*#REF! -> #REF! | AG39: =$AA39*#REF! -> #REF! | AH39: =$AA39*#REF! -> #REF! | AI39: =$AA39*#REF! -> #REF! | ... AQ39: =$AA39*#REF! -> #REF!
Z40: FCZ11 | AA40: =V14 -> 0.52492103 | AB40: =$AA40*#REF! -> #REF! | AC40: =$AA40*#REF! -> #REF! | AD40: =$AA40*#REF! -> #REF! | AE40: =$AA40*#REF! -> #REF! | AF40: =$AA40*#REF! -> #REF! | AG40: =$AA40*#REF! -> #REF! | AH40: =$AA40*#REF! -> #REF! | AI40: =$AA40*#REF! -> #REF! | ... AQ40: =$AA40*#REF! -> #REF!
Z41: FCZ12 | AA41: =(V15+V16)/2 -> 0.44582277 | AB41: =$AA41*#REF! -> #REF! | AC41: =$AA41*#REF! -> #REF! | AD41: =$AA41*#REF! -> #REF! | AE41: =$AA41*#REF! -> #REF! | AF41: =$AA41*#REF! -> #REF! | AG41: =$AA41*#REF! -> #REF! | AH41: =$AA41*#REF! -> #REF! | AI41: =$AA41*#REF! -> #REF! | ... AQ41: =$AA41*#REF! -> #REF!
Z42: FCZ13 | AA42: =V17 -> 0.33477969 | AB42: =$AA42*#REF! -> #REF! | AC42: =$AA42*#REF! -> #REF! | AD42: =$AA42*#REF! -> #REF! | AE42: =$AA42*#REF! -> #REF! | AF42: =$AA42*#REF! -> #REF! | AG42: =$AA42*#REF! -> #REF! | AH42: =$AA42*#REF! -> #REF! | AI42: =$AA42*#REF! -> #REF! | ... AQ42: =$AA42*#REF! -> #REF!
Z43: FCZ14 | AA43: =V8 -> 0.18902426 | AB43: =$AA43*#REF! -> #REF! | AC43: =$AA43*#REF! -> #REF! | AD43: =$AA43*#REF! -> #REF! | AE43: =$AA43*#REF! -> #REF! | AF43: =$AA43*#REF! -> #REF! | AG43: =$AA43*#REF! -> #REF! | AH43: =$AA43*#REF! -> #REF! | AI43: =$AA43*#REF! -> #REF! | ... AQ43: =$AA43*#REF! -> #REF!
Z44: FCZ15 | AA44: =V8 -> 0.18902426 | AB44: =$AA44*#REF! -> #REF! | AC44: =$AA44*#REF! -> #REF! | AD44: =$AA44*#REF! -> #REF! | AE44: =$AA44*#REF! -> #REF! | AF44: =$AA44*#REF! -> #REF! | AG44: =$AA44*#REF! -> #REF! | AH44: =$AA44*#REF! -> #REF! | AI44: =$AA44*#REF! -> #REF! | ... AQ44: =$AA44*#REF! -> #REF!
Z45: FCZ16 | AA45: =V18 -> 0.35498216 | AB45: =$AA45*#REF! -> #REF! | AC45: =$AA45*#REF! -> #REF! | AD45: =$AA45*#REF! -> #REF! | AE45: =$AA45*#REF! -> #REF! | AF45: =$AA45*#REF! -> #REF! | AG45: =$AA45*#REF! -> #REF! | AH45: =$AA45*#REF! -> #REF! | AI45: =$AA45*#REF! -> #REF! | ... AQ45: =$AA45*#REF! -> #REF!
Z46: FCZ17 | AA46: =V19 -> 0.31892297 | AB46: =$AA46*#REF! -> #REF! | AC46: =$AA46*#REF! -> #REF! | AD46: =$AA46*#REF! -> #REF! | AE46: =$AA46*#REF! -> #REF! | AF46: =$AA46*#REF! -> #REF! | AG46: =$AA46*#REF! -> #REF! | AH46: =$AA46*#REF! -> #REF! | AI46: =$AA46*#REF! -> #REF! | ... AQ46: =$AA46*#REF! -> #REF!
Z47: FCZ18 | AA47: =V19 -> 0.31892297 | AB47: =$AA47*#REF! -> #REF! | AC47: =$AA47*#REF! -> #REF! | AD47: =$AA47*#REF! -> #REF! | AE47: =$AA47*#REF! -> #REF! | AF47: =$AA47*#REF! -> #REF! | AG47: =$AA47*#REF! -> #REF! | AH47: =$AA47*#REF! -> #REF! | AI47: =$AA47*#REF! -> #REF! | ... AQ47: =$AA47*#REF! -> #REF!
Z48: FCZ19 | AA48: =V14 -> 0.52492103 | AB48: =$AA48*#REF! -> #REF! | AC48: =$AA48*#REF! -> #REF! | AD48: =$AA48*#REF! -> #REF! | AE48: =$AA48*#REF! -> #REF! | AF48: =$AA48*#REF! -> #REF! | AG48: =$AA48*#REF! -> #REF! | AH48: =$AA48*#REF! -> #REF! | AI48: =$AA48*#REF! -> #REF! | ... AQ48: =$AA48*#REF! -> #REF!
Z49: FCZ20 | AA49: =V13 -> 0.41941528 | AB49: =$AA49*#REF! -> #REF! | AC49: =$AA49*#REF! -> #REF! | AD49: =$AA49*#REF! -> #REF! | AE49: =$AA49*#REF! -> #REF! | AF49: =$AA49*#REF! -> #REF! | AG49: =$AA49*#REF! -> #REF! | AH49: =$AA49*#REF! -> #REF! | AI49: =$AA49*#REF! -> #REF! | ... AQ49: =$AA49*#REF! -> #REF!
Z50: Sum | AB50: =SUM(AB29:AB49) -> #REF! | AC50: =SUM(AC29:AC49) -> #REF! | AD50: =SUM(AD29:AD49) -> #REF! | AE50: =SUM(AE29:AE49) -> #REF! | AF50: =SUM(AF29:AF49) -> #REF! | AG50: =SUM(AG29:AG49) -> #REF! | AH50: =SUM(AH29:AH49) -> #REF! | AI50: =SUM(AI29:AI49) -> #REF! | ... AQ50: =SUM(AQ29:AQ49) -> #REF!
Z51: Saturation (Elec) at CZ | AB51: =AB50/(AB24+AB50+AB77) -> #REF! | AC51: =AC50/(AC24+AC50+AC77) -> #REF! | AD51: =AD50/(AD24+AD50+AD77) -> #REF! | AE51: =AE50/(AE24+AE50+AE77) -> #REF! | AF51: =AF50/(AF24+AF50+AF77) -> #REF! | AG51: =AG50/(AG24+AG50+AG77) -> #REF! | AH51: =AH50/(AH24+AH50+AH77) -> #REF! | AI51: =AI50/(AI24+AI50+AI77) -> #REF! | ... AQ51: =AQ50/(AQ24+AQ50+AQ77) -> #REF!
AA55: =X2 -> Saturation (Other Fuels) | AB55: 1 | AC55: 2 | AD55: 3 | AE55: 4 | AF55: 5 | AG55: 6 | AH55: 7 | AI55: 8 | AJ55: 9 | AK55: 10 | AL55: 11 | AM55: 12 | AN55: 13 | AO55: 14 | AP55: 15 | AQ55: 16
Z56: FZ0 | AA56: =AA71 -> 0.0054442424 | AB56: =$AA56*#REF! -> #REF! | AC56: =$AA56*#REF! -> #REF! | AD56: =$AA56*#REF! -> #REF! | AE56: =$AA56*#REF! -> #REF! | AF56: =$AA56*#REF! -> #REF! | AG56: =$AA56*#REF! -> #REF! | AH56: =$AA56*#REF! -> #REF! | AI56: =$AA56*#REF! -> #REF! | ... AQ56: =$AA56*#REF! -> #REF!
Z57: FCZ1 | AA57: =X4 -> 0.0081065103 | AB57: =$AA57*#REF! -> #REF! | AC57: =$AA57*#REF! -> #REF! | AD57: =$AA57*#REF! -> #REF! | AE57: =$AA57*#REF! -> #REF! | AF57: =$AA57*#REF! -> #REF! | AG57: =$AA57*#REF! -> #REF! | AH57: =$AA57*#REF! -> #REF! | AI57: =$AA57*#REF! -> #REF! | ... AQ57: =$AA57*#REF! -> #REF!
Z58: FCZ2 | AA58: =X5 -> 0.057386884 | AB58: =$AA58*#REF! -> #REF! | AC58: =$AA58*#REF! -> #REF! | AD58: =$AA58*#REF! -> #REF! | AE58: =$AA58*#REF! -> #REF! | AF58: =$AA58*#REF! -> #REF! | AG58: =$AA58*#REF! -> #REF! | AH58: =$AA58*#REF! -> #REF! | AI58: =$AA58*#REF! -> #REF! | ... AQ58: =$AA58*#REF! -> #REF!
Z59: FCZ3 | AA59: =X6 -> 0.073132514 | AB59: =$AA59*#REF! -> #REF! | AC59: =$AA59*#REF! -> #REF! | AD59: =$AA59*#REF! -> #REF! | AE59: =$AA59*#REF! -> #REF! | AF59: =$AA59*#REF! -> #REF! | AG59: =$AA59*#REF! -> #REF! | AH59: =$AA59*#REF! -> #REF! | AI59: =$AA59*#REF! -> #REF! | ... AQ59: =$AA59*#REF! -> #REF!
Z60: FCZ4 | AA60: =X7 -> 0.073132514 | AB60: =$AA60*#REF! -> #REF! | AC60: =$AA60*#REF! -> #REF! | AD60: =$AA60*#REF! -> #REF! | AE60: =$AA60*#REF! -> #REF! | AF60: =$AA60*#REF! -> #REF! | AG60: =$AA60*#REF! -> #REF! | AH60: =$AA60*#REF! -> #REF! | AI60: =$AA60*#REF! -> #REF! | ... AQ60: =$AA60*#REF! -> #REF!
Z61: FCZ5 | AA61: =X8 -> 0.0054442424 | AB61: =$AA61*#REF! -> #REF! | AC61: =$AA61*#REF! -> #REF! | AD61: =$AA61*#REF! -> #REF! | AE61: =$AA61*#REF! -> #REF! | AF61: =$AA61*#REF! -> #REF! | AG61: =$AA61*#REF! -> #REF! | AH61: =$AA61*#REF! -> #REF! | AI61: =$AA61*#REF! -> #REF! | ... AQ61: =$AA61*#REF! -> #REF!
Z62: FCZ6 | AA62: =X9 -> 0.0018620214 | AB62: =$AA62*#REF! -> #REF! | AC62: =$AA62*#REF! -> #REF! | AD62: =$AA62*#REF! -> #REF! | AE62: =$AA62*#REF! -> #REF! | AF62: =$AA62*#REF! -> #REF! | AG62: =$AA62*#REF! -> #REF! | AH62: =$AA62*#REF! -> #REF! | AI62: =$AA62*#REF! -> #REF! | ... AQ62: =$AA62*#REF! -> #REF!
Z63: FCZ7 | AA63: =X10 -> 0 | AB63: =$AA63*#REF! -> #REF! | AC63: =$AA63*#REF! -> #REF! | AD63: =$AA63*#REF! -> #REF! | AE63: =$AA63*#REF! -> #REF! | AF63: =$AA63*#REF! -> #REF! | AG63: =$AA63*#REF! -> #REF! | AH63: =$AA63*#REF! -> #REF! | AI63: =$AA63*#REF! -> #REF! | ... AQ63: =$AA63*#REF! -> #REF!
Z64: FCZ8 | AA64: =X11 -> 0 | AB64: =$AA64*#REF! -> #REF! | AC64: =$AA64*#REF! -> #REF! | AD64: =$AA64*#REF! -> #REF! | AE64: =$AA64*#REF! -> #REF! | AF64: =$AA64*#REF! -> #REF! | AG64: =$AA64*#REF! -> #REF! | AH64: =$AA64*#REF! -> #REF! | AI64: =$AA64*#REF! -> #REF! | ... AQ64: =$AA64*#REF! -> #REF!
Z65: FCZ9 | AA65: =X12 -> 0.027633748 | AB65: =$AA65*#REF! -> #REF! | AC65: =$AA65*#REF! -> #REF! | AD65: =$AA65*#REF! -> #REF! | AE65: =$AA65*#REF! -> #REF! | AF65: =$AA65*#REF! -> #REF! | AG65: =$AA65*#REF! -> #REF! | AH65: =$AA65*#REF! -> #REF! | AI65: =$AA65*#REF! -> #REF! | ... AQ65: =$AA65*#REF! -> #REF!
Z66: FCZ10 | AA66: =X13 -> 0 | AB66: =$AA66*#REF! -> #REF! | AC66: =$AA66*#REF! -> #REF! | AD66: =$AA66*#REF! -> #REF! | AE66: =$AA66*#REF! -> #REF! | AF66: =$AA66*#REF! -> #REF! | AG66: =$AA66*#REF! -> #REF! | AH66: =$AA66*#REF! -> #REF! | AI66: =$AA66*#REF! -> #REF! | ... AQ66: =$AA66*#REF! -> #REF!
Z67: FCZ11 | AA67: =X14 -> 0.0070259435 | AB67: =$AA67*#REF! -> #REF! | AC67: =$AA67*#REF! -> #REF! | AD67: =$AA67*#REF! -> #REF! | AE67: =$AA67*#REF! -> #REF! | AF67: =$AA67*#REF! -> #REF! | AG67: =$AA67*#REF! -> #REF! | AH67: =$AA67*#REF! -> #REF! | AI67: =$AA67*#REF! -> #REF! | ... AQ67: =$AA67*#REF! -> #REF!
Z68: FCZ12 | AA68: =(X15+X16)/2 -> 0.0017370985 | AB68: =$AA68*#REF! -> #REF! | AC68: =$AA68*#REF! -> #REF! | AD68: =$AA68*#REF! -> #REF! | AE68: =$AA68*#REF! -> #REF! | AF68: =$AA68*#REF! -> #REF! | AG68: =$AA68*#REF! -> #REF! | AH68: =$AA68*#REF! -> #REF! | AI68: =$AA68*#REF! -> #REF! | ... AQ68: =$AA68*#REF! -> #REF!
Z69: FCZ13 | AA69: =X17 -> 0 | AB69: =$AA69*#REF! -> #REF! | AC69: =$AA69*#REF! -> #REF! | AD69: =$AA69*#REF! -> #REF! | AE69: =$AA69*#REF! -> #REF! | AF69: =$AA69*#REF! -> #REF! | AG69: =$AA69*#REF! -> #REF! | AH69: =$AA69*#REF! -> #REF! | AI69: =$AA69*#REF! -> #REF! | ... AQ69: =$AA69*#REF! -> #REF!
Z70: FCZ14 | AA70: =AA61 -> 0.0054442424 | AB70: =$AA70*#REF! -> #REF! | AC70: =$AA70*#REF! -> #REF! | AD70: =$AA70*#REF! -> #REF! | AE70: =$AA70*#REF! -> #REF! | AF70: =$AA70*#REF! -> #REF! | AG70: =$AA70*#REF! -> #REF! | AH70: =$AA70*#REF! -> #REF! | AI70: =$AA70*#REF! -> #REF! | ... AQ70: =$AA70*#REF! -> #REF!
Z71: FCZ15 | AA71: =AA61 -> 0.0054442424 | AB71: =$AA71*#REF! -> #REF! | AC71: =$AA71*#REF! -> #REF! | AD71: =$AA71*#REF! -> #REF! | AE71: =$AA71*#REF! -> #REF! | AF71: =$AA71*#REF! -> #REF! | AG71: =$AA71*#REF! -> #REF! | AH71: =$AA71*#REF! -> #REF! | AI71: =$AA71*#REF! -> #REF! | ... AQ71: =$AA71*#REF! -> #REF!
Z72: FCZ16 | AA72: =X18 -> 0 | AB72: =$AA72*#REF! -> #REF! | AC72: =$AA72*#REF! -> #REF! | AD72: =$AA72*#REF! -> #REF! | AE72: =$AA72*#REF! -> #REF! | AF72: =$AA72*#REF! -> #REF! | AG72: =$AA72*#REF! -> #REF! | AH72: =$AA72*#REF! -> #REF! | AI72: =$AA72*#REF! -> #REF! | ... AQ72: =$AA72*#REF! -> #REF!
Z73: FCZ17 | AA73: =X19 -> 0 | AB73: =$AA73*#REF! -> #REF! | AC73: =$AA73*#REF! -> #REF! | AD73: =$AA73*#REF! -> #REF! | AE73: =$AA73*#REF! -> #REF! | AF73: =$AA73*#REF! -> #REF! | AG73: =$AA73*#REF! -> #REF! | AH73: =$AA73*#REF! -> #REF! | AI73: =$AA73*#REF! -> #REF! | ... AQ73: =$AA73*#REF! -> #REF!
Z74: FCZ18 | AA74: =AA73 -> 0 | AB74: =$AA74*#REF! -> #REF! | AC74: =$AA74*#REF! -> #REF! | AD74: =$AA74*#REF! -> #REF! | AE74: =$AA74*#REF! -> #REF! | AF74: =$AA74*#REF! -> #REF! | AG74: =$AA74*#REF! -> #REF! | AH74: =$AA74*#REF! -> #REF! | AI74: =$AA74*#REF! -> #REF! | ... AQ74: =$AA74*#REF! -> #REF!
Z75: FCZ19 | AA75: =AA67 -> 0.0070259435 | AB75: =$AA75*#REF! -> #REF! | AC75: =$AA75*#REF! -> #REF! | AD75: =$AA75*#REF! -> #REF! | AE75: =$AA75*#REF! -> #REF! | AF75: =$AA75*#REF! -> #REF! | AG75: =$AA75*#REF! -> #REF! | AH75: =$AA75*#REF! -> #REF! | AI75: =$AA75*#REF! -> #REF! | ... AQ75: =$AA75*#REF! -> #REF!
Z76: FCZ20 | AA76: =AA66 -> 0 | AB76: =$AA76*#REF! -> #REF! | AC76: =$AA76*#REF! -> #REF! | AD76: =$AA76*#REF! -> #REF! | AE76: =$AA76*#REF! -> #REF! | AF76: =$AA76*#REF! -> #REF! | AG76: =$AA76*#REF! -> #REF! | AH76: =$AA76*#REF! -> #REF! | AI76: =$AA76*#REF! -> #REF! | ... AQ76: =$AA76*#REF! -> #REF!
Z77: Sum | AB77: =SUM(AB56:AB76) -> #REF! | AC77: =SUM(AC56:AC76) -> #REF! | AD77: =SUM(AD56:AD76) -> #REF! | AE77: =SUM(AE56:AE76) -> #REF! | AF77: =SUM(AF56:AF76) -> #REF! | AG77: =SUM(AG56:AG76) -> #REF! | AH77: =SUM(AH56:AH76) -> #REF! | AI77: =SUM(AI56:AI76) -> #REF! | ... AQ77: =SUM(AQ56:AQ76) -> #REF!
Z78: Saturation (Elec) at CZ | AB78: =AB77/(AB24+AB50+AB77) -> #REF! | AC78: =AC77/(AC24+AC50+AC77) -> #REF! | AD78: =AD77/(AD24+AD50+AD77) -> #REF! | AE78: =AE77/(AE24+AE50+AE77) -> #REF! | AF78: =AF77/(AF24+AF50+AF77) -> #REF! | AG78: =AG77/(AG24+AG50+AG77) -> #REF! | AH78: =AH77/(AH24+AH50+AH77) -> #REF! | AI78: =AI77/(AI24+AI50+AI77) -> #REF! | ... AQ78: =AQ77/(AQ24+AQ50+AQ77) -> #REF!

Sheet Thermostat
A1: ="Thermostat Setpoints - "&Prototype!A2 -> Thermostat Setpoints - RestaurantSitDown
A2: Space/Thermal Zone | B2: Setpoint | C2: CZ1 | D2: CZ2 | E2: CZ3 | F2: CZ4 | G2: CZ5 | H2: CZ6 | I2: CZ7 | J2: CZ8 | K2: CZ9 | L2: CZ10 | M2: CZ11 | N2: CZ12 | O2: CZ13 | P2: CZ14 | Q2: CZ15 | R2: CZ16 | S2: Source
A3: Dining | B3: Heating Setpoint (F) | C3: 70 | D3: 70 | E3: 70 | F3: 70 | G3: 70 | H3: 70 | I3: 70 | J3: 70 | K3: 70 | L3: 70 | M3: 70 | N3: 70 | O3: 70 | P3: 70 | Q3: 70 | R3: 70 | S3: T24 2022 - Appendix 5.4B
B4: Heating Setback (F) | C4: 60 | D4: 60 | E4: 60 | F4: 60 | G4: 60 | H4: 60 | I4: 60 | J4: 60 | K4: 60 | L4: 60 | M4: 60 | N4: 60 | O4: 60 | P4: 60 | Q4: 60 | R4: 60
B5: Cooling Setpoint (F) | C5: 75 | D5: 75 | E5: 75 | F5: 75 | G5: 75 | H5: 75 | I5: 75 | J5: 75 | K5: 75 | L5: 75 | M5: 75 | N5: 75 | O5: 75 | P5: 75 | Q5: 75 | R5: 75
B6: Cooling Setback (F) | C6: 85 | D6: 85 | E6: 85 | F6: 85 | G6: 85 | H6: 85 | I6: 85 | J6: 85 | K6: 85 | L6: 85 | M6: 85 | N6: 85 | O6: 85 | P6: 85 | Q6: 85 | R6: 85
A7: Kitchen | B7: Heating Setpoint (F) | C7: 66 | D7: 66 | E7: 66 | F7: 66 | G7: 66 | H7: 66 | I7: 66 | J7: 66 | K7: 66 | L7: 66 | M7: 66 | N7: 66 | O7: 66 | P7: 66 | Q7: 66 | R7: 66 | S7: PNNL 09.1, 2022 Restaurant prototype
B8: Heating Setback (F) | C8: 60 | D8: 60 | E8: 60 | F8: 60 | G8: 60 | H8: 60 | I8: 60 | J8: 60 | K8: 60 | L8: 60 | M8: 60 | N8: 60 | O8: 60 | P8: 60 | Q8: 60 | R8: 60
B9: Cooling Setpoint (F) | C9: 79 | D9: 79 | E9: 79 | F9: 79 | G9: 79 | H9: 79 | I9: 79 | J9: 79 | K9: 79 | L9: 79 | M9: 79 | N9: 79 | O9: 79 | P9: 79 | Q9: 79 | R9: 79
B10: Cooling Setback (F) | C10: 86 | D10: 86 | E10: 86 | F10: 86 | G10: 86 | H10: 86 | I10: 86 | J10: 86 | K10: 86 | L10: 86 | M10: 86 | N10: 86 | O10: 86 | P10: 86 | Q10: 86 | R10: 86
A12: PNNL's comfort range in kitchen is 4 F wider : 66 -79 F (with Heating setback of 60 F and Cooling setback of 86 F)
A13: PNNL comfort range in Dining is 70 -75 F (with Heating setback of 60 F and Cooling setback of 86 F)
A15: CPUC comfort range is 70 -75 F (with Heating setback of 60 F and Cooling setback of 85 F)

Sheet Ventilation
A1: ="Outdoor Airflow Rate - "&Prototype!A2 -> Outdoor Airflow Rate - RestaurantSitDown
A2: Space/Thermal Zone | B2: Number of People | C2: Floor Area (ft²) | D2: cfm/person [T24, 2025, Equation 120.1-F and Table 120.1-A] | E2: cfm/ft² [T24, 2025, Equation 120.1-F and Table 120.1-A] | F2: Required Exhaust Rate [T24, 2025, Table 120.1-B – minimum exhaust rates] | G2: Total cfm Driven by People | H2: Total cfm Driven by Area | I2: Total cfm Driven by Exhaust | J2: Total cfm | K2: Notes
A3: =Zones!B3 -> Dining | B3: =Zones!K3 -> 132.04818 | C3: =Zones!H3 -> 4001.46 | D3: 15 | E3: 0.15 | F3: 4 restroom, each 25/50 cfm pr unit | G3: =B3*D3 -> 1980.7227 | H3: =C3*E3 -> 600.219 | I3: =4*50 -> 200 | J3: =MAX(G3:I3) -> 1980.7227
A4: =Zones!B4 -> Kitchen | B4: =Zones!K4 -> 4.50165 | C4: =Zones!H4 -> 1500.55 | D4: 15 | E4: 0.15 | F4: 0.7 cfm/ft2 | G4: =B4*D4 -> 67.52475 | H4: =C4*E4 -> 225.0825 | I4: =0.7*C4 -> 1050.385 | J4: =MAX(G4:I4) -> 1050.385
A5: =Zones!B5 -> Attic
A7: Fine storage is defined for normal inventory that doesn't require an extra exhaust rate based on the space functions in T24, Part6, 2025, Table 120.1 B.
A10: Exhaust hood
A11: Type of Hood | C11: Max Exhaust Flow Rate (cfm/ft) [T24, 2025, Table 140.9-C] | D11: Hood Length (ft) * [CKV, 2004] & | E11: Hood Exhaust Rate (cfm) | F11: Note
A12: Type I , wall-mounted canopy, medium duty hood | C12: 210 | D12: =B26 -> 21.5 | E12: =D12*C12 -> 4515
A14: Efficiency of exhaust fan is 50% (according to ACM, 2025,section 5.7.3)
A16: Quick Service Restaurant Hood Appliance
A17: Appliance | C17: Length (ft) | D17: Source
A18: Fryers side | B18: 3 | C18: 3.75 | D18: CKV Design Guide, 2004 (with equipment of a casual dining restaurant) *Charbroiler length is extended from 3 to 4
A19: Fryer drip station (doesn't generate heat or grease but still need to be covered) | B19: 1 | C19: 1.25
A20: Griddle | B20: 1 | C20: 6
A21: Prep surface | B21: 1 | C21: 1
A22: Open range burners (top) | B22: 4 | C22: 2
A23: Charbroiler | B23: 1 | C23: 4
A24: Convection oven | B24: 1 | C24: 2.5 | D24: added from the list of fast food restaurant
A25: Total cooking line length (ft) | B25: =SUM(C18:C24) -> 20.5
A26: Hood length (ft) (+1 ft buffer) | B26: =B25+1 -> 21.5

Sheet Interior Lights
A1: ="Interior Lighting - "&Prototype!A2 -> Interior Lighting - RestaurantSitDown
A2: Space Type | B2: New Construction | E2: Existing
B3: LPD (W/ft²) | C3: Additional LPD for Portable Lighting (W/ft²) | D3: Source | E3: LPD (W/ft²) | F3: Additional LPD for Portable Lighting (W/ft²) | G3: Source
A4: =Zones!C3 -> Dining Area (Bar/Lounge and Fine Dining) | B4: 0.45 | C4: 0.25 | D4: T24, 2025, Table 140.6-C (Area category method) | E4: 1 | G4: T24, 2016, Table 140.6-C (Area category method) LPD of "All other spaces" is considered for storage space
A5: =Zones!C4 -> Kitchen/Food Preparation Area | B5: 0.95 | E5: 1.2
A6: =Zones!C5 -> Attic

Sheet Cooking Euipment
A1: Forecast Zone | B1: Building-type | C1: End Use | E1: End Use Saturation | F1: Electric Fuel Share | G1: Gas Fuel Share | H1: Other Fuel Share | I1: Saturation (Electric) | J1: Saturation (Gas) | K1: Saturation (Other Fuels)
A2: Statewide | B2: Office, Small | C2: Commercial-Grade Cooking Equipment | E2: 0.020119267 | F2: 0.36728899 | G2: 0.62894178 | H2: 0.0037692297 | I2: 0.0073895852 | J2: 0.012653847 | K2: 7.5834137e-05
A3: FCZ1 | B3: Office, Small | C3: Commercial-Grade Cooking Equipment | E3: 0.016135745 | F3: 0.47987336 | G3: 0.50250088 | H3: 0.01762576 | I3: 0.0077431142 | J3: 0.0081082261 | K3: 0.00028440477
A4: FCZ2 | B4: Office, Small | C4: Commercial-Grade Cooking Equipment | D4: Gas | E4: 0.014700452 | F4: 0.17579513 | G4: 0.82420487 | H4: 0 | I4: 0.0025842678 | J4: 0.012116184 | K4: 0
A5: FCZ3 | B5: Office, Small | C5: Commercial-Grade Cooking Equipment | E5: 0.024755045 | F5: 0.76947624 | G5: 0.23052376 | H5: 0 | I5: 0.019048419 | J5: 0.005706626 | K5: 0
A6: FCZ4 | B6: Office, Small | C6: Commercial-Grade Cooking Equipment | E6: 0.024755045 | F6: 0.76947624 | G6: 0.23052376 | H6: 0 | I6: 0.019048419 | J6: 0.005706626 | K6: 0
A7: FCZ5 | B7: Office, Small | C7: Commercial-Grade Cooking Equipment | E7: 0.050073018 | F7: 0.5814357 | G7: 0.4185643 | H7: 0 | I7: 0.02911424 | J7: 0.020958778 | K7: 0
A8: FCZ6 | B8: Office, Small | C8: Commercial-Grade Cooking Equipment | D8: Gas | E8: 0.016879395 | F8: 0.017126659 | G8: 0.98287334 | H8: 0 | I8: 0.00028908764 | J8: 0.016590307 | K8: 0
A9: FCZ7 | B9: Office, Small | C9: Commercial-Grade Cooking Equipment | D9: Gas | E9: 0.023652968 | F9: 0.17483516 | G9: 0.82516484 | H9: 0 | I9: 0.0041353706 | J9: 0.019517598 | K9: 0
A10: FCZ8 | B10: Office, Small | C10: Commercial-Grade Cooking Equipment | E10: 0.01616372 | F10: 0.23253461 | G10: 0.76746539 | H10: 0 | I10: 0.0037586242 | J10: 0.012405095 | K10: 0
A11: FCZ9 | B11: Office, Small | C11: Commercial-Grade Cooking Equipment | E11: 0.021460625 | F11: 0.24364847 | G11: 0.75635153 | H11: 0 | I11: 0.0052288485 | J11: 0.016231777 | K11: 0
A12: FCZ10 | B12: Office, Small | C12: Commercial-Grade Cooking Equipment | E12: 0.016965581 | F12: 0.25575825 | G12: 0.74424175 | H12: 0 | I12: 0.0043390872 | J12: 0.012626493 | K12: 0
A13: FCZ11 | B13: Office, Small | C13: Commercial-Grade Cooking Equipment | E13: 0.020916604 | F13: 0.56741363 | G13: 0.43258637 | H13: 0 | I13: 0.011868366 | J13: 0.0090482379 | K13: 0
A14: FCZ12c | B14: Office, Small | C14: Commercial-Grade Cooking Equipment | E14: 0.02002232 | F14: 0.37811695 | G14: 0.62188305 | H14: 0 | I14: 0.0075707786 | J14: 0.012451541 | K14: 0
A15: FCZ12i | B15: Office, Small | C15: Commercial-Grade Cooking Equipment | E15: 0.0055388004 | F15: 0.75222324 | G15: 0.24777676 | H15: 0 | I15: 0.0041664144 | J15: 0.001372386 | K15: 0
A16: FCZ13 | B16: Office, Small | C16: Commercial-Grade Cooking Equipment | E16: 0.016186866 | F16: 0.48031793 | G16: 0.51383015 | H16: 0.0058519235 | I16: 0.0077748422 | J16: 0.0083173 | K16: 9.4724304e-05
A17: FCZ16 | B17: Office, Small | C17: Commercial-Grade Cooking Equipment | D17: Gas | E17: 0.0060803936 | F17: 0.21087233 | G17: 0.78912767 | H17: 0 | I17: 0.0012821867 | J17: 0.0047982069 | K17: 0
A18: FCZ17 | B18: Office, Small | C18: Commercial-Grade Cooking Equipment | D18: Gas | E18: 0.010327399 | F18: 0.017611914 | G18: 0.98238809 | H18: 0 | I18: 0.00018188527 | J18: 0.010145514 | K18: 0
A23: Planning Area & Forecast Zone | B23: Building-type | C23: End Use | E23: End Use Saturation or Penetration | F23: Electric Fuel Share | G23: Gas Fuel Share | H23: Other Fuel Share | I23: Saturation (Electric) | J23: Saturation (Gas) | K23: Saturation (Other Fuels)
A24: Statewide | B24: Office, Small | C24: Commercial Cooking Space | E24: 0.0042513248 | F24: 0.36728899 | G24: 0.62894178 | H24: 0.0037692297 | I24: 0.0015614648 | J24: 0.0026738358 | K24: 1.602422e-05
A25: FCZ1 | B25: Office, Small | C25: Commercial Cooking Space | E25: 0.0055971614 | F25: 0.47987336 | G25: 0.50250088 | H25: 0.01762576 | I25: 0.0026859287 | J25: 0.0028125785 | K25: 9.8654224e-05
A26: FCZ2 | B26: Office, Small | C26: Commercial Cooking Space | E26: 0.0042162427 | F26: 0.17579513 | G26: 0.82420487 | H26: 0 | I26: 0.00074119492 | J26: 0.0034750478 | K26: 0
A27: FCZ3 | B27: Office, Small | C27: Commercial Cooking Space | E27: 0.0029787351 | F27: 0.76947624 | G27: 0.23052376 | H27: 0 | I27: 0.0022920659 | J27: 0.00068666922 | K27: 0
A28: FCZ4 | B28: Office, Small | C28: Commercial Cooking Space | E28: 0.0029787351 | F28: 0.76947624 | G28: 0.23052376 | H28: 0 | I28: 0.0022920659 | J28: 0.00068666922 | K28: 0
A29: FCZ5 | B29: Office, Small | C29: Commercial Cooking Space | E29: 0.0058178622 | F29: 0.5814357 | G29: 0.4185643 | H29: 0 | I29: 0.0033827128 | J29: 0.0024351494 | K29: 0
A30: FCZ6 | B30: Office, Small | C30: Commercial Cooking Space | E30: 0.003711553 | F30: 0.017126659 | G30: 0.98287334 | H30: 0 | I30: 6.3566502e-05 | J30: 0.0036479865 | K30: 0
A31: FCZ7 | B31: Office, Small | C31: Commercial Cooking Space | E31: 0.0042121502 | F31: 0.17483516 | G31: 0.82516484 | H31: 0 | I31: 0.00073643198 | J31: 0.0034757183 | K31: 0
A32: FCZ8 | B32: Office, Small | C32: Commercial Cooking Space | E32: 0.001957273 | F32: 0.23253461 | G32: 0.76746539 | H32: 0 | I32: 0.00045513371 | J32: 0.0015021393 | K32: 0
A33: FCZ9 | B33: Office, Small | C33: Commercial Cooking Space | E33: 0.0020418399 | F33: 0.24364847 | G33: 0.75635153 | H33: 0 | I33: 0.00049749117 | J33: 0.0015443487 | K33: 0
A34: FCZ10 | B34: Office, Small | C34: Commercial Cooking Space | E34: 0.0037379161 | F34: 0.25575825 | G34: 0.74424175 | H34: 0 | I34: 0.0009560029 | J34: 0.0027819132 | K34: 0
A35: FCZ11 | B35: Office, Small | C35: Commercial Cooking Space | E35: 0.0048031981 | F35: 0.56741363 | G35: 0.43258637 | H35: 0 | I35: 0.0027254001 | J35: 0.002077798 | K35: 0
... A40: FCZ17 | B40: Office, Small | C40: Commercial Cooking Space | E40: 0.00076819869 | F40: 0.017611914 | G40: 0.98238809 | H40: 0 | I40: 1.352945e-05 | J40: 0.00075466924 | K40: 0

Sheet Air compressor
A1: Forecast Zone | B1: Building-type | C1: End Use | D1: End Use Saturation | E1: Electric Fuel Share | F1: Gas Fuel Share | G1: Other Fuel Share | H1: Saturation (Electric) | I1: Saturation (Gas) | J1: Saturation (Other Fuels)
A2: Statewide | B2: Office, Small | C2: Air Compressors | D2: 0.15531554 | E2: NA | F2: NA | G2: NA | H2: 0.15531554 | I2: 0 | J2: 0
A3: FCZ1 | B3: Office, Small | C3: Air Compressors | D3: 0.16127386 | E3: NA | F3: NA | G3: NA | H3: 0.16127386 | I3: 0 | J3: 0
A4: FCZ2 | B4: Office, Small | C4: Air Compressors | D4: 0.16046383 | E4: NA | F4: NA | G4: NA | H4: 0.16046383 | I4: 0 | J4: 0
A5: FCZ3 | B5: Office, Small | C5: Air Compressors | D5: 0.17700838 | E5: NA | F5: NA | G5: NA | H5: 0.17700838 | I5: 0 | J5: 0
A6: FCZ4 | B6: Office, Small | C6: Air Compressors | D6: 0.17700838 | E6: NA | F6: NA | G6: NA | H6: 0.17700838 | I6: 0 | J6: 0
A7: FCZ5 | B7: Office, Small | C7: Air Compressors | D7: 0.11292694 | E7: NA | F7: NA | G7: NA | H7: 0.11292694 | I7: 0 | J7: 0
A8: FCZ6 | B8: Office, Small | C8: Air Compressors | D8: 0.19948704 | E8: NA | F8: NA | G8: NA | H8: 0.19948704 | I8: 0 | J8: 0
A9: FCZ7 | B9: Office, Small | C9: Air Compressors | D9: 0.11620337 | E9: NA | F9: NA | G9: NA | H9: 0.11620337 | I9: 0 | J9: 0
A10: FCZ8 | B10: Office, Small | C10: Air Compressors | D10: 0.18247124 | E10: NA | F10: NA | G10: NA | H10: 0.18247124 | I10: 0 | J10: 0
A11: FCZ9 | B11: Office, Small | C11: Air Compressors | D11: 0.26849572 | E11: NA | F11: NA | G11: NA | H11: 0.26849572 | I11: 0 | J11: 0
A12: FCZ10 | B12: Office, Small | C12: Air Compressors | D12: 0.085403948 | E12: NA | F12: NA | G12: NA | H12: 0.085403948 | I12: 0 | J12: 0
A13: FCZ11 | B13: Office, Small | C13: Air Compressors | D13: 0.17534707 | E13: NA | F13: NA | G13: NA | H13: 0.17534707 | I13: 0 | J13: 0
... A18: FCZ17 | B18: Office, Small | C18: Air Compressors | D18: 0.24877341 | E18: NA | F18: NA | G18: NA | H18: 0.24877341 | I18: 0 | J18: 0

Sheet Refrigerated
A1: Forecast Zone | B1: Building-type | C1: End Use | D1: End Use Saturation | E1: Electric Fuel Share | F1: Gas Fuel Share | G1: Other Fuel Share | H1: Saturation (Electric) | I1: Saturation (Gas) | J1: Saturation (Other Fuels)
A2: Statewide | B2: Office, Small | C2: Commercial-Grade Refrigerators | D2: 0.84563059 | E2: NA | F2: NA | G2: NA | H2: 0.84563059 | I2: 0 | J2: 0
A3: FCZ1 | B3: Office, Small | C3: Commercial-Grade Refrigerators | D3: 0.79853341 | E3: NA | F3: NA | G3: NA | H3: 0.79853341 | I3: 0 | J3: 0
A4: FCZ2 | B4: Office, Small | C4: Commercial-Grade Refrigerators | D4: 0.86552927 | E4: NA | F4: NA | G4: NA | H4: 0.86552927 | I4: 0 | J4: 0
A5: FCZ3 | B5: Office, Small | C5: Commercial-Grade Refrigerators | D5: 0.82761773 | E5: NA | F5: NA | G5: NA | H5: 0.82761773 | I5: 0 | J5: 0
A6: FCZ4 | B6: Office, Small | C6: Commercial-Grade Refrigerators | D6: 0.82761773 | E6: NA | F6: NA | G6: NA | H6: 0.82761773 | I6: 0 | J6: 0
A7: FCZ5 | B7: Office, Small | C7: Commercial-Grade Refrigerators | D7: 0.85238511 | E7: NA | F7: NA | G7: NA | H7: 0.85238511 | I7: 0 | J7: 0
A8: FCZ6 | B8: Office, Small | C8: Commercial-Grade Refrigerators | D8: 0.837724 | E8: NA | F8: NA | G8: NA | H8: 0.837724 | I8: 0 | J8: 0
A9: FCZ7 | B9: Office, Small | C9: Commercial-Grade Refrigerators | D9: 0.82299363 | E9: NA | F9: NA | G9: NA | H9: 0.82299363 | I9: 0 | J9: 0
A10: FCZ8 | B10: Office, Small | C10: Commercial-Grade Refrigerators | D10: 0.88393635 | E10: NA | F10: NA | G10: NA | H10: 0.88393635 | I10: 0 | J10: 0
A11: FCZ9 | B11: Office, Small | C11: Commercial-Grade Refrigerators | D11: 1 | E11: NA | F11: NA | G11: NA | H11: 1 | I11: 0 | J11: 0
A12: FCZ10 | B12: Office, Small | C12: Commercial-Grade Refrigerators | D12: 0.8177684 | E12: NA | F12: NA | G12: NA | H12: 0.8177684 | I12: 0 | J12: 0
A13: FCZ11 | B13: Office, Small | C13: Commercial-Grade Refrigerators | D13: 0.86099786 | E13: NA | F13: NA | G13: NA | H13: 0.86099786 | I13: 0 | J13: 0
... A18: FCZ17 | B18: Office, Small | C18: Commercial-Grade Refrigerators | D18: 0.94722377 | E18: NA | F18: NA | G18: NA | H18: 0.94722377 | I18: 0 | J18: 0
A22: Forecast Zone | B22: Building-type | C22: End Use | D22: End Use Saturation | E22: Electric Fuel Share | F22: Gas Fuel Share | G22: Other Fuel Share | H22: Saturation (Electric) | I22: Saturation (Gas) | J22: Saturation (Other Fuels)
A23: Statewide | B23: Office, Small | C23: Commercial-Grade Freezers | D23: 0.059735148 | E23: NA | F23: NA | G23: NA | H23: 0.059735148 | I23: 0 | J23: 0
A24: FCZ1 | B24: Office, Small | C24: Commercial-Grade Freezers | D24: 0.026408903 | E24: NA | F24: NA | G24: NA | H24: 0.026408903 | I24: 0 | J24: 0
A25: FCZ2 | B25: Office, Small | C25: Commercial-Grade Freezers | D25: 0.03266756 | E25: NA | F25: NA | G25: NA | H25: 0.03266756 | I25: 0 | J25: 0
A26: FCZ3 | B26: Office, Small | C26: Commercial-Grade Freezers | D26: 0.092718675 | E26: NA | F26: NA | G26: NA | H26: 0.092718675 | I26: 0 | J26: 0
A27: FCZ4 | B27: Office, Small | C27: Commercial-Grade Freezers | D27: 0.092718675 | E27: NA | F27: NA | G27: NA | H27: 0.092718675 | I27: 0 | J27: 0
A28: FCZ5 | B28: Office, Small | C28: Commercial-Grade Freezers | D28: 0.12772306 | E28: NA | F28: NA | G28: NA | H28: 0.12772306 | I28: 0 | J28: 0
A29: FCZ6 | B29: Office, Small | C29: Commercial-Grade Freezers | D29: 0.048742044 | E29: NA | F29: NA | G29: NA | H29: 0.048742044 | I29: 0 | J29: 0
A30: FCZ7 | B30: Office, Small | C30: Commercial-Grade Freezers | D30: 0.068151284 | E30: NA | F30: NA | G30: NA | H30: 0.068151284 | I30: 0 | J30: 0
A31: FCZ8 | B31: Office, Small | C31: Commercial-Grade Freezers | D31: 0.0755228 | E31: NA | F31: NA | G31: NA | H31: 0.0755228 | I31: 0 | J31: 0
A32: FCZ9 | B32: Office, Small | C32: Commercial-Grade Freezers | D32: 0.11154655 | E32: NA | F32: NA | G32: NA | H32: 0.11154655 | I32: 0 | J32: 0
A33: FCZ10 | B33: Office, Small | C33: Commercial-Grade Freezers | D33: 0.048634661 | E33: NA | F33: NA | G33: NA | H33: 0.048634661 | I33: 0 | J33: 0
A34: FCZ11 | B34: Office, Small | C34: Commercial-Grade Freezers | D34: 0.041049526 | E34: NA | F34: NA | G34: NA | H34: 0.041049526 | I34: 0 | J34: 0
... A39: FCZ17 | B39: Office, Small | C39: Commercial-Grade Freezers | D39: 0.025770435 | E39: NA | F39: NA | G39: NA | H39: 0.025770435 | I39: 0 | J39: 0
A41: Forecast Zone | B41: Building-type | C41: End Use | D41: End Use Saturation | E41: Electric Fuel Share | F41: Gas Fuel Share | G41: Other Fuel Share | H41: Saturation (Electric) | I41: Saturation (Gas) | J41: Saturation (Other Fuels)
A42: Statewide | B42: Office, Small | C42: Frozen Floor Space | D42: 0.00032878385 | E42: NA | F42: NA | G42: NA | H42: 0.00032878385 | I42: 0 | J42: 0
A43: FCZ1 | B43: Office, Small | C43: Frozen Floor Space | D43: 0 | E43: NA | F43: NA | G43: NA | H43: 0 | I43: 0 | J43: 0
A44: FCZ2 | B44: Office, Small | C44: Frozen Floor Space | D44: 0 | E44: NA | F44: NA | G44: NA | H44: 0 | I44: 0 | J44: 0
A45: FCZ3 | B45: Office, Small | C45: Frozen Floor Space | D45: 0 | E45: NA | F45: NA | G45: NA | H45: 0 | I45: 0 | J45: 0
A46: FCZ4 | B46: Office, Small | C46: Frozen Floor Space | D46: 0 | E46: NA | F46: NA | G46: NA | H46: 0 | I46: 0 | J46: 0
A47: FCZ5 | B47: Office, Small | C47: Frozen Floor Space | D47: 0 | E47: NA | F47: NA | G47: NA | H47: 0 | I47: 0 | J47: 0
A48: FCZ6 | B48: Office, Small | C48: Frozen Floor Space | D48: 0.0049760278 | E48: NA | F48: NA | G48: NA | H48: 0.0049760278 | I48: 0 | J48: 0
A49: FCZ7 | B49: Office, Small | C49: Frozen Floor Space | D49: 0.00014179139 | E49: NA | F49: NA | G49: NA | H49: 0.00014179139 | I49: 0 | J49: 0
A50: FCZ8 | B50: Office, Small | C50: Frozen Floor Space | D50: 0.0011345583 | E50: NA | F50: NA | G50: NA | H50: 0.0011345583 | I50: 0 | J50: 0
A51: FCZ9 | B51: Office, Small | C51: Frozen Floor Space | D51: 0 | E51: NA | F51: NA | G51: NA | H51: 0 | I51: 0 | J51: 0
A52: FCZ10 | B52: Office, Small | C52: Frozen Floor Space | D52: 0 | E52: NA | F52: NA | G52: NA | H52: 0 | I52: 0 | J52: 0
A53: FCZ11 | B53: Office, Small | C53: Frozen Floor Space | D53: 0 | E53: NA | F53: NA | G53: NA | H53: 0 | I53: 0 | J53: 0
... A58: FCZ17 | B58: Office, Small | C58: Frozen Floor Space | D58: 0 | E58: NA | F58: NA | G58: NA | H58: 0 | I58: 0 | J58: 0

Sheet Water Heater
A1: ="Water Heater Summary - "&Prototype!A2 -> Water Heater Summary - RestaurantSitDown
A2: Vintage | B2: WH Type | C2: Efficiency | D2: Number of WH | E2: Tank Volume (gal) | F2: Tank Loss | G2: Source
A3: Existing | B3: Gas | C3: 0.8 | D3: 1 | E3: See table below for CZ-specific values: Climate Zone Water Heater Sizing and Loss Coefficients, Storage Volume column (col F) | F3: See table below: Climate Zone Water Heater Sizing and Loss Coefficients, Standby Loss column (col G) | G3: See table below for sources: Climate Zone Water Heater Sizing and Loss Coefficients
A4: New Construction | B4: Gas | C4: 0.8 | D4: 1 | E4: =E3 -> See table below for CZ-specific values: Climate Zone Water Heater Sizing and Loss Coefficients, Storage Volume column (col F) | F4: =F3 -> See table below: Climate Zone Water Heater Sizing and Loss Coefficients, Standby Loss column (col G) | G4: =G3 -> See table below for sources: Climate Zone Water Heater Sizing and Loss Coefficients
A7: Peak Hot Water Consumption
A8: Space Name | B8: Baseline WH Type | C8: Total Area (ft²) | D8: Number of People | E8: Hot Water Usage Specification (gal/hr per person) | F8: Peak Hot Water Usage (gal/hr) | G8: Peak Hot Water Usage (gal/min) | H8: Note
A9: =Zones!B3 -> Dining | B9: Gas | C9: =Zones!H3 -> 4001.46 | D9: =Zones!K3 -> 132.04818 | E9: =0.578*0.2 -> 0.1156 | F9: =D9*E9 -> 15.26477 | G9: =F9/60 -> 0.25441283 | H9: For space types marked with an asterisk (the ‘*’ symbol), the water‑heater type is listed as electric in Appendix 5.4A, sheet ‘2022 SpaceFuncData‑Input.’ However, we modified the value based on CEUS data, which indicates that gas is the primary fuel type.
A10: =Zones!B4 -> Kitchen | B10: Gas | C10: =Zones!H4 -> 1500.55 | D10: =Zones!K4 -> 4.50165 | E10: 0.58 | F10: 162 | G10: =F10/60 -> 2.7
A11: Total | B11: Gas storage | F11: {=_xlfn.LET( _xlpm.g,SUMIF($B$9:$B$10,"Gas*",$F$9:$F$10), _xlpm.e,SUMIF($B$9:$B$10,"Electric*",$F$9:$F$10), IF(AND(_xlpm.g>0,_xlpm.e>0),_xlpm.g,IF(_xlpm.g>0,MAX(75,_xlpm.g),0)))} -> 177.26477 | H11: Minimum peak hot water usage is 75 gal according to ACM 2025
A12: Total | B12: Electric resistance | F12: =_xlfn.LET( _xlpm.g,SUMIF($B$9:$B$10,"Gas*",$F$9:$F$10), _xlpm.e,SUMIF($B$9:$B$10,"Electric*",$F$9:$F$10), IF(AND(_xlpm.g>0,_xlpm.e>0),_xlpm.e,IF(_xlpm.e>0,MAX(75,_xlpm.e),0))) -> 0
A16: Design supply temperature (°F) | B16: 135 | C16: CEC-400-2022-009-CMF-REV2-AP5.4B
A17: WH system factor | B17: 0.6 | C17: 2025 ACM §5.9.2 Rated Capacity
A18: Water mass conversion (lb/gal) | B18: 8.2877 | C18: 2025 ACM §5.9.2 Rated Capacity
A19: Reheat multiplier | B19: 0.4 | C19: 2025 ACM §5.9.2 Storage Volume
A20: Climate Zone Water Heater Sizing and Loss Coefficients
A21: Climate Zone | B21: Minimum Monthly Mains Temp (°F) [T24 2022 - Appendix 5.4B] | C21: Heat Output (Btu/hr) [ACM, 2025, 5.9.2: Rated capacity section] | D21: WH Capacity (Btu/hr) [ACM, 2025, 5.9.2: Rated capacity section] | E21: Required Energy Input (Btu/hr) | F21: Storage Volume (gal) | G21: Standby Loss [Title 20, §1605.1 Table F-4; Appendix B: Water Heating Calculation Method] | I21: Off/On Cycle Loss Coefficient to Ambient Temp | K21: Source/Note
A22: CZ01 | B22: 47.9 | C22: =$F$11*($B$16-B22)*$B$18 -> 127960.11 | D22: =C22*$B$17 -> 76776.066 | E22: =_xlfn.LET(_xlpm.x,_xlfn.XLOOKUP(D22/$C$3,$A$43:$A$73,$A$43:$A$73,"",1),IF(_xlpm.x="",ROUNDUP(D22/$C$3,0),_xlpm.x)) -> 99900 | F22: =_xlfn.LET(_xlpm.v,MAX(30,$F$11*$B$19),_xlpm.x,_xlfn.XLOOKUP(_xlpm.v,$E$43:$E$61,$E$43:$E$61,"",1),IF(_xlpm.x="",ROUNDUP(_xlpm.v,0),_xlpm.x)) -> 72 | G22: =(E22/800)+110*SQRT(F22) -> 1058.256 | H22: Btu/hr | I22: =G22/70 -> 15.117942 | J22: Btu/h·°F | K22: Required Energy Input: vendor/available catalog size (Market data table). Storage Volume: standard/available catalog tank size (Market data table).
A23: CZ02 | B23: 50.8 | C23: =$F$11*($B$16-B23)*$B$18 -> 123699.67 | D23: =C23*$B$17 -> 74219.803 | E23: =_xlfn.LET(_xlpm.x,_xlfn.XLOOKUP(D23/$C$3,$A$43:$A$73,$A$43:$A$73,"",1),IF(_xlpm.x="",ROUNDUP(D23/$C$3,0),_xlpm.x)) -> 99900 | F23: =_xlfn.LET(_xlpm.v,MAX(30,$F$11*$B$19),_xlpm.x,_xlfn.XLOOKUP(_xlpm.v,$E$43:$E$61,$E$43:$E$61,"",1),IF(_xlpm.x="",ROUNDUP(_xlpm.v,0),_xlpm.x)) -> 72 | G23: =(E23/800)+110*SQRT(F23) -> 1058.256 | H23: Btu/hr | I23: =G23/70 -> 15.117942 | J23: Btu/h·°F
A24: CZ03 | B24: 52.2 | C24: =$F$11*($B$16-B24)*$B$18 -> 121642.91 | D24: =C24*$B$17 -> 72985.744 | E24: =_xlfn.LET(_xlpm.x,_xlfn.XLOOKUP(D24/$C$3,$A$43:$A$73,$A$43:$A$73,"",1),IF(_xlpm.x="",ROUNDUP(D24/$C$3,0),_xlpm.x)) -> 99900 | F24: =_xlfn.LET(_xlpm.v,MAX(30,$F$11*$B$19),_xlpm.x,_xlfn.XLOOKUP(_xlpm.v,$E$43:$E$61,$E$43:$E$61,"",1),IF(_xlpm.x="",ROUNDUP(_xlpm.v,0),_xlpm.x)) -> 72 | G24: =(E24/800)+110*SQRT(F24) -> 1058.256 | H24: Btu/hr | I24: =G24/70 -> 15.117942 | J24: Btu/h·°F
A25: CZ04 | B25: 52.7 | C25: =$F$11*($B$16-B25)*$B$18 -> 120908.35 | D25: =C25*$B$17 -> 72545.009 | E25: =_xlfn.LET(_xlpm.x,_xlfn.XLOOKUP(D25/$C$3,$A$43:$A$73,$A$43:$A$73,"",1),IF(_xlpm.x="",ROUNDUP(D25/$C$3,0),_xlpm.x)) -> 99900 | F25: =_xlfn.LET(_xlpm.v,MAX(30,$F$11*$B$19),_xlpm.x,_xlfn.XLOOKUP(_xlpm.v,$E$43:$E$61,$E$43:$E$61,"",1),IF(_xlpm.x="",ROUNDUP(_xlpm.v,0),_xlpm.x)) -> 72 | G25: =(E25/800)+110*SQRT(F25) -> 1058.256 | H25: Btu/hr | I25: =G25/70 -> 15.117942 | J25: Btu/h·°F
A26: CZ05 | B26: 51.6 | C26: =$F$11*($B$16-B26)*$B$18 -> 122524.38 | D26: =C26*$B$17 -> 73514.626 | E26: =_xlfn.LET(_xlpm.x,_xlfn.XLOOKUP(D26/$C$3,$A$43:$A$73,$A$43:$A$73,"",1),IF(_xlpm.x="",ROUNDUP(D26/$C$3,0),_xlpm.x)) -> 99900 | F26: =_xlfn.LET(_xlpm.v,MAX(30,$F$11*$B$19),_xlpm.x,_xlfn.XLOOKUP(_xlpm.v,$E$43:$E$61,$E$43:$E$61,"",1),IF(_xlpm.x="",ROUNDUP(_xlpm.v,0),_xlpm.x)) -> 72 | G26: =(E26/800)+110*SQRT(F26) -> 1058.256 | H26: Btu/hr | I26: =G26/70 -> 15.117942 | J26: Btu/h·°F
A27: CZ06 | B27: 56.8 | C27: =$F$11*($B$16-B27)*$B$18 -> 114884.97 | D27: =C27*$B$17 -> 68930.98 | E27: =_xlfn.LET(_xlpm.x,_xlfn.XLOOKUP(D27/$C$3,$A$43:$A$73,$A$43:$A$73,"",1),IF(_xlpm.x="",ROUNDUP(D27/$C$3,0),_xlpm.x)) -> 99900 | F27: =_xlfn.LET(_xlpm.v,MAX(30,$F$11*$B$19),_xlpm.x,_xlfn.XLOOKUP(_xlpm.v,$E$43:$E$61,$E$43:$E$61,"",1),IF(_xlpm.x="",ROUNDUP(_xlpm.v,0),_xlpm.x)) -> 72 | G27: =(E27/800)+110*SQRT(F27) -> 1058.256 | H27: Btu/hr | I27: =G27/70 -> 15.117942 | J27: Btu/h·°F
A28: CZ07 | B28: 58.4 | C28: =$F$11*($B$16-B28)*$B$18 -> 112534.38 | D28: =C28*$B$17 -> 67520.628 | E28: =_xlfn.LET(_xlpm.x,_xlfn.XLOOKUP(D28/$C$3,$A$43:$A$73,$A$43:$A$73,"",1),IF(_xlpm.x="",ROUNDUP(D28/$C$3,0),_xlpm.x)) -> 99900 | F28: =_xlfn.LET(_xlpm.v,MAX(30,$F$11*$B$19),_xlpm.x,_xlfn.XLOOKUP(_xlpm.v,$E$43:$E$61,$E$43:$E$61,"",1),IF(_xlpm.x="",ROUNDUP(_xlpm.v,0),_xlpm.x)) -> 72 | G28: =(E28/800)+110*SQRT(F28) -> 1058.256 | H28: Btu/hr | I28: =G28/70 -> 15.117942 | J28: Btu/h·°F
A29: CZ08 | B29: 58.4 | C29: =$F$11*($B$16-B29)*$B$18 -> 112534.38 | D29: =C29*$B$17 -> 67520.628 | E29: =_xlfn.LET(_xlpm.x,_xlfn.XLOOKUP(D29/$C$3,$A$43:$A$73,$A$43:$A$73,"",1),IF(_xlpm.x="",ROUNDUP(D29/$C$3,0),_xlpm.x)) -> 99900 | F29: =_xlfn.LET(_xlpm.v,MAX(30,$F$11*$B$19),_xlpm.x,_xlfn.XLOOKUP(_xlpm.v,$E$43:$E$61,$E$43:$E$61,"",1),IF(_xlpm.x="",ROUNDUP(_xlpm.v,0),_xlpm.x)) -> 72 | G29: =(E29/800)+110*SQRT(F29) -> 1058.256 | H29: Btu/hr | I29: =G29/70 -> 15.117942 | J29: Btu/h·°F
A30: CZ09 | B30: 57.6 | C30: =$F$11*($B$16-B30)*$B$18 -> 113709.67 | D30: =C30*$B$17 -> 68225.804 | E30: =_xlfn.LET(_xlpm.x,_xlfn.XLOOKUP(D30/$C$3,$A$43:$A$73,$A$43:$A$73,"",1),IF(_xlpm.x="",ROUNDUP(D30/$C$3,0),_xlpm.x)) -> 99900 | F30: =_xlfn.LET(_xlpm.v,MAX(30,$F$11*$B$19),_xlpm.x,_xlfn.XLOOKUP(_xlpm.v,$E$43:$E$61,$E$43:$E$61,"",1),IF(_xlpm.x="",ROUNDUP(_xlpm.v,0),_xlpm.x)) -> 72 | G30: =(E30/800)+110*SQRT(F30) -> 1058.256 | H30: Btu/hr | I30: =G30/70 -> 15.117942 | J30: Btu/h·°F
A31: CZ10 | B31: 57.1 | C31: =$F$11*($B$16-B31)*$B$18 -> 114444.23 | D31: =C31*$B$17 -> 68666.539 | E31: =_xlfn.LET(_xlpm.x,_xlfn.XLOOKUP(D31/$C$3,$A$43:$A$73,$A$43:$A$73,"",1),IF(_xlpm.x="",ROUNDUP(D31/$C$3,0),_xlpm.x)) -> 99900 | F31: =_xlfn.LET(_xlpm.v,MAX(30,$F$11*$B$19),_xlpm.x,_xlfn.XLOOKUP(_xlpm.v,$E$43:$E$61,$E$43:$E$61,"",1),IF(_xlpm.x="",ROUNDUP(_xlpm.v,0),_xlpm.x)) -> 72 | G31: =(E31/800)+110*SQRT(F31) -> 1058.256 | H31: Btu/hr | I31: =G31/70 -> 15.117942 | J31: Btu/h·°F
A32: CZ11 | B32: 50.5 | C32: =$F$11*($B$16-B32)*$B$18 -> 124140.41 | D32: =C32*$B$17 -> 74484.244 | E32: =_xlfn.LET(_xlpm.x,_xlfn.XLOOKUP(D32/$C$3,$A$43:$A$73,$A$43:$A$73,"",1),IF(_xlpm.x="",ROUNDUP(D32/$C$3,0),_xlpm.x)) -> 99900 | F32: =_xlfn.LET(_xlpm.v,MAX(30,$F$11*$B$19),_xlpm.x,_xlfn.XLOOKUP(_xlpm.v,$E$43:$E$61,$E$43:$E$61,"",1),IF(_xlpm.x="",ROUNDUP(_xlpm.v,0),_xlpm.x)) -> 72 | G32: =(E32/800)+110*SQRT(F32) -> 1058.256 | H32: Btu/hr | I32: =G32/70 -> 15.117942 | J32: Btu/h·°F
A33: CZ12 | B33: 51.4 | C33: =$F$11*($B$16-B33)*$B$18 -> 122818.2 | D33: =C33*$B$17 -> 73690.92 | E33: =_xlfn.LET(_xlpm.x,_xlfn.XLOOKUP(D33/$C$3,$A$43:$A$73,$A$43:$A$73,"",1),IF(_xlpm.x="",ROUNDUP(D33/$C$3,0),_xlpm.x)) -> 99900 | F33: =_xlfn.LET(_xlpm.v,MAX(30,$F$11*$B$19),_xlpm.x,_xlfn.XLOOKUP(_xlpm.v,$E$43:$E$61,$E$43:$E$61,"",1),IF(_xlpm.x="",ROUNDUP(_xlpm.v,0),_xlpm.x)) -> 72 | G33: =(E33/800)+110*SQRT(F33) -> 1058.256 | H33: Btu/hr | I33: =G33/70 -> 15.117942 | J33: Btu/h·°F
A34: CZ13 | B34: 51.7 | C34: =$F$11*($B$16-B34)*$B$18 -> 122377.47 | D34: =C34*$B$17 -> 73426.479 | E34: =_xlfn.LET(_xlpm.x,_xlfn.XLOOKUP(D34/$C$3,$A$43:$A$73,$A$43:$A$73,"",1),IF(_xlpm.x="",ROUNDUP(D34/$C$3,0),_xlpm.x)) -> 99900 | F34: =_xlfn.LET(_xlpm.v,MAX(30,$F$11*$B$19),_xlpm.x,_xlfn.XLOOKUP(_xlpm.v,$E$43:$E$61,$E$43:$E$61,"",1),IF(_xlpm.x="",ROUNDUP(_xlpm.v,0),_xlpm.x)) -> 72 | G34: =(E34/800)+110*SQRT(F34) -> 1058.256 | H34: Btu/hr | I34: =G34/70 -> 15.117942 | J34: Btu/h·°F
... A37: CZ16 | B37: 41.4 | C37: =$F$11*($B$16-B37)*$B$18 -> 137509.37 | D37: =C37*$B$17 -> 82505.624 | E37: =_xlfn.LET(_xlpm.x,_xlfn.XLOOKUP(D37/$C$3,$A$43:$A$73,$A$43:$A$73,"",1),IF(_xlpm.x="",ROUNDUP(D37/$C$3,0),_xlpm.x)) -> 120000 | F37: =_xlfn.LET(_xlpm.v,MAX(30,$F$11*$B$19),_xlpm.x,_xlfn.XLOOKUP(_xlpm.v,$E$43:$E$61,$E$43:$E$61,"",1),IF(_xlpm.x="",ROUNDUP(_xlpm.v,0),_xlpm.x)) -> 72 | G37: =(E37/800)+110*SQRT(F37) -> 1083.381 | H37: Btu/hr | I37: =G37/70 -> 15.476871 | J37: Btu/h·°F
A41: Market data
A42: Catalog gas input (Btu/h) | B42: Input source | C42: Elec resistance tank (kW) | D42: Elec resistance (Btu/h) | E42: Catalog gas tank (gal) | F42: Tank source | G42: Elec tank (gal) | H42: Elec tank source | I42: =HYPERLINK("#'Note'!A1","Sources and links → Note tab") -> Sources and links → Note tab
A43: 60000 | B43: Grainger | C43: 1.5 | D43: 5118 | E43: 34 | F43: ENERGY STAR | G43: 6 | H43: Grainger
A44: 75100 | B44: Grainger | C44: 2 | D44: 6824 | E44: 35 | F44: Grainger | G44: 10 | H44: Grainger
A45: 76000 | B45: Both | C45: 3 | D45: 10236 | E45: 48 | F45: Grainger | G45: 15 | H45: Grainger
A46: 80000 | B46: Grainger | C46: 4.5 | D46: 15355 | E46: 50 | F46: Both | G46: 20 | H46: Grainger
A47: 99900 | B47: ENERGY STAR | C47: 6 | D47: 20473 | E47: 55 | F47: ENERGY STAR | G47: 28 | H47: Grainger
A48: 100000 | B48: Both | C48: 8 | D48: 27297 | E48: 60 | F48: ENERGY STAR | G48: 30 | H48: Grainger
A49: 120000 | B49: ENERGY STAR | C49: 9 | D49: 30709 | E49: 65 | F49: Both | G49: 36 | H49: Grainger
A50: 125000 | B50: Both | C50: 10 | D50: 34121 | E50: 72 | F50: Grainger | G50: 40 | H50: Grainger
A51: 130000 | B51: Both | C51: 12 | D51: 40946 | E51: 75 | F51: Both | G51: 47
A52: 145000 | B52: ENERGY STAR | C52: 12.1 | D52: 41287 | E52: 76 | F52: Grainger | G52: 50
A53: 150000 | B53: ENERGY STAR | C53: 18 | D53: 61419 | E53: 80 | F53: Both | G53: 65
A54: 156000 | B54: Grainger | C54: 24 | D54: 81891 | E54: 82 | F54: Grainger | G54: 80
A55: 160000 | B55: Both | C55: 27 | D55: 92128 | E55: 85 | F55: Grainger | G55: 85
A56: 175000 | B56: ENERGY STAR | C56: 36 | D56: 122837 | E56: 90 | F56: Both | G56: 105
A57: 180000 | B57: Grainger | C57: 54 | D57: 184256 | E57: 91 | F57: Grainger | G57: 120
A58: 199000 | B58: ENERGY STAR | E58: 100 | F58: Both
A59: 199900 | B59: Both | E59: 110 | F59: ENERGY STAR
A60: 200000 | B60: ENERGY STAR | E60: 119 | F60: Both
A61: 250000 | B61: Both | E61: 125 | F61: ENERGY STAR
A62: 251000 | B62: ENERGY STAR
A63: 270000 | B63: Grainger
A64: 285000 | B64: ENERGY STAR
A65: 300000 | B65: Both
A66: 320000 | B66: ENERGY STAR
A67: 360000 | B67: Grainger
A68: 398000 | B68: ENERGY STAR
A69: 399000 | B69: ENERGY STAR
A70: 399900 | B70: Both
A71: 499900 | B71: Grainger
A72: 550000 | B72: Grainger
A73: 715000 | B73: Grainger

Sheet Equipment
A1: ="Equipment - "&Prototype!A2 -> Equipment - RestaurantSitDown
A2: Space Type | B2: Plug Load Power Density (W/ft²) | C2: ReachIn Refrigerator and ReachInFreezer Power (W) - 24/7 | D2: Refrigerator Power Density (W/ft²) | E2: Gas Power Density (Btu/hr-ft²) | F2: Source
A3: =Zones!C3 -> Dining Area (Bar/Lounge and Fine Dining) | B3: 0.5 | D3: 0.25 | F3: Others inputs: T24 2025 - Appendix 5.4A: "2022 SpaceFuncData-Input"
A4: =Zones!C4 -> Kitchen/Food Preparation Area | B4: 1.5 | C4: 590 | D4: 1.12 | E4: =17.54*5500/1200 -> 80.391667 | F4: ReachIn Refrigerator and ReachInFreezer: [PNNL ASHRAE 90.1 2022 SitDown prototype] Other inputs: T24 2025 - Appendix 5.4A: "2022 SpaceFuncData-Input" Plug load density is confirmed by the findings Plug load and schedules project with CEC, 2025
A5: =Zones!C5 -> Attic
A6: *ReachIn Refrigerator and ReachInFreezer Power is based on PNNL model. It doesn’t exist in the CPUC model.
A7: * Gas load is very low compared to PNNL model (194 Btu/hr-ft2 for Kitchen)
A8: Refrigerator load will be simulated as equipment load
G9: =F9/Schedules!AG59/1200 -> 0

Sheet Ext Lighting
A1: ="Exterior Lighting - "&Prototype!A2 -> Exterior Lighting - RestaurantSitDown
A2: Motion Controlled Luminaires (W) | B2: Non-motion Controlled Luminaires (W) | C2: Total (W) | D2: Source
A3: =G18 -> 760.85557 | B3: =G19 -> 136.86347 | C3: =B3+A3 -> 897.71904 | D3: T24, 2022
A8: Exterior Lighting
A9: Items (Assume LZ2) | B9: Assumptions [2019 Outdoor Lighting CASE Report & PNNL 90.1-2010 TSD] | D9: Unit | E9: Lighting Power Allowance [T24, 2025, Table 140.7-A & 140.7-B] | F9: Unit | G9: Exterior Lighting Power (W)
A10: IWA (Initial Wattage Allowance) | E10: 200 | F10: (W) | G10: =$E10 -> 200
A11: Parking area | B11: 400 ft² for every parking space 1 parking space per 250 ft² of gross building area | C11: =B25/250*400 -> 8803.216 | D11: (ft²) | E11: 0.019 | F11: (W/ft²) | G11: =$E11*C11 -> 167.2611
A12: Building Entrance | B12: 2 building entrance (1 per 10,000 ft² footprint) | C12: 1 | D12: (count) | E12: 15 | F12: (W/ea) | G12: =E12*C12 -> 15
A13: Hardscape Ornamental Light | B13: 0.1 ft² per 1 ft² of gross building area for hardscape ornamental light | C13: =B25*0.1 -> 550.201 | D13: (ft²) | E13: 0.007 | F13: (W/ft²) | G13: =E13*C13 -> 3.851407
A14: Building façade | B14: 0.1 W per 1 ft² of facade area Façade Area = Perimeter × 0.5 × 10 ft (10 ft is the building height ) * The 0.5 factor assumes that only half of the perimeter walls are lit. -Formula ia developed based on the 2019 Outdoor Lighting CASE report | C14: =B24*0.5*B27 -> 1000 | D14: (ft²) | E14: 0.1 | F14: (W/ft²) | G14: =E14*C14 -> 100
A15: Drive up windows | B15: 1 per 1500 ft² of gross building area | C15: =ROUND(B25/1500,0) -> 4 | D15: (count) | E15: 30 | F15: (W/ea) | G15: =E15*C15 -> 120
A16: Outdoor dining | B16: 1 ft² per 5 ft² of gross building area | C16: =1/5*B25 -> 1100.402 | D16: (ft²) | E16: 0.03 | F16: (W/ft²) | G16: =E16*C16 -> 33.01206
A17: Sales canopy | B17: 0.1 ft² per 1 ft² of gross building area | C17: =0.1*B25 -> 550.201 | D17: (ft²) | E17: 0.47 | F17: (W/ft²) | G17: =E17*C17 -> 258.59447 | H17: *This row is newly added. The CASE report didn’t include it for 'restaurant' — they probably meant fast food.
A18: Motion controlled Luminaires | G18: =G11+G10+G12+G15+G17 -> 760.85557
A19: Non-motion-controlled Luminaires | G19: =G13+G14+G16 -> 136.86347
A20: TOTAL | G20: =G18+G19 -> 897.71904
A24: Perimeter (ft) | B24: =(50+50)*2 -> 200
A25: Total floor area (ft²) | B25: =Zones!H6 -> 5502.01
A26: Floors | B26: 1
A27: Height (ft) | B27: 10
A32: Background Data [To be deleted prior to publication]
A35: T24, part6, 2025, 130.2(c)3
A60: Title 24, 2025

Sheet Schedules
A1: ="Schedules - "&Prototype!A2 -> Schedules - RestaurantSitDown
A2: Zone | B2: Schedule Category | C2: Schedule | D2: Source | E2: Type | F2: Hour
F3: 1 | G3: 2 | H3: 3 | I3: 4 | J3: 5 | K3: 6 | L3: 7 | M3: 8 | N3: 9 | O3: 10 | P3: 11 | Q3: 12 | R3: 13 | S3: 14 | T3: 15 | U3: 16 | V3: 17 | W3: 18 | X3: 19 | Y3: 20 | Z3: 21 | AA3: 22 | AB3: 23 | AC3: 24
A4: Dining | B4: Restaurant | C4: Occupancy | D4: PNNL,ASHRAE 90.1, 2022 RestaurantSitDown prototype (It has higher occupancy rate during morning compared to T24 2022 - Appendix 5.4B) | E4: Weekday | F4: 0.05 | G4: 0 | H4: 0 | I4: 0 | J4: 0 | K4: 0.05 | L4: 0.1 | M4: 0.4 | N4: 0.4 | O4: 0.4 | P4: 0.2 | Q4: 0.5 | R4: 0.8 | S4: 0.7 | T4: 0.4 | U4: 0.2 | V4: 0.25 | W4: 0.5 | X4: 0.8 | Y4: 0.8 | Z4: 0.8 | AA4: 0.5 | AB4: 0.35 | AC4: 0.2
E5: Saturday | F5: 0.05 | G5: 0 | H5: 0 | I5: 0 | J5: 0 | K5: 0 | L5: 0.05 | M5: 0.5 | N5: 0.5 | O5: 0.4 | P5: 0.2 | Q5: 0.45 | R5: 0.5 | S5: 0.5 | T5: 0.35 | U5: 0.3 | V5: 0.3 | W5: 0.3 | X5: 0.7 | Y5: 0.9 | Z5: 0.7 | AA5: 0.65 | AB5: 0.55 | AC5: 0.35
E6: Sunday | F6: 0.05 | G6: 0 | H6: 0 | I6: 0 | J6: 0 | K6: 0 | L6: 0.05 | M6: 0.5 | N6: 0.5 | O6: 0.2 | P6: 0.2 | Q6: 0.3 | R6: 0.5 | S6: 0.5 | T6: 0.3 | U6: 0.2 | V6: 0.25 | W6: 0.35 | X6: 0.55 | Y6: 0.65 | Z6: 0.7 | AA6: 0.35 | AB6: 0.2 | AC6: 0.2
A7: =A4 -> Dining | B7: Restaurant | C7: Lights | D7: T24 2022 - Appendix 5.4B, [Restaurant] Updated based on the equipment schedule from the plug load and schedule project with CEC | E7: Weekday | F7: 0.15 | G7: 0.15 | H7: 0.15 | I7: 0.15 | J7: 0.15 | K7: 0.2 | L7: 0.3 | M7: =M10-5% -> 0.67 | N7: =N10-5% -> 0.73 | O7: =O10-5% -> 0.75 | P7: =P10-5% -> 0.85 | Q7: =Q10-5% -> 0.85 | R7: =R10-5% -> 0.85 | S7: =S10-5% -> 0.83 | T7: =T10-5% -> 0.72 | ... AB7: =AB10-5% -> 0.57 | AC7: 0.3
E8: Saturday | F8: =F11 -> 0.15 | G8: 0.15 | H8: 0.15 | I8: 0.15 | J8: 0.15 | K8: =K11 -> 0.2 | L8: 0.3 | M8: =M11-5% -> 0.67 | N8: =N11-5% -> 0.73 | O8: =O11-5% -> 0.75 | P8: =P11-5% -> 0.85 | Q8: =Q11-5% -> 0.85 | R8: =R11-5% -> 0.85 | S8: =S11-5% -> 0.83 | T8: =T11-5% -> 0.72 | ... AB8: =AB11-5% -> 0.57 | AC8: 0.3
E9: Sunday | F9: 0.2 | G9: 0.15 | H9: 0.15 | I9: 0.15 | J9: 0.15 | K9: 0.15 | L9: 0.3 | M9: =M12-5% -> 0.67 | N9: =N12-5% -> 0.73 | O9: =O12-5% -> 0.75 | P9: =P12-5% -> 0.85 | Q9: =Q12-5% -> 0.85 | R9: =R12-5% -> 0.85 | S9: =S12-5% -> 0.83 | T9: =T12-5% -> 0.72 | ... AB9: =AB12-5% -> 0.57 | AC9: 0.3
A10: =A4 -> Dining | B10: Restaurant | C10: ElecEquipment | D10: Plug load and schedules project with CEC, 2025 | E10: Weekday | F10: 0.15 | G10: 0.15 | H10: 0.15 | I10: 0.15 | J10: 0.15 | K10: 0.2 | L10: 0.3 | M10: 0.72 | N10: 0.78 | O10: 0.8 | P10: 0.9 | Q10: 0.9 | R10: 0.9 | S10: 0.88 | T10: 0.77 | U10: 0.7 | V10: 0.72 | W10: 0.8 | X10: 0.9 | Y10: 0.9 | Z10: 0.9 | AA10: 0.8 | AB10: 0.62 | AC10: 0.3
E11: Saturday | F11: 0.15 | G11: 0.15 | H11: 0.15 | I11: 0.15 | J11: 0.15 | K11: 0.2 | L11: 0.3 | M11: 0.72 | N11: 0.78 | O11: 0.8 | P11: 0.9 | Q11: 0.9 | R11: 0.9 | S11: 0.88 | T11: 0.77 | U11: 0.7 | V11: 0.72 | W11: 0.8 | X11: 0.9 | Y11: 0.9 | Z11: 0.9 | AA11: 0.8 | AB11: 0.62 | AC11: 0.3
E12: Sunday | F12: 0.2 | G12: 0.15 | H12: 0.15 | I12: 0.15 | J12: 0.15 | K12: 0.15 | L12: 0.3 | M12: 0.72 | N12: 0.78 | O12: 0.8 | P12: 0.9 | Q12: 0.9 | R12: 0.9 | S12: 0.88 | T12: 0.77 | U12: 0.7 | V12: 0.72 | W12: 0.8 | X12: 0.9 | Y12: 0.9 | Z12: 0.9 | AA12: 0.8 | AB12: 0.62 | AC12: 0.3
A13: =A4 -> Dining | B13: Restaurant | C13: HVACAvail | D13: T24 2022 - Appendix 5.4B , [Restaurant] Updated based on the adopted PNNL occupancy | E13: Weekday | F13: 1 | G13: 0 | H13: 0 | I13: 0 | J13: 1 | K13: 1 | L13: 1 | M13: 1 | N13: 1 | O13: 1 | P13: 1 | Q13: 1 | R13: 1 | S13: 1 | T13: 1 | U13: 1 | V13: 1 | W13: 1 | X13: 1 | Y13: 1 | Z13: 1 | AA13: 1 | AB13: 1 | AC13: 1
E14: Saturday | F14: 1 | G14: 0 | H14: 0 | I14: 0 | J14: 0 | K14: 1 | L14: 1 | M14: 1 | N14: 1 | O14: 1 | P14: 1 | Q14: 1 | R14: 1 | S14: 1 | T14: 1 | U14: 1 | V14: 1 | W14: 1 | X14: 1 | Y14: 1 | Z14: 1 | AA14: 1 | AB14: 1 | AC14: 1
E15: Sunday | F15: 1 | G15: 0 | H15: 0 | I15: 0 | J15: 0 | K15: 1 | L15: 1 | M15: 1 | N15: 1 | O15: 1 | P15: 1 | Q15: 1 | R15: 1 | S15: 1 | T15: 1 | U15: 1 | V15: 1 | W15: 1 | X15: 1 | Y15: 1 | Z15: 1 | AA15: 1 | AB15: 1 | AC15: 1
A16: =A7 -> Dining | B16: Restaurant | C16: ServiceHotWater | D16: T24 2022 - Appendix 5.4B, [Restaurant] Updated based on the adopted PNNL occupancy | E16: Weekday | F16: 0.2 | G16: 0 | H16: 0 | I16: 0 | J16: 0 | K16: 0.3 | L16: 0.3 | M16: 0.6 | N16: 0.55 | O16: 0.45 | P16: 0.4 | Q16: 0.45 | R16: 0.4 | S16: 0.35 | T16: 0.3 | U16: 0.3 | V16: 0.3 | W16: 0.4 | X16: 0.55 | Y16: 0.6 | Z16: 0.5 | AA16: 0.55 | AB16: 0.45 | AC16: 0.25
E17: Saturday | F17: 0.2 | G17: 0 | H17: 0 | I17: 0 | J17: 0 | K17: 0 | L17: 0.3 | M17: 0.3 | N17: 0.3 | O17: 0.5 | P17: 0.45 | Q17: 0.5 | R17: 0.5 | S17: 0.45 | T17: 0.4 | U17: 0.4 | V17: 0.35 | W17: 0.4 | X17: 0.55 | Y17: 0.55 | Z17: 0.5 | AA17: 0.55 | AB17: 0.4 | AC17: 0.3
E18: Sunday | F18: 0.25 | G18: 0 | H18: 0 | I18: 0 | J18: 0 | K18: 0 | L18: 0.3 | M18: 0.3 | N18: 0.3 | O18: 0.5 | P18: 0.5 | Q18: 0.5 | R18: 0.4 | S18: 0.4 | T18: 0.3 | U18: 0.3 | V18: 0.3 | W18: 0.4 | X18: 0.5 | Y18: 0.5 | Z18: 0.4 | AA18: 0.5 | AB18: 0.4 | AC18: 0.2
A19: =A4 -> Dining | B19: Restaurant | C19: Infiltration | D19: T24 2022 - Appendix 5.4B, [Restaurant] Updated based on the adopted PNNL occupancy | E19: Weekday | F19: 0.25 | G19: 0 | H19: 0 | I19: 1 | J19: 0.25 | K19: 0.25 | L19: 0.25 | M19: 0.25 | N19: 0.25 | O19: 0.25 | P19: 0.25 | Q19: 0.25 | R19: 0.25 | S19: 0.25 | T19: 0.25 | U19: 0.25 | V19: 0.25 | W19: 0.25 | X19: 0.25 | Y19: 0.25 | Z19: 0.25 | AA19: 0.25 | AB19: 0.25 | AC19: 0.25
E20: Saturday | F20: 0.25 | G20: 0 | H20: 0 | I20: 1 | J20: 1 | K20: 0.25 | L20: 0.25 | M20: 0.25 | N20: 0.25 | O20: 0.25 | P20: 0.25 | Q20: 0.25 | R20: 0.25 | S20: 0.25 | T20: 0.25 | U20: 0.25 | V20: 0.25 | W20: 0.25 | X20: 0.25 | Y20: 0.25 | Z20: 0.25 | AA20: 0.25 | AB20: 0.25 | AC20: 0.25
E21: Sunday | F21: 0.25 | G21: 0 | H21: 0 | I21: 1 | J21: 1 | K21: 0.25 | L21: 0.25 | M21: 0.25 | N21: 0.25 | O21: 0.25 | P21: 0.25 | Q21: 0.25 | R21: 0.25 | S21: 0.25 | T21: 0.25 | U21: 0.25 | V21: 0.25 | W21: 0.25 | X21: 0.25 | Y21: 0.25 | Z21: 0.25 | AA21: 0.25 | AB21: 0.25 | AC21: 0.25
A22: Kitchen | B22: Restaurant | C22: Refrigeration | D22: T24 2022 - Appendix 5.4B, [Restaurant] | E22: Weekday | F22: 0.9 | G22: 0.9 | H22: 0.9 | I22: 0.9 | J22: 0.9 | K22: 0.9 | L22: 0.9 | M22: 0.9 | N22: 0.9 | O22: 0.9 | P22: 0.9 | Q22: 0.9 | R22: 0.9 | S22: 0.9 | T22: 0.9 | U22: 0.9 | V22: 0.9 | W22: 0.9 | X22: 0.9 | Y22: 0.9 | Z22: 0.9 | AA22: 0.9 | AB22: 0.9 | AC22: 0.9
E23: Saturday | F23: 0.9 | G23: 0.9 | H23: 0.9 | I23: 0.9 | J23: 0.9 | K23: 0.9 | L23: 0.9 | M23: 0.9 | N23: 0.9 | O23: 0.9 | P23: 0.9 | Q23: 0.9 | R23: 0.9 | S23: 0.9 | T23: 0.9 | U23: 0.9 | V23: 0.9 | W23: 0.9 | X23: 0.9 | Y23: 0.9 | Z23: 0.9 | AA23: 0.9 | AB23: 0.9 | AC23: 0.9
E24: Sunday | F24: 0.9 | G24: 0.9 | H24: 0.9 | I24: 0.9 | J24: 0.9 | K24: 0.9 | L24: 0.9 | M24: 0.9 | N24: 0.9 | O24: 0.9 | P24: 0.9 | Q24: 0.9 | R24: 0.9 | S24: 0.9 | T24: 0.9 | U24: 0.9 | V24: 0.9 | W24: 0.9 | X24: 0.9 | Y24: 0.9 | Z24: 0.9 | AA24: 0.9 | AB24: 0.9 | AC24: 0.9
A25: =A4 -> Dining | B25: =B16 -> Restaurant | C25: HtgSetpt | D25: T24 2022 - Appendix 5.4B, [Restaurant] | E25: Weekday | F25: =IF(F13=1,Thermostat!$C$3,Thermostat!$C$4) -> 70 | G25: =IF(G13=1,Thermostat!$C$3,Thermostat!$C$4) -> 60 | H25: =IF(H13=1,Thermostat!$C$3,Thermostat!$C$4) -> 60 | I25: =IF(I13=1,Thermostat!$C$3,Thermostat!$C$4) -> 60 | J25: =IF(J13=1,Thermostat!$C$3,Thermostat!$C$4) -> 70 | K25: =IF(K13=1,Thermostat!$C$3,Thermostat!$C$4) -> 70 | L25: =IF(L13=1,Thermostat!$C$3,Thermostat!$C$4) -> 70 | M25: =IF(M13=1,Thermostat!$C$3,Thermostat!$C$4) -> 70 | ... AC25: =IF(AC13=1,Thermostat!$C$3,Thermostat!$C$4) -> 70
E26: Saturday | F26: =IF(F14=1,Thermostat!$C$3,Thermostat!$C$4) -> 70 | G26: =IF(G14=1,Thermostat!$C$3,Thermostat!$C$4) -> 60 | H26: =IF(H14=1,Thermostat!$C$3,Thermostat!$C$4) -> 60 | I26: =IF(I14=1,Thermostat!$C$3,Thermostat!$C$4) -> 60 | J26: =IF(J14=1,Thermostat!$C$3,Thermostat!$C$4) -> 60 | K26: =IF(K14=1,Thermostat!$C$3,Thermostat!$C$4) -> 70 | L26: =IF(L14=1,Thermostat!$C$3,Thermostat!$C$4) -> 70 | M26: =IF(M14=1,Thermostat!$C$3,Thermostat!$C$4) -> 70 | ... AC26: =IF(AC14=1,Thermostat!$C$3,Thermostat!$C$4) -> 70
E27: Sunday | F27: =IF(F15=1,Thermostat!$C$3,Thermostat!$C$4) -> 70 | G27: =IF(G15=1,Thermostat!$C$3,Thermostat!$C$4) -> 60 | H27: =IF(H15=1,Thermostat!$C$3,Thermostat!$C$4) -> 60 | I27: =IF(I15=1,Thermostat!$C$3,Thermostat!$C$4) -> 60 | J27: =IF(J15=1,Thermostat!$C$3,Thermostat!$C$4) -> 60 | K27: =IF(K15=1,Thermostat!$C$3,Thermostat!$C$4) -> 70 | L27: =IF(L15=1,Thermostat!$C$3,Thermostat!$C$4) -> 70 | M27: =IF(M15=1,Thermostat!$C$3,Thermostat!$C$4) -> 70 | ... AC27: =IF(AC15=1,Thermostat!$C$3,Thermostat!$C$4) -> 70
A28: =A4 -> Dining | B28: =B19 -> Restaurant | C28: ClgSetpt | D28: T24 2022 - Appendix 5.4B, [Restaurant] | E28: Weekday | F28: =IF(F13=1,Thermostat!$C$5,Thermostat!$C$6) -> 75 | G28: =IF(G13=1,Thermostat!$C$5,Thermostat!$C$6) -> 85 | H28: =IF(H13=1,Thermostat!$C$5,Thermostat!$C$6) -> 85 | I28: =IF(I13=1,Thermostat!$C$5,Thermostat!$C$6) -> 85 | J28: =IF(J13=1,Thermostat!$C$5,Thermostat!$C$6) -> 75 | K28: =IF(K13=1,Thermostat!$C$5,Thermostat!$C$6) -> 75 | L28: =IF(L13=1,Thermostat!$C$5,Thermostat!$C$6) -> 75 | M28: =IF(M13=1,Thermostat!$C$5,Thermostat!$C$6) -> 75 | ... AC28: =IF(AC13=1,Thermostat!$C$5,Thermostat!$C$6) -> 75
E29: Saturday | F29: =IF(F14=1,Thermostat!$C$5,Thermostat!$C$6) -> 75 | G29: =IF(G14=1,Thermostat!$C$5,Thermostat!$C$6) -> 85 | H29: =IF(H14=1,Thermostat!$C$5,Thermostat!$C$6) -> 85 | I29: =IF(I14=1,Thermostat!$C$5,Thermostat!$C$6) -> 85 | J29: =IF(J14=1,Thermostat!$C$5,Thermostat!$C$6) -> 85 | K29: =IF(K14=1,Thermostat!$C$5,Thermostat!$C$6) -> 75 | L29: =IF(L14=1,Thermostat!$C$5,Thermostat!$C$6) -> 75 | M29: =IF(M14=1,Thermostat!$C$5,Thermostat!$C$6) -> 75 | ... AC29: =IF(AC14=1,Thermostat!$C$5,Thermostat!$C$6) -> 75
E30: Sunday | F30: =IF(F15=1,Thermostat!$C$5,Thermostat!$C$6) -> 75 | G30: =IF(G15=1,Thermostat!$C$5,Thermostat!$C$6) -> 85 | H30: =IF(H15=1,Thermostat!$C$5,Thermostat!$C$6) -> 85 | I30: =IF(I15=1,Thermostat!$C$5,Thermostat!$C$6) -> 85 | J30: =IF(J15=1,Thermostat!$C$5,Thermostat!$C$6) -> 85 | K30: =IF(K15=1,Thermostat!$C$5,Thermostat!$C$6) -> 75 | L30: =IF(L15=1,Thermostat!$C$5,Thermostat!$C$6) -> 75 | M30: =IF(M15=1,Thermostat!$C$5,Thermostat!$C$6) -> 75 | ... AC30: =IF(AC15=1,Thermostat!$C$5,Thermostat!$C$6) -> 75
A31: Kitchen
A32: Kitchen | B32: Kitchen | C32: occupancy | D32: PNNL,ASHRAE 90.1, 2022 RestaurantSitDown prototype (It has higher occupancy rate during morning compared to T24 2022 - Appendix 5.4B) | E32: Weekday | F32: 0.05 | G32: 0 | H32: 0 | I32: 0 | J32: 0 | K32: 0.05 | L32: 0.1 | M32: 0.4 | N32: 0.4 | O32: 0.4 | P32: 0.2 | Q32: 0.5 | R32: 0.8 | S32: 0.7 | T32: 0.4 | U32: 0.2 | V32: 0.25 | W32: 0.5 | X32: 0.8 | Y32: 0.8 | Z32: 0.8 | AA32: 0.5 | AB32: 0.35 | AC32: 0.2
E33: Saturday | F33: 0.05 | G33: 0 | H33: 0 | I33: 0 | J33: 0 | K33: 0 | L33: 0.05 | M33: 0.5 | N33: 0.5 | O33: 0.4 | P33: 0.2 | Q33: 0.45 | R33: 0.5 | S33: 0.5 | T33: 0.35 | U33: 0.3 | V33: 0.3 | W33: 0.3 | X33: 0.7 | Y33: 0.9 | Z33: 0.7 | AA33: 0.65 | AB33: 0.55 | AC33: 0.35
E34: Sunday | F34: 0.05 | G34: 0 | H34: 0 | I34: 0 | J34: 0 | K34: 0 | L34: 0.05 | M34: 0.5 | N34: 0.5 | O34: 0.2 | P34: 0.2 | Q34: 0.3 | R34: 0.5 | S34: 0.5 | T34: 0.3 | U34: 0.2 | V34: 0.25 | W34: 0.35 | X34: 0.55 | Y34: 0.65 | Z34: 0.7 | AA34: 0.35 | AB34: 0.2 | AC34: 0.2
A35: Kitchen | B35: Kitchen | C35: Lights | D35: T24 2022 - Appendix 5.4B, [Restaurant] Updated based on the equipment schedule from the plug load and schedule project with CEC | E35: Weekday | F35: 0.15 | G35: 0.15 | H35: 0.15 | I35: 0.15 | J35: 0.15 | K35: 0.2 | L35: 0.3 | M35: =M38-5% -> 0.67 | N35: =N38-5% -> 0.73 | O35: =O38-5% -> 0.75 | P35: =P38-5% -> 0.85 | Q35: =Q38-5% -> 0.85 | R35: =R38-5% -> 0.85 | S35: =S38-5% -> 0.83 | T35: =T38-5% -> 0.72 | ... AB35: =AB38-5% -> 0.57 | AC35: 0.3
E36: Saturday | F36: =F39 -> 0.15 | G36: 0.15 | H36: 0.15 | I36: 0.15 | J36: 0.15 | K36: =K39 -> 0.2 | L36: 0.3 | M36: =M39-5% -> 0.67 | N36: =N39-5% -> 0.73 | O36: =O39-5% -> 0.75 | P36: =P39-5% -> 0.85 | Q36: =Q39-5% -> 0.85 | R36: =R39-5% -> 0.85 | S36: =S39-5% -> 0.83 | T36: =T39-5% -> 0.72 | ... AB36: =AB39-5% -> 0.57 | AC36: 0.3
E37: Sunday | F37: 0.2 | G37: 0.15 | H37: 0.15 | I37: 0.15 | J37: 0.15 | K37: 0.15 | L37: 0.3 | M37: =M40-5% -> 0.67 | N37: =N40-5% -> 0.73 | O37: =O40-5% -> 0.75 | P37: =P40-5% -> 0.85 | Q37: =Q40-5% -> 0.85 | R37: =R40-5% -> 0.85 | S37: =S40-5% -> 0.83 | T37: =T40-5% -> 0.72 | ... AB37: =AB40-5% -> 0.57 | AC37: 0.3
A38: Kitchen | B38: Kitchen | C38: ElecEquipment | D38: Plug load and schedules project with CEC, 2025 | E38: Weekday | F38: 0.15 | G38: 0.15 | H38: 0.15 | I38: 0.15 | J38: 0.15 | K38: 0.2 | L38: 0.3 | M38: 0.72 | N38: 0.78 | O38: 0.8 | P38: 0.9 | Q38: 0.9 | R38: 0.9 | S38: 0.88 | T38: 0.77 | U38: 0.7 | V38: 0.72 | W38: 0.8 | X38: 0.9 | Y38: 0.9 | Z38: 0.9 | AA38: 0.8 | AB38: 0.62 | AC38: 0.3 | AM38: =(SUM(F38:AC38)*5+SUM(F39:AC40))*52 -> 5292.56
E39: Saturday | F39: 0.15 | G39: 0.15 | H39: 0.15 | I39: 0.15 | J39: 0.15 | K39: 0.2 | L39: 0.3 | M39: 0.72 | N39: 0.78 | O39: 0.8 | P39: 0.9 | Q39: 0.9 | R39: 0.9 | S39: 0.88 | T39: 0.77 | U39: 0.7 | V39: 0.72 | W39: 0.8 | X39: 0.9 | Y39: 0.9 | Z39: 0.9 | AA39: 0.8 | AB39: 0.62 | AC39: 0.3
E40: Sunday | F40: 0.2 | G40: 0.15 | H40: 0.15 | I40: 0.15 | J40: 0.15 | K40: 0.15 | L40: 0.3 | M40: 0.72 | N40: 0.78 | O40: 0.8 | P40: 0.9 | Q40: 0.9 | R40: 0.9 | S40: 0.88 | T40: 0.77 | U40: 0.7 | V40: 0.72 | W40: 0.8 | X40: 0.9 | Y40: 0.9 | Z40: 0.9 | AA40: 0.8 | AB40: 0.62 | AC40: 0.3
A41: Kitchen | B41: Kitchen | C41: HVACAvail | D41: T24 2022 - Appendix 5.4B , [Restaurant] Updated based on the adopted PNNL occupancy | E41: Weekday | F41: 1 | G41: 0 | H41: 0 | I41: 0 | J41: 1 | K41: 1 | L41: 1 | M41: 1 | N41: 1 | O41: 1 | P41: 1 | Q41: 1 | R41: 1 | S41: 1 | T41: 1 | U41: 1 | V41: 1 | W41: 1 | X41: 1 | Y41: 1 | Z41: 1 | AA41: 1 | AB41: 1 | AC41: 1
E42: Saturday | F42: 1 | G42: 0 | H42: 0 | I42: 0 | J42: 0 | K42: 1 | L42: 1 | M42: 1 | N42: 1 | O42: 1 | P42: 1 | Q42: 1 | R42: 1 | S42: 1 | T42: 1 | U42: 1 | V42: 1 | W42: 1 | X42: 1 | Y42: 1 | Z42: 1 | AA42: 1 | AB42: 1 | AC42: 1
E43: Sunday | F43: 1 | G43: 0 | H43: 0 | I43: 0 | J43: 0 | K43: 1 | L43: 1 | M43: 1 | N43: 1 | O43: 1 | P43: 1 | Q43: 1 | R43: 1 | S43: 1 | T43: 1 | U43: 1 | V43: 1 | W43: 1 | X43: 1 | Y43: 1 | Z43: 1 | AA43: 1 | AB43: 1 | AC43: 1
A44: Kitchen | B44: Kitchen | C44: ServiceHotWater | D44: T24 2022 - Appendix 5.4B, [Restaurant] Updated based on the adopted PNNL occupancy | E44: Weekday | F44: 0.2 | G44: 0 | H44: 0 | I44: 0 | J44: 0 | K44: 0.2 | L44: 0.2 | M44: 0.3 | N44: 0.3 | O44: 0.3 | P44: 0.4 | Q44: 0.45 | R44: 0.4 | S44: 0.35 | T44: 0.3 | U44: 0.3 | V44: 0.3 | W44: 0.4 | X44: 0.55 | Y44: 0.6 | Z44: 0.5 | AA44: 0.55 | AB44: 0.45 | AC44: 0.2
E45: Saturday | F45: 0.2 | G45: 0 | H45: 0 | I45: 0 | J45: 0 | K45: 0 | L45: 0.2 | M45: 0.2 | N45: 0.3 | O45: 0.3 | P45: 0.45 | Q45: 0.5 | R45: 0.5 | S45: 0.45 | T45: 0.4 | U45: 0.4 | V45: 0.35 | W45: 0.4 | X45: 0.55 | Y45: 0.55 | Z45: 0.5 | AA45: 0.55 | AB45: 0.4 | AC45: 0.2
E46: Sunday | F46: 0.25 | G46: 0 | H46: 0 | I46: 0 | J46: 0 | K46: 0 | L46: 0.2 | M46: 0.2 | N46: 0.3 | O46: 0.3 | P46: 0.3 | Q46: 0.5 | R46: 0.4 | S46: 0.4 | T46: 0.3 | U46: 0.3 | V46: 0.3 | W46: 0.4 | X46: 0.5 | Y46: 0.5 | Z46: 0.4 | AA46: 0.5 | AB46: 0.4 | AC46: 0.2
A47: Kitchen | B47: Kitchen | C47: Infiltration | D47: T24 2022 - Appendix 5.4B, [Restaurant] Updated based on the adopted PNNL occupancy | E47: Weekday | F47: 0.25 | G47: 0 | H47: 0 | I47: 1 | J47: 0.25 | K47: 0.25 | L47: 0.25 | M47: 0.25 | N47: 0.25 | O47: 0.25 | P47: 0.25 | Q47: 0.25 | R47: 0.25 | S47: 0.25 | T47: 0.25 | U47: 0.25 | V47: 0.25 | W47: 0.25 | X47: 0.25 | Y47: 0.25 | Z47: 0.25 | AA47: 0.25 | AB47: 0.25 | AC47: 0.25
E48: Saturday | F48: 0.25 | G48: 0 | H48: 0 | I48: 1 | J48: 1 | K48: 0.25 | L48: 0.25 | M48: 0.25 | N48: 0.25 | O48: 0.25 | P48: 0.25 | Q48: 0.25 | R48: 0.25 | S48: 0.25 | T48: 0.25 | U48: 0.25 | V48: 0.25 | W48: 0.25 | X48: 0.25 | Y48: 0.25 | Z48: 0.25 | AA48: 0.25 | AB48: 0.25 | AC48: 0.25
E49: Sunday | F49: 0.25 | G49: 0 | H49: 0 | I49: 1 | J49: 1 | K49: 0.25 | L49: 0.25 | M49: 0.25 | N49: 0.25 | O49: 0.25 | P49: 0.25 | Q49: 0.25 | R49: 0.25 | S49: 0.25 | T49: 0.25 | U49: 0.25 | V49: 0.25 | W49: 0.25 | X49: 0.25 | Y49: 0.25 | Z49: 0.25 | AA49: 0.25 | AB49: 0.25 | AC49: 0.25
A50: Kitchen | B50: Kitchen | C50: ExhaustHoodEqualOrLessThan5000cfm | D50: T24 2022 - Appendix 5.4B, [Restaurant] Updated based on the adopted PNNL occupancy | E50: Weekday | F50: 0 | G50: 0 | H50: 0 | I50: 0 | J50: 0 | K50: 1 | L50: 1 | M50: 1 | N50: 1 | O50: 1 | P50: 1 | Q50: 1 | R50: 1 | S50: 1 | T50: 1 | U50: 1 | V50: 1 | W50: 1 | X50: 1 | Y50: 0 | Z50: 0 | AA50: 0 | AB50: 0 | AC50: 0
E51: Saturday | F51: 0 | G51: 0 | H51: 0 | I51: 0 | J51: 0 | K51: 0 | L51: 1 | M51: 1 | N51: 1 | O51: 1 | P51: 1 | Q51: 1 | R51: 1 | S51: 1 | T51: 1 | U51: 1 | V51: 1 | W51: 1 | X51: 1 | Y51: 0 | Z51: 0 | AA51: 0 | AB51: 0 | AC51: 0
E52: Sunday | F52: 0 | G52: 0 | H52: 0 | I52: 0 | J52: 0 | K52: 0 | L52: 1 | M52: 1 | N52: 1 | O52: 1 | P52: 1 | Q52: 1 | R52: 1 | S52: 1 | T52: 1 | U52: 1 | V52: 1 | W52: 1 | X52: 1 | Y52: 0 | Z52: 0 | AA52: 0 | AB52: 0 | AC52: 0
A53: Kitchen | B53: Kitchen | C53: ExhaustHoodGreaterThan 5000cfm | D53: T24 2022 - Appendix 5.4B, [Restaurant] Updated based on the adopted PNNL occupancy | E53: Weekday | F53: 0 | G53: 0 | H53: 0 | I53: 0 | J53: 0 | K53: 1 | L53: 0.5 | M53: 1 | N53: 0.5 | O53: 1 | P53: 0.5 | Q53: 1 | R53: 0.5 | S53: 1 | T53: 0.5 | U53: 1 | V53: 0.5 | W53: 1 | X53: 0.5 | Y53: 0 | Z53: 0 | AA53: 0 | AB53: 0 | AC53: 0
E54: Saturday | F54: 0 | G54: 0 | H54: 0 | I54: 0 | J54: 0 | K54: 0 | L54: 0.5 | M54: 1 | N54: 0.5 | O54: 1 | P54: 0.5 | Q54: 1 | R54: 0.5 | S54: 1 | T54: 0.5 | U54: 1 | V54: 0.5 | W54: 1 | X54: 0.5 | Y54: 0 | Z54: 0 | AA54: 0 | AB54: 0 | AC54: 0
E55: Sunday | F55: 0 | G55: 0 | H55: 0 | I55: 0 | J55: 0 | K55: 0 | L55: 0.5 | M55: 1 | N55: 0.5 | O55: 1 | P55: 0.5 | Q55: 1 | R55: 0.5 | S55: 1 | T55: 0.5 | U55: 1 | V55: 0.5 | W55: 1 | X55: 0.5 | Y55: 0 | Z55: 0 | AA55: 0 | AB55: 0 | AC55: 0
A56: Kitchen | B56: Kitchen | C56: Refrigeration | D56: T24 2022 - Appendix 5.4B, [Restaurant] | E56: Weekday | F56: 0.9 | G56: 0.9 | H56: 0.9 | I56: 0.9 | J56: 0.9 | K56: 0.9 | L56: 0.9 | M56: 0.9 | N56: 0.9 | O56: 0.9 | P56: 0.9 | Q56: 0.9 | R56: 0.9 | S56: 0.9 | T56: 0.9 | U56: 0.9 | V56: 0.9 | W56: 0.9 | X56: 0.9 | Y56: 0.9 | Z56: 0.9 | AA56: 0.9 | AB56: 0.9 | AC56: 0.9
E57: Saturday | F57: 0.9 | G57: 0.9 | H57: 0.9 | I57: 0.9 | J57: 0.9 | K57: 0.9 | L57: 0.9 | M57: 0.9 | N57: 0.9 | O57: 0.9 | P57: 0.9 | Q57: 0.9 | R57: 0.9 | S57: 0.9 | T57: 0.9 | U57: 0.9 | V57: 0.9 | W57: 0.9 | X57: 0.9 | Y57: 0.9 | Z57: 0.9 | AA57: 0.9 | AB57: 0.9 | AC57: 0.9
E58: Sunday | F58: 0.9 | G58: 0.9 | H58: 0.9 | I58: 0.9 | J58: 0.9 | K58: 0.9 | L58: 0.9 | M58: 0.9 | N58: 0.9 | O58: 0.9 | P58: 0.9 | Q58: 0.9 | R58: 0.9 | S58: 0.9 | T58: 0.9 | U58: 0.9 | V58: 0.9 | W58: 0.9 | X58: 0.9 | Y58: 0.9 | Z58: 0.9 | AA58: 0.9 | AB58: 0.9 | AC58: 0.9
A59: Kitchen | B59: Kitchen | C59: GasEquipment | D59: T24 2022 - Appendix 5.4B, [Restaurant] Updated based on the equipment schedule from the plug load and schedule project with CEC | E59: Weekday | F59: 0 | G59: 0 | H59: 0 | I59: 0 | J59: 0 | K59: 0 | L59: 0.3 | M59: 0.5 | N59: 0.5 | O59: 0.5 | P59: 0.8 | Q59: 0.8 | R59: 0.9 | S59: 0.9 | T59: 0.5 | U59: 0.5 | V59: 0.5 | W59: 0.9 | X59: 0.9 | Y59: 0.9 | Z59: 0.8 | AA59: 0.4 | AB59: 0.2 | AC59: 0.2 | AF59: =SUM(F59:AC59)*5+SUM(F60:AC61) -> 77 | AG59: =AF59*52 -> 4004
E60: Saturday | F60: 0 | G60: 0 | H60: 0 | I60: 0 | J60: 0 | K60: 0 | L60: 0.3 | M60: 0.5 | N60: 0.5 | O60: 0.5 | P60: 0.8 | Q60: 0.8 | R60: 0.9 | S60: 0.9 | T60: 0.5 | U60: 0.5 | V60: 0.5 | W60: 0.9 | X60: 0.9 | Y60: 0.9 | Z60: 0.8 | AA60: 0.4 | AB60: 0.2 | AC60: 0.2 | AG60: =(SUM(F38:AC38)*5+SUM(F39:AC40))*52 -> 5292.56
E61: Sunday | F61: 0 | G61: 0 | H61: 0 | I61: 0 | J61: 0 | K61: 0 | L61: 0.3 | M61: 0.5 | N61: 0.5 | O61: 0.5 | P61: 0.8 | Q61: 0.8 | R61: 0.9 | S61: 0.9 | T61: 0.5 | U61: 0.5 | V61: 0.5 | W61: 0.9 | X61: 0.9 | Y61: 0.9 | Z61: 0.8 | AA61: 0.4 | AB61: 0.2 | AC61: 0.2
A62: =A56 -> Kitchen | B62: =B56 -> Kitchen | C62: HtgSetpt | D62: Thermostat Setpoints of PNNL 09.1, 2022 Restaurant prototype and HVAC availability schedule of CEC Restaurant prototype | E62: Weekday | F62: =IF(F41=1,Thermostat!$C$7,Thermostat!$C$8) -> 66 | G62: =IF(G41=1,Thermostat!$C$7,Thermostat!$C$8) -> 60 | H62: =IF(H41=1,Thermostat!$C$7,Thermostat!$C$8) -> 60 | I62: =IF(I41=1,Thermostat!$C$7,Thermostat!$C$8) -> 60 | J62: =IF(J41=1,Thermostat!$C$7,Thermostat!$C$8) -> 66 | K62: =IF(K41=1,Thermostat!$C$7,Thermostat!$C$8) -> 66 | L62: =IF(L41=1,Thermostat!$C$7,Thermostat!$C$8) -> 66 | M62: =IF(M41=1,Thermostat!$C$7,Thermostat!$C$8) -> 66 | ... AC62: =IF(AC41=1,Thermostat!$C$7,Thermostat!$C$8) -> 66
E63: Saturday | F63: =IF(F42=1,Thermostat!$C$7,Thermostat!$C$8) -> 66 | G63: =IF(G42=1,Thermostat!$C$7,Thermostat!$C$8) -> 60 | H63: =IF(H42=1,Thermostat!$C$7,Thermostat!$C$8) -> 60 | I63: =IF(I42=1,Thermostat!$C$7,Thermostat!$C$8) -> 60 | J63: =IF(J42=1,Thermostat!$C$7,Thermostat!$C$8) -> 60 | K63: =IF(K42=1,Thermostat!$C$7,Thermostat!$C$8) -> 66 | L63: =IF(L42=1,Thermostat!$C$7,Thermostat!$C$8) -> 66 | M63: =IF(M42=1,Thermostat!$C$7,Thermostat!$C$8) -> 66 | ... AC63: =IF(AC42=1,Thermostat!$C$7,Thermostat!$C$8) -> 66
E64: Sunday | F64: =IF(F43=1,Thermostat!$C$7,Thermostat!$C$8) -> 66 | G64: =IF(G43=1,Thermostat!$C$7,Thermostat!$C$8) -> 60 | H64: =IF(H43=1,Thermostat!$C$7,Thermostat!$C$8) -> 60 | I64: =IF(I43=1,Thermostat!$C$7,Thermostat!$C$8) -> 60 | J64: =IF(J43=1,Thermostat!$C$7,Thermostat!$C$8) -> 60 | K64: =IF(K43=1,Thermostat!$C$7,Thermostat!$C$8) -> 66 | L64: =IF(L43=1,Thermostat!$C$7,Thermostat!$C$8) -> 66 | M64: =IF(M43=1,Thermostat!$C$7,Thermostat!$C$8) -> 66 | ... AC64: =IF(AC43=1,Thermostat!$C$7,Thermostat!$C$8) -> 66
A65: =A59 -> Kitchen | B65: =B59 -> Kitchen | C65: ClgSetpt | D65: Thermostat Setpoints of PNNL 09.1, 2022 Restaurant prototype and HVAC availability schedule of CEC Restaurant prototype | E65: Weekday | F65: =IF(F41=1,Thermostat!$C$9,Thermostat!$C$10) -> 79 | G65: =IF(G41=1,Thermostat!$C$9,Thermostat!$C$10) -> 86 | H65: =IF(H41=1,Thermostat!$C$9,Thermostat!$C$10) -> 86 | I65: =IF(I41=1,Thermostat!$C$9,Thermostat!$C$10) -> 86 | J65: =IF(J41=1,Thermostat!$C$9,Thermostat!$C$10) -> 79 | K65: =IF(K41=1,Thermostat!$C$9,Thermostat!$C$10) -> 79 | L65: =IF(L41=1,Thermostat!$C$9,Thermostat!$C$10) -> 79 | M65: =IF(M41=1,Thermostat!$C$9,Thermostat!$C$10) -> 79 | ... AC65: =IF(AC41=1,Thermostat!$C$9,Thermostat!$C$10) -> 79
E66: Saturday | F66: =IF(F42=1,Thermostat!$C$9,Thermostat!$C$10) -> 79 | G66: =IF(G42=1,Thermostat!$C$9,Thermostat!$C$10) -> 86 | H66: =IF(H42=1,Thermostat!$C$9,Thermostat!$C$10) -> 86 | I66: =IF(I42=1,Thermostat!$C$9,Thermostat!$C$10) -> 86 | J66: =IF(J42=1,Thermostat!$C$9,Thermostat!$C$10) -> 86 | K66: =IF(K42=1,Thermostat!$C$9,Thermostat!$C$10) -> 79 | L66: =IF(L42=1,Thermostat!$C$9,Thermostat!$C$10) -> 79 | M66: =IF(M42=1,Thermostat!$C$9,Thermostat!$C$10) -> 79 | ... AC66: =IF(AC42=1,Thermostat!$C$9,Thermostat!$C$10) -> 79
E67: Sunday | F67: =IF(F43=1,Thermostat!$C$9,Thermostat!$C$10) -> 79 | G67: =IF(G43=1,Thermostat!$C$9,Thermostat!$C$10) -> 86 | H67: =IF(H43=1,Thermostat!$C$9,Thermostat!$C$10) -> 86 | I67: =IF(I43=1,Thermostat!$C$9,Thermostat!$C$10) -> 86 | J67: =IF(J43=1,Thermostat!$C$9,Thermostat!$C$10) -> 86 | K67: =IF(K43=1,Thermostat!$C$9,Thermostat!$C$10) -> 79 | L67: =IF(L43=1,Thermostat!$C$9,Thermostat!$C$10) -> 79 | M67: =IF(M43=1,Thermostat!$C$9,Thermostat!$C$10) -> 79 | ... AC67: =IF(AC43=1,Thermostat!$C$9,Thermostat!$C$10) -> 79
A68: Other
B69: Building | C69: ExtLightingNonMotionCtrl | E69: Weekday | F69: 1 | G69: 1 | H69: 1 | I69: 1 | J69: 1 | K69: 1 | L69: 1 | M69: 1 | N69: 1 | O69: 1 | P69: 1 | Q69: 1 | R69: 1 | S69: 1 | T69: 1 | U69: 1 | V69: 1 | W69: 1 | X69: 1 | Y69: 1 | Z69: 1 | AA69: 1 | AB69: 1 | AC69: 1
E70: Saturday | F70: 1 | G70: 1 | H70: 1 | I70: 1 | J70: 1 | K70: 1 | L70: 1 | M70: 1 | N70: 1 | O70: 1 | P70: 1 | Q70: 1 | R70: 1 | S70: 1 | T70: 1 | U70: 1 | V70: 1 | W70: 1 | X70: 1 | Y70: 1 | Z70: 1 | AA70: 1 | AB70: 1 | AC70: 1
E71: Sunday | F71: 1 | G71: 1 | H71: 1 | I71: 1 | J71: 1 | K71: 1 | L71: 1 | M71: 1 | N71: 1 | O71: 1 | P71: 1 | Q71: 1 | R71: 1 | S71: 1 | T71: 1 | U71: 1 | V71: 1 | W71: 1 | X71: 1 | Y71: 1 | Z71: 1 | AA71: 1 | AB71: 1 | AC71: 1
B72: Building | C72: ExtLightingMotionCtrl | E72: Weekday | F72: 0 | G72: 0 | H72: 0 | I72: 0 | J72: 0 | K72: 1 | L72: 1 | M72: 1 | N72: 1 | O72: 1 | P72: 1 | Q72: 1 | R72: 1 | S72: 1 | T72: 1 | U72: 1 | V72: 1 | W72: 1 | X72: 1 | Y72: 1 | Z72: 1 | AA72: 1 | AB72: 0 | AC72: 0
E73: Saturday | F73: 0 | G73: 0 | H73: 0 | I73: 0 | J73: 0 | K73: 1 | L73: 1 | M73: 1 | N73: 1 | O73: 1 | P73: 1 | Q73: 1 | R73: 1 | S73: 1 | T73: 1 | U73: 1 | V73: 1 | W73: 1 | X73: 1 | Y73: 1 | Z73: 1 | AA73: 1 | AB73: 1 | AC73: 1
E74: Sunday | F74: 0 | G74: 0 | H74: 0 | I74: 0 | J74: 0 | K74: 1 | L74: 1 | M74: 1 | N74: 1 | O74: 1 | P74: 1 | Q74: 1 | R74: 1 | S74: 1 | T74: 1 | U74: 1 | V74: 1 | W74: 1 | X74: 1 | Y74: 1 | Z74: 1 | AA74: 1 | AB74: 1 | AC74: 1
A75: Dining | B75: Building | C75: DiningAreaPeopleActivityLevel | D75: Based on Activity level schedules in CEC Prototypes and assumed spaces for Basement | E75: Weekday | F75: 161.2 | G75: 161.2 | H75: 161.2 | I75: 161.2 | J75: 161.2 | K75: 161.2 | L75: 161.2 | M75: 161.2 | N75: 161.2 | O75: 161.2 | P75: 161.2 | Q75: 161.2 | R75: 161.2 | S75: 161.2 | T75: 161.2 | U75: 161.2 | V75: 161.2 | W75: 161.2 | X75: 161.2 | Y75: 161.2 | Z75: 161.2 | AA75: 161.2 | AB75: 161.2 | AC75: 161.2
E76: Saturday | F76: 161.2 | G76: 161.2 | H76: 161.2 | I76: 161.2 | J76: 161.2 | K76: 161.2 | L76: 161.2 | M76: 161.2 | N76: 161.2 | O76: 161.2 | P76: 161.2 | Q76: 161.2 | R76: 161.2 | S76: 161.2 | T76: 161.2 | U76: 161.2 | V76: 161.2 | W76: 161.2 | X76: 161.2 | Y76: 161.2 | Z76: 161.2 | AA76: 161.2 | AB76: 161.2 | AC76: 161.2
E77: Sunday | F77: 161.2 | G77: 161.2 | H77: 161.2 | I77: 161.2 | J77: 161.2 | K77: 161.2 | L77: 161.2 | M77: 161.2 | N77: 161.2 | O77: 161.2 | P77: 161.2 | Q77: 161.2 | R77: 161.2 | S77: 161.2 | T77: 161.2 | U77: 161.2 | V77: 161.2 | W77: 161.2 | X77: 161.2 | Y77: 161.2 | Z77: 161.2 | AA77: 161.2 | AB77: 161.2 | AC77: 161.2
A78: Kitchen | B78: Building | C78: KitchenPeopleActivityLevel | D78: Based on Activity level schedules in CEC Prototypes and assumed spaces for Basement | E78: Weekday | F78: 219.8 | G78: 219.8 | H78: 219.8 | I78: 219.8 | J78: 219.8 | K78: 219.8 | L78: 219.8 | M78: 219.8 | N78: 219.8 | O78: 219.8 | P78: 219.8 | Q78: 219.8 | R78: 219.8 | S78: 219.8 | T78: 219.8 | U78: 219.8 | V78: 219.8 | W78: 219.8 | X78: 219.8 | Y78: 219.8 | Z78: 219.8 | AA78: 219.8 | AB78: 219.8 | AC78: 219.8
E79: Saturday | F79: 219.8 | G79: 219.8 | H79: 219.8 | I79: 219.8 | J79: 219.8 | K79: 219.8 | L79: 219.8 | M79: 219.8 | N79: 219.8 | O79: 219.8 | P79: 219.8 | Q79: 219.8 | R79: 219.8 | S79: 219.8 | T79: 219.8 | U79: 219.8 | V79: 219.8 | W79: 219.8 | X79: 219.8 | Y79: 219.8 | Z79: 219.8 | AA79: 219.8 | AB79: 219.8 | AC79: 219.8
E80: Sunday | F80: 219.8 | G80: 219.8 | H80: 219.8 | I80: 219.8 | J80: 219.8 | K80: 219.8 | L80: 219.8 | M80: 219.8 | N80: 219.8 | O80: 219.8 | P80: 219.8 | Q80: 219.8 | R80: 219.8 | S80: 219.8 | T80: 219.8 | U80: 219.8 | V80: 219.8 | W80: 219.8 | X80: 219.8 | Y80: 219.8 | Z80: 219.8 | AA80: 219.8 | AB80: 219.8 | AC80: 219.8
A90: Background Data [To be deleted prior to publication]
B93: Occupancy | C93: T24 2022 | D93: Kitchen | E93: Weekday | F93: {=_xlfn._xlws.FILTER($F$124:$AC$189,($B$124:$B$189=$B$93)*($C$124:$C$189=C93)*(($D$124:$D$189=$D$93) + ($D$124:$D$189="All zones"))*($E$124:$E$189=$E$93),"No match")} -> 0.15 | G93: 0.15 | H93: 0.05 | I93: 0 | J93: 0 | K93: 0 | L93: 0 | M93: 0.05 | N93: 0.05 | O93: 0.05 | P93: 0.2 | Q93: 0.5 | R93: 0.8 | S93: 0.7 | T93: 0.4 | U93: 0.2 | V93: 0.25 | W93: 0.5 | X93: 0.8 | Y93: 0.8 | Z93: 0.8 | AA93: 0.5 | AB93: 0.35 | AC93: 0.2
C94: ComNET | F94: {=_xlfn._xlws.FILTER($F$124:$AC$189,($B$124:$B$189=$B$93)*($C$124:$C$189=C94)*(($D$124:$D$189=$D$93) + ($D$124:$D$189="All zones"))*($E$124:$E$189=$E$93),"No match")} -> 0 | G94: 0 | H94: 0 | I94: 0 | J94: 0 | K94: 0 | L94: 0.25 | M94: 0.75 | N94: 0.9 | O94: 0.9 | P94: 0.9 | Q94: 0.9 | R94: 0.9 | S94: 0.9 | T94: 0.75 | U94: 0.25 | V94: 0.25 | W94: 0.75 | X94: 0.9 | Y94: 0.9 | Z94: 0.9 | AA94: 0.9 | AB94: 0.75 | AC94: 0.25
C95: Plug load and schedules project | F95: {=_xlfn._xlws.FILTER($F$124:$AC$189,($B$124:$B$189=$B$93)*($C$124:$C$189=C95)*(($D$124:$D$189=$D$93) + ($D$124:$D$189="All zones"))*($E$124:$E$189=$E$93),"No match")} -> No match
C96: CPUC | F96: {=_xlfn._xlws.FILTER($F$124:$AC$189,($B$124:$B$189=$B$93)*($C$124:$C$189=C96)*(($D$124:$D$189=$D$93) + ($D$124:$D$189="All zones"))*($E$124:$E$189=$E$93),"No match")} -> 0.15 | G96: 0.15 | H96: 0.05 | I96: 0 | J96: 0 | K96: 0 | L96: 0 | M96: 0.05 | N96: 0.05 | O96: 0.05 | P96: 0.2 | Q96: 0.5 | R96: 0.8 | S96: 0.7 | T96: 0.4 | U96: 0.2 | V96: 0.25 | W96: 0.5 | X96: 0.8 | Y96: 0.8 | Z96: 0.8 | AA96: 0.5 | AB96: 0.35 | AC96: 0.2
C97: PNNL90.1 2022 | F97: {=_xlfn._xlws.FILTER($F$124:$AC$189,($B$124:$B$189=$B$93)*($C$124:$C$189=C97)*(($D$124:$D$189=$D$93) + ($D$124:$D$189="All zones"))*($E$124:$E$189=$E$93),"No match")} -> 0.05 | G97: 0 | H97: 0 | I97: 0 | J97: 0 | K97: 0.05 | L97: 0.1 | M97: 0.4 | N97: 0.4 | O97: 0.4 | P97: 0.2 | Q97: 0.5 | R97: 0.8 | S97: 0.7 | T97: 0.4 | U97: 0.2 | V97: 0.25 | W97: 0.5 | X97: 0.8 | Y97: 0.8 | Z97: 0.8 | AA97: 0.5 | AB97: 0.35 | AC97: 0.2
C98: Proposed | F98: {=_xlfn._xlws.FILTER($F$124:$AC$189,($B$124:$B$189=$B$93)*($C$124:$C$189=C98)*(($D$124:$D$189=$D$93) + ($D$124:$D$189="All zones"))*($E$124:$E$189=$E$93),"No match")} -> 0.05 | G98: 0 | H98: 0 | I98: 0 | J98: 0 | K98: 0.05 | L98: 0.1 | M98: 0.4 | N98: 0.4 | O98: 0.4 | P98: 0.2 | Q98: 0.5 | R98: 0.8 | S98: 0.7 | T98: 0.4 | U98: 0.2 | V98: 0.25 | W98: 0.5 | X98: 0.8 | Y98: 0.8 | Z98: 0.8 | AA98: 0.5 | AB98: 0.35 | AC98: 0.2
B100: =B93&" - "&D93& " - "&E93 -> Occupancy - Kitchen - Weekday
B123: COMNET/Building_Space_Specific_Loads/dining__cafeteria_fast_food/kitchen/space_specific_schedules.json at master · pnnl/COMNET · GitHub | S123: COMNET/Building_Space_Specific_Loads/dining__cafeteria_fast_food/dining_cafeteria_fast_food/space_specific_schedules.json at master · pnnl/COMNET · GitHub
B124: Equipment | C124: Proposed | D124: All zones | E124: Weekday | F124: =F10 -> 0.15 | G124: =G10 -> 0.15 | H124: =H10 -> 0.15 | I124: =I10 -> 0.15 | J124: =J10 -> 0.15 | K124: =K10 -> 0.2 | L124: =L10 -> 0.3 | M124: =M10 -> 0.72 | ... AC124: =AC10 -> 0.3
B125: Equipment | C125: Proposed | D125: All zones | E125: Saturday | F125: =F11 -> 0.15 | G125: =G11 -> 0.15 | H125: =H11 -> 0.15 | I125: =I11 -> 0.15 | J125: =J11 -> 0.15 | K125: =K11 -> 0.2 | L125: =L11 -> 0.3 | M125: =M11 -> 0.72 | ... AC125: =AC11 -> 0.3
B126: Equipment | C126: Proposed | D126: All zones | E126: Sunday | F126: =F12 -> 0.2 | G126: =G12 -> 0.15 | H126: =H12 -> 0.15 | I126: =I12 -> 0.15 | J126: =J12 -> 0.15 | K126: =K12 -> 0.15 | L126: =L12 -> 0.3 | M126: =M12 -> 0.72 | ... AC126: =AC12 -> 0.3
B127: Occupancy | C127: Proposed | D127: All zones | E127: Weekday | F127: =F4 -> 0.05 | G127: =G4 -> 0 | H127: =H4 -> 0 | I127: =I4 -> 0 | J127: =J4 -> 0 | K127: =K4 -> 0.05 | L127: =L4 -> 0.1 | M127: =M4 -> 0.4 | ... AC127: =AC4 -> 0.2
B128: Occupancy | C128: Proposed | D128: All zones | E128: Saturday | F128: =F5 -> 0.05 | G128: =G5 -> 0 | H128: =H5 -> 0 | I128: =I5 -> 0 | J128: =J5 -> 0 | K128: =K5 -> 0 | L128: =L5 -> 0.05 | M128: =M5 -> 0.5 | ... AC128: =AC5 -> 0.35
B129: Occupancy | C129: Proposed | D129: All zones | E129: Sunday | F129: =F6 -> 0.05 | G129: =G6 -> 0 | H129: =H6 -> 0 | I129: =I6 -> 0 | J129: =J6 -> 0 | K129: =K6 -> 0 | L129: =L6 -> 0.05 | M129: =M6 -> 0.5 | ... AC129: =AC6 -> 0.2
B130: Lighting | C130: Proposed | D130: All zones | E130: Weekday | F130: =F7 -> 0.15 | G130: =G7 -> 0.15 | H130: =H7 -> 0.15 | I130: =I7 -> 0.15 | J130: =J7 -> 0.15 | K130: =K7 -> 0.2 | L130: =L7 -> 0.3 | M130: =M7 -> 0.67 | ... AC130: =AC7 -> 0.3
B131: Lighting | C131: Proposed | D131: All zones | E131: Saturday | F131: =F8 -> 0.15 | G131: =G8 -> 0.15 | H131: =H8 -> 0.15 | I131: =I8 -> 0.15 | J131: =J8 -> 0.15 | K131: =K8 -> 0.2 | L131: =L8 -> 0.3 | M131: =M8 -> 0.67 | ... AC131: =AC8 -> 0.3
B132: Lighting | C132: Proposed | D132: All zones | E132: Sunday | F132: =F9 -> 0.2 | G132: =G9 -> 0.15 | H132: =H9 -> 0.15 | I132: =I9 -> 0.15 | J132: =J9 -> 0.15 | K132: =K9 -> 0.15 | L132: =L9 -> 0.3 | M132: =M9 -> 0.67 | ... AC132: =AC9 -> 0.3
B133: Equipment | C133: T24 2022 | D133: All zones | E133: Weekday | F133: 0.15 | G133: 0.15 | H133: 0.15 | I133: 0.15 | J133: 0.15 | K133: 0.2 | L133: 0.4 | M133: 0.4 | N133: 0.6 | O133: 0.6 | P133: 0.9 | Q133: 0.9 | R133: 0.9 | S133: 0.9 | T133: 0.9 | U133: 0.9 | V133: 0.9 | W133: 0.9 | X133: 0.9 | Y133: 0.9 | Z133: 0.9 | AA133: 0.9 | AB133: 0.5 | AC133: 0.3
B134: Equipment | C134: T24 2022 | D134: All zones | E134: Saturday | F134: 0.2 | G134: 0.15 | H134: 0.15 | I134: 0.15 | J134: 0.15 | K134: 0.15 | L134: 0.3 | M134: 0.3 | N134: 0.6 | O134: 0.6 | P134: 0.8 | Q134: 0.8 | R134: 0.8 | S134: 0.8 | T134: 0.8 | U134: 0.8 | V134: 0.8 | W134: 0.9 | X134: 0.9 | Y134: 0.9 | Z134: 0.9 | AA134: 0.9 | AB134: 0.5 | AC134: 0.3
...

Sheet Occupnacy
A1: HVAC Operating Hour
A2: Period | B2: Hour | C2: Weekdays Multiplier | E2: Saturday | F2: Sunday
A3: 12:00 am - 6:00 am | B3: 6 | D3: 0
A4: 6:00 am -7:00 am | B4: 1 | C4: 20% capcaity | D4: 0.2
A5: 7:00 am - 8:00 am | B5: 1 | C5: 70% Capacity | D5: 0.7
A6: 8:00 am - 17:00 pm | B6: 9 | C6: Full capacity | D6: 1
A7: 17:00 pm - 18:00 pm | B7: 1 | C7: 70% Capacity | D7: 0.7
A8: 18:00 pm - 19:00 pm | B8: 1 | C8: 50% capacity | D8: 0.5
A9: 19:00 pm - 20:00 pm | B9: 1 | C9: 20% capcaity | D9: 0.3
A10: 20:00 pm - 22:00 pm | B10: 2 | C10: 20% capcaity | D10: 0.2
A11: 22:00 pm - 12:00 am | B11: 2 | D11: 0
D12: =SUMPRODUCT(D4:D10,B4:B10) -> 11.8 | E12: =(E35-D12*249)/(52*2+11) -> 3.026702 | F12: 0
A30: Background Data [To be deleted prior to publication]
A33: CEUS 2022 data
A35: Total Weighted Average Annual Operating Hours | D35: Office, Small | E35: 3286.2707 | G35: Working day | H35: =52*5-11 -> 249
A36: Weighted Average Operating Hours Per Day | D36: Office, Small | E36: 9.0034814
A37: Weighted average operating hours per working day (assuming zeo load for weekends) | D37: Office, Small | E37: =E35/H35 -> 13.197874
A40: Operating Hours Per Day (in 4-hrs bin) By Planning Area & Forecast Zone
A41: Calculation Method | B41: Statewide/ Utility/ FCZ | C41: Building Type | D41: 0< X <=4 | E41: 4< X <=8 | F41: 8< X <=12 | G41: 12< X <=16 | H41: 16< X <=20 | I41: 20<= X <24 | J41: 24 Hrs/Day | K41: Not Available | L41: Total | M41: ← Operating Hours Per Day
A42: Floorspace-Based | B42: Statewide | C42: Office, Small | D42: 0.0092199273 | E42: 0.37041761 | F42: 0.52762779 | G42: 0.050098237 | H42: 0.011767082 | I42: 0.0056645949 | J42: 0.0067988415 | K42: 0.018405914 | L42: 1
A44: Annual Operating Hours By Planning Area & Forecast Zone
A45: Calculation Method | B45: Statewide/ Utility/ FCZ | C45: Building Type | D45: <=500 Hrs | E45: 500 < Hrs <=1000 | F45: 1000 < Hrs <=1500 | G45: 1500 < Hrs <=2000 | H45: 2000 < Hrs <=2500 | I45: 2500 < Hrs <=3000 | J45: 3000 < Hrs <=3500 | K45: 3500 < Hrs <=4000 | L45: 4000 < Hrs <=4500 | M45: 4500 < Hrs <=5000 | N45: 5000 < Hrs <=5500 | O45: 5500 < Hrs <=6000 | P45: 6500 < Hrs <=7000 | Q45: 7000 < Hrs <=7000 | R45: 7500 < Hrs <=8000 | S45: 8000< Hrs <=8500 | T45: 8001 < Hrs <=8500 | U45: 8500 < Hrs <8760 | V45: 8760 Hours | W45: Total | X45: ← Annual Operating Hours
A46: Floorspace-Based | B46: Statewide | C46: Office, Small | D46: 0.00062650872 | E46: 0.0030686645 | F46: 0.01574256 | G46: 0.071774339 | H46: 0.53637528 | I46: 0.19274235 | J46: 0.087378482 | K46: 0.024838127 | L46: 0.019926606 | M46: 0.0063344986 | N46: 0.0058534528 | O46: 0.0053988043 | P46: 0.0021390823 | Q46: 0.0025964832 | R46: 5.0745006e-05 | S46: 0 | T46: 0.00037350006 | U46: 0.0034568859 | V46: 0.021323624 | W46: 1
A50: Occupnacy Schedules (existing prototypes extracted from the idf files (presented below)
B66: PNNL | E66: DEER | J66: CEC
A67: Hour | B67: m2/person | C67: 18.580626 | F67: Person/m2: 0.0538195521 | G67: =1/0.0538 -> 18.587361 | J67: Person/m2 :0.0538195521 | L67: =1/ 0.0538195521 -> 18.580608
B68: PNNL (Core+ 3 Perimeter) | C68: PNNL( 1 Perimeter) | E68: DEER Normal day | F68: DEER Saturday | G68: DEER (Other day) | J68: CEC Weekday | K68: CEC Saturday | L68: CEC Sunday
A69: 1 | B69: 0 | C69: 0 | E69: 0 | F69: 0 | G69: 0 | J69: 0 | K69: 0 | L69: 0
A70: =A69+1 -> 2 | B70: 0 | C70: 0 | E70: 0 | F70: 0 | G70: 0 | J70: 0 | K70: 0 | L70: 0
A71: =A70+1 -> 3 | B71: 0 | C71: 0 | E71: 0 | F71: 0 | G71: 0 | J71: 0 | K71: 0 | L71: 0
A72: =A71+1 -> 4 | B72: 0 | C72: 0 | E72: 0 | F72: 0 | G72: 0 | J72: 0 | K72: 0 | L72: 0
A73: =A72+1 -> 5 | B73: 0 | C73: 0 | E73: 0 | F73: 0 | G73: 0 | J73: 0 | K73: 0 | L73: 0
A74: =A73+1 -> 6 | B74: 0 | C74: 0 | E74: 0 | F74: 0 | G74: 0 | J74: 0 | K74: 0 | L74: 0
A75: =A74+1 -> 7 | B75: 0.11 | C75: 0.11 | E75: 0.1 | F75: 0.1 | G75: 0.05 | J75: 0.1 | K75: 0.1 | L75: 0.05
A76: =A75+1 -> 8 | B76: 0.21 | C76: 0.21 | E76: 0.2 | F76: 0.1 | G76: 0.05 | J76: 0.2 | K76: 0.1 | L76: 0.05
A77: =A76+1 -> 9 | B77: 1 | C77: 1 | E77: 0.95 | F77: 0.3 | G77: 0.05 | J77: 0.95 | K77: 0.3 | L77: 0.05
A78: =A77+1 -> 10 | B78: 1 | C78: 1 | E78: 0.95 | F78: 0.3 | G78: 0.05 | J78: 0.95 | K78: 0.3 | L78: 0.05
A79: =A78+1 -> 11 | B79: 1 | C79: 0 | E79: 0.95 | F79: 0.3 | G79: 0.05 | J79: 0.95 | K79: 0.3 | L79: 0.05
A80: =A79+1 -> 12 | B80: 1 | C80: 1 | E80: 0.95 | F80: 0.3 | G80: 0.05 | J80: 0.95 | K80: 0.3 | L80: 0.05
A81: =A80+1 -> 13 | B81: 1 | C81: 0 | E81: 0.5 | F81: 0.1 | G81: 0.05 | J81: 0.5 | K81: 0.1 | L81: 0.05
... A92: =A91+1 -> 24 | B92: 0 | C92: 0 | E92: 0.05 | F92: 0 | G92: 0 | J92: 0 | K92: 0 | L92: 0
B93: =SUM(B69:B92) -> 10.63 | C93: =SUM(C69:C92) -> 7.13 | E93: =SUM(E69:E92) -> 9.2 | F93: =SUM(F69:F92) -> 2 | G93: =SUM(G69:G92) -> 0.6 | J93: =SUM(J69:J92) -> 9.15 | K93: =SUM(K69:K92) -> 2 | L93: =SUM(L69:L92) -> 0.6
B94: 10 h entirely occupied | C94: 17 | E94: 9 h entirely occupied | F94: =13 -> 13 | G94: 9 h entirely occupied
A99: DEER 2024 (Old model rebuilt in E+)
B101: DEERSmall Office idf: 07-2024
B102: Schedule:Compact, | E102: Schedule:Compact, | K102: Schedule:Compact, | Q102: Schedule:Compact, | W102: Schedule:Compact, | AC102: Schedule:Compact, | AH102: Schedule:Compact, | AN102: Schedule:Compact, | AT102: Schedule:Compact, | AZ102: Schedule:Compact,
B103: Hall EL1 Core Spc (G.C5) Occupant Sch, !- Name | E103: OfficeSmall EL1 North Perim Spc (G.N3) Occupant Sch, !- Name | K103: OfficeSmall EL1 East Perim Spc (G.E2) Occupant Sch, !- Name | Q103: OfficeSmall EL1 South Perim Spc (G.S1) Occupant Sch, !- Name | W103: OfficeSmall EL1 West Perim Spc (G.W4) Occupant Sch, !- Name | AC103: Hall EL1 Core Spc (T.C15) Occupant Sch, !- Name | AH103: OfficeSmall EL1 East Perim Spc (T.E12) Occupant Sch, !- Name | AN103: OfficeSmall EL1 North Perim Spc (T.N13) Occupant Sch, !- Name | AT103: OfficeSmall EL1 South Perim Spc (T.S11) Occupant Sch, !- Name | AZ103: OfficeSmall EL1 West Perim Spc (T.W14) Occupant Sch, !- Name
B104: Unit Interval, !- Schedule Type Limits Name | E104: Unit Interval, !- Schedule Type Limits Name | K104: Unit Interval, !- Schedule Type Limits Name | Q104: Unit Interval, !- Schedule Type Limits Name | W104: Unit Interval, !- Schedule Type Limits Name | AC104: Unit Interval, !- Schedule Type Limits Name | AH104: Unit Interval, !- Schedule Type Limits Name | AN104: Unit Interval, !- Schedule Type Limits Name | AT104: Unit Interval, !- Schedule Type Limits Name | AZ104: Unit Interval, !- Schedule Type Limits Name
B105: Through: 12/31, !- Field 1 | E105: Through: 12/31, !- Field 1 | K105: Through: 12/31, !- Field 1 | Q105: Through: 12/31, !- Field 1 | W105: Through: 12/31, !- Field 1 | AC105: Through: 12/31, !- Field 1 | AH105: Through: 12/31, !- Field 1 | AN105: Through: 12/31, !- Field 1 | AT105: Through: 12/31, !- Field 1 | AZ105: Through: 12/31, !- Field 1
B106: For: SummerDesignDay, !- Field 2 | E106: For: SummerDesignDay, !- Field 2 | K106: For: SummerDesignDay, !- Field 2 | Q106: For: SummerDesignDay, !- Field 2 | W106: For: SummerDesignDay, !- Field 2 | AC106: For: SummerDesignDay, !- Field 2 | AH106: For: SummerDesignDay, !- Field 2 | AN106: For: SummerDesignDay, !- Field 2 | AT106: For: SummerDesignDay, !- Field 2 | AZ106: For: SummerDesignDay, !- Field 2
B107: Until: 24:00,1.0, !- Field 3 | E107: Until: 24:00,1.0, !- Field 3 | K107: Until: 24:00,1.0, !- Field 3 | N107: 0 | O107: 0 | Q107: Until: 24:00,1.0, !- Field 3 | W107: Until: 24:00,1.0, !- Field 3 | AC107: Until: 24:00,1.0, !- Field 3 | AH107: Until: 24:00,1.0, !- Field 3 | AN107: Until: 24:00,1.0, !- Field 3 | AT107: Until: 24:00,1.0, !- Field 3 | AZ107: Until: 24:00,1.0, !- Field 3
B108: For: WinterDesignDay, !- Field 5 | E108: For: WinterDesignDay, !- Field 5 | K108: For: WinterDesignDay, !- Field 5 | N108: 0 | O108: 0 | Q108: For: WinterDesignDay, !- Field 5 | W108: For: WinterDesignDay, !- Field 5 | AC108: For: WinterDesignDay, !- Field 5 | AH108: For: WinterDesignDay, !- Field 5 | AN108: For: WinterDesignDay, !- Field 5 | AT108: For: WinterDesignDay, !- Field 5 | AZ108: For: WinterDesignDay, !- Field 5
B109: Until: 24:00,0.0, !- Field 6 | E109: Until: 24:00,0.0, !- Field 6 | K109: Until: 24:00,0.0, !- Field 6 | N109: 0 | O109: 0 | Q109: Until: 24:00,0.0, !- Field 6 | W109: Until: 24:00,0.0, !- Field 6 | AC109: Until: 24:00,0.0, !- Field 6 | AH109: Until: 24:00,0.0, !- Field 6 | AN109: Until: 24:00,0.0, !- Field 6 | AT109: Until: 24:00,0.0, !- Field 6 | AZ109: Until: 24:00,0.0, !- Field 6
B110: For: Weekdays, !- Field 8 | E110: For: Weekdays, !- Field 8 | K110: For: Weekdays, !- Field 8 | N110: 0 | O110: 0 | Q110: For: Weekdays, !- Field 8 | W110: For: Weekdays, !- Field 8 | AC110: For: Weekdays, !- Field 8 | AH110: For: Weekdays, !- Field 8 | AN110: For: Weekdays, !- Field 8 | AT110: For: Weekdays, !- Field 8 | AZ110: For: Weekdays, !- Field 8
B111: Until: 06:00,0.0, !- Field 9 | E111: Until: 06:00,0.0, !- Field 9 | K111: Until: 06:00,0.0, !- Field 9 | N111: 0 | O111: 0 | Q111: Until: 06:00,0.0, !- Field 9 | W111: Until: 06:00,0.0, !- Field 9 | AC111: Until: 06:00,0.0, !- Field 9 | AH111: Until: 06:00,0.0, !- Field 9 | AN111: Until: 06:00,0.0, !- Field 9 | AT111: Until: 06:00,0.0, !- Field 9 | AZ111: Until: 06:00,0.0, !- Field 9
B112: Until: 07:00,0.10, !- Field 11 | E112: Until: 07:00,0.10, !- Field 11 | K112: Until: 07:00,0.10, !- Field 11 | N112: 0 | O112: 0 | Q112: Until: 07:00,0.10, !- Field 11 | W112: Until: 07:00,0.10, !- Field 11 | AC112: Until: 07:00,0.10, !- Field 11 | AH112: Until: 07:00,0.10, !- Field 11 | AN112: Until: 07:00,0.10, !- Field 11 | AT112: Until: 07:00,0.10, !- Field 11 | AZ112: Until: 07:00,0.10, !- Field 11
B113: Until: 08:00,0.20, !- Field 13 | E113: Until: 08:00,0.20, !- Field 13 | K113: Until: 08:00,0.20, !- Field 13 | N113: 0.1 | O113: 0.1 | Q113: Until: 08:00,0.20, !- Field 13 | W113: Until: 08:00,0.20, !- Field 13 | AC113: Until: 08:00,0.20, !- Field 13 | AH113: Until: 08:00,0.20, !- Field 13 | AN113: Until: 08:00,0.20, !- Field 13 | AT113: Until: 08:00,0.20, !- Field 13 | AZ113: Until: 08:00,0.20, !- Field 13
B114: Until: 12:00,0.95, !- Field 15 | E114: Until: 12:00,0.95, !- Field 15 | K114: Until: 12:00,0.95, !- Field 15 | N114: 0.2 | O114: 0.1 | Q114: Until: 12:00,0.95, !- Field 15 | W114: Until: 12:00,0.95, !- Field 15 | AC114: Until: 12:00,0.95, !- Field 15 | AH114: Until: 12:00,0.95, !- Field 15 | AN114: Until: 12:00,0.95, !- Field 15 | AT114: Until: 12:00,0.95, !- Field 15 | AZ114: Until: 12:00,0.95, !- Field 15
B115: Until: 13:00,0.50, !- Field 17 | E115: Until: 13:00,0.50, !- Field 17 | K115: Until: 13:00,0.50, !- Field 17 | N115: 0.95 | O115: 0.3 | Q115: Until: 13:00,0.50, !- Field 17 | W115: Until: 13:00,0.50, !- Field 17 | AC115: Until: 13:00,0.50, !- Field 17 | AH115: Until: 13:00,0.50, !- Field 17 | AN115: Until: 13:00,0.50, !- Field 17 | AT115: Until: 13:00,0.50, !- Field 17 | AZ115: Until: 13:00,0.50, !- Field 17
B116: Until: 17:00,0.95, !- Field 19 | E116: Until: 17:00,0.95, !- Field 19 | K116: Until: 17:00,0.95, !- Field 19 | N116: 0.95 | O116: 0.3 | Q116: Until: 17:00,0.95, !- Field 19 | W116: Until: 17:00,0.95, !- Field 19 | AC116: Until: 17:00,0.95, !- Field 19 | AH116: Until: 17:00,0.95, !- Field 19 | AN116: Until: 17:00,0.95, !- Field 19 | AT116: Until: 17:00,0.95, !- Field 19 | AZ116: Until: 17:00,0.95, !- Field 19
B117: Until: 18:00,0.30, !- Field 21 | E117: Until: 18:00,0.30, !- Field 21 | K117: Until: 18:00,0.30, !- Field 21 | N117: 0.95 | O117: 0.3 | Q117: Until: 18:00,0.30, !- Field 21 | W117: Until: 18:00,0.30, !- Field 21 | AC117: Until: 18:00,0.30, !- Field 21 | AH117: Until: 18:00,0.30, !- Field 21 | AN117: Until: 18:00,0.30, !- Field 21 | AT117: Until: 18:00,0.30, !- Field 21 | AZ117: Until: 18:00,0.30, !- Field 21
B118: Until: 22:00,0.10, !- Field 23 | E118: Until: 22:00,0.10, !- Field 23 | K118: Until: 22:00,0.10, !- Field 23 | N118: 0.95 | O118: 0.3 | Q118: Until: 22:00,0.10, !- Field 23 | W118: Until: 22:00,0.10, !- Field 23 | AC118: Until: 22:00,0.10, !- Field 23 | AH118: Until: 22:00,0.10, !- Field 23 | AN118: Until: 22:00,0.10, !- Field 23 | AT118: Until: 22:00,0.10, !- Field 23 | AZ118: Until: 22:00,0.10, !- Field 23
... B130: Until: 24:00,0.0; !- Field 45 | E130: Until: 24:00,0.0; !- Field 45 | K130: Until: 24:00,0.0; !- Field 45 | N130: 0.05 | O130: 0 | Q130: Until: 24:00,0.0; !- Field 45 | W130: Until: 24:00,0.0; !- Field 45 | AC130: Until: 24:00,0.0; !- Field 45 | AH130: Until: 24:00,0.0; !- Field 45 | AN130: Until: 24:00,0.0; !- Field 45 | AT130: Until: 24:00,0.0; !- Field 45 | AZ130: Until: 24:00,0.0; !- Field 45
A133: PNNL 2022
B135: PNNL Small Office | E135: Schedule:Compact, | G135: For only 1 perimeter zone
B136: Schedule:Compact, | E136: BLDG_OCC_SCH_w_SB, !- Name
B137: BLDG_OCC_SCH_wo_SB, !- Name | E137: Fraction, !- Schedule Type Limits Name
B138: Fraction, !- Schedule Type Limits Name | E138: Through: 12/31, !- Field 1
B139: Through: 12/31, !- Field 1 | E139: For: Weekdays, !- Field 2
B140: For: Weekdays, !- Field 2 | E140: Until: 01:00,0, !- Field 3
B141: Until: 01:00,0, !- Field 3 | E141: Until: 02:00,0, !- Field 5
B142: Until: 02:00,0, !- Field 5 | E142: Until: 03:00,0, !- Field 7
B143: Until: 03:00,0, !- Field 7 | E143: Until: 04:00,0, !- Field 9
B144: Until: 04:00,0, !- Field 9 | E144: Until: 05:00,0, !- Field 11
B145: Until: 05:00,0, !- Field 11 | E145: Until: 06:00,0, !- Field 13
B146: Until: 06:00,0, !- Field 13 | E146: Until: 07:00,0.11, !- Field 15
B147: Until: 07:00,0.11, !- Field 15 | E147: Until: 08:00,0.21, !- Field 17
... B185: Until: 20:00,0, !- Field 90 | E185: Until: 21:00,0, !- Field 92
B186: Until: 21:00,0, !- Field 92 | E186: Until: 22:00,0, !- Field 94 | L186: Weekday | M186: Saturday | N186: Sunday
B187: Until: 22:00,0, !- Field 94 | E187: Until: 23:00,0, !- Field 96 | K187: Occupancy Load | L187: 13 hours | M187: =K93 -> 2 | N187: =L93 -> 0.6
B188: Until: 23:00,0, !- Field 96 | E188: Until: 24:00,0, !- Field 98
B189: Until: 24:00,0, !- Field 98 | E189: For: Holiday, !- Field 100
B190: For: Holiday, !- Field 100 | E190: Until: 24:00,0.0, !- Field 101
B191: Until: 24:00,0.0, !- Field 101 | E191: For: WinterDesignDay, !- Field 103 | N191: CEUS | V191: Entirely occupied
B192: For: WinterDesignDay, !- Field 103 | E192: Until: 24:00,0.0, !- Field 104 | N192: Total Weighted Average Annual Operating Hours | R192: Office, Small | S192: 3286.2707 | U192: DEER | V192: 10
B193: Until: 24:00,0.0, !- Field 104 | E193: For: SummerDesignDay, !- Field 106 | N193: Weighted Average Operating Hours Per Day | R193: Office, Small | S193: 9.0034814 | U193: CEC | V193: 9
B194: For: SummerDesignDay, !- Field 106 | E194: Until: 24:00,1.0, !- Field 107 | N194: Weighted average operating hours per working day | R194: Office, Small | S194: =S192/249 -> 13.197874 | U194: PNNL | V194: 9
B195: Until: 24:00,1.0, !- Field 107 | E195: For: CustomDay1, !- Field 109
B196: For: CustomDay1, !- Field 109 | E196: Until: 24:00,0.0, !- Field 110
B197: Until: 24:00,0.0, !- Field 110 | E197: For: CustomDay2, !- Field 112
B198: For: CustomDay2, !- Field 112 | E198: Until: 24:00,0.0; !- Field 113
B199: Until: 24:00,0.0; !- Field 113
A202: CBECC 2023
B204: CEC: CBEC 2023
B205: Schedule:Day:Interval, | D205: Schedule:Day:Interval, | F205: Schedule:Day:Interval,
B206: OfficeOccupancyWD, !- Name | D206: OfficeOccupancySat, !- Name | F206: OfficeOccupancySun, !- Name
B207: Fraction, !- Schedule Type Limits Name | D207: Fraction, !- Schedule Type Limits Name | F207: Fraction, !- Schedule Type Limits Name | K207: CEC
B208: No, !- Interpolate to Timestep | D208: No, !- Interpolate to Timestep | F208: No, !- Interpolate to Timestep
B209: 01:00, !- Time 1 | D209: 01:00, !- Time 1 | F209: 01:00, !- Time 1 | J209: 1
B210: 0, !- Value Until Time 1 | D210: 0, !- Value Until Time 1 | F210: 0, !- Value Until Time 1 | J210: =J209+1 -> 2
...

Sheet Energy Usage
A1: ="CalBEM Energy Consumption - "&Prototype!A2 -> CalBEM Energy Consumption - RestaurantSitDown | I1: National Average (EnergyStar Portfolio Manager) | N1: CEUS Energy Consumption - Restaurant
A2: Prototype | B2: CZ | C2: CalBEM Electricity EUI (KBTU/ft²) | D2: CalBEM Gas EUI (KBTU/ft²) | E2: CalBEM Total EUI (KBTU/ft²) | F2: New Construction Electricity EUI (KBTU/ft²) | G2: New Construction Gas EUI (KBTU/ft²) | H2: New Construction Total EUI (KBTU/ft²) | I2: National Average | J2: Acceptable Range (25% Higher) | K2: Acceptable Range (25% Lower) | L2: National Average Acceptable EUI Range | N2: Prototype | O2: CZ | P2: Total Floorspace (Thousand of ft²) | Q2: CEUS 2022 Electricity EUI (kBtu/ft²) | R2: CEUS 2022 Gas EUI (kBtu/ft²) | S2: CEUS 2022 Total EUI (kBtu/ft²) | T2: Acceptable Range (25% Higher) | U2: Acceptable Range (25% Lower) | V2: CEUS 2022 Acceptable EUI Range
A3: RetailStripMall | B3: 1 | I3: 286.5 | J3: =I3*1.25 -> 358.125 | K3: =0.75*I3 -> 214.875 | L3: =J3-K3 -> 143.25 | N3: Restaurant | O3: 1 | P3: 2670.248 | Q3: 140.21338 | R3: 188.39676 | S3: =Q3+R3 -> 328.61014 | T3: =S3*1.25 -> 410.76268 | U3: =S3*0.75 -> 246.45761 | V3: =T3-U3 -> 164.30507
B4: 2 | I4: 286.5 | J4: =I4*1.25 -> 358.125 | K4: =0.75*I4 -> 214.875 | L4: =J4-K4 -> 143.25 | O4: 2 | P4: 4962.8202 | Q4: 115.43442 | R4: 178.59594 | S4: =Q4+R4 -> 294.03035 | T4: =S4*1.25 -> 367.53794 | U4: =S4*0.75 -> 220.52276 | V4: =T4-U4 -> 147.01518
B5: 3 | I5: 286.5 | J5: =I5*1.25 -> 358.125 | K5: =0.75*I5 -> 214.875 | L5: =J5-K5 -> 143.25 | O5: 3 | P5: 23016.189 | Q5: 121.68255 | R5: 177.66532 | S5: =Q5+R5 -> 299.34786 | T5: =S5*1.25 -> 374.18483 | U5: =S5*0.75 -> 224.5109 | V5: =T5-U5 -> 149.67393
B6: 4 | I6: 286.5 | J6: =I6*1.25 -> 358.125 | K6: =0.75*I6 -> 214.875 | L6: =J6-K6 -> 143.25 | O6: 4 | P6: 11906.95 | Q6: 121.67947 | R6: 177.2298 | S6: =Q6+R6 -> 298.90927 | T6: =S6*1.25 -> 373.63658 | U6: =S6*0.75 -> 224.18195 | V6: =T6-U6 -> 149.45463
B7: 5 | I7: 286.5 | J7: =I7*1.25 -> 358.125 | K7: =0.75*I7 -> 214.875 | L7: =J7-K7 -> 143.25 | O7: 5 | P7: 2232.1752 | Q7: 116.89707 | R7: 182.67998 | S7: =Q7+R7 -> 299.57705 | T7: =S7*1.25 -> 374.47131 | U7: =S7*0.75 -> 224.68278 | V7: =T7-U7 -> 149.78852
B8: 6 | I8: 286.5 | J8: =I8*1.25 -> 358.125 | K8: =0.75*I8 -> 214.875 | L8: =J8-K8 -> 143.25 | O8: 6 | P8: 19264.558 | Q8: 114.30761 | R8: 210.86262 | S8: =Q8+R8 -> 325.17023 | T8: =S8*1.25 -> 406.46278 | U8: =S8*0.75 -> 243.87767 | V8: =T8-U8 -> 162.58511
B9: 7 | I9: 286.5 | J9: =I9*1.25 -> 358.125 | K9: =0.75*I9 -> 214.875 | L9: =J9-K9 -> 143.25 | O9: 7 | P9: 11474.844 | Q9: 139.92699 | R9: 228.2706 | S9: =Q9+R9 -> 368.19759 | T9: =S9*1.25 -> 460.24699 | U9: =S9*0.75 -> 276.14819 | V9: =T9-U9 -> 184.0988
B10: 8 | I10: 286.5 | J10: =I10*1.25 -> 358.125 | K10: =0.75*I10 -> 214.875 | L10: =J10-K10 -> 143.25 | O10: 8 | P10: 29165.647 | Q10: 124.09734 | R10: 226.014 | S10: =Q10+R10 -> 350.11135 | T10: =S10*1.25 -> 437.63918 | U10: =S10*0.75 -> 262.58351 | V10: =T10-U10 -> 175.05567
B11: 9 | I11: 286.5 | J11: =I11*1.25 -> 358.125 | K11: =0.75*I11 -> 214.875 | L11: =J11-K11 -> 143.25 | O11: 9 | P11: 44906.607 | Q11: 111.94889 | R11: 217.89529 | S11: =Q11+R11 -> 329.84417 | T11: =S11*1.25 -> 412.30522 | U11: =S11*0.75 -> 247.38313 | V11: =T11-U11 -> 164.92209
B12: 10 | I12: 286.5 | J12: =I12*1.25 -> 358.125 | K12: =0.75*I12 -> 214.875 | L12: =J12-K12 -> 143.25 | O12: 10 | P12: 24025.703 | Q12: 129.08381 | R12: 231.92373 | S12: =Q12+R12 -> 361.00755 | T12: =S12*1.25 -> 451.25944 | U12: =S12*0.75 -> 270.75566 | V12: =T12-U12 -> 180.50377
B13: 11 | I13: 286.5 | J13: =I13*1.25 -> 358.125 | K13: =0.75*I13 -> 214.875 | L13: =J13-K13 -> 143.25 | O13: 11 | P13: 8514.5666 | Q13: 141.13317 | R13: 172.39688 | S13: =Q13+R13 -> 313.53005 | T13: =S13*1.25 -> 391.91256 | U13: =S13*0.75 -> 235.14753 | V13: =T13-U13 -> 156.76502
B14: 12 | I14: 286.5 | J14: =I14*1.25 -> 358.125 | K14: =0.75*I14 -> 214.875 | L14: =J14-K14 -> 143.25 | O14: 12 | P14: 37639.22 | Q14: 145.52445 | R14: 191.73774 | S14: =Q14+R14 -> 337.26219 | T14: =S14*1.25 -> 421.57774 | U14: =S14*0.75 -> 252.94665 | V14: =T14-U14 -> 168.6311
B15: 13 | I15: 286.5 | J15: =I15*1.25 -> 358.125 | K15: =0.75*I15 -> 214.875 | L15: =J15-K15 -> 143.25 | O15: 13 | P15: 12120.121 | Q15: 147.93232 | R15: 194.18501 | S15: =Q15+R15 -> 342.11732 | T15: =S15*1.25 -> 427.64665 | U15: =S15*0.75 -> 256.58799 | V15: =T15-U15 -> 171.05866
... B18: 16 | I18: 286.5 | J18: =I18*1.25 -> 358.125 | K18: =0.75*I18 -> 214.875 | L18: =J18-K18 -> 143.25 | O18: 16 | P18: 23693.285 | Q18: 127.46412 | R18: 198.83728 | S18: =Q18+R18 -> 326.3014 | T18: =S18*1.25 -> 407.87675 | U18: =S18*0.75 -> 244.72605 | V18: =T18-U18 -> 163.1507
I19: Same for all ZIP code
N20: Ref: CEUS 2022 Report
N21: And converted FZ level data to CZ level
N22: Restaurants have only one category in CEUS data.
A54: Background Data [To be deleted prior to publication]
N56: EIA 2018: | O56: U.S. Energy Information Administration - EIA - Independent Statistics and Analysis
B57: In CZ 15 Design day gives us coil capacity of 6419 but I hard sized it to 90,000 btu/hr to decrease Heating Unmet hr in Kitchen
B58: Design day Coil size in CZ15 for V2 is about 250,000!
C60: Screenshot of assumption for the national average in the EnergyStar Portfolio Manager website
C61: ENERGY STAR Portfolio Manager Upgrade

Sheet Weights
A1: ="% of Floor Area per CZ and Vintage Bin - Restaurant" -> % of Floor Area per CZ and Vintage Bin - Restaurant | J1: ="% of Floor Area per CZ and Vintage Bin - Restaurant" -> % of Floor Area per CZ and Vintage Bin - Restaurant
A2: Prototype | B2: CZ | C2: Vintage Bin | J2: Prototype | K2: Vintage Bin | L2: CZ
C3: Pre-1978 | D3: 1978-1997 | E3: 1998-2007 | F3: 2008-2018 | G3: Not available | L3: 1 | M3: 2 | N3: 3 | O3: 4 | P3: 5 | Q3: 6 | R3: 7 | S3: 8 | T3: 9 | U3: 10 | V3: 11 | W3: 12 | X3: 13 | Y3: 14 | Z3: 15 | AA3: 16
A4: Restaurant | B4: 1 | H4: =SUM(C4:G4) -> 0 | J4: Restaurant | K4: Pre-1978 | AB4: =SUM(L4:AA4) -> 0
B5: 2 | H5: =SUM(C5:G5) -> 0 | K5: 1978-1997 | AB5: =SUM(L5:AA5) -> 0
B6: 3 | H6: =SUM(C6:G6) -> 0 | K6: 1998-2007 | AB6: =SUM(L6:AA6) -> 0
B7: 4 | H7: =SUM(C7:G7) -> 0 | K7: 2008-2018 | AB7: =SUM(L7:AA7) -> 0
B8: 5 | H8: =SUM(C8:G8) -> 0 | K8: Not available | AB8: =SUM(L8:AA8) -> 0
B9: 6 | H9: =SUM(C9:G9) -> 0 | K9: Total | AB9: =SUM(L9:AA9) -> 0
B10: 7 | H10: =SUM(C10:G10) -> 0
B11: 8 | H11: =SUM(C11:G11) -> 0
B12: 9 | H12: =SUM(C12:G12) -> 0
B13: 10 | H13: =SUM(C13:G13) -> 0
B14: 11 | H14: =SUM(C14:G14) -> 0
B15: 12 | H15: =SUM(C15:G15) -> 0
B16: 13 | H16: =SUM(C16:G16) -> 0
B17: 14 | H17: =SUM(C17:G17) -> 0
B18: 15 | H18: =SUM(C18:G18) -> 0
B19: 16 | H19: =SUM(C19:G19) -> 0
B20: Statewide | H20: =SUM(C20:G20) -> 0
A22: Ref: CEUS 2022 dataset
A23: And converted FZ level data to CZ level
A24: Restaurants have only one category in CEUS data.
A29: Background Data [To be deleted prior to publication]

Sheet PV
A1: ="PV - "&Prototype!A2 -> PV - RestaurantSitDown
A2: TBD

Sheet EV Charger
A1: ="EV Charger - "&Prototype!A2 -> EV Charger - RestaurantSitDown
A2: TBD

Sheet Data
A1: Space Function | B1: Electric Equipment Load Intensity | C1: Electric Equipment Load Intensity | D1: LPD
A2: Aging Eye/Low-vision (Corridor Area) | D2: 2013 | E2: 2016 | F2: 2019 | G2: 2025
A3: Aging Eye/Low-vision (Dining)
A4: Aging Eye/Low-vision (Lobby, Main Entry)
A5: Aging Eye/Low-vision (Lounge/Waiting Area)
A6: Aging Eye/Low-vision (Multipurpose Room)
A7: Aging Eye/Low-vision (Religious Worship Area)
A8: Aging Eye/Low-vision (Restroom)
A9: Aging Eye/Low-vision (Stairwell)
A10: Audience Seating Area
A11: Auditorium Area
A12: Auto Repair / Maintenance Area
A13: Barber, Beauty Salon, Spa Area
A14: Civic Meeting Place Area
... A83: Server Room (EPD 45)
