Workbook
Name nonparticipating_forecastzone_scale_factor: #REF!
Name nonparticipating_forecastzone_scale_factor: #REF!
Name nonparticipating_forecastzone_scale_factor: 'Energy Usage'!#REF!
Name Space_Function: Data!$A$2:$A$76

Sheet Notes
A1: Data Sources
A2: Dataset | B2: Dodge 2023
B3: Commercial End-Use Survey (CEUS) 2022 | C3: https://www.energy.ca.gov/publications/2023/2022-california-commercial-end-use-survey-ceus-final-report
B4: Commercial Buildings Energy Consumption Survey (CBECS) 2018 | C4: https://www.eia.gov/consumption/commercial/data/2018/
B5: ComStock 2023 | C5: https://comstock.nlr.gov/page/datasets
B6: Database for Energy Efficient Resources (DEER) Grocery Store prototype (June 2023) | C6: https://github.com/sound-data/DEER-Prototypes-EnergyPlus
B7: Oak Ridge National Laboratory (ORNL) (2019) Supermarket Building Energy Model | C7: https://www.osti.gov/servlets/purl/3019970
A8: Codes | B8: Titile 24, part 6, referred to as T24 (1984, 1992,1998, 2001, 2005, 2008, 2013, 2016,2019, 2022, 2025) | C8: https://www.energy.ca.gov/publications/2025/2025-building-energy-efficiency-standards-residential-and-nonresidential | D8: 2025
C9: https://codes.iccsafe.org/codes/united-states/california | D9: 2010+
B10: American Society of Heating, Refrigerating and Air-Conditioning Engineers (ASHRAE) 90.1 (2022) | C10: https://www.ashrae.org/technical-resources/standards-and-guidelines/read-only-versions-of-ashrae-standards
B11: Code of Federal Regulations (CFR) Title 10 (2010) | C11: https://www.govinfo.gov/content/pkg/FR-2009-03-23/pdf/FR-2009-03-23.pdf
B12: CFR Title 10 (2024) | C12: https://www.govinfo.gov/content/pkg/CFR-2024-title10-vol3/pdf/CFR-2024-title10-vol3-part431-subpartF.pdf
B13: Title 20 | C13: https://govt.westlaw.com/calregs/Document/I270DCA634B4011EFA8F7F119BAF97AD6?viewType=FullText&originationContext=documenttoc&transitionType=CategoryPageItem&contextData=(sc.Default)
A14: Others | B14: Alternative Calculation Method (ACM) (2022) | C14: https://www.energy.ca.gov/publications/2022/2022-nonresidential-and-multifamily-alternative-calculation-method-reference
B15: ACM (2025) | C15: https://www.energy.ca.gov/publications/2025/2025-nonresidential-and-multifamily-alternative-calculation-method-reference
B16: Title 24, 2025, Appendix B: Water Heating Calculation Method | C16: https://www.energy.ca.gov/sites/default/files/2025-11/CEC-400-2025-006-AP-B.pdf
B17: Nonres ACM 2022, Appendix 5.4A and Appendix 5.4B | C17: https://www.energy.ca.gov/publications/2022/2022-nonresidential-and-multifamily-alternative-calculation-method-reference
B18: 2022 Reduced infiltration Codes and Standards Enhancement (CASE) report | C18: https://title24stakeholders.com/wp-content/uploads/2020/10/2022-T24-Final-CASE-Report_Reduce-Infiltration.pdf
B19: 2019 Outdoor Lighting CASE Report | C19: https://title24stakeholders.com/wp-content/uploads/2016/10/T24-2019-CASE-Study-Results-Report-Outdoor-Sources_Final_with-Attachments.pdf
B20: PNNL 20405, 2011 | C20: https://www.pnnl.gov/main/publications/external/technical_reports/PNNL-20405.pdf
B21: Air leakage Memo, NORESCO, 2025 | C21: Infiltration_rate_report_14May2025-Short-Version.docx
B22: Retail Building Guide for Entrance Energy Efficiency Measures (2012) | C22: https://www.osti.gov/servlets/purl/1037934
B23: Yousefi, F., Athalye, R., (2025), "Determining Vintage Bins for Prototype Development: An Analysis of California Commercial Buildings," ASHRAE Annual Conference | C23: https://www.thefreelibrary.com/Determining+Vintage+Bins+for+Prototype+Development%3a+An+Analysis+of...-a0879271125
B24: Proposed Updates to Equipment Power Densities and Building Schedules for the 2028 Energy Code, referred to as "Plug load and schedules project with CEC, 2025" (Docket Number =25-BSTD-03 & TN=265693) | C24: https://efiling.energy.ca.gov/GetDocument.aspx?tn=265693&DocumentContentId=102545
B25: ENERGY STAR certified commercial water heaters | C25: https://www.energystar.gov/productfinder/product/certified-commercial-water-heaters/results?fuel_filter=Gas&markets_filter=United+States
B26: Grainger gas tank water heaters (sizes below commercial, e.g. 30–75 kBtu/h) | C26: https://www.grainger.com/category/plumbing/water-heaters/gas-tank-water-heaters
B27: Grainger electric tank water heaters | C27: https://www.grainger.com/category/plumbing/water-heaters/electric-tank-water-heaters
A30: Construction Rate
A43: Notes
A44: The grocery prototype represents the "big-box" stand-alone retail model typical of Ralph's, Safeway, Albertsons. Where needed, the Grocery and Medium Retail could be weighted to represent a Super Walmart type of space.

Sheet Prototype
A1: NORESCO, Updated September 2026
A2: RetailGrocery
A3: Characteristic | B3: Value | C3: Data Sources
A4: Building Type | B4: Grocery
A5: Building Category | B5: Nonresidential
A6: Version | B6: v2-0
A7: Vintages | B7: 4 Vintages: Pre-1978 , 1978-1997 ,1998-2007 , 2008-2018 New Construction (2019+) | C7: Based on the vintage bin analysis. A summary of the findings is presented in the following paper, with a link provided in the Notes tab: Yousefi, F., Athalye, R. (2025). “Determining Vintage Bins for Prototype Development: An Analysis of California Commercial Buildings.” ASHRAE Annual Conference.
A8: Shape | C8: Proposed Plan Based on Typical Grocery Store
A9: Total Floor Area (ft²) | B9: 50,000 (250 ft x 200 ft) | C9: Proposed Plan Based on Typical Grocery Store
A10: Aspect Ratio | B10: 1.25 | C10: Proposed Plan Based on Typical Grocery Store
A11: Number of Floors | B11: 1 | C11: Proposed Plan Based on Typical Grocery Store
A12: Roof type | B12: Flat | C12: Proposed Plan Based on Typical Grocery Store
A13: WWR | B13: 0.0775 | C13: Proposed Plan Based on Typical Grocery Store
A14: Shading Geometry | B14: N/A | C14: Proposed Plan Based on Typical Grocery Store
A15: Floor to floor height (feet) | B15: N/A | C15: Proposed Plan Based on Typical Grocery Store
A16: Floor to ceiling height (feet) | B16: 25 | C16: Proposed Plan Based on Typical Grocery Store
A17: Glazing sill height (feet) | B17: 3 ft (top of the window is 10 ft high with 7 ft high glass) | C17: CPUC (DEER 2023) Grocery prototype
A18: Skylight-to-Roof-Ratio (SRR) | B18: 0.023 | C18: Title 24 Skylight Requirement
A29: Existing Grocery Prototypes
B32: CPUC: Retail_Grocery
A33: Geometry/ Floor plan | D33: Zones of DEER prototype | E33: Floor area | F33: Share
A34: Total floor area (ft²) | B34: 49997 | D34: IndLoadDock | E34: 2850.9 | F34: =E34/$E$40 -> 0.057021467
D35: RefWalkInCool | E35: 1559.65 | F35: =E35/$E$40 -> 0.031194897
D36: RefWalkInFreeze | E36: 812.23 | F36: =E36/$E$40 -> 0.016245588
D37: RefFoodPrep | E37: 1267.01 | F37: =E37/$E$40 -> 0.025341741
D38: Grocery Sale | E38: 40007.28 | F38: =E38/$E$40 -> 0.80019425
D39: Office | E39: 3499.89 | F39: =E39/$E$40 -> 0.070002056
E40: =SUM(E34:E39) -> 49996.96
A43: Other Existing Retail Prototypes
A45: Large size prototype
B46: CEC: Retail_Large | C46: CPUC: Retail_Multistory Large (Rt3) | D46: CPUC: Retail_Single-Story Large (RtL)
A47: Geometry
A48: Total floor area (ft²) | B48: 240000 | C48: =3*40000 -> 120000 | D48: 130502
A50: Medium size prototype
B51: CEC: Retail_Medium | E51: PNNL : Retail_Standalone | F51: PNNL: Retail_Stripmall
A52: Geometry | B52: zoning same as PNNL Stand alone with more skylight
A53: Total floor area (ft²) | B53: 24692 | E53: 24692 | F53: 22500
A55: Small size prototype
B56: CEC: Retail_Stripmall (Mixed use) | C56: CPUC: Retail_Small (RtS)
A57: Geometry
A58: Total floor area (ft²) | B58: 9375 | C58: 8001

Sheet Zones
A1: ="Proposed Layout - "&Prototype!A2 -> Proposed Layout - RetailGrocery | R1: Spaces and Zoning layout - "Rn" indicates which refrigerated cases are in each zone.
A2: Building | B2: Space/Thermal Zone | C2: Space Type [Primarily from: T24, 2022 Appendix 5.4A] - See Notes column | D2: HVAC System Name (NC) | E2: HVAC System Name (Existing) | F2: Schedule Category | G2: Conditioned (Y/N) | H2: Area Fraction | I2: Area (ft²) | J2: Volume (ft³) | K2: Multipliers | L2: Number of People | M2: People (Persons/1,000 ft²) [T24, 2025,Table 120.1-A] | N2: Notes | P2: --- 40 ft --- | Q2: --- 70ft --- | R2: N --- 34 ft --- | S2: 250' North Façade | T2: --- 106 ft ---
A3: RetailGrocery | B3: Checkout Area | C3: Retail Sales Area (Grocery Sales) | D3: SZVAVHP_Checkout Area_NC | E3: PSZAC_Checkout Area_Existing | F3: Grocery Sales & Office | G3: Y | H3: =10000/50000 -> 0.2 | I3: =H3*50000 -> 10000 | J3: =I3*Prototype!$B$16 -> 250000 | K3: 1 | L3: =M3*I3/1000 -> 170 | M3: 17 | P3: Back Office | Q3: Refr Food Prep | R3: Walk-in Freezers | S3: Loading Dock - Semi-Conditioned | U3: 30 ft
A4: RetailGrocery | B4: Produce | C4: Retail Sales Area (Grocery Sales) | D4: SZVAVHP_Produce_NC | E4: PSZAC_Produce_Existing | F4: Grocery Sales & Office | G4: Y | H4: =4400/50000 -> 0.088 | I4: =H4*50000 -> 4400 | J4: =I4*Prototype!$B$16 -> 110000 | K4: 1 | L4: =M4*I4/1000 -> 74.8 | M4: 17 | P4: (1200 sf) | Q4: 2100 sf) | R4: Walk-in Coolers | S4: (stock area) | T4: 3200 sf
A5: RetailGrocery | B5: General Merch | C5: Retail Sales Area (Grocery Sales) | D5: SZVAVHP_General Merch_NC | E5: PSZAC_General Merch_Existing | F5: Grocery Sales & Office | G5: Y | H5: =7700/50000 -> 0.154 | I5: =H5*50000 -> 7700 | J5: =I5*Prototype!$B$16 -> 192500 | K5: 1 | L5: =M5*I5/1000 -> 130.9 | M5: 17 | Q5: 5000 sf (250'x20') | R5: Meat and Dairy | T5: R1, R2 | U5: 20'
A6: RetailGrocery | B6: Frozen | C6: Retail Sales Area (Grocery Sales) | D6: SZVAVHP_Frozen_NC | E6: SPSZAC_Frozen_Existing | F6: Grocery Sales & Office | G6: Y | H6: =6600/50000 -> 0.132 | I6: =H6*50000 -> 6600 | J6: =I6*Prototype!$B$16 -> 165000 | K6: 1 | L6: =M6*I6/1000 -> 112.2 | M6: 17
A7: RetailGrocery | B7: Beverage | C7: Retail Sales Area (Grocery Sales) | D7: SZVAVHP_Beverage_NC | E7: PSZAC_Beverage_Existing | F7: Grocery Sales & Office | G7: Y | H7: =4400/50000 -> 0.088 | I7: =H7*50000 -> 4400 | J7: =I7*Prototype!$B$16 -> 110000 | K7: 1 | L7: =M7*I7/1000 -> 74.8 | M7: 17 | P7: Produce | Q7: Grocery - General | R7: Grocery - Frozen | S7: Beverage | T7: Bakery and Deli
A8: RetailGrocery | B8: Bakery and Deli | C8: Retail Sales Area (Grocery Sales) | D8: SZVAVHP_Bakery and Deli | E8: PSZAC_Bakery and Deli_Existing | F8: Grocery Sales & Office | G8: Y | H8: =4400/50000 -> 0.088 | I8: =H8*50000 -> 4400 | J8: =I8*Prototype!$B$16 -> 110000 | K8: 1 | L8: =M8*I8/1000 -> 74.8 | M8: 17
A9: RetailGrocery | B9: Meat and Dairy | C9: Retail Sales Area (Grocery Sales) | D9: SZVAVHP_Meat and Dairy | E9: PSZAC_Meat and Dairy_Existing | F9: Grocery Sales & Office | G9: Y | H9: =5000/50000 -> 0.1 | I9: =H9*50000 -> 5000 | J9: =I9*Prototype!$B$16 -> 125000 | K9: 1 | L9: =M9*I9/1000 -> 85 | M9: 17 | U9: 200' totalEastFacade
A10: RetailGrocery | B10: Back Office | C10: Lounge, Breakroom, or Waiting Area | D10: SZVAVHP_Back Office | E10: PSZAC_Back Office_Existing | F10: Grocery Sales & Office | G10: Y | H10: =1200/50000 -> 0.024 | I10: =H10*50000 -> 1200 | J10: =I10*Prototype!$B$16 -> 30000 | K10: 1 | L10: =M10*I10/1000 -> 6 | M10: 5 | P10: R4, R7 | R10: R5 | S10: R6, R9 | T10: R3,R10
A11: RetailGrocery | B11: Loading Dock EL1 | C11: Storage, Commercial/Industrial (Shipping & Handling) | D11: SZVAVHP_Loading Dock EL1 | E11: PSZAC_Loading Dock EL1_Existing | F11: Ancillary | G11: Y | H11: =3200/50000 -> 0.064 | I11: =H11*50000 -> 3200 | J11: =I11*Prototype!$B$16 -> 80000 | K11: 1 | L11: =M11*I11/1000 -> 6.4 | M11: 2 | P11: 4400 sf | Q11: 7700 sf | R11: 6600 sf | S11: 4400 sf | T11: 4400 sf | U11: 110'
A12: RetailGrocery | B12: Food Prep | C12: Storage, Commercial/Industrial (Refrigerated) | D12: SZVAVHP_RefFoodPRep Core | E12: PSZAC_RefFoodPRep Core_Existing | F12: Refrigeration | G12: Y | H12: =2100/50000 -> 0.042 | I12: 2100 | J12: =I12*Prototype!$B$16 -> 52500 | K12: 1 | L12: =M12*I12/1000 -> 0 | M12: 0 | P12: (40'x110') | Q12: (70'x110') | R12: (60'x110') | S12: (40'x110') | T12: (40'x110')
A13: RetailGrocery | B13: RefWalkInCool Core | C13: Storage, Commercial/Industrial (Refrigerated) | D13: - | E13: - | F13: Refrigeration | G13: Y | H13: =500/50000 -> 0.01 | I13: =H13*50000 -> 500 | J13: =I13*Prototype!$B$16 -> 12500 | K13: 1 | L13: =M13*I13/1000 -> 0 | M13: 0
A14: RetailGrocery | B14: Ref WalkInFreezer Core | C14: Storage, Commercial/Industrial (Refrigerated) | D14: - | E14: - | F14: Refrigeration | G14: Y | H14: =500/50000 -> 0.01 | I14: =H14*50000 -> 500 | J14: =I14*Prototype!$B$16 -> 12500 | K14: 1 | L14: =M14*I14/1000 -> 0 | M14: 0
A15: Total (1 Building) | B15: Total (12 Thermal zones) | C15: Total (4 Space Types) | G15: Total (12 Conditioned zones) | H15: =SUM(H3:H14) -> 1 | I15: =SUM(I3:I14) -> 50000 | J15: =SUM(J3:J14) -> 1250000 | L15: =SUM(L3:L14) -> 734.9
D17: {=_xlfn.UNIQUE(C3:C14)} -> Retail Sales Area (Grocery Sales)
D18: Lounge, Breakroom, or Waiting Area
D19: Storage, Commercial/Industrial (Shipping & Handling)
D20: Storage, Commercial/Industrial (Refrigerated)
R21: Cashier area and front of the store | U21: 40'
R22: 10,000 sf (250'*40')

Sheet Envelope
A1: ="Envelope - "&Prototype!A2 -> Envelope - RetailGrocery
A2: Element | B2: Prototype | C2: Assembly Type | D2: Construction | E2: Thermal Properties | F2: Vintage | G2: Selected T24 | H2: Notes | I2: CZ1 | J2: CZ2 | K2: CZ3 | L2: CZ4 | M2: CZ5 | N2: CZ6 | O2: CZ7 | P2: CZ8 | Q2: CZ9 | R2: CZ10 | S2: CZ11 | T2: CZ12 | U2: CZ13 | V2: CZ14 | W2: CZ15 | X2: CZ16
A3: External Wall | B3: RetailGrocery | C3: ExtWall_MetalFramed_NonRes | D3: Metal frame + insulation + Gypsum board | E3: U-factor IP | F3: Pre 1978 | G3: N/A | H3: ASHRAE 90.1, 2022, Table A3.3.3.1, 3.5", R-0 | I3: 0.352 | J3: 0.352 | K3: 0.352 | L3: 0.352 | M3: 0.352 | N3: 0.352 | O3: 0.352 | P3: 0.352 | Q3: 0.352 | R3: 0.352 | S3: 0.352 | T3: 0.352 | U3: 0.352 | V3: 0.352 | W3: 0.352 | X3: 0.352
F4: 1978-1997 | G4: 1986 | H4: Package A with Heat Capacity 10.0-14.99 (Btu/F-ft²) - Still are lower than the next vintage! | I4: 0.15082956 | J4: 0.15748031 | K4: 0.15748031 | L4: 0.14367816 | M4: 0.14367816 | N4: 0.21645022 | O4: 0.21645022 | P4: 0.21645022 | Q4: 0.21645022 | R4: 0.21645022 | S4: 0.18621974 | T4: 0.18621974 | U4: 0.18621974 | V4: 0.15873016 | W4: 0.15873016 | X4: 0.15082956
F5: 1998-2007 | G5: 2001 | H5: Table 1-H | I5: 0.182 | J5: 0.182 | K5: 0.189 | L5: 0.189 | M5: 0.189 | N5: 0.189 | O5: 0.189 | P5: 0.189 | Q5: 0.189 | R5: 0.182 | S5: 0.182 | T5: 0.182 | U5: 0.182 | V5: 0.182 | W5: 0.182 | X5: 0.182
F6: 2008-2018 | G6: 2013 | H6: Table 140.3-B | I6: 0.098 | J6: 0.062 | K6: 0.082 | L6: 0.062 | M6: 0.062 | N6: 0.098 | O6: 0.098 | P6: 0.062 | Q6: 0.062 | R6: 0.062 | S6: 0.062 | T6: 0.062 | U6: 0.062 | V6: 0.062 | W6: 0.062 | X6: 0.062
F7: 2019+ | G7: 2025 | H7: Table 140.3-B | I7: 0.06 | J7: 0.055 | K7: 0.071 | L7: 0.055 | M7: 0.055 | N7: 0.06 | O7: 0.06 | P7: 0.055 | Q7: 0.055 | R7: 0.055 | S7: 0.055 | T7: 0.055 | U7: 0.055 | V7: 0.055 | W7: 0.055 | X7: 0.055
A8: Roof | B8: RetailGrocery | C8: FlatRoof_WoodFramedAndOther_NonRes | D8: Built-up roof: Roof membrane+ insulation+metal decking | E8: U-factor IP | F8: Pre 1978 | G8: N/A | H8: Considering 30 years for roof/ insulation replacement. | I8: 0.057 | J8: 0.057 | K8: 0.057 | L8: 0.057 | M8: 0.057 | N8: 0.078 | O8: 0.078 | P8: 0.078 | Q8: 0.078 | R8: 0.078 | S8: 0.057 | T8: 0.057 | U8: 0.057 | V8: 0.057 | W8: 0.057 | X8: 0.057
F9: 1978-1997 | G9: 1992 | I9: 0.057 | J9: 0.057 | K9: 0.057 | L9: 0.057 | M9: 0.057 | N9: 0.078 | O9: 0.078 | P9: 0.078 | Q9: 0.078 | R9: 0.078 | S9: 0.057 | T9: 0.057 | U9: 0.057 | V9: 0.057 | W9: 0.057 | X9: 0.057
F10: 1998-2007 | G10: 2001 | H10: Table 1-H | I10: 0.057 | J10: 0.057 | K10: 0.057 | L10: 0.057 | M10: 0.057 | N10: 0.078 | O10: 0.078 | P10: 0.078 | Q10: 0.078 | R10: 0.057 | S10: 0.057 | T10: 0.057 | U10: 0.057 | V10: 0.057 | W10: 0.057 | X10: 0.057
F11: 2008-2018 | G11: 2013 | H11: Table 140.3-B | I11: 0.049 | J11: 0.039 | K11: 0.039 | L11: 0.039 | M11: 0.049 | N11: 0.075 | O11: 0.067 | P11: 0.067 | Q11: 0.039 | R11: 0.039 | S11: 0.039 | T11: 0.039 | U11: 0.039 | V11: 0.039 | W11: 0.039 | X11: 0.039
F12: 2019+ | G12: 2025 | H12: Table 140.3-B | I12: 0.028 | J12: 0.028 | K12: 0.028 | L12: 0.028 | M12: 0.028 | N12: 0.047 | O12: 0.047 | P12: 0.047 | Q12: 0.028 | R12: 0.028 | S12: 0.028 | T12: 0.028 | U12: 0.028 | V12: 0.028 | W12: 0.028 | X12: 0.028
A13: Window | B13: RetailGrocery | C13: FixedWindow_NonRes | D13: CBECS 2018 shows that ~ 50 % of retail that were built before 2000 are single pane | E13: U-factor IP | F13: Pre 1978 | G13: N/A | H13: 2021 ASHRAE Handbook of Fundamentals - Section 15.9 Table 4 for single pane & T24, 2013 Table 140.3-B for double pane (50%-50%) | I13: =0.5*1.12+0.5*I16 -> 0.74 | J13: =0.5*1.12+0.5*J16 -> 0.74 | K13: =0.5*1.12+0.5*K16 -> 0.74 | L13: =0.5*1.12+0.5*L16 -> 0.74 | M13: =0.5*1.12+0.5*M16 -> 0.74 | N13: =0.5*1.12+0.5*N16 -> 0.74 | O13: =0.5*1.12+0.5*O16 -> 0.74 | P13: =0.5*1.12+0.5*P16 -> 0.74 | ... X13: =0.5*1.12+0.5*X16 -> 0.74
F14: 1978-1997 | G14: N/A | I14: =I13 -> 0.74 | J14: =J13 -> 0.74 | K14: =K13 -> 0.74 | L14: =L13 -> 0.74 | M14: =M13 -> 0.74 | N14: =N13 -> 0.74 | O14: =O13 -> 0.74 | P14: =P13 -> 0.74 | ... X14: =X13 -> 0.74
D15: Double pane | F15: 1998-2007 | G15: 2001 | H15: Table 1-H | I15: 0.49 | J15: 0.49 | K15: 0.81 | L15: 0.81 | M15: 0.81 | N15: 0.81 | O15: 0.81 | P15: 0.81 | Q15: 0.81 | R15: 0.49 | S15: 0.49 | T15: 0.49 | U15: 0.49 | V15: 0.49 | W15: 0.49 | X15: 0.49
F16: 2008-2018 | G16: 2013 | H16: Table 140.3-B | I16: 0.36 | J16: 0.36 | K16: 0.36 | L16: 0.36 | M16: 0.36 | N16: 0.36 | O16: 0.36 | P16: 0.36 | Q16: 0.36 | R16: 0.36 | S16: 0.36 | T16: 0.36 | U16: 0.36 | V16: 0.36 | W16: 0.36 | X16: 0.36
F17: 2019+ | G17: 2025 | H17: Table 140.3-B | I17: 0.36 | J17: 0.36 | K17: 0.36 | L17: 0.36 | M17: 0.36 | N17: 0.36 | O17: 0.36 | P17: 0.36 | Q17: 0.34 | R17: 0.36 | S17: 0.34 | T17: 0.34 | U17: 0.34 | V17: 0.34 | W17: 0.34 | X17: 0.36
C18: FixedWindow_NonRes | D18: CBECS 2018 shows that ~ 50 % of retail that were built before 2000 are single pane | E18: SHGC | F18: Pre 1978 | G18: N/A | H18: 2021 ASHRAE Handbook of Fundamentals - Section 15.22 Table 10 for single pane & T24, 2013 Table 140.3-B for double pane (50%-50%) | I18: =0.79*0.5+I21*0.5 -> 0.52 | J18: =0.79*0.5+J21*0.5 -> 0.52 | K18: =0.79*0.5+K21*0.5 -> 0.52 | L18: =0.79*0.5+L21*0.5 -> 0.52 | M18: =0.79*0.5+M21*0.5 -> 0.52 | N18: =0.79*0.5+N21*0.5 -> 0.52 | O18: =0.79*0.5+O21*0.5 -> 0.52 | P18: =0.79*0.5+P21*0.5 -> 0.52 | ... X18: =0.79*0.5+X21*0.5 -> 0.52
F19: 1978-1997 | G19: N/A | I19: =I18 -> 0.52 | J19: =J18 -> 0.52 | K19: =K18 -> 0.52 | L19: =L18 -> 0.52 | M19: =M18 -> 0.52 | N19: =N18 -> 0.52 | O19: =O18 -> 0.52 | P19: =P18 -> 0.52 | ... X19: =X18 -> 0.52
D20: Double pane | F20: 1998-2007 | G20: 2001 | H20: Table 1-H (Non north 0-10%) | I20: 0.49 | J20: 0.47 | K20: 0.61 | L20: 0.61 | M20: 0.61 | N20: 0.61 | O20: 0.61 | P20: 0.61 | Q20: 0.61 | R20: 0.47 | S20: 0.47 | T20: 0.47 | U20: 0.47 | V20: 0.46 | W20: 0.46 | X20: 0.49
F21: 2008-2018 | G21: 2013 | H21: Table 140.3-B | I21: 0.25 | J21: 0.25 | K21: 0.25 | L21: 0.25 | M21: 0.25 | N21: 0.25 | O21: 0.25 | P21: 0.25 | Q21: 0.25 | R21: 0.25 | S21: 0.25 | T21: 0.25 | U21: 0.25 | V21: 0.25 | W21: 0.25 | X21: 0.25
F22: 2019+ | G22: 2025 | H22: Table 140.3-B | I22: 0.25 | J22: 0.25 | K22: 0.25 | L22: 0.25 | M22: 0.25 | N22: 0.25 | O22: 0.25 | P22: 0.25 | Q22: 0.22 | R22: 0.25 | S22: 0.22 | T22: 0.22 | U22: 0.22 | V22: 0.22 | W22: 0.22 | X22: 0.25
A23: Skylight | B23: RetailMedium | C23: Skylight | D23: Translucent | E23: U-factor IP | F23: Pre 1978 | G23: N/A | H23: from 1992 code cycle | I23: 0.85 | J23: 1.31 | K23: 1.31 | L23: 1.31 | M23: 1.31 | N23: 1.31 | O23: 1.31 | P23: 1.31 | Q23: 1.31 | R23: 1.31 | S23: 0.85 | T23: 0.85 | U23: 0.85 | V23: 0.85 | W23: 0.85 | X23: 0.85
F24: 1978-1997 | G24: N/A | I24: 0.85 | J24: 1.31 | K24: 1.31 | L24: 1.31 | M24: 1.31 | N24: 1.31 | O24: 1.31 | P24: 1.31 | Q24: 1.31 | R24: 1.31 | S24: 0.85 | T24: 0.85 | U24: 0.85 | V24: 0.85 | W24: 0.85 | X24: 0.85
D25: Plastic curb mounted | F25: 1998-2007 | G25: 2001 | H25: Table 1-H | I25: 0.87 | J25: 1.1 | K25: 1.3 | L25: 1.3 | M25: 1.3 | N25: 1.3 | O25: 1.3 | P25: 1.3 | Q25: 1.3 | R25: 1.1 | S25: 1.1 | T25: 1.1 | U25: 1.1 | V25: 1.1 | W25: 1.1 | X25: 0.87
F26: 2008-2018 | G26: 2013 | H26: Table 140.3-B | I26: 0.88 | J26: 0.88 | K26: 0.88 | L26: 0.88 | M26: 0.88 | N26: 0.88 | O26: 0.88 | P26: 0.88 | Q26: 0.88 | R26: 0.88 | S26: 0.88 | T26: 0.88 | U26: 0.88 | V26: 0.88 | W26: 0.88 | X26: 0.88
F27: 2019+ | G27: 2025 | H27: Table 140.3-B | I27: 0.88 | J27: 0.88 | K27: 0.88 | L27: 0.88 | M27: 0.88 | N27: 0.88 | O27: 0.88 | P27: 0.88 | Q27: 0.88 | R27: 0.88 | S27: 0.88 | T27: 0.88 | U27: 0.88 | V27: 0.88 | W27: 0.88 | X27: 0.88
B28: RetailMedium | C28: Skylight | D28: Translucent | E28: SHGC | F28: Pre 1978 | G28: N/A | H28: From 1992 code cycle | I28: =0.81*0.87 -> 0.7047 | J28: =0.86*0.87 -> 0.7482 | K28: =0.86*0.87 -> 0.7482 | L28: =0.86*0.87 -> 0.7482 | M28: =0.86*0.87 -> 0.7482 | N28: =0.86*0.87 -> 0.7482 | O28: =0.86*0.87 -> 0.7482 | P28: =0.86*0.87 -> 0.7482 | Q28: =0.86*0.87 -> 0.7482 | R28: =0.86*0.87 -> 0.7482 | S28: =0.81*0.87 -> 0.7047 | T28: =0.81*0.87 -> 0.7047 | U28: =0.81*0.87 -> 0.7047 | V28: =0.81*0.87 -> 0.7047 | W28: =0.81*0.87 -> 0.7047 | X28: =0.81*0.87 -> 0.7047
F29: 1978-1997 | G29: N/A | I29: =0.81*0.87 -> 0.7047 | J29: =0.86*0.87 -> 0.7482 | K29: =0.86*0.87 -> 0.7482 | L29: =0.86*0.87 -> 0.7482 | M29: =0.86*0.87 -> 0.7482 | N29: =0.86*0.87 -> 0.7482 | O29: =0.86*0.87 -> 0.7482 | P29: =0.86*0.87 -> 0.7482 | Q29: =0.86*0.87 -> 0.7482 | R29: =0.86*0.87 -> 0.7482 | S29: =0.81*0.87 -> 0.7047 | T29: =0.81*0.87 -> 0.7047 | U29: =0.81*0.87 -> 0.7047 | V29: =0.81*0.87 -> 0.7047 | W29: =0.81*0.87 -> 0.7047 | X29: =0.81*0.87 -> 0.7047
D30: Plastic curb mounted | F30: 1998-2007 | G30: 2001 | H30: Table 1-H (For SRR 2.1-5%) | I30: 0.58 | J30: 0.62 | K30: 0.65 | L30: 0.65 | M30: 0.65 | N30: 0.62 | O30: 0.62 | P30: 0.62 | Q30: 0.62 | R30: 0.62 | S30: 0.62 | T30: 0.62 | U30: 0.62 | V30: 0.58 | W30: 0.58 | X30: 0.58
F31: 2008-2018 | G31: 2013 | H31: There is no requirement in the code (considered same as 2001) | I31: 0.58 | J31: 0.62 | K31: 0.65 | L31: 0.65 | M31: 0.65 | N31: 0.62 | O31: 0.62 | P31: 0.62 | Q31: 0.62 | R31: 0.62 | S31: 0.62 | T31: 0.62 | U31: 0.62 | V31: 0.58 | W31: 0.58 | X31: 0.58
F32: 2019+ | G32: 2025 | H32: There is no requirement in the code (considered same as 2001) | I32: 0.58 | J32: 0.62 | K32: 0.65 | L32: 0.65 | M32: 0.65 | N32: 0.62 | O32: 0.62 | P32: 0.62 | Q32: 0.62 | R32: 0.62 | S32: 0.62 | T32: 0.62 | U32: 0.62 | V32: 0.58 | W32: 0.58 | X32: 0.58
C35: Infiltration
D36: Building | E36: Zones | F36: Vintage | G36: I_75 (cfm/ft²) 6-sdied Infiltration rate @ 75 pa | H36: Note | I36: I-design (cfm/ft²) (4-sided Infiltration rate at normal pressure) (Design flow rate approach and Flow/Exterior Wall Area calculation method)
C37: Infiltration | D37: RetailGrocery | F37: Pre 1978 | G37: 1.1 | H37: 2022 CASE report (Table 38) | I37: =(G37*0.112)*$AA$41 -> 0.67075556 | Z37: Floor or roof area (ft2) | AA37: =Zones!I15 -> 50000
F38: 1978-1997 | G38: 1.1 | H38: 2022 CASE report (Table 38) | I38: =(G38*0.112)*$AA$41 -> 0.67075556 | Z38: Walls area (ft2) | AA38: =(250+200)*2*25 -> 22500
F39: 1998-2007 | G39: 1.1 | H39: 2022 CASE report (Table 38) | I39: =(G39*0.112)*$AA$41 -> 0.67075556 | Z39: Building 4 sided area (ft2) | AA39: =AA38 -> 22500
F40: 2008-2018 | G40: 1 | H40: 2022 CASE report (Table 38) & T24, part 6, 2008-2016 (Table 140.3-B), Dodge 2023 data | I40: =(G40*0.112)*$AA$41 -> 0.60977778 | Z40: Building 6 sided area (ft2) | AA40: =AA38+(2*AA37) -> 122500
F41: 2019+ | G41: 0.6 (barrier in all CZ) | H41: 2022 CASE report (Table 38) & T24, part 6, 2025 (Table 140.3-B) | I41: =(0.6*0.112)*$AA$41 -> 0.36586667 | Z41: 6 sided /4 sided factor | AA41: =AA40/AA39 -> 5.4444444
E42: Source: T24 air barrier requirements (all editions) , the standardized infiltration rate reported in the 2022 CASE report, and Dodge 2023 data
E43: Infiltration_rate_report_14May2025-Short-Version.docx
A49: Entrance Door Infiltration
A50: Parameter | B50: Value | C50: Units | D50: Description | E50: Source
A51: Entrance Door Infiltration | B51: =B52*B59*B62 -> 1105.5366 | C51: cfm | D51: Entrance infiltration airflow;CFM = CA × Door Area × Rp | E51: NREL, Retail Building Guide for Entrance Energy Efficiency Measures, Section 1
A52: CA | B52: {=_xlfn.IFS(B58="No vestibule",-0.0024*B53^2+3.813*B53-4.219,B58="Swinging doors",-0.0016*B53^2+2.722*B53-8.591,B58="Sliding doors - across",-0.0013*B53^2+2.479*B53-7.518,B58="Sliding doors - side",-0.0012*B53^2+2.229*B53-6.637)} -> 175.482 | C52: cfm/ft²/√in.H₂O | D52: Airflow coefficient based on PPH and entrance/vestibule configuration | E52: NREL, Retail Building Guide for Entrance Energy Efficiency Measures, Section 1, Equations 1-1 through 1-4
A53: PPH | B53: =B54*B56/(B55*B57) -> 76.923077 | C53: people/hr | D53: Annual average one-way trips through each modeled entrance during entrance operating hours | E53: NREL, Retail Building Guide for Entrance Energy Efficiency Measures, Section 1
A54: Transactions/week | B54: 3500 | C54: transactions/week | D54: Example weekly retail transaction volume used to estimate door traffic | E54: NREL, Retail Building Guide for Entrance Energy Efficiency Measures
A55: Operating hours/week | B55: =13*7 -> 91 | C55: hr/week | D55: Weekly hours during which the customer entrance is available for use | E55: 8 AM–9 PM, 7 days/week
A56: Trips/customer | B56: 2 | C56: one-way trips/customer | D56: Assumes each transaction represents one customer who enters once and exits once | E56: Assumed
A57: Number of main entrances | B57: 1 | C57: entrance | D57: Number of equivalent customer entrances among which traffic is distributed | E57: Based on the Geometry
A58: Vestibule Type | B58: Sliding doors - across | C58: — | D58: Entrance/vestibule configuration used to select the CA equation | E58: Based on the Geometry
A59: Door Area | B59: 42 | C59: ft² | D59: Effective/total open area of modeled entrance door | E59: Based on the Geometry
A60: Wind Speed | B60: 10 | C60: mph | D60: Average wind speed while the entrance is in use | E60: Assumed based on representative California weather
A61: Wind Impact | B61: Moderate | C61: — | D61: Wind-pressure exposure assumption; Moderate corresponds to Cp = 0.45 | E61: Assumed; Cp definition and options from NREL, Retail Building Guide for Entrance Energy Efficiency Measures, Table 1-1
A62: Rp | B62: {=_xlfn.IFS( B61="Moderate",_xlfn.XLOOKUP(B60&" mph",$A$82:$A$85,$B$82:$B$85), B61="Maximum",_xlfn.XLOOKUP(B60&" mph",$A$82:$A$85,$C$82:$C$85) )} -> 0.15 | C62: √in.H₂O | D62: Pressure factor based on average wind speed and wind-pressure impact | E62: NREL, Retail Building Guide for Entrance Energy Efficiency Measures, Section 1, Step 2, Table 1-1
A65: Loading Dock Infiltration
A66: Parameter | B66: Value / Formula | C66: Units | D66: Description | E66: Source
A67: Loading Dock CFM | B67: =B68*B69/230*B71 -> 31108.696 | C67: cfm | D67: Design infiltration rate through loading dock when open | E67: Retail Building Guide for Entrance Energy Efficiency Measures, Section 5, Eq. 5-1
A68: Loading Dock Door Area | B68: 90 | C68: ft² | D68: Effective open area of loading dock door | E68: Assumed
A69: Loading Dock Door Number | B69: 3 | C69: # | E69: Assumed
A70: Reference Door Area | B70: 230 | C70: ft² | D70: Reference effective door area used to produce Table 5-1 | E70: Retail Building Guide for Entrance Energy Efficiency Measures, Section 5
A71: CFM230 | B71: 26500 | C71: cfm | D71: Infiltration rate for 230-ft² reference opening for climate Zone 3B | E71: Retail Building Guide for Entrance Energy Efficiency Measures, Table 5-1
A73: Vestibule Types:
A74: without a vestibule | B74: No vestibule
A75: vestibule with swinging doors | B75: Swinging doors
A76: vestibule with sliding doors, where the inner and outer doors are across from each other | B76: Sliding doors - across
A77: vestibule with sliding doors, where the outer doors are on the left or right side of the vestibule | B77: Sliding doors - side
A81: Wind speed | B81: (C_p=0.45) | C81: (C_p=0.70) | D81: Source
A82: 5 mph | B82: 0.07 | C82: 0.09 | D82: NREL, Retail Building Guide for Entrance Energy Efficiency Measures, Section 1, Step 2, Table 1-1
A83: 10 mph | B83: 0.15 | C83: 0.18
A84: 15 mph | B84: 0.22 | C84: 0.28
A85: 20 mph | B85: 0.29 | C85: 0.37
A142: Background Data [To be deleted prior to publication]
A145: Retail Standalone
A146: in.comstock_building_type | B146: Sum of calc.weighted.sqft | C146: %
A147: Mass | B147: 1.5009312e+08 | C147: 0.30478552
A148: SteelFramed | B148: 2.0052046e+08 | C148: 0.40718543
A149: WoodFramed | B149: 1.4184131e+08 | C149: 0.28802905
A150: Grand Total | B150: 4.9245489e+08 | C150: 1

Sheet HVAC System
A1: ="HVAC system - "&Prototype!A2 -> HVAC system - RetailGrocery
A2: Vintage | B2: Heating | C2: Cooling | D2: Air Distribution | E2: Other systems | F2: Source
A3: Existing | B3: PSZAC (furnace) | C3: PSZAC (DX cooling) | D3: PSZAC | E3: OA mixing Economizer for Vintage 3 and 4 | F3: CEUS 2022
A4: New Construction | B4: SZVAVHP | C4: SZVAVHP | D4: PSZVAVHP | E4: OA mixing Economizer | F4: Title 24, 2025, Engineering judgement
A8: Efficiency of HVAC System (Efficiency is capacity-dependent. The following table provides a general estimate of system efficiency based on preliminary simulations in one climate zone, or assuming cooling load based on rule of thumb)
A9: Vintage | B9: Upgrade/Installed year | C9: Heating | D9: Cooling | E9: Source
A10: Pre 1978 | B10: 2008 | C10: Thermal Efficiency of 80% | D10: SEER=13.0 for <65 kBtu/h EER 10.1 for 65-135 kBtu/h EER 9.5 for 135-240 kBtu/h EER 9.3 for 240-760 kBtu/h | E10: T24, Table 112-A (2008) 10 CFR § 431.97, Table 1 (2008) California Title 20 Appliance Efficiency Regulations, Table E-4, Standards for Gas- and Oil-Fired Central Furnaces (2008)
A11: 1978-1997
A12: 1998-2007
A13: 2008-2018 | B13: 2013 | C13: Thermal Efficiency of 80%; | D13: SEER 13 for <65 kBtu/h EER 11.0 for 65-135 kBtu/h EER 10.8 for 135-240 kBtu/h EER 9.8 for 240-760 kBtu/h | E13: T24, 2013 Table 110.2-J & Table 110.2-A (2013) 10 CFR § 431.97(b) Table 1 (2013)
A14: New Construction | B14: 2025 | C14: HSPF 8.0 for <65 kBtu/h COP 3.4 for 65-135 kBtu/h COP 3.3 for 135-240 kBtu/h COP 3.2 for >240 kBtu/h | D14: SEER 14 for <65 kBtu/h EER 10.8, IEER 13.9 for 65-135 kBtu/h EER 10.4, IEER = 13.3 135-240 kBtu/h EER 9.3, IEER=12.3 for >240 kBtu/h | E14: 10 CFR § 431.97(b) Table 1 (2025) Title 20 Appliance Efficiency Regulations, Section 1605.1, Table C-5 (2025) T24, Table 110.2-B (2025)
A18: Fan Power
A19: Vintage | B19: Approach | C19: System | D19: Total Static Pressure (TSP) (in w.c.) | E19: Fan Efficiency [ACM 2025] | F19: Motor Efficiency | G19: Fan Power Index (W/cfm) | H19: Data Source
A20: Existing | B20: PNNL 90.1-2011, TSP | C20: CAV < 7,437 cfm | D20: 2.5 | E20: 0.65 | F20: ASHRAE 90.1, 2004, Table 10.8 * | H20: Fan power formula: PNNL 20405, 2010, section 5.2.2.5 TSP and fan efficiecncy: PNNL 20405, 2010, Table 5.11, 90.1-04ac values Motor and drive efficiency: ASHRAE 90.1, 2004, Table 10.8
C21: CAV >= 7,437 cfm | D21: 4.09
A22: Brake horsepower (bhp) = (Supply cfm × TSP in w.c.) / (6356 × fan efficiency)
A23: Fan power (w/cfm) = (bhp × 746) / ( supply cfm × motor efficiency )
A24: New Construction | B24: ACM 2025 | C24: SZVAVHP (System 7b), ≤5,000 cfm | D24: TSP = fan power × motor efficiency × fan efficiency × 6356 / 746 | E24: 0.65 | F24: 2025 ACM Table 12 ** | G24: 0.744 | H24: Fan power index: [ACM 2025, Table 13] Motor efficiency: [ACM 2025, Table 12]
C25: SZVAVHP (System 7b), >5,000 and ≤10,000 cfm | D25: TSP = fan power × motor efficiency × fan efficiency × 6356 / 746 | G25: 0.72
A27: * According to PNNL 20405 section 5.2.2.5, the full-load efficiency of the motor serving the fan is taken from ASHRAE 90.1, 2004, Table 10.8, based on motor nameplate and assuming enclosed motors operating at 1,800 rotations per minute (rpm) Motor nameplate size (bhp) = brake horsepower (bhp) × 1.1 ( using a 10% oversizing factor)
A28: ** The full‑load efficiency of the motor serving the fan is taken from ACM 2025 Table 12 based on the cfm of the fan. Brake horsepower (bhp) = (Supply cfm from sizing run × fan power in W/cfm) / 746. Note: HVAC New Construction is SZVAVHP, not multi-zone VAV. ACM System 7b ≤5,000 cfm. Note: ACM System 7b mid bin. Existing PSZAC CAV rows above stay on PNNL.

Sheet Ventilation
A1: ="Outdoor Airflow Rate - "&Prototype!A2 -> Outdoor Airflow Rate - RetailGrocery
A2: Space/Thermal Zone | B2: Number of People | C2: Floor Area (ft²) | D2: cfm/person [T24, 2025, Equation 120.1-F and Table 120.1-A] | E2: cfm/ft² [T24, 2025, Equation 120.1-F and Table 120.1-A] | F2: Required Exhaust Rate [T24, 2025, Table 120.1-B – minimum exhaust rates] | G2: Total cfm Driven by People | H2: Total cfm Driven by Area | I2: Total cfm Driven by Exhaust | J2: Total cfm | K2: Notes
A3: =Zones!B3 -> Checkout Area | B3: =Zones!L3 -> 170 | C3: =Zones!I3 -> 10000 | D3: 15 | E3: 0.2 | F3: _ | G3: =D3*B3 -> 2550 | H3: =E3*C3 -> 2000 | I3: _ | J3: =MAX(G3:I3) -> 2550
A4: =Zones!B4 -> Produce | B4: =Zones!L4 -> 74.8 | C4: =Zones!I4 -> 4400 | D4: 15 | E4: 0.2 | F4: _ | G4: =D4*B4 -> 1122 | H4: =E4*C4 -> 880 | I4: _ | J4: =MAX(G4:I4) -> 1122
A5: =Zones!B5 -> General Merch | B5: =Zones!L5 -> 130.9 | C5: =Zones!I5 -> 7700 | D5: 15 | E5: 0.2 | F5: _ | G5: =D5*B5 -> 1963.5 | H5: =E5*C5 -> 1540 | I5: _ | J5: =MAX(G5:I5) -> 1963.5
A6: =Zones!B6 -> Frozen | B6: =Zones!L6 -> 112.2 | C6: =Zones!I6 -> 6600 | D6: 15 | E6: 0.2 | F6: _ | G6: =D6*B6 -> 1683 | H6: =E6*C6 -> 1320 | I6: _ | J6: =MAX(G6:I6) -> 1683
A7: =Zones!B7 -> Beverage | B7: =Zones!L7 -> 74.8 | C7: =Zones!I7 -> 4400 | D7: 15 | E7: 0.2 | F7: _ | G7: =D7*B7 -> 1122 | H7: =E7*C7 -> 880 | I7: _ | J7: =MAX(G7:I7) -> 1122
A8: =Zones!B8 -> Bakery and Deli | B8: =Zones!L8 -> 74.8 | C8: =Zones!I8 -> 4400 | D8: 15 | E8: 0.2 | F8: _ | G8: =D8*B8 -> 1122 | H8: =E8*C8 -> 880 | I8: _ | J8: =MAX(G8:I8) -> 1122
A9: =Zones!B9 -> Meat and Dairy | B9: =Zones!L9 -> 85 | C9: =Zones!I9 -> 5000 | D9: 15 | E9: 0.2 | F9: _ | G9: =D9*B9 -> 1275 | H9: =E9*C9 -> 1000 | I9: _ | J9: =MAX(G9:I9) -> 1275
A10: =Zones!B10 -> Back Office | B10: =Zones!L10 -> 6 | C10: =Zones!I10 -> 1200 | D10: 15 | E10: 0.15 | F10: 8*50/70 cfm/unit | G10: =D10*B10 -> 90 | H10: =E10*C10 -> 180 | I10: =8*50 -> 400 | J10: =MAX(G10:I10) -> 400
A11: =Zones!B11 -> Loading Dock EL1 | B11: =Zones!L11 -> 6.4 | C11: =Zones!I11 -> 3200 | D11: 15 | E11: 0.15 | G11: =D11*B11 -> 96 | H11: =E11*C11 -> 480 | I11: _ | J11: =MAX(G11:I11) -> 480
A12: =Zones!B12 -> Food Prep | B12: =Zones!L12 -> 0 | C12: =Zones!I12 -> 2100 | F12: 0.7 | G12: =D12*B12 -> 0 | H12: =E12*C12 -> 0 | I12: =F12*C12 -> 1470 | J12: =MAX(G12:I12) -> 1470
A13: =Zones!B13 -> RefWalkInCool Core | B13: =Zones!L13 -> 0 | C13: =Zones!I13 -> 500 | G13: =D13*B13 -> 0 | H13: =E13*C13 -> 0 | J13: =MAX(G13:I13) -> 0
A14: =Zones!B14 -> Ref WalkInFreezer Core | B14: =Zones!L14 -> 0 | C14: =Zones!I14 -> 500 | E14: 0 | F14: _ | G14: =D14*B14 -> 0 | H14: =E14*C14 -> 0 | I14: _ | J14: =MAX(G14:I14) -> 0

Sheet Thermostat
A1: ="Thermostat Setpoints - "&Prototype!A2 -> Thermostat Setpoints - RetailGrocery
A2: Setpoint | B2: CZ1 | C2: CZ2 | D2: CZ3 | E2: CZ4 | F2: CZ5 | G2: CZ6 | H2: CZ7 | I2: CZ8 | J2: CZ9 | K2: CZ10 | L2: CZ11 | M2: CZ12 | N2: CZ13 | O2: CZ14 | P2: CZ15 | Q2: CZ16 | R2: Source
A3: Grocery Sales & Office Heating Setpoint (F) | B3: 70 | C3: 70 | D3: 70 | E3: 70 | F3: 70 | G3: 70 | H3: 70 | I3: 70 | J3: 70 | K3: 70 | L3: 70 | M3: 70 | N3: 70 | O3: 70 | P3: 70 | Q3: 70 | R3: T24 2022 - Appendix 5.4B, [Retail]
A4: Grocery Sales & Office Heating Setback (F) | B4: 60 | C4: 60 | D4: 60 | E4: 60 | F4: 60 | G4: 60 | H4: 60 | I4: 60 | J4: 60 | K4: 60 | L4: 60 | M4: 60 | N4: 60 | O4: 60 | P4: 60 | Q4: 60
A5: Grocery Sales & Office Cooling Setpoint (F) | B5: 75 | C5: 75 | D5: 75 | E5: 75 | F5: 75 | G5: 75 | H5: 75 | I5: 75 | J5: 75 | K5: 75 | L5: 75 | M5: 75 | N5: 75 | O5: 75 | P5: 75 | Q5: 75
A6: Grocery Sales & Office Cooling Setback (F) | B6: 85 | C6: 85 | D6: 85 | E6: 85 | F6: 85 | G6: 85 | H6: 85 | I6: 85 | J6: 85 | K6: 85 | L6: 85 | M6: 85 | N6: 85 | O6: 85 | P6: 85 | Q6: 85
A7: Dock/Storage Heating Setpoint (F) | B7: 60 | C7: 60 | D7: 60 | E7: 60 | F7: 60 | G7: 60 | H7: 60 | I7: 60 | J7: 60 | K7: 60 | L7: 60 | M7: 60 | N7: 60 | O7: 60 | P7: 60 | Q7: 60 | R7: Engineering Judement
A8: Dock/Storage Heating Setback (F) | B8: 60 | C8: 60 | D8: 60 | E8: 60 | F8: 60 | G8: 60 | H8: 60 | I8: 60 | J8: 60 | K8: 60 | L8: 60 | M8: 60 | N8: 60 | O8: 60 | P8: 60 | Q8: 60
A9: Dock/StorageCooling Setpoint (F) | B9: 85 | C9: 85 | D9: 85 | E9: 85 | F9: 85 | G9: 85 | H9: 85 | I9: 85 | J9: 85 | K9: 85 | L9: 85 | M9: 85 | N9: 85 | O9: 85 | P9: 85 | Q9: 85
A10: Dock/Storage Cooling Setback (F) | B10: 85 | C10: 85 | D10: 85 | E10: 85 | F10: 85 | G10: 85 | H10: 85 | I10: 85 | J10: 85 | K10: 85 | L10: 85 | M10: 85 | N10: 85 | O10: 85 | P10: 85 | Q10: 85

Sheet Water Heater
A1: ="Water Heater Summary - "&Prototype!A2 -> Water Heater Summary - RetailGrocery
A2: Vintage | B2: WH Type | C2: Efficiency | D2: Number of WH | E2: Tank Volume (gal) | F2: Tank Loss | G2: Source
A3: Existing | B3: Electric | C3: 1 | D3: 1 | E3: See table below for CZ-specific values: Climate Zone Water Heater Sizing and Loss Coefficients, Storage Volume column (col F) | F3: See table below: Climate Zone Water Heater Sizing and Loss Coefficients, Standby Loss column (col G) | G3: See table below for sources: Climate Zone Water Heater Sizing and Loss Coefficients
A4: New Construction | B4: Electric | C4: 1 | D4: 1 | E4: See table below for CZ-specific values: Climate Zone Water Heater Sizing and Loss Coefficients, Storage Volume column (col F) | F4: See table below: Climate Zone Water Heater Sizing and Loss Coefficients, Standby Loss column (col G) | G4: See table below for sources: Climate Zone Water Heater Sizing and Loss Coefficients
A7: Peak Hot Water Consumption
A8: Space Name | B8: Baseline WH Type [CEUS 2022] | C8: Total Area (ft²) | D8: Number of People | E8: Hot Water Usage Specification (gal/hr per person) [T24, 2022, Appendix 5.4A , sheet: "2022 SpaceFuncData-Input"] | F8: Peak Hot Water Usage (gal/hr) | G8: Peak Hot Water Usage (gal/min) | H8: Note
A9: =Zones!B3 -> Checkout Area | B9: Electric resistance WH | C9: =Zones!I3 -> 10000 | D9: =Zones!L3 -> 170 | E9: 0.18 | F9: =E9*D9 -> 30.6 | G9: =F9/60 -> 0.51 | H9: For space types marked with an asterisk (the ‘*’ symbol), the water‑heater type is listed as electric in Appendix 5.4A, sheet ‘2022 SpaceFuncData‑Input.’ However, we modified the value based on CEUS data, which indicates that gas is the primary fuel type.
A10: =Zones!B4 -> Produce | B10: Electric resistance WH | C10: =Zones!I4 -> 4400 | D10: =Zones!L4 -> 74.8 | E10: 0.18 | F10: =E10*D10 -> 13.464 | G10: =F10/60 -> 0.2244
A11: =Zones!B5 -> General Merch | B11: Electric resistance WH | C11: =Zones!I5 -> 7700 | D11: =Zones!L5 -> 130.9 | E11: 0.18 | F11: =E11*D11 -> 23.562 | G11: =F11/60 -> 0.3927
A12: =Zones!B6 -> Frozen | B12: Electric resistance WH | C12: =Zones!I6 -> 6600 | D12: =Zones!L6 -> 112.2 | E12: 0.18 | F12: =E12*D12 -> 20.196 | G12: =F12/60 -> 0.3366
A13: =Zones!B7 -> Beverage | B13: Electric resistance WH | C13: =Zones!I7 -> 4400 | D13: =Zones!L7 -> 74.8 | E13: 0.18 | F13: =E13*D13 -> 13.464 | G13: =F13/60 -> 0.2244
A14: =Zones!B8 -> Bakery and Deli | B14: Electric resistance WH | C14: =Zones!I8 -> 4400 | D14: =Zones!L8 -> 74.8 | E14: 0.18 | F14: =E14*D14 -> 13.464 | G14: =F14/60 -> 0.2244
A15: =Zones!B9 -> Meat and Dairy | B15: Electric resistance WH | C15: =Zones!I9 -> 5000 | D15: =Zones!L9 -> 85 | E15: 0.18 | F15: =E15*D15 -> 15.3 | G15: =F15/60 -> 0.255
A16: =Zones!B10 -> Back Office | B16: Electric resistance WH | C16: =Zones!I10 -> 1200 | D16: =Zones!L10 -> 6 | E16: 0.09 | F16: =E16*D16 -> 0.54 | G16: =F16/60 -> 0.009
A17: =Zones!B11 -> Loading Dock EL1 | B17: Electric resistance WH | C17: =Zones!I11 -> 3200 | D17: =Zones!L11 -> 6.4 | E17: 0.18 | F17: =E17*D17 -> 1.152 | G17: =F17/60 -> 0.0192
A18: =Zones!B12 -> Food Prep | B18: Electric resistance WH | C18: =Zones!I12 -> 2100 | D18: =Zones!L12 -> 0 | E18: 0.18 | F18: =E18*D18 -> 0 | G18: =F18/60 -> 0
A19: =Zones!B13 -> RefWalkInCool Core | B19: Electric resistance WH | C19: =Zones!I13 -> 500 | D19: =Zones!L13 -> 0 | E19: 0.18 | F19: =E19*D19 -> 0 | G19: =F19/60 -> 0
A20: =Zones!B14 -> Ref WalkInFreezer Core | B20: Electric resistance WH | C20: =Zones!I14 -> 500 | D20: =Zones!L14 -> 0 | E20: 0.18 | F20: =E20*D20 -> 0 | G20: =F20/60 -> 0
A21: Total | B21: Gas storage | F21: =_xlfn.LET( _xlpm.g,SUMIF($B$9:$B$20,"Gas*",$F$9:$F$20), _xlpm.e,SUMIF($B$9:$B$20,"Electric*",$F$9:$F$20), IF(AND(_xlpm.g>0,_xlpm.e>0),_xlpm.g,IF(_xlpm.g>0,MAX(75,_xlpm.g),0))) -> 0 | H21: Minimum peak hot water usage is 75 gal according to ACM 2025
A22: Total | B22: Electric resistance | F22: =_xlfn.LET( _xlpm.g,SUMIF($B$9:$B$20,"Gas*",$F$9:$F$20), _xlpm.e,SUMIF($B$9:$B$20,"Electric*",$F$9:$F$20), IF(AND(_xlpm.g>0,_xlpm.e>0),_xlpm.e,IF(_xlpm.e>0,MAX(75,_xlpm.e),0))) -> 131.742
A26: Design supply temperature (°F) | B26: 135 | C26: CEC-400-2022-009-CMF-REV2-AP5.4B
A27: WH system factor | B27: 0.6 | C27: 2025 ACM §5.9.2 Rated Capacity
A28: Water mass conversion (lb/gal) | B28: 8.2877 | C28: 2025 ACM §5.9.2 Rated Capacity
A29: Reheat multiplier | B29: 0.4 | C29: 2025 ACM §5.9.2 Storage Volume
A30: Climate Zone Water Heater Sizing and Loss Coefficients (Individual WH)
A31: Climate Zone | B31: Minimum Monthly Mains Temp (°F) [T24 2022 - Appendix 5.4B] | C31: Heat Output (Btu/hr) [ACM, 2025, 5.9.2: Rated capacity section] | D31: WH Capacity (Btu/hr) [ACM, 2025, 5.9.2: Rated capacity section] | E31: Required Energy Input (Btu/hr) | F31: Storage Volume (gal) | G31: Standby Loss [Title 20, §1605.1 Table F-4; Appendix B: Water Heating Calculation Method] | I31: Off/On Cycle Loss Coefficient to Ambient Temp | K31: Source/Note
A32: CZ01 | B32: 47.9 | C32: =$F$22*($B$26-B32)*$B$28 -> 95099.105 | D32: =C32*$B$27 -> 57059.463 | E32: =_xlfn.LET(_xlpm.x,_xlfn.XLOOKUP(D32,$D$53:$D$67,$D$53:$D$67,"",1),IF(_xlpm.x="",ROUNDUP(D32,0),_xlpm.x)) -> 61419 | F32: =_xlfn.LET(_xlpm.v,MAX(30,$F$22*$B$29),_xlpm.x,_xlfn.XLOOKUP(_xlpm.v,$G$53:$G$67,$G$53:$G$67,"",1),IF(_xlpm.x="",ROUNDUP(_xlpm.v,0),_xlpm.x)) -> 65 | G32: =0.3+27/F32 -> 0.71538462 | H32: =IF($F$22>0,"%/hr","Btu/hr") -> %/hr | I32: =0.0834*G32*F32 -> 3.8781 | J32: Btu/h·°F | K32: Required Energy Input: vendor/available catalog size (Market data table). Storage Volume: standard/available catalog tank size (Market data table).
A33: CZ02 | B33: 50.8 | C33: =$F$22*($B$26-B33)*$B$28 -> 91932.774 | D33: =C33*$B$27 -> 55159.665 | E33: =_xlfn.LET(_xlpm.x,_xlfn.XLOOKUP(D33,$D$53:$D$67,$D$53:$D$67,"",1),IF(_xlpm.x="",ROUNDUP(D33,0),_xlpm.x)) -> 61419 | F33: =_xlfn.LET(_xlpm.v,MAX(30,$F$22*$B$29),_xlpm.x,_xlfn.XLOOKUP(_xlpm.v,$G$53:$G$67,$G$53:$G$67,"",1),IF(_xlpm.x="",ROUNDUP(_xlpm.v,0),_xlpm.x)) -> 65 | G33: =0.3+27/F33 -> 0.71538462 | H33: =IF($F$22>0,"%/hr","Btu/hr") -> %/hr | I33: =0.0834*G33*F33 -> 3.8781 | J33: Btu/h·°F
A34: CZ03 | B34: 52.2 | C34: =$F$22*($B$26-B34)*$B$28 -> 90404.201 | D34: =C34*$B$27 -> 54242.52 | E34: =_xlfn.LET(_xlpm.x,_xlfn.XLOOKUP(D34,$D$53:$D$67,$D$53:$D$67,"",1),IF(_xlpm.x="",ROUNDUP(D34,0),_xlpm.x)) -> 61419 | F34: =_xlfn.LET(_xlpm.v,MAX(30,$F$22*$B$29),_xlpm.x,_xlfn.XLOOKUP(_xlpm.v,$G$53:$G$67,$G$53:$G$67,"",1),IF(_xlpm.x="",ROUNDUP(_xlpm.v,0),_xlpm.x)) -> 65 | G34: =0.3+27/F34 -> 0.71538462 | H34: =IF($F$22>0,"%/hr","Btu/hr") -> %/hr | I34: =0.0834*G34*F34 -> 3.8781 | J34: Btu/h·°F
A35: CZ04 | B35: 52.7 | C35: =$F$22*($B$26-B35)*$B$28 -> 89858.282 | D35: =C35*$B$27 -> 53914.969 | E35: =_xlfn.LET(_xlpm.x,_xlfn.XLOOKUP(D35,$D$53:$D$67,$D$53:$D$67,"",1),IF(_xlpm.x="",ROUNDUP(D35,0),_xlpm.x)) -> 61419 | F35: =_xlfn.LET(_xlpm.v,MAX(30,$F$22*$B$29),_xlpm.x,_xlfn.XLOOKUP(_xlpm.v,$G$53:$G$67,$G$53:$G$67,"",1),IF(_xlpm.x="",ROUNDUP(_xlpm.v,0),_xlpm.x)) -> 65 | G35: =0.3+27/F35 -> 0.71538462 | H35: =IF($F$22>0,"%/hr","Btu/hr") -> %/hr | I35: =0.0834*G35*F35 -> 3.8781 | J35: Btu/h·°F
A36: CZ05 | B36: 51.6 | C36: =$F$22*($B$26-B36)*$B$28 -> 91059.304 | D36: =C36*$B$27 -> 54635.582 | E36: =_xlfn.LET(_xlpm.x,_xlfn.XLOOKUP(D36,$D$53:$D$67,$D$53:$D$67,"",1),IF(_xlpm.x="",ROUNDUP(D36,0),_xlpm.x)) -> 61419 | F36: =_xlfn.LET(_xlpm.v,MAX(30,$F$22*$B$29),_xlpm.x,_xlfn.XLOOKUP(_xlpm.v,$G$53:$G$67,$G$53:$G$67,"",1),IF(_xlpm.x="",ROUNDUP(_xlpm.v,0),_xlpm.x)) -> 65 | G36: =0.3+27/F36 -> 0.71538462 | H36: =IF($F$22>0,"%/hr","Btu/hr") -> %/hr | I36: =0.0834*G36*F36 -> 3.8781 | J36: Btu/h·°F
A37: CZ06 | B37: 56.8 | C37: =$F$22*($B$26-B37)*$B$28 -> 85381.745 | D37: =C37*$B$27 -> 51229.047 | E37: =_xlfn.LET(_xlpm.x,_xlfn.XLOOKUP(D37,$D$53:$D$67,$D$53:$D$67,"",1),IF(_xlpm.x="",ROUNDUP(D37,0),_xlpm.x)) -> 61419 | F37: =_xlfn.LET(_xlpm.v,MAX(30,$F$22*$B$29),_xlpm.x,_xlfn.XLOOKUP(_xlpm.v,$G$53:$G$67,$G$53:$G$67,"",1),IF(_xlpm.x="",ROUNDUP(_xlpm.v,0),_xlpm.x)) -> 65 | G37: =0.3+27/F37 -> 0.71538462 | H37: =IF($F$22>0,"%/hr","Btu/hr") -> %/hr | I37: =0.0834*G37*F37 -> 3.8781 | J37: Btu/h·°F
A38: CZ07 | B38: 58.4 | C38: =$F$22*($B$26-B38)*$B$28 -> 83634.804 | D38: =C38*$B$27 -> 50180.882 | E38: =_xlfn.LET(_xlpm.x,_xlfn.XLOOKUP(D38,$D$53:$D$67,$D$53:$D$67,"",1),IF(_xlpm.x="",ROUNDUP(D38,0),_xlpm.x)) -> 61419 | F38: =_xlfn.LET(_xlpm.v,MAX(30,$F$22*$B$29),_xlpm.x,_xlfn.XLOOKUP(_xlpm.v,$G$53:$G$67,$G$53:$G$67,"",1),IF(_xlpm.x="",ROUNDUP(_xlpm.v,0),_xlpm.x)) -> 65 | G38: =0.3+27/F38 -> 0.71538462 | H38: =IF($F$22>0,"%/hr","Btu/hr") -> %/hr | I38: =0.0834*G38*F38 -> 3.8781 | J38: Btu/h·°F
A39: CZ08 | B39: 58.4 | C39: =$F$22*($B$26-B39)*$B$28 -> 83634.804 | D39: =C39*$B$27 -> 50180.882 | E39: =_xlfn.LET(_xlpm.x,_xlfn.XLOOKUP(D39,$D$53:$D$67,$D$53:$D$67,"",1),IF(_xlpm.x="",ROUNDUP(D39,0),_xlpm.x)) -> 61419 | F39: =_xlfn.LET(_xlpm.v,MAX(30,$F$22*$B$29),_xlpm.x,_xlfn.XLOOKUP(_xlpm.v,$G$53:$G$67,$G$53:$G$67,"",1),IF(_xlpm.x="",ROUNDUP(_xlpm.v,0),_xlpm.x)) -> 65 | G39: =0.3+27/F39 -> 0.71538462 | H39: =IF($F$22>0,"%/hr","Btu/hr") -> %/hr | I39: =0.0834*G39*F39 -> 3.8781 | J39: Btu/h·°F
A40: CZ09 | B40: 57.6 | C40: =$F$22*($B$26-B40)*$B$28 -> 84508.275 | D40: =C40*$B$27 -> 50704.965 | E40: =_xlfn.LET(_xlpm.x,_xlfn.XLOOKUP(D40,$D$53:$D$67,$D$53:$D$67,"",1),IF(_xlpm.x="",ROUNDUP(D40,0),_xlpm.x)) -> 61419 | F40: =_xlfn.LET(_xlpm.v,MAX(30,$F$22*$B$29),_xlpm.x,_xlfn.XLOOKUP(_xlpm.v,$G$53:$G$67,$G$53:$G$67,"",1),IF(_xlpm.x="",ROUNDUP(_xlpm.v,0),_xlpm.x)) -> 65 | G40: =0.3+27/F40 -> 0.71538462 | H40: =IF($F$22>0,"%/hr","Btu/hr") -> %/hr | I40: =0.0834*G40*F40 -> 3.8781 | J40: Btu/h·°F
A41: CZ10 | B41: 57.1 | C41: =$F$22*($B$26-B41)*$B$28 -> 85054.194 | D41: =C41*$B$27 -> 51032.516 | E41: =_xlfn.LET(_xlpm.x,_xlfn.XLOOKUP(D41,$D$53:$D$67,$D$53:$D$67,"",1),IF(_xlpm.x="",ROUNDUP(D41,0),_xlpm.x)) -> 61419 | F41: =_xlfn.LET(_xlpm.v,MAX(30,$F$22*$B$29),_xlpm.x,_xlfn.XLOOKUP(_xlpm.v,$G$53:$G$67,$G$53:$G$67,"",1),IF(_xlpm.x="",ROUNDUP(_xlpm.v,0),_xlpm.x)) -> 65 | G41: =0.3+27/F41 -> 0.71538462 | H41: =IF($F$22>0,"%/hr","Btu/hr") -> %/hr | I41: =0.0834*G41*F41 -> 3.8781 | J41: Btu/h·°F
A42: CZ11 | B42: 50.5 | C42: =$F$22*($B$26-B42)*$B$28 -> 92260.326 | D42: =C42*$B$27 -> 55356.195 | E42: =_xlfn.LET(_xlpm.x,_xlfn.XLOOKUP(D42,$D$53:$D$67,$D$53:$D$67,"",1),IF(_xlpm.x="",ROUNDUP(D42,0),_xlpm.x)) -> 61419 | F42: =_xlfn.LET(_xlpm.v,MAX(30,$F$22*$B$29),_xlpm.x,_xlfn.XLOOKUP(_xlpm.v,$G$53:$G$67,$G$53:$G$67,"",1),IF(_xlpm.x="",ROUNDUP(_xlpm.v,0),_xlpm.x)) -> 65 | G42: =0.3+27/F42 -> 0.71538462 | H42: =IF($F$22>0,"%/hr","Btu/hr") -> %/hr | I42: =0.0834*G42*F42 -> 3.8781 | J42: Btu/h·°F
A43: CZ12 | B43: 51.4 | C43: =$F$22*($B$26-B43)*$B$28 -> 91277.671 | D43: =C43*$B$27 -> 54766.603 | E43: =_xlfn.LET(_xlpm.x,_xlfn.XLOOKUP(D43,$D$53:$D$67,$D$53:$D$67,"",1),IF(_xlpm.x="",ROUNDUP(D43,0),_xlpm.x)) -> 61419 | F43: =_xlfn.LET(_xlpm.v,MAX(30,$F$22*$B$29),_xlpm.x,_xlfn.XLOOKUP(_xlpm.v,$G$53:$G$67,$G$53:$G$67,"",1),IF(_xlpm.x="",ROUNDUP(_xlpm.v,0),_xlpm.x)) -> 65 | G43: =0.3+27/F43 -> 0.71538462 | H43: =IF($F$22>0,"%/hr","Btu/hr") -> %/hr | I43: =0.0834*G43*F43 -> 3.8781 | J43: Btu/h·°F
A44: CZ13 | B44: 51.7 | C44: =$F$22*($B$26-B44)*$B$28 -> 90950.12 | D44: =C44*$B$27 -> 54570.072 | E44: =_xlfn.LET(_xlpm.x,_xlfn.XLOOKUP(D44,$D$53:$D$67,$D$53:$D$67,"",1),IF(_xlpm.x="",ROUNDUP(D44,0),_xlpm.x)) -> 61419 | F44: =_xlfn.LET(_xlpm.v,MAX(30,$F$22*$B$29),_xlpm.x,_xlfn.XLOOKUP(_xlpm.v,$G$53:$G$67,$G$53:$G$67,"",1),IF(_xlpm.x="",ROUNDUP(_xlpm.v,0),_xlpm.x)) -> 65 | G44: =0.3+27/F44 -> 0.71538462 | H44: =IF($F$22>0,"%/hr","Btu/hr") -> %/hr | I44: =0.0834*G44*F44 -> 3.8781 | J44: Btu/h·°F
... A47: CZ16 | B47: 41.4 | C47: =$F$22*($B$26-B47)*$B$28 -> 102196.05 | D47: =C47*$B$27 -> 61317.632 | E47: =_xlfn.LET(_xlpm.x,_xlfn.XLOOKUP(D47,$D$53:$D$67,$D$53:$D$67,"",1),IF(_xlpm.x="",ROUNDUP(D47,0),_xlpm.x)) -> 61419 | F47: =_xlfn.LET(_xlpm.v,MAX(30,$F$22*$B$29),_xlpm.x,_xlfn.XLOOKUP(_xlpm.v,$G$53:$G$67,$G$53:$G$67,"",1),IF(_xlpm.x="",ROUNDUP(_xlpm.v,0),_xlpm.x)) -> 65 | G47: =0.3+27/F47 -> 0.71538462 | H47: =IF($F$22>0,"%/hr","Btu/hr") -> %/hr | I47: =0.0834*G47*F47 -> 3.8781 | J47: Btu/h·°F
A51: Market data
A52: Catalog gas input (Btu/h) | B52: Input source | C52: Elec resistance tank (kW) | D52: Elec resistance (Btu/h) | E52: Catalog gas tank (gal) | F52: Tank source | G52: Elec tank (gal) | H52: Elec tank source | I52: =HYPERLINK("#'Note'!A1","Sources and links → Note tab") -> Sources and links → Note tab
A53: 60000 | B53: Grainger | C53: 1.5 | D53: 5118 | E53: 34 | F53: ENERGY STAR | G53: 6 | H53: Grainger
A54: 75100 | B54: Grainger | C54: 2 | D54: 6824 | E54: 35 | F54: Grainger | G54: 10 | H54: Grainger
A55: 76000 | B55: Both | C55: 3 | D55: 10236 | E55: 48 | F55: Grainger | G55: 15 | H55: Grainger
A56: 80000 | B56: Grainger | C56: 4.5 | D56: 15355 | E56: 50 | F56: Both | G56: 20 | H56: Grainger
A57: 99900 | B57: ENERGY STAR | C57: 6 | D57: 20473 | E57: 55 | F57: ENERGY STAR | G57: 28 | H57: Grainger
A58: 100000 | B58: Both | C58: 8 | D58: 27297 | E58: 60 | F58: ENERGY STAR | G58: 30 | H58: Grainger
A59: 120000 | B59: ENERGY STAR | C59: 9 | D59: 30709 | E59: 65 | F59: Both | G59: 36 | H59: Grainger
A60: 125000 | B60: Both | C60: 10 | D60: 34121 | E60: 72 | F60: Grainger | G60: 40 | H60: Grainger
A61: 130000 | B61: Both | C61: 12 | D61: 40946 | E61: 75 | F61: Both | G61: 47
A62: 145000 | B62: ENERGY STAR | C62: 12.1 | D62: 41287 | E62: 76 | F62: Grainger | G62: 50
A63: 150000 | B63: ENERGY STAR | C63: 18 | D63: 61419 | E63: 80 | F63: Both | G63: 65
A64: 156000 | B64: Grainger | C64: 24 | D64: 81891 | E64: 82 | F64: Grainger | G64: 80
A65: 160000 | B65: Both | C65: 27 | D65: 92128 | E65: 85 | F65: Grainger | G65: 85
A66: 175000 | B66: ENERGY STAR | C66: 36 | D66: 122837 | E66: 90 | F66: Both | G66: 105
A67: 180000 | B67: Grainger | C67: 54 | D67: 184256 | E67: 91 | F67: Grainger | G67: 120
A68: 199000 | B68: ENERGY STAR | E68: 100 | F68: Both
A69: 199900 | B69: Both | E69: 110 | F69: ENERGY STAR
A70: 200000 | B70: ENERGY STAR | E70: 119 | F70: Both
A71: 250000 | B71: Both | E71: 125 | F71: ENERGY STAR
A72: 251000 | B72: ENERGY STAR
A73: 270000 | B73: Grainger
A74: 285000 | B74: ENERGY STAR
A75: 300000 | B75: Both
A76: 320000 | B76: ENERGY STAR
A77: 360000 | B77: Grainger
A78: 398000 | B78: ENERGY STAR
A79: 399000 | B79: ENERGY STAR
A80: 399900 | B80: Both
A81: 499900 | B81: Grainger
A82: 550000 | B82: Grainger
A83: 715000 | B83: Grainger

Sheet Interior Lights
A1: ="Interior Lighting - "&Prototype!A2 -> Interior Lighting - RetailGrocery
A2: Space Type | B2: New Construction | E2: Existing | H2: Note
B3: LPD (W/ft²) | C3: Additional LPD for Portable Lighting (W/ft²) | D3: Source | E3: LPD (W/ft²) | F3: Additional LPD for Portable Lighting (W/ft²) | G3: Source
A4: Retail Sales Area (Grocery Sales) | B4: 1 | C4: =0.7*0.27 -> 0.189 | D4: T24, part 6, 2025, Table 140.6-C (Area category method) | E4: 1.2 | F4: =0.3*0.27 -> 0.081 | G4: T24, part 6, 2016, Table 140.6-C (Area category method) | H4: Additional lighting was allocated for the Bakery & Deli and Produce areas, which together represent about 27% of the store’s retail sales area; accordingly, the code allowance for extra lighting was multiplied by 27%.
A5: Lounge, Breakroom, or Waiting Area | B5: 0.55 | E5: 0.9
A6: Storage, Commercial/Industrial (Shipping & Handling) | B6: 0.6 | E6: 0.6
A7: Storage, Commercial/Industrial (Refrigerated) | B7: 0.4 | E7: 0.7

Sheet Ext Lighting
A1: ="Exterior Lighting - "&Prototype!A2 -> Exterior Lighting - RetailGrocery
A2: Motion Controlled Luminaires (W) | B2: Non-motion Controlled Luminaires (W) | C2: Total (W) | D2: Source
A3: =G14 -> 1405.5556 | B3: =G15 -> 1160 | C3: =SUM(A3:B3) -> 2565.5556 | D3: T24, 2022
A6: Exterior Lighting
A7: Items (Assume LZ2) | B7: Assumptions [2019 Outdoor Lighting CASE Report & PNNL 90.1-2010 TSD] | D7: Unit | E7: Lighting Power Allowance [T24, 2025, Table 140.7-A & 140.7-B] | F7: Unit | G7: Exterior lighting power (w)
A8: IWA (Initial Wattage Allowance) | E8: 200 | F8: W | G8: =$E8 -> 200
A9: Parking area | B9: 400 ft² for every parking space 1 parking space per 360 ft² of gross building area | C9: =B21/360*400 -> 55555.556 | D9: (ft²) | E9: 0.019 | F9: (W/ft²) | G9: =$E9*C9 -> 1055.5556
A10: Building Entrance | B10: 1 per 5,000 sf footprint | C10: =ROUNDUP(B21/5000,0) -> 10 | D10: (count) | E10: 15 | F10: (W/ea) | G10: =E10*C10 -> 150
A11: Hardscape Ornamental Light | B11: 0.1 ft² per 1 ft² of gross bldg area [2019 Lighting CASE report,Table 36] *The 0.5 multiplier has not been applied, as it is assumed it will be incorporated later during the measure analysis study. | C11: =B21*0.1 -> 5000 | D11: (ft²) | E11: 0.007 | F11: (W/ft²) | G11: =E11*C11 -> 35
A12: Building façade | B12: 0.1 W per 1 ft² of facade area Façade Area = Perimeter × 0.5 × 25 ft The 0.5 factor assumes that only half of the perimeter walls are lit. -Formula ia developed based on the 2019 Outdoor Lighting CASE report | C12: =B20*0.5*Prototype!B16 -> 11250 | D12: (ft²) | E12: 0.1 | F12: (W/ft²) | G12: =E12*C12 -> 1125
A13: Sales canopy | B13: 0.1 ft² per ft² of gross bldg area | C13: =(B21/B22)*0.1*0 -> 0 | D13: (ft²) | E13: 0.47 | F13: (W/ft²) | G13: =E13*C13 -> 0
A14: Motion controlled Luminaires | G14: =SUM(G8:G13)-G15 -> 1405.5556
A15: Non-motion-controlled Luminaires | G15: =G11+G12 -> 1160
A16: Total | G16: =G14+G15 -> 2565.5556
A18: *Developed based on 2019 Outdoor Lighting CASE Report
A20: Perimeter | B20: =200*2+250*2 -> 900
A21: Total floor area | B21: 50000
A22: Floors | B22: 1
A26: Background Data [To be deleted prior to publication]

Sheet Equipment
A1: ="Equipment - "&Prototype!A2 -> Equipment - RetailGrocery
A2: Space Type | B2: Plug Load Power Density (W/ft²) | C2: Source | D2: Note
A3: Retail Sales Area (Grocery Sales) | B3: 0.4 | C3: Proposed Updates to Equipment Power Densities and Schedules in the 2028 Energy Code Nonresidential and Multifamily Alternative Calculation Method (NRMFACM) Reference Manual, August 7, 2025 | D3: Matches Retail/All Other; PNNL prototype =~0.7; T24 Appendix 5.4A =0.2
A4: Lounge, Breakroom, or Waiting Area | B4: 1 | C4: T24 2022 - Appendix 5.4A: Space Use Data-T24N-2022
A5: Storage, Commercial/Industrial (Shipping & Handling) | B5: 0.5
A6: Storage, Commercial/Industrial (Refrigerated) | B6: 0.2
A8: Refrigeration Equipment
A10: Tag | B10: Equipment Type | C10: Location | D10: Duty / Type | E10: Number of Units | F10: Case Length (ft) | G10: Dimensions (LxDxH) | H10: Temp Range (°F) | I10: Refrigerant | J10: Vintage | K10: Rated Power (W/m) | L10: Defrost Power (W/m) | M10: Fan Power (W/m) | N10: Lights Power (W/m) | O10: Anti Sweat (W) | P10: Compressor Type | Q10: Lighting | R10: Defrost Type | S10: Notes | T10: Source
A11: R1 | B11: Open Multideck Dairy Case | C11: Dairy Aisle | D11: Medium Temp | E11: 12 | F11: 12 | G11: 12' x 42" x 84" | H11: 34–38 | I11: R-448A | J11: New Construction | K11: 1143 | L11: 0 | M11: 16 | N11: 16 | O11: 0 | P11: Remote | Q11: LED canopy/shelves | R11: Off-cycle | S11: Glass end panels, night curtain | T11: Grocery Store 50% Energy Savings Technical Support Document NREl (2009) ORNL Prototype Supermarket Building Energy Model (2019) Performance Comparison of Three High Efficiency Medium-Temperature Display Cases (2009)
I12: R22 | J12: Vintage | K12: 1438 | L12: 0 | M12: 43 | N12: 73 | O12: 0
A13: R2 | B13: Service Deli Case | C13: Deli Counter | D13: Medium Temp | E13: 2 | F13: 8 | G13: 8' x 36" x 50" | H13: 36–40 | I13: R-448A | J13: New Construction | K13: 599 | L13: 0 | M13: 20 | N13: 18 | O13: 64 | P13: Remote | Q13: LED top light | R13: Off-cycle | S13: Dual temp option for meats/cheeses
I14: R22 | J14: Vintage | K14: 808 | L14: 0 | M14: 32 | N14: 72 | O14: 0
A15: R3 | B15: Meat Self-Service Case | C15: Meat Department | D15: Medium Temp | E15: 14 | F15: 12 | G15: 12' x 42" x 84" | H15: 28–32 | I15: R-448A | J15: New Construction | K15: 1143 | L15: 0 | M15: 16 | N15: 16 | O15: 0 | P15: Remote | Q15: LED lighting | R15: Off-cycle | S15: Gravity coil, low temp
I16: R22 | J16: Vintage | K16: 1438 | L16: 0 | M16: 43 | N16: 73 | O16: 0
A17: R4 | B17: Produce Case (Refrigerated) | C17: Produce Aisle | D17: Medium Temp | E17: 10 | F17: 8 | G17: 8' x 42" x 84" | H17: 36–40 | I17: R-448A | J17: New Construction | K17: 1143 | L17: 0 | M17: 16 | N17: 16 | O17: 0 | P17: Remote | Q17: LED canopy light | R17: Off-cycle | S17: Mist system optional
I18: R22 | J18: Vintage | K18: 1438 | L18: 0 | M18: 43 | N18: 73 | O18: 0
A19: R5 | B19: Frozen Food Upright Case | C19: Frozen Foods Aisle | D19: Low Temp | E19: 20 | F19: 12 | G19: 12' x 36" x 84" | H19: -5 to 0 | I19: R-448A | J19: New Construction | K19: 426 | L19: 971 | M19: 30 | N19: 26 | O19: 139 | P19: Remote | Q19: LED door lighting | R19: Electric | S19: Glass doors, anti-sweat heaters
I20: R22 | J20: Vintage | K20: 584 | L20: 1222 | M20: 70 | N20: 99 | O20: 78
A21: R6 | B21: Ice Cream Low-Temp Case | C21: Frozen Foods Aisle | D21: Low Temp | E21: 6 | F21: 6 | G21: 6' x 36" x 84" | H21: -10 to -20 | I21: R-448A or CO₂ | J21: New Construction | K21: 521 | L21: 971 | M21: 30 | N21: 26 | O21: 139 | P21: Remote | Q21: LED lighting | R21: Electric | S21: Critical temp holding, tight door seals
I22: R22 | J22: Vintage | K22: 618 | L22: 1222 | M22: 70 | N22: 99 | O22: 78
A23: R7 | B23: Walk-In Cooler (Produce) | C23: Back of House | D23: Medium Temp | E23: 1 | F23: N/A | G23: 10' x 12' x 8' | H23: 34–38 | I23: R-448A | J23: New Construction | K23: 2917 (W) | L23: 0 | M23: 152 (W) | N23: 60 (W) | O23: 0 | P23: Remote condensing unit | Q23: LED ceiling | R23: Off-cycle | S23: Floorless, strip curtain at door
I24: R22 | J24: Vintage | K24: 2917 (W) | L24: 0 | M24: 169 (W) | N24: 120 (W) | O24: 0
A25: R8 | B25: Walk-In Freezer | C25: Back of House | D25: Low Temp | E25: 1 | F25: N/A | G25: 10' x 10' x 8' | H25: -10 to -20 | I25: R-448A | J25: New Construction | K25: 2454 (W) | L25: 1939 (W) | M25: 128 (W) | N25: 50 (W) | O25: 0 | P25: Remote condensing unit | Q25: LED ceiling | R25: Electric | S25: Insulated floor, heated door frame
I26: R22 | J26: Vintage | K26: 2454 (W) | L26: 1939 (W) | M26: 196 (W) | N26: 100 (W) | O26: 0
A27: R9 | B27: Beverage Case | C27: Front of Store | D27: Medium Temp | E27: 4 | F27: 8 | G27: 8' x 36" x 84" | H27: 34–38 | I27: R-448A | J27: New Construction | K27: 1143 | L27: 0 | M27: 16 | N27: 16 | O27: 64 | P27: Remote | Q27: LED shelves | R27: Off-cycle | S27: Reach-in with glass doors
I28: R22 | J28: Vintage | K28: 1438 | L28: 0 | M28: 43 | N28: 73 | O28: 0
A29: R10 | B29: Grab-n-Go Sandwich Cooler | C29: Front Grab-n-Go Area | D29: Medium Temp | E29: 2 | F29: 6 | G29: 6' x 30" x 60" | H29: 36–40 | I29: R-448A | J29: New Construction | K29: 599 | L29: 0 | M29: 20 | N29: 18 | O29: 64 | P29: Self-contained | Q29: LED canopy | R29: Off-cycle | S29: Plug-in, casters for mobility
I30: R22 | J30: Vintage | K30: 808 | L30: 0 | M30: 32 | N30: 72 | O30: 0
A31: Total | E31: =SUM(E11:E29) -> 72 | F31: =SUMPRODUCT(E11:E29,F11:F29) -> 728
A33: Refrigeration Systems
A34: Vintage | B34: Name | C34: Service | D34: # of compressors | E34: # of condensors | F34: Connected Load (KW) | G34: Heat Rejection | H34: Min SCT (°F) | I34: Condensor Design Capacity (kW) | J34: Condensor Fan Power (W) | K34: Fan Control | L34: Source
A35: New Construction | B35: LT_Refrigeration System | C35: Low Temp (R5, R6, R8) | D35: 4 | E35: 1 | F35: 39.3 | G35: Outdoors | H35: 70 | I35: 83.5 | J35: 4378 | K35: Two Speed | L35: ORNL Prototype Supermarket Building Energy (2019)
B36: MT_Refrigeration System | C36: Medium Temp (R1–R4, R9, R7) | D36: 5 | E36: 1 | F36: 153.6 | G36: Outdoors | H36: 70 | I36: 276.4 | J36: 12884 | K36: Two Speed
B37: R10_SelfContained System | C37: Medium Temp _ Self Contained | D37: 1 | E37: 1 | F37: 2.19 | G37: Checkout_Area | H37: 70 | I37: 3.94 | J37: 869 | K37: Fixed
A38: Vintage | B38: LT_Refrigeration System | C38: Low Temp (R5, R6, R8) | D38: 4 | E38: 1 | F38: 52 | G38: Outdoors | H38: 70 | I38: 110.3 | J38: 5560 | K38: Two Speed | L38: ORNL Prototype Supermarket Building Energy (2019)
B39: MT_Refrigeration System | C39: Medium Temp (R1–R4, R9, R7) | D39: 5 | E39: 1 | F39: 192.7 | G39: Outdoors | H39: 70 | I39: 346.9 | J39: 15991 | K39: Two Speed
B40: R10_SelfContained System | C40: Medium Temp _ Self Contained | D40: 1 | E40: 1 | F40: 2.96 | G40: Checkout_Area | H40: 70 | I40: 5.32 | J40: 930 | K40: Fixed

Sheet Schedules
A1: ="Schedules - "&Prototype!A2 -> Schedules - RetailGrocery
A2: Zone | B2: Schedule Category | C2: Schedule | D2: Source | E2: Type | F2: Hour
F3: 1 | G3: 2 | H3: 3 | I3: 4 | J3: 5 | K3: 6 | L3: 7 | M3: 8 | N3: 9 | O3: 10 | P3: 11 | Q3: 12 | R3: 13 | S3: 14 | T3: 15 | U3: 16 | V3: 17 | W3: 18 | X3: 19 | Y3: 20 | Z3: 21 | AA3: 22 | AB3: 23 | AC3: 24
A4: All | B4: Grocery Sales & Office | C4: Occupancy | D4: NLR Study "Final Optimization Report: Empowering Energy Efficiency in Existing Big-Box Retail/Grocery Stores", (2020) & Adjusted based on Google Popular Time | E4: Weekday | F4: 0 | G4: 0 | H4: 0 | I4: 0 | J4: 0 | K4: 0.05 | L4: 0.1 | M4: 0.15 | N4: 0.2 | O4: 0.3 | P4: 0.4 | Q4: 0.5 | R4: 0.6 | S4: 0.6 | T4: 0.6 | U4: 0.6 | V4: 0.7 | W4: 0.8 | X4: 0.8 | Y4: 0.8 | Z4: 0.6 | AA4: 0.3 | AB4: 0.1 | AC4: 0.05
E5: Saturday | F5: 0 | G5: 0 | H5: 0 | I5: 0 | J5: 0 | K5: 0.05 | L5: 0.1 | M5: 0.2 | N5: 0.3 | O5: 0.5 | P5: 0.7 | Q5: 0.8 | R5: 0.9 | S5: 0.9 | T5: 0.9 | U5: 0.9 | V5: 0.9 | W5: 0.9 | X5: 0.8 | Y5: 0.7 | Z5: 0.6 | AA5: 0.5 | AB5: 0.3 | AC5: 0.1
E6: Sunday | F6: 0 | G6: 0 | H6: 0 | I6: 0 | J6: 0 | K6: 0.05 | L6: 0.1 | M6: 0.2 | N6: 0.3 | O6: 0.5 | P6: 0.7 | Q6: 0.8 | R6: 0.9 | S6: 0.9 | T6: 0.9 | U6: 0.9 | V6: 0.9 | W6: 0.9 | X6: 0.8 | Y6: 0.7 | Z6: 0.6 | AA6: 0.5 | AB6: 0.3 | AC6: 0.1
A7: All | B7: Grocery Sales & Office | C7: Lights | D7: T24 2022 - Appendix 5.4B | E7: Weekday | F7: 0.05 | G7: 0.05 | H7: 0.05 | I7: 0.05 | J7: 0.7 | K7: 1 | L7: 1 | M7: 1 | N7: 1 | O7: 1 | P7: 1 | Q7: 1 | R7: 1 | S7: 1 | T7: 1 | U7: 1 | V7: 1 | W7: 1 | X7: 1 | Y7: 1 | Z7: 1 | AA7: 1 | AB7: 1 | AC7: 1
E8: Saturday | F8: 0.05 | G8: 0.05 | H8: 0.05 | I8: 0.05 | J8: 0.7 | K8: 1 | L8: 1 | M8: 1 | N8: 1 | O8: 1 | P8: 1 | Q8: 1 | R8: 1 | S8: 1 | T8: 1 | U8: 1 | V8: 1 | W8: 1 | X8: 1 | Y8: 1 | Z8: 1 | AA8: 1 | AB8: 1 | AC8: 1
E9: Sunday | F9: 0.05 | G9: 0.05 | H9: 0.05 | I9: 0.05 | J9: 0.7 | K9: 1 | L9: 1 | M9: 1 | N9: 1 | O9: 1 | P9: 1 | Q9: 1 | R9: 1 | S9: 1 | T9: 1 | U9: 1 | V9: 1 | W9: 1 | X9: 1 | Y9: 1 | Z9: 1 | AA9: 1 | AB9: 1 | AC9: 1
A10: All | B10: Grocery Sales & Office | C10: ElecEquipment | D10: Plug load and schedules project with CEC, 2025 | E10: Weekday | F10: 0.4 | G10: 0.4 | H10: 0.4 | I10: 0.4 | J10: 0.4 | K10: 0.9 | L10: 0.9 | M10: 0.9 | N10: 0.9 | O10: 0.9 | P10: 0.9 | Q10: 0.9 | R10: 0.9 | S10: 0.9 | T10: 0.9 | U10: 0.9 | V10: 0.9 | W10: 0.9 | X10: 0.9 | Y10: 0.9 | Z10: 0.9 | AA10: 0.9 | AB10: 0.9 | AC10: 0.9
E11: Saturday | F11: 0.4 | G11: 0.4 | H11: 0.4 | I11: 0.4 | J11: 0.4 | K11: 0.9 | L11: 0.9 | M11: 0.9 | N11: 0.9 | O11: 0.9 | P11: 0.9 | Q11: 0.9 | R11: 0.9 | S11: 0.9 | T11: 0.9 | U11: 0.9 | V11: 0.9 | W11: 0.9 | X11: 0.9 | Y11: 0.9 | Z11: 0.9 | AA11: 0.9 | AB11: 0.9 | AC11: 0.9
E12: Sunday | F12: 0.4 | G12: 0.4 | H12: 0.4 | I12: 0.4 | J12: 0.4 | K12: 0.9 | L12: 0.9 | M12: 0.9 | N12: 0.9 | O12: 0.9 | P12: 0.9 | Q12: 0.9 | R12: 0.9 | S12: 0.9 | T12: 0.9 | U12: 0.9 | V12: 0.9 | W12: 0.9 | X12: 0.9 | Y12: 0.9 | Z12: 0.9 | AA12: 0.9 | AB12: 0.9 | AC12: 0.9
A13: All | B13: Grocery Sales & Office | C13: HVACAvail | D13: T24 2022 - Appendix 5.4B, [Retail] | E13: Weekday | F13: 0 | G13: 0 | H13: 0 | I13: 0 | J13: 1 | K13: 1 | L13: 1 | M13: 1 | N13: 1 | O13: 1 | P13: 1 | Q13: 1 | R13: 1 | S13: 1 | T13: 1 | U13: 1 | V13: 1 | W13: 1 | X13: 1 | Y13: 1 | Z13: 1 | AA13: 1 | AB13: 1 | AC13: 1
E14: Saturday | F14: 0 | G14: 0 | H14: 0 | I14: 0 | J14: 1 | K14: 1 | L14: 1 | M14: 1 | N14: 1 | O14: 1 | P14: 1 | Q14: 1 | R14: 1 | S14: 1 | T14: 1 | U14: 1 | V14: 1 | W14: 1 | X14: 1 | Y14: 1 | Z14: 1 | AA14: 1 | AB14: 1 | AC14: 1
E15: Sunday | F15: 0 | G15: 0 | H15: 0 | I15: 0 | J15: 1 | K15: 1 | L15: 1 | M15: 1 | N15: 1 | O15: 1 | P15: 1 | Q15: 1 | R15: 1 | S15: 1 | T15: 1 | U15: 1 | V15: 1 | W15: 1 | X15: 1 | Y15: 1 | Z15: 1 | AA15: 1 | AB15: 1 | AC15: 1
A16: All | B16: Grocery Sales & Office | C16: ServiceHotWater | D16: T24 2022 - Appendix 5.4B, [Retail] | E16: Weekday | F16: 0.04 | G16: 0.05 | H16: 0.05 | I16: 0.04 | J16: 0.04 | K16: 0.04 | L16: 0.04 | M16: 0.15 | N16: 0.23 | O16: 0.32 | P16: 0.41 | Q16: 0.57 | R16: 0.62 | S16: 0.61 | T16: 0.5 | U16: 0.45 | V16: 0.46 | W16: 0.47 | X16: 0.42 | Y16: 0.34 | Z16: 0.33 | AA16: 0.23 | AB16: 0.13 | AC16: 0.08
E17: Saturday | F17: 0.11 | G17: 0.1 | H17: 0.08 | I17: 0.06 | J17: 0.06 | K17: 0.06 | L17: 0.07 | M17: 0.2 | N17: 0.24 | O17: 0.27 | P17: 0.42 | Q17: 0.54 | R17: 0.59 | S17: 0.6 | T17: 0.49 | U17: 0.48 | V17: 0.47 | W17: 0.46 | X17: 0.44 | Y17: 0.36 | Z17: 0.29 | AA17: 0.22 | AB17: 0.16 | AC17: 0.13
E18: Sunday | F18: 0.07 | G18: 0.07 | H18: 0.07 | I18: 0.06 | J18: 0.06 | K18: 0.06 | L18: 0.07 | M18: 0.1 | N18: 0.12 | O18: 0.14 | P18: 0.29 | Q18: 0.31 | R18: 0.36 | S18: 0.36 | T18: 0.34 | U18: 0.35 | V18: 0.37 | W18: 0.34 | X18: 0.25 | Y18: 0.27 | Z18: 0.21 | AA18: 0.16 | AB18: 0.1 | AC18: 0.06
A19: All | B19: Grocery Sales & Office | C19: Infiltration | D19: T24 2022 - Appendix 5.4B, [Retail] | E19: Weekday | F19: 1 | G19: 1 | H19: 1 | I19: 1 | J19: 0.25 | K19: 0.25 | L19: 0.25 | M19: 0.25 | N19: 0.25 | O19: 0.25 | P19: 0.25 | Q19: 0.25 | R19: 0.25 | S19: 0.25 | T19: 0.25 | U19: 0.25 | V19: 0.25 | W19: 0.25 | X19: 0.25 | Y19: 0.25 | Z19: 0.25 | AA19: 0.25 | AB19: 0.25 | AC19: 0.25
E20: Saturday | F20: 1 | G20: 1 | H20: 1 | I20: 1 | J20: 0.25 | K20: 0.25 | L20: 0.25 | M20: 0.25 | N20: 0.25 | O20: 0.25 | P20: 0.25 | Q20: 0.25 | R20: 0.25 | S20: 0.25 | T20: 0.25 | U20: 0.25 | V20: 0.25 | W20: 0.25 | X20: 0.25 | Y20: 0.25 | Z20: 0.25 | AA20: 0.25 | AB20: 0.25 | AC20: 0.25
E21: Sunday | F21: 1 | G21: 1 | H21: 1 | I21: 1 | J21: 0.25 | K21: 0.25 | L21: 0.25 | M21: 0.25 | N21: 0.25 | O21: 0.25 | P21: 0.25 | Q21: 0.25 | R21: 0.25 | S21: 0.25 | T21: 0.25 | U21: 0.25 | V21: 0.25 | W21: 0.25 | X21: 0.25 | Y21: 0.25 | Z21: 0.25 | AA21: 0.25 | AB21: 0.25 | AC21: 0.25
A22: All | B22: Grocery Sales & Office | C22: HtgSetpt | D22: T24 2022 - Appendix 5.4B, [Retail] | E22: Weekday | F22: 60 | G22: 60 | H22: 60 | I22: 60 | J22: 60 | K22: 70 | L22: 70 | M22: 70 | N22: 70 | O22: 70 | P22: 70 | Q22: 70 | R22: 70 | S22: 70 | T22: 70 | U22: 70 | V22: 70 | W22: 70 | X22: 70 | Y22: 70 | Z22: 70 | AA22: 70 | AB22: 70 | AC22: 70
E23: Saturday | F23: 60 | G23: 60 | H23: 60 | I23: 60 | J23: 60 | K23: 70 | L23: 70 | M23: 70 | N23: 70 | O23: 70 | P23: 70 | Q23: 70 | R23: 70 | S23: 70 | T23: 70 | U23: 70 | V23: 70 | W23: 70 | X23: 70 | Y23: 70 | Z23: 70 | AA23: 70 | AB23: 70 | AC23: 70
E24: Sunday | F24: 60 | G24: 60 | H24: 60 | I24: 60 | J24: 60 | K24: 70 | L24: 70 | M24: 70 | N24: 70 | O24: 70 | P24: 70 | Q24: 70 | R24: 70 | S24: 70 | T24: 70 | U24: 70 | V24: 70 | W24: 70 | X24: 70 | Y24: 70 | Z24: 70 | AA24: 70 | AB24: 70 | AC24: 70
A25: All | B25: Grocery Sales & Office | C25: ClgSetpt | D25: T24 2022 - Appendix 5.4B, [Retail] | E25: Weekday | F25: 85 | G25: 85 | H25: 85 | I25: 85 | J25: 85 | K25: 75 | L25: 75 | M25: 75 | N25: 75 | O25: 75 | P25: 75 | Q25: 75 | R25: 75 | S25: 75 | T25: 75 | U25: 75 | V25: 75 | W25: 75 | X25: 75 | Y25: 75 | Z25: 75 | AA25: 75 | AB25: 75 | AC25: 75
E26: Saturday | F26: 85 | G26: 85 | H26: 85 | I26: 85 | J26: 85 | K26: 75 | L26: 75 | M26: 75 | N26: 75 | O26: 75 | P26: 75 | Q26: 75 | R26: 75 | S26: 75 | T26: 75 | U26: 75 | V26: 75 | W26: 75 | X26: 75 | Y26: 75 | Z26: 75 | AA26: 75 | AB26: 75 | AC26: 75
E27: Sunday | F27: 85 | G27: 85 | H27: 85 | I27: 85 | J27: 85 | K27: 75 | L27: 75 | M27: 75 | N27: 75 | O27: 75 | P27: 75 | Q27: 75 | R27: 75 | S27: 75 | T27: 75 | U27: 75 | V27: 75 | W27: 75 | X27: 75 | Y27: 75 | Z27: 75 | AA27: 75 | AB27: 75 | AC27: 75
A28: Refrigeration Case Schedules
A29: Retail Sales Area (Grocery Sales) | B29: Refrigeration | C29: CaseOperatingSched | D29: EnergyPlus example files _ Detailed_Supermarket | E29: Weekday | F29: 1 | G29: 1 | H29: 1 | I29: 1 | J29: 1 | K29: 1 | L29: 1 | M29: 1 | N29: 1 | O29: 1 | P29: 1 | Q29: 1 | R29: 1 | S29: 1 | T29: 1 | U29: 1 | V29: 1 | W29: 1 | X29: 1 | Y29: 1 | Z29: 1 | AA29: 1 | AB29: 1 | AC29: 1
E30: Saturday | F30: 1 | G30: 1 | H30: 1 | I30: 1 | J30: 1 | K30: 1 | L30: 1 | M30: 1 | N30: 1 | O30: 1 | P30: 1 | Q30: 1 | R30: 1 | S30: 1 | T30: 1 | U30: 1 | V30: 1 | W30: 1 | X30: 1 | Y30: 1 | Z30: 1 | AA30: 1 | AB30: 1 | AC30: 1
E31: Sunday | F31: 1 | G31: 1 | H31: 1 | I31: 1 | J31: 1 | K31: 1 | L31: 1 | M31: 1 | N31: 1 | O31: 1 | P31: 1 | Q31: 1 | R31: 1 | S31: 1 | T31: 1 | U31: 1 | V31: 1 | W31: 1 | X31: 1 | Y31: 1 | Z31: 1 | AA31: 1 | AB31: 1 | AC31: 1
A32: Retail Sales Area (Grocery Sales) | B32: Refrigeration | C32: CaseCleanedOnMonday | D32: EnergyPlus example files _ Detailed_Supermarket | E32: Weekday | F32: 1 | G32: 1 | H32: 1 | I32: 1 | J32: 0 | K32: 0 | L32: 1 | M32: 1 | N32: 1 | O32: 1 | P32: 1 | Q32: 1 | R32: 1 | S32: 1 | T32: 1 | U32: 1 | V32: 1 | W32: 1 | X32: 1 | Y32: 1 | Z32: 1 | AA32: 1 | AB32: 1 | AC32: 1 | AE32: Operating Schedule for Meat and Ice Cream Cases
E33: Saturday | F33: 1 | G33: 1 | H33: 1 | I33: 1 | J33: 1 | K33: 1 | L33: 1 | M33: 1 | N33: 1 | O33: 1 | P33: 1 | Q33: 1 | R33: 1 | S33: 1 | T33: 1 | U33: 1 | V33: 1 | W33: 1 | X33: 1 | Y33: 1 | Z33: 1 | AA33: 1 | AB33: 1 | AC33: 1
E34: Sunday | F34: 1 | G34: 1 | H34: 1 | I34: 1 | J34: 1 | K34: 1 | L34: 1 | M34: 1 | N34: 1 | O34: 1 | P34: 1 | Q34: 1 | R34: 1 | S34: 1 | T34: 1 | U34: 1 | V34: 1 | W34: 1 | X34: 1 | Y34: 1 | Z34: 1 | AA34: 1 | AB34: 1 | AC34: 1
A35: Retail Sales Area (Grocery Sales) | B35: Refrigeration | C35: LightingSched_AllCases | D35: EnergyPlus example files _ Detailed_Supermarket | E35: Weekday | F35: 0 | G35: 0 | H35: 0 | I35: 0 | J35: 0 | K35: 1 | L35: 1 | M35: 1 | N35: 1 | O35: 1 | P35: 1 | Q35: 1 | R35: 1 | S35: 1 | T35: 1 | U35: 1 | V35: 1 | W35: 1 | X35: 1 | Y35: 1 | Z35: 1 | AA35: 1 | AB35: 1 | AC35: 1
E36: Saturday | F36: 0 | G36: 0 | H36: 0 | I36: 0 | J36: 0 | K36: 1 | L36: 1 | M36: 1 | N36: 1 | O36: 1 | P36: 1 | Q36: 1 | R36: 1 | S36: 1 | T36: 1 | U36: 1 | V36: 1 | W36: 1 | X36: 1 | Y36: 1 | Z36: 1 | AA36: 1 | AB36: 1 | AC36: 1
E37: Sunday | F37: 0 | G37: 0 | H37: 0 | I37: 0 | J37: 0 | K37: 1 | L37: 1 | M37: 1 | N37: 1 | O37: 1 | P37: 1 | Q37: 1 | R37: 1 | S37: 1 | T37: 1 | U37: 1 | V37: 1 | W37: 1 | X37: 1 | Y37: 1 | Z37: 1 | AA37: 1 | AB37: 1 | AC37: 1
A38: Retail Sales Area (Grocery Sales) | B38: Refrigeration | C38: LightingSched_WalkIn | D38: EnergyPlus example files _ Detailed_Supermarket | E38: Weekday | F38: 0 | G38: 0 | H38: 0 | I38: 0 | J38: 0 | K38: 0 | L38: 1 | M38: 0 | N38: 0 | O38: 0 | P38: 0 | Q38: 0.5 | R38: 0.5 | S38: 0 | T38: 0 | U38: 0 | V38: 0 | W38: 0 | X38: 0 | Y38: 1 | Z38: 0 | AA38: 0 | AB38: 0 | AC38: 0
E39: Saturday | F39: 0 | G39: 0 | H39: 0 | I39: 0 | J39: 0 | K39: 0 | L39: 1 | M39: 0 | N39: 0 | O39: 0 | P39: 0 | Q39: 0.5 | R39: 0.5 | S39: 0 | T39: 0 | U39: 0 | V39: 0 | W39: 0 | X39: 0 | Y39: 1 | Z39: 0 | AA39: 0 | AB39: 0 | AC39: 0
E40: Sunday | F40: 0 | G40: 0 | H40: 0 | I40: 0 | J40: 0 | K40: 0 | L40: 1 | M40: 0 | N40: 0 | O40: 0 | P40: 0 | Q40: 0.5 | R40: 0.5 | S40: 0 | T40: 0 | U40: 0 | V40: 0 | W40: 0 | X40: 0 | Y40: 1 | Z40: 0 | AA40: 0 | AB40: 0 | AC40: 0
A41: Retail Sales Area (Grocery Sales) | B41: Refrigeration | C41: RestockSched_AllCases | D41: EnergyPlus example files _ Detailed_Supermarket | E41: Weekday | F41: 0 | G41: 0 | H41: 0 | I41: 0 | J41: 0 | K41: 0 | L41: 0 | M41: 0 | N41: 0 | O41: 0 | P41: 0 | Q41: 0 | R41: 0 | S41: 50 | T41: 35 | U41: 0 | V41: 0 | W41: 0 | X41: 0 | Y41: 0 | Z41: 0 | AA41: 0 | AB41: 0 | AC41: 0
E42: Saturday | F42: 0 | G42: 0 | H42: 0 | I42: 0 | J42: 0 | K42: 0 | L42: 0 | M42: 0 | N42: 0 | O42: 0 | P42: 0 | Q42: 0 | R42: 0 | S42: 50 | T42: 35 | U42: 0 | V42: 0 | W42: 0 | X42: 0 | Y42: 0 | Z42: 0 | AA42: 0 | AB42: 0 | AC42: 0
E43: Sunday | F43: 0 | G43: 0 | H43: 0 | I43: 0 | J43: 0 | K43: 0 | L43: 0 | M43: 0 | N43: 0 | O43: 0 | P43: 0 | Q43: 0 | R43: 0 | S43: 50 | T43: 35 | U43: 0 | V43: 0 | W43: 0 | X43: 0 | Y43: 0 | Z43: 0 | AA43: 0 | AB43: 0 | AC43: 0
A44: Retail Sales Area (Grocery Sales) | B44: Refrigeration | C44: RestockSched_WalkIn | D44: EnergyPlus example files _ Detailed_Supermarket | E44: Weekday | F44: 0 | G44: 0 | H44: 0 | I44: 0 | J44: 125 | K44: 117 | L44: 90 | M44: 0 | N44: 0 | O44: 0 | P44: 0 | Q44: 0 | R44: 0 | S44: 0 | T44: 0 | U44: 0 | V44: 0 | W44: 0 | X44: 0 | Y44: 125 | Z44: 117 | AA44: 90 | AB44: 0 | AC44: 0
E45: Saturday | F45: 0 | G45: 0 | H45: 0 | I45: 0 | J45: 125 | K45: 117 | L45: 90 | M45: 0 | N45: 0 | O45: 0 | P45: 0 | Q45: 0 | R45: 0 | S45: 0 | T45: 0 | U45: 0 | V45: 0 | W45: 0 | X45: 0 | Y45: 125 | Z45: 117 | AA45: 90 | AB45: 0 | AC45: 0
E46: Sunday | F46: 0 | G46: 0 | H46: 0 | I46: 0 | J46: 125 | K46: 117 | L46: 90 | M46: 0 | N46: 0 | O46: 0 | P46: 0 | Q46: 0 | R46: 0 | S46: 0 | T46: 0 | U46: 0 | V46: 0 | W46: 0 | X46: 0 | Y46: 125 | Z46: 117 | AA46: 90 | AB46: 0 | AC46: 0
E47: Tue/Fri | F47: 0 | G47: 0 | H47: 0 | I47: 0 | J47: 725 | K47: 417 | L47: 290 | M47: 0 | N47: 0 | O47: 0 | P47: 0 | Q47: 0 | R47: 0 | S47: 0 | T47: 0 | U47: 0 | V47: 0 | W47: 0 | X47: 0 | Y47: 0 | Z47: 0 | AA47: 0 | AB47: 0 | AC47: 0
A48: Retail Sales Area (Grocery Sales) | B48: Refrigeration | C48: Defrost_MTCases | D48: EnergyPlus example files _ Detailed_Supermarket | E48: Weekday | F48: 0 | G48: 0 | H48: 0 | I48: 0 | J48: 0.333 | K48: 0 | L48: 0 | M48: 0 | N48: 0 | O48: 0 | P48: 0 | Q48: 0 | R48: 0 | S48: 0 | T48: 0 | U48: 0 | V48: 0.333 | W48: 0 | X48: 0 | Y48: 0 | Z48: 0 | AA48: 0 | AB48: 0 | AC48: 0 | AE48: 20 min defrost / 30 min drip
E49: Saturday | F49: 0 | G49: 0 | H49: 0 | I49: 0 | J49: 0.333 | K49: 0 | L49: 0 | M49: 0 | N49: 0 | O49: 0 | P49: 0 | Q49: 0 | R49: 0 | S49: 0 | T49: 0 | U49: 0 | V49: 0.333 | W49: 0 | X49: 0 | Y49: 0 | Z49: 0 | AA49: 0 | AB49: 0 | AC49: 0
E50: Sunday | F50: 0 | G50: 0 | H50: 0 | I50: 0 | J50: 0.333 | K50: 0 | L50: 0 | M50: 0 | N50: 0 | O50: 0 | P50: 0 | Q50: 0 | R50: 0 | S50: 0 | T50: 0 | U50: 0 | V50: 0.333 | W50: 0 | X50: 0 | Y50: 0 | Z50: 0 | AA50: 0 | AB50: 0 | AC50: 0
A51: Retail Sales Area (Grocery Sales) | B51: Refrigeration | C51: DripDown_MTCases | D51: `EnergyPlus example files _ Detailed_Supermarket | E51: Weekday | F51: 0 | G51: 0 | H51: 0 | I51: 0 | J51: 0.5 | K51: 0 | L51: 0 | M51: 0 | N51: 0 | O51: 0 | P51: 0 | Q51: 0 | R51: 0 | S51: 0 | T51: 0 | U51: 0 | V51: 0.5 | W51: 0 | X51: 0 | Y51: 0 | Z51: 0 | AA51: 0 | AB51: 0 | AC51: 0
E52: Saturday | F52: 0 | G52: 0 | H52: 0 | I52: 0 | J52: 0.5 | K52: 0 | L52: 0 | M52: 0 | N52: 0 | O52: 0 | P52: 0 | Q52: 0 | R52: 0 | S52: 0 | T52: 0 | U52: 0 | V52: 0.5 | W52: 0 | X52: 0 | Y52: 0 | Z52: 0 | AA52: 0 | AB52: 0 | AC52: 0
E53: Sunday | F53: 0 | G53: 0 | H53: 0 | I53: 0 | J53: 0.5 | K53: 0 | L53: 0 | M53: 0 | N53: 0 | O53: 0 | P53: 0 | Q53: 0 | R53: 0 | S53: 0 | T53: 0 | U53: 0 | V53: 0.5 | W53: 0 | X53: 0 | Y53: 0 | Z53: 0 | AA53: 0 | AB53: 0 | AC53: 0
A54: Retail Sales Area (Grocery Sales) | B54: Refrigeration | C54: Defrost_LTCases | D54: EnergyPlus example files _ Detailed_Supermarket | E54: Weekday | F54: 0 | G54: 0 | H54: 0 | I54: 0.333 | J54: 0 | K54: 0 | L54: 0 | M54: 0 | N54: 0 | O54: 0 | P54: 0 | Q54: 0 | R54: 0 | S54: 0 | T54: 0 | U54: 0.333 | V54: 0 | W54: 0 | X54: 0 | Y54: 0 | Z54: 0 | AA54: 0 | AB54: 0 | AC54: 0
E55: Saturday | F55: 0 | G55: 0 | H55: 0 | I55: 0.333 | J55: 0 | K55: 0 | L55: 0 | M55: 0 | N55: 0 | O55: 0 | P55: 0 | Q55: 0 | R55: 0 | S55: 0 | T55: 0 | U55: 0.333 | V55: 0 | W55: 0 | X55: 0 | Y55: 0 | Z55: 0 | AA55: 0 | AB55: 0 | AC55: 0
E56: Sunday | F56: 0 | G56: 0 | H56: 0 | I56: 0.333 | J56: 0 | K56: 0 | L56: 0 | M56: 0 | N56: 0 | O56: 0 | P56: 0 | Q56: 0 | R56: 0 | S56: 0 | T56: 0 | U56: 0.333 | V56: 0 | W56: 0 | X56: 0 | Y56: 0 | Z56: 0 | AA56: 0 | AB56: 0 | AC56: 0
A57: Retail Sales Area (Grocery Sales) | B57: Refrigeration | C57: DripDown_LTCases | D57: `EnergyPlus example files _ Detailed_Supermarket | E57: Weekday | F57: 0 | G57: 0 | H57: 0 | I57: 0.5 | J57: 0 | K57: 0 | L57: 0 | M57: 0 | N57: 0 | O57: 0 | P57: 0 | Q57: 0 | R57: 0 | S57: 0 | T57: 0 | U57: 0.5 | V57: 0 | W57: 0 | X57: 0 | Y57: 0 | Z57: 0 | AA57: 0 | AB57: 0 | AC57: 0
E58: Saturday | F58: 0 | G58: 0 | H58: 0 | I58: 0.5 | J58: 0 | K58: 0 | L58: 0 | M58: 0 | N58: 0 | O58: 0 | P58: 0 | Q58: 0 | R58: 0 | S58: 0 | T58: 0 | U58: 0.5 | V58: 0 | W58: 0 | X58: 0 | Y58: 0 | Z58: 0 | AA58: 0 | AB58: 0 | AC58: 0
E59: Sunday | F59: 0 | G59: 0 | H59: 0 | I59: 0.5 | J59: 0 | K59: 0 | L59: 0 | M59: 0 | N59: 0 | O59: 0 | P59: 0 | Q59: 0 | R59: 0 | S59: 0 | T59: 0 | U59: 0.5 | V59: 0 | W59: 0 | X59: 0 | Y59: 0 | Z59: 0 | AA59: 0 | AB59: 0 | AC59: 0
A60: Retail Sales Area (Grocery Sales) | B60: Refrigeration | C60: CaseCredit_LT | D60: EnergyPlus example files _ Detailed_Supermarket | E60: Weekday | F60: 0.2 | G60: 0.2 | H60: 0.2 | I60: 0.2 | J60: 0.2 | K60: 1 | L60: 1 | M60: 1 | N60: 1 | O60: 1 | P60: 1 | Q60: 1 | R60: 1 | S60: 1 | T60: 1 | U60: 1 | V60: 1 | W60: 1 | X60: 1 | Y60: 1 | Z60: 1 | AA60: 0.2 | AB60: 0.2 | AC60: 0.2 | AE60: Credit Schedule for Ice Cream and Frozen Food cases
E61: Saturday | F61: 0.2 | G61: 0.2 | H61: 0.2 | I61: 0.2 | J61: 0.2 | K61: 1 | L61: 1 | M61: 1 | N61: 1 | O61: 1 | P61: 1 | Q61: 1 | R61: 1 | S61: 1 | T61: 1 | U61: 1 | V61: 1 | W61: 1 | X61: 1 | Y61: 1 | Z61: 1 | AA61: 0.2 | AB61: 0.2 | AC61: 0.2
E62: Sunday | F62: 0.2 | G62: 0.2 | H62: 0.2 | I62: 0.2 | J62: 0.2 | K62: 1 | L62: 1 | M62: 1 | N62: 1 | O62: 1 | P62: 1 | Q62: 1 | R62: 1 | S62: 1 | T62: 1 | U62: 1 | V62: 1 | W62: 1 | X62: 1 | Y62: 1 | Z62: 1 | AA62: 0.2 | AB62: 0.2 | AC62: 0.2
A63: Retail Sales Area (Grocery Sales) | B63: Refrigeration | C63: CaseCredit_MT | D63: EnergyPlus example files _ Detailed_Supermarket | E63: Weekday | F63: 0.2 | G63: 0.2 | H63: 0.2 | I63: 0.2 | J63: 0.2 | K63: 0.6 | L63: 0.6 | M63: 0.6 | N63: 0.6 | O63: 0.6 | P63: 0.6 | Q63: 0.6 | R63: 0.6 | S63: 0.6 | T63: 0.6 | U63: 0.6 | V63: 0.6 | W63: 0.6 | X63: 0.6 | Y63: 0.6 | Z63: 0.6 | AA63: 0.2 | AB63: 0.2 | AC63: 0.2
E64: Saturday | F64: 0.2 | G64: 0.2 | H64: 0.2 | I64: 0.2 | J64: 0.2 | K64: 0.6 | L64: 0.6 | M64: 0.6 | N64: 0.6 | O64: 0.6 | P64: 0.6 | Q64: 0.6 | R64: 0.6 | S64: 0.6 | T64: 0.6 | U64: 0.6 | V64: 0.6 | W64: 0.6 | X64: 0.6 | Y64: 0.6 | Z64: 0.6 | AA64: 0.2 | AB64: 0.2 | AC64: 0.2
E65: Sunday | F65: 0.2 | G65: 0.2 | H65: 0.2 | I65: 0.2 | J65: 0.2 | K65: 0.6 | L65: 0.6 | M65: 0.6 | N65: 0.6 | O65: 0.6 | P65: 0.6 | Q65: 0.6 | R65: 0.6 | S65: 0.6 | T65: 0.6 | U65: 0.6 | V65: 0.6 | W65: 0.6 | X65: 0.6 | Y65: 0.6 | Z65: 0.6 | AA65: 0.2 | AB65: 0.2 | AC65: 0.2
A66: Retail Sales Area (Grocery Sales) | B66: Refrigeration | C66: WalkInDoorOpenSched | D66: EnergyPlus example files _ Detailed_Supermarket | E66: Weekday | F66: 0.02 | G66: 0.02 | H66: 0.02 | I66: 0.02 | J66: 0.02 | K66: 0.02 | L66: 0.02 | M66: 0.2 | N66: 0.2 | O66: 0.2 | P66: 0.2 | Q66: 0.2 | R66: 0.2 | S66: 0.2 | T66: 0.2 | U66: 0.2 | V66: 0.2 | W66: 0.2 | X66: 0.2 | Y66: 0.2 | Z66: 0.2 | AA66: 0.02 | AB66: 0.02 | AC66: 0.02
E67: Saturday | F67: 0.02 | G67: 0.02 | H67: 0.02 | I67: 0.02 | J67: 0.02 | K67: 0.02 | L67: 0.02 | M67: 0.2 | N67: 0.2 | O67: 0.2 | P67: 0.2 | Q67: 0.2 | R67: 0.2 | S67: 0.2 | T67: 0.2 | U67: 0.2 | V67: 0.2 | W67: 0.2 | X67: 0.2 | Y67: 0.2 | Z67: 0.2 | AA67: 0.02 | AB67: 0.02 | AC67: 0.02
E68: Sunday | F68: 0.02 | G68: 0.02 | H68: 0.02 | I68: 0.02 | J68: 0.02 | K68: 0.02 | L68: 0.02 | M68: 0.2 | N68: 0.2 | O68: 0.2 | P68: 0.2 | Q68: 0.2 | R68: 0.2 | S68: 0.2 | T68: 0.2 | U68: 0.2 | V68: 0.2 | W68: 0.2 | X68: 0.2 | Y68: 0.2 | Z68: 0.2 | AA68: 0.02 | AB68: 0.02 | AC68: 0.02
A69: Food Prep | B69: Refrigeration | C69: ClgSetpt | D69: Engineering Judement | E69: Weekday | F69: 38 | G69: 38 | H69: 38 | I69: 38 | J69: 38 | K69: 38 | L69: 38 | M69: 38 | N69: 38 | O69: 38 | P69: 38 | Q69: 38 | R69: 38 | S69: 38 | T69: 38 | U69: 38 | V69: 38 | W69: 38 | X69: 38 | Y69: 38 | Z69: 38 | AA69: 38 | AB69: 38 | AC69: 38
E70: Saturday | F70: 38 | G70: 38 | H70: 38 | I70: 38 | J70: 38 | K70: 38 | L70: 38 | M70: 38 | N70: 38 | O70: 38 | P70: 38 | Q70: 38 | R70: 38 | S70: 38 | T70: 38 | U70: 38 | V70: 38 | W70: 38 | X70: 38 | Y70: 38 | Z70: 38 | AA70: 38 | AB70: 38 | AC70: 38
E71: Sunday | F71: 38 | G71: 38 | H71: 38 | I71: 38 | J71: 38 | K71: 38 | L71: 38 | M71: 38 | N71: 38 | O71: 38 | P71: 38 | Q71: 38 | R71: 38 | S71: 38 | T71: 38 | U71: 38 | V71: 38 | W71: 38 | X71: 38 | Y71: 38 | Z71: 38 | AA71: 38 | AB71: 38 | AC71: 38
A72: Storage & Loading Dock
A73: Storage & Loading Dock | B73: Ancillary | C73: Occupancy | D73: T24 2022 - Appendix 5.4B | E73: Weekday | F73: 0 | G73: 0 | H73: 0 | I73: 0 | J73: 0 | K73: 0.05 | L73: 0.1 | M73: 0.15 | N73: 0.2 | O73: 0.3 | P73: 0.4 | Q73: 0.5 | R73: 0.6 | S73: 0.6 | T73: 0.6 | U73: 0.6 | V73: 0.7 | W73: 0.8 | X73: 0.8 | Y73: 0.8 | Z73: 0.6 | AA73: 0.3 | AB73: 0.1 | AC73: 0.05
E74: Saturday | F74: 0 | G74: 0 | H74: 0 | I74: 0 | J74: 0 | K74: 0.05 | L74: 0.1 | M74: 0.2 | N74: 0.3 | O74: 0.5 | P74: 0.7 | Q74: 0.8 | R74: 0.9 | S74: 0.9 | T74: 0.9 | U74: 0.9 | V74: 0.9 | W74: 0.9 | X74: 0.8 | Y74: 0.7 | Z74: 0.6 | AA74: 0.5 | AB74: 0.3 | AC74: 0.1
E75: Sunday | F75: 0 | G75: 0 | H75: 0 | I75: 0 | J75: 0 | K75: 0.05 | L75: 0.1 | M75: 0.2 | N75: 0.3 | O75: 0.5 | P75: 0.7 | Q75: 0.8 | R75: 0.9 | S75: 0.9 | T75: 0.9 | U75: 0.9 | V75: 0.9 | W75: 0.9 | X75: 0.8 | Y75: 0.7 | Z75: 0.6 | AA75: 0.5 | AB75: 0.3 | AC75: 0.1
A76: =A73 -> Storage & Loading Dock | B76: =B73 -> Ancillary | C76: Lights | D76: T24 2022 - Appendix 5.4B | E76: Weekday | F76: 0.05 | G76: 0.05 | H76: 0.05 | I76: 0.05 | J76: 0.7 | K76: 1 | L76: 1 | M76: 1 | N76: 1 | O76: 1 | P76: 1 | Q76: 1 | R76: 1 | S76: 1 | T76: 1 | U76: 1 | V76: 1 | W76: 1 | X76: 1 | Y76: 1 | Z76: 1 | AA76: 1 | AB76: 1 | AC76: 1
E77: Saturday | F77: 0.05 | G77: 0.05 | H77: 0.05 | I77: 0.05 | J77: 0.7 | K77: 1 | L77: 1 | M77: 1 | N77: 1 | O77: 1 | P77: 1 | Q77: 1 | R77: 1 | S77: 1 | T77: 1 | U77: 1 | V77: 1 | W77: 1 | X77: 1 | Y77: 1 | Z77: 1 | AA77: 1 | AB77: 1 | AC77: 1
E78: Sunday | F78: 0.05 | G78: 0.05 | H78: 0.05 | I78: 0.05 | J78: 0.7 | K78: 1 | L78: 1 | M78: 1 | N78: 1 | O78: 1 | P78: 1 | Q78: 1 | R78: 1 | S78: 1 | T78: 1 | U78: 1 | V78: 1 | W78: 1 | X78: 1 | Y78: 1 | Z78: 1 | AA78: 1 | AB78: 1 | AC78: 1
A79: =A76 -> Storage & Loading Dock | B79: =B76 -> Ancillary | C79: ElecEquipment | D79: Plug load and schedules project with CEC, 2025 | E79: Weekday | F79: 0.4 | G79: 0.4 | H79: 0.4 | I79: 0.4 | J79: 0.4 | K79: 0.9 | L79: 0.9 | M79: 0.9 | N79: 0.9 | O79: 0.9 | P79: 0.9 | Q79: 0.9 | R79: 0.9 | S79: 0.9 | T79: 0.9 | U79: 0.9 | V79: 0.9 | W79: 0.9 | X79: 0.9 | Y79: 0.9 | Z79: 0.9 | AA79: 0.9 | AB79: 0.9 | AC79: 0.9
E80: Saturday | F80: 0.4 | G80: 0.4 | H80: 0.4 | I80: 0.4 | J80: 0.4 | K80: 0.9 | L80: 0.9 | M80: 0.9 | N80: 0.9 | O80: 0.9 | P80: 0.9 | Q80: 0.9 | R80: 0.9 | S80: 0.9 | T80: 0.9 | U80: 0.9 | V80: 0.9 | W80: 0.9 | X80: 0.9 | Y80: 0.9 | Z80: 0.9 | AA80: 0.9 | AB80: 0.9 | AC80: 0.9
E81: Sunday | F81: 0.4 | G81: 0.4 | H81: 0.4 | I81: 0.4 | J81: 0.4 | K81: 0.9 | L81: 0.9 | M81: 0.9 | N81: 0.9 | O81: 0.9 | P81: 0.9 | Q81: 0.9 | R81: 0.9 | S81: 0.9 | T81: 0.9 | U81: 0.9 | V81: 0.9 | W81: 0.9 | X81: 0.9 | Y81: 0.9 | Z81: 0.9 | AA81: 0.9 | AB81: 0.9 | AC81: 0.9
A82: =A73 -> Storage & Loading Dock | B82: =B73 -> Ancillary | C82: HVACAvail | D82: T24 2022 - Appendix 5.4B | E82: Weekday | F82: 0 | G82: 0 | H82: 0 | I82: 0 | J82: 1 | K82: 1 | L82: 1 | M82: 1 | N82: 1 | O82: 1 | P82: 1 | Q82: 1 | R82: 1 | S82: 1 | T82: 1 | U82: 1 | V82: 1 | W82: 1 | X82: 1 | Y82: 1 | Z82: 1 | AA82: 1 | AB82: 1 | AC82: 1
E83: Saturday | F83: 0 | G83: 0 | H83: 0 | I83: 0 | J83: 1 | K83: 1 | L83: 1 | M83: 1 | N83: 1 | O83: 1 | P83: 1 | Q83: 1 | R83: 1 | S83: 1 | T83: 1 | U83: 1 | V83: 1 | W83: 1 | X83: 1 | Y83: 1 | Z83: 1 | AA83: 1 | AB83: 1 | AC83: 1
E84: Sunday | F84: 0 | G84: 0 | H84: 0 | I84: 0 | J84: 1 | K84: 1 | L84: 1 | M84: 1 | N84: 1 | O84: 1 | P84: 1 | Q84: 1 | R84: 1 | S84: 1 | T84: 1 | U84: 1 | V84: 1 | W84: 1 | X84: 1 | Y84: 1 | Z84: 1 | AA84: 1 | AB84: 1 | AC84: 1
A85: =A73 -> Storage & Loading Dock | B85: =B73 -> Ancillary | C85: ServiceHotWater | D85: T24 2022 - Appendix 5.4B | E85: Weekday | F85: 0 | G85: 0 | H85: 0 | I85: 0 | J85: 0 | K85: 0 | L85: 0 | M85: 0 | N85: 0 | O85: 0 | P85: 0 | Q85: 0 | R85: 0 | S85: 0 | T85: 0 | U85: 0 | V85: 0 | W85: 0 | X85: 0 | Y85: 0 | Z85: 0 | AA85: 0 | AB85: 0 | AC85: 0
E86: Saturday | F86: 0 | G86: 0 | H86: 0 | I86: 0 | J86: 0 | K86: 0 | L86: 0 | M86: 0 | N86: 0 | O86: 0 | P86: 0 | Q86: 0 | R86: 0 | S86: 0 | T86: 0 | U86: 0 | V86: 0 | W86: 0 | X86: 0 | Y86: 0 | Z86: 0 | AA86: 0 | AB86: 0 | AC86: 0
E87: Sunday | F87: 0 | G87: 0 | H87: 0 | I87: 0 | J87: 0 | K87: 0 | L87: 0 | M87: 0 | N87: 0 | O87: 0 | P87: 0 | Q87: 0 | R87: 0 | S87: 0 | T87: 0 | U87: 0 | V87: 0 | W87: 0 | X87: 0 | Y87: 0 | Z87: 0 | AA87: 0 | AB87: 0 | AC87: 0
A88: =A76 -> Storage & Loading Dock | B88: =B73 -> Ancillary | C88: Infiltration | D88: T24 2022 - Appendix 5.4B | E88: Weekday | F88: 1 | G88: 1 | H88: 1 | I88: 1 | J88: 0.25 | K88: 0.25 | L88: 0.25 | M88: 0.25 | N88: 0.25 | O88: 0.25 | P88: 0.25 | Q88: 0.25 | R88: 0.25 | S88: 0.25 | T88: 0.25 | U88: 0.25 | V88: 0.25 | W88: 0.25 | X88: 0.25 | Y88: 0.25 | Z88: 0.25 | AA88: 0.25 | AB88: 0.25 | AC88: 0.25
E89: Saturday | F89: 1 | G89: 1 | H89: 1 | I89: 1 | J89: 0.25 | K89: 0.25 | L89: 0.25 | M89: 0.25 | N89: 0.25 | O89: 0.25 | P89: 0.25 | Q89: 0.25 | R89: 0.25 | S89: 0.25 | T89: 0.25 | U89: 0.25 | V89: 0.25 | W89: 0.25 | X89: 0.25 | Y89: 0.25 | Z89: 0.25 | AA89: 0.25 | AB89: 0.25 | AC89: 0.25
E90: Sunday | F90: 1 | G90: 1 | H90: 1 | I90: 1 | J90: 0.25 | K90: 0.25 | L90: 0.25 | M90: 0.25 | N90: 0.25 | O90: 0.25 | P90: 0.25 | Q90: 0.25 | R90: 0.25 | S90: 0.25 | T90: 0.25 | U90: 0.25 | V90: 0.25 | W90: 0.25 | X90: 0.25 | Y90: 0.25 | Z90: 0.25 | AA90: 0.25 | AB90: 0.25 | AC90: 0.25
A91: =A76 -> Storage & Loading Dock | B91: =B76 -> Ancillary | C91: HtgSetpt | D91: Engineering Judgement | E91: Weekday | F91: 60 | G91: 60 | H91: 60 | I91: 60 | J91: 60 | K91: 60 | L91: 60 | M91: 60 | N91: 60 | O91: 60 | P91: 60 | Q91: 60 | R91: 60 | S91: 60 | T91: 60 | U91: 60 | V91: 60 | W91: 60 | X91: 60 | Y91: 60 | Z91: 60 | AA91: 60 | AB91: 60 | AC91: 60
E92: Saturday | F92: 60 | G92: 60 | H92: 60 | I92: 60 | J92: 60 | K92: 60 | L92: 60 | M92: 60 | N92: 60 | O92: 60 | P92: 60 | Q92: 60 | R92: 60 | S92: 60 | T92: 60 | U92: 60 | V92: 60 | W92: 60 | X92: 60 | Y92: 60 | Z92: 60 | AA92: 60 | AB92: 60 | AC92: 60
E93: Sunday | F93: 60 | G93: 60 | H93: 60 | I93: 60 | J93: 60 | K93: 60 | L93: 60 | M93: 60 | N93: 60 | O93: 60 | P93: 60 | Q93: 60 | R93: 60 | S93: 60 | T93: 60 | U93: 60 | V93: 60 | W93: 60 | X93: 60 | Y93: 60 | Z93: 60 | AA93: 60 | AB93: 60 | AC93: 60
A94: =A73 -> Storage & Loading Dock | B94: =B73 -> Ancillary | C94: ClgSetpt | D94: Engineering Judgement | E94: Weekday | F94: 85 | G94: 85 | H94: 85 | I94: 85 | J94: 85 | K94: 85 | L94: 85 | M94: 85 | N94: 85 | O94: 85 | P94: 85 | Q94: 85 | R94: 85 | S94: 85 | T94: 85 | U94: 85 | V94: 85 | W94: 85 | X94: 85 | Y94: 85 | Z94: 85 | AA94: 85 | AB94: 85 | AC94: 85
E95: Saturday | F95: 85 | G95: 85 | H95: 85 | I95: 85 | J95: 85 | K95: 85 | L95: 85 | M95: 85 | N95: 85 | O95: 85 | P95: 85 | Q95: 85 | R95: 85 | S95: 85 | T95: 85 | U95: 85 | V95: 85 | W95: 85 | X95: 85 | Y95: 85 | Z95: 85 | AA95: 85 | AB95: 85 | AC95: 85
E96: Sunday | F96: 85 | G96: 85 | H96: 85 | I96: 85 | J96: 85 | K96: 85 | L96: 85 | M96: 85 | N96: 85 | O96: 85 | P96: 85 | Q96: 85 | R96: 85 | S96: 85 | T96: 85 | U96: 85 | V96: 85 | W96: 85 | X96: 85 | Y96: 85 | Z96: 85 | AA96: 85 | AB96: 85 | AC96: 85
A97: Loading Dock EL1 | B97: Ancillary | C97: Loading Dock Door Infiltration | D97: CASE Report - Dock Seals (2017) Truck Trip Generation by Grocery Stores (2010) | E97: Weekday | F97: 0 | G97: 0 | H97: 0 | I97: 0 | J97: 0.5 | K97: 0.5 | L97: 0.5 | M97: 0.5 | N97: 0.5 | O97: 0.5 | P97: 0 | Q97: 0 | R97: 0 | S97: 0 | T97: 0 | U97: 0 | V97: 0 | W97: 0 | X97: 0 | Y97: 0 | Z97: 0 | AA97: 0 | AB97: 0 | AC97: 0
E98: Saturday | F98: 0 | G98: 0 | H98: 0 | I98: 0 | J98: 0.5 | K98: 0.5 | L98: 0.5 | M98: 0.5 | N98: 0.5 | O98: 0.5 | P98: 0 | Q98: 0 | R98: 0 | S98: 0 | T98: 0 | U98: 0 | V98: 0 | W98: 0 | X98: 0 | Y98: 0 | Z98: 0 | AA98: 0 | AB98: 0 | AC98: 0
E99: Sunday | F99: 0 | G99: 0 | H99: 0 | I99: 0 | J99: 0.5 | K99: 0.5 | L99: 0.5 | M99: 0.5 | N99: 0.5 | O99: 0.5 | P99: 0 | Q99: 0 | R99: 0 | S99: 0 | T99: 0 | U99: 0 | V99: 0 | W99: 0 | X99: 0 | Y99: 0 | Z99: 0 | AA99: 0 | AB99: 0 | AC99: 0
A100: Other
...

Sheet Energy Usage
A1: CalBEM Energy Consumption - RetailGrocery | I1: National Average (EnergyStar Portfolio Manager) | N1: ="CEUS Energy Consumption - "&"Retail" -> CEUS Energy Consumption - Retail
A2: Prototype | B2: CZ | C2: CalBEM Electricity EUI (KBTU/ft²) | D2: CalBEM Gas EUI (KBTU/ft²) | E2: CalBEM Total EUI (KBTU/ft²) | F2: New Construction Electricity EUI (KBTU/ft²) | G2: New Construction Gas EUI (KBTU/ft²) | H2: New Construction Total EUI (KBTU/ft²) | I2: National Average | J2: Acceptable eRange (25% Higher) | K2: Acceptable Range (25% Lower) | L2: National Average Acceptable Range | M2: Zip code | N2: Prototype | O2: CZ | P2: Total Floorspace (Thousand of ft²) | Q2: CEUS 2022 Electric Energy Intensity (kWh/ft²) | R2: CEUS 2022 Annual Gas Intensity (kWh/ft²) | S2: CEUS 2022 Total EUI (kBtu/ft²) | T2: Acceptable Range (25% Higher) | U2: Acceptable Range (25% Lower) | V2: CEUS 2022 Acceptable Range
A3: HotelSmall | B3: 1 | I3: 58.5 | J3: =I3*1.25 -> 73.125 | K3: =I3*0.75 -> 43.875 | L3: =J3-K3 -> 29.25 | M3: 95519 | N3: Retail | O3: 1 | P3: 13814 | Q3: 11.1 | R3: 3.06 | S3: =(Q3+R3)*3.412 -> 48.31392 | T3: =S3*1.25 -> 60.3924 | U3: =S3*0.75 -> 36.23544 | V3: =T3-U3 -> 24.15696
B4: 2 | I4: 68.9 | J4: =I4*1.25 -> 86.125 | K4: =I4*0.75 -> 51.675 | L4: =J4-K4 -> 34.45 | M4: 95403 | O4: 2 | P4: 25239 | Q4: 7.8 | R4: 4.35 | S4: =(Q4+R4)*3.412 -> 41.4558 | T4: =S4*1.25 -> 51.81975 | U4: =S4*0.75 -> 31.09185 | V4: =T4-U4 -> 20.7279
B5: 3 | I5: 63.5 | J5: =I5*1.25 -> 79.375 | K5: =I5*0.75 -> 47.625 | L5: =J5-K5 -> 31.75 | M5: 94621 | O5: 3 | P5: 88648 | Q5: 10.2 | R5: 3.48 | S5: =(Q5+R5)*3.412 -> 46.67616 | T5: =S5*1.25 -> 58.3452 | U5: =S5*0.75 -> 35.00712 | V5: =T5-U5 -> 23.33808
B6: 4 | I6: 71.2 | J6: =I6*1.25 -> 89 | K6: =I6*0.75 -> 53.4 | L6: =J6-K6 -> 35.6 | M6: 93446 | O6: 4 | P6: 44551 | Q6: 10.4 | R6: 3.38 | S6: =(Q6+R6)*3.412 -> 47.01736 | T6: =S6*1.25 -> 58.7717 | U6: =S6*0.75 -> 35.26302 | V6: =T6-U6 -> 23.50868
B7: 5 | I7: 61.8 | J7: =I7*1.25 -> 77.25 | K7: =I7*0.75 -> 46.35 | L7: =J7-K7 -> 30.9 | M7: 93455 | O7: 5 | P7: 9847 | Q7: 9.3 | R7: 4.28 | S7: =(Q7+R7)*3.412 -> 46.33496 | T7: =S7*1.25 -> 57.9187 | U7: =S7*0.75 -> 34.75122 | V7: =T7-U7 -> 23.16748
B8: 6 | I8: 68.4 | J8: =I8*1.25 -> 85.5 | K8: =I8*0.75 -> 51.3 | L8: =J8-K8 -> 34.2 | M8: 90045 | O8: 6 | P8: 92562 | Q8: 8.6 | R8: 1.35 | S8: =(Q8+R8)*3.412 -> 33.9494 | T8: =S8*1.25 -> 42.43675 | U8: =S8*0.75 -> 25.46205 | V8: =T8-U8 -> 16.9747
B9: 7 | I9: 68.4 | J9: =I9*1.25 -> 85.5 | K9: =I9*0.75 -> 51.3 | L9: =J9-K9 -> 34.2 | M9: 92101 | O9: 7 | P9: 63471 | Q9: 10.3 | R9: 0.93 | S9: =(Q9+R9)*3.412 -> 38.31676 | T9: =S9*1.25 -> 47.89595 | U9: =S9*0.75 -> 28.73757 | V9: =T9-U9 -> 19.15838
B10: 8 | I10: 69.4 | J10: =I10*1.25 -> 86.75 | K10: =I10*0.75 -> 52.05 | L10: =J10-K10 -> 34.7 | M10: 92832 | O10: 8 | P10: 147354 | Q10: 8.5 | R10: 1.31 | S10: =(Q10+R10)*3.412 -> 33.47172 | T10: =S10*1.25 -> 41.83965 | U10: =S10*0.75 -> 25.10379 | V10: =T10-U10 -> 16.73586
B11: 9 | I11: 70.1 | J11: =I11*1.25 -> 87.625 | K11: =I11*0.75 -> 52.575 | L11: =J11-K11 -> 35.05 | M11: 91505 | O11: 9 | P11: 212697 | Q11: 9.4 | R11: 1.4 | S11: =(Q11+R11)*3.412 -> 36.8496 | T11: =S11*1.25 -> 46.062 | U11: =S11*0.75 -> 27.6372 | V11: =T11-U11 -> 18.4248
B12: 10 | I12: 70.6 | J12: =I12*1.25 -> 88.25 | K12: =I12*0.75 -> 52.95 | L12: =J12-K12 -> 35.3 | M12: 92501 | O12: 10 | P12: 149832 | Q12: 9.3 | R12: 1.54 | S12: =(Q12+R12)*3.412 -> 36.98608 | T12: =S12*1.25 -> 46.2326 | U12: =S12*0.75 -> 27.73956 | V12: =T12-U12 -> 18.49304
B13: 11 | I13: 72.5 | J13: =I13*1.25 -> 90.625 | K13: =I13*0.75 -> 54.375 | L13: =J13-K13 -> 36.25 | M13: 96080 | O13: 11 | P13: 45934 | Q13: 10.6 | R13: 2.72 | S13: =(Q13+R13)*3.412 -> 45.44784 | T13: =S13*1.25 -> 56.8098 | U13: =S13*0.75 -> 34.08588 | V13: =T13-U13 -> 22.72392
B14: 12 | I14: 71.6 | J14: =I14*1.25 -> 89.5 | K14: =I14*0.75 -> 53.7 | L14: =J14-K14 -> 35.8 | M14: 95822 | O14: 12 | P14: 195816 | Q14: 11 | R14: 2.87 | S14: =(Q14+R14)*3.412 -> 47.32444 | T14: =S14*1.25 -> 59.15555 | U14: =S14*0.75 -> 35.49333 | V14: =T14-U14 -> 23.66222
B15: 13 | I15: 72.5 | J15: =I15*1.25 -> 90.625 | K15: =I15*0.75 -> 54.375 | L15: =J15-K15 -> 36.25 | M15: 93727 | O15: 13 | P15: 67122 | Q15: 12.4 | R15: 2.61 | S15: =(Q15+R15)*3.412 -> 51.21412 | T15: =S15*1.25 -> 64.01765 | U15: =S15*0.75 -> 38.41059 | V15: =T15-U15 -> 25.60706
... B18: 16 | I18: 71.5 | J18: =I18*1.25 -> 89.375 | K18: =I18*0.75 -> 53.625 | L18: =J18-K18 -> 35.75 | M18: 95726 | O18: 16 | P18: 149464 | Q18: 9.6 | R18: 1.56 | S18: =(Q18+R18)*3.412 -> 38.07792 | T18: =S18*1.25 -> 47.5974 | U18: =S18*0.75 -> 28.55844 | V18: =T18-U18 -> 19.03896
N20: Ref: CEUS 2022 Report
N21: And converted FZ level data to CZ level
N22: CEUS has only one category for all the retails
A64: Background Data [To be deleted prior to publication]
I66: Using Supermarket/Grocery Store use type
H67: Alternative One | I67: 130 | J67: Alternative Two | K67: 68.7
I68: 139 | K68: 80.3
I69: 135 | K69: 74.2
I70: 141.5 | K70: 82.8
I71: 133.6 | K71: 72.3
I72: 139.1 | K72: 79.7 | P72: CEUS 2022 Electric Energy Intensity (kWh/ft²) | Q72: CEUS 2022 Annual Gas Intensity (kWh/ft²)
I73: 139.1 | K73: 79.7 | P73: Food Store
I74: 139.9 | K74: 80.8 | P74: Electricity Usage (kWh/SqF) | Q74: Gas Usage (kWh/SqF)
I75: 140.4 | K75: 81.5 | P75: 40.9 | Q75: 16.31 | S75: =(P75+Q75)*3.412 -> 195.20052
I76: 140.9 | K76: 82.1 | P76: 39.8 | Q76: 13.63
I77: 142.5 | K77: 84.2 | P77: 38 | Q77: 13.46
I78: 141.7 | K78: 83.2 | P78: 37.6 | Q78: 13.59
I79: 142.4 | K79: 84.2 | P79: 41.2 | Q79: 12.4
I80: 142.7 | K80: 84.5 | P80: 33.4 | Q80: 15.7
I81: 140.8 | K81: 82 | P81: 39.4 | Q81: 17.66
I82: 141.6 | K82: 83.1 | P82: 34.7 | Q82: 16.15
P83: 33.2 | Q83: 12.45
P84: 38.8 | Q84: 27.69
I85: CA Climate Zone | J85: Climate Character (short) | K85: HDD vs CDD Balance | L85: HVAC Dominance | P85: 39.1 | Q85: 15.49
I86: CZ 1 | J86: Cool coastal / marine | K86: HDD ≫ CDD | L86: Heating-dominated | P86: 38.9 | Q86: 15.11
I87: CZ 2 | J87: Coastal, slightly inland | K87: HDD > CDD | L87: Heating-leaning | P87: 40 | Q87: 18.25
I88: CZ 3 | J88: Mild coastal | K88: HDD > CDD | L88: Heating-leaning | P88: 36.4 | Q88: 29.45
I89: CZ 4 | J89: Mild coastal / near inland | K89: HDD ≈ CDD (low total) | L89: Balanced (slight heating) | P89: 39 | Q89: 21.06
I90: CZ 5 | J90: Mildest CA climate | K90: HDD ≈ CDD (low both) | L90: Balanced | P90: 39.4 | Q90: 30.04
I91: CZ 6 | J91: Southern coastal | K91: CDD > HDD | L91: Cooling-leaning
I92: CZ 7 | J92: Inland SoCal | K92: CDD > HDD | L92: Cooling-dominated
I93: CZ 8 | J93: Inland SoCal (hotter) | K93: CDD ≫ HDD | L93: Cooling-dominated
I94: CZ 9 | J94: LA Basin / inland | K94: CDD ≫ HDD | L94: Cooling-dominated
I95: CZ 10 | J95: Inland valleys | K95: CDD ≫ HDD | L95: Cooling-dominated
I96: CZ 11 | J96: Inland north / foothills | K96: HDD > CDD | L96: Heating-dominated
I97: CZ 12 | J97: Inland north (milder) | K97: HDD > CDD | L97: Heating-leaning
I98: CZ 13 | J98: Central Valley | K98: HDD ≈ CDD (both high) | L98: Mixed (high energy)
I99: CZ 14 | J99: Desert | K99: CDD ≫≫ HDD | L99: Strongly cooling-dominated
I100: CZ 15 | J100: Hot desert | K100: CDD ≫≫ HDD | L100: Extremely cooling-dominated
I101: CZ 16 | J101: Extreme desert | K101: CDD ≫≫≫ HDD | L101: Extreme cooling-dominated

Sheet Weights
A1: ="% of Floor Area per CZ and Vintage Bin - "&"Retail" -> % of Floor Area per CZ and Vintage Bin - Retail | J1: ="% of Floor Area per CZ and Vintage Bin - "&"Retail" -> % of Floor Area per CZ and Vintage Bin - Retail
A2: Prototype | B2: CZ | C2: Vintage Bin | J2: Prototype | K2: Vintage Bin | L2: CZ
C3: Pre-1978 | D3: 1978-1997 | E3: 1998-2007 | F3: 2008-2018 | G3: Not available | L3: 1 | M3: 2 | N3: 3 | O3: 4 | P3: 5 | Q3: 6 | R3: 7 | S3: 8 | T3: 9 | U3: 10 | V3: 11 | W3: 12 | X3: 13 | Y3: 14 | Z3: 15 | AA3: 16
A4: Retail | B4: 1 | H4: =SUM(C4:G4) -> 0 | J4: Retail | K4: Pre-1978 | AB4: =SUM(L4:AA4) -> 0
B5: 2 | H5: =SUM(C5:G5) -> 0 | K5: 1978-1997 | AB5: =SUM(L5:AA5) -> 0
B6: 3 | H6: =SUM(C6:G6) -> 0 | K6: 1998-2007 | AB6: =SUM(L6:AA6) -> 0
B7: 4 | H7: =SUM(C7:G7) -> 0 | K7: 2008-2018 | AB7: =SUM(L7:AA7) -> 0
B8: 5 | H8: =SUM(C8:G8) -> 0 | K8: Not available | AB8: =SUM(L8:AA8) -> 0
B9: 6 | H9: =SUM(C9:G9) -> 0 | K9: Total | AB9: =SUM(L9:AA9) -> 0
B10: 7 | H10: =SUM(C10:G10) -> 0
B11: 8 | H11: =SUM(C11:G11) -> 0
B12: 9 | H12: =SUM(C12:G12) -> 0
B13: 10 | H13: =SUM(C13:G13) -> 0
B14: 11 | H14: =SUM(C14:G14) -> 0
B15: 12 | H15: =SUM(C15:G15) -> 0
B16: 13 | H16: =SUM(C16:G16) -> 0
B17: 14 | H17: =SUM(C17:G17) -> 0
B18: 15 | H18: =SUM(C18:G18) -> 0
B19: 16 | H19: =SUM(C19:G19) -> 0
B20: Statewide | H20: =SUM(C20:G20) -> 0
A22: Ref: CEUS 2022 dataset
A23: And converted FZ level data to CZ level
A24: CEUS has only one category for all the retails
A29: Background Data [To be deleted prior to publication]

Sheet PV
A1: ="PV - "&Prototype!A2 -> PV - RetailGrocery
A2: TBD

Sheet EV Charger
A1: ="EV Charger - "&Prototype!A2 -> EV Charger - RetailGrocery
A2: TBD
A11: Background Data [To be deleted prior to publication]

Sheet Data
A1: Space Function | B1: Electric Equipment Load Intensity | C1: Electric Equipment Load Intensity | D1: LPD
A2: Aging Eye/Low-vision (Corridor Area) | D2: 2013 | E2: 2016 | F2: 2019 | G2: 2025
A3: Aging Eye/Low-vision (Dining)
A4: Aging Eye/Low-vision (Lobby, Main Entry)
A5: Aging Eye/Low-vision (Lounge/Waiting Area)
A6: Aging Eye/Low-vision (Multipurpose Room)
A7: Aging Eye/Low-vision (Religious Worship Area)
A8: Aging Eye/Low-vision (Restroom)
A9: Aging Eye/Low-vision (Stairwell)
A10: Audience Seating Area
A11: Auditorium Area
A12: Auto Repair / Maintenance Area
A13: Barber, Beauty Salon, Spa Area
A14: Civic Meeting Place Area
... A83: Server Room (EPD 45)
