Workbook
Name nonparticipating_forecastzone_scale_factor: #REF!
Name nonparticipating_forecastzone_scale_factor: #REF!
Name nonparticipating_forecastzone_scale_factor: #REF!
Name nonparticipating_forecastzone_scale_factor: 'Energy Usage'!#REF!
Name Space_Function: Data!$A$2:$A$76

Sheet Notes
A1: Data Sources
A2: Dataset | B2: Dodge 2023
B3: Commercial End-Use Survey (CEUS) 2022 | C3: https://www.energy.ca.gov/publications/2023/2022-california-commercial-end-use-survey-ceus-final-report
B4: Comstock 2023 | C4: https://data.openei.org/s3_viewer?bucket=oedi-data-lake&prefix=nrel-pds-building-stock%2Fend-use-load-profiles-for-us-building-stock%2F2023%2Fcomstock_amy2018_release_2%2Fmetadata_and_annual_results%2Fby_state%2Fstate%3DCA%2F
A6: Prototype | B6: CEC 2028 School prototype | C6: https://efiling.energy.ca.gov/GetDocument.aspx?tn=265691&DocumentContentId=102542
A9: Codes | B9: Title 24, part 6, referred to as T24 (1984, 1992,1998, 2001, 2005, 2008, 2013, 2016,2019, 2022, 2025) | C9: https://www.energy.ca.gov/publications/2025/2025-building-energy-efficiency-standards-residential-and-nonresidential
C10: https://codes.iccsafe.org/codes/united-states/california
B11: American Society of Heating, Refrigerating and Air-Conditioning Engineers (ASHRAE) 90.1 (2022) | C11: https://www.ashrae.org/technical-resources/standards-and-guidelines/read-only-versions-of-ashrae-standards
B12: Code of Federal Regulations (CFR) Title 10 (2010) | C12: https://www.govinfo.gov/content/pkg/FR-2009-03-23/pdf/FR-2009-03-23.pdf
B13: CFR Title 10 ( 2024) | C13: https://www.govinfo.gov/content/pkg/CFR-2024-title10-vol3/pdf/CFR-2024-title10-vol3-part431-subpartF.pdf
B15: Alternative Calculation Method (ACM) (2022) | C15: https://www.energy.ca.gov/publications/2022/2022-nonresidential-and-multifamily-alternative-calculation-method-reference
B16: ACM (2025) | C16: https://www.energy.ca.gov/publications/2025/2025-nonresidential-and-multifamily-alternative-calculation-method-reference
B17: Nonres ACM 2022, Appendix 5.4A and Appendix 5.4B | C17: https://www.energy.ca.gov/publications/2022/2022-nonresidential-and-multifamily-alternative-calculation-method-reference
A18: Other | B18: 2022 Reduced infiltration Codes and Standards Enhancement (CASE) report | C18: https://title24stakeholders.com/wp-content/uploads/2020/10/2022-T24-Final-CASE-Report_Reduce-Infiltration.pdf
B19: 2019 Outdoor Lighting CASE Report | C19: https://title24stakeholders.com/wp-content/uploads/2016/10/T24-2019-CASE-Study-Results-Report-Outdoor-Sources_Final_with-Attachments.pdf
B20: 2019 High Efficiency Fume Hoods in Laboratory Spaces CASE Report | C20: https://title24stakeholders.com/wp-content/uploads/2017/09/2019-T24-CASE-Report_Fume-Hoods_Final_September-2017.pdf?
B21: PNNL 20405, 2011 | C21: https://www.pnnl.gov/main/publications/external/technical_reports/PNNL-20405.pdf
B22: Air leakage Memo, NORESCO, 2025 | C22: Infiltration_rate_report_14May2025-Short-Version.docx — internal NORESCO project memo (not a public URL). See Prototype basis / Source access below.
B23: Yousefi, F., Athalye, R., (2025), "Determining Vintage Bins for Prototype Development: An Analysis of California Commercial Buildings," ASHRAE Annual Conference | C23: https://www.thefreelibrary.com/Determining+Vintage+Bins+for+Prototype+Development%3a+An+Analysis+of...-a0879271125
B24: Proposed Updates to Equipment Power Densities and Building Schedules for the 2028 Energy Code, referred to as "Plug load and schedules project with CEC, 2025" (Docket Number =25-BSTD-03 & TN=265693) | C24: https://efiling.energy.ca.gov/GetDocument.aspx?tn=265693&DocumentContentId=102545
B25: ENERGY STAR certified commercial water heaters | C25: https://www.energystar.gov/productfinder/product/certified-commercial-water-heaters/results?fuel_filter=Gas&markets_filter=United+States
B26: Grainger gas tank water heaters (sizes below commercial, e.g. 30–75 kBtu/h) | C26: https://www.grainger.com/category/plumbing/water-heaters/gas-tank-water-heaters
B27: Grainger electric tank water heaters | C27: https://www.grainger.com/category/plumbing/water-heaters/electric-tank-water-heaters
A31: Construction Rate
B43: Dodge 2023 construction rates used in the SCE vintage-bin analysis. Legend labels STC 41 and STC 49 are Dodge structure-type series identifiers from that analysis (Prototype D6, NonRes-Vintage bins-Draft Report-30Nov2023). They are not Title 24 climate zones.
A44: Notes
A45: 2025 T24 | B45: School Building includes four individual buildings, including north classroom, westclassroom, kindergarten, and MPR/Admin.
A46: Prototype basis
A47: Geometry | B47: Geometry is CEC SchoolKto8 as implemented in CBECC 2028 (Prototype C7:C16; four buildings in B40: north classroom, west classroom, kindergarten, MPR/Admin). Floor area 49,979 ft². Prototype comparison columns (DEER Education-Primary, PNNL SchoolPrimary) are reference only; they are not the geometry basis.
A48: Vintage bins | B48: Existing vintages Pre-1978, 1978-1997, 1998-2007, 2008-2018 plus New Construction 2019+ follow the SCE Enhanced Prototypes vintage-bin analysis (Prototype D6). Dodge 2023 construction rates (figure above) inform stock weighting for existing California schools; they are not a Title 24 prescriptive requirement.
A49: Curriculum and stock | B49: Conventional K-8 curriculum (classrooms, MPR, kitchen, library, administration). Specialized spaces such as science labs, locker rooms, and computer classrooms are not in the CEC space list. The prototype represents average California K-8 stock. Funding and facility-condition variation is not a separate building; it is carried in vintage envelope/HVAC/lighting assumptions (including the 30-year roof replacement on Envelope H8).
A50: WWR, heights, energy | B50: WWR 7.08%, no exterior shades (CEC). Floor-to-floor 14 ft except MPR/Admin 14–25 ft. Existing HVAC: PSZAC + gas furnace (MPR SZVAV). New construction: SZHP. Service water: existing electric resistance; NC heat-pump water heater (Water Heater B3:B4).
A51: Abbreviations | B51: T24 = California Title 24, Part 6. ACM = Nonresidential/Multifamily Alternative Calculation Method Reference Manual. CEC = California Energy Commission. CBECC = California Building Energy Code Compliance software. CEUS = California Commercial End-Use Survey. STC (construction-rate figure) = Dodge structure-type series 41 and 49. PSZAC = packaged single-zone air conditioner. SZHP = single-zone heat pump. HPWH = heat-pump water heater. SRR = skylight-to-roof ratio. WWR = window-to-wall ratio. IWA = initial wattage allowance.
A52: Source access | B52: Column C lists public links where they exist. Dodge 2023 is a licensed dataset with no public URL. The NORESCO air-leakage memo is an internal file (C19), not a webpage. ENERGY STAR water-heater rows use the commercial electric (heat pump) Product Finder and dataset xmq6-bm79. Schedule fractions that cite the Plug Loads and Schedules project with CEC (2025) do not have an external link yet; an ASHRAE paper has been submitted and the citation will be updated when that paper is published or when ACM 2028 is released.
A53: Sources used | B53: Used on this scorecard: CEC SchoolKto8 (efiling tn=265691); T24 2022 App. 5.4A/5.4B; ACM 2025 §5.9.2 and fan tables; T24 Tables 140.3-B, 110.2-A/B, 140.6-C, 140.7-A/B, 120.1-A; 2022 Reduced Infiltration CASE; 2019 Outdoor Lighting CASE; PNNL 20405; ASHRAE 90.1-2022 Appendix A; ASHRAE Handbook of Fundamentals Ch. 4 and 10 (early-vintage windows); ENERGY STAR commercial HPWH list. The 2019 fume-hood CASE remains on the school-family source list; K-8 has no lab exhaust. Reviewer-suggested references that do not support a retained assumption are not added.

Sheet Prototype
A1: NORESCO, Updated September 2026
A2: SchoolK-8
A3: Characteristic | B3: Value | C3: Data Sources
A4: Building Type | B4: K-8 School
A5: Building Category | B5: Nonresidential
A6: Version | B6: v2-0
A7: Vintages | B7: 4 Vintages: Pre-1978, 1978-1997,1998-2007, 2008-2018 New Construction (2019+) | C7: Based on the vintage bin analysis. A summary of the findings is presented in the following paper, with a link provided in the Notes tab: Yousefi, F., Athalye, R. (2025). “Determining Vintage Bins for Prototype Development: An Analysis of California Commercial Buildings.” ASHRAE Annual Conference.
A8: Shape | C8: The analysis uses prototype geometry originally developed by CEC approved 2028 SchoolK-8 prototype.
A9: Total Floor Area (ft²) | B9: 49979.36 | C9: CEC SchoolKto8 (same as Prototype comparison column C).
A10: Aspect Ratio | B10: It varies for different buildings. | C10: Same as the CEC approved 2028 SchoolK-8 prototype
A11: Number of Floors | B11: It varies for different buildings. | C11: Same as the CEC approved 2028 SchoolK-8 prototype
A12: Roof type | B12: Flat | C12: Same as the CEC approved 2028 SchoolK-8 prototype
A13: WWR | B13: 0.0708 | C13: Same as the CEC approved 2028 SchoolK-8 prototype
A14: Shading Geometry | B14: No Shades | C14: Same as the CEC approved 2028 SchoolK-8 prototype
A15: Floor to floor height (feet) | B15: It varies for different buildings: MPR/Admin: 14-25 Other buildings: 14 ft | C15: Same as the CEC approved 2028 SchoolK-8 prototype
A16: Floor to ceiling height (feet) | B16: It varies for different buildings: MPR/Admin: 14-25 Other buildings: 14 ft | C16: Same as the CEC approved 2028 SchoolK-8 prototype
A17: Glazing sill height (feet) | B17: It varies for different buildings. | C17: Same as the CEC approved 2028 SchoolK-8 prototype
A21: Above grade wall area (ft²) | B21: 42450.09
A22: Gross wall area (ft²) | B22: 42450.09
A23: Roof area (ft²) | B23: 37687.78
A24: Underground Gross Wall Area (ft²) | B24: 0
A35: Prototype Geomerty and HVAC Comparison
A36: Program | B36: CalBEM (SchoolK8) | C36: CEC (SchoolKto8) | D36: DEER (Education-Primary School) | E36: PNNL (SchoolPrimary)
A37: Geometry
A38: HVAC and Water Heater
A39: HVAC System Type | B39: System: central air loops Distribution: 38 air loops; constant-volume no-reheat terminal; DX cooling; electric heating | C39: System: central VAV air loops Distribution: 38 air loops; VAV no-reheat and constant-volume no-reheat terminals; DX cooling; electric heating and natural-gas heating | D39: System: unitary/package systems + central VAV air loops Distribution: 7 air loops; VAV no-reheat terminal; DX cooling; natural-gas heating | E39: System: unitary/package systems + central VAV air loops Distribution: 7 air loops; VAV reheat and constant-volume no-reheat terminals; DX cooling; hot-water heating and natural-gas heating Plant: 1 natural-gas hot-water boiler
A40: Water Heater | B40: 4 water heaters: 4 electric 4 service water loops | C40: 1 water heater: 1 electric 1 service water loop | D40: 1 water heater: 1 natural-gas 1 service water loop | E40: 2 water heaters: 1 electric, 1 natural-gas 1 service water loop

Sheet Zones
A1: ="Proposed Layout - "&Prototype!B4 -> Proposed Layout - K-8 School
A2: Building | B2: Space/Thermal Zone | C2: Space Type [Primarily from: T24, 2022 Appendix 5.4A] - See Notes column | D2: HVAC System Name/AHU Name | E2: Schedule Category | F2: Conditioned (Y/N) | G2: Area Fraction | H2: Area (ft²) | I2: Volume (ft³) | J2: Multipliers | K2: Number of People | L2: People (Persons/1,000 ft²) [T24, 2025,Table 120.1-A] | M2: Notes
A3: SkoolK-8 Admin/MPR | B3: Admin/MPR_Breakroom_Zn | C3: Lounge, Breakroom, or Waiting Area | D3: AHU-1 | E3: MPR | F3: Y | G3: =H3/$H$41 -> 0.011508749 | H3: 575.2 | I3: =H3*14 -> 8052.8 | J3: 1 | K3: =L3*H3/1000 -> 18.9816 | L3: 33
A4: SkoolK-8 Admin/MPR | B4: Admin/MPR_Conference Room Zns 3_Zn | C4: Convention, Conference, Multipurpose and Meeting Area | D4: AHU-2 | E4: MPR | F4: Y | G4: =H4/$H$41 -> 0.033508626 | H4: 1674.74 | I4: =H4*14 -> 23446.36 | J4: 1 | K4: =L4*H4/1000 -> 55.26642 | L4: 33
A5: SkoolK-8 Admin/MPR | B5: Admin/MPR_Corridor_Zn | C5: Corridor Area | D5: AHU-3 | E5: MPR | F5: Y | G5: =H5/$H$41 -> 0.023239989 | H5: 1161.52 | I5: =H5*14 -> 16261.28 | J5: 1 | K5: =L5*H5/1000 -> 5.8076 | L5: 5
A6: SkoolK-8 Admin/MPR | B6: Admin/MPR_EMT_Zn | C6: Electrical, Mechanical, Telephone Rooms | D6: AHU-4 | E6: MPR | F6: Y | G6: =H6/$H$41 -> 0.0055664967 | H6: 278.21 | I6: =H6*14 -> 3894.94 | J6: 1 | K6: =L6*H6/1000 -> 1.39105 | L6: 5
A7: SkoolK-8 Admin/MPR | B7: Admin/MPR_IDF Room_Zn | C7: Electrical, Mechanical, Telephone Rooms | D7: AHU-5 | E7: MPR | F7: Y | G7: =H7/$H$41 -> 0.0068074087 | H7: 340.23 | I7: =H7*14 -> 4763.22 | J7: 1 | K7: =L7*H7/1000 -> 1.70115 | L7: 5
A8: SkoolK-8 Admin/MPR | B8: Admin/MPR_Kitchen_Zn | C8: Kitchen/Food Preparation Area | D8: AHU-6 | E8: Kitchen | F8: Y | G8: =H8/$H$41 -> 0.02915703 | H8: 1457.25 | I8: =H8*14 -> 20401.5 | J8: 1 | K8: =L8*H8/1000 -> 4.37175 | L8: 3
A9: SkoolK-8 Admin/MPR | B9: Admin/MPR_Lobby_Zn | C9: Lobby, Main Entry | D9: AHU-7 | E9: MPR | F9: Y | G9: =H9/$H$41 -> 0.024839649 | H9: 1241.47 | I9: =H9*14 -> 17380.58 | J9: 1 | K9: =L9*H9/1000 -> 40.96851 | L9: 33
A10: SkoolK-8 Admin/MPR | B10: Admin/MPR_Multipurpose Room Zns 3_Zn | C10: Convention, Conference, Multipurpose and Meeting Area | D10: AHU-8 | E10: MPR | F10: Y | G10: =H10/$H$41 -> 0.11028931 | H10: 5512.19 | I10: =H10*25 -> 137804.75 | J10: 1 | K10: =L10*H10/1000 -> 181.90227 | L10: 33
A11: SkoolK-8 Admin/MPR | B11: Admin/MPR_Office - LT 250 sf Zns 6_Zn | C11: Office Area (<250 square feet) | D11: AHU-9 | E11: MPR | F11: Y | G11: =H11/$H$41 -> 0.020975655 | H11: 1048.35 | I11: =H11*14 -> 14676.9 | J11: 1 | K11: =L11*H11/1000 -> 5.24175 | L11: 5
A12: SkoolK-8 Admin/MPR | B12: Admin/MPR_Restroom Zns 3_Zn | C12: Restrooms | D12: AHU-10 | E12: MPR | F12: Y | G12: =H12/$H$41 -> 0.01803084 | H12: 901.17 | I12: =H12*14 -> 12616.38 | J12: 1 | K12: =L12*H12/1000 -> 4.50585 | L12: 5
A13: SkoolK-8 Admin/MPR | B13: Admin/MPR_Storage - General_Zn | C13: Storage (General) | D13: AHU-11 | E13: MPR | F13: Y | G13: =H13/$H$41 -> 0.024964901 | H13: 1247.73 | I13: =H13*14 -> 17468.22 | J13: 1 | K13: =L13*H13/1000 -> 6.23865 | L13: 5
A14: SkoolK-8 Admin/MPR | B14: Admin/MPR_Storage - Refrigerated_Zn | C14: Storage, Commercial/Industrial (Refrigerated) | D14: AHU-12 | E14: MPR | F14: Y | G14: =H14/$H$41 -> 0.0050364781 | H14: 251.72 | I14: =H14*14 -> 3524.08 | J14: 1 | K14: =L14*H14/1000 -> 0 | L14: 0
A15: SkoolK-8 Admin/MPR | B15: Admin/MPR_Theater - Performance_Zn | C15: Theater Area (Performance) | D15: AHU-13 | E15: MPR | F15: Y | G15: =H15/$H$41 -> 0.021319997 | H15: 1065.56 | I15: =H15*25 -> 26639 | J15: 1 | K15: =L15*H15/1000 -> 35.16348 | L15: 33
A16: SkoolK-8 North Classrooms | B16: Classrm N_Flr 1_Classroom-01_Zn | C16: Classroom, Lecture, Training, Vocational Areas | D16: AHU-14 | E16: Classroom | F16: Y | G16: =H16/$H$41 -> 0.02004327 | H16: 1001.75 | I16: =H16*14 -> 14024.5 | J16: 1 | K16: =L16*H16/1000 -> 25.04375 | L16: 25
A17: SkoolK-8 North Classrooms | B17: Classrm N_Flr 1_Classroom-02 Zns 6_Zn | C17: Classroom, Lecture, Training, Vocational Areas | D17: AHU-15 | E17: Classroom | F17: Y | G17: =H17/$H$41 -> 0.12113058 | H17: 6054.03 | I17: =H17*14 -> 84756.42 | J17: 1 | K17: =L17*H17/1000 -> 151.35075 | L17: 25
A18: SkoolK-8 North Classrooms | B18: Classrm N_Flr 1_Office - LT 250 sf_Zn | C18: Office Area (<250 square feet) | D18: AHU-16 | E18: Classroom | F18: Y | G18: =H18/$H$41 -> 0.0057649786 | H18: 288.13 | I18: =H18*14 -> 4033.82 | J18: 1 | K18: =L18*H18/1000 -> 1.44065 | L18: 5
A19: SkoolK-8 North Classrooms | B19: Classrm N_Flr 1_Restroom_Zn | C19: Restrooms | D19: AHU-17 | E19: Classroom | F19: Y | G19: =H19/$H$41 -> 0.010658398 | H19: 532.7 | I19: =H19*14 -> 7457.8 | J19: 1 | K19: =L19*H19/1000 -> 2.6635 | L19: 5
A20: SkoolK-8 North Classrooms | B20: Classrm N_Flr 2_Classroom-01 Zns 6_Zn | C20: Classroom, Lecture, Training, Vocational Areas | D20: AHU-18 | E20: Classroom | F20: Y | G20: =H20/$H$41 -> 0.12113058 | H20: 6054.03 | I20: =H20*14 -> 84756.42 | J20: 1 | K20: =L20*H20/1000 -> 151.35075 | L20: 25
A21: SkoolK-8 North Classrooms | B21: Classrm N_Flr 2_Classroom-02_Zn | C21: Classroom, Lecture, Training, Vocational Areas | D21: AHU-19 | E21: Classroom | F21: Y | G21: =H21/$H$41 -> 0.02004327 | H21: 1001.75 | I21: =H21*14 -> 14024.5 | J21: 1 | K21: =L21*H21/1000 -> 25.04375 | L21: 25
A22: SkoolK-8 North Classrooms | B22: Classrm N_Flr 2_Office - LT 250 sf_Zn | C22: Office Area (<250 square feet) | D22: AHU-20 | E22: Classroom | F22: Y | G22: =H22/$H$41 -> 0.0057649786 | H22: 288.13 | I22: =H22*14 -> 4033.82 | J22: 1 | K22: =L22*H22/1000 -> 1.44065 | L22: 5
A23: SkoolK-8 North Classrooms | B23: Classrm N_Flr 2_Restroom_Zn | C23: Restrooms | D23: AHU-21 | E23: Classroom | F23: Y | G23: =H23/$H$41 -> 0.010658398 | H23: 532.7 | I23: =H23*14 -> 7457.8 | J23: 1 | K23: =L23*H23/1000 -> 2.6635 | L23: 5
A24: SkoolK-8 West Classrooms | B24: Classrm W_Flr 1_Classroom Zns 2_Zn | C24: Classroom, Lecture, Training, Vocational Areas | D24: AHU-22 | E24: Classroom | F24: Y | G24: =H24/$H$41 -> 0.041115764 | H24: 2054.94 | I24: =H24*14 -> 28769.16 | J24: 1 | K24: =L24*H24/1000 -> 51.3735 | L24: 25
A25: SkoolK-8 West Classrooms | B25: Classrm W_Flr 1_EMT-01_Zn | C25: Electrical, Mechanical, Telephone Rooms | D25: AHU-23 | E25: Classroom | F25: Y | G25: =H25/$H$41 -> 0.002421199 | H25: 121.01 | I25: =H25*14 -> 1694.14 | J25: 1 | K25: =L25*H25/1000 -> 0.60505 | L25: 5
A26: SkoolK-8 West Classrooms | B26: Classrm W_Flr 1_EMT-02_Zn | C26: Electrical, Mechanical, Telephone Rooms | D26: AHU-24 | E26: Classroom | F26: Y | G26: =H26/$H$41 -> 0.0019610091 | H26: 98.01 | I26: =H26*14 -> 1372.14 | J26: 1 | K26: =L26*H26/1000 -> 0.49005 | L26: 5
A27: SkoolK-8 West Classrooms | B27: Classrm W_Flr 1_Library - Reading Area_Zn | C27: Library (Reading Area) | D27: AHU-25 | E27: Classroom | F27: Y | G27: =H27/$H$41 -> 0.023952483 | H27: 1197.13 | I27: =H27*14 -> 16759.82 | J27: 1 | K27: =L27*H27/1000 -> 11.9713 | L27: 10
... A40: SkoolK-8 Kindergarten | B40: Kindergarten_Storage - General_Zn | C40: Storage (General) | D40: AHU-38 | E40: Classroom | F40: Y | G40: =H40/$H$41 -> 0.023685773 | H40: 1183.8 | I40: =H40*14 -> 16573.2 | J40: 1 | K40: =L40*H40/1000 -> 5.919 | L40: 5
A41: Total (4 Buildings) | B41: Total (38 spaces) | C41: Total (13 Space types) | D41: Total (38 HVAC Systems) | E41: Total (3 Schedule categories)) | F41: Total (38 Conditioned zones) | G41: =H41/$H$41 -> 1 | H41: =SUM(H3:H40) -> 49979.37 | I41: =SUM(I3:I40) -> 772066.43 | K41: =SUM(K3:K40) -> 1068.3275
O43: Area Distribution By Space Type
O44: Space Type | R44: % Area
O45: Lounge, Breakroom, or Waiting Area | R45: =SUMIF($C$3:$C$40,O45,$G$3:$G$40) -> 0.011508749
O46: Convention, Conference, Multipurpose and Meeting Area | R46: =SUMIF($C$3:$C$40,O46,$G$3:$G$40) -> 0.14379793
O47: Corridor Area | R47: =SUMIF($C$3:$C$40,O47,$G$3:$G$40) -> 0.023239989
O48: Electrical, Mechanical, Telephone Rooms | R48: =SUMIF($C$3:$C$40,O48,$G$3:$G$40) -> 0.024306429
O49: Kitchen/Food Preparation Area | R49: =SUMIF($C$3:$C$40,O49,$G$3:$G$40) -> 0.02915703
O50: Lobby, Main Entry | R50: =SUMIF($C$3:$C$40,O50,$G$3:$G$40) -> 0.024839649
O51: Office Area (<250 square feet) | R51: =SUMIF($C$3:$C$40,O51,$G$3:$G$40) -> 0.032505612
O52: Restrooms | R52: =SUMIF($C$3:$C$40,O52,$G$3:$G$40) -> 0.067201727
O53: Storage (General) | R53: =SUMIF($C$3:$C$40,O53,$G$3:$G$40) -> 0.058231626
O54: Storage, Commercial/Industrial (Refrigerated) | R54: =SUMIF($C$3:$C$40,O54,$G$3:$G$40) -> 0.0050364781
O55: Theater Area (Performance) | R55: =SUMIF($C$3:$C$40,O55,$G$3:$G$40) -> 0.021319997
O56: Classroom, Lecture, Training, Vocational Areas | R56: =SUMIF($C$3:$C$40,O56,$G$3:$G$40) -> 0.5349023
O57: Library (Reading Area) | R57: =SUMIF($C$3:$C$40,O57,$G$3:$G$40) -> 0.023952483
O58: Total | R58: =SUM(R45:R57) -> 1

Sheet Envelope
A1: ="Envelope - "&Prototype!A2 -> Envelope - SchoolK-8
A2: Element | B2: Prototype | C2: Assembly Type | D2: Construction | E2: Thermal properties | F2: Vintage | G2: Selected T24 | H2: Notes | I2: CZ1 | J2: CZ2 | K2: CZ3 | L2: CZ4 | M2: CZ5 | N2: CZ6 | O2: CZ7 | P2: CZ8 | Q2: CZ9 | R2: CZ10 | S2: CZ11 | T2: CZ12 | U2: CZ13 | V2: CZ14 | W2: CZ15 | X2: CZ16
A3: External Wall | B3: =Prototype!A2 -> SchoolK-8 | C3: ExtWall_MetalFramed_NonRes | D3: Metal framed wall: Metal frame + insulation + Gypsum board | E3: U-factor IP | F3: Pre 1978 | G3: N/A | H3: ASHRAE 90.1, 2022, Table A3.3.3.1, 3.5", R-0 | I3: 0.352 | J3: 0.352 | K3: 0.352 | L3: 0.352 | M3: 0.352 | N3: 0.352 | O3: 0.352 | P3: 0.352 | Q3: 0.352 | R3: 0.352 | S3: 0.352 | T3: 0.352 | U3: 0.352 | V3: 0.352 | W3: 0.352 | X3: 0.352
F4: 1978-1997 | G4: 1992 | H4: TABLE NO. 1-I | I4: 0.182 | J4: 0.189 | K4: 0.189 | L4: 0.189 | M4: 0.189 | N4: 0.189 | O4: 0.189 | P4: 0.189 | Q4: 0.189 | R4: 0.189 | S4: 0.182 | T4: 0.182 | U4: 0.182 | V4: 0.182 | W4: 0.182 | X4: 0.182
F5: 1998-2007 | G5: 2001 | H5: Table 1-H | I5: 0.182 | J5: 0.182 | K5: 0.189 | L5: 0.189 | M5: 0.189 | N5: 0.189 | O5: 0.189 | P5: 0.189 | Q5: 0.189 | R5: 0.182 | S5: 0.182 | T5: 0.182 | U5: 0.182 | V5: 0.182 | W5: 0.182 | X5: 0.182
F6: 2008-2018 | G6: 2013 | H6: Table 140.3-B | I6: 0.098 | J6: 0.062 | K6: 0.082 | L6: 0.062 | M6: 0.062 | N6: 0.098 | O6: 0.098 | P6: 0.062 | Q6: 0.062 | R6: 0.062 | S6: 0.062 | T6: 0.062 | U6: 0.062 | V6: 0.062 | W6: 0.062 | X6: 0.062
F7: 2019+ | G7: 2025 | H7: Table 140.3-B (2025) Metal-framed walls | I7: 0.06 | J7: 0.055 | K7: 0.071 | L7: 0.055 | M7: 0.055 | N7: 0.06 | O7: 0.06 | P7: 0.055 | Q7: 0.055 | R7: 0.055 | S7: 0.055 | T7: 0.055 | U7: 0.055 | V7: 0.055 | W7: 0.055 | X7: 0.055
A8: Roof | B8: =$B$3 -> SchoolK-8 | C8: FlatRoof_WoodFramedAndOther_NonRes | D8: Metal deck roof: roof membrane+roof insulation+metal decking | E8: U-factor IP | F8: Pre 1978 | G8: N/A | H8: Considering 30 years for roof/ insultation replacement | I8: 0.057 | J8: 0.057 | K8: 0.057 | L8: 0.057 | M8: 0.057 | N8: 0.078 | O8: 0.078 | P8: 0.078 | Q8: 0.078 | R8: 0.078 | S8: 0.057 | T8: 0.057 | U8: 0.057 | V8: 0.057 | W8: 0.057 | X8: 0.057
F9: 1978-1997 | G9: N/A | I9: 0.057 | J9: 0.057 | K9: 0.057 | L9: 0.057 | M9: 0.057 | N9: 0.078 | O9: 0.078 | P9: 0.078 | Q9: 0.078 | R9: 0.078 | S9: 0.057 | T9: 0.057 | U9: 0.057 | V9: 0.057 | W9: 0.057 | X9: 0.057
F10: 1998-2007 | G10: 2001 | H10: Table 1-H | I10: 0.057 | J10: 0.057 | K10: 0.057 | L10: 0.057 | M10: 0.057 | N10: 0.078 | O10: 0.078 | P10: 0.078 | Q10: 0.078 | R10: 0.057 | S10: 0.057 | T10: 0.057 | U10: 0.057 | V10: 0.057 | W10: 0.057 | X10: 0.057
F11: 2008-2018 | G11: 2013 | H11: Table 140.3-B | I11: 0.049 | J11: 0.039 | K11: 0.039 | L11: 0.039 | M11: 0.049 | N11: 0.075 | O11: 0.067 | P11: 0.067 | Q11: 0.039 | R11: 0.039 | S11: 0.039 | T11: 0.039 | U11: 0.039 | V11: 0.039 | W11: 0.039 | X11: 0.039
F12: 2019+ | G12: 2025 | H12: Table 140.3-B | I12: 0.028 | J12: 0.028 | K12: 0.028 | L12: 0.028 | M12: 0.028 | N12: 0.047 | O12: 0.047 | P12: 0.047 | Q12: 0.028 | R12: 0.028 | S12: 0.028 | T12: 0.028 | U12: 0.028 | V12: 0.028 | W12: 0.028 | X12: 0.028
A13: Windows | B13: SchoolK-8 | C13: FixedWindow_NonRes | D13: Single pane | E13: U-factor IP | F13: Pre 1978 | G13: N/A | H13: ASHRAE Handbook of Fundamentals (Table 4-Ch15) for single pane & T24, 2013 for double pane (33%-67%)* | I13: =0.33*1.12+0.67*I16 -> 0.6108 | J13: =0.33*1.12+0.67*J16 -> 0.6108 | K13: =0.33*1.12+0.67*K16 -> 0.6108 | L13: =0.33*1.12+0.67*L16 -> 0.6108 | M13: =0.33*1.12+0.67*M16 -> 0.6108 | N13: =0.33*1.12+0.67*N16 -> 0.6108 | O13: =0.33*1.12+0.67*O16 -> 0.6108 | P13: =0.33*1.12+0.67*P16 -> 0.6108 | ... X13: =0.33*1.12+0.67*X16 -> 0.6108
F14: 1978-1997 | G14: N/A | I14: =0.33*1.12+0.67*I16 -> 0.6108 | J14: =0.33*1.12+0.67*J16 -> 0.6108 | K14: =0.33*1.12+0.67*K16 -> 0.6108 | L14: =0.33*1.12+0.67*L16 -> 0.6108 | M14: =0.33*1.12+0.67*M16 -> 0.6108 | N14: =0.33*1.12+0.67*N16 -> 0.6108 | O14: =0.33*1.12+0.67*O16 -> 0.6108 | P14: =0.33*1.12+0.67*P16 -> 0.6108 | ... X14: =0.33*1.12+0.67*X16 -> 0.6108
D15: Double pane | F15: 1998-2007 | G15: 2001 | H15: Table 1-H | I15: 0.49 | J15: 0.49 | K15: 0.81 | L15: 0.81 | M15: 0.81 | N15: 0.81 | O15: 0.81 | P15: 0.81 | Q15: 0.81 | R15: 0.49 | S15: 0.49 | T15: 0.49 | U15: 0.49 | V15: 0.49 | W15: 0.49 | X15: 0.49
F16: 2008-2018 | G16: 2013 | H16: Table 140.3-B | I16: 0.36 | J16: 0.36 | K16: 0.36 | L16: 0.36 | M16: 0.36 | N16: 0.36 | O16: 0.36 | P16: 0.36 | Q16: 0.36 | R16: 0.36 | S16: 0.36 | T16: 0.36 | U16: 0.36 | V16: 0.36 | W16: 0.36 | X16: 0.36
F17: 2019+ | G17: 2025 | H17: Table 140.3-B | I17: 0.36 | J17: 0.36 | K17: 0.36 | L17: 0.36 | M17: 0.36 | N17: 0.36 | O17: 0.36 | P17: 0.36 | Q17: 0.34 | R17: 0.36 | S17: 0.34 | T17: 0.34 | U17: 0.34 | V17: 0.34 | W17: 0.34 | X17: 0.36
C18: FixedWindow_NonRes | D18: Single pane | E18: SHGC | F18: Pre 1978 | G18: N/A | H18: ASHRAE Handbook of Fundamentals (Table 10-Ch15) for single pane & T24, 2013 for double pane (33%-67%)* | I18: =0.79*0.33+0.67*I21 -> 0.4282 | J18: =0.79*0.33+0.67*J21 -> 0.4282 | K18: =0.79*0.33+0.67*K21 -> 0.4282 | L18: =0.79*0.33+0.67*L21 -> 0.4282 | M18: =0.79*0.33+0.67*M21 -> 0.4282 | N18: =0.79*0.33+0.67*N21 -> 0.4282 | O18: =0.79*0.33+0.67*O21 -> 0.4282 | P18: =0.79*0.33+0.67*P21 -> 0.4282 | ... X18: =0.79*0.33+0.67*X21 -> 0.4282
F19: 1978-1997 | G19: N/A | I19: =0.79*0.33+0.67*I21 -> 0.4282 | J19: =0.79*0.33+0.67*J21 -> 0.4282 | K19: =0.79*0.33+0.67*K21 -> 0.4282 | L19: =0.79*0.33+0.67*L21 -> 0.4282 | M19: =0.79*0.33+0.67*M21 -> 0.4282 | N19: =0.79*0.33+0.67*N21 -> 0.4282 | O19: =0.79*0.33+0.67*O21 -> 0.4282 | P19: =0.79*0.33+0.67*P21 -> 0.4282 | ... X19: =0.79*0.33+0.67*X21 -> 0.4282
D20: Double pane | F20: 1998-2007 | G20: 2001 | H20: Table 1-H — WWR ≤10% (prototype 7.08%), SHGC non-north. | I20: 0.43 | J20: 0.31 | K20: 0.41 | L20: 0.41 | M20: 0.41 | N20: 0.34 | O20: 0.34 | P20: 0.34 | Q20: 0.34 | R20: 0.31 | S20: 0.31 | T20: 0.31 | U20: 0.31 | V20: 0.31 | W20: 0.31 | X20: 0.43
F21: 2008-2018 | G21: 2013 | H21: Table 140.3-B | I21: 0.25 | J21: 0.25 | K21: 0.25 | L21: 0.25 | M21: 0.25 | N21: 0.25 | O21: 0.25 | P21: 0.25 | Q21: 0.25 | R21: 0.25 | S21: 0.25 | T21: 0.25 | U21: 0.25 | V21: 0.25 | W21: 0.25 | X21: 0.25
F22: 2019+ | G22: 2025 | H22: Table 140.3-B | I22: 0.25 | J22: 0.25 | K22: 0.25 | L22: 0.25 | M22: 0.25 | N22: 0.25 | O22: 0.25 | P22: 0.25 | Q22: 0.22 | R22: 0.25 | S22: 0.22 | T22: 0.22 | U22: 0.22 | V22: 0.22 | W22: 0.22 | X22: 0.25
A23: Skylight | B23: SchoolK-8 | C23: Skylight | D23: Plastic curb-mounted | E23: U-factor IP | F23: Pre 1978 | G23: 1992 | H23: Table 1-I Translucent (1992 term for this plastic curb product). 4 MPR skylights; CalBEM 63.97 ft² vs CEC 130.57 ft²; SRR ~0.17%/0.35% (0–2% bin). | I23: 0.85 | J23: 1.31 | K23: 1.31 | L23: 1.31 | M23: 1.31 | N23: 1.31 | O23: 1.31 | P23: 1.31 | Q23: 1.31 | R23: 1.31 | S23: 0.85 | T23: 0.85 | U23: 0.85 | V23: 0.85 | W23: 0.85 | X23: 0.85
F24: 1978-1997 | G24: 1992 | I24: =I23 -> 0.85 | J24: =J23 -> 1.31 | K24: =K23 -> 1.31 | L24: =L23 -> 1.31 | M24: =M23 -> 1.31 | N24: =N23 -> 1.31 | O24: =O23 -> 1.31 | P24: =P23 -> 1.31 | ... X24: =X23 -> 0.85
F25: 1998-2007 | G25: 2001 | H25: Table 1-H plastic w/curb U-factor (U does not vary by SRR). | I25: 0.87 | J25: 1.1 | K25: 1.3 | L25: 1.3 | M25: 1.3 | N25: 1.3 | O25: 1.3 | P25: 1.3 | Q25: 1.3 | R25: 1.1 | S25: 1.1 | T25: 1.1 | U25: 1.1 | V25: 1.1 | W25: 1.1 | X25: 0.87
F26: 2008-2018 | G26: 2013 | H26: Table 140.3-B | I26: 0.88 | J26: 0.88 | K26: 0.88 | L26: 0.88 | M26: 0.88 | N26: 0.88 | O26: 0.88 | P26: 0.88 | Q26: 0.88 | R26: 0.88 | S26: 0.88 | T26: 0.88 | U26: 0.88 | V26: 0.88 | W26: 0.88 | X26: 0.88
F27: 2019+ | G27: 2025 | H27: Table 140.3-B | I27: 0.88 | J27: 0.88 | K27: 0.88 | L27: 0.88 | M27: 0.88 | N27: 0.88 | O27: 0.88 | P27: 0.88 | Q27: 0.88 | R27: 0.88 | S27: 0.88 | T27: 0.88 | U27: 0.88 | V27: 0.88 | W27: 0.88 | X27: 0.88
E28: SHGC | F28: Pre 1978 | G28: 1992 | H28: Table 1-I Translucent SHGC (1992 term; same plastic curb product). | I28: 0.81 | J28: 0.86 | K28: 0.86 | L28: 0.86 | M28: 0.86 | N28: 0.86 | O28: 0.86 | P28: 0.86 | Q28: 0.86 | R28: 0.86 | S28: 0.81 | T28: 0.81 | U28: 0.81 | V28: 0.81 | W28: 0.81 | X28: 0.81
F29: 1978-1997 | G29: 1992 | I29: =I28 -> 0.81 | J29: =J28 -> 0.86 | K29: =K28 -> 0.86 | L29: =L28 -> 0.86 | M29: =M28 -> 0.86 | N29: =N28 -> 0.86 | O29: =O28 -> 0.86 | P29: =P28 -> 0.86 | ... X29: =X28 -> 0.81
F30: 1998-2007 | G30: 2001 | H30: Table 1-H plastic w/curb, SRR 0–2% (K8 ~0.17% CalBEM / 0.35% CBECC). Not 2.1–5%. | I30: 0.77 | J30: 0.77 | K30: 0.79 | L30: 0.79 | M30: 0.79 | N30: 0.77 | O30: 0.77 | P30: 0.77 | Q30: 0.77 | R30: 0.77 | S30: 0.77 | T30: 0.77 | U30: 0.77 | V30: 0.71 | W30: 0.71 | X30: 0.77
F31: 2008-2018 | G31: 2013 | H31: Table 140.3-B plastic curb SHGC = NR; used 2001 Table 1-H 0–2% SRR. | I31: 0.77 | J31: 0.77 | K31: 0.79 | L31: 0.79 | M31: 0.79 | N31: 0.77 | O31: 0.77 | P31: 0.77 | Q31: 0.77 | R31: 0.77 | S31: 0.77 | T31: 0.77 | U31: 0.77 | V31: 0.71 | W31: 0.71 | X31: 0.77
F32: 2019+ | G32: 2025 | H32: Table 140.3-B (2025) plastic curb SHGC = NR; same 2001 0–2% SRR values. | I32: 0.77 | J32: 0.77 | K32: 0.79 | L32: 0.79 | M32: 0.79 | N32: 0.77 | O32: 0.77 | P32: 0.77 | Q32: 0.77 | R32: 0.77 | S32: 0.77 | T32: 0.77 | U32: 0.77 | V32: 0.71 | W32: 0.71 | X32: 0.77
A34: Floor: SlabOnGrade_Unheated_NonRes is a 4 in. concrete slab-on-grade with no insulation. It is the same for every vintage (F-factor 0.73), so it is documented here instead of as a table row.
C36: Infiltration
D37: Building | E37: Zones | F37: Vintage | G37: I_75 6-Sided Inifltration rate @ 75 pa | H37: Note | I37: I-design (cfm/ft²) (4-sided Infiltration rate at normal presure) (Design flow rate approach and Flow/Exterior Wall Area calulation method)
C38: Infiltration | D38: SkoolK-8 Admin/MPR | F38: Pre 1978 | G38: 1.1 | H38: 2022 CASE report (Table 38) | I38: =0.112*G38*#REF! -> #REF! | Z38: Floor or roof area (ft2) | AA38: 16755.34
F39: 1978-1997 | G39: 1.1 | H39: 2022 CASE report (Table 38) | I39: =0.112*G39*#REF! -> #REF! | Z39: Walls area (ft2) | AA39: 14068
F40: 1998-2007 | G40: 1.1 | H40: 2022 CASE report (Table 38) | I40: =0.112*G40*#REF! -> #REF! | Z40: Building 4 sided area (ft2)= | AA40: =AA39 -> 14068
F41: 2008-2018 | G41: 1 | H41: 2022 CASE report (Table 38) & T24, 2008-2016 (Table 140.3-B)--Air barrier is required in CZ 10-16 | I41: =0.112*G41*#REF! -> #REF! | Z41: Building 6 sided area (ft2)= | AA41: =AA39+(2*AA38) -> 47578.68
F42: 2019+ | G42: 0.6 | H42: 2022 CASE report (Table 38) & T24, 2025 (Table 140.3-B)--Air barrier is required in all CZs | I42: =0.112*G42*#REF! -> #REF!
D43: SkoolK-8 North Classrooms | F43: Pre 1978 | G43: 1.1 | H43: 2022 CASE report (Table 38) | I43: =0.112*G43*#REF! -> #REF! | Z43: Floor or roof area (ft2) | AA43: 15753.22
F44: 1978-1997 | G44: 1.1 | H44: 2022 CASE report (Table 38) | I44: =0.112*G44*#REF! -> #REF! | Z44: Walls area (ft2) | AA44: 15041.6
F45: 1998-2007 | G45: 1.1 | H45: 2022 CASE report (Table 38) | I45: =0.112*G45*#REF! -> #REF! | Z45: Building 4 sided area (ft2)= | AA45: =AA44 -> 15041.6
F46: 2008-2018 | G46: 1 | H46: 2022 CASE report (Table 38) & T24, 2008-2016 (Table 140.3-B)--Air barrier is required in CZ 10-16 | I46: =0.112*G46*#REF! -> #REF! | Z46: Building 6 sided area (ft2)= | AA46: =AA44+(2*AA43) -> 46548.04
F47: 2019+ | G47: 0.6 | H47: 2022 CASE report (Table 38) & T24, 2025 (Table 140.3-B)--Air barrier is required in all CZs | I47: =0.112*G47*#REF! -> #REF!
D48: SkoolK-8 West Classrooms | F48: Pre 1978 | G48: 1.1 | H48: 2022 CASE report (Table 38) | I48: =0.112*G48*#REF! -> #REF! | Z48: Floor or roof area (ft2) | AA48: 8829.95
F49: 1978-1997 | G49: 1.1 | H49: 2022 CASE report (Table 38) | I49: =0.112*G49*#REF! -> #REF! | Z49: Walls area (ft2) | AA49: 9143.68
F50: 1998-2007 | G50: 1.1 | H50: 2022 CASE report (Table 38) | I50: =0.112*G50*#REF! -> #REF! | Z50: Building 4 sided area (ft2)= | AA50: =AA49 -> 9143.68
F51: 2008-2018 | G51: 1 | H51: 2022 CASE report (Table 38) & T24, 2008-2016 (Table 140.3-B)--Air barrier is required in CZ 10-16 | I51: =0.112*G51*#REF! -> #REF! | Z51: Building 6 sided area (ft2)= | AA51: =AA49+(2*AA48) -> 26803.58
F52: 2019+ | G52: 0.6 | H52: 2022 CASE report (Table 38) & T24, 2025 (Table 140.3-B)--Air barrier is required in all CZs | I52: =0.112*G52*#REF! -> #REF!
D53: SkoolK-8 Kindergarten | F53: Pre 1978 | G53: 1.1 | H53: 2022 CASE report (Table 38) | I53: =0.112*G53*#REF! -> #REF! | Z53: Floor or roof area (ft2) | AA53: 8640.86
F54: 1978-1997 | G54: 1.1 | H54: 2022 CASE report (Table 38) | I54: =0.112*G54*#REF! -> #REF! | Z54: Walls area (ft2) | AA54: 6636
F55: 1998-2007 | G55: 1.1 | H55: 2022 CASE report (Table 38) | I55: =0.112*G55*#REF! -> #REF! | Z55: Building 4 sided area (ft2)= | AA55: =AA54 -> 6636
F56: 2008-2018 | G56: 1 | H56: 2022 CASE report (Table 38) & T24, 2008-2016 (Table 140.3-B)--Air barrier is required in CZ 10-16 | I56: =0.112*G56*#REF! -> #REF! | Z56: Building 6 sided area (ft2)= | AA56: =AA54+(2*AA53) -> 23917.72
F57: 2019+ | G57: 0.6 | H57: 2022 CASE report (Table 38) & T24, 2025 (Table 140.3-B)--Air barrier is required in all CZs | I57: =0.112*G57*#REF! -> #REF!
E58: Source: T24 air barrier requirements (all editions) and the standardized infiltration rate reported in the 2022 CASE report and Dodge 2023 data
E59: Air Lekage Memo: | G59: Infiltration_rate_report_14May2025-Short-Version.docx

Sheet HVAC System
A1: ="HVAC system - "&Prototype!A2 -> HVAC system - SchoolK-8
A2: Vintage | B2: Zones | C2: Heating | D2: Cooling | E2: Air Distribution | F2: Other Systems | G2: Source | H2: Note
A3: Exisiting | B3: All Space Types except MPR/refrigerated storage | C3: Gas Furnace | D3: PSZAC (DX cooling) | E3: CAV | F3: OA mixing. Air-side economizer: not modeled (see Economizer / ERV). | G3: Engineering Judgement | H3: System 3a
B4: Admin/MPR Multipurpose Room | C4: SZHP (DX heating) | D4: SZHP (DX cooling) | E4: SZVAV (single-zone VAV) | F4: OA mixing. Air-side economizer: not modeled (see Economizer / ERV). | G4: Engineering Judgement | H4: VAV:NoReheat terminal, Fan:VariableVolume. Theater and other Admin zones remain CAV. Kitchen makeup loop BaseAirSys13 is also VAV (exhaust makeup).
B5: Admin/MPR_Storage - Refrigerated | C5: n/a (walk-in refrigeration) | D5: Walk-in cooler (not PSZ DX) | E5: n/a | F5: n/a — walk-in refrigeration, not an air-side HVAC OA system. | G5: Engineering Judgement | H5: Refrigeration system; 35°F product; equipment W/ft² on Equipment tab.
A6: New Construction | B6: All Space Types except MPR and refrigerated storage | C6: SZHP | D6: SZHP | E6: CAV | F6: OA mixing. Air-side economizer: not modeled (see Economizer / ERV). | G6: ACM 2025 | H6: System 3b
B7: Admin/MPR Multipurpose Room | C7: SZHP (DX heating) | D7: SZHP (DX cooling) | E7: SZVAV (single-zone VAV) | F7: OA mixing. Air-side economizer: not modeled (see Economizer / ERV). | G7: Engineering Judgement | H7: VAV:NoReheat terminal, Fan:VariableVolume. Theater and other Admin zones remain CAV. Kitchen makeup loop BaseAirSys13 is also VAV (exhaust makeup).
B8: Admin/MPR_Storage - Refrigerated | C8: n/a (walk-in refrigeration) | D8: Walk-in cooler (not PSZ DX) | E8: n/a | F8: n/a — walk-in refrigeration, not an air-side HVAC OA system. | G8: Engineering Judgement | H8: Refrigeration system; 35°F product; equipment W/ft² on Equipment tab.
A11: Efficiency of HVAC System (Efficiency is capacity-dependent. The following table provides a general estimate of system efficiency based on preliminary simulations in one climate zone, or assuming cooling load based on rule of thumb)
A12: Vintage | B12: Upgrade/Installed year | C12: Gas Furnace | D12: Heating DX | E12: Cooling DX | F12: Sources | G12: Note
A13: Pre 1978 | B13: 2008 | C13: Thermal Efficiency of 80% | D13: n/a | E13: EER 11.2 for <65 kBtu/h EER 10.3 for 65-135 kBtu/h | F13: 2005 Title 20 Appliance Efficiency Regulations, 2005 T24 Standards, Tables 112-A, 112-B
A14: 1978-1997
A15: 1998-2007
A16: 2008-2018 | B16: 2013 | C16: Thermal Efficiency of 80% | D16: n/a | E16: EER 11.2 for <65 kBtu/h EER 11.2 for 65–135 kBtu/h | F16: 2013 Title 20 Appliance Efficiency Regulations, 2013 T24 Tables 110.2 | G16: 2013 T24 Table 110.2-A (air-cooled packaged AC). Existing vintage is PSZAC + gas furnace, not HP.
A17: New Construction | B17: 2025 | C17: n/a | D17: Heating @ 47°F: <65 kBtu/h (AHRI 210/240): federal minimum HSPF2 / 10 CFR 430 65–135 kBtu/h: COP 3.40 (10 CFR 431 / T24 Table 110.2-B) Heating @ 17°F: COP 2.25 (Table 110.2-B) | E17: <65 kBtu/h packaged HP (10 CFR 430.32): SEER2 13.4 (pair to HSPF2 6.7) 65–135 kBtu/h: EER 11.0 + federal min IEER (Table 110.2-B) 135–240 kBtu/h: EER 10.6 + federal min IEER (MPR bin) ≥240 kBtu/h: EER 9.5 + federal min IEER | F17: T24 2025 Table 110.2-B; 10 CFR 431.97 (COP @ 47°F); 10 CFR 430.32 (HSPF2/SEER2 <65 kBtu/h); AHRI 340/360 (≥65) / AHRI 210/240 (<65)
C19: * Et = Combustion efficiency | D19: * Et = Thermal efficiency
A21: Fan power
A22: Vintage | B22: Approach | C22: System | D22: Total Static Pressure (TSP) (in w.c.) | E22: Fan Efficiency [ACM 2025] | F22: Motor Efficiency | G22: Fan Power Index (W/cfm) | H22: Data Source
A23: Existing | B23: PNNL 90.1-2011, TSP | C23: CAV, PSZ classrooms/admin (except MPR), design airflow < 7,437 cfm | D23: 2.5 | E23: 0.65 | F23: ASHRAE 90.1, 2004, Table 10.8 * | H23: Fan power formula: PNNL 20405, 2010, section 5.2.2.5 TSP and fan efficiency: PNNL 20405, 2010, Table 5.11, 90.1-04ac values Motor and drive efficiency: ASHRAE 90.1, 2004, Table 10.8 | I23: PNNL 20405, 2010, Table 5.11
C24: SZVAV, Admin/MPR Multipurpose Room, VAV > 4,648 cfm | D24: 5.58
A25: Brake horsepower (bhp) = (Supply cfm × TSP in w.c.) / (6356 × fan efficiency)
A26: Fan power (w/cfm) = (bhp × 746) / ( supply cfm × motor efficiency )
A27: New Construction | B27: ACM 2025 | C27: SZHP (System 3b), CAV classrooms/admin, ≤5,000 cfm | D27: TSP = fan power × motor efficiency × fan efficiency × 6356 / 746 | E27: 0.65 | F27: 2025 ACM Table 12 ** | G27: 0.744 | H27: Fan power index: [ACM 2025, Table 13] Motor efficiency: [ACM 2025, Table 12]
C28: SZVAVHP (System 7b), MPR/cafeteria, >10,000 cfm | D28: TSP = fan power × motor efficiency × fan efficiency × 6356 / 746 | G28: 0.676
A30: * According to PNNL 20405 section 5.2.2.5, the full-load efficiency of the motor serving the fan is taken from ASHRAE 90.1, 2004, Table 10.8, based on motor nameplate and assuming enclosed motors operating at 1,800 rotations per minute (rpm) Motor nameplate size (bhp) = brake horsepower (bhp) × 1.1 ( using a 10% oversizing factor)
A31: ** The full‑load efficiency of the motor serving the fan is taken from ACM 2025 Table 12 based on the cfm of the fan. Brake horsepower (bhp) = (Supply cfm from sizing run × fan power in W/cfm) / 746. Note: Packaged SZHP. Same index as Hotel Small System 3b ≤5,000 cfm. Note: Single-zone VAV heat pump, not System 6. ACM System 7b >10,000 cfm = 0.676; >5,000–10,000 cfm = 0.720. PNNL row was VAV >4,648 cfm.
A32: Economizer / ERV | B32: Air-side economizer: not modeled. EnergyPlus Controller:OutdoorAir Economizer Control Type = NoEconomizer on existing PSZAC and NC SZHP units. ERV: not modeled. T24 §140.4(e) would require an air economizer when cooling capacity ≥ 54,000 Btu/h (with listed exceptions); CBECC Standard Design uses FixedDryBulb on units that meet that threshold. This prototype does not include economizers.
A34: Background Data [To be deleted prior to publication]

Sheet Thermostat
A1: ="Thermostat Setpoints - "&Prototype!A2 -> Thermostat Setpoints - SchoolK-8
A2: Setpoint | B2: CZ1 | C2: CZ2 | D2: CZ3 | E2: CZ4 | F2: CZ5 | G2: CZ6 | H2: CZ7 | I2: CZ8 | J2: CZ9 | K2: CZ10 | L2: CZ11 | M2: CZ12 | N2: CZ13 | O2: CZ14 | P2: CZ15 | Q2: CZ16 | R2: Source
A3: School Heating Setpoint (F) | B3: 70 | C3: 70 | D3: 70 | E3: 70 | F3: 70 | G3: 70 | H3: 70 | I3: 70 | J3: 70 | K3: 70 | L3: 70 | M3: 70 | N3: 70 | O3: 70 | P3: 70 | Q3: 70 | R3: T24 2022 - Appendix 5.4B
A4: School Heating Setback (F) | B4: 60 | C4: 60 | D4: 60 | E4: 60 | F4: 60 | G4: 60 | H4: 60 | I4: 60 | J4: 60 | K4: 60 | L4: 60 | M4: 60 | N4: 60 | O4: 60 | P4: 60 | Q4: 60
A5: School Cooling Setpoint (F) | B5: 75 | C5: 75 | D5: 75 | E5: 75 | F5: 75 | G5: 75 | H5: 75 | I5: 75 | J5: 75 | K5: 75 | L5: 75 | M5: 75 | N5: 75 | O5: 75 | P5: 75 | Q5: 75 | R5: T24 2022 - Appendix 5.4B
A6: School Cooling Setback (F) | B6: 85 | C6: 85 | D6: 85 | E6: 85 | F6: 85 | G6: 85 | H6: 85 | I6: 85 | J6: 85 | K6: 85 | L6: 85 | M6: 85 | N6: 85 | O6: 85 | P6: 85 | Q6: 85
A7: Kitchen Heating Setpoint (F) | B7: 70 | C7: 70 | D7: 70 | E7: 70 | F7: 70 | G7: 70 | H7: 70 | I7: 70 | J7: 70 | K7: 70 | L7: 70 | M7: 70 | N7: 70 | O7: 70 | P7: 70 | Q7: 70 | R7: T24 2022 - Appendix 5.4B (school kitchen occupied 70/75; not commercial restaurant 66–79)
A8: Kitchen Heating Setback (F) | B8: 60 | C8: 60 | D8: 60 | E8: 60 | F8: 60 | G8: 60 | H8: 60 | I8: 60 | J8: 60 | K8: 60 | L8: 60 | M8: 60 | N8: 60 | O8: 60 | P8: 60 | Q8: 60
A9: Kitchen Cooling Setpoint (F) | B9: 75 | C9: 75 | D9: 75 | E9: 75 | F9: 75 | G9: 75 | H9: 75 | I9: 75 | J9: 75 | K9: 75 | L9: 75 | M9: 75 | N9: 75 | O9: 75 | P9: 75 | Q9: 75
A10: Kitchen Cooling Setback (F) | B10: 85 | C10: 85 | D10: 85 | E10: 85 | F10: 85 | G10: 85 | H10: 85 | I10: 85 | J10: 85 | K10: 85 | L10: 85 | M10: 85 | N10: 85 | O10: 85 | P10: 85 | Q10: 85
A11: Restrooms Heating Setpoint (F) | B11: 60 | C11: 60 | D11: 60 | E11: 60 | F11: 60 | G11: 60 | H11: 60 | I11: 60 | J11: 60 | K11: 60 | L11: 60 | M11: 60 | N11: 60 | O11: 60 | P11: 60 | Q11: 60 | R11: PNNL 90.1 Primary School bathroom (HTGSETP_SCH_Setback / CLGSETP_SCH_Setup)
A12: Restrooms Heating Setback (F) | B12: 60 | C12: 60 | D12: 60 | E12: 60 | F12: 60 | G12: 60 | H12: 60 | I12: 60 | J12: 60 | K12: 60 | L12: 60 | M12: 60 | N12: 60 | O12: 60 | P12: 60 | Q12: 60
A13: Restrooms Cooling Setpoint (F) | B13: 80 | C13: 80 | D13: 80 | E13: 80 | F13: 80 | G13: 80 | H13: 80 | I13: 80 | J13: 80 | K13: 80 | L13: 80 | M13: 80 | N13: 80 | O13: 80 | P13: 80 | Q13: 80
A14: Restrooms Cooling Setback (F) | B14: 80 | C14: 80 | D14: 80 | E14: 80 | F14: 80 | G14: 80 | H14: 80 | I14: 80 | J14: 80 | K14: 80 | L14: 80 | M14: 80 | N14: 80 | O14: 80 | P14: 80 | Q14: 80
A15: Storage and Electrical/Mechanical (non-refrigerated) Heating Setpoint (F) | B15: 60 | C15: 60 | D15: 60 | E15: 60 | F15: 60 | G15: 60 | H15: 60 | I15: 60 | J15: 60 | K15: 60 | L15: 60 | M15: 60 | N15: 60 | O15: 60 | P15: 60 | Q15: 60 | R15: Engineering Judgment (semi-conditioned storage / electrical-mechanical)
A16: Storage and Electrical/Mechanical (non-refrigerated) Heating Setback (F) | B16: 60 | C16: 60 | D16: 60 | E16: 60 | F16: 60 | G16: 60 | H16: 60 | I16: 60 | J16: 60 | K16: 60 | L16: 60 | M16: 60 | N16: 60 | O16: 60 | P16: 60 | Q16: 60
A17: Storage and Electrical/Mechanical (non-refrigerated) Cooling Setpoint (F) | B17: 85 | C17: 85 | D17: 85 | E17: 85 | F17: 85 | G17: 85 | H17: 85 | I17: 85 | J17: 85 | K17: 85 | L17: 85 | M17: 85 | N17: 85 | O17: 85 | P17: 85 | Q17: 85
A18: Storage and Electrical/Mechanical (non-refrigerated) Cooling Setback (F) | B18: 85 | C18: 85 | D18: 85 | E18: 85 | F18: 85 | G18: 85 | H18: 85 | I18: 85 | J18: 85 | K18: 85 | L18: 85 | M18: 85 | N18: 85 | O18: 85 | P18: 85 | Q18: 85
A19: Refrigerated storage setpoint (F) | B19: 35 | C19: 35 | D19: 35 | E19: 35 | F19: 35 | G19: 35 | H19: 35 | I19: 35 | J19: 35 | K19: 35 | L19: 35 | M19: 35 | N19: 35 | O19: 35 | P19: 35 | Q19: 35 | R19: Engineering judgment, medium-temp cooler within T24 28–55°F
A20: Refrigerated storage setback (F) | B20: 35 | C20: 35 | D20: 35 | E20: 35 | F20: 35 | G20: 35 | H20: 35 | I20: 35 | J20: 35 | K20: 35 | L20: 35 | M20: 35 | N20: 35 | O20: 35 | P20: 35 | Q20: 35

Sheet Ventilation
A1: ="Outdoor Airflow Rate - "&Prototype!A2 -> Outdoor Airflow Rate - SchoolK-8
A2: Space Type | B2: Space/Thermal Zone | C2: Number of People | D2: Floor Area (ft²) | E2: cfm/person [T24, 2025, Equation 120.1-F and Table 120.1-A] | F2: cfm/ft² [T24, 2025, Equation 120.1-F and Table 120.1-A] | G2: Required exhaust rate-CFM/ft²- [T24, 2025, Table 120.1-B – minimum exhaust rates] | H2: Total cfm driven by people | I2: Total cfm driven by area | J2: Total cfm driven by exhaust | K2: Total cfm | L2: Notes
A3: =Zones!C3 -> Lounge, Breakroom, or Waiting Area | B3: =Zones!B3 -> Admin/MPR_Breakroom_Zn | C3: =Zones!K3 -> 18.9816 | D3: =Zones!H3 -> 575.2 | E3: 15 | F3: 0.15 | H3: =C3*E3 -> 284.724 | I3: =D3*F3 -> 86.28 | J3: =G3*D3 -> 0 | K3: =MAX(H3,I3,J3) -> 284.724
A4: =Zones!C4 -> Convention, Conference, Multipurpose and Meeting Area | B4: =Zones!B4 -> Admin/MPR_Conference Room Zns 3_Zn | C4: =Zones!K4 -> 55.26642 | D4: =Zones!H4 -> 1674.74 | E4: 15 | F4: 0.15 | H4: =C4*E4 -> 828.9963 | I4: =D4*F4 -> 251.211 | J4: =G4*D4 -> 0 | K4: =MAX(H4,I4,J4) -> 828.9963
A5: =Zones!C5 -> Corridor Area | B5: =Zones!B5 -> Admin/MPR_Corridor_Zn | C5: =Zones!K5 -> 5.8076 | D5: =Zones!H5 -> 1161.52 | E5: 15 | F5: 0.15 | H5: =C5*E5 -> 87.114 | I5: =D5*F5 -> 174.228 | J5: =G5*D5 -> 0 | K5: =MAX(H5,I5,J5) -> 174.228
A6: =Zones!C6 -> Electrical, Mechanical, Telephone Rooms | B6: =Zones!B6 -> Admin/MPR_EMT_Zn | C6: =Zones!K6 -> 1.39105 | D6: =Zones!H6 -> 278.21 | E6: 15 | F6: 0.15 | H6: =C6*E6 -> 20.86575 | I6: =D6*F6 -> 41.7315 | J6: =G6*D6 -> 0 | K6: =MAX(H6,I6,J6) -> 41.7315
A7: =Zones!C7 -> Electrical, Mechanical, Telephone Rooms | B7: =Zones!B7 -> Admin/MPR_IDF Room_Zn | C7: =Zones!K7 -> 1.70115 | D7: =Zones!H7 -> 340.23 | E7: 15 | F7: 0.15 | H7: =C7*E7 -> 25.51725 | I7: =D7*F7 -> 51.0345 | J7: =G7*D7 -> 0 | K7: =MAX(H7,I7,J7) -> 51.0345
A8: =Zones!C8 -> Kitchen/Food Preparation Area | B8: =Zones!B8 -> Admin/MPR_Kitchen_Zn | C8: =Zones!K8 -> 4.37175 | D8: =Zones!H8 -> 1457.25 | E8: 15 | F8: 0.15 | G8: 0.7 | H8: =C8*E8 -> 65.57625 | I8: =D8*F8 -> 218.5875 | J8: =G8*D8 -> 1020.075 | K8: =MAX(H8,I8,J8) -> 1020.075
A9: =Zones!C9 -> Lobby, Main Entry | B9: =Zones!B9 -> Admin/MPR_Lobby_Zn | C9: =Zones!K9 -> 40.96851 | D9: =Zones!H9 -> 1241.47 | E9: 15 | F9: 0.15 | H9: =C9*E9 -> 614.52765 | I9: =D9*F9 -> 186.2205 | J9: =G9*D9 -> 0 | K9: =MAX(H9,I9,J9) -> 614.52765
A10: =Zones!C10 -> Convention, Conference, Multipurpose and Meeting Area | B10: =Zones!B10 -> Admin/MPR_Multipurpose Room Zns 3_Zn | C10: =Zones!K10 -> 181.90227 | D10: =Zones!H10 -> 5512.19 | E10: 15 | F10: 0.15 | H10: =C10*E10 -> 2728.534 | I10: =D10*F10 -> 826.8285 | J10: =G10*D10 -> 0 | K10: =MAX(H10,I10,J10) -> 2728.534
A11: =Zones!C11 -> Office Area (<250 square feet) | B11: =Zones!B11 -> Admin/MPR_Office - LT 250 sf Zns 6_Zn | C11: =Zones!K11 -> 5.24175 | D11: =Zones!H11 -> 1048.35 | E11: 15 | F11: 0.15 | H11: =C11*E11 -> 78.62625 | I11: =D11*F11 -> 157.2525 | J11: =G11*D11 -> 0 | K11: =MAX(H11,I11,J11) -> 157.2525
A12: =Zones!C12 -> Restrooms | B12: =Zones!B12 -> Admin/MPR_Restroom Zns 3_Zn | C12: =Zones!K12 -> 4.50585 | D12: =Zones!H12 -> 901.17 | E12: 0 | F12: 0 | G12: 0.5 | H12: =C12*E12 -> 0 | I12: =D12*F12 -> 0 | J12: =G12*D12 -> 450.585 | K12: =MAX(H12,I12,J12) -> 450.585
A13: =Zones!C13 -> Storage (General) | B13: =Zones!B13 -> Admin/MPR_Storage - General_Zn | C13: =Zones!K13 -> 6.23865 | D13: =Zones!H13 -> 1247.73 | E13: 15 | F13: 0.15 | H13: =C13*E13 -> 93.57975 | I13: =D13*F13 -> 187.1595 | J13: =G13*D13 -> 0 | K13: =MAX(H13,I13,J13) -> 187.1595
A14: =Zones!C14 -> Storage, Commercial/Industrial (Refrigerated) | B14: =Zones!B14 -> Admin/MPR_Storage - Refrigerated_Zn | C14: =Zones!K14 -> 0 | D14: =Zones!H14 -> 251.72 | E14: 0 | F14: 0 | H14: =C14*E14 -> 0 | I14: =D14*F14 -> 0 | J14: =G14*D14 -> 0 | K14: =MAX(H14,I14,J14) -> 0
A15: =Zones!C15 -> Theater Area (Performance) | B15: =Zones!B15 -> Admin/MPR_Theater - Performance_Zn | C15: =Zones!K15 -> 35.16348 | D15: =Zones!H15 -> 1065.56 | E15: 15 | F15: 0.15 | H15: =C15*E15 -> 527.4522 | I15: =D15*F15 -> 159.834 | J15: =G15*D15 -> 0 | K15: =MAX(H15,I15,J15) -> 527.4522
A16: =Zones!C16 -> Classroom, Lecture, Training, Vocational Areas | B16: =Zones!B16 -> Classrm N_Flr 1_Classroom-01_Zn | C16: =Zones!K16 -> 25.04375 | D16: =Zones!H16 -> 1001.75 | E16: 15 | F16: 0.15 | H16: =C16*E16 -> 375.65625 | I16: =D16*F16 -> 150.2625 | J16: =G16*D16 -> 0 | K16: =MAX(H16,I16,J16) -> 375.65625
A17: =Zones!C17 -> Classroom, Lecture, Training, Vocational Areas | B17: =Zones!B17 -> Classrm N_Flr 1_Classroom-02 Zns 6_Zn | C17: =Zones!K17 -> 151.35075 | D17: =Zones!H17 -> 6054.03 | E17: 15 | F17: 0.15 | H17: =C17*E17 -> 2270.2613 | I17: =D17*F17 -> 908.1045 | J17: =G17*D17 -> 0 | K17: =MAX(H17,I17,J17) -> 2270.2613
A18: =Zones!C18 -> Office Area (<250 square feet) | B18: =Zones!B18 -> Classrm N_Flr 1_Office - LT 250 sf_Zn | C18: =Zones!K18 -> 1.44065 | D18: =Zones!H18 -> 288.13 | E18: 15 | F18: 0.15 | H18: =C18*E18 -> 21.60975 | I18: =D18*F18 -> 43.2195 | J18: =G18*D18 -> 0 | K18: =MAX(H18,I18,J18) -> 43.2195
A19: =Zones!C19 -> Restrooms | B19: =Zones!B19 -> Classrm N_Flr 1_Restroom_Zn | C19: =Zones!K19 -> 2.6635 | D19: =Zones!H19 -> 532.7 | E19: 0 | F19: 0 | G19: 0.5 | H19: =C19*E19 -> 0 | I19: =D19*F19 -> 0 | J19: =G19*D19 -> 266.35 | K19: =MAX(H19,I19,J19) -> 266.35
A20: =Zones!C20 -> Classroom, Lecture, Training, Vocational Areas | B20: =Zones!B20 -> Classrm N_Flr 2_Classroom-01 Zns 6_Zn | C20: =Zones!K20 -> 151.35075 | D20: =Zones!H20 -> 6054.03 | E20: 15 | F20: 0.15 | H20: =C20*E20 -> 2270.2613 | I20: =D20*F20 -> 908.1045 | J20: =G20*D20 -> 0 | K20: =MAX(H20,I20,J20) -> 2270.2613
A21: =Zones!C21 -> Classroom, Lecture, Training, Vocational Areas | B21: =Zones!B21 -> Classrm N_Flr 2_Classroom-02_Zn | C21: =Zones!K21 -> 25.04375 | D21: =Zones!H21 -> 1001.75 | E21: 15 | F21: 0.15 | H21: =C21*E21 -> 375.65625 | I21: =D21*F21 -> 150.2625 | J21: =G21*D21 -> 0 | K21: =MAX(H21,I21,J21) -> 375.65625
A22: =Zones!C22 -> Office Area (<250 square feet) | B22: =Zones!B22 -> Classrm N_Flr 2_Office - LT 250 sf_Zn | C22: =Zones!K22 -> 1.44065 | D22: =Zones!H22 -> 288.13 | E22: 15 | F22: 0.15 | H22: =C22*E22 -> 21.60975 | I22: =D22*F22 -> 43.2195 | J22: =G22*D22 -> 0 | K22: =MAX(H22,I22,J22) -> 43.2195
A23: =Zones!C23 -> Restrooms | B23: =Zones!B23 -> Classrm N_Flr 2_Restroom_Zn | C23: =Zones!K23 -> 2.6635 | D23: =Zones!H23 -> 532.7 | E23: 0 | F23: 0 | G23: 0.5 | H23: =C23*E23 -> 0 | I23: =D23*F23 -> 0 | J23: =G23*D23 -> 266.35 | K23: =MAX(H23,I23,J23) -> 266.35
A24: =Zones!C24 -> Classroom, Lecture, Training, Vocational Areas | B24: =Zones!B24 -> Classrm W_Flr 1_Classroom Zns 2_Zn | C24: =Zones!K24 -> 51.3735 | D24: =Zones!H24 -> 2054.94 | E24: 15 | F24: 0.15 | H24: =C24*E24 -> 770.6025 | I24: =D24*F24 -> 308.241 | J24: =G24*D24 -> 0 | K24: =MAX(H24,I24,J24) -> 770.6025
A25: =Zones!C25 -> Electrical, Mechanical, Telephone Rooms | B25: =Zones!B25 -> Classrm W_Flr 1_EMT-01_Zn | C25: =Zones!K25 -> 0.60505 | D25: =Zones!H25 -> 121.01 | E25: 15 | F25: 0.15 | H25: =C25*E25 -> 9.07575 | I25: =D25*F25 -> 18.1515 | J25: =G25*D25 -> 0 | K25: =MAX(H25,I25,J25) -> 18.1515
A26: =Zones!C26 -> Electrical, Mechanical, Telephone Rooms | B26: =Zones!B26 -> Classrm W_Flr 1_EMT-02_Zn | C26: =Zones!K26 -> 0.49005 | D26: =Zones!H26 -> 98.01 | E26: 15 | F26: 0.15 | H26: =C26*E26 -> 7.35075 | I26: =D26*F26 -> 14.7015 | J26: =G26*D26 -> 0 | K26: =MAX(H26,I26,J26) -> 14.7015
A27: =Zones!C27 -> Library (Reading Area) | B27: =Zones!B27 -> Classrm W_Flr 1_Library - Reading Area_Zn | C27: =Zones!K27 -> 11.9713 | D27: =Zones!H27 -> 1197.13 | E27: 15 | F27: 0.15 | H27: =C27*E27 -> 179.5695 | I27: =D27*F27 -> 179.5695 | J27: =G27*D27 -> 0 | K27: =MAX(H27,I27,J27) -> 179.5695
A28: =Zones!C28 -> Restrooms | B28: =Zones!B28 -> Classrm W_Flr 1_Restroom_Zn | C28: =Zones!K28 -> 2.81525 | D28: =Zones!H28 -> 563.05 | E28: 0 | F28: 0 | G28: 0.5 | H28: =C28*E28 -> 0 | I28: =D28*F28 -> 0 | J28: =G28*D28 -> 281.525 | K28: =MAX(H28,I28,J28) -> 281.525
A29: =Zones!C29 -> Storage (General) | B29: =Zones!B29 -> Classrm W_Flr 1_Storage - General_Zn | C29: =Zones!K29 -> 1.9042 | D29: =Zones!H29 -> 380.84 | E29: 15 | F29: 0.15 | H29: =C29*E29 -> 28.563 | I29: =D29*F29 -> 57.126 | J29: =G29*D29 -> 0 | K29: =MAX(H29,I29,J29) -> 57.126
A30: =Zones!C30 -> Classroom, Lecture, Training, Vocational Areas | B30: =Zones!B30 -> Classrm W_Flr 2_Classroom-01 Zns 3_Zn | C30: =Zones!K30 -> 81.3015 | D30: =Zones!H30 -> 3252.06 | E30: 15 | F30: 0.15 | H30: =C30*E30 -> 1219.5225 | I30: =D30*F30 -> 487.809 | J30: =G30*D30 -> 0 | K30: =MAX(H30,I30,J30) -> 1219.5225
A31: =Zones!C31 -> Classroom, Lecture, Training, Vocational Areas | B31: =Zones!B31 -> Classrm W_Flr 2_Classroom-02_Zn | C31: =Zones!K31 -> 9.521 | D31: =Zones!H31 -> 380.84 | E31: 15 | F31: 0.15 | H31: =C31*E31 -> 142.815 | I31: =D31*F31 -> 57.126 | J31: =G31*D31 -> 0 | K31: =MAX(H31,I31,J31) -> 142.815
A32: =Zones!C32 -> Electrical, Mechanical, Telephone Rooms | B32: =Zones!B32 -> Classrm W_Flr 2_IDF Room_Zn | C32: =Zones!K32 -> 0.60505 | D32: =Zones!H32 -> 121.01 | E32: 15 | F32: 0.15 | H32: =C32*E32 -> 9.07575 | I32: =D32*F32 -> 18.1515 | J32: =G32*D32 -> 0 | K32: =MAX(H32,I32,J32) -> 18.1515
A33: =Zones!C33 -> Restrooms | B33: =Zones!B33 -> Classrm W_Flr 2_Restroom_Zn | C33: =Zones!K33 -> 2.81525 | D33: =Zones!H33 -> 563.05 | E33: 0 | F33: 0 | G33: 0.5 | H33: =C33*E33 -> 0 | I33: =D33*F33 -> 0 | J33: =G33*D33 -> 281.525 | K33: =MAX(H33,I33,J33) -> 281.525
A34: =Zones!C34 -> Storage (General) | B34: =Zones!B34 -> Classrm W_Flr 2_Storage - General_Zn | C34: =Zones!K34 -> 0.49005 | D34: =Zones!H34 -> 98.01 | E34: 15 | F34: 0.15 | H34: =C34*E34 -> 7.35075 | I34: =D34*F34 -> 14.7015 | J34: =G34*D34 -> 0 | K34: =MAX(H34,I34,J34) -> 14.7015
A35: =Zones!C35 -> Classroom, Lecture, Training, Vocational Areas | B35: =Zones!B35 -> Kindergarten_Classroom-01_Zn | C35: =Zones!K35 -> 137.3635 | D35: =Zones!H35 -> 5494.54 | E35: 15 | F35: 0.15 | H35: =C35*E35 -> 2060.4525 | I35: =D35*F35 -> 824.181 | J35: =G35*D35 -> 0 | K35: =MAX(H35,I35,J35) -> 2060.4525
A36: =Zones!C36 -> Classroom, Lecture, Training, Vocational Areas | B36: =Zones!B36 -> Kindergarten_Classroom-02_Zn | C36: =Zones!K36 -> 36.0035 | D36: =Zones!H36 -> 1440.14 | E36: 15 | F36: 0.15 | H36: =C36*E36 -> 540.0525 | I36: =D36*F36 -> 216.021 | J36: =G36*D36 -> 0 | K36: =MAX(H36,I36,J36) -> 540.0525
A37: =Zones!C37 -> Electrical, Mechanical, Telephone Rooms | B37: =Zones!B37 -> Kindergarten_EMT_Zn | C37: =Zones!K37 -> 0.85435 | D37: =Zones!H37 -> 170.87 | E37: 15 | F37: 0.15 | H37: =C37*E37 -> 12.81525 | I37: =D37*F37 -> 25.6305 | J37: =G37*D37 -> 0 | K37: =MAX(H37,I37,J37) -> 25.6305
A38: =Zones!C38 -> Electrical, Mechanical, Telephone Rooms | B38: =Zones!B38 -> Kindergarten_IDF Room_Zn | C38: =Zones!K38 -> 0.4274 | D38: =Zones!H38 -> 85.48 | E38: 15 | F38: 0.15 | H38: =C38*E38 -> 6.411 | I38: =D38*F38 -> 12.822 | J38: =G38*D38 -> 0 | K38: =MAX(H38,I38,J38) -> 12.822
A39: =Zones!C39 -> Restrooms | B39: =Zones!B39 -> Kindergarten_Restroom_Zn | C39: =Zones!K39 -> 1.33015 | D39: =Zones!H39 -> 266.03 | E39: 0 | F39: 0 | G39: 0.5 | H39: =C39*E39 -> 0 | I39: =D39*F39 -> 0 | J39: =G39*D39 -> 133.015 | K39: =MAX(H39,I39,J39) -> 133.015
A40: =Zones!C40 -> Storage (General) | B40: =Zones!B40 -> Kindergarten_Storage - General_Zn | C40: =Zones!K40 -> 5.919 | D40: =Zones!H40 -> 1183.8 | E40: 15 | F40: 0.15 | H40: =C40*E40 -> 88.785 | I40: =D40*F40 -> 177.57 | J40: =G40*D40 -> 0 | K40: =MAX(H40,I40,J40) -> 177.57
B41: =Zones!B41 -> Total (38 spaces) | C41: =Zones!K41 -> 1068.3275 | D41: =Zones!H41 -> 49979.37 | H41: =SUM(H3:H40) -> 15773.01 | I41: =SUM(I3:I40) -> 6955.3425 | J41: =SUM(J3:J40) -> 2699.425 | K41: =SUM(K3:K40) -> 18925.208

Sheet Water Heater
A1: ="Water Heater - "&Prototype!A2 -> Water Heater - SchoolK-8
A2: Vintage | B2: WH Type | C2: Efficiency | D2: Number of WH | E2: Tank Volume (gal) | F2: Tank Loss | G2: Source
A3: Existing | B3: Electric | C3: 0.98 | D3: 4 | E3: See table below for CZ-specific values: Climate Zone Water Heater Sizing and Loss Coefficients, Storage Volume column (col F) | F3: See table below: Climate Zone Water Heater Sizing and Loss Coefficients, Standby Loss column (col G) | G3: See table below for sources: Climate Zone Water Heater Sizing and Loss Coefficients
A4: New Construction | B4: HPWH | C4: =B64 -> 4.3 | D4: 4 | E4: =E3 -> See table below for CZ-specific values: Climate Zone Water Heater Sizing and Loss Coefficients, Storage Volume column (col F) | F4: =F3 -> See table below: Climate Zone Water Heater Sizing and Loss Coefficients, Standby Loss column (col G) | G4: =G3 -> See table below for sources: Climate Zone Water Heater Sizing and Loss Coefficients
A6: Peak Hot Water Consumption
A7: Space Name | B7: Baseline WH Type [T24, 2022, Appendix 5.4A , sheet: "2022 SpaceFuncData-Input"] | C7: Total Area (ft²) | D7: Number of People | E7: Hot Water Usage Specification (gal/hr per person) [T24, 2022, Appendix 5.4A , sheet: "2022 SpaceFuncData-Input"] | F7: Peak Hot Water Usage (gal/hr) | G7: Peak Hot Water Usage (gal/min)
A8: =Zones!B3 -> Admin/MPR_Breakroom_Zn | B8: HPWH | C8: =Zones!H3 -> 575.2 | D8: =Zones!K3 -> 18.9816 | E8: 0.09 | F8: =E8*D8 -> 1.708344 | G8: =F8/60 -> 0.0284724
A9: =Zones!B4 -> Admin/MPR_Conference Room Zns 3_Zn | B9: HPWH | C9: =Zones!H4 -> 1674.74 | D9: =Zones!K4 -> 55.26642 | E9: 0.09 | F9: =E9*D9 -> 4.9739778 | G9: =F9/60 -> 0.08289963
A10: =Zones!B5 -> Admin/MPR_Corridor_Zn | B10: HPWH | C10: =Zones!H5 -> 1161.52 | D10: =Zones!K5 -> 5.8076 | E10: 0 | F10: =E10*D10 -> 0 | G10: =F10/60 -> 0
A11: =Zones!B6 -> Admin/MPR_EMT_Zn | B11: HPWH | C11: =Zones!H6 -> 278.21 | D11: =Zones!K6 -> 1.39105 | E11: 0.18 | F11: =E11*D11 -> 0.250389 | G11: =F11/60 -> 0.00417315
A12: =Zones!B7 -> Admin/MPR_IDF Room_Zn | B12: HPWH | C12: =Zones!H7 -> 340.23 | D12: =Zones!K7 -> 1.70115 | E12: 0.18 | F12: =E12*D12 -> 0.306207 | G12: =F12/60 -> 0.00510345
A13: =Zones!B8 -> Admin/MPR_Kitchen_Zn | B13: HPWH | C13: =Zones!H8 -> 1457.25 | D13: =Zones!K8 -> 4.37175 | E13: 0.578 | F13: =E13*D13 -> 2.5268715 | G13: =F13/60 -> 0.042114525
A14: =Zones!B9 -> Admin/MPR_Lobby_Zn | B14: HPWH | C14: =Zones!H9 -> 1241.47 | D14: =Zones!K9 -> 40.96851 | E14: 0.09 | F14: =E14*D14 -> 3.6871659 | G14: =F14/60 -> 0.061452765
A15: =Zones!B10 -> Admin/MPR_Multipurpose Room Zns 3_Zn | B15: HPWH | C15: =Zones!H10 -> 5512.19 | D15: =Zones!K10 -> 181.90227 | E15: 0.09 | F15: =E15*D15 -> 16.371204 | G15: =F15/60 -> 0.2728534
A16: =Zones!B11 -> Admin/MPR_Office - LT 250 sf Zns 6_Zn | B16: HPWH | C16: =Zones!H11 -> 1048.35 | D16: =Zones!K11 -> 5.24175 | E16: 0.18 | F16: =E16*D16 -> 0.943515 | G16: =F16/60 -> 0.01572525
A17: =Zones!B12 -> Admin/MPR_Restroom Zns 3_Zn | B17: HPWH | C17: =Zones!H12 -> 901.17 | D17: =Zones!K12 -> 4.50585 | E17: 0 | F17: =E17*D17 -> 0 | G17: =F17/60 -> 0
A18: =Zones!B13 -> Admin/MPR_Storage - General_Zn | B18: HPWH | C18: =Zones!H13 -> 1247.73 | D18: =Zones!K13 -> 6.23865 | E18: 0 | F18: =E18*D18 -> 0 | G18: =F18/60 -> 0
A19: =Zones!B14 -> Admin/MPR_Storage - Refrigerated_Zn | B19: HPWH | C19: =Zones!H14 -> 251.72 | D19: =Zones!K14 -> 0 | E19: 0.18 | F19: =E19*D19 -> 0 | G19: =F19/60 -> 0
... A45: =Zones!B40 -> Kindergarten_Storage - General_Zn | B45: HPWH | C45: =Zones!H40 -> 1183.8 | D45: =Zones!K40 -> 5.919 | E45: 0 | F45: =E45*D45 -> 0 | G45: =F45/60 -> 0
A50: Plant peak hot water (gal/hr)
A51: Water Heater Name | B51: WH type | C51: Peak Hot Water Usage (gal/hr) | D51: Notes
A52: HPWH - Admin | B52: HPWH | C52: =MAX(SUMIF($B$8:$B$20,"*HPWH*",$F$8:$F$20),75) -> 75 | D52: Minimum peak hot water usage is 75 gal/hr according to ACM 2025, §5.9.2
A53: HPWH - North Classroom | B53: HPWH | C53: =MAX(SUMIF($B$21:$B$28,"*HPWH*",$F$21:$F$28),75) -> 75
A54: HPWH - West Classroom | B54: HPWH | C54: =MAX(SUMIF($B$29:$B$39,"*HPWH*",$F$29:$F$39),75) -> 75
A55: HPWH - Kindergarten | B55: HPWH | C55: =MAX(SUMIF($B$40:$B$45,"*HPWH*",$F$40:$F$45),75) -> 75
A57: Design supply temperature (°F) | B57: 135 | C57: CEC-400-2022-009-CMF-REV2-AP5.4B
A58: WH system factor | B58: 0.6 | C58: 2025 ACM §5.9.2 Rated Capacity
A59: Water mass conversion (lb/gal) | B59: 8.2877 | C59: 2025 ACM §5.9.2 Rated Capacity
A60: Reheat multiplier | B60: 0.4 | C60: 2025 ACM §5.9.2 Storage Volume
A61: Commercial HPWH configuration | B61: Unitary storage HPWH (integrated) | C61: Distributed unitary storage HPWH; retain the K-8 prototype's 4 water heaters and 4 service-water loops.
A62: Selected commercial COPh | B62: 4.3 | C62: ENERGY STAR Certified Commercial Water Heaters export, filtered Electric Heat Pump (2026-09-03): integrated 119-gal CHP family COPh = 4.3.
A63: ENERGY STAR minimum commercial COPh | B63: 3 | C63: ENERGY STAR commercial electric heat pump water-heater criterion; shown as the floor, not the selected enhanced value.
A64: Design COPh | B64: =B62 -> 4.3 | C64: Use commercial COPh directly.
A67: Climate Zone Water Heater Sizing and Loss Coefficients (Individual WH)
A68: Water Heater name | B68: Climate Zone | C68: Minimum Monthly Mains Temp (°F) [T24 2022 - Appendix 5.4B] | D68: Heat Output (Btu/hr) [ACM, 2025, 5.9.2: Rated capacity section] | E68: WH Capacity (Btu/hr) [ACM, 2025, 5.9.2: Rated capacity section] | F68: Required Energy Input (Btu/hr) | G68: Storage Volume (gal) | H68: Standby Loss (%/hr) [DEER Commercial HPWH Calculator V1.0.3.2; NREL 64904. Not Title 20 Table F-4] | J68: Off/On Cycle Loss Coefficient to Ambient Temp | L68: Source/Note
A69: HPWH_SkoolK-8_Admin | B69: CZ01 | C69: 47.9 | D69: =$C$52*($B$57-C69)*$B$59 -> 54139.4 | E69: =D69*$B$58 -> 32483.64 | F69: =_xlfn.LET(_xlpm.x,_xlfn.XLOOKUP(E69,$C$137:$C$141,$C$137:$C$141,"",1),IF(_xlpm.x="",E69/$B$64,_xlpm.x/$B$64)) -> 7554.3349 | G69: =_xlfn.LET(_xlpm.v,MAX(30,$C$52*$B$60),_xlpm.x,_xlfn.XLOOKUP(_xlpm.v,$A$137:$A$141,$A$137:$A$141,"",1),IF(_xlpm.x="",ROUNDUP(_xlpm.v,0),_xlpm.x)) -> 40 | H69: =IF(AND(ISNUMBER(J69),G69>0),J69/(0.0834*G69),NA()) -> 1.309952 | I69: %/hr | J69: 4.37 | K69: Btu/h·°F | L69: Approach: distributed unitary storage HPWH. The K-8 Prototype has 4 water heaters and 4 service-water loops; retain one plant for Admin, North Classroom, West Classroom, and Kindergarten. Efficiency: commercial COPh = 4.3 from the ENERGY STAR Certified Commercial Water Heaters export (Electric Heat Pump filter). The only integrated commercial family in that export is 119 gal: AO Smith CAHP-120 100, Lochinvar CHPA120PD 100, and State CSHP-120-DHPT 100. Required electric input (col E) = required WH capacity (col D) / COPh. Tank loss: DEER Commercial HPWH Calculator §1.7.2 states HPWH standby losses are not published and uses UA = 4.37 Btu/h·°F for HPWHs (from NREL 64904). Therefore I = 4.37 constant for one unitary tank per plant; G (%/hr) = I / (0.0834 × F). Do not scale UA by assumed cylinder area. Title 20 Table F-4 electric-storage standby (0.30 + 27/V %/hr) is not used because 10 CFR 431.102 excludes commercial heat pump water heaters. The 40/50/66/80/120-gal rows are retained as prototype storage-sizing bins; they are not represented as ENERGY STAR commercial market rows. Sources: https://www.energystar.gov/productfinder/product/certified-commercial-water-heaters/results https://cedars.cpuc.ca.gov/deer-resources/tools/water-heaters/ https://www.ecfr.gov/current/title-10/chapter-II/subchapter-D/part-431/subpart-G/section-431.102 https://www.nlr.gov/docs/fy16osti/64904.pdf
A70: HPWH_SkoolK-8_Admin | B70: CZ02 | C70: 50.8 | D70: =$C$52*($B$57-C70)*$B$59 -> 52336.825 | E70: =D70*$B$58 -> 31402.095 | F70: =_xlfn.LET(_xlpm.x,_xlfn.XLOOKUP(E70,$C$137:$C$141,$C$137:$C$141,"",1),IF(_xlpm.x="",E70/$B$64,_xlpm.x/$B$64)) -> 7302.8129 | G70: =_xlfn.LET(_xlpm.v,MAX(30,$C$52*$B$60),_xlpm.x,_xlfn.XLOOKUP(_xlpm.v,$A$137:$A$141,$A$137:$A$141,"",1),IF(_xlpm.x="",ROUNDUP(_xlpm.v,0),_xlpm.x)) -> 40 | H70: =IF(AND(ISNUMBER(J70),G70>0),J70/(0.0834*G70),NA()) -> 1.309952 | I70: %/hr | J70: 4.37 | K70: Btu/h·°F
A71: HPWH_SkoolK-8_Admin | B71: CZ03 | C71: 52.2 | D71: =$C$52*($B$57-C71)*$B$59 -> 51466.617 | E71: =D71*$B$58 -> 30879.97 | F71: =_xlfn.LET(_xlpm.x,_xlfn.XLOOKUP(E71,$C$137:$C$141,$C$137:$C$141,"",1),IF(_xlpm.x="",E71/$B$64,_xlpm.x/$B$64)) -> 7181.3884 | G71: =_xlfn.LET(_xlpm.v,MAX(30,$C$52*$B$60),_xlpm.x,_xlfn.XLOOKUP(_xlpm.v,$A$137:$A$141,$A$137:$A$141,"",1),IF(_xlpm.x="",ROUNDUP(_xlpm.v,0),_xlpm.x)) -> 40 | H71: =IF(AND(ISNUMBER(J71),G71>0),J71/(0.0834*G71),NA()) -> 1.309952 | I71: %/hr | J71: 4.37 | K71: Btu/h·°F
A72: HPWH_SkoolK-8_Admin | B72: CZ04 | C72: 52.7 | D72: =$C$52*($B$57-C72)*$B$59 -> 51155.828 | E72: =D72*$B$58 -> 30693.497 | F72: =_xlfn.LET(_xlpm.x,_xlfn.XLOOKUP(E72,$C$137:$C$141,$C$137:$C$141,"",1),IF(_xlpm.x="",E72/$B$64,_xlpm.x/$B$64)) -> 7138.0225 | G72: =_xlfn.LET(_xlpm.v,MAX(30,$C$52*$B$60),_xlpm.x,_xlfn.XLOOKUP(_xlpm.v,$A$137:$A$141,$A$137:$A$141,"",1),IF(_xlpm.x="",ROUNDUP(_xlpm.v,0),_xlpm.x)) -> 40 | H72: =IF(AND(ISNUMBER(J72),G72>0),J72/(0.0834*G72),NA()) -> 1.309952 | I72: %/hr | J72: 4.37 | K72: Btu/h·°F
A73: HPWH_SkoolK-8_Admin | B73: CZ05 | C73: 51.6 | D73: =$C$52*($B$57-C73)*$B$59 -> 51839.563 | E73: =D73*$B$58 -> 31103.738 | F73: =_xlfn.LET(_xlpm.x,_xlfn.XLOOKUP(E73,$C$137:$C$141,$C$137:$C$141,"",1),IF(_xlpm.x="",E73/$B$64,_xlpm.x/$B$64)) -> 7233.4275 | G73: =_xlfn.LET(_xlpm.v,MAX(30,$C$52*$B$60),_xlpm.x,_xlfn.XLOOKUP(_xlpm.v,$A$137:$A$141,$A$137:$A$141,"",1),IF(_xlpm.x="",ROUNDUP(_xlpm.v,0),_xlpm.x)) -> 40 | H73: =IF(AND(ISNUMBER(J73),G73>0),J73/(0.0834*G73),NA()) -> 1.309952 | I73: %/hr | J73: 4.37 | K73: Btu/h·°F
A74: HPWH_SkoolK-8_Admin | B74: CZ06 | C74: 56.8 | D74: =$C$52*($B$57-C74)*$B$59 -> 48607.36 | E74: =D74*$B$58 -> 29164.416 | F74: =_xlfn.LET(_xlpm.x,_xlfn.XLOOKUP(E74,$C$137:$C$141,$C$137:$C$141,"",1),IF(_xlpm.x="",E74/$B$64,_xlpm.x/$B$64)) -> 6782.4224 | G74: =_xlfn.LET(_xlpm.v,MAX(30,$C$52*$B$60),_xlpm.x,_xlfn.XLOOKUP(_xlpm.v,$A$137:$A$141,$A$137:$A$141,"",1),IF(_xlpm.x="",ROUNDUP(_xlpm.v,0),_xlpm.x)) -> 40 | H74: =IF(AND(ISNUMBER(J74),G74>0),J74/(0.0834*G74),NA()) -> 1.309952 | I74: %/hr | J74: 4.37 | K74: Btu/h·°F
A75: HPWH_SkoolK-8_Admin | B75: CZ07 | C75: 58.4 | D75: =$C$52*($B$57-C75)*$B$59 -> 47612.836 | E75: =D75*$B$58 -> 28567.702 | F75: =_xlfn.LET(_xlpm.x,_xlfn.XLOOKUP(E75,$C$137:$C$141,$C$137:$C$141,"",1),IF(_xlpm.x="",E75/$B$64,_xlpm.x/$B$64)) -> 6643.6516 | G75: =_xlfn.LET(_xlpm.v,MAX(30,$C$52*$B$60),_xlpm.x,_xlfn.XLOOKUP(_xlpm.v,$A$137:$A$141,$A$137:$A$141,"",1),IF(_xlpm.x="",ROUNDUP(_xlpm.v,0),_xlpm.x)) -> 40 | H75: =IF(AND(ISNUMBER(J75),G75>0),J75/(0.0834*G75),NA()) -> 1.309952 | I75: %/hr | J75: 4.37 | K75: Btu/h·°F
A76: HPWH_SkoolK-8_Admin | B76: CZ08 | C76: 58.4 | D76: =$C$52*($B$57-C76)*$B$59 -> 47612.836 | E76: =D76*$B$58 -> 28567.702 | F76: =_xlfn.LET(_xlpm.x,_xlfn.XLOOKUP(E76,$C$137:$C$141,$C$137:$C$141,"",1),IF(_xlpm.x="",E76/$B$64,_xlpm.x/$B$64)) -> 6643.6516 | G76: =_xlfn.LET(_xlpm.v,MAX(30,$C$52*$B$60),_xlpm.x,_xlfn.XLOOKUP(_xlpm.v,$A$137:$A$141,$A$137:$A$141,"",1),IF(_xlpm.x="",ROUNDUP(_xlpm.v,0),_xlpm.x)) -> 40 | H76: =IF(AND(ISNUMBER(J76),G76>0),J76/(0.0834*G76),NA()) -> 1.309952 | I76: %/hr | J76: 4.37 | K76: Btu/h·°F
A77: HPWH_SkoolK-8_Admin | B77: CZ09 | C77: 57.6 | D77: =$C$52*($B$57-C77)*$B$59 -> 48110.098 | E77: =D77*$B$58 -> 28866.059 | F77: =_xlfn.LET(_xlpm.x,_xlfn.XLOOKUP(E77,$C$137:$C$141,$C$137:$C$141,"",1),IF(_xlpm.x="",E77/$B$64,_xlpm.x/$B$64)) -> 6713.037 | G77: =_xlfn.LET(_xlpm.v,MAX(30,$C$52*$B$60),_xlpm.x,_xlfn.XLOOKUP(_xlpm.v,$A$137:$A$141,$A$137:$A$141,"",1),IF(_xlpm.x="",ROUNDUP(_xlpm.v,0),_xlpm.x)) -> 40 | H77: =IF(AND(ISNUMBER(J77),G77>0),J77/(0.0834*G77),NA()) -> 1.309952 | I77: %/hr | J77: 4.37 | K77: Btu/h·°F
A78: HPWH_SkoolK-8_Admin | B78: CZ10 | C78: 57.1 | D78: =$C$52*($B$57-C78)*$B$59 -> 48420.887 | E78: =D78*$B$58 -> 29052.532 | F78: =_xlfn.LET(_xlpm.x,_xlfn.XLOOKUP(E78,$C$137:$C$141,$C$137:$C$141,"",1),IF(_xlpm.x="",E78/$B$64,_xlpm.x/$B$64)) -> 6756.4029 | G78: =_xlfn.LET(_xlpm.v,MAX(30,$C$52*$B$60),_xlpm.x,_xlfn.XLOOKUP(_xlpm.v,$A$137:$A$141,$A$137:$A$141,"",1),IF(_xlpm.x="",ROUNDUP(_xlpm.v,0),_xlpm.x)) -> 40 | H78: =IF(AND(ISNUMBER(J78),G78>0),J78/(0.0834*G78),NA()) -> 1.309952 | I78: %/hr | J78: 4.37 | K78: Btu/h·°F
A79: HPWH_SkoolK-8_Admin | B79: CZ11 | C79: 50.5 | D79: =$C$52*($B$57-C79)*$B$59 -> 52523.299 | E79: =D79*$B$58 -> 31513.979 | F79: =_xlfn.LET(_xlpm.x,_xlfn.XLOOKUP(E79,$C$137:$C$141,$C$137:$C$141,"",1),IF(_xlpm.x="",E79/$B$64,_xlpm.x/$B$64)) -> 7328.8324 | G79: =_xlfn.LET(_xlpm.v,MAX(30,$C$52*$B$60),_xlpm.x,_xlfn.XLOOKUP(_xlpm.v,$A$137:$A$141,$A$137:$A$141,"",1),IF(_xlpm.x="",ROUNDUP(_xlpm.v,0),_xlpm.x)) -> 40 | H79: =IF(AND(ISNUMBER(J79),G79>0),J79/(0.0834*G79),NA()) -> 1.309952 | I79: %/hr | J79: 4.37 | K79: Btu/h·°F
A80: HPWH_SkoolK-8_Admin | B80: CZ12 | C80: 51.4 | D80: =$C$52*($B$57-C80)*$B$59 -> 51963.879 | E80: =D80*$B$58 -> 31178.327 | F80: =_xlfn.LET(_xlpm.x,_xlfn.XLOOKUP(E80,$C$137:$C$141,$C$137:$C$141,"",1),IF(_xlpm.x="",E80/$B$64,_xlpm.x/$B$64)) -> 7250.7738 | G80: =_xlfn.LET(_xlpm.v,MAX(30,$C$52*$B$60),_xlpm.x,_xlfn.XLOOKUP(_xlpm.v,$A$137:$A$141,$A$137:$A$141,"",1),IF(_xlpm.x="",ROUNDUP(_xlpm.v,0),_xlpm.x)) -> 40 | H80: =IF(AND(ISNUMBER(J80),G80>0),J80/(0.0834*G80),NA()) -> 1.309952 | I80: %/hr | J80: 4.37 | K80: Btu/h·°F
A81: HPWH_SkoolK-8_Admin | B81: CZ13 | C81: 51.7 | D81: =$C$52*($B$57-C81)*$B$59 -> 51777.406 | E81: =D81*$B$58 -> 31066.443 | F81: =_xlfn.LET(_xlpm.x,_xlfn.XLOOKUP(E81,$C$137:$C$141,$C$137:$C$141,"",1),IF(_xlpm.x="",E81/$B$64,_xlpm.x/$B$64)) -> 7224.7543 | G81: =_xlfn.LET(_xlpm.v,MAX(30,$C$52*$B$60),_xlpm.x,_xlfn.XLOOKUP(_xlpm.v,$A$137:$A$141,$A$137:$A$141,"",1),IF(_xlpm.x="",ROUNDUP(_xlpm.v,0),_xlpm.x)) -> 40 | H81: =IF(AND(ISNUMBER(J81),G81>0),J81/(0.0834*G81),NA()) -> 1.309952 | I81: %/hr | J81: 4.37 | K81: Btu/h·°F
... A84: HPWH_SkoolK-8_Admin | B84: CZ16 | C84: 41.4 | D84: =$C$52*($B$57-C84)*$B$59 -> 58179.654 | E84: =D84*$B$58 -> 34907.792 | F84: =_xlfn.LET(_xlpm.x,_xlfn.XLOOKUP(E84,$C$137:$C$141,$C$137:$C$141,"",1),IF(_xlpm.x="",E84/$B$64,_xlpm.x/$B$64)) -> 8118.0913 | G84: =_xlfn.LET(_xlpm.v,MAX(30,$C$52*$B$60),_xlpm.x,_xlfn.XLOOKUP(_xlpm.v,$A$137:$A$141,$A$137:$A$141,"",1),IF(_xlpm.x="",ROUNDUP(_xlpm.v,0),_xlpm.x)) -> 40 | H84: =IF(AND(ISNUMBER(J84),G84>0),J84/(0.0834*G84),NA()) -> 1.309952 | I84: %/hr | J84: 4.37 | K84: Btu/h·°F
A85: HPWH_SkoolK-8_North Classrooms | B85: CZ01 | C85: 47.9 | D85: =$C$53*($B$57-C85)*$B$59 -> 54139.4 | E85: =D85*$B$58 -> 32483.64 | F85: =_xlfn.LET(_xlpm.x,_xlfn.XLOOKUP(E85,$C$137:$C$141,$C$137:$C$141,"",1),IF(_xlpm.x="",E85/$B$64,_xlpm.x/$B$64)) -> 7554.3349 | G85: =_xlfn.LET(_xlpm.v,MAX(30,$C$53*$B$60),_xlpm.x,_xlfn.XLOOKUP(_xlpm.v,$A$137:$A$141,$A$137:$A$141,"",1),IF(_xlpm.x="",ROUNDUP(_xlpm.v,0),_xlpm.x)) -> 40 | H85: =IF(AND(ISNUMBER(J85),G85>0),J85/(0.0834*G85),NA()) -> 1.309952 | I85: %/hr | J85: 4.37 | K85: Btu/h·°F | L85: Same DEER HPWH UA method as the first plant table. Peak cell $F$53.
A86: HPWH_SkoolK-8_North Classrooms | B86: CZ02 | C86: 50.8 | D86: =$C$53*($B$57-C86)*$B$59 -> 52336.825 | E86: =D86*$B$58 -> 31402.095 | F86: =_xlfn.LET(_xlpm.x,_xlfn.XLOOKUP(E86,$C$137:$C$141,$C$137:$C$141,"",1),IF(_xlpm.x="",E86/$B$64,_xlpm.x/$B$64)) -> 7302.8129 | G86: =_xlfn.LET(_xlpm.v,MAX(30,$C$53*$B$60),_xlpm.x,_xlfn.XLOOKUP(_xlpm.v,$A$137:$A$141,$A$137:$A$141,"",1),IF(_xlpm.x="",ROUNDUP(_xlpm.v,0),_xlpm.x)) -> 40 | H86: =IF(AND(ISNUMBER(J86),G86>0),J86/(0.0834*G86),NA()) -> 1.309952 | I86: %/hr | J86: 4.37 | K86: Btu/h·°F
A87: HPWH_SkoolK-8_North Classrooms | B87: CZ03 | C87: 52.2 | D87: =$C$53*($B$57-C87)*$B$59 -> 51466.617 | E87: =D87*$B$58 -> 30879.97 | F87: =_xlfn.LET(_xlpm.x,_xlfn.XLOOKUP(E87,$C$137:$C$141,$C$137:$C$141,"",1),IF(_xlpm.x="",E87/$B$64,_xlpm.x/$B$64)) -> 7181.3884 | G87: =_xlfn.LET(_xlpm.v,MAX(30,$C$53*$B$60),_xlpm.x,_xlfn.XLOOKUP(_xlpm.v,$A$137:$A$141,$A$137:$A$141,"",1),IF(_xlpm.x="",ROUNDUP(_xlpm.v,0),_xlpm.x)) -> 40 | H87: =IF(AND(ISNUMBER(J87),G87>0),J87/(0.0834*G87),NA()) -> 1.309952 | I87: %/hr | J87: 4.37 | K87: Btu/h·°F
A88: HPWH_SkoolK-8_North Classrooms | B88: CZ04 | C88: 52.7 | D88: =$C$53*($B$57-C88)*$B$59 -> 51155.828 | E88: =D88*$B$58 -> 30693.497 | F88: =_xlfn.LET(_xlpm.x,_xlfn.XLOOKUP(E88,$C$137:$C$141,$C$137:$C$141,"",1),IF(_xlpm.x="",E88/$B$64,_xlpm.x/$B$64)) -> 7138.0225 | G88: =_xlfn.LET(_xlpm.v,MAX(30,$C$53*$B$60),_xlpm.x,_xlfn.XLOOKUP(_xlpm.v,$A$137:$A$141,$A$137:$A$141,"",1),IF(_xlpm.x="",ROUNDUP(_xlpm.v,0),_xlpm.x)) -> 40 | H88: =IF(AND(ISNUMBER(J88),G88>0),J88/(0.0834*G88),NA()) -> 1.309952 | I88: %/hr | J88: 4.37 | K88: Btu/h·°F
A89: HPWH_SkoolK-8_North Classrooms | B89: CZ05 | C89: 51.6 | D89: =$C$53*($B$57-C89)*$B$59 -> 51839.563 | E89: =D89*$B$58 -> 31103.738 | F89: =_xlfn.LET(_xlpm.x,_xlfn.XLOOKUP(E89,$C$137:$C$141,$C$137:$C$141,"",1),IF(_xlpm.x="",E89/$B$64,_xlpm.x/$B$64)) -> 7233.4275 | G89: =_xlfn.LET(_xlpm.v,MAX(30,$C$53*$B$60),_xlpm.x,_xlfn.XLOOKUP(_xlpm.v,$A$137:$A$141,$A$137:$A$141,"",1),IF(_xlpm.x="",ROUNDUP(_xlpm.v,0),_xlpm.x)) -> 40 | H89: =IF(AND(ISNUMBER(J89),G89>0),J89/(0.0834*G89),NA()) -> 1.309952 | I89: %/hr | J89: 4.37 | K89: Btu/h·°F
A90: HPWH_SkoolK-8_North Classrooms | B90: CZ06 | C90: 56.8 | D90: =$C$53*($B$57-C90)*$B$59 -> 48607.36 | E90: =D90*$B$58 -> 29164.416 | F90: =_xlfn.LET(_xlpm.x,_xlfn.XLOOKUP(E90,$C$137:$C$141,$C$137:$C$141,"",1),IF(_xlpm.x="",E90/$B$64,_xlpm.x/$B$64)) -> 6782.4224 | G90: =_xlfn.LET(_xlpm.v,MAX(30,$C$53*$B$60),_xlpm.x,_xlfn.XLOOKUP(_xlpm.v,$A$137:$A$141,$A$137:$A$141,"",1),IF(_xlpm.x="",ROUNDUP(_xlpm.v,0),_xlpm.x)) -> 40 | H90: =IF(AND(ISNUMBER(J90),G90>0),J90/(0.0834*G90),NA()) -> 1.309952 | I90: %/hr | J90: 4.37 | K90: Btu/h·°F
A91: HPWH_SkoolK-8_North Classrooms | B91: CZ07 | C91: 58.4 | D91: =$C$53*($B$57-C91)*$B$59 -> 47612.836 | E91: =D91*$B$58 -> 28567.702 | F91: =_xlfn.LET(_xlpm.x,_xlfn.XLOOKUP(E91,$C$137:$C$141,$C$137:$C$141,"",1),IF(_xlpm.x="",E91/$B$64,_xlpm.x/$B$64)) -> 6643.6516 | G91: =_xlfn.LET(_xlpm.v,MAX(30,$C$53*$B$60),_xlpm.x,_xlfn.XLOOKUP(_xlpm.v,$A$137:$A$141,$A$137:$A$141,"",1),IF(_xlpm.x="",ROUNDUP(_xlpm.v,0),_xlpm.x)) -> 40 | H91: =IF(AND(ISNUMBER(J91),G91>0),J91/(0.0834*G91),NA()) -> 1.309952 | I91: %/hr | J91: 4.37 | K91: Btu/h·°F
A92: HPWH_SkoolK-8_North Classrooms | B92: CZ08 | C92: 58.4 | D92: =$C$53*($B$57-C92)*$B$59 -> 47612.836 | E92: =D92*$B$58 -> 28567.702 | F92: =_xlfn.LET(_xlpm.x,_xlfn.XLOOKUP(E92,$C$137:$C$141,$C$137:$C$141,"",1),IF(_xlpm.x="",E92/$B$64,_xlpm.x/$B$64)) -> 6643.6516 | G92: =_xlfn.LET(_xlpm.v,MAX(30,$C$53*$B$60),_xlpm.x,_xlfn.XLOOKUP(_xlpm.v,$A$137:$A$141,$A$137:$A$141,"",1),IF(_xlpm.x="",ROUNDUP(_xlpm.v,0),_xlpm.x)) -> 40 | H92: =IF(AND(ISNUMBER(J92),G92>0),J92/(0.0834*G92),NA()) -> 1.309952 | I92: %/hr | J92: 4.37 | K92: Btu/h·°F
A93: HPWH_SkoolK-8_North Classrooms | B93: CZ09 | C93: 57.6 | D93: =$C$53*($B$57-C93)*$B$59 -> 48110.098 | E93: =D93*$B$58 -> 28866.059 | F93: =_xlfn.LET(_xlpm.x,_xlfn.XLOOKUP(E93,$C$137:$C$141,$C$137:$C$141,"",1),IF(_xlpm.x="",E93/$B$64,_xlpm.x/$B$64)) -> 6713.037 | G93: =_xlfn.LET(_xlpm.v,MAX(30,$C$53*$B$60),_xlpm.x,_xlfn.XLOOKUP(_xlpm.v,$A$137:$A$141,$A$137:$A$141,"",1),IF(_xlpm.x="",ROUNDUP(_xlpm.v,0),_xlpm.x)) -> 40 | H93: =IF(AND(ISNUMBER(J93),G93>0),J93/(0.0834*G93),NA()) -> 1.309952 | I93: %/hr | J93: 4.37 | K93: Btu/h·°F
A94: HPWH_SkoolK-8_North Classrooms | B94: CZ10 | C94: 57.1 | D94: =$C$53*($B$57-C94)*$B$59 -> 48420.887 | E94: =D94*$B$58 -> 29052.532 | F94: =_xlfn.LET(_xlpm.x,_xlfn.XLOOKUP(E94,$C$137:$C$141,$C$137:$C$141,"",1),IF(_xlpm.x="",E94/$B$64,_xlpm.x/$B$64)) -> 6756.4029 | G94: =_xlfn.LET(_xlpm.v,MAX(30,$C$53*$B$60),_xlpm.x,_xlfn.XLOOKUP(_xlpm.v,$A$137:$A$141,$A$137:$A$141,"",1),IF(_xlpm.x="",ROUNDUP(_xlpm.v,0),_xlpm.x)) -> 40 | H94: =IF(AND(ISNUMBER(J94),G94>0),J94/(0.0834*G94),NA()) -> 1.309952 | I94: %/hr | J94: 4.37 | K94: Btu/h·°F
A95: HPWH_SkoolK-8_North Classrooms | B95: CZ11 | C95: 50.5 | D95: =$C$53*($B$57-C95)*$B$59 -> 52523.299 | E95: =D95*$B$58 -> 31513.979 | F95: =_xlfn.LET(_xlpm.x,_xlfn.XLOOKUP(E95,$C$137:$C$141,$C$137:$C$141,"",1),IF(_xlpm.x="",E95/$B$64,_xlpm.x/$B$64)) -> 7328.8324 | G95: =_xlfn.LET(_xlpm.v,MAX(30,$C$53*$B$60),_xlpm.x,_xlfn.XLOOKUP(_xlpm.v,$A$137:$A$141,$A$137:$A$141,"",1),IF(_xlpm.x="",ROUNDUP(_xlpm.v,0),_xlpm.x)) -> 40 | H95: =IF(AND(ISNUMBER(J95),G95>0),J95/(0.0834*G95),NA()) -> 1.309952 | I95: %/hr | J95: 4.37 | K95: Btu/h·°F
A96: HPWH_SkoolK-8_North Classrooms | B96: CZ12 | C96: 51.4 | D96: =$C$53*($B$57-C96)*$B$59 -> 51963.879 | E96: =D96*$B$58 -> 31178.327 | F96: =_xlfn.LET(_xlpm.x,_xlfn.XLOOKUP(E96,$C$137:$C$141,$C$137:$C$141,"",1),IF(_xlpm.x="",E96/$B$64,_xlpm.x/$B$64)) -> 7250.7738 | G96: =_xlfn.LET(_xlpm.v,MAX(30,$C$53*$B$60),_xlpm.x,_xlfn.XLOOKUP(_xlpm.v,$A$137:$A$141,$A$137:$A$141,"",1),IF(_xlpm.x="",ROUNDUP(_xlpm.v,0),_xlpm.x)) -> 40 | H96: =IF(AND(ISNUMBER(J96),G96>0),J96/(0.0834*G96),NA()) -> 1.309952 | I96: %/hr | J96: 4.37 | K96: Btu/h·°F
A97: HPWH_SkoolK-8_North Classrooms | B97: CZ13 | C97: 51.7 | D97: =$C$53*($B$57-C97)*$B$59 -> 51777.406 | E97: =D97*$B$58 -> 31066.443 | F97: =_xlfn.LET(_xlpm.x,_xlfn.XLOOKUP(E97,$C$137:$C$141,$C$137:$C$141,"",1),IF(_xlpm.x="",E97/$B$64,_xlpm.x/$B$64)) -> 7224.7543 | G97: =_xlfn.LET(_xlpm.v,MAX(30,$C$53*$B$60),_xlpm.x,_xlfn.XLOOKUP(_xlpm.v,$A$137:$A$141,$A$137:$A$141,"",1),IF(_xlpm.x="",ROUNDUP(_xlpm.v,0),_xlpm.x)) -> 40 | H97: =IF(AND(ISNUMBER(J97),G97>0),J97/(0.0834*G97),NA()) -> 1.309952 | I97: %/hr | J97: 4.37 | K97: Btu/h·°F
... A100: HPWH_SkoolK-8_North Classrooms | B100: CZ16 | C100: 41.4 | D100: =$C$53*($B$57-C100)*$B$59 -> 58179.654 | E100: =D100*$B$58 -> 34907.792 | F100: =_xlfn.LET(_xlpm.x,_xlfn.XLOOKUP(E100,$C$137:$C$141,$C$137:$C$141,"",1),IF(_xlpm.x="",E100/$B$64,_xlpm.x/$B$64)) -> 8118.0913 | G100: =_xlfn.LET(_xlpm.v,MAX(30,$C$53*$B$60),_xlpm.x,_xlfn.XLOOKUP(_xlpm.v,$A$137:$A$141,$A$137:$A$141,"",1),IF(_xlpm.x="",ROUNDUP(_xlpm.v,0),_xlpm.x)) -> 40 | H100: =IF(AND(ISNUMBER(J100),G100>0),J100/(0.0834*G100),NA()) -> 1.309952 | I100: %/hr | J100: 4.37 | K100: Btu/h·°F
A101: HPWH_SkoolK-8_West Classrooms | B101: CZ01 | C101: 47.9 | D101: =$C$54*($B$57-C101)*$B$59 -> 54139.4 | E101: =D101*$B$58 -> 32483.64 | F101: =_xlfn.LET(_xlpm.x,_xlfn.XLOOKUP(E101,$C$137:$C$141,$C$137:$C$141,"",1),IF(_xlpm.x="",E101/$B$64,_xlpm.x/$B$64)) -> 7554.3349 | G101: =_xlfn.LET(_xlpm.v,MAX(30,$C$54*$B$60),_xlpm.x,_xlfn.XLOOKUP(_xlpm.v,$A$137:$A$141,$A$137:$A$141,"",1),IF(_xlpm.x="",ROUNDUP(_xlpm.v,0),_xlpm.x)) -> 40 | H101: =IF(AND(ISNUMBER(J101),G101>0),J101/(0.0834*G101),NA()) -> 1.309952 | I101: %/hr | J101: 4.37 | K101: Btu/h·°F | L101: Same DEER HPWH UA method as the first plant table. Peak cell $F$54.
A102: HPWH_SkoolK-8_West Classrooms | B102: CZ02 | C102: 50.8 | D102: =$C$54*($B$57-C102)*$B$59 -> 52336.825 | E102: =D102*$B$58 -> 31402.095 | F102: =_xlfn.LET(_xlpm.x,_xlfn.XLOOKUP(E102,$C$137:$C$141,$C$137:$C$141,"",1),IF(_xlpm.x="",E102/$B$64,_xlpm.x/$B$64)) -> 7302.8129 | G102: =_xlfn.LET(_xlpm.v,MAX(30,$C$54*$B$60),_xlpm.x,_xlfn.XLOOKUP(_xlpm.v,$A$137:$A$141,$A$137:$A$141,"",1),IF(_xlpm.x="",ROUNDUP(_xlpm.v,0),_xlpm.x)) -> 40 | H102: =IF(AND(ISNUMBER(J102),G102>0),J102/(0.0834*G102),NA()) -> 1.309952 | I102: %/hr | J102: 4.37 | K102: Btu/h·°F
A103: HPWH_SkoolK-8_West Classrooms | B103: CZ03 | C103: 52.2 | D103: =$C$54*($B$57-C103)*$B$59 -> 51466.617 | E103: =D103*$B$58 -> 30879.97 | F103: =_xlfn.LET(_xlpm.x,_xlfn.XLOOKUP(E103,$C$137:$C$141,$C$137:$C$141,"",1),IF(_xlpm.x="",E103/$B$64,_xlpm.x/$B$64)) -> 7181.3884 | G103: =_xlfn.LET(_xlpm.v,MAX(30,$C$54*$B$60),_xlpm.x,_xlfn.XLOOKUP(_xlpm.v,$A$137:$A$141,$A$137:$A$141,"",1),IF(_xlpm.x="",ROUNDUP(_xlpm.v,0),_xlpm.x)) -> 40 | H103: =IF(AND(ISNUMBER(J103),G103>0),J103/(0.0834*G103),NA()) -> 1.309952 | I103: %/hr | J103: 4.37 | K103: Btu/h·°F
A104: HPWH_SkoolK-8_West Classrooms | B104: CZ04 | C104: 52.7 | D104: =$C$54*($B$57-C104)*$B$59 -> 51155.828 | E104: =D104*$B$58 -> 30693.497 | F104: =_xlfn.LET(_xlpm.x,_xlfn.XLOOKUP(E104,$C$137:$C$141,$C$137:$C$141,"",1),IF(_xlpm.x="",E104/$B$64,_xlpm.x/$B$64)) -> 7138.0225 | G104: =_xlfn.LET(_xlpm.v,MAX(30,$C$54*$B$60),_xlpm.x,_xlfn.XLOOKUP(_xlpm.v,$A$137:$A$141,$A$137:$A$141,"",1),IF(_xlpm.x="",ROUNDUP(_xlpm.v,0),_xlpm.x)) -> 40 | H104: =IF(AND(ISNUMBER(J104),G104>0),J104/(0.0834*G104),NA()) -> 1.309952 | I104: %/hr | J104: 4.37 | K104: Btu/h·°F
A105: HPWH_SkoolK-8_West Classrooms | B105: CZ05 | C105: 51.6 | D105: =$C$54*($B$57-C105)*$B$59 -> 51839.563 | E105: =D105*$B$58 -> 31103.738 | F105: =_xlfn.LET(_xlpm.x,_xlfn.XLOOKUP(E105,$C$137:$C$141,$C$137:$C$141,"",1),IF(_xlpm.x="",E105/$B$64,_xlpm.x/$B$64)) -> 7233.4275 | G105: =_xlfn.LET(_xlpm.v,MAX(30,$C$54*$B$60),_xlpm.x,_xlfn.XLOOKUP(_xlpm.v,$A$137:$A$141,$A$137:$A$141,"",1),IF(_xlpm.x="",ROUNDUP(_xlpm.v,0),_xlpm.x)) -> 40 | H105: =IF(AND(ISNUMBER(J105),G105>0),J105/(0.0834*G105),NA()) -> 1.309952 | I105: %/hr | J105: 4.37 | K105: Btu/h·°F
A106: HPWH_SkoolK-8_West Classrooms | B106: CZ06 | C106: 56.8 | D106: =$C$54*($B$57-C106)*$B$59 -> 48607.36 | E106: =D106*$B$58 -> 29164.416 | F106: =_xlfn.LET(_xlpm.x,_xlfn.XLOOKUP(E106,$C$137:$C$141,$C$137:$C$141,"",1),IF(_xlpm.x="",E106/$B$64,_xlpm.x/$B$64)) -> 6782.4224 | G106: =_xlfn.LET(_xlpm.v,MAX(30,$C$54*$B$60),_xlpm.x,_xlfn.XLOOKUP(_xlpm.v,$A$137:$A$141,$A$137:$A$141,"",1),IF(_xlpm.x="",ROUNDUP(_xlpm.v,0),_xlpm.x)) -> 40 | H106: =IF(AND(ISNUMBER(J106),G106>0),J106/(0.0834*G106),NA()) -> 1.309952 | I106: %/hr | J106: 4.37 | K106: Btu/h·°F
A107: HPWH_SkoolK-8_West Classrooms | B107: CZ07 | C107: 58.4 | D107: =$C$54*($B$57-C107)*$B$59 -> 47612.836 | E107: =D107*$B$58 -> 28567.702 | F107: =_xlfn.LET(_xlpm.x,_xlfn.XLOOKUP(E107,$C$137:$C$141,$C$137:$C$141,"",1),IF(_xlpm.x="",E107/$B$64,_xlpm.x/$B$64)) -> 6643.6516 | G107: =_xlfn.LET(_xlpm.v,MAX(30,$C$54*$B$60),_xlpm.x,_xlfn.XLOOKUP(_xlpm.v,$A$137:$A$141,$A$137:$A$141,"",1),IF(_xlpm.x="",ROUNDUP(_xlpm.v,0),_xlpm.x)) -> 40 | H107: =IF(AND(ISNUMBER(J107),G107>0),J107/(0.0834*G107),NA()) -> 1.309952 | I107: %/hr | J107: 4.37 | K107: Btu/h·°F
A108: HPWH_SkoolK-8_West Classrooms | B108: CZ08 | C108: 58.4 | D108: =$C$54*($B$57-C108)*$B$59 -> 47612.836 | E108: =D108*$B$58 -> 28567.702 | F108: =_xlfn.LET(_xlpm.x,_xlfn.XLOOKUP(E108,$C$137:$C$141,$C$137:$C$141,"",1),IF(_xlpm.x="",E108/$B$64,_xlpm.x/$B$64)) -> 6643.6516 | G108: =_xlfn.LET(_xlpm.v,MAX(30,$C$54*$B$60),_xlpm.x,_xlfn.XLOOKUP(_xlpm.v,$A$137:$A$141,$A$137:$A$141,"",1),IF(_xlpm.x="",ROUNDUP(_xlpm.v,0),_xlpm.x)) -> 40 | H108: =IF(AND(ISNUMBER(J108),G108>0),J108/(0.0834*G108),NA()) -> 1.309952 | I108: %/hr | J108: 4.37 | K108: Btu/h·°F
A109: HPWH_SkoolK-8_West Classrooms | B109: CZ09 | C109: 57.6 | D109: =$C$54*($B$57-C109)*$B$59 -> 48110.098 | E109: =D109*$B$58 -> 28866.059 | F109: =_xlfn.LET(_xlpm.x,_xlfn.XLOOKUP(E109,$C$137:$C$141,$C$137:$C$141,"",1),IF(_xlpm.x="",E109/$B$64,_xlpm.x/$B$64)) -> 6713.037 | G109: =_xlfn.LET(_xlpm.v,MAX(30,$C$54*$B$60),_xlpm.x,_xlfn.XLOOKUP(_xlpm.v,$A$137:$A$141,$A$137:$A$141,"",1),IF(_xlpm.x="",ROUNDUP(_xlpm.v,0),_xlpm.x)) -> 40 | H109: =IF(AND(ISNUMBER(J109),G109>0),J109/(0.0834*G109),NA()) -> 1.309952 | I109: %/hr | J109: 4.37 | K109: Btu/h·°F
A110: HPWH_SkoolK-8_West Classrooms | B110: CZ10 | C110: 57.1 | D110: =$C$54*($B$57-C110)*$B$59 -> 48420.887 | E110: =D110*$B$58 -> 29052.532 | F110: =_xlfn.LET(_xlpm.x,_xlfn.XLOOKUP(E110,$C$137:$C$141,$C$137:$C$141,"",1),IF(_xlpm.x="",E110/$B$64,_xlpm.x/$B$64)) -> 6756.4029 | G110: =_xlfn.LET(_xlpm.v,MAX(30,$C$54*$B$60),_xlpm.x,_xlfn.XLOOKUP(_xlpm.v,$A$137:$A$141,$A$137:$A$141,"",1),IF(_xlpm.x="",ROUNDUP(_xlpm.v,0),_xlpm.x)) -> 40 | H110: =IF(AND(ISNUMBER(J110),G110>0),J110/(0.0834*G110),NA()) -> 1.309952 | I110: %/hr | J110: 4.37 | K110: Btu/h·°F
A111: HPWH_SkoolK-8_West Classrooms | B111: CZ11 | C111: 50.5 | D111: =$C$54*($B$57-C111)*$B$59 -> 52523.299 | E111: =D111*$B$58 -> 31513.979 | F111: =_xlfn.LET(_xlpm.x,_xlfn.XLOOKUP(E111,$C$137:$C$141,$C$137:$C$141,"",1),IF(_xlpm.x="",E111/$B$64,_xlpm.x/$B$64)) -> 7328.8324 | G111: =_xlfn.LET(_xlpm.v,MAX(30,$C$54*$B$60),_xlpm.x,_xlfn.XLOOKUP(_xlpm.v,$A$137:$A$141,$A$137:$A$141,"",1),IF(_xlpm.x="",ROUNDUP(_xlpm.v,0),_xlpm.x)) -> 40 | H111: =IF(AND(ISNUMBER(J111),G111>0),J111/(0.0834*G111),NA()) -> 1.309952 | I111: %/hr | J111: 4.37 | K111: Btu/h·°F
A112: HPWH_SkoolK-8_West Classrooms | B112: CZ12 | C112: 51.4 | D112: =$C$54*($B$57-C112)*$B$59 -> 51963.879 | E112: =D112*$B$58 -> 31178.327 | F112: =_xlfn.LET(_xlpm.x,_xlfn.XLOOKUP(E112,$C$137:$C$141,$C$137:$C$141,"",1),IF(_xlpm.x="",E112/$B$64,_xlpm.x/$B$64)) -> 7250.7738 | G112: =_xlfn.LET(_xlpm.v,MAX(30,$C$54*$B$60),_xlpm.x,_xlfn.XLOOKUP(_xlpm.v,$A$137:$A$141,$A$137:$A$141,"",1),IF(_xlpm.x="",ROUNDUP(_xlpm.v,0),_xlpm.x)) -> 40 | H112: =IF(AND(ISNUMBER(J112),G112>0),J112/(0.0834*G112),NA()) -> 1.309952 | I112: %/hr | J112: 4.37 | K112: Btu/h·°F
A113: HPWH_SkoolK-8_West Classrooms | B113: CZ13 | C113: 51.7 | D113: =$C$54*($B$57-C113)*$B$59 -> 51777.406 | E113: =D113*$B$58 -> 31066.443 | F113: =_xlfn.LET(_xlpm.x,_xlfn.XLOOKUP(E113,$C$137:$C$141,$C$137:$C$141,"",1),IF(_xlpm.x="",E113/$B$64,_xlpm.x/$B$64)) -> 7224.7543 | G113: =_xlfn.LET(_xlpm.v,MAX(30,$C$54*$B$60),_xlpm.x,_xlfn.XLOOKUP(_xlpm.v,$A$137:$A$141,$A$137:$A$141,"",1),IF(_xlpm.x="",ROUNDUP(_xlpm.v,0),_xlpm.x)) -> 40 | H113: =IF(AND(ISNUMBER(J113),G113>0),J113/(0.0834*G113),NA()) -> 1.309952 | I113: %/hr | J113: 4.37 | K113: Btu/h·°F
... A116: HPWH_SkoolK-8_West Classrooms | B116: CZ16 | C116: 41.4 | D116: =$C$54*($B$57-C116)*$B$59 -> 58179.654 | E116: =D116*$B$58 -> 34907.792 | F116: =_xlfn.LET(_xlpm.x,_xlfn.XLOOKUP(E116,$C$137:$C$141,$C$137:$C$141,"",1),IF(_xlpm.x="",E116/$B$64,_xlpm.x/$B$64)) -> 8118.0913 | G116: =_xlfn.LET(_xlpm.v,MAX(30,$C$54*$B$60),_xlpm.x,_xlfn.XLOOKUP(_xlpm.v,$A$137:$A$141,$A$137:$A$141,"",1),IF(_xlpm.x="",ROUNDUP(_xlpm.v,0),_xlpm.x)) -> 40 | H116: =IF(AND(ISNUMBER(J116),G116>0),J116/(0.0834*G116),NA()) -> 1.309952 | I116: %/hr | J116: 4.37 | K116: Btu/h·°F
A117: HPWH_SkoolK-8_Kindergarten | B117: CZ01 | C117: 47.9 | D117: =$C$55*($B$57-C117)*$B$59 -> 54139.4 | E117: =D117*$B$58 -> 32483.64 | F117: =_xlfn.LET(_xlpm.x,_xlfn.XLOOKUP(E117,$C$137:$C$141,$C$137:$C$141,"",1),IF(_xlpm.x="",E117/$B$64,_xlpm.x/$B$64)) -> 7554.3349 | G117: =_xlfn.LET(_xlpm.v,MAX(30,$C$55*$B$60),_xlpm.x,_xlfn.XLOOKUP(_xlpm.v,$A$137:$A$141,$A$137:$A$141,"",1),IF(_xlpm.x="",ROUNDUP(_xlpm.v,0),_xlpm.x)) -> 40 | H117: =IF(AND(ISNUMBER(J117),G117>0),J117/(0.0834*G117),NA()) -> 1.309952 | I117: %/hr | J117: 4.37 | K117: Btu/h·°F | L117: Same DEER HPWH UA method as the first plant table. Peak cell $F$55.
A118: HPWH_SkoolK-8_Kindergarten | B118: CZ02 | C118: 50.8 | D118: =$C$55*($B$57-C118)*$B$59 -> 52336.825 | E118: =D118*$B$58 -> 31402.095 | F118: =_xlfn.LET(_xlpm.x,_xlfn.XLOOKUP(E118,$C$137:$C$141,$C$137:$C$141,"",1),IF(_xlpm.x="",E118/$B$64,_xlpm.x/$B$64)) -> 7302.8129 | G118: =_xlfn.LET(_xlpm.v,MAX(30,$C$55*$B$60),_xlpm.x,_xlfn.XLOOKUP(_xlpm.v,$A$137:$A$141,$A$137:$A$141,"",1),IF(_xlpm.x="",ROUNDUP(_xlpm.v,0),_xlpm.x)) -> 40 | H118: =IF(AND(ISNUMBER(J118),G118>0),J118/(0.0834*G118),NA()) -> 1.309952 | I118: %/hr | J118: 4.37 | K118: Btu/h·°F
A119: HPWH_SkoolK-8_Kindergarten | B119: CZ03 | C119: 52.2 | D119: =$C$55*($B$57-C119)*$B$59 -> 51466.617 | E119: =D119*$B$58 -> 30879.97 | F119: =_xlfn.LET(_xlpm.x,_xlfn.XLOOKUP(E119,$C$137:$C$141,$C$137:$C$141,"",1),IF(_xlpm.x="",E119/$B$64,_xlpm.x/$B$64)) -> 7181.3884 | G119: =_xlfn.LET(_xlpm.v,MAX(30,$C$55*$B$60),_xlpm.x,_xlfn.XLOOKUP(_xlpm.v,$A$137:$A$141,$A$137:$A$141,"",1),IF(_xlpm.x="",ROUNDUP(_xlpm.v,0),_xlpm.x)) -> 40 | H119: =IF(AND(ISNUMBER(J119),G119>0),J119/(0.0834*G119),NA()) -> 1.309952 | I119: %/hr | J119: 4.37 | K119: Btu/h·°F
A120: HPWH_SkoolK-8_Kindergarten | B120: CZ04 | C120: 52.7 | D120: =$C$55*($B$57-C120)*$B$59 -> 51155.828 | E120: =D120*$B$58 -> 30693.497 | F120: =_xlfn.LET(_xlpm.x,_xlfn.XLOOKUP(E120,$C$137:$C$141,$C$137:$C$141,"",1),IF(_xlpm.x="",E120/$B$64,_xlpm.x/$B$64)) -> 7138.0225 | G120: =_xlfn.LET(_xlpm.v,MAX(30,$C$55*$B$60),_xlpm.x,_xlfn.XLOOKUP(_xlpm.v,$A$137:$A$141,$A$137:$A$141,"",1),IF(_xlpm.x="",ROUNDUP(_xlpm.v,0),_xlpm.x)) -> 40 | H120: =IF(AND(ISNUMBER(J120),G120>0),J120/(0.0834*G120),NA()) -> 1.309952 | I120: %/hr | J120: 4.37 | K120: Btu/h·°F
A121: HPWH_SkoolK-8_Kindergarten | B121: CZ05 | C121: 51.6 | D121: =$C$55*($B$57-C121)*$B$59 -> 51839.563 | E121: =D121*$B$58 -> 31103.738 | F121: =_xlfn.LET(_xlpm.x,_xlfn.XLOOKUP(E121,$C$137:$C$141,$C$137:$C$141,"",1),IF(_xlpm.x="",E121/$B$64,_xlpm.x/$B$64)) -> 7233.4275 | G121: =_xlfn.LET(_xlpm.v,MAX(30,$C$55*$B$60),_xlpm.x,_xlfn.XLOOKUP(_xlpm.v,$A$137:$A$141,$A$137:$A$141,"",1),IF(_xlpm.x="",ROUNDUP(_xlpm.v,0),_xlpm.x)) -> 40 | H121: =IF(AND(ISNUMBER(J121),G121>0),J121/(0.0834*G121),NA()) -> 1.309952 | I121: %/hr | J121: 4.37 | K121: Btu/h·°F
A122: HPWH_SkoolK-8_Kindergarten | B122: CZ06 | C122: 56.8 | D122: =$C$55*($B$57-C122)*$B$59 -> 48607.36 | E122: =D122*$B$58 -> 29164.416 | F122: =_xlfn.LET(_xlpm.x,_xlfn.XLOOKUP(E122,$C$137:$C$141,$C$137:$C$141,"",1),IF(_xlpm.x="",E122/$B$64,_xlpm.x/$B$64)) -> 6782.4224 | G122: =_xlfn.LET(_xlpm.v,MAX(30,$C$55*$B$60),_xlpm.x,_xlfn.XLOOKUP(_xlpm.v,$A$137:$A$141,$A$137:$A$141,"",1),IF(_xlpm.x="",ROUNDUP(_xlpm.v,0),_xlpm.x)) -> 40 | H122: =IF(AND(ISNUMBER(J122),G122>0),J122/(0.0834*G122),NA()) -> 1.309952 | I122: %/hr | J122: 4.37 | K122: Btu/h·°F
A123: HPWH_SkoolK-8_Kindergarten | B123: CZ07 | C123: 58.4 | D123: =$C$55*($B$57-C123)*$B$59 -> 47612.836 | E123: =D123*$B$58 -> 28567.702 | F123: =_xlfn.LET(_xlpm.x,_xlfn.XLOOKUP(E123,$C$137:$C$141,$C$137:$C$141,"",1),IF(_xlpm.x="",E123/$B$64,_xlpm.x/$B$64)) -> 6643.6516 | G123: =_xlfn.LET(_xlpm.v,MAX(30,$C$55*$B$60),_xlpm.x,_xlfn.XLOOKUP(_xlpm.v,$A$137:$A$141,$A$137:$A$141,"",1),IF(_xlpm.x="",ROUNDUP(_xlpm.v,0),_xlpm.x)) -> 40 | H123: =IF(AND(ISNUMBER(J123),G123>0),J123/(0.0834*G123),NA()) -> 1.309952 | I123: %/hr | J123: 4.37 | K123: Btu/h·°F
A124: HPWH_SkoolK-8_Kindergarten | B124: CZ08 | C124: 58.4 | D124: =$C$55*($B$57-C124)*$B$59 -> 47612.836 | E124: =D124*$B$58 -> 28567.702 | F124: =_xlfn.LET(_xlpm.x,_xlfn.XLOOKUP(E124,$C$137:$C$141,$C$137:$C$141,"",1),IF(_xlpm.x="",E124/$B$64,_xlpm.x/$B$64)) -> 6643.6516 | G124: =_xlfn.LET(_xlpm.v,MAX(30,$C$55*$B$60),_xlpm.x,_xlfn.XLOOKUP(_xlpm.v,$A$137:$A$141,$A$137:$A$141,"",1),IF(_xlpm.x="",ROUNDUP(_xlpm.v,0),_xlpm.x)) -> 40 | H124: =IF(AND(ISNUMBER(J124),G124>0),J124/(0.0834*G124),NA()) -> 1.309952 | I124: %/hr | J124: 4.37 | K124: Btu/h·°F
A125: HPWH_SkoolK-8_Kindergarten | B125: CZ09 | C125: 57.6 | D125: =$C$55*($B$57-C125)*$B$59 -> 48110.098 | E125: =D125*$B$58 -> 28866.059 | F125: =_xlfn.LET(_xlpm.x,_xlfn.XLOOKUP(E125,$C$137:$C$141,$C$137:$C$141,"",1),IF(_xlpm.x="",E125/$B$64,_xlpm.x/$B$64)) -> 6713.037 | G125: =_xlfn.LET(_xlpm.v,MAX(30,$C$55*$B$60),_xlpm.x,_xlfn.XLOOKUP(_xlpm.v,$A$137:$A$141,$A$137:$A$141,"",1),IF(_xlpm.x="",ROUNDUP(_xlpm.v,0),_xlpm.x)) -> 40 | H125: =IF(AND(ISNUMBER(J125),G125>0),J125/(0.0834*G125),NA()) -> 1.309952 | I125: %/hr | J125: 4.37 | K125: Btu/h·°F
A126: HPWH_SkoolK-8_Kindergarten | B126: CZ10 | C126: 57.1 | D126: =$C$55*($B$57-C126)*$B$59 -> 48420.887 | E126: =D126*$B$58 -> 29052.532 | F126: =_xlfn.LET(_xlpm.x,_xlfn.XLOOKUP(E126,$C$137:$C$141,$C$137:$C$141,"",1),IF(_xlpm.x="",E126/$B$64,_xlpm.x/$B$64)) -> 6756.4029 | G126: =_xlfn.LET(_xlpm.v,MAX(30,$C$55*$B$60),_xlpm.x,_xlfn.XLOOKUP(_xlpm.v,$A$137:$A$141,$A$137:$A$141,"",1),IF(_xlpm.x="",ROUNDUP(_xlpm.v,0),_xlpm.x)) -> 40 | H126: =IF(AND(ISNUMBER(J126),G126>0),J126/(0.0834*G126),NA()) -> 1.309952 | I126: %/hr | J126: 4.37 | K126: Btu/h·°F
A127: HPWH_SkoolK-8_Kindergarten | B127: CZ11 | C127: 50.5 | D127: =$C$55*($B$57-C127)*$B$59 -> 52523.299 | E127: =D127*$B$58 -> 31513.979 | F127: =_xlfn.LET(_xlpm.x,_xlfn.XLOOKUP(E127,$C$137:$C$141,$C$137:$C$141,"",1),IF(_xlpm.x="",E127/$B$64,_xlpm.x/$B$64)) -> 7328.8324 | G127: =_xlfn.LET(_xlpm.v,MAX(30,$C$55*$B$60),_xlpm.x,_xlfn.XLOOKUP(_xlpm.v,$A$137:$A$141,$A$137:$A$141,"",1),IF(_xlpm.x="",ROUNDUP(_xlpm.v,0),_xlpm.x)) -> 40 | H127: =IF(AND(ISNUMBER(J127),G127>0),J127/(0.0834*G127),NA()) -> 1.309952 | I127: %/hr | J127: 4.37 | K127: Btu/h·°F
A128: HPWH_SkoolK-8_Kindergarten | B128: CZ12 | C128: 51.4 | D128: =$C$55*($B$57-C128)*$B$59 -> 51963.879 | E128: =D128*$B$58 -> 31178.327 | F128: =_xlfn.LET(_xlpm.x,_xlfn.XLOOKUP(E128,$C$137:$C$141,$C$137:$C$141,"",1),IF(_xlpm.x="",E128/$B$64,_xlpm.x/$B$64)) -> 7250.7738 | G128: =_xlfn.LET(_xlpm.v,MAX(30,$C$55*$B$60),_xlpm.x,_xlfn.XLOOKUP(_xlpm.v,$A$137:$A$141,$A$137:$A$141,"",1),IF(_xlpm.x="",ROUNDUP(_xlpm.v,0),_xlpm.x)) -> 40 | H128: =IF(AND(ISNUMBER(J128),G128>0),J128/(0.0834*G128),NA()) -> 1.309952 | I128: %/hr | J128: 4.37 | K128: Btu/h·°F
A129: HPWH_SkoolK-8_Kindergarten | B129: CZ13 | C129: 51.7 | D129: =$C$55*($B$57-C129)*$B$59 -> 51777.406 | E129: =D129*$B$58 -> 31066.443 | F129: =_xlfn.LET(_xlpm.x,_xlfn.XLOOKUP(E129,$C$137:$C$141,$C$137:$C$141,"",1),IF(_xlpm.x="",E129/$B$64,_xlpm.x/$B$64)) -> 7224.7543 | G129: =_xlfn.LET(_xlpm.v,MAX(30,$C$55*$B$60),_xlpm.x,_xlfn.XLOOKUP(_xlpm.v,$A$137:$A$141,$A$137:$A$141,"",1),IF(_xlpm.x="",ROUNDUP(_xlpm.v,0),_xlpm.x)) -> 40 | H129: =IF(AND(ISNUMBER(J129),G129>0),J129/(0.0834*G129),NA()) -> 1.309952 | I129: %/hr | J129: 4.37 | K129: Btu/h·°F
... A132: HPWH_SkoolK-8_Kindergarten | B132: CZ16 | C132: 41.4 | D132: =$C$55*($B$57-C132)*$B$59 -> 58179.654 | E132: =D132*$B$58 -> 34907.792 | F132: =_xlfn.LET(_xlpm.x,_xlfn.XLOOKUP(E132,$C$137:$C$141,$C$137:$C$141,"",1),IF(_xlpm.x="",E132/$B$64,_xlpm.x/$B$64)) -> 8118.0913 | G132: =_xlfn.LET(_xlpm.v,MAX(30,$C$55*$B$60),_xlpm.x,_xlfn.XLOOKUP(_xlpm.v,$A$137:$A$141,$A$137:$A$141,"",1),IF(_xlpm.x="",ROUNDUP(_xlpm.v,0),_xlpm.x)) -> 40 | H132: =IF(AND(ISNUMBER(J132),G132>0),J132/(0.0834*G132),NA()) -> 1.309952 | I132: %/hr | J132: 4.37 | K132: Btu/h·°F
A135: Market data — integrated HPWH
A136: Catalog tank (gal) | B136: Tank source | C136: Heating output (Btu/h) | D136: Output source | E136: UEF | F136: Notes | H136: =HYPERLINK("#'Notes'!A1","Sources and links → Notes tab") -> Sources and links → Notes tab
A137: 40 | B137: ENERGY STAR | C137: 14000 | D137: ENERGY STAR integrated HPWH | E137: 3.5 | F137: Typical ENERGY STAR integrated HPWH size class
A138: 50 | B138: ENERGY STAR | C138: 16000 | D138: ENERGY STAR integrated HPWH | E138: 3.75 | F138: Typical ENERGY STAR integrated HPWH size class
A139: 66 | B139: ENERGY STAR | C139: 18000 | D139: ENERGY STAR integrated HPWH | E139: 3.7 | F139: Typical ENERGY STAR integrated HPWH size class
A140: 80 | B140: ENERGY STAR | C140: 20000 | D140: ENERGY STAR integrated HPWH | E140: 3.88 | F140: Typical ENERGY STAR integrated HPWH size class
A141: 120 | B141: ENERGY STAR | C141: 25000 | D141: ENERGY STAR integrated HPWH | E141: 3.5 | F141: Typical ENERGY STAR integrated HPWH size class
A143: Background Data [To be deleted prior to publication]

Sheet Interior Lights
A1: ="Interior Lighting - "&Prototype!A2 -> Interior Lighting - SchoolK-8
A2: Space Type | B2: New Construction | E2: Existing
B3: Lighting density (W/ft²) | C3: Additional lighting power for porTable lighting (W/ft²) | D3: Source | E3: LPD (W/ft²) | F3: Additional LPD for PorTable Lighting (W/ft²) | G3: Source
A4: =Zones!C3 -> Lounge, Breakroom, or Waiting Area | B4: 0.55 | C4: 0.25 | D4: T24, 2025, Table 140.6 C (Area category method) | E4: 0.9 | F4: 0.25 | G4: T24, 2016, Table 140.6 C (Area category method)
A5: =Zones!C4 -> Convention, Conference, Multipurpose and Meeting Area | B5: 0.75 | C5: 0.25 | E5: 1.2 | F5: 0.2
A6: =Zones!C5 -> Corridor Area | B6: 0.4 | E6: 0.6
A7: =Zones!C6 -> Electrical, Mechanical, Telephone Rooms | B7: 0.4 | E7: 0.55
A8: =Zones!C8 -> Kitchen/Food Preparation Area | B8: 0.95 | E8: 1.2
A9: =Zones!C9 -> Lobby, Main Entry | B9: 0.7 | C9: 0.25 | E9: 0.95 | F9: 0.2
A10: =Zones!C12 -> Restrooms | B10: 0.65 | E10: 0.6
A11: =Zones!C13 -> Storage (General) | B11: 0.4 | E11: 0.6
A12: =Zones!C14 -> Storage, Commercial/Industrial (Refrigerated) | B12: 0.4 | E12: 0.7
A13: =Zones!C15 -> Theater Area (Performance) | B13: 0.8 | E13: 1.4
A14: =Zones!C16 -> Classroom, Lecture, Training, Vocational Areas | B14: 0.6 | E14: 1.2
A15: =Zones!C22 -> Office Area (<250 square feet) | B15: 0.65 | C15: 0.1 | E15: 1 | F15: 0.1
A16: =Zones!C27 -> Library (Reading Area) | B16: 0.8 | E16: 1.1

Sheet Ext Lighting
A1: ="Exterior Lighting - "&Prototype!A2 -> Exterior Lighting - SchoolK-8
A2: Motion Controlled Luminaires (W) | B2: Non-motion Controlled Luminaires (W) | C2: Total (W) | D2: Source
A3: =G15 -> 1375.1198 | B3: =G16 -> 4697.6744 | C3: =A3+B3 -> 6072.7942 | D3: T24, 2022 & 2025 2019 Outdoor Lighting CASE report PNNL 90.1-2010 TSD
A7: ="Exterior Lighting" -> Exterior Lighting
A8: Items (Assume LZ2) | B8: Assumptions [2019 Outdoor Lighting CASE Report & PNNL 90.1-2010 TS] | D8: Unit | E8: Lighting Power Allowance [T24, 2025, Table 140.7-A & 140.7-B] | F8: Unit | G8: Exterior Lighting Power (W)
A9: IWA (Initial Wattage Allowance) | E9: 200 | F9: (W) | G9: =$E9 -> 200
A10: Parking area | B10: 400 ft² for every parking space 1 parking space per 360 ft² of gross building area | C10: =B28/360*400 -> 55532.622 | D10: (ft²) | E10: 0.019 | F10: (W/ft²) | G10: =E10*C10 -> 1055.1198
A11: Building Entrance | B11: Two required exits per building (4 buildings). Exterior classroom access | C11: 8 | D11: (count) | E11: 15 | F11: (W/ea) | G11: =E11*C11 -> 120
A12: Hardscape Ornamental Light | B12: Hardscape ornamental: 0.1 ft² per 1 ft² GFA, then 25% of that area | C12: =B28*0.1*0.25 -> 1249.484 | D12: (ft²) | E12: 0.007 | F12: (W/ft²) | G12: =E12*C12 -> 8.746388
A13: Building façade | B13: 0.1 W per 1 ft² of facade area Façade Area = Perimeter × 0.25 × max(height, 30) (30 ft is the max height that is lit). The 0.25 factor assumes that only 0.25 of the perimeter walls are lit. Formula developed based on the 2019 Outdoor Lighting CASE report | C13: =0.25*4*(B21*B22+C21*C22+D21*D22+E21*E22) -> 44889.28 | D13: (ft²) | E13: 0.1 | F13: (W/ft²) | G13: =E13*C13 -> 4488.928
A14: Student pickup / drop-off (walkway) | B14: Allowance: walkway LPD on assumed 4,000 ft² loading loop (site program does not list a separate canopy). T24 2025 Table 140.7-B walkways. | G14: 200
A15: Motion Controlled Luminaires (W) | G15: =G10+G9+G11 -> 1375.1198
A16: Non-motion-controlled Luminaires | G16: =G12+G13+G14 -> 4697.6744
A17: Total | G17: =G15+G16 -> 6072.7942
B20: North Classroom | C20: West Classroom | D20: Kindergarten | E20: MPR/Admin
A21: Perimeter of each buildings (ft) | B21: =(235.1+33.5)*2 -> 537.2 | C21: =(129.08+34.2)*2 -> 326.56 | D21: =(192+45)*2 -> 474 | E21: =(195.8+85.56)*2 -> 562.72
A22: Max Height that is lit for each buildings (ft) | B22: 28 | C22: 28 | D22: 14 | E22: 25
A23: Each building footprint | B23: 7876 | C23: 4415 | D23: 8640 | E23: 16754
A24: Floors | B24: 2 | C24: 2 | D24: 1 | E24: 1
A25: Floor area of each building (ft²) | B25: =SUMIF(Zones!$A$3:$A$40,"SkoolK-8 North Classrooms",Zones!$H$3:$H$40) -> 15753.22 | C25: =SUMIF(Zones!$A$3:$A$40,"SkoolK-8 West Classrooms",Zones!$H$3:$H$40) -> 8829.95 | D25: =SUMIF(Zones!$A$3:$A$40,"SkoolK-8 Kindergarten",Zones!$H$3:$H$40) -> 8640.86 | E25: =SUMIF(Zones!$A$3:$A$40,"SkoolK-8 Admin/MPR",Zones!$H$3:$H$40) -> 16755.34
A26: Wall area of each building (ft²) | B26: =B21*B22 -> 15041.6 | C26: =C21*C22 -> 9143.68 | D26: =D21*D22 -> 6636 | E26: =E21*E22 -> 14068
A27: Total Perimeter (ft) | B27: =SUM(B21:E21) -> 1900.48
A28: Total floor area (ft²) | B28: =Prototype!B9 -> 49979.36
A29: Background Data [To be deleted prior to publication]

Sheet Equipment
A1: ="Equipment - "&Prototype!A2 -> Equipment - SchoolK-8
A2: Space Type | B2: Plug load Power Density (W/ft²) | C2: Gas Power Density (Btu/hr-ft²) | D2: Refrigeration Power Density (W/ft²) | E2: Source
A3: =Zones!C3 -> Lounge, Breakroom, or Waiting Area | B3: 1 | C3: 0 | D3: 0 | E3: T24 2022 - Appendix 5.4A
A4: =Zones!C4 -> Convention, Conference, Multipurpose and Meeting Area | B4: 1 | C4: 0 | D4: 0
A5: =Zones!C5 -> Corridor Area | B5: 0 | C5: 0 | D5: 0
A6: =Zones!C6 -> Electrical, Mechanical, Telephone Rooms | B6: 3 | C6: 0 | D6: 0
A7: =Zones!C8 -> Kitchen/Food Preparation Area | B7: 1.5 | C7: 17.53768 | D7: 1.12 | E7: Plug 1.5 W/ft²; gas 17.54 Btu/h-ft²; refrigeration 1.12 W/ft² — all T24 2022 Appendix 5.4A (ACM 2025 table unchanged). Not from the Plug Loads and Schedules project.
A8: =Zones!C9 -> Lobby, Main Entry | B8: 0.5 | C8: 0 | D8: 0 | E8: T24 2022 - Appendix 5.4A
A9: =Zones!C11 -> Office Area (<250 square feet) | B9: 0.7 | C9: 0 | D9: 0 | E9: Plug 0.7 W/ft² — Plug Loads and Schedules project with CEC, 2025 (Appendix 5.4A office ≤250 ft² is 1.5 W/ft²). Gas 0 and refrigeration 0 — Appendix 5.4A has no process gas or commercial refrigeration for this space.
A10: =Zones!C12 -> Restrooms | B10: 0 | C10: 0 | D10: 0 | E10: T24 2022 - Appendix 5.4A
A11: =Zones!C13 -> Storage (General) | B11: 0.2 | C11: 0 | D11: 0
A12: =Zones!C14 -> Storage, Commercial/Industrial (Refrigerated) | B12: 0.2 | C12: 0 | D12: 10
A13: =Zones!C15 -> Theater Area (Performance) | B13: 0.5 | C13: 0 | D13: 0
A14: =Zones!C16 -> Classroom, Lecture, Training, Vocational Areas | B14: 0.8 | C14: 0 | D14: 0 | E14: Plug 0.8 W/ft² — Plug Loads and Schedules project with CEC, 2025 (Appendix 5.4A classroom is 1.0 W/ft²). Gas 0 and refrigeration 0 — Appendix 5.4A has no process gas or commercial refrigeration for this space.
A15: =Zones!C27 -> Library (Reading Area) | B15: 1.5 | C15: 0 | D15: 0
A18: Elevator
A19: Vintage | B19: Class | C19: Number of elevators (ne) | D19: Cab Lighting Power Limit (W/ft2) | E19: Fan Power Limit (W/CFM) | F19: Cab Ventilation Fan & Lighting Shutoff | G19: Design Motor Load (W) | H19: Fan Load (W) | I19: Lighting Load (W) | J19: Total (W) | K19: Note
A20: Existing | B20: F/G | C20: 2 | D20: 1.14 | E20: 0.33 | F20: When stopped and unoccupied with doors closed for over 15 minutes, cab interior lighting and ventilation shall be de-energized until required for operation. | G20: =ROUND(INDEX($C:$C,MATCH("Annual energy consumption of the elevator - Existing",$B:$B,0))/INDEX($C:$C,MATCH("Equivalent full load hours",$B:$B,0))*1000,2) -> 6379.25 | H20: =ROUND(C20*INDEX($C:$C,MATCH("Cab fan airflow",$B:$B,0))*E20,2) -> 165 | I20: =ROUND(C20*INDEX($C:$C,MATCH("Cab floor area",$B:$B,0))*D20,2) -> 68.17 | J20: =ROUND(SUM(G20:I20),2) -> 6612.42 | K20: Design load is calculated according to ISO 25745-2 method using Class F/G. Cab lighting and fan requirements are based on ASHRAE 90.1 2013.
A21: New Construction | B21: E | C21: 2 | D21: 0.6 | E21: 0.33 | F21: When the elevator cab is stopped and unoccupied with doors closed for over 15 minutes, the cab interior lighting and ventilation fans shall be switched off until elevator cab operation resumes. | G21: =ROUND(INDEX($C:$C,MATCH("Annual energy consumption of the elevator - New Construction",$B:$B,0))/INDEX($C:$C,MATCH("Equivalent full load hours",$B:$B,0))*1000,2) -> 3329.02 | H21: =ROUND(C21*INDEX($C:$C,MATCH("Cab fan airflow",$B:$B,0))*E21,2) -> 165 | I21: =ROUND(C21*INDEX($C:$C,MATCH("Cab floor area",$B:$B,0))*D21,2) -> 35.88 | J21: =ROUND(SUM(G21:I21),2) -> 3529.9 | K21: Design load is calculated according to ISO 25745-2 method using Class E. Cab lighting and fan requirements are based on T24 2025 §120.6 (f).
A22: Elevator count (C20:C21 = 2) is one elevator per two-story classroom building from the CEC SchoolKto8 layout. It is not taken from an accessibility code or an external school-design publication. F19 is the cab lighting/ventilation shutoff requirement, not a count source.
A24: SchoolK8 Elevator Calculations
A25: Symbol | B25: Definition | C25: Value | D25: Units | E25: Source
A26: E | B26: Annual energy consumption of the elevator - Existing | C26: 31634.71 | D26: kWh/year | E26: Calculated
B27: Annual energy consumption of the elevator - New Construction | C27: 16508.63 | D27: kWh/year | E27: Calculated
A28: C1 | B28: Running-energy coefficient | C28: 3.65 for Class E; 5.47 for Class F | D28: Coefficient | E28: ISO 25745-2 Table 7
A29: C2 | B29: Idle/standby coefficient | C29: 800 for Class E; 1,600 for Class F | D29: Coefficient | E29: ISO 25745-2 Table 7
A30: Q | B30: Rated load of elevator | C30: 1361 | D30: kg | E30: Assumed for all prototypes
A31: Elevator Size | B31: Cab floor area | C31: 29.9 | D31: ft^2 | E31: W=6.781 ft, L=4.406 ft; assumed based on representative manufacturer
A32: CFM | B32: Cab fan airflow | C32: 250 | D32: cfm | E32: Assumed for multifamily and commercial prototypes
A33: cat | B33: Usage category | C33: 2 | D33: - | E33: ISO 25745-2 Table A.1
A34: d | B34: Operating days per year | C34: 260 | D34: days/year | E34: ISO 25745-2 Table A.1
A35: nf | B35: Number of floors | C35: 2 | D35: floors | E35: Prototype assumptions
A36: h | B36: Floor-to-floor height | C36: 4.27 | D36: m | E36: Prototype assumptions
A37: v | B37: Elevator lift speed | C37: 1 | D37: m/s | E37: ISO 25745-2 Table A.1
A38: nd | B38: Number of trips per day | C38: 125 | D38: trips/day | E38: ISO 25745-2 Table A.1
A39: S_pct | B39: Percent of average travel distance | C39: 1 | D39: % | E39: ISO 25745-2 Table 2
A40: a | B40: Acceleration | C40: 1 | D40: m/s^2 | E40: Annex B of ISO 25745-2
A41: j | B41: Jerk | C41: 1.25 | D41: m/s^3 | E41: Annex B of ISO 25745-2
... A47: Total light level | B47: Total light level | C47: 40 | D47: lm/ft2 | E47: PNNL Prototypes
A48: EFLH | B48: Equivalent full load hours | C48: =Schedules!AD100 -> 4959 | D48: hours | E48: Calculated using the elevator schedule

Sheet Schedules
A1: Schedules - SchoolLarge
A2: Zone | B2: Schedule Category | C2: Schedule | D2: Source | E2: Type | F2: Hour
F3: 1 | G3: 2 | H3: 3 | I3: 4 | J3: 5 | K3: 6 | L3: 7 | M3: 8 | N3: 9 | O3: 10 | P3: 11 | Q3: 12 | R3: 13 | S3: 14 | T3: 15 | U3: 16 | V3: 17 | W3: 18 | X3: 19 | Y3: 20 | Z3: 21 | AA3: 22 | AB3: 23 | AC3: 24
A4: School Zones | B4: Classroom | C4: Occupancy | D4: T24 2022 - Appendix 5.4B [School] | E4: Weekday | F4: 0 | G4: 0 | H4: 0 | I4: 0 | J4: 0 | K4: 0 | L4: 0 | M4: 0.05 | N4: 0.75 | O4: 0.9 | P4: 0.9 | Q4: 0.8 | R4: 0.8 | S4: 0.8 | T4: 0.8 | U4: 0.45 | V4: 0.15 | W4: 0.05 | X4: 0.15 | Y4: 0.2 | Z4: 0.2 | AA4: 0.1 | AB4: 0 | AC4: 0
E5: Saturday | F5: 0 | G5: 0 | H5: 0 | I5: 0 | J5: 0 | K5: 0 | L5: 0 | M5: 0 | N5: 0.1 | O5: 0.1 | P5: 0.1 | Q5: 0.1 | R5: 0.1 | S5: 0 | T5: 0 | U5: 0 | V5: 0 | W5: 0 | X5: 0 | Y5: 0 | Z5: 0 | AA5: 0 | AB5: 0 | AC5: 0
E6: Sunday | F6: 0 | G6: 0 | H6: 0 | I6: 0 | J6: 0 | K6: 0 | L6: 0 | M6: 0 | N6: 0 | O6: 0 | P6: 0 | Q6: 0 | R6: 0 | S6: 0 | T6: 0 | U6: 0 | V6: 0 | W6: 0 | X6: 0 | Y6: 0 | Z6: 0 | AA6: 0 | AB6: 0 | AC6: 0
A7: School Zones | B7: Classroom | C7: Lights | D7: T24 2022 - Appendix 5.4B [School] | E7: Weekday | F7: 0.05 | G7: 0.05 | H7: 0.05 | I7: 0.05 | J7: 0.05 | K7: 0.05 | L7: 0.05 | M7: 0.3 | N7: 0.6 | O7: 0.65 | P7: 0.65 | Q7: 0.65 | R7: 0.55 | S7: 0.55 | T7: 0.55 | U7: 0.5 | V7: 0.35 | W7: 0.35 | X7: 0.35 | Y7: 0.35 | Z7: 0.35 | AA7: 0.3 | AB7: 0.05 | AC7: 0.05
E8: Saturday | F8: 0.05 | G8: 0.05 | H8: 0.05 | I8: 0.05 | J8: 0.05 | K8: 0.05 | L8: 0.05 | M8: 0.05 | N8: 0.15 | O8: 0.15 | P8: 0.15 | Q8: 0.15 | R8: 0.15 | S8: 0.05 | T8: 0.05 | U8: 0.05 | V8: 0.05 | W8: 0.05 | X8: 0.05 | Y8: 0.05 | Z8: 0.05 | AA8: 0.05 | AB8: 0.05 | AC8: 0.05
E9: Sunday | F9: 0.05 | G9: 0.05 | H9: 0.05 | I9: 0.05 | J9: 0.05 | K9: 0.05 | L9: 0.05 | M9: 0.05 | N9: 0.05 | O9: 0.05 | P9: 0.05 | Q9: 0.05 | R9: 0.05 | S9: 0.05 | T9: 0.05 | U9: 0.05 | V9: 0.05 | W9: 0.05 | X9: 0.05 | Y9: 0.05 | Z9: 0.05 | AA9: 0.05 | AB9: 0.05 | AC9: 0.05
A10: School Zones | B10: Classroom | C10: ElecEquipment | D10: T24 2022 - Appendix 5.4B [School] | E10: Weekday | F10: 0.05 | G10: 0.05 | H10: 0.05 | I10: 0.05 | J10: 0.05 | K10: 0.05 | L10: 0.05 | M10: 0.3 | N10: 0.85 | O10: 0.95 | P10: 0.95 | Q10: 0.95 | R10: 0.8 | S10: 0.8 | T10: 0.8 | U10: 0.7 | V10: 0.5 | W10: 0.5 | X10: 0.35 | Y10: 0.35 | Z10: 0.35 | AA10: 0.3 | AB10: 0.05 | AC10: 0.05
E11: Saturday | F11: 0.05 | G11: 0.05 | H11: 0.05 | I11: 0.05 | J11: 0.05 | K11: 0.05 | L11: 0.05 | M11: 0.05 | N11: 0.15 | O11: 0.15 | P11: 0.15 | Q11: 0.15 | R11: 0.15 | S11: 0.05 | T11: 0.05 | U11: 0.05 | V11: 0.05 | W11: 0.05 | X11: 0.05 | Y11: 0.05 | Z11: 0.05 | AA11: 0.05 | AB11: 0.05 | AC11: 0.05
E12: Sunday | F12: 0.05 | G12: 0.05 | H12: 0.05 | I12: 0.05 | J12: 0.05 | K12: 0.05 | L12: 0.05 | M12: 0.05 | N12: 0.05 | O12: 0.05 | P12: 0.05 | Q12: 0.05 | R12: 0.05 | S12: 0.05 | T12: 0.05 | U12: 0.05 | V12: 0.05 | W12: 0.05 | X12: 0.05 | Y12: 0.05 | Z12: 0.05 | AA12: 0.05 | AB12: 0.05 | AC12: 0.05
A13: School Zones | B13: Classroom | C13: ServiceHotWater | D13: T24 2022 - Appendix 5.4B [School] | E13: Weekday | F13: 0.05 | G13: 0.05 | H13: 0.05 | I13: 0.05 | J13: 0.05 | K13: 0.05 | L13: 0.05 | M13: 0.1 | N13: 0.34 | O13: 0.6 | P13: 0.63 | Q13: 0.72 | R13: 0.79 | S13: 0.83 | T13: 0.61 | U13: 0.65 | V13: 0.1 | W13: 0.1 | X13: 0.19 | Y13: 0.25 | Z13: 0.22 | AA13: 0.22 | AB13: 0.12 | AC13: 0.09
E14: Saturday | F14: 0.03 | G14: 0.03 | H14: 0.03 | I14: 0.03 | J14: 0.03 | K14: 0.03 | L14: 0.03 | M14: 0.03 | N14: 0.03 | O14: 0.05 | P14: 0.05 | Q14: 0.05 | R14: 0.05 | S14: 0.03 | T14: 0.03 | U14: 0.03 | V14: 0.03 | W14: 0.03 | X14: 0.03 | Y14: 0.03 | Z14: 0.03 | AA14: 0.03 | AB14: 0.03 | AC14: 0.03
E15: Sunday | F15: 0.03 | G15: 0.03 | H15: 0.03 | I15: 0.03 | J15: 0.03 | K15: 0.03 | L15: 0.03 | M15: 0.03 | N15: 0.05 | O15: 0.05 | P15: 0.05 | Q15: 0.05 | R15: 0.05 | S15: 0.05 | T15: 0.03 | U15: 0.03 | V15: 0.03 | W15: 0.03 | X15: 0.03 | Y15: 0.03 | Z15: 0.03 | AA15: 0.03 | AB15: 0.03 | AC15: 0.03
A16: School Zones | B16: Classroom | C16: GasEquipment | D16: T24 2022 - Appendix 5.4B [School] | E16: Weekday | F16: 0 | G16: 0 | H16: 0 | I16: 0 | J16: 0 | K16: 0 | L16: 0 | M16: 0.5 | N16: 0.5 | O16: 0.75 | P16: 0.9 | Q16: 0.9 | R16: 0.9 | S16: 0 | T16: 0 | U16: 0 | V16: 0 | W16: 0 | X16: 0 | Y16: 0 | Z16: 0 | AA16: 0 | AB16: 0 | AC16: 0
E17: Saturday | F17: 0 | G17: 0 | H17: 0 | I17: 0 | J17: 0 | K17: 0 | L17: 0 | M17: 0 | N17: 0 | O17: 0 | P17: 0 | Q17: 0 | R17: 0 | S17: 0 | T17: 0 | U17: 0 | V17: 0 | W17: 0 | X17: 0 | Y17: 0 | Z17: 0 | AA17: 0 | AB17: 0 | AC17: 0
E18: Sunday | F18: 0 | G18: 0 | H18: 0 | I18: 0 | J18: 0 | K18: 0 | L18: 0 | M18: 0 | N18: 0 | O18: 0 | P18: 0 | Q18: 0 | R18: 0 | S18: 0 | T18: 0 | U18: 0 | V18: 0 | W18: 0 | X18: 0 | Y18: 0 | Z18: 0 | AA18: 0 | AB18: 0 | AC18: 0
A19: School Zones | B19: Classroom | C19: Refrigeration | D19: T24 2022 - Appendix 5.4B [School] | E19: Weekday | F19: 0.9 | G19: 0.9 | H19: 0.9 | I19: 0.9 | J19: 0.9 | K19: 0.9 | L19: 0.9 | M19: 0.9 | N19: 0.9 | O19: 0.9 | P19: 0.9 | Q19: 0.9 | R19: 0.9 | S19: 0.9 | T19: 0.9 | U19: 0.9 | V19: 0.9 | W19: 0.9 | X19: 0.9 | Y19: 0.9 | Z19: 0.9 | AA19: 0.9 | AB19: 0.9 | AC19: 0.9
E20: Saturday | F20: 0.9 | G20: 0.9 | H20: 0.9 | I20: 0.9 | J20: 0.9 | K20: 0.9 | L20: 0.9 | M20: 0.9 | N20: 0.9 | O20: 0.9 | P20: 0.9 | Q20: 0.9 | R20: 0.9 | S20: 0.9 | T20: 0.9 | U20: 0.9 | V20: 0.9 | W20: 0.9 | X20: 0.9 | Y20: 0.9 | Z20: 0.9 | AA20: 0.9 | AB20: 0.9 | AC20: 0.9
E21: Sunday | F21: 0.9 | G21: 0.9 | H21: 0.9 | I21: 0.9 | J21: 0.9 | K21: 0.9 | L21: 0.9 | M21: 0.9 | N21: 0.9 | O21: 0.9 | P21: 0.9 | Q21: 0.9 | R21: 0.9 | S21: 0.9 | T21: 0.9 | U21: 0.9 | V21: 0.9 | W21: 0.9 | X21: 0.9 | Y21: 0.9 | Z21: 0.9 | AA21: 0.9 | AB21: 0.9 | AC21: 0.9
A22: School Zones | B22: Classroom | C22: HVACAvail | D22: T24 2022 - Appendix 5.4B [School] | E22: Weekday | F22: 0 | G22: 0 | H22: 0 | I22: 0 | J22: 0 | K22: 0 | L22: 1 | M22: 1 | N22: 1 | O22: 1 | P22: 1 | Q22: 1 | R22: 1 | S22: 1 | T22: 1 | U22: 1 | V22: 1 | W22: 1 | X22: 1 | Y22: 1 | Z22: 1 | AA22: 1 | AB22: 0 | AC22: 0
E23: Saturday | F23: 0 | G23: 0 | H23: 0 | I23: 0 | J23: 0 | K23: 0 | L23: 0 | M23: 0 | N23: 0 | O23: 0 | P23: 0 | Q23: 0 | R23: 0 | S23: 0 | T23: 0 | U23: 0 | V23: 0 | W23: 0 | X23: 0 | Y23: 0 | Z23: 0 | AA23: 0 | AB23: 0 | AC23: 0
E24: Sunday | F24: 0 | G24: 0 | H24: 0 | I24: 0 | J24: 0 | K24: 0 | L24: 0 | M24: 0 | N24: 0 | O24: 0 | P24: 0 | Q24: 0 | R24: 0 | S24: 0 | T24: 0 | U24: 0 | V24: 0 | W24: 0 | X24: 0 | Y24: 0 | Z24: 0 | AA24: 0 | AB24: 0 | AC24: 0
A25: School Zones | B25: Classroom | C25: HtgSetpt | D25: T24 2022 - Appendix 5.4B Updated based on the Plug Loads project | E25: Weekday | F25: =IF(F22=0,Thermostat!$B$4,Thermostat!$B$3) -> 60 | G25: =IF(G22=0,Thermostat!$B$4,Thermostat!$B$3) -> 60 | H25: =IF(H22=0,Thermostat!$B$4,Thermostat!$B$3) -> 60 | I25: =IF(I22=0,Thermostat!$B$4,Thermostat!$B$3) -> 60 | J25: =IF(J22=0,Thermostat!$B$4,Thermostat!$B$3) -> 60 | K25: =IF(K22=0,Thermostat!$B$4,Thermostat!$B$3) -> 60 | L25: =IF(L22=0,Thermostat!$B$4,Thermostat!$B$3) -> 70 | M25: =IF(M22=0,Thermostat!$B$4,Thermostat!$B$3) -> 70 | ... AC25: =IF(AC22=0,Thermostat!$B$4,Thermostat!$B$3) -> 60
E26: Saturday | F26: =IF(F23=0,Thermostat!$B$4,Thermostat!$B$3) -> 60 | G26: =IF(G23=0,Thermostat!$B$4,Thermostat!$B$3) -> 60 | H26: =IF(H23=0,Thermostat!$B$4,Thermostat!$B$3) -> 60 | I26: =IF(I23=0,Thermostat!$B$4,Thermostat!$B$3) -> 60 | J26: =IF(J23=0,Thermostat!$B$4,Thermostat!$B$3) -> 60 | K26: =IF(K23=0,Thermostat!$B$4,Thermostat!$B$3) -> 60 | L26: =IF(L23=0,Thermostat!$B$4,Thermostat!$B$3) -> 60 | M26: =IF(M23=0,Thermostat!$B$4,Thermostat!$B$3) -> 60 | ... AC26: =IF(AC23=0,Thermostat!$B$4,Thermostat!$B$3) -> 60
E27: Sunday | F27: =IF(F24=0,Thermostat!$B$4,Thermostat!$B$3) -> 60 | G27: =IF(G24=0,Thermostat!$B$4,Thermostat!$B$3) -> 60 | H27: =IF(H24=0,Thermostat!$B$4,Thermostat!$B$3) -> 60 | I27: =IF(I24=0,Thermostat!$B$4,Thermostat!$B$3) -> 60 | J27: =IF(J24=0,Thermostat!$B$4,Thermostat!$B$3) -> 60 | K27: =IF(K24=0,Thermostat!$B$4,Thermostat!$B$3) -> 60 | L27: =IF(L24=0,Thermostat!$B$4,Thermostat!$B$3) -> 60 | M27: =IF(M24=0,Thermostat!$B$4,Thermostat!$B$3) -> 60 | ... AC27: =IF(AC24=0,Thermostat!$B$4,Thermostat!$B$3) -> 60
A28: School Zones | B28: Classroom | C28: ClgSetpt | D28: T24 2022 - Appendix 5.4B Updated based on the Plug Loads project | E28: Weekday | F28: =IF(F22=0,Thermostat!$B$6,Thermostat!$B$5) -> 85 | G28: =IF(G22=0,Thermostat!$B$6,Thermostat!$B$5) -> 85 | H28: =IF(H22=0,Thermostat!$B$6,Thermostat!$B$5) -> 85 | I28: =IF(I22=0,Thermostat!$B$6,Thermostat!$B$5) -> 85 | J28: =IF(J22=0,Thermostat!$B$6,Thermostat!$B$5) -> 85 | K28: =IF(K22=0,Thermostat!$B$6,Thermostat!$B$5) -> 85 | L28: =IF(L22=0,Thermostat!$B$6,Thermostat!$B$5) -> 75 | M28: =IF(M22=0,Thermostat!$B$6,Thermostat!$B$5) -> 75 | ... AC28: =IF(AC22=0,Thermostat!$B$6,Thermostat!$B$5) -> 85
E29: Saturday | F29: =IF(F23=0,Thermostat!$B$6,Thermostat!$B$5) -> 85 | G29: =IF(G23=0,Thermostat!$B$6,Thermostat!$B$5) -> 85 | H29: =IF(H23=0,Thermostat!$B$6,Thermostat!$B$5) -> 85 | I29: =IF(I23=0,Thermostat!$B$6,Thermostat!$B$5) -> 85 | J29: =IF(J23=0,Thermostat!$B$6,Thermostat!$B$5) -> 85 | K29: =IF(K23=0,Thermostat!$B$6,Thermostat!$B$5) -> 85 | L29: =IF(L23=0,Thermostat!$B$6,Thermostat!$B$5) -> 85 | M29: =IF(M23=0,Thermostat!$B$6,Thermostat!$B$5) -> 85 | ... AC29: =IF(AC23=0,Thermostat!$B$6,Thermostat!$B$5) -> 85
E30: Sunday | F30: =IF(F24=0,Thermostat!$B$6,Thermostat!$B$5) -> 85 | G30: =IF(G24=0,Thermostat!$B$6,Thermostat!$B$5) -> 85 | H30: =IF(H24=0,Thermostat!$B$6,Thermostat!$B$5) -> 85 | I30: =IF(I24=0,Thermostat!$B$6,Thermostat!$B$5) -> 85 | J30: =IF(J24=0,Thermostat!$B$6,Thermostat!$B$5) -> 85 | K30: =IF(K24=0,Thermostat!$B$6,Thermostat!$B$5) -> 85 | L30: =IF(L24=0,Thermostat!$B$6,Thermostat!$B$5) -> 85 | M30: =IF(M24=0,Thermostat!$B$6,Thermostat!$B$5) -> 85 | ... AC30: =IF(AC24=0,Thermostat!$B$6,Thermostat!$B$5) -> 85
A31: School Zones | B31: Classroom | C31: Infiltration | D31: T24 2022 - Appendix 5.4B Updated based on the Plug Loads project | E31: Weekday | F31: 1 | G31: 1 | H31: 1 | I31: 1 | J31: 1 | K31: 1 | L31: 1 | M31: 0.25 | N31: 0.25 | O31: 0.25 | P31: 0.25 | Q31: 0.25 | R31: 0.25 | S31: 0.25 | T31: 0.25 | U31: 0.25 | V31: 1 | W31: 1 | X31: 1 | Y31: 1 | Z31: 1 | AA31: 1 | AB31: 1 | AC31: 1
E32: Saturday | F32: 1 | G32: 1 | H32: 1 | I32: 1 | J32: 1 | K32: 1 | L32: 1 | M32: 1 | N32: 1 | O32: 1 | P32: 1 | Q32: 1 | R32: 1 | S32: 1 | T32: 1 | U32: 1 | V32: 1 | W32: 1 | X32: 1 | Y32: 1 | Z32: 1 | AA32: 1 | AB32: 1 | AC32: 1
E33: Sunday | F33: 1 | G33: 1 | H33: 1 | I33: 1 | J33: 1 | K33: 1 | L33: 1 | M33: 1 | N33: 1 | O33: 1 | P33: 1 | Q33: 1 | R33: 1 | S33: 1 | T33: 1 | U33: 1 | V33: 1 | W33: 1 | X33: 1 | Y33: 1 | Z33: 1 | AA33: 1 | AB33: 1 | AC33: 1
A34: Kitchen | C34: Other
A35: Kitchen Zone | B35: Kitchen | C35: Occupancy | D35: T24 2022 - Appendix 5.4B Updated based on the Plug Loads project | E35: Weekday | F35: 0 | G35: 0 | H35: 0 | I35: 0 | J35: 0 | K35: 0.1 | L35: 0.5 | M35: 0.95 | N35: 0.95 | O35: 0.95 | P35: 0.95 | Q35: 0.95 | R35: 0.95 | S35: 0.95 | T35: 0.5 | U35: 0 | V35: 0 | W35: 0 | X35: 0 | Y35: 0 | Z35: 0 | AA35: 0 | AB35: 0 | AC35: 0
E36: Saturday | F36: 0 | G36: 0 | H36: 0 | I36: 0 | J36: 0 | K36: 0 | L36: 0 | M36: 0 | N36: 0 | O36: 0 | P36: 0 | Q36: 0 | R36: 0 | S36: 0 | T36: 0 | U36: 0 | V36: 0 | W36: 0 | X36: 0 | Y36: 0 | Z36: 0 | AA36: 0 | AB36: 0 | AC36: 0
E37: Sunday | F37: 0 | G37: 0 | H37: 0 | I37: 0 | J37: 0 | K37: 0 | L37: 0 | M37: 0 | N37: 0 | O37: 0 | P37: 0 | Q37: 0 | R37: 0 | S37: 0 | T37: 0 | U37: 0 | V37: 0 | W37: 0 | X37: 0 | Y37: 0 | Z37: 0 | AA37: 0 | AB37: 0 | AC37: 0
A38: Kitchen Zone | B38: Kitchen | C38: HVACAvail | D38: T24 2022 - Appendix 5.4B Updated based on the Plug Loads project | E38: Weekday | F38: 0 | G38: 0 | H38: 0 | I38: 0 | J38: 0 | K38: 1 | L38: 1 | M38: 1 | N38: 1 | O38: 1 | P38: 1 | Q38: 1 | R38: 1 | S38: 1 | T38: 1 | U38: 0 | V38: 0 | W38: 0 | X38: 0 | Y38: 0 | Z38: 0 | AA38: 0 | AB38: 0 | AC38: 0
E39: Saturday | F39: 0 | G39: 0 | H39: 0 | I39: 0 | J39: 0 | K39: 0 | L39: 0 | M39: 0 | N39: 0 | O39: 0 | P39: 0 | Q39: 0 | R39: 0 | S39: 0 | T39: 0 | U39: 0 | V39: 0 | W39: 0 | X39: 0 | Y39: 0 | Z39: 0 | AA39: 0 | AB39: 0 | AC39: 0
E40: Sunday | F40: 0 | G40: 0 | H40: 0 | I40: 0 | J40: 0 | K40: 0 | L40: 0 | M40: 0 | N40: 0 | O40: 0 | P40: 0 | Q40: 0 | R40: 0 | S40: 0 | T40: 0 | U40: 0 | V40: 0 | W40: 0 | X40: 0 | Y40: 0 | Z40: 0 | AA40: 0 | AB40: 0 | AC40: 0
A41: Kitchen Zone | B41: Kitchen | C41: Lights | D41: T24 2022 - Appendix 5.4B Updated based on the Plug Loads project | E41: Weekday | F41: 0 | G41: 0 | H41: 0 | I41: 0 | J41: 0 | K41: 1 | L41: 1 | M41: 1 | N41: 1 | O41: 1 | P41: 1 | Q41: 1 | R41: 1 | S41: 1 | T41: 1 | U41: 0 | V41: 0 | W41: 0 | X41: 0 | Y41: 0 | Z41: 0 | AA41: 0 | AB41: 0 | AC41: 0
E42: Saturday | F42: 0 | G42: 0 | H42: 0 | I42: 0 | J42: 0 | K42: 0 | L42: 0 | M42: 0 | N42: 0 | O42: 0 | P42: 0 | Q42: 0 | R42: 0 | S42: 0 | T42: 0 | U42: 0 | V42: 0 | W42: 0 | X42: 0 | Y42: 0 | Z42: 0 | AA42: 0 | AB42: 0 | AC42: 0
E43: Sunday | F43: 0 | G43: 0 | H43: 0 | I43: 0 | J43: 0 | K43: 0 | L43: 0 | M43: 0 | N43: 0 | O43: 0 | P43: 0 | Q43: 0 | R43: 0 | S43: 0 | T43: 0 | U43: 0 | V43: 0 | W43: 0 | X43: 0 | Y43: 0 | Z43: 0 | AA43: 0 | AB43: 0 | AC43: 0
A44: Kitchen Zone | B44: Kitchen | C44: ElecEquipment | D44: T24 2022 - Appendix 5.4B Updated based on the Plug Loads project | E44: Weekday | F44: 0.15 | G44: 0.15 | H44: 0.15 | I44: 0.15 | J44: 0.15 | K44: 0.2 | L44: 0.3 | M44: 0.9 | N44: 0.9 | O44: 0.8 | P44: 0.8 | Q44: 0.8 | R44: 0.9 | S44: 0.9 | T44: 0.9 | U44: 0.7 | V44: 0.2 | W44: 0.15 | X44: 0.15 | Y44: 0.15 | Z44: 0.15 | AA44: 0.15 | AB44: 0.15 | AC44: 0.15
E45: Saturday | F45: 0 | G45: 0 | H45: 0 | I45: 0 | J45: 0 | K45: 0 | L45: 0 | M45: 0 | N45: 0 | O45: 0 | P45: 0 | Q45: 0 | R45: 0 | S45: 0 | T45: 0 | U45: 0 | V45: 0 | W45: 0 | X45: 0 | Y45: 0 | Z45: 0 | AA45: 0 | AB45: 0 | AC45: 0
E46: Sunday | F46: 0 | G46: 0 | H46: 0 | I46: 0 | J46: 0 | K46: 0 | L46: 0 | M46: 0 | N46: 0 | O46: 0 | P46: 0 | Q46: 0 | R46: 0 | S46: 0 | T46: 0 | U46: 0 | V46: 0 | W46: 0 | X46: 0 | Y46: 0 | Z46: 0 | AA46: 0 | AB46: 0 | AC46: 0
A47: Kitchen Zone | B47: Kitchen | C47: HtgSetpt | D47: T24 2022 - Appendix 5.4B (school kitchen occupied 70/75; not commercial restaurant 66–79) | E47: Weekday | F47: =IF(F38=0,Thermostat!$B$8,Thermostat!$B$7) -> 60 | G47: =IF(G38=0,Thermostat!$B$8,Thermostat!$B$7) -> 60 | H47: =IF(H38=0,Thermostat!$B$8,Thermostat!$B$7) -> 60 | I47: =IF(I38=0,Thermostat!$B$8,Thermostat!$B$7) -> 60 | J47: =IF(J38=0,Thermostat!$B$8,Thermostat!$B$7) -> 60 | K47: =IF(K38=0,Thermostat!$B$8,Thermostat!$B$7) -> 70 | L47: =IF(L38=0,Thermostat!$B$8,Thermostat!$B$7) -> 70 | M47: =IF(M38=0,Thermostat!$B$8,Thermostat!$B$7) -> 70 | ... AC47: =IF(AC38=0,Thermostat!$B$8,Thermostat!$B$7) -> 60
E48: Saturday | F48: =IF(F39=0,Thermostat!$B$8,Thermostat!$B$7) -> 60 | G48: =IF(G39=0,Thermostat!$B$8,Thermostat!$B$7) -> 60 | H48: =IF(H39=0,Thermostat!$B$8,Thermostat!$B$7) -> 60 | I48: =IF(I39=0,Thermostat!$B$8,Thermostat!$B$7) -> 60 | J48: =IF(J39=0,Thermostat!$B$8,Thermostat!$B$7) -> 60 | K48: =IF(K39=0,Thermostat!$B$8,Thermostat!$B$7) -> 60 | L48: =IF(L39=0,Thermostat!$B$8,Thermostat!$B$7) -> 60 | M48: =IF(M39=0,Thermostat!$B$8,Thermostat!$B$7) -> 60 | ... AC48: =IF(AC39=0,Thermostat!$B$8,Thermostat!$B$7) -> 60
E49: Sunday | F49: =IF(F40=0,Thermostat!$B$8,Thermostat!$B$7) -> 60 | G49: =IF(G40=0,Thermostat!$B$8,Thermostat!$B$7) -> 60 | H49: =IF(H40=0,Thermostat!$B$8,Thermostat!$B$7) -> 60 | I49: =IF(I40=0,Thermostat!$B$8,Thermostat!$B$7) -> 60 | J49: =IF(J40=0,Thermostat!$B$8,Thermostat!$B$7) -> 60 | K49: =IF(K40=0,Thermostat!$B$8,Thermostat!$B$7) -> 60 | L49: =IF(L40=0,Thermostat!$B$8,Thermostat!$B$7) -> 60 | M49: =IF(M40=0,Thermostat!$B$8,Thermostat!$B$7) -> 60 | ... AC49: =IF(AC40=0,Thermostat!$B$8,Thermostat!$B$7) -> 60
A50: Kitchen Zone | B50: Kitchen | C50: ClgSetpt | D50: T24 2022 - Appendix 5.4B (school kitchen occupied 70/75; not commercial restaurant 66–79) | E50: Weekday | F50: =IF(F38=0,Thermostat!$B$10,Thermostat!$B$9) -> 85 | G50: =IF(G38=0,Thermostat!$B$10,Thermostat!$B$9) -> 85 | H50: =IF(H38=0,Thermostat!$B$10,Thermostat!$B$9) -> 85 | I50: =IF(I38=0,Thermostat!$B$10,Thermostat!$B$9) -> 85 | J50: =IF(J38=0,Thermostat!$B$10,Thermostat!$B$9) -> 85 | K50: =IF(K38=0,Thermostat!$B$10,Thermostat!$B$9) -> 75 | L50: =IF(L38=0,Thermostat!$B$10,Thermostat!$B$9) -> 75 | M50: =IF(M38=0,Thermostat!$B$10,Thermostat!$B$9) -> 75 | ... AC50: =IF(AC38=0,Thermostat!$B$10,Thermostat!$B$9) -> 85
E51: Saturday | F51: =IF(F39=0,Thermostat!$B$10,Thermostat!$B$9) -> 85 | G51: =IF(G39=0,Thermostat!$B$10,Thermostat!$B$9) -> 85 | H51: =IF(H39=0,Thermostat!$B$10,Thermostat!$B$9) -> 85 | I51: =IF(I39=0,Thermostat!$B$10,Thermostat!$B$9) -> 85 | J51: =IF(J39=0,Thermostat!$B$10,Thermostat!$B$9) -> 85 | K51: =IF(K39=0,Thermostat!$B$10,Thermostat!$B$9) -> 85 | L51: =IF(L39=0,Thermostat!$B$10,Thermostat!$B$9) -> 85 | M51: =IF(M39=0,Thermostat!$B$10,Thermostat!$B$9) -> 85 | ... AC51: =IF(AC39=0,Thermostat!$B$10,Thermostat!$B$9) -> 85
E52: Sunday | F52: =IF(F40=0,Thermostat!$B$10,Thermostat!$B$9) -> 85 | G52: =IF(G40=0,Thermostat!$B$10,Thermostat!$B$9) -> 85 | H52: =IF(H40=0,Thermostat!$B$10,Thermostat!$B$9) -> 85 | I52: =IF(I40=0,Thermostat!$B$10,Thermostat!$B$9) -> 85 | J52: =IF(J40=0,Thermostat!$B$10,Thermostat!$B$9) -> 85 | K52: =IF(K40=0,Thermostat!$B$10,Thermostat!$B$9) -> 85 | L52: =IF(L40=0,Thermostat!$B$10,Thermostat!$B$9) -> 85 | M52: =IF(M40=0,Thermostat!$B$10,Thermostat!$B$9) -> 85 | ... AC52: =IF(AC40=0,Thermostat!$B$10,Thermostat!$B$9) -> 85
A53: Kitchen Zone | B53: Kitchen | C53: OAControl | D53: T24 2022 - Appendix 5.4B Updated based on the Plug Loads project | E53: Weekday | F53: 0 | G53: 0 | H53: 0 | I53: 0 | J53: 0 | K53: 1 | L53: 1 | M53: 1 | N53: 1 | O53: 1 | P53: 1 | Q53: 1 | R53: 1 | S53: 1 | T53: 1 | U53: 0 | V53: 0 | W53: 0 | X53: 0 | Y53: 0 | Z53: 0 | AA53: 0 | AB53: 0 | AC53: 0
E54: Saturday | F54: 0 | G54: 0 | H54: 0 | I54: 0 | J54: 0 | K54: 0 | L54: 0 | M54: 0 | N54: 0 | O54: 0 | P54: 0 | Q54: 0 | R54: 0 | S54: 0 | T54: 0 | U54: 0 | V54: 0 | W54: 0 | X54: 0 | Y54: 0 | Z54: 0 | AA54: 0 | AB54: 0 | AC54: 0
E55: Sunday | F55: 0 | G55: 0 | H55: 0 | I55: 0 | J55: 0 | K55: 0 | L55: 0 | M55: 0 | N55: 0 | O55: 0 | P55: 0 | Q55: 0 | R55: 0 | S55: 0 | T55: 0 | U55: 0 | V55: 0 | W55: 0 | X55: 0 | Y55: 0 | Z55: 0 | AA55: 0 | AB55: 0 | AC55: 0
A56: Kitchen Zone | B56: Kitchen | C56: Infiltration | D56: T24 2022 - Appendix 5.4B Updated based on the Plug Loads project | E56: Weekday | F56: 1 | G56: 1 | H56: 1 | I56: 1 | J56: 1 | K56: 0.25 | L56: 0.25 | M56: 0.25 | N56: 0.25 | O56: 0.25 | P56: 0.25 | Q56: 0.25 | R56: 0.25 | S56: 0.25 | T56: 0.25 | U56: 1 | V56: 1 | W56: 1 | X56: 1 | Y56: 1 | Z56: 1 | AA56: 1 | AB56: 1 | AC56: 1
E57: Saturday | F57: 1 | G57: 1 | H57: 1 | I57: 1 | J57: 1 | K57: 1 | L57: 1 | M57: 1 | N57: 1 | O57: 1 | P57: 1 | Q57: 1 | R57: 1 | S57: 1 | T57: 1 | U57: 1 | V57: 1 | W57: 1 | X57: 1 | Y57: 1 | Z57: 1 | AA57: 1 | AB57: 1 | AC57: 1
E58: Sunday | F58: 1 | G58: 1 | H58: 1 | I58: 1 | J58: 1 | K58: 1 | L58: 1 | M58: 1 | N58: 1 | O58: 1 | P58: 1 | Q58: 1 | R58: 1 | S58: 1 | T58: 1 | U58: 1 | V58: 1 | W58: 1 | X58: 1 | Y58: 1 | Z58: 1 | AA58: 1 | AB58: 1 | AC58: 1
A59: Kitchen Zone | B59: Kitchen | C59: Refrigeration | D59: T24 2022 - Appendix 5.4B [School] | E59: Weekday | F59: 0.9 | G59: 0.9 | H59: 0.9 | I59: 0.9 | J59: 0.9 | K59: 0.9 | L59: 0.9 | M59: 0.9 | N59: 0.9 | O59: 0.9 | P59: 0.9 | Q59: 0.9 | R59: 0.9 | S59: 0.9 | T59: 0.9 | U59: 0.9 | V59: 0.9 | W59: 0.9 | X59: 0.9 | Y59: 0.9 | Z59: 0.9 | AA59: 0.9 | AB59: 0.9 | AC59: 0.9
E60: Saturday | F60: 0.9 | G60: 0.9 | H60: 0.9 | I60: 0.9 | J60: 0.9 | K60: 0.9 | L60: 0.9 | M60: 0.9 | N60: 0.9 | O60: 0.9 | P60: 0.9 | Q60: 0.9 | R60: 0.9 | S60: 0.9 | T60: 0.9 | U60: 0.9 | V60: 0.9 | W60: 0.9 | X60: 0.9 | Y60: 0.9 | Z60: 0.9 | AA60: 0.9 | AB60: 0.9 | AC60: 0.9
E61: Sunday | F61: 0.9 | G61: 0.9 | H61: 0.9 | I61: 0.9 | J61: 0.9 | K61: 0.9 | L61: 0.9 | M61: 0.9 | N61: 0.9 | O61: 0.9 | P61: 0.9 | Q61: 0.9 | R61: 0.9 | S61: 0.9 | T61: 0.9 | U61: 0.9 | V61: 0.9 | W61: 0.9 | X61: 0.9 | Y61: 0.9 | Z61: 0.9 | AA61: 0.9 | AB61: 0.9 | AC61: 0.9
A62: Kitchen Zone | B62: Kitchen | C62: GasEquipment | D62: T24 2022 - Appendix 5.4B [School] | E62: Weekday | F62: 0 | G62: 0 | H62: 0 | I62: 0 | J62: 0 | K62: 0 | L62: 0 | M62: 0.5 | N62: 0.5 | O62: 0.75 | P62: 0.9 | Q62: 0.9 | R62: 0.9 | S62: 0 | T62: 0 | U62: 0 | V62: 0 | W62: 0 | X62: 0 | Y62: 0 | Z62: 0 | AA62: 0 | AB62: 0 | AC62: 0
E63: Saturday | F63: 0 | G63: 0 | H63: 0 | I63: 0 | J63: 0 | K63: 0 | L63: 0 | M63: 0 | N63: 0 | O63: 0 | P63: 0 | Q63: 0 | R63: 0 | S63: 0 | T63: 0 | U63: 0 | V63: 0 | W63: 0 | X63: 0 | Y63: 0 | Z63: 0 | AA63: 0 | AB63: 0 | AC63: 0
E64: Sunday | F64: 0 | G64: 0 | H64: 0 | I64: 0 | J64: 0 | K64: 0 | L64: 0 | M64: 0 | N64: 0 | O64: 0 | P64: 0 | Q64: 0 | R64: 0 | S64: 0 | T64: 0 | U64: 0 | V64: 0 | W64: 0 | X64: 0 | Y64: 0 | Z64: 0 | AA64: 0 | AB64: 0 | AC64: 0
A65: Kitchen Zone | B65: Kitchen | C65: ServiceHotWater | D65: T24 2022 - Appendix 5.4B [School] | E65: Weekday | F65: 0.05 | G65: 0.05 | H65: 0.05 | I65: 0.05 | J65: 0.05 | K65: 0.05 | L65: 0.05 | M65: 0.1 | N65: 0.34 | O65: 0.6 | P65: 0.63 | Q65: 0.72 | R65: 0.79 | S65: 0.83 | T65: 0.61 | U65: 0.65 | V65: 0.1 | W65: 0.1 | X65: 0.19 | Y65: 0.25 | Z65: 0.22 | AA65: 0.22 | AB65: 0.12 | AC65: 0.09
E66: Saturday | F66: 0.03 | G66: 0.03 | H66: 0.03 | I66: 0.03 | J66: 0.03 | K66: 0.03 | L66: 0.03 | M66: 0.03 | N66: 0.03 | O66: 0.05 | P66: 0.05 | Q66: 0.05 | R66: 0.05 | S66: 0.03 | T66: 0.03 | U66: 0.03 | V66: 0.03 | W66: 0.03 | X66: 0.03 | Y66: 0.03 | Z66: 0.03 | AA66: 0.03 | AB66: 0.03 | AC66: 0.03
E67: Sunday | F67: 0.03 | G67: 0.03 | H67: 0.03 | I67: 0.03 | J67: 0.03 | K67: 0.03 | L67: 0.03 | M67: 0.03 | N67: 0.05 | O67: 0.05 | P67: 0.05 | Q67: 0.05 | R67: 0.05 | S67: 0.05 | T67: 0.03 | U67: 0.03 | V67: 0.03 | W67: 0.03 | X67: 0.03 | Y67: 0.03 | Z67: 0.03 | AA67: 0.03 | AB67: 0.03 | AC67: 0.03
A68: MPR | C68: Other
A69: MPR Zone | B69: MPR | C69: Occupancy | D69: T24 2022 - Appendix 5.4B Updated based on the Plug Loads project | E69: Weekday | F69: 0 | G69: 0 | H69: 0 | I69: 0 | J69: 0 | K69: 0 | L69: 0.1 | M69: 0.5 | N69: 0.25 | O69: 0.25 | P69: 0.05 | Q69: 0.25 | R69: 0.95 | S69: 0.95 | T69: 0.25 | U69: 0.2 | V69: 0.2 | W69: 0.2 | X69: 0.15 | Y69: 0.15 | Z69: 0 | AA69: 0 | AB69: 0 | AC69: 0
E70: Saturday | F70: 0 | G70: 0 | H70: 0 | I70: 0 | J70: 0 | K70: 0 | L70: 0 | M70: 0 | N70: 0 | O70: 0 | P70: 0 | Q70: 0 | R70: 0 | S70: 0 | T70: 0 | U70: 0 | V70: 0 | W70: 0 | X70: 0 | Y70: 0 | Z70: 0 | AA70: 0 | AB70: 0 | AC70: 0
E71: Sunday | F71: 0 | G71: 0 | H71: 0 | I71: 0 | J71: 0 | K71: 0 | L71: 0 | M71: 0 | N71: 0 | O71: 0 | P71: 0 | Q71: 0 | R71: 0 | S71: 0 | T71: 0 | U71: 0 | V71: 0 | W71: 0 | X71: 0 | Y71: 0 | Z71: 0 | AA71: 0 | AB71: 0 | AC71: 0
A72: MPR Zone | B72: MPR | C72: HVACAvail | D72: T24 2022 - Appendix 5.4B Updated based on the Plug Loads project | E72: Weekday | F72: 0 | G72: 0 | H72: 0 | I72: 0 | J72: 0 | K72: 0 | L72: 1 | M72: 1 | N72: 1 | O72: 1 | P72: 1 | Q72: 1 | R72: 1 | S72: 1 | T72: 1 | U72: 1 | V72: 1 | W72: 1 | X72: 1 | Y72: 1 | Z72: 0 | AA72: 0 | AB72: 0 | AC72: 0
E73: Saturday | F73: 0 | G73: 0 | H73: 0 | I73: 0 | J73: 0 | K73: 0 | L73: 0 | M73: 1 | N73: 1 | O73: 1 | P73: 1 | Q73: 1 | R73: 1 | S73: 1 | T73: 1 | U73: 1 | V73: 1 | W73: 1 | X73: 0 | Y73: 0 | Z73: 0 | AA73: 0 | AB73: 0 | AC73: 0
E74: Sunday | F74: 0 | G74: 0 | H74: 0 | I74: 0 | J74: 0 | K74: 0 | L74: 0 | M74: 0 | N74: 0 | O74: 0 | P74: 0 | Q74: 0 | R74: 0 | S74: 0 | T74: 0 | U74: 0 | V74: 0 | W74: 0 | X74: 0 | Y74: 0 | Z74: 0 | AA74: 0 | AB74: 0 | AC74: 0
A75: MPR Zone | B75: MPR | C75: Lights | D75: T24 2022 - Appendix 5.4B Updated based on the Plug Loads project | E75: Weekday | F75: 0 | G75: 0 | H75: 0 | I75: 0 | J75: 0 | K75: 0 | L75: 1 | M75: 1 | N75: 1 | O75: 1 | P75: 1 | Q75: 1 | R75: 1 | S75: 1 | T75: 1 | U75: 1 | V75: 1 | W75: 1 | X75: 1 | Y75: 1 | Z75: 0 | AA75: 0 | AB75: 0 | AC75: 0
E76: Saturday | F76: 0 | G76: 0 | H76: 0 | I76: 0 | J76: 0 | K76: 0 | L76: 0 | M76: 0 | N76: 0 | O76: 0 | P76: 0 | Q76: 0 | R76: 0 | S76: 0 | T76: 0 | U76: 0 | V76: 0 | W76: 0 | X76: 0 | Y76: 0 | Z76: 0 | AA76: 0 | AB76: 0 | AC76: 0
E77: Sunday | F77: 0 | G77: 0 | H77: 0 | I77: 0 | J77: 0 | K77: 0 | L77: 0 | M77: 0 | N77: 0 | O77: 0 | P77: 0 | Q77: 0 | R77: 0 | S77: 0 | T77: 0 | U77: 0 | V77: 0 | W77: 0 | X77: 0 | Y77: 0 | Z77: 0 | AA77: 0 | AB77: 0 | AC77: 0
A78: MPR Zone | B78: MPR | C78: ElecEquipment | D78: T24 2022 - Appendix 5.4B Updated based on the Plug Loads project | E78: Weekday | F78: 0.15 | G78: 0.15 | H78: 0.15 | I78: 0.15 | J78: 0.15 | K78: 0.2 | L78: 0.3 | M78: 0.9 | N78: 0.9 | O78: 0.8 | P78: 0.8 | Q78: 0.8 | R78: 0.9 | S78: 0.9 | T78: 0.9 | U78: 0.7 | V78: 0.2 | W78: 0.15 | X78: 0.15 | Y78: 0.15 | Z78: 0.15 | AA78: 0.15 | AB78: 0.15 | AC78: 0.15
E79: Saturday | F79: 0 | G79: 0 | H79: 0 | I79: 0 | J79: 0 | K79: 0 | L79: 0 | M79: 0 | N79: 0 | O79: 0 | P79: 0 | Q79: 0 | R79: 0 | S79: 0 | T79: 0 | U79: 0 | V79: 0 | W79: 0 | X79: 0 | Y79: 0 | Z79: 0 | AA79: 0 | AB79: 0 | AC79: 0
E80: Sunday | F80: 0 | G80: 0 | H80: 0 | I80: 0 | J80: 0 | K80: 0 | L80: 0 | M80: 0 | N80: 0 | O80: 0 | P80: 0 | Q80: 0 | R80: 0 | S80: 0 | T80: 0 | U80: 0 | V80: 0 | W80: 0 | X80: 0 | Y80: 0 | Z80: 0 | AA80: 0 | AB80: 0 | AC80: 0
A81: MPR Zone | B81: MPR | C81: HtgSetpt | D81: T24 2022 - Appendix 5.4B Updated based on the Plug Loads project | E81: Weekday | F81: =IF(F72=1,Thermostat!$B$3,Thermostat!$B$4) -> 60 | G81: =IF(G72=1,Thermostat!$B$3,Thermostat!$B$4) -> 60 | H81: =IF(H72=1,Thermostat!$B$3,Thermostat!$B$4) -> 60 | I81: =IF(I72=1,Thermostat!$B$3,Thermostat!$B$4) -> 60 | J81: =IF(J72=1,Thermostat!$B$3,Thermostat!$B$4) -> 60 | K81: =IF(K72=1,Thermostat!$B$3,Thermostat!$B$4) -> 60 | L81: =IF(L72=1,Thermostat!$B$3,Thermostat!$B$4) -> 70 | M81: =IF(M72=1,Thermostat!$B$3,Thermostat!$B$4) -> 70 | ... AC81: =IF(AC72=1,Thermostat!$B$3,Thermostat!$B$4) -> 60
E82: Saturday | F82: =IF(F73=1,Thermostat!$B$3,Thermostat!$B$4) -> 60 | G82: =IF(G73=1,Thermostat!$B$3,Thermostat!$B$4) -> 60 | H82: =IF(H73=1,Thermostat!$B$3,Thermostat!$B$4) -> 60 | I82: =IF(I73=1,Thermostat!$B$3,Thermostat!$B$4) -> 60 | J82: =IF(J73=1,Thermostat!$B$3,Thermostat!$B$4) -> 60 | K82: =IF(K73=1,Thermostat!$B$3,Thermostat!$B$4) -> 60 | L82: =IF(L73=1,Thermostat!$B$3,Thermostat!$B$4) -> 60 | M82: =IF(M73=1,Thermostat!$B$3,Thermostat!$B$4) -> 70 | ... AC82: =IF(AC73=1,Thermostat!$B$3,Thermostat!$B$4) -> 60
E83: Sunday | F83: =IF(F74=1,Thermostat!$B$3,Thermostat!$B$4) -> 60 | G83: =IF(G74=1,Thermostat!$B$3,Thermostat!$B$4) -> 60 | H83: =IF(H74=1,Thermostat!$B$3,Thermostat!$B$4) -> 60 | I83: =IF(I74=1,Thermostat!$B$3,Thermostat!$B$4) -> 60 | J83: =IF(J74=1,Thermostat!$B$3,Thermostat!$B$4) -> 60 | K83: =IF(K74=1,Thermostat!$B$3,Thermostat!$B$4) -> 60 | L83: =IF(L74=1,Thermostat!$B$3,Thermostat!$B$4) -> 60 | M83: =IF(M74=1,Thermostat!$B$3,Thermostat!$B$4) -> 60 | ... AC83: =IF(AC74=1,Thermostat!$B$3,Thermostat!$B$4) -> 60
A84: MPR Zone | B84: MPR | C84: ClgSetpt | D84: T24 2022 - Appendix 5.4B Updated based on the Plug Loads project | E84: Weekday | F84: =IF(F72=1,Thermostat!$B$5,Thermostat!$B$6) -> 85 | G84: =IF(G72=1,Thermostat!$B$5,Thermostat!$B$6) -> 85 | H84: =IF(H72=1,Thermostat!$B$5,Thermostat!$B$6) -> 85 | I84: =IF(I72=1,Thermostat!$B$5,Thermostat!$B$6) -> 85 | J84: =IF(J72=1,Thermostat!$B$5,Thermostat!$B$6) -> 85 | K84: =IF(K72=1,Thermostat!$B$5,Thermostat!$B$6) -> 85 | L84: =IF(L72=1,Thermostat!$B$5,Thermostat!$B$6) -> 75 | M84: =IF(M72=1,Thermostat!$B$5,Thermostat!$B$6) -> 75 | ... AC84: =IF(AC72=1,Thermostat!$B$5,Thermostat!$B$6) -> 85
E85: Saturday | F85: =IF(F73=1,Thermostat!$B$5,Thermostat!$B$6) -> 85 | G85: =IF(G73=1,Thermostat!$B$5,Thermostat!$B$6) -> 85 | H85: =IF(H73=1,Thermostat!$B$5,Thermostat!$B$6) -> 85 | I85: =IF(I73=1,Thermostat!$B$5,Thermostat!$B$6) -> 85 | J85: =IF(J73=1,Thermostat!$B$5,Thermostat!$B$6) -> 85 | K85: =IF(K73=1,Thermostat!$B$5,Thermostat!$B$6) -> 85 | L85: =IF(L73=1,Thermostat!$B$5,Thermostat!$B$6) -> 85 | M85: =IF(M73=1,Thermostat!$B$5,Thermostat!$B$6) -> 75 | ... AC85: =IF(AC73=1,Thermostat!$B$5,Thermostat!$B$6) -> 85
E86: Sunday | F86: =IF(F74=1,Thermostat!$B$5,Thermostat!$B$6) -> 85 | G86: =IF(G74=1,Thermostat!$B$5,Thermostat!$B$6) -> 85 | H86: =IF(H74=1,Thermostat!$B$5,Thermostat!$B$6) -> 85 | I86: =IF(I74=1,Thermostat!$B$5,Thermostat!$B$6) -> 85 | J86: =IF(J74=1,Thermostat!$B$5,Thermostat!$B$6) -> 85 | K86: =IF(K74=1,Thermostat!$B$5,Thermostat!$B$6) -> 85 | L86: =IF(L74=1,Thermostat!$B$5,Thermostat!$B$6) -> 85 | M86: =IF(M74=1,Thermostat!$B$5,Thermostat!$B$6) -> 85 | ... AC86: =IF(AC74=1,Thermostat!$B$5,Thermostat!$B$6) -> 85
A87: MPR Zone | B87: MPR | C87: OAControl | D87: T24 2022 - Appendix 5.4B Updated based on the Plug Loads project | E87: Weekday | F87: 0 | G87: 0 | H87: 0 | I87: 0 | J87: 0 | K87: 0 | L87: 1 | M87: 1 | N87: 1 | O87: 1 | P87: 1 | Q87: 1 | R87: 1 | S87: 1 | T87: 1 | U87: 1 | V87: 1 | W87: 1 | X87: 1 | Y87: 1 | Z87: 0 | AA87: 0 | AB87: 0 | AC87: 0
E88: Saturday | F88: 0 | G88: 0 | H88: 0 | I88: 0 | J88: 0 | K88: 0 | L88: 0 | M88: 0 | N88: 0 | O88: 0 | P88: 0 | Q88: 0 | R88: 0 | S88: 0 | T88: 0 | U88: 0 | V88: 0 | W88: 0 | X88: 0 | Y88: 0 | Z88: 0 | AA88: 0 | AB88: 0 | AC88: 0
E89: Sunday | F89: 0 | G89: 0 | H89: 0 | I89: 0 | J89: 0 | K89: 0 | L89: 0 | M89: 0 | N89: 0 | O89: 0 | P89: 0 | Q89: 0 | R89: 0 | S89: 0 | T89: 0 | U89: 0 | V89: 0 | W89: 0 | X89: 0 | Y89: 0 | Z89: 0 | AA89: 0 | AB89: 0 | AC89: 0
A90: MPR Zone | B90: MPR | C90: Infiltration | D90: T24 2022 - Appendix 5.4B Updated based on the Plug Loads project | E90: Weekday | F90: 1 | G90: 1 | H90: 1 | I90: 1 | J90: 1 | K90: 1 | L90: 0.25 | M90: 0.25 | N90: 0.25 | O90: 0.25 | P90: 0.25 | Q90: 0.25 | R90: 0.25 | S90: 0.25 | T90: 0.25 | U90: 0.25 | V90: 0.25 | W90: 0.25 | X90: 1 | Y90: 1 | Z90: 1 | AA90: 1 | AB90: 1 | AC90: 1
E91: Saturday | F91: 1 | G91: 1 | H91: 1 | I91: 1 | J91: 1 | K91: 1 | L91: 1 | M91: 1 | N91: 1 | O91: 1 | P91: 1 | Q91: 1 | R91: 1 | S91: 1 | T91: 1 | U91: 1 | V91: 1 | W91: 1 | X91: 1 | Y91: 1 | Z91: 1 | AA91: 1 | AB91: 1 | AC91: 1
E92: Sunday | F92: 1 | G92: 1 | H92: 1 | I92: 1 | J92: 1 | K92: 1 | L92: 1 | M92: 1 | N92: 1 | O92: 1 | P92: 1 | Q92: 1 | R92: 1 | S92: 1 | T92: 1 | U92: 1 | V92: 1 | W92: 1 | X92: 1 | Y92: 1 | Z92: 1 | AA92: 1 | AB92: 1 | AC92: 1
A93: MPR Zone | B93: MPR | C93: Refrigeration | D93: T24 2022 - Appendix 5.4B [School] | E93: Weekday | F93: 0.9 | G93: 0.9 | H93: 0.9 | I93: 0.9 | J93: 0.9 | K93: 0.9 | L93: 0.9 | M93: 0.9 | N93: 0.9 | O93: 0.9 | P93: 0.9 | Q93: 0.9 | R93: 0.9 | S93: 0.9 | T93: 0.9 | U93: 0.9 | V93: 0.9 | W93: 0.9 | X93: 0.9 | Y93: 0.9 | Z93: 0.9 | AA93: 0.9 | AB93: 0.9 | AC93: 0.9
E94: Saturday | F94: 0.9 | G94: 0.9 | H94: 0.9 | I94: 0.9 | J94: 0.9 | K94: 0.9 | L94: 0.9 | M94: 0.9 | N94: 0.9 | O94: 0.9 | P94: 0.9 | Q94: 0.9 | R94: 0.9 | S94: 0.9 | T94: 0.9 | U94: 0.9 | V94: 0.9 | W94: 0.9 | X94: 0.9 | Y94: 0.9 | Z94: 0.9 | AA94: 0.9 | AB94: 0.9 | AC94: 0.9
E95: Sunday | F95: 0.9 | G95: 0.9 | H95: 0.9 | I95: 0.9 | J95: 0.9 | K95: 0.9 | L95: 0.9 | M95: 0.9 | N95: 0.9 | O95: 0.9 | P95: 0.9 | Q95: 0.9 | R95: 0.9 | S95: 0.9 | T95: 0.9 | U95: 0.9 | V95: 0.9 | W95: 0.9 | X95: 0.9 | Y95: 0.9 | Z95: 0.9 | AA95: 0.9 | AB95: 0.9 | AC95: 0.9
A96: MPR Zone | B96: MPR | C96: ServiceHotWater | D96: T24 2022 - Appendix 5.4B [School] | E96: Weekday | F96: 0.05 | G96: 0.05 | H96: 0.05 | I96: 0.05 | J96: 0.05 | K96: 0.05 | L96: 0.05 | M96: 0.1 | N96: 0.34 | O96: 0.6 | P96: 0.63 | Q96: 0.72 | R96: 0.79 | S96: 0.83 | T96: 0.61 | U96: 0.65 | V96: 0.1 | W96: 0.1 | X96: 0.19 | Y96: 0.25 | Z96: 0.22 | AA96: 0.22 | AB96: 0.12 | AC96: 0.09
E97: Saturday | F97: 0.03 | G97: 0.03 | H97: 0.03 | I97: 0.03 | J97: 0.03 | K97: 0.03 | L97: 0.03 | M97: 0.03 | N97: 0.03 | O97: 0.05 | P97: 0.05 | Q97: 0.05 | R97: 0.05 | S97: 0.03 | T97: 0.03 | U97: 0.03 | V97: 0.03 | W97: 0.03 | X97: 0.03 | Y97: 0.03 | Z97: 0.03 | AA97: 0.03 | AB97: 0.03 | AC97: 0.03
E98: Sunday | F98: 0.03 | G98: 0.03 | H98: 0.03 | I98: 0.03 | J98: 0.03 | K98: 0.03 | L98: 0.03 | M98: 0.03 | N98: 0.05 | O98: 0.05 | P98: 0.05 | Q98: 0.05 | R98: 0.05 | S98: 0.05 | T98: 0.03 | U98: 0.03 | V98: 0.03 | W98: 0.03 | X98: 0.03 | Y98: 0.03 | Z98: 0.03 | AA98: 0.03 | AB98: 0.03 | AC98: 0.03
A99: Other | C99: Other | AD99: EFLH
B100: Building | C100: Elevator | D100: T24 2022 - Appendix 5.4B, [School] Updated base on Plug load and schedules project with CEC, 2025 | E100: Weekday | F100: 0 | G100: 0 | H100: 0 | I100: 0 | J100: 0 | K100: 1 | L100: 1 | M100: 1 | N100: 1 | O100: 1 | P100: 1 | Q100: 1 | R100: 1 | S100: 1 | T100: 1 | U100: 1 | V100: 1 | W100: 1 | X100: 1 | Y100: 1 | Z100: 1 | AA100: 1 | AB100: 1 | AC100: 1 | AD100: =SUM(F100:AC100)*261+ SUM(F101:AC101)*52+ SUM(F102:AC102)*52 -> 4959
...

Sheet Energy Usage
A1: ="CalBEM Energy Consumption - "&Prototype!B4 -> CalBEM Energy Consumption - K-8 School | N1: ="Energy Consumption - "&Prototype!A2 -> Energy Consumption - SchoolK-8
A2: Prototype | B2: CZ | C2: CalBEM Electricity EUI (KBTU/ft²) | D2: CalBEM Gas EUI (KBTU/ft²) | E2: CalBEM Total EUI (KBTU/ft²) | F2: New Construction Electricity EUI (KBTU/ft²) | G2: New Construction Gas EUI (KBTU/ft²) | H2: New Construction Total EUI (KBTU/ft²) | I2: National Average | J2: Acceptable Range (25% Higher) | K2: Acceptable Range (25% Lower) | L2: National Average Acceptable EUI Range | N2: Prototype | O2: CZ | P2: Total Floorspace (Thousand of ft²) | Q2: CEUS 2023 Electricity EUI (kBtu/ft²) | R2: CEUS 2023 Gas EUI (kBtu/ft²) | S2: CEUS 2023 Total EUI (kBtu/ft²) | T2: Acceptable Range (25% Higher) | U2: Acceptable Range (25% Lower) | V2: CEUS 2022 Acceptable EUI Range
A3: =Prototype!B4 -> K-8 School | B3: 1 | N3: =Prototype!B4 -> K-8 School | O3: 1 | P3: 7618.5337 | Q3: 32.349176 | R3: 12.848137 | S3: 55.364804 | T3: =S3*1.25 -> 69.206005 | U3: =S3*0.75 -> 41.523603 | V3: =T3-U3 -> 27.682402
B4: 2 | O4: 2 | P4: 11477.671 | Q4: 15.421598 | R4: 12.913999 | S4: 47.893283 | T4: =S4*1.25 -> 59.866604 | U4: =S4*0.75 -> 35.919962 | V4: =T4-U4 -> 23.946642
B5: 3 | O5: 3 | P5: 46411.86 | Q5: 20.479595 | R5: 12.799248 | S5: 100.09497 | T5: =S5*1.25 -> 125.11872 | U5: =S5*0.75 -> 75.071231 | V5: =T5-U5 -> 50.047487
B6: 4 | O6: 4 | P6: 23032.968 | Q6: 21.49373 | R6: 13.019767 | S6: 106.62133 | T6: =S6*1.25 -> 133.27666 | U6: =S6*0.75 -> 79.965995 | V6: =T6-U6 -> 53.310663
B7: 5 | O7: 5 | P7: 5978.4428 | Q7: 11.998072 | R7: 11.585185 | S7: 59.149271 | T7: =S7*1.25 -> 73.936588 | U7: =S7*0.75 -> 44.361953 | V7: =T7-U7 -> 29.574635
B8: 6 | O8: 6 | P8: 57755.959 | Q8: 22.607349 | R8: 9.9467421 | S8: 82.347488 | T8: =S8*1.25 -> 102.93436 | U8: =S8*0.75 -> 61.760616 | V8: =T8-U8 -> 41.173744
B9: 7 | O9: 7 | P9: 35149.993 | Q9: 24.848388 | R9: 6.9700357 | S9: 88.553476 | T9: =S9*1.25 -> 110.69184 | U9: =S9*0.75 -> 66.415107 | V9: =T9-U9 -> 44.276738
B10: 8 | O10: 8 | P10: 92353.411 | Q10: 22.935329 | R10: 8.842203 | S10: 103.44181 | T10: =S10*1.25 -> 129.30226 | U10: =S10*0.75 -> 77.581354 | V10: =T10-U10 -> 51.720903
B11: 9 | O11: 9 | P11: 141795.45 | Q11: 26.797343 | R11: 10.089067 | S11: 119.15132 | T11: =S11*1.25 -> 148.93914 | U11: =S11*0.75 -> 89.363487 | V11: =T11-U11 -> 59.575658
B12: 10 | O12: 10 | P12: 92589.867 | Q12: 22.490401 | R12: 10.108975 | S12: 67.419104 | T12: =S12*1.25 -> 84.27388 | U12: =S12*0.75 -> 50.564328 | V12: =T12-U12 -> 33.709552
B13: 11 | O13: 11 | P13: 33810.488 | Q13: 26.928661 | R13: 8.760437 | S13: 68.839253 | T13: =S13*1.25 -> 86.049066 | U13: =S13*0.75 -> 51.62944 | V13: =T13-U13 -> 34.419626
B14: 12 | O14: 12 | P14: 108342.43 | Q14: 31.799594 | R14: 12.230299 | S14: 85.587371 | T14: =S14*1.25 -> 106.98421 | U14: =S14*0.75 -> 64.190528 | V14: =T14-U14 -> 42.793686
B15: 13 | O15: 13 | P15: 46676.808 | Q15: 32.656044 | R15: 15.473534 | S15: 57.73569 | T15: =S15*1.25 -> 72.169613 | U15: =S15*0.75 -> 43.301768 | V15: =T15-U15 -> 28.867845
... B18: 16 | O18: 16 | P18: 85267.89 | Q18: 27.026911 | R18: 11.652927 | S18: 67.576478 | T18: =S18*1.25 -> 84.470598 | U18: =S18*0.75 -> 50.682359 | V18: =T18-U18 -> 33.788239
Q20: Ref: CEUS 2022 Report
Q21: And by applying FZ-CZ multipliers for converting FZ data to CZ data

Sheet Weights
A1: ="% of Floor Area per CZ and Vintage Bin - Schools" -> % of Floor Area per CZ and Vintage Bin - Schools
A2: Prototype | B2: CZ | C2: Vintage Bin
C3: Pre-1978 | D3: 1978-1997 | E3: 1998-2007 | F3: 2008-2018
A4: =Prototype!B4 -> K-8 School | B4: 1 | G4: =SUM(C4:F4) -> 0
B5: 2 | G5: =SUM(C5:F5) -> 0
B6: 3 | G6: =SUM(C6:F6) -> 0
B7: 4 | G7: =SUM(C7:F7) -> 0
B8: 5 | G8: =SUM(C8:F8) -> 0
B9: 6 | G9: =SUM(C9:F9) -> 0
B10: 7 | G10: =SUM(C10:F10) -> 0
B11: 8 | G11: =SUM(C11:F11) -> 0
B12: 9 | G12: =SUM(C12:F12) -> 0
B13: 10 | G13: =SUM(C13:F13) -> 0
B14: 11 | G14: =SUM(C14:F14) -> 0
B15: 12 | G15: =SUM(C15:F15) -> 0
B16: 13 | G16: =SUM(C16:F16) -> 0
... B19: 16 | G19: =SUM(C19:F19) -> 0
B20: Statewide
A22: Ref: CEUS 2022 dataset

Sheet PV
A1: ="PV - "&Prototype!A2 -> PV - SchoolK-8
A2: TBD

Sheet EV Charger
A1: ="EV Charger - "&Prototype!A2 -> EV Charger - SchoolK-8
A2: TBD
A11: Background Data [To be deleted prior to publication]

Sheet Data
A1: Space Function | B1: Electric Equipment Load Intensity | C1: Electric Equipment Load Intensity | D1: LPD
A2: Aging Eye/Low-vision (Corridor Area) | D2: 2013 | E2: 2016 | F2: 2019 | G2: 2025
A3: Aging Eye/Low-vision (Dining)
A4: Aging Eye/Low-vision (Lobby, Main Entry)
A5: Aging Eye/Low-vision (Lounge/Waiting Area)
A6: Aging Eye/Low-vision (Multipurpose Room)
A7: Aging Eye/Low-vision (Religious Worship Area)
A8: Aging Eye/Low-vision (Restroom)
A9: Aging Eye/Low-vision (Stairwell)
A10: Audience Seating Area
A11: Auditorium Area
A12: Auto Repair / Maintenance Area
A13: Barber, Beauty Salon, Spa Area
A14: Civic Meeting Place Area
... A82: Server Room
