Workbook
Name nonparticipating_forecastzone_scale_factor: #REF!
Name nonparticipating_forecastzone_scale_factor: #REF!
Name nonparticipating_forecastzone_scale_factor: 'Energy Usage'!#REF!
Name Space_Function: Data!$A$2:$A$76

Sheet Notes
A1: Data Sources
A2: Dataset | B2: Dodge 2023
B3: CEUS 2022
B4: ComStock 2023
A6: Prototype | B6: CEC 2028 School prototype | C6: https://efiling.energy.ca.gov/GetDocument.aspx?tn=265691&DocumentContentId=102542
A9: Codes | B9: Title 24, part 6, referred to as T24 (1984, 2001, 2007, 2013, 2016, 2022, 2025)
B10: ASHRAE 90.1 (2022)
B11: CFR Title 10 (2008, 2010, 2025)
B12: ACM 2022
B13: T24 2022 - Appendix 5.4A and Appendix 5.4B | C13: https://www.energy.ca.gov/publications/2022/2022-nonresidential-and-multifamily-alternative-calculation-method-reference
A15: Other | B15: 2022 Reduced infiltration CASE report | C15: https://title24stakeholders.com/wp-content/uploads/2020/10/2022-T24-Final-CASE-Report_Reduce-Infiltration.pdf
B16: 2019 Outdoor Lighting CASE Report | C16: https://title24stakeholders.com/wp-content/uploads/2016/10/T24-2019-CASE-Study-Results-Report-Outdoor-Sources_Final_with-Attachments.pdf
B17: 2019 High Efficiency Fume Hoods in Laboratory Spaces CASE Report | C17: https://title24stakeholders.com/wp-content/uploads/2017/09/2019-T24-CASE-Report_Fume-Hoods_Final_September-2017.pdf?
B18: PNNL 20405, 2011 | C18: https://www.pnnl.gov/main/publications/external/technical_reports/PNNL-20405.pdf
B19: Air leakage Memo, NORESCO, 2025 | C19: Infiltration_rate_report_14May2025-Short-Version.docx — internal NORESCO project memo (not a public URL). See Prototype basis / Source access below.
B20: ENERGY STAR certified commercial water heaters (electric heat pump; integrated commercial HPWH) | C20: =HYPERLINK("https://www.energystar.gov/productfinder/product/certified-commercial-water-heaters/results?fuel_filter=Electric&markets_filter=United+States","ENERGY STAR — electric (HPWH)") -> ENERGY STAR — electric (HPWH)
B21: ENERGY STAR commercial WH dataset (download) | C21: =HYPERLINK("https://data.energystar.gov/Active-Specifications/ENERGY-STAR-Certified-Commercial-Water-Heaters/xmq6-bm79","ENERGY STAR dataset xmq6-bm79") -> ENERGY STAR dataset xmq6-bm79
B22: ENERGY STAR commercial WH eligibility (electric heat pump, min COPh 3) | C22: =HYPERLINK("https://www.energystar.gov/products/water_heaters/commercial_water_heaters/key_product_criteria","ENERGY STAR key product criteria") -> ENERGY STAR key product criteria
A24: Construction Rate
B36: Dodge 2023 construction rates used in the SCE vintage-bin analysis. Legend labels STC 41 and STC 49 are Dodge structure-type series identifiers from that analysis (Prototype D6, NonRes-Vintage bins-Draft Report-30Nov2023). They are not Title 24 climate zones.
A37: Notes
A38: 2025 T24 | B38: School includes five buildings: north classroom, lab classroom, shop classroom, MPR/Admin, and gym/courts/locker.
A40: Prototype basis
A41: Geometry | B41: Geometry is CEC SchoolHigh as implemented in CBECC (Prototype C7:C16; five buildings in B34: north classroom, lab classroom, shop classroom, MPR/Admin, gym/courts/locker). Floor area 174,819 ft². Prototype comparison columns (CalBEM SchoolLarge, DEER Education-Secondary, PNNL SchoolSecondary) are reference only.
A42: Vintage bins | B42: Existing vintages Pre-1978, 1978-1997, 1998-2007, 2008-2018 plus New Construction 2019+ follow the SCE Enhanced Prototypes vintage-bin analysis (Prototype D6). Dodge 2023 construction rates inform stock weighting; they are not a Title 24 prescriptive requirement.
A43: Curriculum and stock | B43: Comprehensive high school program (classrooms, labs, shops, gym/lockers, MPR, kitchen, library, administration). The prototype represents average California high-school stock. Funding/condition variation is carried in vintage envelope/HVAC/lighting assumptions (including Envelope H8 30-year roof replacement).
A44: WWR, heights, energy | B44: WWR 6.86%, no exterior shades (CEC). Floor-to-floor 14 ft except MPR/Admin 14–25 ft and Court 22–34 ft. Existing HVAC: PSZAC + gas furnace (MPR SZVAV). New construction: SZHP. Service water: existing electric resistance; NC heat-pump water heater (Water Heater B3:B4).
A45: Abbreviations | B45: T24 = California Title 24, Part 6. ACM = Nonresidential/Multifamily Alternative Calculation Method Reference Manual. CEC = California Energy Commission. CBECC = California Building Energy Code Compliance software. CEUS = California Commercial End-Use Survey. PSZAC = packaged single-zone air conditioner. SZHP = single-zone heat pump. SZVAV = single-zone VAV. HPWH = heat-pump water heater. SRR = skylight-to-roof ratio. WWR = window-to-wall ratio. IWA = initial wattage allowance.
A46: Source access | B46: Column C lists public links where they exist. Dodge 2023 is a licensed dataset with no public URL. The NORESCO air-leakage memo is an internal file (C19), not a webpage. ENERGY STAR water-heater rows use the commercial electric (heat pump) Product Finder and dataset xmq6-bm79. Schedule fractions that cite the Plug Loads and Schedules project with CEC (2025) do not have an external link yet; an ASHRAE paper has been submitted and the citation will be updated when that paper is published or when ACM 2028 is released.
A47: Sources used | B47: Used on this scorecard: CEC SchoolHigh (efiling tn=265691); T24 2022 App. 5.4A/5.4B; ACM 2025 §5.9.2 and fan tables; T24 Tables 140.3-B, 110.2-A/B, 140.6-C, 140.7-A/B, 120.1-A/B; 2022 Reduced Infiltration CASE; 2019 Outdoor Lighting CASE; 2019 Fume-hood CASE (labs present); PNNL 20405; ASHRAE 90.1-2022 Appendix A; ASHRAE Handbook of Fundamentals; ENERGY STAR commercial HPWH list. Reviewer-suggested references that do not support a retained assumption are not added.

Sheet Prototype
A1: NORESCO, Updated September 2026
A2: SchoolHigh
A3: Characteristic | B3: Value | C3: Data Sources
A4: Building Type | B4: High School
A5: Building Category | B5: Nonresidential
A6: Version | B6: v2-0
A7: Vintages | B7: 4 Vintages: Pre-1978, 1978-1997,1998-2007, 2008-2018 New Construction (2019+) | C7: Based on the vintage bin analysis. A summary of the findings is presented in the following paper, with a link provided in the Notes tab: Yousefi, F., Athalye, R. (2025). “Determining Vintage Bins for Prototype Development: An Analysis of California Commercial Buildings.” ASHRAE Annual Conference.
A8: Shape | C8: The analysis uses prototype geometry originally developed by CEC approved 2028 SchoolK-8 prototype.
A9: Total Floor Area (ft²) | B9: 174818.98 | C9: CEC SchoolKto8 / CBECC (same as Prototype comparison column C).
A10: Aspect Ratio | B10: It varies for different buildings. | C10: Same as the CEC approved 2028 SchoolK-8 prototype
A11: Number of Floors | B11: It varies for different buildings. | C11: Same as the CEC approved 2028 SchoolK-8 prototype
A12: Roof type | B12: Flat | C12: Same as the CEC approved 2028 SchoolK-8 prototype
A13: WWR | B13: 0.0686 | C13: Same as the CEC approved 2028 SchoolK-8 prototype
A14: Shading Geometry | B14: No Shades | C14: Same as the CEC approved 2028 SchoolK-8 prototype
A15: Floor to floor height (feet) | B15: It varies for different buildings: MPR/Admin: 14-25 Court: 22-34 Other buildings: 14 ft | C15: Same as the CEC approved 2028 SchoolK-8 prototype
A16: Floor to ceiling height (feet) | B16: It varies for different buildings: MPR/Admin: 14-25 Court: 22-34 Other buildings: 14 ft | C16: Same as the CEC approved 2028 SchoolK-8 prototype
A17: Glazing sill height (feet) | B17: It varies for different buildings. | C17: Same as the CEC approved 2028 SchoolK-8 prototype
A21: Above grade wall area (ft²) | B21: 140514
A22: Gross wall area (ft²) | B22: 140514
A23: Roof area (ft²) | B23: 134334.45
A24: Underground Gross Wall Area (ft²) | B24: 0

Sheet Zones
A1: ="Proposed Layout - "&Prototype!B4 -> Proposed Layout - High School
A2: Building | B2: Space/Thermal Zone | C2: Space Type [Primarily from: T24, 2022 Appendix 5.4A] - See Notes column | D2: HVAC System Name/AHU Name | E2: Schedule Category | F2: Conditioned (Y/N) | G2: Area Fraction | H2: Area (ft²) | I2: Volume (ft³) | J2: Multipliers | K2: Number of People | L2: People (Persons/1,000 ft²) [T24, 2025,Table 120.1-A] | M2: Notes | N2: Total Floor area (multiper applied)
A3: SchoolHigh Admin/MPR | B3: ADMIN/MPR_BREAKROOM_ZN | C3: Lounge, Breakroom, or Waiting Area | D3: AHU-1 | E3: MPR | F3: Y | G3: =(H3*J3)/SUMPRODUCT($H$3:$H$44,$J$3:$J$44) -> 0.0032902596 | H3: 575.2 | I3: 8053.16 | J3: 1 | K3: =L3*H3/1000 -> 18.9816 | L3: 33 | N3: =J3*H3 -> 575.2
A4: SchoolHigh Admin/MPR | B4: ADMIN/MPR_CAFETERIA ZNS 3_ZN | C4: Dining Area (Cafeteria/Fast Food) | D4: AHU-2 | E4: MPR | F4: Y | G4: =(H4*J4)/SUMPRODUCT($H$3:$H$44,$J$3:$J$44) -> 0.031530835 | H4: 5512.19 | I4: 137811.47 | J4: 1 | K4: =L4*H4/1000 -> 181.90227 | L4: 33 | N4: =J4*H4 -> 5512.19
A5: SchoolHigh Admin/MPR | B5: ADMIN/MPR_CONFERENCE ROOM ZNS 3_ZN | C5: Convention, Conference, Multipurpose and Meeting Area | D5: AHU-3 | E5: MPR | F5: Y | G5: =(H5*J5)/SUMPRODUCT($H$3:$H$44,$J$3:$J$44) -> 0.0095798495 | H5: 1674.74 | I5: 23447.5 | J5: 1 | K5: =L5*H5/1000 -> 55.26642 | L5: 33 | N5: =J5*H5 -> 1674.74
A6: SchoolHigh Admin/MPR | B6: ADMIN/MPR_CORRIDOR_ZN | C6: Corridor Area | D6: AHU-4 | E6: MPR | F6: Y | G6: =(H6*J6)/SUMPRODUCT($H$3:$H$44,$J$3:$J$44) -> 0.11295017 | H6: 1161.52 | I6: 16262.09 | J6: 17 | K6: =L6*H6/1000 -> 5.8076 | L6: 5 | N6: =J6*H6 -> 19745.84
A7: SchoolHigh Admin/MPR | B7: ADMIN/MPR_EMT_ZN | C7: Electrical, Mechanical, Telephone Rooms | D7: AHU-5 | E7: MPR | F7: Y | G7: =(H7*J7)/SUMPRODUCT($H$3:$H$44,$J$3:$J$44) -> 0.0079570857 | H7: 278.21 | I7: 3895.07 | J7: 5 | K7: =L7*H7/1000 -> 1.39105 | L7: 5 | N7: =J7*H7 -> 1391.05
A8: SchoolHigh Admin/MPR | B8: ADMIN/MPR_IDF ROOM_ZN | C8: Electrical, Mechanical, Telephone Rooms | D8: AHU-6 | E8: MPR | F8: Y | G8: =(H8*J8)/SUMPRODUCT($H$3:$H$44,$J$3:$J$44) -> 0.00973092 | H8: 340.23 | I8: 4763.43 | J8: 5 | K8: =L8*H8/1000 -> 1.70115 | L8: 5 | N8: =J8*H8 -> 1701.15
A9: SchoolHigh Admin/MPR | B9: ADMIN/MPR_KITCHEN_ZN | C9: Kitchen/Food Preparation Area | D9: AHU-7 | E9: Kitchen | F9: Y | G9: =(H9*J9)/SUMPRODUCT($H$3:$H$44,$J$3:$J$44) -> 0.008335763 | H9: 1457.25 | I9: 20402.54 | J9: 1 | K9: =L9*H9/1000 -> 4.37175 | L9: 3 | N9: =J9*H9 -> 1457.25
A10: SchoolHigh Admin/MPR | B10: ADMIN/MPR_LOBBY_ZN | C10: Lobby, Main Entry | D10: AHU-8 | E10: MPR | F10: Y | G10: =(H10*J10)/SUMPRODUCT($H$3:$H$44,$J$3:$J$44) -> 0.028405832 | H10: 1241.47 | I10: 17381.45 | J10: 4 | K10: =L10*H10/1000 -> 40.96851 | L10: 33 | N10: =J10*H10 -> 4965.88
A11: SchoolHigh Admin/MPR | B11: ADMIN/MPR_OFFICE - LT 250 SF ZNS 6_ZN | C11: Office Area (<250 square feet) | D11: AHU-9 | E11: MPR | F11: Y | G11: =(H11*J11)/SUMPRODUCT($H$3:$H$44,$J$3:$J$44) -> 0.035980637 | H11: 1048.35 | I11: 14677.59 | J11: 6 | K11: =L11*H11/1000 -> 5.24175 | L11: 5 | N11: =J11*H11 -> 6290.1
A12: SchoolHigh Admin/MPR | B12: ADMIN/MPR_RESTROOM ZNS 3_ZN | C12: Restrooms | D12: AHU-10 | E12: MPR | F12: Y | G12: =(H12*J12)/SUMPRODUCT($H$3:$H$44,$J$3:$J$44) -> 0.010309747 | H12: 901.17 | I12: 12620.46 | J12: 2 | K12: =L12*H12/1000 -> 4.50585 | L12: 5 | N12: =J12*H12 -> 1802.34
A13: SchoolHigh Admin/MPR | B13: ADMIN/MPR_STORAGE - GENERAL_ZN | C13: Storage (General) | D13: AHU-11 | E13: MPR | F13: Y | G13: =(H13*J13)/SUMPRODUCT($H$3:$H$44,$J$3:$J$44) -> 0.028549066 | H13: 1247.73 | I13: 17469.08 | J13: 4 | K13: =L13*H13/1000 -> 6.23865 | L13: 5 | N13: =J13*H13 -> 4990.92
A14: SchoolHigh Admin/MPR | B14: ADMIN/MPR_STORAGE - REFRIGERATED_ZN | C14: Storage, Commercial/Industrial (Refrigerated) | D14: AHU-12 | E14: MPR | F14: Y | G14: =(H14*J14)/SUMPRODUCT($H$3:$H$44,$J$3:$J$44) -> 0.001439889 | H14: 251.72 | I14: 3524.26 | J14: 1 | K14: =L14*H14/1000 -> 0 | L14: 0 | N14: =J14*H14 -> 251.72
... A44: SchoolHigh Sports | B44: ROOMS & STUDIOS ZN | C44: Exercise/Fitness Center and Gymnasium Areas | D44: AHU-42 | E44: Gym | F44: Y | G44: =(H44*J44)/SUMPRODUCT($H$3:$H$44,$J$3:$J$44) -> 0.026361261 | H44: 4608.45 | I44: 101390.84 | J44: 1 | K44: =L44*H44/1000 -> 46.0845 | L44: 10 | N44: =J44*H44 -> 4608.45
A45: Total (5 Buildings) | B45: Total (42 spaces) | C45: Total (18 Space types) | D45: Total (42 HVAC Systems) | E45: Total (4 Schedule categories) | F45: Total (42 Conditioned zones) | G45: =SUM(G3:G44) -> 1 | H45: =SUM(H3:H44) -> 79502.25 | I45: =SUM(I3:I44) -> 1629030.6 | K45: =SUM(K3:K44) -> 1221.3724
Q48: Area Distribution By Space Type
Q49: Space Type | R49: Area (ft²) | S49: % Area
Q50: Lounge, Breakroom, or Waiting Area | R50: =SUMIF($C$3:$C$44,"Lounge, Breakroom, or Waiting Area",$H$3:$H$44) -> 575.2 | S50: =SUMIF($C$3:$C$44,"Lounge, Breakroom, or Waiting Area",$G$3:$G$44) -> 0.0032902596
Q51: Dining Area (Cafeteria/Fast Food) | R51: =SUMIF($C$3:$C$44,"Dining Area (Cafeteria/Fast Food)",$H$3:$H$44) -> 5512.19 | S51: =SUMIF($C$3:$C$44,"Dining Area (Cafeteria/Fast Food)",$G$3:$G$44) -> 0.031530835
Q52: Convention, Conference, Multipurpose and Meeting Area | R52: =SUMIF($C$3:$C$44,"Convention, Conference, Multipurpose and Meeting Area",$H$3:$H$44) -> 1674.74 | S52: =SUMIF($C$3:$C$44,"Convention, Conference, Multipurpose and Meeting Area",$G$3:$G$44) -> 0.0095798495
Q53: Corridor Area | R53: =SUMIF($C$3:$C$44,"Corridor Area",$H$3:$H$44) -> 1161.52 | S53: =SUMIF($C$3:$C$44,"Corridor Area",$G$3:$G$44) -> 0.11295017
Q54: Electrical, Mechanical, Telephone Rooms | R54: =SUMIF($C$3:$C$44,"Electrical, Mechanical, Telephone Rooms",$H$3:$H$44) -> 1214.82 | S54: =SUMIF($C$3:$C$44,"Electrical, Mechanical, Telephone Rooms",$G$3:$G$44) -> 0.021099419
Q55: Kitchen/Food Preparation Area | R55: =SUMIF($C$3:$C$44,"Kitchen/Food Preparation Area",$H$3:$H$44) -> 1457.25 | S55: =SUMIF($C$3:$C$44,"Kitchen/Food Preparation Area",$G$3:$G$44) -> 0.008335763
Q56: Lobby, Main Entry | R56: =SUMIF($C$3:$C$44,"Lobby, Main Entry",$H$3:$H$44) -> 1241.47 | S56: =SUMIF($C$3:$C$44,"Lobby, Main Entry",$G$3:$G$44) -> 0.028405832
Q57: Office Area (<250 square feet) | R57: =SUMIF($C$3:$C$44,"Office Area (<250 square feet)",$H$3:$H$44) -> 1624.61 | S57: =SUMIF($C$3:$C$44,"Office Area (<250 square feet)",$G$3:$G$44) -> 0.055758575
Q58: Restrooms | R58: =SUMIF($C$3:$C$44,"Restrooms",$H$3:$H$44) -> 3358.7 | S58: =SUMIF($C$3:$C$44,"Restrooms",$G$3:$G$44) -> 0.030461615
Q59: Storage (General) | R59: =SUMIF($C$3:$C$44,"Storage (General)",$H$3:$H$44) -> 2910.38 | S59: =SUMIF($C$3:$C$44,"Storage (General)",$G$3:$G$44) -> 0.038059758
Q60: Storage, Commercial/Industrial (Refrigerated) | R60: =SUMIF($C$3:$C$44,"Storage, Commercial/Industrial (Refrigerated)",$H$3:$H$44) -> 251.72 | S60: =SUMIF($C$3:$C$44,"Storage, Commercial/Industrial (Refrigerated)",$G$3:$G$44) -> 0.001439889
Q61: Theater Area (Performance) | R61: =SUMIF($C$3:$C$44,"Theater Area (Performance)",$H$3:$H$44) -> 1065.56 | S61: =SUMIF($C$3:$C$44,"Theater Area (Performance)",$G$3:$G$44) -> 0.030476087
Q62: Laboratory, Scientific | R62: =SUMIF($C$3:$C$44,"Laboratory, Scientific",$H$3:$H$44) -> 5307 | S62: =SUMIF($C$3:$C$44,"Laboratory, Scientific",$G$3:$G$44) -> 0.030357107
Q63: Library (Reading Area) | R63: =SUMIF($C$3:$C$44,"Library (Reading Area)",$H$3:$H$44) -> 1197.13 | S63: =SUMIF($C$3:$C$44,"Library (Reading Area)",$G$3:$G$44) -> 0.0068478243
Q64: Classroom, Lecture, Training, Vocational Areas | R64: =SUMIF($C$3:$C$44,"Classroom, Lecture, Training, Vocational Areas",$H$3:$H$44) -> 14492.4 | S64: =SUMIF($C$3:$C$44,"Classroom, Lecture, Training, Vocational Areas",$G$3:$G$44) -> 0.38286244
Q65: Wood/Metal Shop Classroom | R65: =SUMIF($C$3:$C$44,"Wood/Metal Shop Classroom",$H$3:$H$44) -> 6934.68 | S65: =SUMIF($C$3:$C$44,"Wood/Metal Shop Classroom",$G$3:$G$44) -> 0.039667764
Q66: Exercise/Fitness Center and Gymnasium Areas | R66: =SUMIF($C$3:$C$44,"Exercise/Fitness Center and Gymnasium Areas",$H$3:$H$44) -> 21890.14 | S66: =SUMIF($C$3:$C$44,"Exercise/Fitness Center and Gymnasium Areas",$G$3:$G$44) -> 0.125216
Q67: Locker Room | R67: =SUMIF($C$3:$C$44,"Locker Room",$H$3:$H$44) -> 7632.74 | S67: =SUMIF($C$3:$C$44,"Locker Room",$G$3:$G$44) -> 0.043660807
Q68: Total | R68: =SUM(R50:R67) -> 79502.25 | S68: =SUM(S50:S67) -> 1

Sheet Envelope
A1: ="Envelope - "&Prototype!A2 -> Envelope - SchoolHigh
A2: Element | B2: Prototype | C2: Assembly Type | D2: Construction | E2: Thermal properties | F2: Vintage | G2: Selected T24 | H2: Notes | I2: CZ1 | J2: CZ2 | K2: CZ3 | L2: CZ4 | M2: CZ5 | N2: CZ6 | O2: CZ7 | P2: CZ8 | Q2: CZ9 | R2: CZ10 | S2: CZ11 | T2: CZ12 | U2: CZ13 | V2: CZ14 | W2: CZ15 | X2: CZ16
A3: External Wall | B3: =Prototype!A2 -> SchoolHigh | C3: ExtWall_MetalFramed_NonRes | D3: Metal frame + insulation + Gypsum board | E3: U-value IP | F3: Pre 1978 | G3: N/A | H3: ASHRAE 90.1-2022 Table A3.3.3.1 (metal-framed), 3.5 in., R-0, U-0.352 all CZ | I3: 0.352 | J3: 0.352 | K3: 0.352 | L3: 0.352 | M3: 0.352 | N3: 0.352 | O3: 0.352 | P3: 0.352 | Q3: 0.352 | R3: 0.352 | S3: 0.352 | T3: 0.352 | U3: 0.352 | V3: 0.352 | W3: 0.352 | X3: 0.352
F4: 1978-1997 | G4: 1992 | H4: TABLE NO. 1-I | I4: 0.182 | J4: 0.189 | K4: 0.189 | L4: 0.189 | M4: 0.189 | N4: 0.189 | O4: 0.189 | P4: 0.189 | Q4: 0.189 | R4: 0.189 | S4: 0.182 | T4: 0.182 | U4: 0.182 | V4: 0.182 | W4: 0.182 | X4: 0.182
F5: 1998-2007 | G5: 2001 | H5: Table 1-H metal frame | I5: 0.182 | J5: 0.182 | K5: 0.189 | L5: 0.189 | M5: 0.189 | N5: 0.189 | O5: 0.189 | P5: 0.189 | Q5: 0.189 | R5: 0.182 | S5: 0.182 | T5: 0.182 | U5: 0.182 | V5: 0.182 | W5: 0.182 | X5: 0.182
F6: 2008-2018 | G6: 2013 | H6: Table 140.3-B metal-framed | I6: 0.098 | J6: 0.062 | K6: 0.082 | L6: 0.062 | M6: 0.062 | N6: 0.098 | O6: 0.098 | P6: 0.062 | Q6: 0.062 | R6: 0.062 | S6: 0.062 | T6: 0.062 | U6: 0.062 | V6: 0.062 | W6: 0.062 | X6: 0.062
F7: 2019+ | G7: 2025 | H7: Table 140.3-B (2025) Metal-framed walls | I7: 0.06 | J7: 0.055 | K7: 0.071 | L7: 0.055 | M7: 0.055 | N7: 0.06 | O7: 0.06 | P7: 0.055 | Q7: 0.055 | R7: 0.055 | S7: 0.055 | T7: 0.055 | U7: 0.055 | V7: 0.055 | W7: 0.055 | X7: 0.055
A8: Roof | B8: =$B$3 -> SchoolHigh | C8: FlatRoof_WoodFramedAndOther_NonRes | D8: Built-up Roof roof membrane+roof insulation+metal decking | E8: U-value IP | F8: Pre 1978 | G8: N/A | H8: Considering 30 years for roof/insulation replacement | I8: 0.057 | J8: 0.057 | K8: 0.057 | L8: 0.057 | M8: 0.057 | N8: 0.078 | O8: 0.078 | P8: 0.078 | Q8: 0.078 | R8: 0.078 | S8: 0.057 | T8: 0.057 | U8: 0.057 | V8: 0.057 | W8: 0.057 | X8: 0.057
F9: 1978-1997 | G9: N/A | I9: 0.057 | J9: 0.057 | K9: 0.057 | L9: 0.057 | M9: 0.057 | N9: 0.078 | O9: 0.078 | P9: 0.078 | Q9: 0.078 | R9: 0.078 | S9: 0.057 | T9: 0.057 | U9: 0.057 | V9: 0.057 | W9: 0.057 | X9: 0.057
F10: 1998-2007 | G10: 2001 | H10: Table 1-H | I10: 0.057 | J10: 0.057 | K10: 0.057 | L10: 0.057 | M10: 0.057 | N10: 0.078 | O10: 0.078 | P10: 0.078 | Q10: 0.078 | R10: 0.057 | S10: 0.057 | T10: 0.057 | U10: 0.057 | V10: 0.057 | W10: 0.057 | X10: 0.057
F11: 2008-2018 | G11: 2013 | H11: Table 140.3-B | I11: 0.049 | J11: 0.039 | K11: 0.039 | L11: 0.039 | M11: 0.049 | N11: 0.075 | O11: 0.067 | P11: 0.067 | Q11: 0.039 | R11: 0.039 | S11: 0.039 | T11: 0.039 | U11: 0.039 | V11: 0.039 | W11: 0.039 | X11: 0.039
F12: 2019+ | G12: 2025 | H12: Table 140.3-B | I12: 0.028 | J12: 0.028 | K12: 0.028 | L12: 0.028 | M12: 0.028 | N12: 0.047 | O12: 0.047 | P12: 0.047 | Q12: 0.028 | R12: 0.028 | S12: 0.028 | T12: 0.028 | U12: 0.028 | V12: 0.028 | W12: 0.028 | X12: 0.028
A13: Windows | B13: =$B$3 -> SchoolHigh | C13: FixedWindow_NonRes | D13: Single pane | E13: U-value IP | F13: Pre 1978 | G13: N/A | H13: ASHRAE Handbook of Fundamentals (Table 4-Ch15) for single pane & T24, 2013 for double pane (33%-67%)* | I13: =0.33*1.12+0.67*I16 -> 0.6108 | J13: =0.33*1.12+0.67*J16 -> 0.6108 | K13: =0.33*1.12+0.67*K16 -> 0.6108 | L13: =0.33*1.12+0.67*L16 -> 0.6108 | M13: =0.33*1.12+0.67*M16 -> 0.6108 | N13: =0.33*1.12+0.67*N16 -> 0.6108 | O13: =0.33*1.12+0.67*O16 -> 0.6108 | P13: =0.33*1.12+0.67*P16 -> 0.6108 | ... X13: =0.33*1.12+0.67*X16 -> 0.6108
F14: 1978-1997 | G14: N/A | I14: =0.33*1.12+0.67*I16 -> 0.6108 | J14: =0.33*1.12+0.67*J16 -> 0.6108 | K14: =0.33*1.12+0.67*K16 -> 0.6108 | L14: =0.33*1.12+0.67*L16 -> 0.6108 | M14: =0.33*1.12+0.67*M16 -> 0.6108 | N14: =0.33*1.12+0.67*N16 -> 0.6108 | O14: =0.33*1.12+0.67*O16 -> 0.6108 | P14: =0.33*1.12+0.67*P16 -> 0.6108 | ... X14: =0.33*1.12+0.67*X16 -> 0.6108
D15: Double pane | F15: 1998-2007 | G15: 2001 | H15: Table 1-H | I15: 0.49 | J15: 0.49 | K15: 0.81 | L15: 0.81 | M15: 0.81 | N15: 0.81 | O15: 0.81 | P15: 0.81 | Q15: 0.81 | R15: 0.49 | S15: 0.49 | T15: 0.49 | U15: 0.49 | V15: 0.49 | W15: 0.49 | X15: 0.49
F16: 2008-2018 | G16: 2013 | H16: Table 140.3-B | I16: 0.36 | J16: 0.36 | K16: 0.36 | L16: 0.36 | M16: 0.36 | N16: 0.36 | O16: 0.36 | P16: 0.36 | Q16: 0.36 | R16: 0.36 | S16: 0.36 | T16: 0.36 | U16: 0.36 | V16: 0.36 | W16: 0.36 | X16: 0.36
F17: 2019+ | G17: 2025 | H17: Table 140.3-B | I17: 0.36 | J17: 0.36 | K17: 0.36 | L17: 0.36 | M17: 0.36 | N17: 0.36 | O17: 0.36 | P17: 0.36 | Q17: 0.34 | R17: 0.36 | S17: 0.34 | T17: 0.34 | U17: 0.34 | V17: 0.34 | W17: 0.34 | X17: 0.36
B18: =$B$3 -> SchoolHigh | C18: FixedWindow_NonRes | D18: Single pane | E18: SHGC | F18: Pre 1978 | G18: N/A | H18: ASHRAE Handbook of Fundamentals (Table 10-Ch15) for single pane & T24, 2013 for double pane (33%-67%)* | I18: =0.79*0.33+0.67*I21 -> 0.4282 | J18: =0.79*0.33+0.67*J21 -> 0.4282 | K18: =0.79*0.33+0.67*K21 -> 0.4282 | L18: =0.79*0.33+0.67*L21 -> 0.4282 | M18: =0.79*0.33+0.67*M21 -> 0.4282 | N18: =0.79*0.33+0.67*N21 -> 0.4282 | O18: =0.79*0.33+0.67*O21 -> 0.4282 | P18: =0.79*0.33+0.67*P21 -> 0.4282 | ... X18: =0.79*0.33+0.67*X21 -> 0.4282
F19: 1978-1997 | G19: N/A | I19: =0.79*0.33+0.67*I21 -> 0.4282 | J19: =0.79*0.33+0.67*J21 -> 0.4282 | K19: =0.79*0.33+0.67*K21 -> 0.4282 | L19: =0.79*0.33+0.67*L21 -> 0.4282 | M19: =0.79*0.33+0.67*M21 -> 0.4282 | N19: =0.79*0.33+0.67*N21 -> 0.4282 | O19: =0.79*0.33+0.67*O21 -> 0.4282 | P19: =0.79*0.33+0.67*P21 -> 0.4282 | ... X19: =0.79*0.33+0.67*X21 -> 0.4282
D20: Double pane | F20: 1998-2007 | G20: 2001 | H20: Table 1-H — WWR ≤10% (prototype 6.86%), SHGC non-north. | I20: 0.43 | J20: 0.31 | K20: 0.41 | L20: 0.41 | M20: 0.41 | N20: 0.34 | O20: 0.34 | P20: 0.34 | Q20: 0.34 | R20: 0.31 | S20: 0.31 | T20: 0.31 | U20: 0.31 | V20: 0.31 | W20: 0.31 | X20: 0.43
F21: 2008-2018 | G21: 2013 | H21: Table 140.3-B | I21: 0.25 | J21: 0.25 | K21: 0.25 | L21: 0.25 | M21: 0.25 | N21: 0.25 | O21: 0.25 | P21: 0.25 | Q21: 0.25 | R21: 0.25 | S21: 0.25 | T21: 0.25 | U21: 0.25 | V21: 0.25 | W21: 0.25 | X21: 0.25
F22: 2019+ | G22: 2025 | H22: Table 140.3-B | I22: 0.25 | J22: 0.25 | K22: 0.25 | L22: 0.25 | M22: 0.25 | N22: 0.25 | O22: 0.25 | P22: 0.25 | Q22: 0.22 | R22: 0.25 | S22: 0.22 | T22: 0.22 | U22: 0.22 | V22: 0.22 | W22: 0.22 | X22: 0.25
A23: Skylight | B23: SchoolHigh | C23: Skylight | D23: Plastic curb-mounted | E23: U-factor IP | F23: Pre 1978 | G23: 1992 | H23: Table 1-I Translucent (1992 term for this plastic curb product). CalBEM skylight 1,825 ft² vs CEC 547 ft²; SRR ~0.4–1.4% (0–2% bin). | I23: 0.85 | J23: 1.31 | K23: 1.31 | L23: 1.31 | M23: 1.31 | N23: 1.31 | O23: 1.31 | P23: 1.31 | Q23: 1.31 | R23: 1.31 | S23: 0.85 | T23: 0.85 | U23: 0.85 | V23: 0.85 | W23: 0.85 | X23: 0.85
F24: 1978-1997 | G24: 1992 | I24: 0.85 | J24: 1.31 | K24: 1.31 | L24: 1.31 | M24: 1.31 | N24: 1.31 | O24: 1.31 | P24: 1.31 | Q24: 1.31 | R24: 1.31 | S24: 0.85 | T24: 0.85 | U24: 0.85 | V24: 0.85 | W24: 0.85 | X24: 0.85
F25: 1998-2007 | G25: 2001 | H25: Table 1-H plastic w/curb U-factor (U does not vary by SRR). | I25: 0.87 | J25: 1.1 | K25: 1.3 | L25: 1.3 | M25: 1.3 | N25: 1.3 | O25: 1.3 | P25: 1.3 | Q25: 1.3 | R25: 1.1 | S25: 1.1 | T25: 1.1 | U25: 1.1 | V25: 1.1 | W25: 1.1 | X25: 0.87
F26: 2008-2018 | G26: 2013 | H26: Table 140.3-B | I26: 0.88 | J26: 0.88 | K26: 0.88 | L26: 0.88 | M26: 0.88 | N26: 0.88 | O26: 0.88 | P26: 0.88 | Q26: 0.88 | R26: 0.88 | S26: 0.88 | T26: 0.88 | U26: 0.88 | V26: 0.88 | W26: 0.88 | X26: 0.88
F27: 2019+ | G27: 2025 | H27: Table 140.3-B | I27: 0.88 | J27: 0.88 | K27: 0.88 | L27: 0.88 | M27: 0.88 | N27: 0.88 | O27: 0.88 | P27: 0.88 | Q27: 0.88 | R27: 0.88 | S27: 0.88 | T27: 0.88 | U27: 0.88 | V27: 0.88 | W27: 0.88 | X27: 0.88
E28: SHGC | F28: Pre 1978 | G28: 1992 | H28: Table 1-I Translucent SHGC (1992 term; same plastic curb product). | I28: 0.81 | J28: 0.86 | K28: 0.86 | L28: 0.86 | M28: 0.86 | N28: 0.86 | O28: 0.86 | P28: 0.86 | Q28: 0.86 | R28: 0.86 | S28: 0.81 | T28: 0.81 | U28: 0.81 | V28: 0.81 | W28: 0.81 | X28: 0.81
F29: 1978-1997 | G29: 1992 | I29: 0.81 | J29: 0.86 | K29: 0.86 | L29: 0.86 | M29: 0.86 | N29: 0.86 | O29: 0.86 | P29: 0.86 | Q29: 0.86 | R29: 0.86 | S29: 0.81 | T29: 0.81 | U29: 0.81 | V29: 0.81 | W29: 0.81 | X29: 0.81
F30: 1998-2007 | G30: 2001 | H30: Table 1-H plastic w/curb, SRR 0–2% (High ~0.4% CEC / ~1.4% CalBEM). Not 2.1–5%. | I30: 0.77 | J30: 0.77 | K30: 0.79 | L30: 0.79 | M30: 0.79 | N30: 0.77 | O30: 0.77 | P30: 0.77 | Q30: 0.77 | R30: 0.77 | S30: 0.77 | T30: 0.77 | U30: 0.77 | V30: 0.71 | W30: 0.71 | X30: 0.77
F31: 2008-2018 | G31: 2013 | H31: Table 140.3-B plastic curb SHGC = NR; used 2001 Table 1-H 0–2% SRR. | I31: 0.77 | J31: 0.77 | K31: 0.79 | L31: 0.79 | M31: 0.79 | N31: 0.77 | O31: 0.77 | P31: 0.77 | Q31: 0.77 | R31: 0.77 | S31: 0.77 | T31: 0.77 | U31: 0.77 | V31: 0.71 | W31: 0.71 | X31: 0.77
F32: 2019+ | G32: 2025 | H32: Table 140.3-B (2025) plastic curb SHGC = NR; same 2001 0–2% SRR values. | I32: 0.77 | J32: 0.77 | K32: 0.79 | L32: 0.79 | M32: 0.79 | N32: 0.77 | O32: 0.77 | P32: 0.77 | Q32: 0.77 | R32: 0.77 | S32: 0.77 | T32: 0.77 | U32: 0.77 | V32: 0.71 | W32: 0.71 | X32: 0.77
A34: Floor: SlabOnGrade_Unheated_NonRes is a 4 in. concrete slab-on-grade with no insulation. It is the same for every vintage (F-factor 0.73), so it is documented here instead of as a table row.
C36: Infiltration
D37: Building | E37: Zones | F37: Vintage | G37: I_75 6-Sided Inifltration rate @ 75 pa | H37: Note | I37: I-design (cfm/ft²) (4-sided Infiltration rate at normal presure) (Design flow rate approach and Flow/Exterior Wall Area calulation method)
C38: Infiltration | D38: SchoolHigh Admin/MPR | F38: Pre 1978 | G38: 1.1 | H38: 2022 CASE report (Table 38) | I38: =0.112*G38*#REF! -> #REF! | Z38: Floor or roof area (ft2) | AA38: 55686.18
F39: 1978-1997 | G39: 1.1 | H39: 2022 CASE report (Table 38) | I39: =0.112*G39*#REF! -> #REF! | Z39: Walls area (ft2) | AA39: 14075
F40: 1998-2007 | G40: 1.1 | H40: 2022 CASE report (Table 38) | I40: =0.112*G40*#REF! -> #REF! | Z40: Building 4 sided area (ft2)= | AA40: =AA39 -> 14075
F41: 2008-2018 | G41: 1 | H41: 2022 CASE report (Table 38) & T24, 2008-2016 (Table 140.3-B)--Air barrier is required in CZ 10-16 | I41: =0.112*G41*#REF! -> #REF! | Z41: Building 6 sided area (ft2)= | AA41: =AA39+(2*AA38) -> 125447.36
F42: 2019+ | G42: 0.6 | H42: 2022 CASE report (Table 38) & T24, 2025 (Table 140.3-B)--Air barrier is required in all CZs | I42: =0.112*G42*#REF! -> #REF!
D43: SchoolHigh Lab Classrooms | F43: Pre 1978 | G43: 1.1 | H43: 2022 CASE report (Table 38) | I43: =0.112*G43*#REF! -> #REF! | Z43: Floor or roof area (ft2) | AA43: 8829.95
F44: 1978-1997 | G44: 1.1 | H44: 2022 CASE report (Table 38) | I44: =0.112*G44*#REF! -> #REF! | Z44: Walls area (ft2) | AA44: 9156
F45: 1998-2007 | G45: 1.1 | H45: 2022 CASE report (Table 38) | I45: =0.112*G45*#REF! -> #REF! | Z45: Building 4 sided area (ft2)= | AA45: =AA44 -> 9156
F46: 2008-2018 | G46: 1 | H46: 2022 CASE report (Table 38) & T24, 2008-2016 (Table 140.3-B)--Air barrier is required in CZ 10-16 | I46: =0.112*G46*#REF! -> #REF! | Z46: Building 6 sided area (ft2)= | AA46: =AA44+(2*AA43) -> 26815.9
F47: 2019+ | G47: 0.6 | H47: 2022 CASE report (Table 38) & T24, 2025 (Table 140.3-B)--Air barrier is required in all CZs | I47: =0.112*G47*#REF! -> #REF!
D48: SchoolHigh North Classrooms | F48: Pre 1978 | G48: 1.1 | H48: 2022 CASE report (Table 38) | I48: =0.112*G48*#REF! -> #REF! | Z48: Floor or roof area (ft2) | AA48: 72139.16
F49: 1978-1997 | G49: 1.1 | H49: 2022 CASE report (Table 38) | I49: =0.112*G49*#REF! -> #REF! | Z49: Walls area (ft2) | AA49: 15036
F50: 1998-2007 | G50: 1.1 | H50: 2022 CASE report (Table 38) | I50: =0.112*G50*#REF! -> #REF! | Z50: Building 4 sided area (ft2)= | AA50: =AA49 -> 15036
F51: 2008-2018 | G51: 1 | H51: 2022 CASE report (Table 38) & T24, 2008-2016 (Table 140.3-B)--Air barrier is required in CZ 10-16 | I51: =0.112*G51*#REF! -> #REF! | Z51: Building 6 sided area (ft2)= | AA51: =AA49+(2*AA48) -> 159314.32
F52: 2019+ | G52: 0.6 | H52: 2022 CASE report (Table 38) & T24, 2025 (Table 140.3-B)--Air barrier is required in all CZs | I52: =0.112*G52*#REF! -> #REF!
D53: SchoolHigh Shop Classrooms | F53: Pre 1978 | G53: 1.1 | H53: 2022 CASE report (Table 38) | I53: =0.112*G53*#REF! -> #REF! | Z53: Floor or roof area (ft2) | AA53: 8640.86
F54: 1978-1997 | G54: 1.1 | H54: 2022 CASE report (Table 38) | I54: =0.112*G54*#REF! -> #REF! | Z54: Walls area (ft2) | AA54: 6636
F55: 1998-2007 | G55: 1.1 | H55: 2022 CASE report (Table 38) | I55: =0.112*G55*#REF! -> #REF! | Z55: Building 4 sided area (ft2)= | AA55: =AA54 -> 6636
F56: 2008-2018 | G56: 1 | H56: 2022 CASE report (Table 38) & T24, 2008-2016 (Table 140.3-B)--Air barrier is required in CZ 10-16 | I56: =0.112*G56*#REF! -> #REF! | Z56: Building 6 sided area (ft2)= | AA56: =AA54+(2*AA53) -> 23917.72
F57: 2019+ | G57: 0.6 | H57: 2022 CASE report (Table 38) & T24, 2025 (Table 140.3-B)--Air barrier is required in all CZs | I57: =0.112*G57*#REF! -> #REF!
D58: SchoolHigh Sports | F58: Pre 1978 | G58: 1.1 | H58: 2022 CASE report (Table 38) | I58: =0.112*G58*#REF! -> #REF! | Z58: Floor or roof area (ft2) | AA58: 29522.88
F59: 1978-1997 | G59: 1.1 | H59: 2022 CASE report (Table 38) | I59: =0.112*G59*#REF! -> #REF! | Z59: Walls area (ft2) | AA59: 27200
F60: 1998-2007 | G60: 1.1 | H60: 2022 CASE report (Table 38) | I60: =0.112*G60*#REF! -> #REF! | Z60: Building 4 sided area (ft2)= | AA60: =AA59 -> 27200
F61: 2008-2018 | G61: 1 | H61: 2022 CASE report (Table 38) & T24, 2008-2016 (Table 140.3-B)--Air barrier is required in CZ 10-16 | I61: =0.112*G61*#REF! -> #REF! | Z61: Building 6 sided area (ft2)= | AA61: =AA59+(2*AA58) -> 86245.76
F62: 2019+ | G62: 0.6 | H62: 2022 CASE report (Table 38) & T24, 2025 (Table 140.3-B)--Air barrier is required in all CZs | I62: =0.112*G62*#REF! -> #REF!
E63: Source: T24 air barrier requirements (all editions) and the standardized infiltration rate reported in the 2022 CASE report and Dodge 2023 data
E64: Air Lekage Memo: | G64: Infiltration_rate_report_14May2025-Short-Version.docx

Sheet HVAC System
A1: ="HVAC system - "&Prototype!A2 -> HVAC system - SchoolHigh
A2: Vintage | B2: Zones | C2: Heating | D2: Cooling | E2: Air Distribution | F2: Other Systems | G2: Source | H2: Note
A3: Exisiting | B3: All Space Types except MPR/refrigerated storage | C3: Gas Furnace | D3: PSZAC (DX cooling) | E3: CAV | F3: OA mixing. Air-side economizer: not modeled (see Economizer / ERV). | G3: Engineering Judgement | H3: System 3a
B4: Admin/MPR Multipurpose Room / Cafeteria | C4: SZHP (DX heating) | D4: SZHP (DX cooling) | E4: SZVAV (single-zone VAV) | F4: OA mixing. Air-side economizer: not modeled (see Economizer / ERV). | G4: Engineering Judgement | H4: VAV:NoReheat terminal, Fan:VariableVolume for the tall MPR/cafeteria volume. Theater and other Admin zones remain CAV.
B5: Admin/MPR_Storage - Refrigerated | C5: n/a (walk-in refrigeration) | D5: Walk-in cooler (not PSZ DX) | E5: n/a | F5: n/a — walk-in refrigeration, not an air-side HVAC OA system. | G5: Engineering Judgement | H5: Refrigeration system; 35°F product; equipment W/ft² on Equipment tab.
A6: New Construction | B6: All Space Types except MPR and refrigerated storage | C6: SZHP | D6: SZHP | E6: CAV | F6: OA mixing. Air-side economizer: not modeled (see Economizer / ERV). | G6: ACM 2025 | H6: System 3b
B7: Admin/MPR Multipurpose Room / Cafeteria | C7: SZHP (DX heating) | D7: SZHP (DX cooling) | E7: SZVAV (single-zone VAV) | F7: OA mixing. Air-side economizer: not modeled (see Economizer / ERV). | G7: Engineering Judgement | H7: VAV:NoReheat terminal, Fan:VariableVolume for the tall MPR/cafeteria volume. Theater and other Admin zones remain CAV.
B8: Admin/MPR_Storage - Refrigerated | C8: n/a (walk-in refrigeration) | D8: Walk-in cooler (not PSZ DX) | E8: n/a | F8: n/a — walk-in refrigeration, not an air-side HVAC OA system. | G8: Engineering Judgement | H8: Refrigeration system; 35°F product; equipment W/ft² on Equipment tab.
A13: Efficiency of HVAC System (Efficiency is capacity-dependent. The following table provides a general estimate of system efficiency based on preliminary simulations in one climate zone, or assuming cooling load based on rule of thumb)
A14: Vintage | B14: Upgrade/Installed year | C14: Gas Furnace | D14: Heating DX | E14: Cooling DX | F14: Sources | G14: Note
A15: Pre 1978 | B15: 2008 | C15: Thermal Efficiency of 80% | D15: n/a | E15: EER 11.2 for <65 kBtu/h EER 10.3 for 65-135 kBtu/h | F15: 2005 Title 20 Appliance Efficiency Regulations, 2005 T24 Standards, Tables 112-A, 112-B
A16: 1978-1997
A17: 1998-2007
A18: 2008-2018 | B18: 2013 | C18: Thermal Efficiency of 80% | D18: n/a | E18: EER 11.2 for <65 kBtu/h EER 11.2 for 65–135 kBtu/h | F18: 2013 Title 20 Appliance Efficiency Regulations, 2013 T24 Tables 110.2 | G18: 2013 T24 Table 110.2-A (air-cooled packaged AC). Existing vintage is PSZAC + gas furnace, not HP.
A19: New Construction | B19: 2025 | C19: n/a | D19: Heating @ 47°F: <65 kBtu/h (AHRI 210/240): federal minimum HSPF2 / 10 CFR 430 65–135 kBtu/h: COP 3.40 (10 CFR 431 / T24 Table 110.2-B) Heating @ 17°F: COP 2.25 (Table 110.2-B) | E19: <65 kBtu/h packaged HP (10 CFR 430.32): SEER2 13.4 (pair to HSPF2 6.7) 65–135 kBtu/h: EER 11.0 + federal min IEER (Table 110.2-B) 135–240 kBtu/h: EER 10.6 + federal min IEER (MPR bin) ≥240 kBtu/h: EER 9.5 + federal min IEER | F19: T24 2025 Table 110.2-B; 10 CFR 431.97 (COP @ 47°F); 10 CFR 430.32 (HSPF2/SEER2 <65 kBtu/h); AHRI 340/360 (≥65) / AHRI 210/240 (<65)
C21: * Et = Combustion efficiency | D21: * Et = Thermal efficiency
A23: Fan power
A24: Vintage | B24: Approach | C24: System | D24: Total Static Pressure (TSP) (in w.c.) | E24: Fan Efficiency [ACM 2025] | F24: Motor Efficiency | G24: Fan Power Index (W/cfm) | H24: Data Source
A25: Existing | B25: PNNL 90.1-2011, TSP | C25: CAV, PSZ classrooms/admin (except MPR/cafeteria), design airflow < 7,437 cfm | D25: 2.5 | E25: 0.65 | F25: ASHRAE 90.1, 2004, Table 10.8 * | H25: Fan power formula: PNNL 20405, 2010, section 5.2.2.5 TSP and fan efficiency: PNNL 20405, 2010, Table 5.11, 90.1-04ac values Motor and drive efficiency: ASHRAE 90.1, 2004, Table 10.8 | I25: PNNL 20405, 2010, Table 5.11
C26: SZVAV, Admin/MPR Multipurpose Room / Cafeteria, VAV > 4,648 cfm | D26: 5.58
A27: Brake horsepower (bhp) = (Supply cfm × TSP in w.c.) / (6356 × fan efficiency)
A28: Fan power (w/cfm) = (bhp × 746) / ( supply cfm × motor efficiency )
A29: New Construction | B29: ACM 2025 | C29: SZHP (System 3b), CAV classrooms/admin, ≤5,000 cfm | D29: TSP = fan power × motor efficiency × fan efficiency × 6356 / 746 | E29: 0.65 | F29: 2025 ACM Table 12 ** | G29: 0.744 | H29: Fan power index: [ACM 2025, Table 13] Motor efficiency: [ACM 2025, Table 12]
C30: SZVAVHP (System 7b), MPR/cafeteria, >10,000 cfm | D30: TSP = fan power × motor efficiency × fan efficiency × 6356 / 746 | G30: 0.676
A32: * According to PNNL 20405 section 5.2.2.5, the full-load efficiency of the motor serving the fan is taken from ASHRAE 90.1, 2004, Table 10.8, based on motor nameplate and assuming enclosed motors operating at 1,800 rotations per minute (rpm) Motor nameplate size (bhp) = brake horsepower (bhp) × 1.1 ( using a 10% oversizing factor)
A33: ** The full‑load efficiency of the motor serving the fan is taken from ACM 2025 Table 12 based on the cfm of the fan. Brake horsepower (bhp) = (Supply cfm from sizing run × fan power in W/cfm) / 746. Note: Packaged SZHP. Same index as Hotel Small System 3b ≤5,000 cfm. Note: Single-zone VAV heat pump, not System 6. ACM System 7b >10,000 cfm = 0.676; >5,000–10,000 cfm = 0.720. PNNL row was VAV >4,648 cfm.
A34: Economizer / ERV | B34: Air-side economizer: not modeled. EnergyPlus Controller:OutdoorAir Economizer Control Type = NoEconomizer on existing PSZAC and NC SZHP units. ERV: not modeled. T24 §140.4(e) would require an air economizer when cooling capacity ≥ 54,000 Btu/h (with listed exceptions); CBECC Standard Design uses FixedDryBulb on units that meet that threshold. This prototype does not include economizers.
A36: Background Data [To be deleted prior to publication]

Sheet Thermostat
A1: ="Thermostat Setpoints - "&Prototype!A2 -> Thermostat Setpoints - SchoolHigh
A2: Setpoint | B2: CZ1 | C2: CZ2 | D2: CZ3 | E2: CZ4 | F2: CZ5 | G2: CZ6 | H2: CZ7 | I2: CZ8 | J2: CZ9 | K2: CZ10 | L2: CZ11 | M2: CZ12 | N2: CZ13 | O2: CZ14 | P2: CZ15 | Q2: CZ16 | R2: Source
A3: School Heating Setpoint (F) | B3: 70 | C3: 70 | D3: 70 | E3: 70 | F3: 70 | G3: 70 | H3: 70 | I3: 70 | J3: 70 | K3: 70 | L3: 70 | M3: 70 | N3: 70 | O3: 70 | P3: 70 | Q3: 70 | R3: T24 2022 - Appendix 5.4B
A4: School Heating Setback (F) | B4: 60 | C4: 60 | D4: 60 | E4: 60 | F4: 60 | G4: 60 | H4: 60 | I4: 60 | J4: 60 | K4: 60 | L4: 60 | M4: 60 | N4: 60 | O4: 60 | P4: 60 | Q4: 60
A5: School Cooling Setpoint (F) | B5: 75 | C5: 75 | D5: 75 | E5: 75 | F5: 75 | G5: 75 | H5: 75 | I5: 75 | J5: 75 | K5: 75 | L5: 75 | M5: 75 | N5: 75 | O5: 75 | P5: 75 | Q5: 75 | R5: T24 2022 - Appendix 5.4B
A6: School Cooling Setback (F) | B6: 85 | C6: 85 | D6: 85 | E6: 85 | F6: 85 | G6: 85 | H6: 85 | I6: 85 | J6: 85 | K6: 85 | L6: 85 | M6: 85 | N6: 85 | O6: 85 | P6: 85 | Q6: 85
A7: Kitchen Heating Setpoint (F) | B7: 70 | C7: 70 | D7: 70 | E7: 70 | F7: 70 | G7: 70 | H7: 70 | I7: 70 | J7: 70 | K7: 70 | L7: 70 | M7: 70 | N7: 70 | O7: 70 | P7: 70 | Q7: 70 | R7: T24 2022 - Appendix 5.4B (school kitchen occupied 70/75; not commercial restaurant 66–79)
A8: Kitchen Heating Setback (F) | B8: 60 | C8: 60 | D8: 60 | E8: 60 | F8: 60 | G8: 60 | H8: 60 | I8: 60 | J8: 60 | K8: 60 | L8: 60 | M8: 60 | N8: 60 | O8: 60 | P8: 60 | Q8: 60
A9: Kitchen Cooling Setpoint (F) | B9: 75 | C9: 75 | D9: 75 | E9: 75 | F9: 75 | G9: 75 | H9: 75 | I9: 75 | J9: 75 | K9: 75 | L9: 75 | M9: 75 | N9: 75 | O9: 75 | P9: 75 | Q9: 75
A10: Kitchen Cooling Setback (F) | B10: 85 | C10: 85 | D10: 85 | E10: 85 | F10: 85 | G10: 85 | H10: 85 | I10: 85 | J10: 85 | K10: 85 | L10: 85 | M10: 85 | N10: 85 | O10: 85 | P10: 85 | Q10: 85
A11: Restrooms Heating Setpoint (F) | B11: 60 | C11: 60 | D11: 60 | E11: 60 | F11: 60 | G11: 60 | H11: 60 | I11: 60 | J11: 60 | K11: 60 | L11: 60 | M11: 60 | N11: 60 | O11: 60 | P11: 60 | Q11: 60 | R11: PNNL 90.1 Primary School bathroom (HTGSETP_SCH_Setback / CLGSETP_SCH_Setup)
A12: Restrooms Heating Setback (F) | B12: 60 | C12: 60 | D12: 60 | E12: 60 | F12: 60 | G12: 60 | H12: 60 | I12: 60 | J12: 60 | K12: 60 | L12: 60 | M12: 60 | N12: 60 | O12: 60 | P12: 60 | Q12: 60
A13: Restrooms Cooling Setpoint (F) | B13: 80 | C13: 80 | D13: 80 | E13: 80 | F13: 80 | G13: 80 | H13: 80 | I13: 80 | J13: 80 | K13: 80 | L13: 80 | M13: 80 | N13: 80 | O13: 80 | P13: 80 | Q13: 80
A14: Restrooms Cooling Setback (F) | B14: 80 | C14: 80 | D14: 80 | E14: 80 | F14: 80 | G14: 80 | H14: 80 | I14: 80 | J14: 80 | K14: 80 | L14: 80 | M14: 80 | N14: 80 | O14: 80 | P14: 80 | Q14: 80
A15: Storage and Electrical/Mechanical (non-refrigerated) Heating Setpoint (F) | B15: 60 | C15: 60 | D15: 60 | E15: 60 | F15: 60 | G15: 60 | H15: 60 | I15: 60 | J15: 60 | K15: 60 | L15: 60 | M15: 60 | N15: 60 | O15: 60 | P15: 60 | Q15: 60 | R15: Engineering Judgment (semi-conditioned storage / electrical-mechanical)
A16: Storage and Electrical/Mechanical (non-refrigerated) Heating Setback (F) | B16: 60 | C16: 60 | D16: 60 | E16: 60 | F16: 60 | G16: 60 | H16: 60 | I16: 60 | J16: 60 | K16: 60 | L16: 60 | M16: 60 | N16: 60 | O16: 60 | P16: 60 | Q16: 60
A17: Storage and Electrical/Mechanical (non-refrigerated) Cooling Setpoint (F) | B17: 85 | C17: 85 | D17: 85 | E17: 85 | F17: 85 | G17: 85 | H17: 85 | I17: 85 | J17: 85 | K17: 85 | L17: 85 | M17: 85 | N17: 85 | O17: 85 | P17: 85 | Q17: 85
A18: Storage and Electrical/Mechanical (non-refrigerated) Cooling Setback (F) | B18: 85 | C18: 85 | D18: 85 | E18: 85 | F18: 85 | G18: 85 | H18: 85 | I18: 85 | J18: 85 | K18: 85 | L18: 85 | M18: 85 | N18: 85 | O18: 85 | P18: 85 | Q18: 85
A19: Refrigerated storage setpoint (F) | B19: 35 | C19: 35 | D19: 35 | E19: 35 | F19: 35 | G19: 35 | H19: 35 | I19: 35 | J19: 35 | K19: 35 | L19: 35 | M19: 35 | N19: 35 | O19: 35 | P19: 35 | Q19: 35 | R19: Engineering judgment, medium-temp cooler within T24 28–55°F
A20: Refrigerated storage setback (F) | B20: 35 | C20: 35 | D20: 35 | E20: 35 | F20: 35 | G20: 35 | H20: 35 | I20: 35 | J20: 35 | K20: 35 | L20: 35 | M20: 35 | N20: 35 | O20: 35 | P20: 35 | Q20: 35

Sheet Ventilation
A1: ="Outdoor Airflow Rate - "&Prototype!A2 -> Outdoor Airflow Rate - SchoolHigh
A2: =Zones!C2 -> Space Type [Primarily from: T24, 2022 Appendix 5.4A] - See Notes column | B2: Space/Thermal Zone | C2: Number of People | D2: Floor Area (ft²) | E2: cfm/person [T24, 2025, Equation 120.1-F and Table 120.1-A] | F2: cfm/ft² [T24, 2025, Equation 120.1-F and Table 120.1-A] | G2: Required exhaust rate-CFM/ft²- [T24, 2025, Table 120.1-B – minimum exhaust rates] | H2: Total cfm driven by people | I2: Total cfm driven by area | J2: Total cfm driven by exhaust | K2: Total cfm | L2: Notes
A3: =Zones!C3 -> Lounge, Breakroom, or Waiting Area | B3: =Zones!B3 -> ADMIN/MPR_BREAKROOM_ZN | C3: =Zones!K3 -> 18.9816 | D3: =Zones!H3 -> 575.2 | E3: 15 | F3: 0.15 | H3: =C3*E3 -> 284.724 | I3: =D3*F3 -> 86.28 | J3: =G3*D3 -> 0 | K3: =MAX(H3,I3,J3) -> 284.724
A4: =Zones!C4 -> Dining Area (Cafeteria/Fast Food) | B4: =Zones!B4 -> ADMIN/MPR_CAFETERIA ZNS 3_ZN | C4: =Zones!K4 -> 181.90227 | D4: =Zones!H4 -> 5512.19 | E4: 15 | F4: 0.15 | H4: =C4*E4 -> 2728.534 | I4: =D4*F4 -> 826.8285 | J4: =G4*D4 -> 0 | K4: =MAX(H4,I4,J4) -> 2728.534
A5: =Zones!C5 -> Convention, Conference, Multipurpose and Meeting Area | B5: =Zones!B5 -> ADMIN/MPR_CONFERENCE ROOM ZNS 3_ZN | C5: =Zones!K5 -> 55.26642 | D5: =Zones!H5 -> 1674.74 | E5: 15 | F5: 0.15 | H5: =C5*E5 -> 828.9963 | I5: =D5*F5 -> 251.211 | J5: =G5*D5 -> 0 | K5: =MAX(H5,I5,J5) -> 828.9963
A6: =Zones!C6 -> Corridor Area | B6: =Zones!B6 -> ADMIN/MPR_CORRIDOR_ZN | C6: =Zones!K6 -> 5.8076 | D6: =Zones!H6 -> 1161.52 | E6: 15 | F6: 0.15 | H6: =C6*E6 -> 87.114 | I6: =D6*F6 -> 174.228 | J6: =G6*D6 -> 0 | K6: =MAX(H6,I6,J6) -> 174.228
A7: =Zones!C7 -> Electrical, Mechanical, Telephone Rooms | B7: =Zones!B7 -> ADMIN/MPR_EMT_ZN | C7: =Zones!K7 -> 1.39105 | D7: =Zones!H7 -> 278.21 | E7: 15 | F7: 0.15 | H7: =C7*E7 -> 20.86575 | I7: =D7*F7 -> 41.7315 | J7: =G7*D7 -> 0 | K7: =MAX(H7,I7,J7) -> 41.7315
A8: =Zones!C8 -> Electrical, Mechanical, Telephone Rooms | B8: =Zones!B8 -> ADMIN/MPR_IDF ROOM_ZN | C8: =Zones!K8 -> 1.70115 | D8: =Zones!H8 -> 340.23 | E8: 15 | F8: 0.15 | H8: =C8*E8 -> 25.51725 | I8: =D8*F8 -> 51.0345 | J8: =G8*D8 -> 0 | K8: =MAX(H8,I8,J8) -> 51.0345
A9: =Zones!C9 -> Kitchen/Food Preparation Area | B9: =Zones!B9 -> ADMIN/MPR_KITCHEN_ZN | C9: =Zones!K9 -> 4.37175 | D9: =Zones!H9 -> 1457.25 | E9: 15 | F9: 0.15 | G9: 0.7 | H9: =C9*E9 -> 65.57625 | I9: =D9*F9 -> 218.5875 | J9: =G9*D9 -> 1020.075 | K9: =MAX(H9,I9,J9) -> 1020.075 | L9: Table 120.1-B commercial kitchen exhaust, 0.70 cfm/ft². This is the kitchen hood rate.
A10: =Zones!C10 -> Lobby, Main Entry | B10: =Zones!B10 -> ADMIN/MPR_LOBBY_ZN | C10: =Zones!K10 -> 40.96851 | D10: =Zones!H10 -> 1241.47 | E10: 15 | F10: 0.15 | H10: =C10*E10 -> 614.52765 | I10: =D10*F10 -> 186.2205 | J10: =G10*D10 -> 0 | K10: =MAX(H10,I10,J10) -> 614.52765
A11: =Zones!C11 -> Office Area (<250 square feet) | B11: =Zones!B11 -> ADMIN/MPR_OFFICE - LT 250 SF ZNS 6_ZN | C11: =Zones!K11 -> 5.24175 | D11: =Zones!H11 -> 1048.35 | E11: 15 | F11: 0.15 | H11: =C11*E11 -> 78.62625 | I11: =D11*F11 -> 157.2525 | J11: =G11*D11 -> 0 | K11: =MAX(H11,I11,J11) -> 157.2525
A12: =Zones!C12 -> Restrooms | B12: =Zones!B12 -> ADMIN/MPR_RESTROOM ZNS 3_ZN | C12: =Zones!K12 -> 4.50585 | D12: =Zones!H12 -> 901.17 | E12: 0 | F12: 0 | G12: 0.5 | H12: =C12*E12 -> 0 | I12: =D12*F12 -> 0 | J12: =G12*D12 -> 450.585 | K12: =MAX(H12,I12,J12) -> 450.585 | L12: Exhaust 0.50 cfm/ft² on every restroom, same as School K-8.
A13: =Zones!C13 -> Storage (General) | B13: =Zones!B13 -> ADMIN/MPR_STORAGE - GENERAL_ZN | C13: =Zones!K13 -> 6.23865 | D13: =Zones!H13 -> 1247.73 | E13: 15 | F13: 0.15 | H13: =C13*E13 -> 93.57975 | I13: =D13*F13 -> 187.1595 | J13: =G13*D13 -> 0 | K13: =MAX(H13,I13,J13) -> 187.1595
A14: =Zones!C14 -> Storage, Commercial/Industrial (Refrigerated) | B14: =Zones!B14 -> ADMIN/MPR_STORAGE - REFRIGERATED_ZN | C14: =Zones!K14 -> 0 | D14: =Zones!H14 -> 251.72 | E14: 0 | F14: 0 | H14: =C14*E14 -> 0 | I14: =D14*F14 -> 0 | J14: =G14*D14 -> 0 | K14: =MAX(H14,I14,J14) -> 0
A15: =Zones!C15 -> Theater Area (Performance) | B15: =Zones!B15 -> ADMIN/MPR_THEATER - PERFORMANCE_ZN | C15: =Zones!K15 -> 35.16348 | D15: =Zones!H15 -> 1065.56 | E15: 15 | F15: 0.15 | H15: =C15*E15 -> 527.4522 | I15: =D15*F15 -> 159.834 | J15: =G15*D15 -> 0 | K15: =MAX(H15,I15,J15) -> 527.4522
A16: =Zones!C16 -> Electrical, Mechanical, Telephone Rooms | B16: =Zones!B16 -> CLASSRM LAB_FLR 1_EMT-01_ZN | C16: =Zones!K16 -> 0.60505 | D16: =Zones!H16 -> 121.01 | E16: 15 | F16: 0.15 | H16: =C16*E16 -> 9.07575 | I16: =D16*F16 -> 18.1515 | J16: =G16*D16 -> 0 | K16: =MAX(H16,I16,J16) -> 18.1515
A17: =Zones!C17 -> Electrical, Mechanical, Telephone Rooms | B17: =Zones!B17 -> CLASSRM LAB_FLR 1_EMT-02_ZN | C17: =Zones!K17 -> 0.49005 | D17: =Zones!H17 -> 98.01 | E17: 15 | F17: 0.15 | H17: =C17*E17 -> 7.35075 | I17: =D17*F17 -> 14.7015 | J17: =G17*D17 -> 0 | K17: =MAX(H17,I17,J17) -> 14.7015
A18: =Zones!C18 -> Laboratory, Scientific | B18: =Zones!B18 -> CLASSRM LAB_FLR 1_LAB ZNS 2_ZN | C18: =Zones!K18 -> 51.3735 | D18: =Zones!H18 -> 2054.94 | E18: 15 | F18: 0.15 | G18: 1 | H18: =C18*E18 -> 770.6025 | I18: =D18*F18 -> 308.241 | J18: =G18*D18 -> 2054.94 | K18: =MAX(H18,I18,J18) -> 2054.94 | L18: Table 120.1-B educational science laboratories, 1.00 cfm/ft².
A19: =Zones!C19 -> Library (Reading Area) | B19: =Zones!B19 -> CLASSRM LAB_FLR 1_LIBRARY - READING AREA_ZN | C19: =Zones!K19 -> 11.9713 | D19: =Zones!H19 -> 1197.13 | E19: 15 | F19: 0.15 | H19: =C19*E19 -> 179.5695 | I19: =D19*F19 -> 179.5695 | J19: =G19*D19 -> 0 | K19: =MAX(H19,I19,J19) -> 179.5695
A20: =Zones!C20 -> Restrooms | B20: =Zones!B20 -> CLASSRM LAB_FLR 1_RESTROOM_ZN | C20: =Zones!K20 -> 2.81525 | D20: =Zones!H20 -> 563.05 | E20: 0 | F20: 0 | G20: 0.5 | H20: =C20*E20 -> 0 | I20: =D20*F20 -> 0 | J20: =G20*D20 -> 281.525 | K20: =MAX(H20,I20,J20) -> 281.525
A21: =Zones!C21 -> Storage (General) | B21: =Zones!B21 -> CLASSRM LAB_FLR 1_STORAGE - GENERAL_ZN | C21: =Zones!K21 -> 1.9042 | D21: =Zones!H21 -> 380.84 | E21: 15 | F21: 0.15 | H21: =C21*E21 -> 28.563 | I21: =D21*F21 -> 57.126 | J21: =G21*D21 -> 0 | K21: =MAX(H21,I21,J21) -> 57.126
A22: =Zones!C22 -> Classroom, Lecture, Training, Vocational Areas | B22: =Zones!B22 -> CLASSRM LAB_FLR 2_CLASSROOM_ZN | C22: =Zones!K22 -> 9.521 | D22: =Zones!H22 -> 380.84 | E22: 15 | F22: 0.15 | H22: =C22*E22 -> 142.815 | I22: =D22*F22 -> 57.126 | J22: =G22*D22 -> 0 | K22: =MAX(H22,I22,J22) -> 142.815
A23: =Zones!C23 -> Electrical, Mechanical, Telephone Rooms | B23: =Zones!B23 -> CLASSRM LAB_FLR 2_IDF ROOM_ZN | C23: =Zones!K23 -> 0.60505 | D23: =Zones!H23 -> 121.01 | E23: 15 | F23: 0.15 | H23: =C23*E23 -> 9.07575 | I23: =D23*F23 -> 18.1515 | J23: =G23*D23 -> 0 | K23: =MAX(H23,I23,J23) -> 18.1515
A24: =Zones!C24 -> Laboratory, Scientific | B24: =Zones!B24 -> CLASSRM LAB_FLR 2_LAB ZNS 3_ZN | C24: =Zones!K24 -> 81.3015 | D24: =Zones!H24 -> 3252.06 | E24: 15 | F24: 0.15 | G24: 1 | H24: =C24*E24 -> 1219.5225 | I24: =D24*F24 -> 487.809 | J24: =G24*D24 -> 3252.06 | K24: =MAX(H24,I24,J24) -> 3252.06
A25: =Zones!C25 -> Restrooms | B25: =Zones!B25 -> CLASSRM LAB_FLR 2_RESTROOM_ZN | C25: =Zones!K25 -> 2.81525 | D25: =Zones!H25 -> 563.05 | E25: 0 | F25: 0 | G25: 0.5 | H25: =C25*E25 -> 0 | I25: =D25*F25 -> 0 | J25: =G25*D25 -> 281.525 | K25: =MAX(H25,I25,J25) -> 281.525
A26: =Zones!C26 -> Storage (General) | B26: =Zones!B26 -> CLASSRM LAB_FLR 2_STORAGE - GENERAL_ZN | C26: =Zones!K26 -> 0.49005 | D26: =Zones!H26 -> 98.01 | E26: 15 | F26: 0.15 | H26: =C26*E26 -> 7.35075 | I26: =D26*F26 -> 14.7015 | J26: =G26*D26 -> 0 | K26: =MAX(H26,I26,J26) -> 14.7015
A27: =Zones!C27 -> Classroom, Lecture, Training, Vocational Areas | B27: =Zones!B27 -> CLASSRM N_FLR 1_CLASSROOM-01_ZN | C27: =Zones!K27 -> 25.04375 | D27: =Zones!H27 -> 1001.75 | E27: 15 | F27: 0.15 | H27: =C27*E27 -> 375.65625 | I27: =D27*F27 -> 150.2625 | J27: =G27*D27 -> 0 | K27: =MAX(H27,I27,J27) -> 375.65625
A28: =Zones!C28 -> Classroom, Lecture, Training, Vocational Areas | B28: =Zones!B28 -> CLASSRM N_FLR 1_CLASSROOM-02 ZNS 6_ZN | C28: =Zones!K28 -> 151.35075 | D28: =Zones!H28 -> 6054.03 | E28: 15 | F28: 0.15 | H28: =C28*E28 -> 2270.2613 | I28: =D28*F28 -> 908.1045 | J28: =G28*D28 -> 0 | K28: =MAX(H28,I28,J28) -> 2270.2613
A29: =Zones!C29 -> Office Area (<250 square feet) | B29: =Zones!B29 -> CLASSRM N_FLR 1_OFFICE - LT 250 SF_ZN | C29: =Zones!K29 -> 1.44065 | D29: =Zones!H29 -> 288.13 | E29: 15 | F29: 0.15 | H29: =C29*E29 -> 21.60975 | I29: =D29*F29 -> 43.2195 | J29: =G29*D29 -> 0 | K29: =MAX(H29,I29,J29) -> 43.2195
A30: =Zones!C30 -> Restrooms | B30: =Zones!B30 -> CLASSRM N_FLR 1_RESTROOM_ZN | C30: =Zones!K30 -> 2.6635 | D30: =Zones!H30 -> 532.7 | E30: 0 | F30: 0 | G30: 0.5 | H30: =C30*E30 -> 0 | I30: =D30*F30 -> 0 | J30: =G30*D30 -> 266.35 | K30: =MAX(H30,I30,J30) -> 266.35
A31: =Zones!C31 -> Classroom, Lecture, Training, Vocational Areas | B31: =Zones!B31 -> CLASSRM N_FLR 2_CLASSROOM-01 ZNS 6_ZN | C31: =Zones!K31 -> 151.35075 | D31: =Zones!H31 -> 6054.03 | E31: 15 | F31: 0.15 | H31: =C31*E31 -> 2270.2613 | I31: =D31*F31 -> 908.1045 | J31: =G31*D31 -> 0 | K31: =MAX(H31,I31,J31) -> 2270.2613
A32: =Zones!C32 -> Classroom, Lecture, Training, Vocational Areas | B32: =Zones!B32 -> CLASSRM N_FLR 2_CLASSROOM-02_ZN | C32: =Zones!K32 -> 25.04375 | D32: =Zones!H32 -> 1001.75 | E32: 15 | F32: 0.15 | H32: =C32*E32 -> 375.65625 | I32: =D32*F32 -> 150.2625 | J32: =G32*D32 -> 0 | K32: =MAX(H32,I32,J32) -> 375.65625
A33: =Zones!C33 -> Office Area (<250 square feet) | B33: =Zones!B33 -> CLASSRM N_FLR 2_OFFICE - LT 250 SF_ZN | C33: =Zones!K33 -> 1.44065 | D33: =Zones!H33 -> 288.13 | E33: 15 | F33: 0.15 | H33: =C33*E33 -> 21.60975 | I33: =D33*F33 -> 43.2195 | J33: =G33*D33 -> 0 | K33: =MAX(H33,I33,J33) -> 43.2195
A34: =Zones!C34 -> Restrooms | B34: =Zones!B34 -> CLASSRM N_FLR 2_RESTROOM_ZN | C34: =Zones!K34 -> 2.6635 | D34: =Zones!H34 -> 532.7 | E34: 0 | F34: 0 | G34: 0.5 | H34: =C34*E34 -> 0 | I34: =D34*F34 -> 0 | J34: =G34*D34 -> 266.35 | K34: =MAX(H34,I34,J34) -> 266.35
A35: =Zones!C35 -> Electrical, Mechanical, Telephone Rooms | B35: =Zones!B35 -> CLASSRM SHOP_EMT_ZN | C35: =Zones!K35 -> 0.85435 | D35: =Zones!H35 -> 170.87 | E35: 15 | F35: 0.15 | H35: =C35*E35 -> 12.81525 | I35: =D35*F35 -> 25.6305 | J35: =G35*D35 -> 0 | K35: =MAX(H35,I35,J35) -> 25.6305
A36: =Zones!C36 -> Electrical, Mechanical, Telephone Rooms | B36: =Zones!B36 -> CLASSRM SHOP_IDF ROOM_ZN | C36: =Zones!K36 -> 0.4274 | D36: =Zones!H36 -> 85.48 | E36: 15 | F36: 0.15 | H36: =C36*E36 -> 6.411 | I36: =D36*F36 -> 12.822 | J36: =G36*D36 -> 0 | K36: =MAX(H36,I36,J36) -> 12.822
A37: =Zones!C37 -> Restrooms | B37: =Zones!B37 -> CLASSRM SHOP_RESTROOM_ZN | C37: =Zones!K37 -> 1.33015 | D37: =Zones!H37 -> 266.03 | E37: 0 | F37: 0 | G37: 0.5 | H37: =C37*E37 -> 0 | I37: =D37*F37 -> 0 | J37: =G37*D37 -> 133.015 | K37: =MAX(H37,I37,J37) -> 133.015
A38: =Zones!C38 -> Wood/Metal Shop Classroom | B38: =Zones!B38 -> CLASSRM SHOP_SHOP-01 ZNS 4_ZN | C38: =Zones!K38 -> 54.9454 | D38: =Zones!H38 -> 5494.54 | E38: 15 | F38: 0.15 | G38: 0.5 | H38: =C38*E38 -> 824.181 | I38: =D38*F38 -> 824.181 | J38: =G38*D38 -> 2747.27 | K38: =MAX(H38,I38,J38) -> 2747.27 | L38: Table 120.1-B woodwork shop/classrooms, 0.50 cfm/ft².
A39: =Zones!C39 -> Wood/Metal Shop Classroom | B39: =Zones!B39 -> CLASSRM SHOP_SHOP-02_ZN | C39: =Zones!K39 -> 14.4014 | D39: =Zones!H39 -> 1440.14 | E39: 15 | F39: 0.15 | G39: 0.5 | H39: =C39*E39 -> 216.021 | I39: =D39*F39 -> 216.021 | J39: =G39*D39 -> 720.07 | K39: =MAX(H39,I39,J39) -> 720.07
A40: =Zones!C40 -> Storage (General) | B40: =Zones!B40 -> CLASSRM SHOP_STORAGE - GENERAL_ZN | C40: =Zones!K40 -> 5.919 | D40: =Zones!H40 -> 1183.8 | E40: 15 | F40: 0.15 | H40: =C40*E40 -> 88.785 | I40: =D40*F40 -> 177.57 | J40: =G40*D40 -> 0 | K40: =MAX(H40,I40,J40) -> 177.57
A41: =Zones!C41 -> Exercise/Fitness Center and Gymnasium Areas | B41: =Zones!B41 -> COURTS - AUX ZN | C41: =Zones!K41 -> 51.8451 | D41: =Zones!H41 -> 5184.51 | E41: 15 | F41: 0.15 | H41: =C41*E41 -> 777.6765 | I41: =D41*F41 -> 777.6765 | J41: =G41*D41 -> 0 | K41: =MAX(H41,I41,J41) -> 777.6765
A42: =Zones!C42 -> Exercise/Fitness Center and Gymnasium Areas | B42: =Zones!B42 -> COURTS ZN | C42: =Zones!K42 -> 120.9718 | D42: =Zones!H42 -> 12097.18 | E42: 15 | F42: 0.15 | H42: =C42*E42 -> 1814.577 | I42: =D42*F42 -> 1814.577 | J42: =G42*D42 -> 0 | K42: =MAX(H42,I42,J42) -> 1814.577
A43: =Zones!C43 -> Locker Room | B43: =Zones!B43 -> LOCKERS ZN | C43: =Zones!K43 -> 38.1637 | D43: =Zones!H43 -> 7632.74 | E43: 15 | F43: 0.15 | G43: 0.5 | H43: =C43*E43 -> 572.4555 | I43: =D43*F43 -> 1144.911 | J43: =G43*D43 -> 3816.37 | K43: =MAX(H43,I43,J43) -> 3816.37 | L43: Table 120.1-B locker rooms for athletic facilities, 0.50 cfm/ft².
A44: =Zones!C44 -> Exercise/Fitness Center and Gymnasium Areas | B44: =Zones!B44 -> ROOMS & STUDIOS ZN | C44: =Zones!K44 -> 46.0845 | D44: =Zones!H44 -> 4608.45 | E44: 15 | F44: 0.15 | H44: =C44*E44 -> 691.2675 | I44: =D44*F44 -> 691.2675 | J44: =G44*D44 -> 0 | K44: =MAX(H44,I44,J44) -> 691.2675
B45: =Zones!B45 -> Total (42 spaces) | C45: =Zones!K45 -> 1221.3724 | D45: =Zones!H45 -> 79502.25 | H45: =SUM(H3:H44) -> 18068.683 | I45: =SUM(I3:I44) -> 11383.774 | J45: =SUM(J3:J44) -> 15290.135 | K45: =SUM(K3:K44) -> 30208.809

Sheet Water Heater
A1: ="Water Heater -"&Prototype!A2 -> Water Heater -SchoolHigh
A2: Vintage | B2: WH Type | C2: Efficiency | D2: Number of WH | E2: Tank Volume (gal) | F2: Tank Loss | H2: Note
A3: Existing | B3: Electric | C3: 0.98 | D3: 5 | E3: See plant climate-zone tables, Storage Volume (col F) | F3: See plant climate-zone tables, Standby Loss (col G) | G3: See climate-zone HPWH tables | H3: five various WH
A4: New Construction | B4: HPWH | C4: =$B$70 -> 4.3 | D4: 5 | E4: =E3 -> See plant climate-zone tables, Storage Volume (col F) | F4: =F3 -> See plant climate-zone tables, Standby Loss (col G) | G4: =G3 -> See climate-zone HPWH tables | H4: five various WH
A6: Peak Hot Water Consumption
A7: Space Name | B7: Baseline WH Type [T24, 2022, Appendix 5.4A , sheet: "2022 SpaceFuncData-Input"] | C7: Total Area (ft²) | D7: Number of People | E7: Hot Water Usage Specification (gal/hr per person) [T24, 2022, Appendix 5.4A , sheet: "2022 SpaceFuncData-Input"] | F7: Peak Hot Water Usage (gal/hr) | G7: Peak Hot Water Usage (gal/min)
A8: =Zones!B3 -> ADMIN/MPR_BREAKROOM_ZN | B8: HPWH | C8: =Zones!H3 -> 575.2 | D8: =Zones!K3 -> 18.9816 | E8: 0.09 | F8: =E8*D8 -> 1.708344 | G8: =F8/60 -> 0.0284724
A9: =Zones!B4 -> ADMIN/MPR_CAFETERIA ZNS 3_ZN | B9: HPWH | C9: =Zones!H4 -> 5512.19 | D9: =Zones!K4 -> 181.90227 | E9: 0.578 | F9: =E9*D9 -> 105.13951 | G9: =F9/60 -> 1.7523252
A10: =Zones!B5 -> ADMIN/MPR_CONFERENCE ROOM ZNS 3_ZN | B10: HPWH | C10: =Zones!H5 -> 1674.74 | D10: =Zones!K5 -> 55.26642 | E10: 0.09 | F10: =E10*D10 -> 4.9739778 | G10: =F10/60 -> 0.08289963
A11: =Zones!B6 -> ADMIN/MPR_CORRIDOR_ZN | B11: HPWH | C11: =Zones!H6 -> 1161.52 | D11: =Zones!K6 -> 5.8076 | E11: 0 | F11: =E11*D11 -> 0 | G11: =F11/60 -> 0
A12: =Zones!B7 -> ADMIN/MPR_EMT_ZN | B12: HPWH | C12: =Zones!H7 -> 278.21 | D12: =Zones!K7 -> 1.39105 | E12: 0.18 | F12: =E12*D12 -> 0.250389 | G12: =F12/60 -> 0.00417315
A13: =Zones!B8 -> ADMIN/MPR_IDF ROOM_ZN | B13: HPWH | C13: =Zones!H8 -> 340.23 | D13: =Zones!K8 -> 1.70115 | E13: 0.18 | F13: =E13*D13 -> 0.306207 | G13: =F13/60 -> 0.00510345
A14: =Zones!B9 -> ADMIN/MPR_KITCHEN_ZN | B14: HPWH | C14: =Zones!H9 -> 1457.25 | D14: =Zones!K9 -> 4.37175 | E14: 0.578 | F14: =E14*D14 -> 2.5268715 | G14: =F14/60 -> 0.042114525
A15: =Zones!B10 -> ADMIN/MPR_LOBBY_ZN | B15: HPWH | C15: =Zones!H10 -> 1241.47 | D15: =Zones!K10 -> 40.96851 | E15: 0.09 | F15: =E15*D15 -> 3.6871659 | G15: =F15/60 -> 0.061452765
A16: =Zones!B11 -> ADMIN/MPR_OFFICE - LT 250 SF ZNS 6_ZN | B16: HPWH | C16: =Zones!H11 -> 1048.35 | D16: =Zones!K11 -> 5.24175 | E16: 0.18 | F16: =E16*D16 -> 0.943515 | G16: =F16/60 -> 0.01572525
A17: =Zones!B12 -> ADMIN/MPR_RESTROOM ZNS 3_ZN | B17: HPWH | C17: =Zones!H12 -> 901.17 | D17: =Zones!K12 -> 4.50585 | E17: 0 | F17: =E17*D17 -> 0 | G17: =F17/60 -> 0
A18: =Zones!B13 -> ADMIN/MPR_STORAGE - GENERAL_ZN | B18: HPWH | C18: =Zones!H13 -> 1247.73 | D18: =Zones!K13 -> 6.23865 | E18: 0 | F18: =E18*D18 -> 0 | G18: =F18/60 -> 0
A19: =Zones!B14 -> ADMIN/MPR_STORAGE - REFRIGERATED_ZN | B19: HPWH | C19: =Zones!H14 -> 251.72 | D19: =Zones!K14 -> 0 | E19: 0.18 | F19: =E19*D19 -> 0 | G19: =F19/60 -> 0
... A49: =Zones!B44 -> ROOMS & STUDIOS ZN | B49: HPWH | C49: =Zones!H44 -> 4608.45 | D49: =Zones!K44 -> 46.0845 | E49: 0.18 | F49: =E49*D49 -> 8.29521 | G49: =F49/60 -> 0.1382535
A54: Plant peak hot water (gal/hr)
A55: Water Heater Name | B55: WH type | C55: Peak Hot Water Usage (gal/hr) | D55: Notes
A56: HPWH - Admin | B56: HPWH | C56: =MAX(SUMIF($B$8:$B$20,"*HPWH*",$F$8:$F$20),75) -> 122.7007 | D56: Minimum peak hot water usage is 75 gal/hr according to ACM 2025
A57: HPWH - North Classroom | B57: HPWH | C57: =MAX(SUMIF($B$32:$B$39,"*HPWH*",$F$32:$F$39),75) -> 75
A58: HPWH - Lab Classroom | B58: HPWH | C58: =MAX(SUMIF($B$21:$B$31,"*HPWH*",$F$21:$F$31),75) -> 75
A59: HPWH - Shop Classroom | B59: HPWH | C59: =MAX(SUMIF($B$40:$B$45,"*HPWH*",$F$40:$F$45),75) -> 75
A60: HPWH - Sports | B60: HPWH | C60: =MAX(SUMIF($B$46:$B$49,"*HPWH*",$F$46:$F$49),75) -> 75
A62: Design supply temperature (°F) | B62: 135 | C62: Title 24 2022 Reference Appendices, Appendix 5.4B
A63: Design supply temperature used in CZ tables (°F) | B63: 135 | C63: Title 24 2022 Reference Appendices, Appendix 5.4B
A64: WH system factor | B64: 0.6 | C64: 2025 ACM §5.9.2 Rated Capacity
A65: Water mass conversion (lb/gal) | B65: 8.2877 | C65: 2025 ACM §5.9.2 Rated Capacity
A66: Reheat multiplier | B66: 0.4 | C66: 2025 ACM §5.9.2 Storage Volume
A67: Commercial HPWH configuration | B67: Unitary storage HPWH (integrated) | C67: Distributed unitary storage HPWH; retain the High School prototype's 5 water heaters / 5 service-water loops.
A68: Selected commercial COPh | B68: 4.3 | C68: ENERGY STAR Certified Commercial Water Heaters, integrated commercial 119-gal CHP family COPh = 4.3.
A69: ENERGY STAR minimum commercial COPh | B69: 3 | C69: ENERGY STAR commercial electric heat pump water-heater criterion.
A70: Design COPh | B70: =B68 -> 4.3 | C70: Use commercial COPh directly. Residential UEF-to-EF-to-COP conversion removed.
A73: Climate Zone Water Heater Sizing and Loss Coefficients
A74: Water Heater name | B74: Climate Zone | C74: Minimum Monthly Mains Temp (°F) [T24 2022 - Appendix 5.4B] | D74: Heat Output (Btu/hr) [ACM, 2025, 5.9.2: Rated capacity section] | E74: WH Capacity (Btu/hr) [ACM, 2025, 5.9.2: Rated capacity section] | F74: Required Electric Input (Btu/hr) [WH Capacity ÷ commercial COPh] | G74: Storage Volume (gal) [prototype unitary-storage sizing bin] | H74: Standby Loss (%/hr) [derived from DEER HPWH UA = 4.37 Btu/h·°F] | J74: Off/On Cycle Loss Coefficient to Ambient Temp [DEER HPWH UA] | L74: Source / Method Note
A75: HPWH - Admin | B75: CZ01 | C75: 47.9 | D75: =$C$56*($B$63-C75)*$B$65 -> 88572.561 | E75: =D75*$B$64 -> 53143.536 | F75: =_xlfn.LET(_xlpm.x,_xlfn.XLOOKUP(E75,$C$159:$C$163,$C$159:$C$163,"",1),IF(_xlpm.x="",E75/$B$70,_xlpm.x/$B$70)) -> 12358.962 | G75: =_xlfn.LET(_xlpm.v,MAX(30,$C$56*$B$66),_xlpm.x,_xlfn.XLOOKUP(_xlpm.v,$A$159:$A$163,$A$159:$A$163,"",1),IF(_xlpm.x="",ROUNDUP(_xlpm.v,0),_xlpm.x)) -> 50 | H75: =IF(AND(ISNUMBER(J75),G75>0),J75/(0.0834*G75),NA()) -> 1.0479616 | I75: %/hr | J75: 4.37 | K75: Btu/h·°F | L75: Approach: distributed unitary storage HPWH. Retain one plant per existing service-water loop on this prototype (5 plants). Efficiency: commercial COPh = 4.3 from ENERGY STAR certified integrated commercial HPWH. Electric input = WH Capacity / COPh. Tank UA = 4.37 Btu/h·°F (DEER commercial HPWH). Standby Loss (%/hr) = UA / (0.0834 × Storage Volume).
A76: HPWH - Admin | B76: CZ02 | C76: 50.8 | D76: =$C$56*($B$63-C76)*$B$65 -> 85623.532 | E76: =D76*$B$64 -> 51374.119 | F76: =_xlfn.LET(_xlpm.x,_xlfn.XLOOKUP(E76,$C$159:$C$163,$C$159:$C$163,"",1),IF(_xlpm.x="",E76/$B$70,_xlpm.x/$B$70)) -> 11947.47 | G76: =_xlfn.LET(_xlpm.v,MAX(30,$C$56*$B$66),_xlpm.x,_xlfn.XLOOKUP(_xlpm.v,$A$159:$A$163,$A$159:$A$163,"",1),IF(_xlpm.x="",ROUNDUP(_xlpm.v,0),_xlpm.x)) -> 50 | H76: =IF(AND(ISNUMBER(J76),G76>0),J76/(0.0834*G76),NA()) -> 1.0479616 | I76: %/hr | J76: 4.37 | K76: Btu/h·°F
A77: HPWH - Admin | B77: CZ03 | C77: 52.2 | D77: =$C$56*($B$63-C77)*$B$65 -> 84199.863 | E77: =D77*$B$64 -> 50519.918 | F77: =_xlfn.LET(_xlpm.x,_xlfn.XLOOKUP(E77,$C$159:$C$163,$C$159:$C$163,"",1),IF(_xlpm.x="",E77/$B$70,_xlpm.x/$B$70)) -> 11748.818 | G77: =_xlfn.LET(_xlpm.v,MAX(30,$C$56*$B$66),_xlpm.x,_xlfn.XLOOKUP(_xlpm.v,$A$159:$A$163,$A$159:$A$163,"",1),IF(_xlpm.x="",ROUNDUP(_xlpm.v,0),_xlpm.x)) -> 50 | H77: =IF(AND(ISNUMBER(J77),G77>0),J77/(0.0834*G77),NA()) -> 1.0479616 | I77: %/hr | J77: 4.37 | K77: Btu/h·°F
A78: HPWH - Admin | B78: CZ04 | C78: 52.7 | D78: =$C$56*($B$63-C78)*$B$65 -> 83691.409 | E78: =D78*$B$64 -> 50214.846 | F78: =_xlfn.LET(_xlpm.x,_xlfn.XLOOKUP(E78,$C$159:$C$163,$C$159:$C$163,"",1),IF(_xlpm.x="",E78/$B$70,_xlpm.x/$B$70)) -> 11677.871 | G78: =_xlfn.LET(_xlpm.v,MAX(30,$C$56*$B$66),_xlpm.x,_xlfn.XLOOKUP(_xlpm.v,$A$159:$A$163,$A$159:$A$163,"",1),IF(_xlpm.x="",ROUNDUP(_xlpm.v,0),_xlpm.x)) -> 50 | H78: =IF(AND(ISNUMBER(J78),G78>0),J78/(0.0834*G78),NA()) -> 1.0479616 | I78: %/hr | J78: 4.37 | K78: Btu/h·°F
A79: HPWH - Admin | B79: CZ05 | C79: 51.6 | D79: =$C$56*($B$63-C79)*$B$65 -> 84810.007 | E79: =D79*$B$64 -> 50886.004 | F79: =_xlfn.LET(_xlpm.x,_xlfn.XLOOKUP(E79,$C$159:$C$163,$C$159:$C$163,"",1),IF(_xlpm.x="",E79/$B$70,_xlpm.x/$B$70)) -> 11833.954 | G79: =_xlfn.LET(_xlpm.v,MAX(30,$C$56*$B$66),_xlpm.x,_xlfn.XLOOKUP(_xlpm.v,$A$159:$A$163,$A$159:$A$163,"",1),IF(_xlpm.x="",ROUNDUP(_xlpm.v,0),_xlpm.x)) -> 50 | H79: =IF(AND(ISNUMBER(J79),G79>0),J79/(0.0834*G79),NA()) -> 1.0479616 | I79: %/hr | J79: 4.37 | K79: Btu/h·°F
A80: HPWH - Admin | B80: CZ06 | C80: 56.8 | D80: =$C$56*($B$63-C80)*$B$65 -> 79522.093 | E80: =D80*$B$64 -> 47713.256 | F80: =_xlfn.LET(_xlpm.x,_xlfn.XLOOKUP(E80,$C$159:$C$163,$C$159:$C$163,"",1),IF(_xlpm.x="",E80/$B$70,_xlpm.x/$B$70)) -> 11096.106 | G80: =_xlfn.LET(_xlpm.v,MAX(30,$C$56*$B$66),_xlpm.x,_xlfn.XLOOKUP(_xlpm.v,$A$159:$A$163,$A$159:$A$163,"",1),IF(_xlpm.x="",ROUNDUP(_xlpm.v,0),_xlpm.x)) -> 50 | H80: =IF(AND(ISNUMBER(J80),G80>0),J80/(0.0834*G80),NA()) -> 1.0479616 | I80: %/hr | J80: 4.37 | K80: Btu/h·°F
A81: HPWH - Admin | B81: CZ07 | C81: 58.4 | D81: =$C$56*($B$63-C81)*$B$65 -> 77895.042 | E81: =D81*$B$64 -> 46737.025 | F81: =_xlfn.LET(_xlpm.x,_xlfn.XLOOKUP(E81,$C$159:$C$163,$C$159:$C$163,"",1),IF(_xlpm.x="",E81/$B$70,_xlpm.x/$B$70)) -> 10869.076 | G81: =_xlfn.LET(_xlpm.v,MAX(30,$C$56*$B$66),_xlpm.x,_xlfn.XLOOKUP(_xlpm.v,$A$159:$A$163,$A$159:$A$163,"",1),IF(_xlpm.x="",ROUNDUP(_xlpm.v,0),_xlpm.x)) -> 50 | H81: =IF(AND(ISNUMBER(J81),G81>0),J81/(0.0834*G81),NA()) -> 1.0479616 | I81: %/hr | J81: 4.37 | K81: Btu/h·°F
A82: HPWH - Admin | B82: CZ08 | C82: 58.4 | D82: =$C$56*($B$63-C82)*$B$65 -> 77895.042 | E82: =D82*$B$64 -> 46737.025 | F82: =_xlfn.LET(_xlpm.x,_xlfn.XLOOKUP(E82,$C$159:$C$163,$C$159:$C$163,"",1),IF(_xlpm.x="",E82/$B$70,_xlpm.x/$B$70)) -> 10869.076 | G82: =_xlfn.LET(_xlpm.v,MAX(30,$C$56*$B$66),_xlpm.x,_xlfn.XLOOKUP(_xlpm.v,$A$159:$A$163,$A$159:$A$163,"",1),IF(_xlpm.x="",ROUNDUP(_xlpm.v,0),_xlpm.x)) -> 50 | H82: =IF(AND(ISNUMBER(J82),G82>0),J82/(0.0834*G82),NA()) -> 1.0479616 | I82: %/hr | J82: 4.37 | K82: Btu/h·°F
A83: HPWH - Admin | B83: CZ09 | C83: 57.6 | D83: =$C$56*($B$63-C83)*$B$65 -> 78708.567 | E83: =D83*$B$64 -> 47225.14 | F83: =_xlfn.LET(_xlpm.x,_xlfn.XLOOKUP(E83,$C$159:$C$163,$C$159:$C$163,"",1),IF(_xlpm.x="",E83/$B$70,_xlpm.x/$B$70)) -> 10982.591 | G83: =_xlfn.LET(_xlpm.v,MAX(30,$C$56*$B$66),_xlpm.x,_xlfn.XLOOKUP(_xlpm.v,$A$159:$A$163,$A$159:$A$163,"",1),IF(_xlpm.x="",ROUNDUP(_xlpm.v,0),_xlpm.x)) -> 50 | H83: =IF(AND(ISNUMBER(J83),G83>0),J83/(0.0834*G83),NA()) -> 1.0479616 | I83: %/hr | J83: 4.37 | K83: Btu/h·°F
A84: HPWH - Admin | B84: CZ10 | C84: 57.1 | D84: =$C$56*($B$63-C84)*$B$65 -> 79217.021 | E84: =D84*$B$64 -> 47530.212 | F84: =_xlfn.LET(_xlpm.x,_xlfn.XLOOKUP(E84,$C$159:$C$163,$C$159:$C$163,"",1),IF(_xlpm.x="",E84/$B$70,_xlpm.x/$B$70)) -> 11053.538 | G84: =_xlfn.LET(_xlpm.v,MAX(30,$C$56*$B$66),_xlpm.x,_xlfn.XLOOKUP(_xlpm.v,$A$159:$A$163,$A$159:$A$163,"",1),IF(_xlpm.x="",ROUNDUP(_xlpm.v,0),_xlpm.x)) -> 50 | H84: =IF(AND(ISNUMBER(J84),G84>0),J84/(0.0834*G84),NA()) -> 1.0479616 | I84: %/hr | J84: 4.37 | K84: Btu/h·°F
A85: HPWH - Admin | B85: CZ11 | C85: 50.5 | D85: =$C$56*($B$63-C85)*$B$65 -> 85928.604 | E85: =D85*$B$64 -> 51557.162 | F85: =_xlfn.LET(_xlpm.x,_xlfn.XLOOKUP(E85,$C$159:$C$163,$C$159:$C$163,"",1),IF(_xlpm.x="",E85/$B$70,_xlpm.x/$B$70)) -> 11990.038 | G85: =_xlfn.LET(_xlpm.v,MAX(30,$C$56*$B$66),_xlpm.x,_xlfn.XLOOKUP(_xlpm.v,$A$159:$A$163,$A$159:$A$163,"",1),IF(_xlpm.x="",ROUNDUP(_xlpm.v,0),_xlpm.x)) -> 50 | H85: =IF(AND(ISNUMBER(J85),G85>0),J85/(0.0834*G85),NA()) -> 1.0479616 | I85: %/hr | J85: 4.37 | K85: Btu/h·°F
A86: HPWH - Admin | B86: CZ12 | C86: 51.4 | D86: =$C$56*($B$63-C86)*$B$65 -> 85013.388 | E86: =D86*$B$64 -> 51008.033 | F86: =_xlfn.LET(_xlpm.x,_xlfn.XLOOKUP(E86,$C$159:$C$163,$C$159:$C$163,"",1),IF(_xlpm.x="",E86/$B$70,_xlpm.x/$B$70)) -> 11862.333 | G86: =_xlfn.LET(_xlpm.v,MAX(30,$C$56*$B$66),_xlpm.x,_xlfn.XLOOKUP(_xlpm.v,$A$159:$A$163,$A$159:$A$163,"",1),IF(_xlpm.x="",ROUNDUP(_xlpm.v,0),_xlpm.x)) -> 50 | H86: =IF(AND(ISNUMBER(J86),G86>0),J86/(0.0834*G86),NA()) -> 1.0479616 | I86: %/hr | J86: 4.37 | K86: Btu/h·°F
A87: HPWH - Admin | B87: CZ13 | C87: 51.7 | D87: =$C$56*($B$63-C87)*$B$65 -> 84708.316 | E87: =D87*$B$64 -> 50824.99 | F87: =_xlfn.LET(_xlpm.x,_xlfn.XLOOKUP(E87,$C$159:$C$163,$C$159:$C$163,"",1),IF(_xlpm.x="",E87/$B$70,_xlpm.x/$B$70)) -> 11819.765 | G87: =_xlfn.LET(_xlpm.v,MAX(30,$C$56*$B$66),_xlpm.x,_xlfn.XLOOKUP(_xlpm.v,$A$159:$A$163,$A$159:$A$163,"",1),IF(_xlpm.x="",ROUNDUP(_xlpm.v,0),_xlpm.x)) -> 50 | H87: =IF(AND(ISNUMBER(J87),G87>0),J87/(0.0834*G87),NA()) -> 1.0479616 | I87: %/hr | J87: 4.37 | K87: Btu/h·°F
... A90: HPWH - Admin | B90: CZ16 | C90: 41.4 | D90: =$C$56*($B$63-C90)*$B$65 -> 95182.453 | E90: =D90*$B$64 -> 57109.472 | F90: =_xlfn.LET(_xlpm.x,_xlfn.XLOOKUP(E90,$C$159:$C$163,$C$159:$C$163,"",1),IF(_xlpm.x="",E90/$B$70,_xlpm.x/$B$70)) -> 13281.273 | G90: =_xlfn.LET(_xlpm.v,MAX(30,$C$56*$B$66),_xlpm.x,_xlfn.XLOOKUP(_xlpm.v,$A$159:$A$163,$A$159:$A$163,"",1),IF(_xlpm.x="",ROUNDUP(_xlpm.v,0),_xlpm.x)) -> 50 | H90: =IF(AND(ISNUMBER(J90),G90>0),J90/(0.0834*G90),NA()) -> 1.0479616 | I90: %/hr | J90: 4.37 | K90: Btu/h·°F
A91: HPWH - North Classrooms | B91: CZ01 | C91: 47.9 | D91: =$C$57*($B$63-C91)*$B$65 -> 54139.4 | E91: =D91*$B$64 -> 32483.64 | F91: =_xlfn.LET(_xlpm.x,_xlfn.XLOOKUP(E91,$C$159:$C$163,$C$159:$C$163,"",1),IF(_xlpm.x="",E91/$B$70,_xlpm.x/$B$70)) -> 7554.3349 | G91: =_xlfn.LET(_xlpm.v,MAX(30,$C$57*$B$66),_xlpm.x,_xlfn.XLOOKUP(_xlpm.v,$A$159:$A$163,$A$159:$A$163,"",1),IF(_xlpm.x="",ROUNDUP(_xlpm.v,0),_xlpm.x)) -> 40 | H91: =IF(AND(ISNUMBER(J91),G91>0),J91/(0.0834*G91),NA()) -> 1.309952 | I91: %/hr | J91: 4.37 | K91: Btu/h·°F | L91: Same DEER HPWH UA method as the Admin plant table. Peak cell $F$57.
A92: HPWH - North Classrooms | B92: CZ02 | C92: 50.8 | D92: =$C$57*($B$63-C92)*$B$65 -> 52336.825 | E92: =D92*$B$64 -> 31402.095 | F92: =_xlfn.LET(_xlpm.x,_xlfn.XLOOKUP(E92,$C$159:$C$163,$C$159:$C$163,"",1),IF(_xlpm.x="",E92/$B$70,_xlpm.x/$B$70)) -> 7302.8129 | G92: =_xlfn.LET(_xlpm.v,MAX(30,$C$57*$B$66),_xlpm.x,_xlfn.XLOOKUP(_xlpm.v,$A$159:$A$163,$A$159:$A$163,"",1),IF(_xlpm.x="",ROUNDUP(_xlpm.v,0),_xlpm.x)) -> 40 | H92: =IF(AND(ISNUMBER(J92),G92>0),J92/(0.0834*G92),NA()) -> 1.309952 | I92: %/hr | J92: 4.37 | K92: Btu/h·°F
A93: HPWH - North Classrooms | B93: CZ03 | C93: 52.2 | D93: =$C$57*($B$63-C93)*$B$65 -> 51466.617 | E93: =D93*$B$64 -> 30879.97 | F93: =_xlfn.LET(_xlpm.x,_xlfn.XLOOKUP(E93,$C$159:$C$163,$C$159:$C$163,"",1),IF(_xlpm.x="",E93/$B$70,_xlpm.x/$B$70)) -> 7181.3884 | G93: =_xlfn.LET(_xlpm.v,MAX(30,$C$57*$B$66),_xlpm.x,_xlfn.XLOOKUP(_xlpm.v,$A$159:$A$163,$A$159:$A$163,"",1),IF(_xlpm.x="",ROUNDUP(_xlpm.v,0),_xlpm.x)) -> 40 | H93: =IF(AND(ISNUMBER(J93),G93>0),J93/(0.0834*G93),NA()) -> 1.309952 | I93: %/hr | J93: 4.37 | K93: Btu/h·°F
A94: HPWH - North Classrooms | B94: CZ04 | C94: 52.7 | D94: =$C$57*($B$63-C94)*$B$65 -> 51155.828 | E94: =D94*$B$64 -> 30693.497 | F94: =_xlfn.LET(_xlpm.x,_xlfn.XLOOKUP(E94,$C$159:$C$163,$C$159:$C$163,"",1),IF(_xlpm.x="",E94/$B$70,_xlpm.x/$B$70)) -> 7138.0225 | G94: =_xlfn.LET(_xlpm.v,MAX(30,$C$57*$B$66),_xlpm.x,_xlfn.XLOOKUP(_xlpm.v,$A$159:$A$163,$A$159:$A$163,"",1),IF(_xlpm.x="",ROUNDUP(_xlpm.v,0),_xlpm.x)) -> 40 | H94: =IF(AND(ISNUMBER(J94),G94>0),J94/(0.0834*G94),NA()) -> 1.309952 | I94: %/hr | J94: 4.37 | K94: Btu/h·°F
A95: HPWH - North Classrooms | B95: CZ05 | C95: 51.6 | D95: =$C$57*($B$63-C95)*$B$65 -> 51839.563 | E95: =D95*$B$64 -> 31103.738 | F95: =_xlfn.LET(_xlpm.x,_xlfn.XLOOKUP(E95,$C$159:$C$163,$C$159:$C$163,"",1),IF(_xlpm.x="",E95/$B$70,_xlpm.x/$B$70)) -> 7233.4275 | G95: =_xlfn.LET(_xlpm.v,MAX(30,$C$57*$B$66),_xlpm.x,_xlfn.XLOOKUP(_xlpm.v,$A$159:$A$163,$A$159:$A$163,"",1),IF(_xlpm.x="",ROUNDUP(_xlpm.v,0),_xlpm.x)) -> 40 | H95: =IF(AND(ISNUMBER(J95),G95>0),J95/(0.0834*G95),NA()) -> 1.309952 | I95: %/hr | J95: 4.37 | K95: Btu/h·°F
A96: HPWH - North Classrooms | B96: CZ06 | C96: 56.8 | D96: =$C$57*($B$63-C96)*$B$65 -> 48607.36 | E96: =D96*$B$64 -> 29164.416 | F96: =_xlfn.LET(_xlpm.x,_xlfn.XLOOKUP(E96,$C$159:$C$163,$C$159:$C$163,"",1),IF(_xlpm.x="",E96/$B$70,_xlpm.x/$B$70)) -> 6782.4224 | G96: =_xlfn.LET(_xlpm.v,MAX(30,$C$57*$B$66),_xlpm.x,_xlfn.XLOOKUP(_xlpm.v,$A$159:$A$163,$A$159:$A$163,"",1),IF(_xlpm.x="",ROUNDUP(_xlpm.v,0),_xlpm.x)) -> 40 | H96: =IF(AND(ISNUMBER(J96),G96>0),J96/(0.0834*G96),NA()) -> 1.309952 | I96: %/hr | J96: 4.37 | K96: Btu/h·°F
A97: HPWH - North Classrooms | B97: CZ07 | C97: 58.4 | D97: =$C$57*($B$63-C97)*$B$65 -> 47612.836 | E97: =D97*$B$64 -> 28567.702 | F97: =_xlfn.LET(_xlpm.x,_xlfn.XLOOKUP(E97,$C$159:$C$163,$C$159:$C$163,"",1),IF(_xlpm.x="",E97/$B$70,_xlpm.x/$B$70)) -> 6643.6516 | G97: =_xlfn.LET(_xlpm.v,MAX(30,$C$57*$B$66),_xlpm.x,_xlfn.XLOOKUP(_xlpm.v,$A$159:$A$163,$A$159:$A$163,"",1),IF(_xlpm.x="",ROUNDUP(_xlpm.v,0),_xlpm.x)) -> 40 | H97: =IF(AND(ISNUMBER(J97),G97>0),J97/(0.0834*G97),NA()) -> 1.309952 | I97: %/hr | J97: 4.37 | K97: Btu/h·°F
A98: HPWH - North Classrooms | B98: CZ08 | C98: 58.4 | D98: =$C$57*($B$63-C98)*$B$65 -> 47612.836 | E98: =D98*$B$64 -> 28567.702 | F98: =_xlfn.LET(_xlpm.x,_xlfn.XLOOKUP(E98,$C$159:$C$163,$C$159:$C$163,"",1),IF(_xlpm.x="",E98/$B$70,_xlpm.x/$B$70)) -> 6643.6516 | G98: =_xlfn.LET(_xlpm.v,MAX(30,$C$57*$B$66),_xlpm.x,_xlfn.XLOOKUP(_xlpm.v,$A$159:$A$163,$A$159:$A$163,"",1),IF(_xlpm.x="",ROUNDUP(_xlpm.v,0),_xlpm.x)) -> 40 | H98: =IF(AND(ISNUMBER(J98),G98>0),J98/(0.0834*G98),NA()) -> 1.309952 | I98: %/hr | J98: 4.37 | K98: Btu/h·°F
A99: HPWH - North Classrooms | B99: CZ09 | C99: 57.6 | D99: =$C$57*($B$63-C99)*$B$65 -> 48110.098 | E99: =D99*$B$64 -> 28866.059 | F99: =_xlfn.LET(_xlpm.x,_xlfn.XLOOKUP(E99,$C$159:$C$163,$C$159:$C$163,"",1),IF(_xlpm.x="",E99/$B$70,_xlpm.x/$B$70)) -> 6713.037 | G99: =_xlfn.LET(_xlpm.v,MAX(30,$C$57*$B$66),_xlpm.x,_xlfn.XLOOKUP(_xlpm.v,$A$159:$A$163,$A$159:$A$163,"",1),IF(_xlpm.x="",ROUNDUP(_xlpm.v,0),_xlpm.x)) -> 40 | H99: =IF(AND(ISNUMBER(J99),G99>0),J99/(0.0834*G99),NA()) -> 1.309952 | I99: %/hr | J99: 4.37 | K99: Btu/h·°F
A100: HPWH - North Classrooms | B100: CZ10 | C100: 57.1 | D100: =$C$57*($B$63-C100)*$B$65 -> 48420.887 | E100: =D100*$B$64 -> 29052.532 | F100: =_xlfn.LET(_xlpm.x,_xlfn.XLOOKUP(E100,$C$159:$C$163,$C$159:$C$163,"",1),IF(_xlpm.x="",E100/$B$70,_xlpm.x/$B$70)) -> 6756.4029 | G100: =_xlfn.LET(_xlpm.v,MAX(30,$C$57*$B$66),_xlpm.x,_xlfn.XLOOKUP(_xlpm.v,$A$159:$A$163,$A$159:$A$163,"",1),IF(_xlpm.x="",ROUNDUP(_xlpm.v,0),_xlpm.x)) -> 40 | H100: =IF(AND(ISNUMBER(J100),G100>0),J100/(0.0834*G100),NA()) -> 1.309952 | I100: %/hr | J100: 4.37 | K100: Btu/h·°F
A101: HPWH - North Classrooms | B101: CZ11 | C101: 50.5 | D101: =$C$57*($B$63-C101)*$B$65 -> 52523.299 | E101: =D101*$B$64 -> 31513.979 | F101: =_xlfn.LET(_xlpm.x,_xlfn.XLOOKUP(E101,$C$159:$C$163,$C$159:$C$163,"",1),IF(_xlpm.x="",E101/$B$70,_xlpm.x/$B$70)) -> 7328.8324 | G101: =_xlfn.LET(_xlpm.v,MAX(30,$C$57*$B$66),_xlpm.x,_xlfn.XLOOKUP(_xlpm.v,$A$159:$A$163,$A$159:$A$163,"",1),IF(_xlpm.x="",ROUNDUP(_xlpm.v,0),_xlpm.x)) -> 40 | H101: =IF(AND(ISNUMBER(J101),G101>0),J101/(0.0834*G101),NA()) -> 1.309952 | I101: %/hr | J101: 4.37 | K101: Btu/h·°F
A102: HPWH - North Classrooms | B102: CZ12 | C102: 51.4 | D102: =$C$57*($B$63-C102)*$B$65 -> 51963.879 | E102: =D102*$B$64 -> 31178.327 | F102: =_xlfn.LET(_xlpm.x,_xlfn.XLOOKUP(E102,$C$159:$C$163,$C$159:$C$163,"",1),IF(_xlpm.x="",E102/$B$70,_xlpm.x/$B$70)) -> 7250.7738 | G102: =_xlfn.LET(_xlpm.v,MAX(30,$C$57*$B$66),_xlpm.x,_xlfn.XLOOKUP(_xlpm.v,$A$159:$A$163,$A$159:$A$163,"",1),IF(_xlpm.x="",ROUNDUP(_xlpm.v,0),_xlpm.x)) -> 40 | H102: =IF(AND(ISNUMBER(J102),G102>0),J102/(0.0834*G102),NA()) -> 1.309952 | I102: %/hr | J102: 4.37 | K102: Btu/h·°F
A103: HPWH - North Classrooms | B103: CZ13 | C103: 51.7 | D103: =$C$57*($B$63-C103)*$B$65 -> 51777.406 | E103: =D103*$B$64 -> 31066.443 | F103: =_xlfn.LET(_xlpm.x,_xlfn.XLOOKUP(E103,$C$159:$C$163,$C$159:$C$163,"",1),IF(_xlpm.x="",E103/$B$70,_xlpm.x/$B$70)) -> 7224.7543 | G103: =_xlfn.LET(_xlpm.v,MAX(30,$C$57*$B$66),_xlpm.x,_xlfn.XLOOKUP(_xlpm.v,$A$159:$A$163,$A$159:$A$163,"",1),IF(_xlpm.x="",ROUNDUP(_xlpm.v,0),_xlpm.x)) -> 40 | H103: =IF(AND(ISNUMBER(J103),G103>0),J103/(0.0834*G103),NA()) -> 1.309952 | I103: %/hr | J103: 4.37 | K103: Btu/h·°F
... A106: HPWH - North Classrooms | B106: CZ16 | C106: 41.4 | D106: =$C$57*($B$63-C106)*$B$65 -> 58179.654 | E106: =D106*$B$64 -> 34907.792 | F106: =_xlfn.LET(_xlpm.x,_xlfn.XLOOKUP(E106,$C$159:$C$163,$C$159:$C$163,"",1),IF(_xlpm.x="",E106/$B$70,_xlpm.x/$B$70)) -> 8118.0913 | G106: =_xlfn.LET(_xlpm.v,MAX(30,$C$57*$B$66),_xlpm.x,_xlfn.XLOOKUP(_xlpm.v,$A$159:$A$163,$A$159:$A$163,"",1),IF(_xlpm.x="",ROUNDUP(_xlpm.v,0),_xlpm.x)) -> 40 | H106: =IF(AND(ISNUMBER(J106),G106>0),J106/(0.0834*G106),NA()) -> 1.309952 | I106: %/hr | J106: 4.37 | K106: Btu/h·°F
A107: HPWH - Lab Classrooms | B107: CZ01 | C107: 47.9 | D107: =$C$58*($B$63-C107)*$B$65 -> 54139.4 | E107: =D107*$B$64 -> 32483.64 | F107: =_xlfn.LET(_xlpm.x,_xlfn.XLOOKUP(E107,$C$159:$C$163,$C$159:$C$163,"",1),IF(_xlpm.x="",E107/$B$70,_xlpm.x/$B$70)) -> 7554.3349 | G107: =_xlfn.LET(_xlpm.v,MAX(30,$C$58*$B$66),_xlpm.x,_xlfn.XLOOKUP(_xlpm.v,$A$159:$A$163,$A$159:$A$163,"",1),IF(_xlpm.x="",ROUNDUP(_xlpm.v,0),_xlpm.x)) -> 40 | H107: =IF(AND(ISNUMBER(J107),G107>0),J107/(0.0834*G107),NA()) -> 1.309952 | I107: %/hr | J107: 4.37 | K107: Btu/h·°F | L107: Same DEER HPWH UA method as the Admin plant table. Peak cell $F$58.
A108: HPWH - Lab Classrooms | B108: CZ02 | C108: 50.8 | D108: =$C$58*($B$63-C108)*$B$65 -> 52336.825 | E108: =D108*$B$64 -> 31402.095 | F108: =_xlfn.LET(_xlpm.x,_xlfn.XLOOKUP(E108,$C$159:$C$163,$C$159:$C$163,"",1),IF(_xlpm.x="",E108/$B$70,_xlpm.x/$B$70)) -> 7302.8129 | G108: =_xlfn.LET(_xlpm.v,MAX(30,$C$58*$B$66),_xlpm.x,_xlfn.XLOOKUP(_xlpm.v,$A$159:$A$163,$A$159:$A$163,"",1),IF(_xlpm.x="",ROUNDUP(_xlpm.v,0),_xlpm.x)) -> 40 | H108: =IF(AND(ISNUMBER(J108),G108>0),J108/(0.0834*G108),NA()) -> 1.309952 | I108: %/hr | J108: 4.37 | K108: Btu/h·°F
A109: HPWH - Lab Classrooms | B109: CZ03 | C109: 52.2 | D109: =$C$58*($B$63-C109)*$B$65 -> 51466.617 | E109: =D109*$B$64 -> 30879.97 | F109: =_xlfn.LET(_xlpm.x,_xlfn.XLOOKUP(E109,$C$159:$C$163,$C$159:$C$163,"",1),IF(_xlpm.x="",E109/$B$70,_xlpm.x/$B$70)) -> 7181.3884 | G109: =_xlfn.LET(_xlpm.v,MAX(30,$C$58*$B$66),_xlpm.x,_xlfn.XLOOKUP(_xlpm.v,$A$159:$A$163,$A$159:$A$163,"",1),IF(_xlpm.x="",ROUNDUP(_xlpm.v,0),_xlpm.x)) -> 40 | H109: =IF(AND(ISNUMBER(J109),G109>0),J109/(0.0834*G109),NA()) -> 1.309952 | I109: %/hr | J109: 4.37 | K109: Btu/h·°F
A110: HPWH - Lab Classrooms | B110: CZ04 | C110: 52.7 | D110: =$C$58*($B$63-C110)*$B$65 -> 51155.828 | E110: =D110*$B$64 -> 30693.497 | F110: =_xlfn.LET(_xlpm.x,_xlfn.XLOOKUP(E110,$C$159:$C$163,$C$159:$C$163,"",1),IF(_xlpm.x="",E110/$B$70,_xlpm.x/$B$70)) -> 7138.0225 | G110: =_xlfn.LET(_xlpm.v,MAX(30,$C$58*$B$66),_xlpm.x,_xlfn.XLOOKUP(_xlpm.v,$A$159:$A$163,$A$159:$A$163,"",1),IF(_xlpm.x="",ROUNDUP(_xlpm.v,0),_xlpm.x)) -> 40 | H110: =IF(AND(ISNUMBER(J110),G110>0),J110/(0.0834*G110),NA()) -> 1.309952 | I110: %/hr | J110: 4.37 | K110: Btu/h·°F
A111: HPWH - Lab Classrooms | B111: CZ05 | C111: 51.6 | D111: =$C$58*($B$63-C111)*$B$65 -> 51839.563 | E111: =D111*$B$64 -> 31103.738 | F111: =_xlfn.LET(_xlpm.x,_xlfn.XLOOKUP(E111,$C$159:$C$163,$C$159:$C$163,"",1),IF(_xlpm.x="",E111/$B$70,_xlpm.x/$B$70)) -> 7233.4275 | G111: =_xlfn.LET(_xlpm.v,MAX(30,$C$58*$B$66),_xlpm.x,_xlfn.XLOOKUP(_xlpm.v,$A$159:$A$163,$A$159:$A$163,"",1),IF(_xlpm.x="",ROUNDUP(_xlpm.v,0),_xlpm.x)) -> 40 | H111: =IF(AND(ISNUMBER(J111),G111>0),J111/(0.0834*G111),NA()) -> 1.309952 | I111: %/hr | J111: 4.37 | K111: Btu/h·°F
A112: HPWH - Lab Classrooms | B112: CZ06 | C112: 56.8 | D112: =$C$58*($B$63-C112)*$B$65 -> 48607.36 | E112: =D112*$B$64 -> 29164.416 | F112: =_xlfn.LET(_xlpm.x,_xlfn.XLOOKUP(E112,$C$159:$C$163,$C$159:$C$163,"",1),IF(_xlpm.x="",E112/$B$70,_xlpm.x/$B$70)) -> 6782.4224 | G112: =_xlfn.LET(_xlpm.v,MAX(30,$C$58*$B$66),_xlpm.x,_xlfn.XLOOKUP(_xlpm.v,$A$159:$A$163,$A$159:$A$163,"",1),IF(_xlpm.x="",ROUNDUP(_xlpm.v,0),_xlpm.x)) -> 40 | H112: =IF(AND(ISNUMBER(J112),G112>0),J112/(0.0834*G112),NA()) -> 1.309952 | I112: %/hr | J112: 4.37 | K112: Btu/h·°F
A113: HPWH - Lab Classrooms | B113: CZ07 | C113: 58.4 | D113: =$C$58*($B$63-C113)*$B$65 -> 47612.836 | E113: =D113*$B$64 -> 28567.702 | F113: =_xlfn.LET(_xlpm.x,_xlfn.XLOOKUP(E113,$C$159:$C$163,$C$159:$C$163,"",1),IF(_xlpm.x="",E113/$B$70,_xlpm.x/$B$70)) -> 6643.6516 | G113: =_xlfn.LET(_xlpm.v,MAX(30,$C$58*$B$66),_xlpm.x,_xlfn.XLOOKUP(_xlpm.v,$A$159:$A$163,$A$159:$A$163,"",1),IF(_xlpm.x="",ROUNDUP(_xlpm.v,0),_xlpm.x)) -> 40 | H113: =IF(AND(ISNUMBER(J113),G113>0),J113/(0.0834*G113),NA()) -> 1.309952 | I113: %/hr | J113: 4.37 | K113: Btu/h·°F
A114: HPWH - Lab Classrooms | B114: CZ08 | C114: 58.4 | D114: =$C$58*($B$63-C114)*$B$65 -> 47612.836 | E114: =D114*$B$64 -> 28567.702 | F114: =_xlfn.LET(_xlpm.x,_xlfn.XLOOKUP(E114,$C$159:$C$163,$C$159:$C$163,"",1),IF(_xlpm.x="",E114/$B$70,_xlpm.x/$B$70)) -> 6643.6516 | G114: =_xlfn.LET(_xlpm.v,MAX(30,$C$58*$B$66),_xlpm.x,_xlfn.XLOOKUP(_xlpm.v,$A$159:$A$163,$A$159:$A$163,"",1),IF(_xlpm.x="",ROUNDUP(_xlpm.v,0),_xlpm.x)) -> 40 | H114: =IF(AND(ISNUMBER(J114),G114>0),J114/(0.0834*G114),NA()) -> 1.309952 | I114: %/hr | J114: 4.37 | K114: Btu/h·°F
A115: HPWH - Lab Classrooms | B115: CZ09 | C115: 57.6 | D115: =$C$58*($B$63-C115)*$B$65 -> 48110.098 | E115: =D115*$B$64 -> 28866.059 | F115: =_xlfn.LET(_xlpm.x,_xlfn.XLOOKUP(E115,$C$159:$C$163,$C$159:$C$163,"",1),IF(_xlpm.x="",E115/$B$70,_xlpm.x/$B$70)) -> 6713.037 | G115: =_xlfn.LET(_xlpm.v,MAX(30,$C$58*$B$66),_xlpm.x,_xlfn.XLOOKUP(_xlpm.v,$A$159:$A$163,$A$159:$A$163,"",1),IF(_xlpm.x="",ROUNDUP(_xlpm.v,0),_xlpm.x)) -> 40 | H115: =IF(AND(ISNUMBER(J115),G115>0),J115/(0.0834*G115),NA()) -> 1.309952 | I115: %/hr | J115: 4.37 | K115: Btu/h·°F
A116: HPWH - Lab Classrooms | B116: CZ10 | C116: 57.1 | D116: =$C$58*($B$63-C116)*$B$65 -> 48420.887 | E116: =D116*$B$64 -> 29052.532 | F116: =_xlfn.LET(_xlpm.x,_xlfn.XLOOKUP(E116,$C$159:$C$163,$C$159:$C$163,"",1),IF(_xlpm.x="",E116/$B$70,_xlpm.x/$B$70)) -> 6756.4029 | G116: =_xlfn.LET(_xlpm.v,MAX(30,$C$58*$B$66),_xlpm.x,_xlfn.XLOOKUP(_xlpm.v,$A$159:$A$163,$A$159:$A$163,"",1),IF(_xlpm.x="",ROUNDUP(_xlpm.v,0),_xlpm.x)) -> 40 | H116: =IF(AND(ISNUMBER(J116),G116>0),J116/(0.0834*G116),NA()) -> 1.309952 | I116: %/hr | J116: 4.37 | K116: Btu/h·°F
A117: HPWH - Lab Classrooms | B117: CZ11 | C117: 50.5 | D117: =$C$58*($B$63-C117)*$B$65 -> 52523.299 | E117: =D117*$B$64 -> 31513.979 | F117: =_xlfn.LET(_xlpm.x,_xlfn.XLOOKUP(E117,$C$159:$C$163,$C$159:$C$163,"",1),IF(_xlpm.x="",E117/$B$70,_xlpm.x/$B$70)) -> 7328.8324 | G117: =_xlfn.LET(_xlpm.v,MAX(30,$C$58*$B$66),_xlpm.x,_xlfn.XLOOKUP(_xlpm.v,$A$159:$A$163,$A$159:$A$163,"",1),IF(_xlpm.x="",ROUNDUP(_xlpm.v,0),_xlpm.x)) -> 40 | H117: =IF(AND(ISNUMBER(J117),G117>0),J117/(0.0834*G117),NA()) -> 1.309952 | I117: %/hr | J117: 4.37 | K117: Btu/h·°F
A118: HPWH - Lab Classrooms | B118: CZ12 | C118: 51.4 | D118: =$C$58*($B$63-C118)*$B$65 -> 51963.879 | E118: =D118*$B$64 -> 31178.327 | F118: =_xlfn.LET(_xlpm.x,_xlfn.XLOOKUP(E118,$C$159:$C$163,$C$159:$C$163,"",1),IF(_xlpm.x="",E118/$B$70,_xlpm.x/$B$70)) -> 7250.7738 | G118: =_xlfn.LET(_xlpm.v,MAX(30,$C$58*$B$66),_xlpm.x,_xlfn.XLOOKUP(_xlpm.v,$A$159:$A$163,$A$159:$A$163,"",1),IF(_xlpm.x="",ROUNDUP(_xlpm.v,0),_xlpm.x)) -> 40 | H118: =IF(AND(ISNUMBER(J118),G118>0),J118/(0.0834*G118),NA()) -> 1.309952 | I118: %/hr | J118: 4.37 | K118: Btu/h·°F
A119: HPWH - Lab Classrooms | B119: CZ13 | C119: 51.7 | D119: =$C$58*($B$63-C119)*$B$65 -> 51777.406 | E119: =D119*$B$64 -> 31066.443 | F119: =_xlfn.LET(_xlpm.x,_xlfn.XLOOKUP(E119,$C$159:$C$163,$C$159:$C$163,"",1),IF(_xlpm.x="",E119/$B$70,_xlpm.x/$B$70)) -> 7224.7543 | G119: =_xlfn.LET(_xlpm.v,MAX(30,$C$58*$B$66),_xlpm.x,_xlfn.XLOOKUP(_xlpm.v,$A$159:$A$163,$A$159:$A$163,"",1),IF(_xlpm.x="",ROUNDUP(_xlpm.v,0),_xlpm.x)) -> 40 | H119: =IF(AND(ISNUMBER(J119),G119>0),J119/(0.0834*G119),NA()) -> 1.309952 | I119: %/hr | J119: 4.37 | K119: Btu/h·°F
... A122: HPWH - Lab Classrooms | B122: CZ16 | C122: 41.4 | D122: =$C$58*($B$63-C122)*$B$65 -> 58179.654 | E122: =D122*$B$64 -> 34907.792 | F122: =_xlfn.LET(_xlpm.x,_xlfn.XLOOKUP(E122,$C$159:$C$163,$C$159:$C$163,"",1),IF(_xlpm.x="",E122/$B$70,_xlpm.x/$B$70)) -> 8118.0913 | G122: =_xlfn.LET(_xlpm.v,MAX(30,$C$58*$B$66),_xlpm.x,_xlfn.XLOOKUP(_xlpm.v,$A$159:$A$163,$A$159:$A$163,"",1),IF(_xlpm.x="",ROUNDUP(_xlpm.v,0),_xlpm.x)) -> 40 | H122: =IF(AND(ISNUMBER(J122),G122>0),J122/(0.0834*G122),NA()) -> 1.309952 | I122: %/hr | J122: 4.37 | K122: Btu/h·°F
A123: HPWH - Shop Classrooms | B123: CZ01 | C123: 47.9 | D123: =$C$59*($B$63-C123)*$B$65 -> 54139.4 | E123: =D123*$B$64 -> 32483.64 | F123: =_xlfn.LET(_xlpm.x,_xlfn.XLOOKUP(E123,$C$159:$C$163,$C$159:$C$163,"",1),IF(_xlpm.x="",E123/$B$70,_xlpm.x/$B$70)) -> 7554.3349 | G123: =_xlfn.LET(_xlpm.v,MAX(30,$C$59*$B$66),_xlpm.x,_xlfn.XLOOKUP(_xlpm.v,$A$159:$A$163,$A$159:$A$163,"",1),IF(_xlpm.x="",ROUNDUP(_xlpm.v,0),_xlpm.x)) -> 40 | H123: =IF(AND(ISNUMBER(J123),G123>0),J123/(0.0834*G123),NA()) -> 1.309952 | I123: %/hr | J123: 4.37 | K123: Btu/h·°F | L123: Same DEER HPWH UA method as the Admin plant table. Peak cell $F$59.
A124: HPWH - Shop Classrooms | B124: CZ02 | C124: 50.8 | D124: =$C$59*($B$63-C124)*$B$65 -> 52336.825 | E124: =D124*$B$64 -> 31402.095 | F124: =_xlfn.LET(_xlpm.x,_xlfn.XLOOKUP(E124,$C$159:$C$163,$C$159:$C$163,"",1),IF(_xlpm.x="",E124/$B$70,_xlpm.x/$B$70)) -> 7302.8129 | G124: =_xlfn.LET(_xlpm.v,MAX(30,$C$59*$B$66),_xlpm.x,_xlfn.XLOOKUP(_xlpm.v,$A$159:$A$163,$A$159:$A$163,"",1),IF(_xlpm.x="",ROUNDUP(_xlpm.v,0),_xlpm.x)) -> 40 | H124: =IF(AND(ISNUMBER(J124),G124>0),J124/(0.0834*G124),NA()) -> 1.309952 | I124: %/hr | J124: 4.37 | K124: Btu/h·°F
A125: HPWH - Shop Classrooms | B125: CZ03 | C125: 52.2 | D125: =$C$59*($B$63-C125)*$B$65 -> 51466.617 | E125: =D125*$B$64 -> 30879.97 | F125: =_xlfn.LET(_xlpm.x,_xlfn.XLOOKUP(E125,$C$159:$C$163,$C$159:$C$163,"",1),IF(_xlpm.x="",E125/$B$70,_xlpm.x/$B$70)) -> 7181.3884 | G125: =_xlfn.LET(_xlpm.v,MAX(30,$C$59*$B$66),_xlpm.x,_xlfn.XLOOKUP(_xlpm.v,$A$159:$A$163,$A$159:$A$163,"",1),IF(_xlpm.x="",ROUNDUP(_xlpm.v,0),_xlpm.x)) -> 40 | H125: =IF(AND(ISNUMBER(J125),G125>0),J125/(0.0834*G125),NA()) -> 1.309952 | I125: %/hr | J125: 4.37 | K125: Btu/h·°F
A126: HPWH - Shop Classrooms | B126: CZ04 | C126: 52.7 | D126: =$C$59*($B$63-C126)*$B$65 -> 51155.828 | E126: =D126*$B$64 -> 30693.497 | F126: =_xlfn.LET(_xlpm.x,_xlfn.XLOOKUP(E126,$C$159:$C$163,$C$159:$C$163,"",1),IF(_xlpm.x="",E126/$B$70,_xlpm.x/$B$70)) -> 7138.0225 | G126: =_xlfn.LET(_xlpm.v,MAX(30,$C$59*$B$66),_xlpm.x,_xlfn.XLOOKUP(_xlpm.v,$A$159:$A$163,$A$159:$A$163,"",1),IF(_xlpm.x="",ROUNDUP(_xlpm.v,0),_xlpm.x)) -> 40 | H126: =IF(AND(ISNUMBER(J126),G126>0),J126/(0.0834*G126),NA()) -> 1.309952 | I126: %/hr | J126: 4.37 | K126: Btu/h·°F
A127: HPWH - Shop Classrooms | B127: CZ05 | C127: 51.6 | D127: =$C$59*($B$63-C127)*$B$65 -> 51839.563 | E127: =D127*$B$64 -> 31103.738 | F127: =_xlfn.LET(_xlpm.x,_xlfn.XLOOKUP(E127,$C$159:$C$163,$C$159:$C$163,"",1),IF(_xlpm.x="",E127/$B$70,_xlpm.x/$B$70)) -> 7233.4275 | G127: =_xlfn.LET(_xlpm.v,MAX(30,$C$59*$B$66),_xlpm.x,_xlfn.XLOOKUP(_xlpm.v,$A$159:$A$163,$A$159:$A$163,"",1),IF(_xlpm.x="",ROUNDUP(_xlpm.v,0),_xlpm.x)) -> 40 | H127: =IF(AND(ISNUMBER(J127),G127>0),J127/(0.0834*G127),NA()) -> 1.309952 | I127: %/hr | J127: 4.37 | K127: Btu/h·°F
A128: HPWH - Shop Classrooms | B128: CZ06 | C128: 56.8 | D128: =$C$59*($B$63-C128)*$B$65 -> 48607.36 | E128: =D128*$B$64 -> 29164.416 | F128: =_xlfn.LET(_xlpm.x,_xlfn.XLOOKUP(E128,$C$159:$C$163,$C$159:$C$163,"",1),IF(_xlpm.x="",E128/$B$70,_xlpm.x/$B$70)) -> 6782.4224 | G128: =_xlfn.LET(_xlpm.v,MAX(30,$C$59*$B$66),_xlpm.x,_xlfn.XLOOKUP(_xlpm.v,$A$159:$A$163,$A$159:$A$163,"",1),IF(_xlpm.x="",ROUNDUP(_xlpm.v,0),_xlpm.x)) -> 40 | H128: =IF(AND(ISNUMBER(J128),G128>0),J128/(0.0834*G128),NA()) -> 1.309952 | I128: %/hr | J128: 4.37 | K128: Btu/h·°F
A129: HPWH - Shop Classrooms | B129: CZ07 | C129: 58.4 | D129: =$C$59*($B$63-C129)*$B$65 -> 47612.836 | E129: =D129*$B$64 -> 28567.702 | F129: =_xlfn.LET(_xlpm.x,_xlfn.XLOOKUP(E129,$C$159:$C$163,$C$159:$C$163,"",1),IF(_xlpm.x="",E129/$B$70,_xlpm.x/$B$70)) -> 6643.6516 | G129: =_xlfn.LET(_xlpm.v,MAX(30,$C$59*$B$66),_xlpm.x,_xlfn.XLOOKUP(_xlpm.v,$A$159:$A$163,$A$159:$A$163,"",1),IF(_xlpm.x="",ROUNDUP(_xlpm.v,0),_xlpm.x)) -> 40 | H129: =IF(AND(ISNUMBER(J129),G129>0),J129/(0.0834*G129),NA()) -> 1.309952 | I129: %/hr | J129: 4.37 | K129: Btu/h·°F
A130: HPWH - Shop Classrooms | B130: CZ08 | C130: 58.4 | D130: =$C$59*($B$63-C130)*$B$65 -> 47612.836 | E130: =D130*$B$64 -> 28567.702 | F130: =_xlfn.LET(_xlpm.x,_xlfn.XLOOKUP(E130,$C$159:$C$163,$C$159:$C$163,"",1),IF(_xlpm.x="",E130/$B$70,_xlpm.x/$B$70)) -> 6643.6516 | G130: =_xlfn.LET(_xlpm.v,MAX(30,$C$59*$B$66),_xlpm.x,_xlfn.XLOOKUP(_xlpm.v,$A$159:$A$163,$A$159:$A$163,"",1),IF(_xlpm.x="",ROUNDUP(_xlpm.v,0),_xlpm.x)) -> 40 | H130: =IF(AND(ISNUMBER(J130),G130>0),J130/(0.0834*G130),NA()) -> 1.309952 | I130: %/hr | J130: 4.37 | K130: Btu/h·°F
A131: HPWH - Shop Classrooms | B131: CZ09 | C131: 57.6 | D131: =$C$59*($B$63-C131)*$B$65 -> 48110.098 | E131: =D131*$B$64 -> 28866.059 | F131: =_xlfn.LET(_xlpm.x,_xlfn.XLOOKUP(E131,$C$159:$C$163,$C$159:$C$163,"",1),IF(_xlpm.x="",E131/$B$70,_xlpm.x/$B$70)) -> 6713.037 | G131: =_xlfn.LET(_xlpm.v,MAX(30,$C$59*$B$66),_xlpm.x,_xlfn.XLOOKUP(_xlpm.v,$A$159:$A$163,$A$159:$A$163,"",1),IF(_xlpm.x="",ROUNDUP(_xlpm.v,0),_xlpm.x)) -> 40 | H131: =IF(AND(ISNUMBER(J131),G131>0),J131/(0.0834*G131),NA()) -> 1.309952 | I131: %/hr | J131: 4.37 | K131: Btu/h·°F
A132: HPWH - Shop Classrooms | B132: CZ10 | C132: 57.1 | D132: =$C$59*($B$63-C132)*$B$65 -> 48420.887 | E132: =D132*$B$64 -> 29052.532 | F132: =_xlfn.LET(_xlpm.x,_xlfn.XLOOKUP(E132,$C$159:$C$163,$C$159:$C$163,"",1),IF(_xlpm.x="",E132/$B$70,_xlpm.x/$B$70)) -> 6756.4029 | G132: =_xlfn.LET(_xlpm.v,MAX(30,$C$59*$B$66),_xlpm.x,_xlfn.XLOOKUP(_xlpm.v,$A$159:$A$163,$A$159:$A$163,"",1),IF(_xlpm.x="",ROUNDUP(_xlpm.v,0),_xlpm.x)) -> 40 | H132: =IF(AND(ISNUMBER(J132),G132>0),J132/(0.0834*G132),NA()) -> 1.309952 | I132: %/hr | J132: 4.37 | K132: Btu/h·°F
A133: HPWH - Shop Classrooms | B133: CZ11 | C133: 50.5 | D133: =$C$59*($B$63-C133)*$B$65 -> 52523.299 | E133: =D133*$B$64 -> 31513.979 | F133: =_xlfn.LET(_xlpm.x,_xlfn.XLOOKUP(E133,$C$159:$C$163,$C$159:$C$163,"",1),IF(_xlpm.x="",E133/$B$70,_xlpm.x/$B$70)) -> 7328.8324 | G133: =_xlfn.LET(_xlpm.v,MAX(30,$C$59*$B$66),_xlpm.x,_xlfn.XLOOKUP(_xlpm.v,$A$159:$A$163,$A$159:$A$163,"",1),IF(_xlpm.x="",ROUNDUP(_xlpm.v,0),_xlpm.x)) -> 40 | H133: =IF(AND(ISNUMBER(J133),G133>0),J133/(0.0834*G133),NA()) -> 1.309952 | I133: %/hr | J133: 4.37 | K133: Btu/h·°F
A134: HPWH - Shop Classrooms | B134: CZ12 | C134: 51.4 | D134: =$C$59*($B$63-C134)*$B$65 -> 51963.879 | E134: =D134*$B$64 -> 31178.327 | F134: =_xlfn.LET(_xlpm.x,_xlfn.XLOOKUP(E134,$C$159:$C$163,$C$159:$C$163,"",1),IF(_xlpm.x="",E134/$B$70,_xlpm.x/$B$70)) -> 7250.7738 | G134: =_xlfn.LET(_xlpm.v,MAX(30,$C$59*$B$66),_xlpm.x,_xlfn.XLOOKUP(_xlpm.v,$A$159:$A$163,$A$159:$A$163,"",1),IF(_xlpm.x="",ROUNDUP(_xlpm.v,0),_xlpm.x)) -> 40 | H134: =IF(AND(ISNUMBER(J134),G134>0),J134/(0.0834*G134),NA()) -> 1.309952 | I134: %/hr | J134: 4.37 | K134: Btu/h·°F
A135: HPWH - Shop Classrooms | B135: CZ13 | C135: 51.7 | D135: =$C$59*($B$63-C135)*$B$65 -> 51777.406 | E135: =D135*$B$64 -> 31066.443 | F135: =_xlfn.LET(_xlpm.x,_xlfn.XLOOKUP(E135,$C$159:$C$163,$C$159:$C$163,"",1),IF(_xlpm.x="",E135/$B$70,_xlpm.x/$B$70)) -> 7224.7543 | G135: =_xlfn.LET(_xlpm.v,MAX(30,$C$59*$B$66),_xlpm.x,_xlfn.XLOOKUP(_xlpm.v,$A$159:$A$163,$A$159:$A$163,"",1),IF(_xlpm.x="",ROUNDUP(_xlpm.v,0),_xlpm.x)) -> 40 | H135: =IF(AND(ISNUMBER(J135),G135>0),J135/(0.0834*G135),NA()) -> 1.309952 | I135: %/hr | J135: 4.37 | K135: Btu/h·°F
... A138: HPWH - Shop Classrooms | B138: CZ16 | C138: 41.4 | D138: =$C$59*($B$63-C138)*$B$65 -> 58179.654 | E138: =D138*$B$64 -> 34907.792 | F138: =_xlfn.LET(_xlpm.x,_xlfn.XLOOKUP(E138,$C$159:$C$163,$C$159:$C$163,"",1),IF(_xlpm.x="",E138/$B$70,_xlpm.x/$B$70)) -> 8118.0913 | G138: =_xlfn.LET(_xlpm.v,MAX(30,$C$59*$B$66),_xlpm.x,_xlfn.XLOOKUP(_xlpm.v,$A$159:$A$163,$A$159:$A$163,"",1),IF(_xlpm.x="",ROUNDUP(_xlpm.v,0),_xlpm.x)) -> 40 | H138: =IF(AND(ISNUMBER(J138),G138>0),J138/(0.0834*G138),NA()) -> 1.309952 | I138: %/hr | J138: 4.37 | K138: Btu/h·°F
A139: HPWH - Sports | B139: CZ01 | C139: 47.9 | D139: =$C$60*($B$63-C139)*$B$65 -> 54139.4 | E139: =D139*$B$64 -> 32483.64 | F139: =_xlfn.LET(_xlpm.x,_xlfn.XLOOKUP(E139,$C$159:$C$163,$C$159:$C$163,"",1),IF(_xlpm.x="",E139/$B$70,_xlpm.x/$B$70)) -> 7554.3349 | G139: =_xlfn.LET(_xlpm.v,MAX(30,$C$60*$B$66),_xlpm.x,_xlfn.XLOOKUP(_xlpm.v,$A$159:$A$163,$A$159:$A$163,"",1),IF(_xlpm.x="",ROUNDUP(_xlpm.v,0),_xlpm.x)) -> 40 | H139: =IF(AND(ISNUMBER(J139),G139>0),J139/(0.0834*G139),NA()) -> 1.309952 | I139: %/hr | J139: 4.37 | K139: Btu/h·°F | L139: Same DEER HPWH UA method as the Admin plant table. Peak cell $F$60.
A140: HPWH - Sports | B140: CZ02 | C140: 50.8 | D140: =$C$60*($B$63-C140)*$B$65 -> 52336.825 | E140: =D140*$B$64 -> 31402.095 | F140: =_xlfn.LET(_xlpm.x,_xlfn.XLOOKUP(E140,$C$159:$C$163,$C$159:$C$163,"",1),IF(_xlpm.x="",E140/$B$70,_xlpm.x/$B$70)) -> 7302.8129 | G140: =_xlfn.LET(_xlpm.v,MAX(30,$C$60*$B$66),_xlpm.x,_xlfn.XLOOKUP(_xlpm.v,$A$159:$A$163,$A$159:$A$163,"",1),IF(_xlpm.x="",ROUNDUP(_xlpm.v,0),_xlpm.x)) -> 40 | H140: =IF(AND(ISNUMBER(J140),G140>0),J140/(0.0834*G140),NA()) -> 1.309952 | I140: %/hr | J140: 4.37 | K140: Btu/h·°F
A141: HPWH - Sports | B141: CZ03 | C141: 52.2 | D141: =$C$60*($B$63-C141)*$B$65 -> 51466.617 | E141: =D141*$B$64 -> 30879.97 | F141: =_xlfn.LET(_xlpm.x,_xlfn.XLOOKUP(E141,$C$159:$C$163,$C$159:$C$163,"",1),IF(_xlpm.x="",E141/$B$70,_xlpm.x/$B$70)) -> 7181.3884 | G141: =_xlfn.LET(_xlpm.v,MAX(30,$C$60*$B$66),_xlpm.x,_xlfn.XLOOKUP(_xlpm.v,$A$159:$A$163,$A$159:$A$163,"",1),IF(_xlpm.x="",ROUNDUP(_xlpm.v,0),_xlpm.x)) -> 40 | H141: =IF(AND(ISNUMBER(J141),G141>0),J141/(0.0834*G141),NA()) -> 1.309952 | I141: %/hr | J141: 4.37 | K141: Btu/h·°F
A142: HPWH - Sports | B142: CZ04 | C142: 52.7 | D142: =$C$60*($B$63-C142)*$B$65 -> 51155.828 | E142: =D142*$B$64 -> 30693.497 | F142: =_xlfn.LET(_xlpm.x,_xlfn.XLOOKUP(E142,$C$159:$C$163,$C$159:$C$163,"",1),IF(_xlpm.x="",E142/$B$70,_xlpm.x/$B$70)) -> 7138.0225 | G142: =_xlfn.LET(_xlpm.v,MAX(30,$C$60*$B$66),_xlpm.x,_xlfn.XLOOKUP(_xlpm.v,$A$159:$A$163,$A$159:$A$163,"",1),IF(_xlpm.x="",ROUNDUP(_xlpm.v,0),_xlpm.x)) -> 40 | H142: =IF(AND(ISNUMBER(J142),G142>0),J142/(0.0834*G142),NA()) -> 1.309952 | I142: %/hr | J142: 4.37 | K142: Btu/h·°F
A143: HPWH - Sports | B143: CZ05 | C143: 51.6 | D143: =$C$60*($B$63-C143)*$B$65 -> 51839.563 | E143: =D143*$B$64 -> 31103.738 | F143: =_xlfn.LET(_xlpm.x,_xlfn.XLOOKUP(E143,$C$159:$C$163,$C$159:$C$163,"",1),IF(_xlpm.x="",E143/$B$70,_xlpm.x/$B$70)) -> 7233.4275 | G143: =_xlfn.LET(_xlpm.v,MAX(30,$C$60*$B$66),_xlpm.x,_xlfn.XLOOKUP(_xlpm.v,$A$159:$A$163,$A$159:$A$163,"",1),IF(_xlpm.x="",ROUNDUP(_xlpm.v,0),_xlpm.x)) -> 40 | H143: =IF(AND(ISNUMBER(J143),G143>0),J143/(0.0834*G143),NA()) -> 1.309952 | I143: %/hr | J143: 4.37 | K143: Btu/h·°F
A144: HPWH - Sports | B144: CZ06 | C144: 56.8 | D144: =$C$60*($B$63-C144)*$B$65 -> 48607.36 | E144: =D144*$B$64 -> 29164.416 | F144: =_xlfn.LET(_xlpm.x,_xlfn.XLOOKUP(E144,$C$159:$C$163,$C$159:$C$163,"",1),IF(_xlpm.x="",E144/$B$70,_xlpm.x/$B$70)) -> 6782.4224 | G144: =_xlfn.LET(_xlpm.v,MAX(30,$C$60*$B$66),_xlpm.x,_xlfn.XLOOKUP(_xlpm.v,$A$159:$A$163,$A$159:$A$163,"",1),IF(_xlpm.x="",ROUNDUP(_xlpm.v,0),_xlpm.x)) -> 40 | H144: =IF(AND(ISNUMBER(J144),G144>0),J144/(0.0834*G144),NA()) -> 1.309952 | I144: %/hr | J144: 4.37 | K144: Btu/h·°F
A145: HPWH - Sports | B145: CZ07 | C145: 58.4 | D145: =$C$60*($B$63-C145)*$B$65 -> 47612.836 | E145: =D145*$B$64 -> 28567.702 | F145: =_xlfn.LET(_xlpm.x,_xlfn.XLOOKUP(E145,$C$159:$C$163,$C$159:$C$163,"",1),IF(_xlpm.x="",E145/$B$70,_xlpm.x/$B$70)) -> 6643.6516 | G145: =_xlfn.LET(_xlpm.v,MAX(30,$C$60*$B$66),_xlpm.x,_xlfn.XLOOKUP(_xlpm.v,$A$159:$A$163,$A$159:$A$163,"",1),IF(_xlpm.x="",ROUNDUP(_xlpm.v,0),_xlpm.x)) -> 40 | H145: =IF(AND(ISNUMBER(J145),G145>0),J145/(0.0834*G145),NA()) -> 1.309952 | I145: %/hr | J145: 4.37 | K145: Btu/h·°F
...

Sheet Interior Lights
A1: ="Interior Lighting - "&Prototype!A2 -> Interior Lighting - SchoolHigh
A2: Space Type | B2: New Construction | E2: Existing
B3: Lighting density (W/ft²) | C3: Additional lighting power for porTable lighting (W/ft²) | D3: Source | E3: LPD (W/ft²) | F3: Additional LPD for PorTable Lighting (W/ft²) | G3: Source
A4: Lounge, Breakroom, or Waiting Area | B4: 0.55 | C4: 0.25 | D4: T24, 2025, Table 140.6 C (Area category method) | E4: 0.9 | F4: 0.25 | G4: T24, 2016, Table 140.6 C (Area category method)
A5: Dining Area (Cafeteria/Fast Food) | B5: 0.45 | E5: 1
A6: Convention, Conference, Multipurpose and Meeting Area | B6: 0.75 | C6: 0.25 | E6: 1.2 | F6: 0.2
A7: Corridor Area | B7: 0.4 | E7: 0.6
A8: Electrical, Mechanical, Telephone Rooms | B8: 0.4 | E8: 0.55
A9: Kitchen/Food Preparation Area | B9: 0.95 | E9: 1.2
A10: Restrooms | B10: 0.65 | E10: 0.6
A11: Lobby, Main Entry | B11: 0.7 | C11: 0.25 | E11: 0.95 | F11: 0.2
A12: Office Area (<250 square feet) | B12: 0.65 | C12: 0.2 | E12: 1 | F12: 0.2
A13: Storage (General) | B13: 0.4 | E13: 0.6
A14: Storage, Commercial/Industrial (Refrigerated) | B14: 0.4 | E14: 0.7
A15: Theater Area (Performance) | B15: 0.8 | E15: 1.4
A16: Laboratory, Scientific | B16: 0.9 | C16: 0.35 | E16: 1.4 | F16: 0.2
A17: Library (Reading Area) | B17: 0.8 | E17: 1.1
A18: Classroom, Lecture, Training, Vocational Areas | B18: 0.6 | E18: 1.2
A19: Wood/Metal Shop Classroom | B19: 0.6 | E19: 1.2
A20: Locker Room | B20: 0.45 | E20: 0.8
A21: Exercise/Fitness Center and Gymnasium Areas | B21: 0.5 | E21: 1
A22: Exercise/Fitness Center and Gymnasium Areas | B22: 0.5 | E22: 1

Sheet Ext Lighting
A1: ="Exterior Lighting - "&Prototype!A2 -> Exterior Lighting - SchoolHigh
A2: Motion Controlled Luminaires (W) | B2: Non-motion Controlled Luminaires (W) | C2: Total (W) | D2: Source
A3: =G15 -> 4040.6229 | B3: =G16 -> 7440.8933 | C3: =A3+B3 -> 11481.516 | D3: T24, 2022 & 2025 2019 Outdoor Lighting CASE report PNNL 90.1-2010 TSD
A7: ="Exterior Lighting" -> Exterior Lighting
A8: Items (Assume LZ2) | B8: Assumptions [2019 Outdoor Lighting CASE Report & PNNL 90.1-2010 TS] | D8: Unit | E8: Lighting Power Allowance [T24, 2025, Table 140.7-A & 140.7-B] | F8: Unit | G8: Exterior Lighting Power (W)
A9: IWA (Initial Wattage Allowance) | E9: 200 | F9: (W) | G9: =$E9 -> 200
A10: Parking area | B10: 400 ft² for every parking space 1 parking space per 360 ft² of gross building area | C10: =B28/360*400 -> 194243.31 | D10: (ft²) | E10: 0.019 | F10: (W/ft²) | G10: =E10*C10 -> 3690.6229
A11: Building Entrance | B11: Two required exits per building (5 buildings). Exterior classroom access | C11: 10 | D11: (count) | E11: 15 | F11: (W/ea) | G11: =E11*C11 -> 150
A12: Hardscape Ornamental Light | B12: Hardscape ornamental: 0.1 ft² per 1 ft² GFA, then 25% of that area | C12: =B28*0.1*0.25 -> 4370.4745 | D12: (ft²) | E12: 0.007 | F12: (W/ft²) | G12: =E12*C12 -> 30.593322
A13: Building façade | B13: 0.1 W per 1 ft² of facade area Façade Area = Perimeter × 0.25 × max ( height and 34) (34 ft is the max height that is lit) * The 0.25 factor assumes that only half of the perimeter walls are lit. -Formula ia developed based on the 2019 Outdoor Lighting CASE report | C13: =0.25*4*(B21*B22+C21*C22+D21*D22+E21*E22+F21*F22) -> 72103 | D13: (ft²) | E13: 0.1 | F13: (W/ft²) | G13: =E13*C13 -> 7210.3
A14: Student pickup / drop-off (walkway) | B14: Allowance: walkway LPD on assumed 4,000 ft² loading loop (site program does not list a separate canopy). T24 2025 Table 140.7-B walkways. | G14: 200
A15: Motion Controlled Luminaires (W) | G15: =G10+G9+G11 -> 4040.6229
A16: Non-motion-controlled Luminaires | G16: =G12+G13+G14 -> 7440.8933
A17: Total | G17: =G15+G16 -> 11481.516
B20: North Classroom | C20: Lab Classroom | D20: Shop Classroom | E20: MPR/Admin | F20: Gym / Courts / Locker
A21: Perimeter of each buildings (ft) | B21: 537 | C21: 327 | D21: 474 | E21: 563 | F21: 800
A22: Max Height that is lit for each buildings (ft) | B22: 28 | C22: 28 | D22: 14 | E22: 25 | F22: 34
A23: Each building footprint | B23: 7876 | C23: 4415 | D23: 8640 | E23: 16754 | F23: 29523
A24: Floors | B24: 2 | C24: 2 | D24: 1 | E24: 1 | F24: 1
A25: Floor area of each building (ft²) | B25: {=SUMPRODUCT((Zones!$A$3:$A$44="SchoolHigh North Classrooms")*(ISERROR(SEARCH("SHOP",Zones!$B$3:$B$44)))*(Zones!$H$3:$H$44)*(Zones!$J$3:$J$44))} -> 72139.16 | C25: {=SUMPRODUCT((Zones!$A$3:$A$44="SchoolHigh Lab Classrooms")*(Zones!$H$3:$H$44)*(Zones!$J$3:$J$44))} -> 8829.95 | D25: {=SUMPRODUCT((Zones!$A$3:$A$44="SchoolHigh North Classrooms")*(ISNUMBER(SEARCH("SHOP",Zones!$B$3:$B$44)))*(Zones!$H$3:$H$44)*(Zones!$J$3:$J$44))} -> 0 | E25: {=SUMPRODUCT((Zones!$A$3:$A$44="SchoolHigh Admin/MPR")*(Zones!$H$3:$H$44)*(Zones!$J$3:$J$44))} -> 55686.18 | F25: {=SUMPRODUCT((Zones!$A$3:$A$44="SchoolHigh Sports")*(Zones!$H$3:$H$44)*(Zones!$J$3:$J$44))} -> 29522.88
A26: Wall area of each building (ft²) | B26: =B21*B22 -> 15036 | C26: =C21*C22 -> 9156 | D26: =D21*D22 -> 6636 | E26: =E21*E22 -> 14075 | F26: =F21*F22 -> 27200
A27: Total Perimeter (ft) | B27: =SUM(B21:F21) -> 2701
A28: Total floor area (ft²) | B28: =Prototype!B9 -> 174818.98

Sheet Equipment
A1: ="Equipment - "&Prototype!A2 -> Equipment - SchoolHigh
A2: Space Type | B2: Plug load Power Density (W/ft²) | C2: Gas Power Density (Btu/hr-ft²) | D2: Refrigeration Power Density (W/ft²) | E2: Source
A3: Lounge, Breakroom, or Waiting Area | B3: 1 | C3: 0 | D3: 0 | E3: T24 2022 / current NRMFACM Appendix 5.4A
A4: Dining Area (Cafeteria/Fast Food) | B4: 0.5 | C4: 0 | D4: 0.25
A5: Convention, Conference, Multipurpose and Meeting Area | B5: 1 | C5: 0 | D5: 0
A6: Corridor Area | B6: 0 | C6: 0 | D6: 0
A7: Electrical, Mechanical, Telephone Rooms | B7: 3 | C7: 0 | D7: 0 | E7: Plug 3.0 W/ft² — T24 2022 Appendix 5.4A. Gas 0 and refrigeration 0 per Appendix 5.4A.
A8: Kitchen/Food Preparation Area | B8: 1.5 | C8: 17.53768 | D8: 1.12 | E8: Plug 1.5 W/ft²; gas 17.54 Btu/h-ft²; refrigeration 1.12 W/ft² — all T24 2022 Appendix 5.4A (ACM 2025 table unchanged). Not from the Plug Loads and Schedules project.
A9: Restrooms | B9: 0.5 | C9: 0 | D9: 0 | E9: Plug load and schedules project with CEC, 2025
A10: Lobby, Main Entry | B10: 0.7 | C10: 0 | D10: 0 | E10: T24 2022 / current NRMFACM Appendix 5.4A
A11: Office Area (<250 square feet) | B11: 0.7 | C11: 0 | D11: 0 | E11: Plug 0.7 W/ft² — Plug Loads and Schedules project with CEC, 2025 (Appendix 5.4A office ≤250 ft² is 1.5 W/ft²). Gas 0 and refrigeration 0 — Appendix 5.4A has no process gas or commercial refrigeration for this space.
A12: Storage (General) | B12: 0.2 | C12: 0 | D12: 0 | E12: T24 2022 / current NRMFACM Appendix 5.4A
A13: Storage, Commercial/Industrial (Refrigerated) | B13: 0.2 | C13: 0 | D13: 10
A14: Theater Area (Performance) | B14: 0.5 | C14: 0 | D14: 0
A15: Laboratory, Scientific | B15: 1.5 | C15: 0 | D15: 0
A16: Library (Reading Area) | B16: 1.5 | C16: 0 | D16: 0
A17: Classroom, Lecture, Training, Vocational Areas | B17: 0.8 | C17: 0 | D17: 0
A18: Wood/Metal Shop Classroom | B18: 1 | C18: 0 | D18: 0
A19: Locker Room | B19: 0.5
A20: Exercise/Fitness Center and Gymnasium Areas | B20: 0.5 | C20: 0 | D20: 0
A21: Exercise/Fitness Center and Gymnasium Areas | B21: 0.5 | C21: 0 | D21: 0
A24: Elevator
A25: Vintage | B25: Class | C25: Number of elevators (ne) | D25: Cab Lighting Power Limit (W/ft2) | E25: Fan Power Limit (W/CFM) | F25: Cab Ventilation Fan & Lighting Shutoff | G25: Design Motor Load (W) | H25: Fan Load (W) | I25: Lighting Load (W) | J25: Total (W) | K25: Note
A26: Existing | B26: F/G | C26: 2 | D26: 1.14 | E26: 0.33 | F26: When stopped and unoccupied with doors closed for over 15 minutes, cab interior lighting and ventilation shall be de-energized until required for operation. | G26: =IF(INDEX($C:$C,MATCH("Equivalent full load hours",$B:$B,0))=0,0,ROUND(INDEX($C:$C,MATCH("Annual energy consumption of the elevator - Existing",$B:$B,0))/INDEX($C:$C,MATCH("Equivalent full load hours",$B:$B,0))*1000,2)) -> 6379.25 | H26: =ROUND(C26*INDEX($C:$C,MATCH("Cab fan airflow",$B:$B,0))*E26,2) -> 165 | I26: =ROUND(C26*INDEX($C:$C,MATCH("Cab floor area",$B:$B,0))*D26,2) -> 68.17 | J26: =ROUND(SUM(G26:I26),2) -> 6612.42 | K26: Design load is calculated according to ISO 25745-2 method using Class F/G. Cab lighting and fan requirements are based on ASHRAE 90.1 2013.
A27: New Construction | B27: E | C27: 2 | D27: 0.6 | E27: 0.33 | F27: When the elevator cab is stopped and unoccupied with doors closed for over 15 minutes, the cab interior lighting and ventilation fans shall be switched off until elevator cab operation resumes. | G27: =IF(INDEX($C:$C,MATCH("Equivalent full load hours",$B:$B,0))=0,0,ROUND(INDEX($C:$C,MATCH("Annual energy consumption of the elevator - New Construction",$B:$B,0))/INDEX($C:$C,MATCH("Equivalent full load hours",$B:$B,0))*1000,2)) -> 3329.02 | H27: =ROUND(C27*INDEX($C:$C,MATCH("Cab fan airflow",$B:$B,0))*E27,2) -> 165 | I27: =ROUND(C27*INDEX($C:$C,MATCH("Cab floor area",$B:$B,0))*D27,2) -> 35.88 | J27: =ROUND(SUM(G27:I27),2) -> 3529.9 | K27: Design load is calculated according to ISO 25745-2 method using Class E. Cab lighting and fan requirements are based on T24 2025 §120.6 (f).
A28: Elevator count (C25:C26 = 2) is one elevator per two-story classroom building (North Classroom and Lab) from the CEC SchoolHigh layout. F24 is the cab lighting/ventilation shutoff requirement, not a count source.
A30: School High Elevator Calculations
A31: Symbol | B31: Definition | C31: Value | D31: Units | E31: Source
A32: E | B32: Annual energy consumption of the elevator - Existing | C32: 31634.71 | D32: kWh/year | E32: Calculated
B33: Annual energy consumption of the elevator - New Construction | C33: 16508.63 | D33: kWh/year | E33: Calculated
A34: C1 | B34: Running-energy coefficient | C34: 3.65 for Class E; 5.47 for Class F | D34: Coefficient | E34: ISO 25745-2 Table 7
A35: C2 | B35: Idle/standby coefficient | C35: 800 for Class E; 1,600 for Class F | D35: Coefficient | E35: ISO 25745-2 Table 7
A36: Q | B36: Rated load of elevator | C36: 1361 | D36: kg | E36: Assumed for all prototypes
A37: Elevator Size | B37: Cab floor area | C37: 29.9 | D37: ft^2 | E37: W=6.781 ft, L=4.406 ft; assumed based on representative manufacturer
A38: CFM | B38: Cab fan airflow | C38: 250 | D38: cfm | E38: Assumed for multifamily and commercial prototypes
A39: cat | B39: Usage category | C39: 2 | D39: - | E39: ISO 25745-2 Table A.1
A40: d | B40: Operating days per year | C40: 260 | D40: days/year | E40: ISO 25745-2 Table A.1
A41: nf | B41: Number of floors | C41: 2 | D41: floors | E41: Prototype assumptions
A42: h | B42: Floor-to-floor height | C42: 4.27 | D42: m | E42: Prototype assumptions
A43: v | B43: Elevator lift speed | C43: 1 | D43: m/s | E43: ISO 25745-2 Table A.1
A44: nd | B44: Number of trips per day | C44: 125 | D44: trips/day | E44: ISO 25745-2 Table A.1
A45: S_pct | B45: Percent of average travel distance | C45: 1 | D45: % | E45: ISO 25745-2 Table 2
A46: a | B46: Acceleration | C46: 1 | D46: m/s^2 | E46: Annex B of ISO 25745-2
A47: j | B47: Jerk | C47: 1.25 | D47: m/s^3 | E47: Annex B of ISO 25745-2
... A53: Total light level | B53: Total light level | C53: 40 | D53: lm/ft2 | E53: PNNL Prototypes
A54: EFLH | B54: Equivalent full load hours | C54: =Schedules!AD151 -> 4959 | D54: hours | E54: Calculated using the elevator schedule

Sheet Schedules
A1: Schedules - SchoolHigh
A2: Zone | B2: Schedule Category | C2: Schedule | D2: Source | E2: Type | F2: Hour
F3: 1 | G3: 2 | H3: 3 | I3: 4 | J3: 5 | K3: 6 | L3: 7 | M3: 8 | N3: 9 | O3: 10 | P3: 11 | Q3: 12 | R3: 13 | S3: 14 | T3: 15 | U3: 16 | V3: 17 | W3: 18 | X3: 19 | Y3: 20 | Z3: 21 | AA3: 22 | AB3: 23 | AC3: 24
A4: School Zones | B4: Classroom | C4: Occupancy | D4: T24 2022 - Appendix 5.4B [School] | E4: Weekday | F4: 0 | G4: 0 | H4: 0 | I4: 0 | J4: 0 | K4: 0 | L4: 0 | M4: 0.05 | N4: 0.75 | O4: 0.9 | P4: 0.9 | Q4: 0.8 | R4: 0.8 | S4: 0.8 | T4: 0.8 | U4: 0.45 | V4: 0.15 | W4: 0.05 | X4: 0.15 | Y4: 0.2 | Z4: 0.2 | AA4: 0.1 | AB4: 0 | AC4: 0
E5: Saturday | F5: 0 | G5: 0 | H5: 0 | I5: 0 | J5: 0 | K5: 0 | L5: 0 | M5: 0 | N5: 0.1 | O5: 0.1 | P5: 0.1 | Q5: 0.1 | R5: 0.1 | S5: 0 | T5: 0 | U5: 0 | V5: 0 | W5: 0 | X5: 0 | Y5: 0 | Z5: 0 | AA5: 0 | AB5: 0 | AC5: 0
E6: Sunday | F6: 0 | G6: 0 | H6: 0 | I6: 0 | J6: 0 | K6: 0 | L6: 0 | M6: 0 | N6: 0 | O6: 0 | P6: 0 | Q6: 0 | R6: 0 | S6: 0 | T6: 0 | U6: 0 | V6: 0 | W6: 0 | X6: 0 | Y6: 0 | Z6: 0 | AA6: 0 | AB6: 0 | AC6: 0
A7: School Zones | B7: Classroom | C7: Lights | D7: T24 2022 - Appendix 5.4B [School] | E7: Weekday | F7: 0.05 | G7: 0.05 | H7: 0.05 | I7: 0.05 | J7: 0.05 | K7: 0.05 | L7: 0.05 | M7: 0.3 | N7: 0.6 | O7: 0.65 | P7: 0.65 | Q7: 0.65 | R7: 0.55 | S7: 0.55 | T7: 0.55 | U7: 0.5 | V7: 0.35 | W7: 0.35 | X7: 0.35 | Y7: 0.35 | Z7: 0.35 | AA7: 0.3 | AB7: 0.05 | AC7: 0.05
E8: Saturday | F8: 0.05 | G8: 0.05 | H8: 0.05 | I8: 0.05 | J8: 0.05 | K8: 0.05 | L8: 0.05 | M8: 0.05 | N8: 0.15 | O8: 0.15 | P8: 0.15 | Q8: 0.15 | R8: 0.15 | S8: 0.05 | T8: 0.05 | U8: 0.05 | V8: 0.05 | W8: 0.05 | X8: 0.05 | Y8: 0.05 | Z8: 0.05 | AA8: 0.05 | AB8: 0.05 | AC8: 0.05
E9: Sunday | F9: 0.05 | G9: 0.05 | H9: 0.05 | I9: 0.05 | J9: 0.05 | K9: 0.05 | L9: 0.05 | M9: 0.05 | N9: 0.05 | O9: 0.05 | P9: 0.05 | Q9: 0.05 | R9: 0.05 | S9: 0.05 | T9: 0.05 | U9: 0.05 | V9: 0.05 | W9: 0.05 | X9: 0.05 | Y9: 0.05 | Z9: 0.05 | AA9: 0.05 | AB9: 0.05 | AC9: 0.05
A10: School Zones | B10: Classroom | C10: ElecEquipment | D10: T24 2022 - Appendix 5.4B [School] | E10: Weekday | F10: 0.05 | G10: 0.05 | H10: 0.05 | I10: 0.05 | J10: 0.05 | K10: 0.05 | L10: 0.05 | M10: 0.3 | N10: 0.85 | O10: 0.95 | P10: 0.95 | Q10: 0.95 | R10: 0.8 | S10: 0.8 | T10: 0.8 | U10: 0.7 | V10: 0.5 | W10: 0.5 | X10: 0.35 | Y10: 0.35 | Z10: 0.35 | AA10: 0.3 | AB10: 0.05 | AC10: 0.05
E11: Saturday | F11: 0.05 | G11: 0.05 | H11: 0.05 | I11: 0.05 | J11: 0.05 | K11: 0.05 | L11: 0.05 | M11: 0.05 | N11: 0.15 | O11: 0.15 | P11: 0.15 | Q11: 0.15 | R11: 0.15 | S11: 0.05 | T11: 0.05 | U11: 0.05 | V11: 0.05 | W11: 0.05 | X11: 0.05 | Y11: 0.05 | Z11: 0.05 | AA11: 0.05 | AB11: 0.05 | AC11: 0.05
E12: Sunday | F12: 0.05 | G12: 0.05 | H12: 0.05 | I12: 0.05 | J12: 0.05 | K12: 0.05 | L12: 0.05 | M12: 0.05 | N12: 0.05 | O12: 0.05 | P12: 0.05 | Q12: 0.05 | R12: 0.05 | S12: 0.05 | T12: 0.05 | U12: 0.05 | V12: 0.05 | W12: 0.05 | X12: 0.05 | Y12: 0.05 | Z12: 0.05 | AA12: 0.05 | AB12: 0.05 | AC12: 0.05
A13: School Zones | B13: Classroom | C13: ServiceHotWater | D13: T24 2022 - Appendix 5.4B [School] | E13: Weekday | F13: 0.05 | G13: 0.05 | H13: 0.05 | I13: 0.05 | J13: 0.05 | K13: 0.05 | L13: 0.05 | M13: 0.1 | N13: 0.34 | O13: 0.6 | P13: 0.63 | Q13: 0.72 | R13: 0.79 | S13: 0.83 | T13: 0.61 | U13: 0.65 | V13: 0.1 | W13: 0.1 | X13: 0.19 | Y13: 0.25 | Z13: 0.22 | AA13: 0.22 | AB13: 0.12 | AC13: 0.09
E14: Saturday | F14: 0.03 | G14: 0.03 | H14: 0.03 | I14: 0.03 | J14: 0.03 | K14: 0.03 | L14: 0.03 | M14: 0.03 | N14: 0.03 | O14: 0.05 | P14: 0.05 | Q14: 0.05 | R14: 0.05 | S14: 0.03 | T14: 0.03 | U14: 0.03 | V14: 0.03 | W14: 0.03 | X14: 0.03 | Y14: 0.03 | Z14: 0.03 | AA14: 0.03 | AB14: 0.03 | AC14: 0.03
E15: Sunday | F15: 0.03 | G15: 0.03 | H15: 0.03 | I15: 0.03 | J15: 0.03 | K15: 0.03 | L15: 0.03 | M15: 0.03 | N15: 0.05 | O15: 0.05 | P15: 0.05 | Q15: 0.05 | R15: 0.05 | S15: 0.05 | T15: 0.03 | U15: 0.03 | V15: 0.03 | W15: 0.03 | X15: 0.03 | Y15: 0.03 | Z15: 0.03 | AA15: 0.03 | AB15: 0.03 | AC15: 0.03
A16: School Zones | B16: Classroom | C16: GasEquipment | D16: T24 2022 - Appendix 5.4B [School] | E16: Weekday | F16: 0 | G16: 0 | H16: 0 | I16: 0 | J16: 0 | K16: 0 | L16: 0 | M16: 0.5 | N16: 0.5 | O16: 0.75 | P16: 0.9 | Q16: 0.9 | R16: 0.9 | S16: 0 | T16: 0 | U16: 0 | V16: 0 | W16: 0 | X16: 0 | Y16: 0 | Z16: 0 | AA16: 0 | AB16: 0 | AC16: 0
E17: Saturday | F17: 0 | G17: 0 | H17: 0 | I17: 0 | J17: 0 | K17: 0 | L17: 0 | M17: 0 | N17: 0 | O17: 0 | P17: 0 | Q17: 0 | R17: 0 | S17: 0 | T17: 0 | U17: 0 | V17: 0 | W17: 0 | X17: 0 | Y17: 0 | Z17: 0 | AA17: 0 | AB17: 0 | AC17: 0
E18: Sunday | F18: 0 | G18: 0 | H18: 0 | I18: 0 | J18: 0 | K18: 0 | L18: 0 | M18: 0 | N18: 0 | O18: 0 | P18: 0 | Q18: 0 | R18: 0 | S18: 0 | T18: 0 | U18: 0 | V18: 0 | W18: 0 | X18: 0 | Y18: 0 | Z18: 0 | AA18: 0 | AB18: 0 | AC18: 0
A19: School Zones | B19: Classroom | C19: Refrigeration | D19: T24 2022 - Appendix 5.4B [School] | E19: Weekday | F19: 0.9 | G19: 0.9 | H19: 0.9 | I19: 0.9 | J19: 0.9 | K19: 0.9 | L19: 0.9 | M19: 0.9 | N19: 0.9 | O19: 0.9 | P19: 0.9 | Q19: 0.9 | R19: 0.9 | S19: 0.9 | T19: 0.9 | U19: 0.9 | V19: 0.9 | W19: 0.9 | X19: 0.9 | Y19: 0.9 | Z19: 0.9 | AA19: 0.9 | AB19: 0.9 | AC19: 0.9
E20: Saturday | F20: 0.9 | G20: 0.9 | H20: 0.9 | I20: 0.9 | J20: 0.9 | K20: 0.9 | L20: 0.9 | M20: 0.9 | N20: 0.9 | O20: 0.9 | P20: 0.9 | Q20: 0.9 | R20: 0.9 | S20: 0.9 | T20: 0.9 | U20: 0.9 | V20: 0.9 | W20: 0.9 | X20: 0.9 | Y20: 0.9 | Z20: 0.9 | AA20: 0.9 | AB20: 0.9 | AC20: 0.9
E21: Sunday | F21: 0.9 | G21: 0.9 | H21: 0.9 | I21: 0.9 | J21: 0.9 | K21: 0.9 | L21: 0.9 | M21: 0.9 | N21: 0.9 | O21: 0.9 | P21: 0.9 | Q21: 0.9 | R21: 0.9 | S21: 0.9 | T21: 0.9 | U21: 0.9 | V21: 0.9 | W21: 0.9 | X21: 0.9 | Y21: 0.9 | Z21: 0.9 | AA21: 0.9 | AB21: 0.9 | AC21: 0.9
A22: School Zones | B22: Classroom | C22: HVACAvail | D22: T24 2022 - Appendix 5.4B [School] | E22: Weekday | F22: 0 | G22: 0 | H22: 0 | I22: 0 | J22: 0 | K22: 0 | L22: 1 | M22: 1 | N22: 1 | O22: 1 | P22: 1 | Q22: 1 | R22: 1 | S22: 1 | T22: 1 | U22: 1 | V22: 1 | W22: 1 | X22: 1 | Y22: 1 | Z22: 1 | AA22: 1 | AB22: 0 | AC22: 0
E23: Saturday | F23: 0 | G23: 0 | H23: 0 | I23: 0 | J23: 0 | K23: 0 | L23: 0 | M23: 0 | N23: 0 | O23: 0 | P23: 0 | Q23: 0 | R23: 0 | S23: 0 | T23: 0 | U23: 0 | V23: 0 | W23: 0 | X23: 0 | Y23: 0 | Z23: 0 | AA23: 0 | AB23: 0 | AC23: 0
E24: Sunday | F24: 0 | G24: 0 | H24: 0 | I24: 0 | J24: 0 | K24: 0 | L24: 0 | M24: 0 | N24: 0 | O24: 0 | P24: 0 | Q24: 0 | R24: 0 | S24: 0 | T24: 0 | U24: 0 | V24: 0 | W24: 0 | X24: 0 | Y24: 0 | Z24: 0 | AA24: 0 | AB24: 0 | AC24: 0
A25: School Zones | B25: Classroom | C25: HtgSetpt | D25: T24 2022 - Appendix 5.4B Updated based on the Plug Loads project | E25: Weekday | F25: =IF(F22=0,Thermostat!$B$4,Thermostat!$B$3) -> 60 | G25: =IF(G22=0,Thermostat!$B$4,Thermostat!$B$3) -> 60 | H25: =IF(H22=0,Thermostat!$B$4,Thermostat!$B$3) -> 60 | I25: =IF(I22=0,Thermostat!$B$4,Thermostat!$B$3) -> 60 | J25: =IF(J22=0,Thermostat!$B$4,Thermostat!$B$3) -> 60 | K25: =IF(K22=0,Thermostat!$B$4,Thermostat!$B$3) -> 60 | L25: =IF(L22=0,Thermostat!$B$4,Thermostat!$B$3) -> 70 | M25: =IF(M22=0,Thermostat!$B$4,Thermostat!$B$3) -> 70 | ... AC25: =IF(AC22=0,Thermostat!$B$4,Thermostat!$B$3) -> 60
E26: Saturday | F26: =IF(F23=0,Thermostat!$B$4,Thermostat!$B$3) -> 60 | G26: =IF(G23=0,Thermostat!$B$4,Thermostat!$B$3) -> 60 | H26: =IF(H23=0,Thermostat!$B$4,Thermostat!$B$3) -> 60 | I26: =IF(I23=0,Thermostat!$B$4,Thermostat!$B$3) -> 60 | J26: =IF(J23=0,Thermostat!$B$4,Thermostat!$B$3) -> 60 | K26: =IF(K23=0,Thermostat!$B$4,Thermostat!$B$3) -> 60 | L26: =IF(L23=0,Thermostat!$B$4,Thermostat!$B$3) -> 60 | M26: =IF(M23=0,Thermostat!$B$4,Thermostat!$B$3) -> 60 | ... AC26: =IF(AC23=0,Thermostat!$B$4,Thermostat!$B$3) -> 60
E27: Sunday | F27: =IF(F24=0,Thermostat!$B$4,Thermostat!$B$3) -> 60 | G27: =IF(G24=0,Thermostat!$B$4,Thermostat!$B$3) -> 60 | H27: =IF(H24=0,Thermostat!$B$4,Thermostat!$B$3) -> 60 | I27: =IF(I24=0,Thermostat!$B$4,Thermostat!$B$3) -> 60 | J27: =IF(J24=0,Thermostat!$B$4,Thermostat!$B$3) -> 60 | K27: =IF(K24=0,Thermostat!$B$4,Thermostat!$B$3) -> 60 | L27: =IF(L24=0,Thermostat!$B$4,Thermostat!$B$3) -> 60 | M27: =IF(M24=0,Thermostat!$B$4,Thermostat!$B$3) -> 60 | ... AC27: =IF(AC24=0,Thermostat!$B$4,Thermostat!$B$3) -> 60
A28: School Zones | B28: Classroom | C28: ClgSetpt | D28: T24 2022 - Appendix 5.4B Updated based on the Plug Loads project | E28: Weekday | F28: =IF(F22=0,Thermostat!$B$6,Thermostat!$B$5) -> 85 | G28: =IF(G22=0,Thermostat!$B$6,Thermostat!$B$5) -> 85 | H28: =IF(H22=0,Thermostat!$B$6,Thermostat!$B$5) -> 85 | I28: =IF(I22=0,Thermostat!$B$6,Thermostat!$B$5) -> 85 | J28: =IF(J22=0,Thermostat!$B$6,Thermostat!$B$5) -> 85 | K28: =IF(K22=0,Thermostat!$B$6,Thermostat!$B$5) -> 85 | L28: =IF(L22=0,Thermostat!$B$6,Thermostat!$B$5) -> 75 | M28: =IF(M22=0,Thermostat!$B$6,Thermostat!$B$5) -> 75 | ... AC28: =IF(AC22=0,Thermostat!$B$6,Thermostat!$B$5) -> 85
E29: Saturday | F29: =IF(F23=0,Thermostat!$B$6,Thermostat!$B$5) -> 85 | G29: =IF(G23=0,Thermostat!$B$6,Thermostat!$B$5) -> 85 | H29: =IF(H23=0,Thermostat!$B$6,Thermostat!$B$5) -> 85 | I29: =IF(I23=0,Thermostat!$B$6,Thermostat!$B$5) -> 85 | J29: =IF(J23=0,Thermostat!$B$6,Thermostat!$B$5) -> 85 | K29: =IF(K23=0,Thermostat!$B$6,Thermostat!$B$5) -> 85 | L29: =IF(L23=0,Thermostat!$B$6,Thermostat!$B$5) -> 85 | M29: =IF(M23=0,Thermostat!$B$6,Thermostat!$B$5) -> 85 | ... AC29: =IF(AC23=0,Thermostat!$B$6,Thermostat!$B$5) -> 85
E30: Sunday | F30: =IF(F24=0,Thermostat!$B$6,Thermostat!$B$5) -> 85 | G30: =IF(G24=0,Thermostat!$B$6,Thermostat!$B$5) -> 85 | H30: =IF(H24=0,Thermostat!$B$6,Thermostat!$B$5) -> 85 | I30: =IF(I24=0,Thermostat!$B$6,Thermostat!$B$5) -> 85 | J30: =IF(J24=0,Thermostat!$B$6,Thermostat!$B$5) -> 85 | K30: =IF(K24=0,Thermostat!$B$6,Thermostat!$B$5) -> 85 | L30: =IF(L24=0,Thermostat!$B$6,Thermostat!$B$5) -> 85 | M30: =IF(M24=0,Thermostat!$B$6,Thermostat!$B$5) -> 85 | ... AC30: =IF(AC24=0,Thermostat!$B$6,Thermostat!$B$5) -> 85
A31: School Zones | B31: Classroom | C31: Infiltration | D31: T24 2022 - Appendix 5.4B Updated based on the Plug Loads project | E31: Weekday | F31: 1 | G31: 1 | H31: 1 | I31: 1 | J31: 1 | K31: 1 | L31: 1 | M31: 0.25 | N31: 0.25 | O31: 0.25 | P31: 0.25 | Q31: 0.25 | R31: 0.25 | S31: 0.25 | T31: 0.25 | U31: 0.25 | V31: 1 | W31: 1 | X31: 1 | Y31: 1 | Z31: 1 | AA31: 1 | AB31: 1 | AC31: 1
E32: Saturday | F32: 1 | G32: 1 | H32: 1 | I32: 1 | J32: 1 | K32: 1 | L32: 1 | M32: 1 | N32: 1 | O32: 1 | P32: 1 | Q32: 1 | R32: 1 | S32: 1 | T32: 1 | U32: 1 | V32: 1 | W32: 1 | X32: 1 | Y32: 1 | Z32: 1 | AA32: 1 | AB32: 1 | AC32: 1
E33: Sunday | F33: 1 | G33: 1 | H33: 1 | I33: 1 | J33: 1 | K33: 1 | L33: 1 | M33: 1 | N33: 1 | O33: 1 | P33: 1 | Q33: 1 | R33: 1 | S33: 1 | T33: 1 | U33: 1 | V33: 1 | W33: 1 | X33: 1 | Y33: 1 | Z33: 1 | AA33: 1 | AB33: 1 | AC33: 1
A34: Kitchen | C34: Other
A35: Kitchen Zone | B35: Kitchen | C35: Occupancy | D35: T24 2022 - Appendix 5.4B Updated based on the Plug Loads project | E35: Weekday | F35: 0 | G35: 0 | H35: 0 | I35: 0 | J35: 0 | K35: 0.1 | L35: 0.5 | M35: 0.95 | N35: 0.95 | O35: 0.95 | P35: 0.95 | Q35: 0.95 | R35: 0.95 | S35: 0.95 | T35: 0.5 | U35: 0 | V35: 0 | W35: 0 | X35: 0 | Y35: 0 | Z35: 0 | AA35: 0 | AB35: 0 | AC35: 0
E36: Saturday | F36: 0 | G36: 0 | H36: 0 | I36: 0 | J36: 0 | K36: 0 | L36: 0 | M36: 0 | N36: 0 | O36: 0 | P36: 0 | Q36: 0 | R36: 0 | S36: 0 | T36: 0 | U36: 0 | V36: 0 | W36: 0 | X36: 0 | Y36: 0 | Z36: 0 | AA36: 0 | AB36: 0 | AC36: 0
E37: Sunday | F37: 0 | G37: 0 | H37: 0 | I37: 0 | J37: 0 | K37: 0 | L37: 0 | M37: 0 | N37: 0 | O37: 0 | P37: 0 | Q37: 0 | R37: 0 | S37: 0 | T37: 0 | U37: 0 | V37: 0 | W37: 0 | X37: 0 | Y37: 0 | Z37: 0 | AA37: 0 | AB37: 0 | AC37: 0
A38: Kitchen Zone | B38: Kitchen | C38: HVACAvail | D38: T24 2022 - Appendix 5.4B Updated based on the Plug Loads project | E38: Weekday | F38: 0 | G38: 0 | H38: 0 | I38: 0 | J38: 0 | K38: 1 | L38: 1 | M38: 1 | N38: 1 | O38: 1 | P38: 1 | Q38: 1 | R38: 1 | S38: 1 | T38: 1 | U38: 0 | V38: 0 | W38: 0 | X38: 0 | Y38: 0 | Z38: 0 | AA38: 0 | AB38: 0 | AC38: 0
E39: Saturday | F39: 0 | G39: 0 | H39: 0 | I39: 0 | J39: 0 | K39: 0 | L39: 0 | M39: 0 | N39: 0 | O39: 0 | P39: 0 | Q39: 0 | R39: 0 | S39: 0 | T39: 0 | U39: 0 | V39: 0 | W39: 0 | X39: 0 | Y39: 0 | Z39: 0 | AA39: 0 | AB39: 0 | AC39: 0
E40: Sunday | F40: 0 | G40: 0 | H40: 0 | I40: 0 | J40: 0 | K40: 0 | L40: 0 | M40: 0 | N40: 0 | O40: 0 | P40: 0 | Q40: 0 | R40: 0 | S40: 0 | T40: 0 | U40: 0 | V40: 0 | W40: 0 | X40: 0 | Y40: 0 | Z40: 0 | AA40: 0 | AB40: 0 | AC40: 0
A41: Kitchen Zone | B41: Kitchen | C41: Lights | D41: T24 2022 - Appendix 5.4B Updated based on the Plug Loads project | E41: Weekday | F41: 0 | G41: 0 | H41: 0 | I41: 0 | J41: 0 | K41: 1 | L41: 1 | M41: 1 | N41: 1 | O41: 1 | P41: 1 | Q41: 1 | R41: 1 | S41: 1 | T41: 1 | U41: 0 | V41: 0 | W41: 0 | X41: 0 | Y41: 0 | Z41: 0 | AA41: 0 | AB41: 0 | AC41: 0
E42: Saturday | F42: 0 | G42: 0 | H42: 0 | I42: 0 | J42: 0 | K42: 0 | L42: 0 | M42: 0 | N42: 0 | O42: 0 | P42: 0 | Q42: 0 | R42: 0 | S42: 0 | T42: 0 | U42: 0 | V42: 0 | W42: 0 | X42: 0 | Y42: 0 | Z42: 0 | AA42: 0 | AB42: 0 | AC42: 0
E43: Sunday | F43: 0 | G43: 0 | H43: 0 | I43: 0 | J43: 0 | K43: 0 | L43: 0 | M43: 0 | N43: 0 | O43: 0 | P43: 0 | Q43: 0 | R43: 0 | S43: 0 | T43: 0 | U43: 0 | V43: 0 | W43: 0 | X43: 0 | Y43: 0 | Z43: 0 | AA43: 0 | AB43: 0 | AC43: 0
A44: Kitchen Zone | B44: Kitchen | C44: ElecEquipment | D44: T24 2022 - Appendix 5.4B Updated based on the Plug Loads project | E44: Weekday | F44: 0.15 | G44: 0.15 | H44: 0.15 | I44: 0.15 | J44: 0.15 | K44: 0.2 | L44: 0.3 | M44: 0.9 | N44: 0.9 | O44: 0.8 | P44: 0.8 | Q44: 0.8 | R44: 0.9 | S44: 0.9 | T44: 0.9 | U44: 0.7 | V44: 0.2 | W44: 0.15 | X44: 0.15 | Y44: 0.15 | Z44: 0.15 | AA44: 0.15 | AB44: 0.15 | AC44: 0.15
E45: Saturday | F45: 0 | G45: 0 | H45: 0 | I45: 0 | J45: 0 | K45: 0 | L45: 0 | M45: 0 | N45: 0 | O45: 0 | P45: 0 | Q45: 0 | R45: 0 | S45: 0 | T45: 0 | U45: 0 | V45: 0 | W45: 0 | X45: 0 | Y45: 0 | Z45: 0 | AA45: 0 | AB45: 0 | AC45: 0
E46: Sunday | F46: 0 | G46: 0 | H46: 0 | I46: 0 | J46: 0 | K46: 0 | L46: 0 | M46: 0 | N46: 0 | O46: 0 | P46: 0 | Q46: 0 | R46: 0 | S46: 0 | T46: 0 | U46: 0 | V46: 0 | W46: 0 | X46: 0 | Y46: 0 | Z46: 0 | AA46: 0 | AB46: 0 | AC46: 0
A47: Kitchen Zone | B47: Kitchen | C47: HtgSetpt | D47: T24 2022 - Appendix 5.4B (school kitchen occupied 70/75; not commercial restaurant 66–79) | E47: Weekday | F47: =IF(F38=0,Thermostat!$B$8,Thermostat!$B$7) -> 60 | G47: =IF(G38=0,Thermostat!$B$8,Thermostat!$B$7) -> 60 | H47: =IF(H38=0,Thermostat!$B$8,Thermostat!$B$7) -> 60 | I47: =IF(I38=0,Thermostat!$B$8,Thermostat!$B$7) -> 60 | J47: =IF(J38=0,Thermostat!$B$8,Thermostat!$B$7) -> 60 | K47: =IF(K38=0,Thermostat!$B$8,Thermostat!$B$7) -> 70 | L47: =IF(L38=0,Thermostat!$B$8,Thermostat!$B$7) -> 70 | M47: =IF(M38=0,Thermostat!$B$8,Thermostat!$B$7) -> 70 | ... AC47: =IF(AC38=0,Thermostat!$B$8,Thermostat!$B$7) -> 60
E48: Saturday | F48: =IF(F39=0,Thermostat!$B$8,Thermostat!$B$7) -> 60 | G48: =IF(G39=0,Thermostat!$B$8,Thermostat!$B$7) -> 60 | H48: =IF(H39=0,Thermostat!$B$8,Thermostat!$B$7) -> 60 | I48: =IF(I39=0,Thermostat!$B$8,Thermostat!$B$7) -> 60 | J48: =IF(J39=0,Thermostat!$B$8,Thermostat!$B$7) -> 60 | K48: =IF(K39=0,Thermostat!$B$8,Thermostat!$B$7) -> 60 | L48: =IF(L39=0,Thermostat!$B$8,Thermostat!$B$7) -> 60 | M48: =IF(M39=0,Thermostat!$B$8,Thermostat!$B$7) -> 60 | ... AC48: =IF(AC39=0,Thermostat!$B$8,Thermostat!$B$7) -> 60
E49: Sunday | F49: =IF(F40=0,Thermostat!$B$8,Thermostat!$B$7) -> 60 | G49: =IF(G40=0,Thermostat!$B$8,Thermostat!$B$7) -> 60 | H49: =IF(H40=0,Thermostat!$B$8,Thermostat!$B$7) -> 60 | I49: =IF(I40=0,Thermostat!$B$8,Thermostat!$B$7) -> 60 | J49: =IF(J40=0,Thermostat!$B$8,Thermostat!$B$7) -> 60 | K49: =IF(K40=0,Thermostat!$B$8,Thermostat!$B$7) -> 60 | L49: =IF(L40=0,Thermostat!$B$8,Thermostat!$B$7) -> 60 | M49: =IF(M40=0,Thermostat!$B$8,Thermostat!$B$7) -> 60 | ... AC49: =IF(AC40=0,Thermostat!$B$8,Thermostat!$B$7) -> 60
A50: Kitchen Zone | B50: Kitchen | C50: ClgSetpt | D50: T24 2022 - Appendix 5.4B (school kitchen occupied 70/75; not commercial restaurant 66–79) | E50: Weekday | F50: =IF(F38=0,Thermostat!$B$10,Thermostat!$B$9) -> 85 | G50: =IF(G38=0,Thermostat!$B$10,Thermostat!$B$9) -> 85 | H50: =IF(H38=0,Thermostat!$B$10,Thermostat!$B$9) -> 85 | I50: =IF(I38=0,Thermostat!$B$10,Thermostat!$B$9) -> 85 | J50: =IF(J38=0,Thermostat!$B$10,Thermostat!$B$9) -> 85 | K50: =IF(K38=0,Thermostat!$B$10,Thermostat!$B$9) -> 75 | L50: =IF(L38=0,Thermostat!$B$10,Thermostat!$B$9) -> 75 | M50: =IF(M38=0,Thermostat!$B$10,Thermostat!$B$9) -> 75 | ... AC50: =IF(AC38=0,Thermostat!$B$10,Thermostat!$B$9) -> 85
E51: Saturday | F51: =IF(F39=0,Thermostat!$B$10,Thermostat!$B$9) -> 85 | G51: =IF(G39=0,Thermostat!$B$10,Thermostat!$B$9) -> 85 | H51: =IF(H39=0,Thermostat!$B$10,Thermostat!$B$9) -> 85 | I51: =IF(I39=0,Thermostat!$B$10,Thermostat!$B$9) -> 85 | J51: =IF(J39=0,Thermostat!$B$10,Thermostat!$B$9) -> 85 | K51: =IF(K39=0,Thermostat!$B$10,Thermostat!$B$9) -> 85 | L51: =IF(L39=0,Thermostat!$B$10,Thermostat!$B$9) -> 85 | M51: =IF(M39=0,Thermostat!$B$10,Thermostat!$B$9) -> 85 | ... AC51: =IF(AC39=0,Thermostat!$B$10,Thermostat!$B$9) -> 85
E52: Sunday | F52: =IF(F40=0,Thermostat!$B$10,Thermostat!$B$9) -> 85 | G52: =IF(G40=0,Thermostat!$B$10,Thermostat!$B$9) -> 85 | H52: =IF(H40=0,Thermostat!$B$10,Thermostat!$B$9) -> 85 | I52: =IF(I40=0,Thermostat!$B$10,Thermostat!$B$9) -> 85 | J52: =IF(J40=0,Thermostat!$B$10,Thermostat!$B$9) -> 85 | K52: =IF(K40=0,Thermostat!$B$10,Thermostat!$B$9) -> 85 | L52: =IF(L40=0,Thermostat!$B$10,Thermostat!$B$9) -> 85 | M52: =IF(M40=0,Thermostat!$B$10,Thermostat!$B$9) -> 85 | ... AC52: =IF(AC40=0,Thermostat!$B$10,Thermostat!$B$9) -> 85
A53: Kitchen Zone | B53: Kitchen | C53: OAControl | D53: T24 2022 - Appendix 5.4B Updated based on the Plug Loads project | E53: Weekday | F53: 0 | G53: 0 | H53: 0 | I53: 0 | J53: 0 | K53: 1 | L53: 1 | M53: 1 | N53: 1 | O53: 1 | P53: 1 | Q53: 1 | R53: 1 | S53: 1 | T53: 1 | U53: 0 | V53: 0 | W53: 0 | X53: 0 | Y53: 0 | Z53: 0 | AA53: 0 | AB53: 0 | AC53: 0
E54: Saturday | F54: 0 | G54: 0 | H54: 0 | I54: 0 | J54: 0 | K54: 0 | L54: 0 | M54: 0 | N54: 0 | O54: 0 | P54: 0 | Q54: 0 | R54: 0 | S54: 0 | T54: 0 | U54: 0 | V54: 0 | W54: 0 | X54: 0 | Y54: 0 | Z54: 0 | AA54: 0 | AB54: 0 | AC54: 0
E55: Sunday | F55: 0 | G55: 0 | H55: 0 | I55: 0 | J55: 0 | K55: 0 | L55: 0 | M55: 0 | N55: 0 | O55: 0 | P55: 0 | Q55: 0 | R55: 0 | S55: 0 | T55: 0 | U55: 0 | V55: 0 | W55: 0 | X55: 0 | Y55: 0 | Z55: 0 | AA55: 0 | AB55: 0 | AC55: 0
A56: Kitchen Zone | B56: Kitchen | C56: Che | D56: T24 2022 - Appendix 5.4B Updated based on the Plug Loads project | E56: Weekday | F56: 1 | G56: 1 | H56: 1 | I56: 1 | J56: 1 | K56: 0.25 | L56: 0.25 | M56: 0.25 | N56: 0.25 | O56: 0.25 | P56: 0.25 | Q56: 0.25 | R56: 0.25 | S56: 0.25 | T56: 0.25 | U56: 1 | V56: 1 | W56: 1 | X56: 1 | Y56: 1 | Z56: 1 | AA56: 1 | AB56: 1 | AC56: 1
E57: Saturday | F57: 1 | G57: 1 | H57: 1 | I57: 1 | J57: 1 | K57: 1 | L57: 1 | M57: 1 | N57: 1 | O57: 1 | P57: 1 | Q57: 1 | R57: 1 | S57: 1 | T57: 1 | U57: 1 | V57: 1 | W57: 1 | X57: 1 | Y57: 1 | Z57: 1 | AA57: 1 | AB57: 1 | AC57: 1
E58: Sunday | F58: 1 | G58: 1 | H58: 1 | I58: 1 | J58: 1 | K58: 1 | L58: 1 | M58: 1 | N58: 1 | O58: 1 | P58: 1 | Q58: 1 | R58: 1 | S58: 1 | T58: 1 | U58: 1 | V58: 1 | W58: 1 | X58: 1 | Y58: 1 | Z58: 1 | AA58: 1 | AB58: 1 | AC58: 1
A59: Kitchen Zone | B59: Kitchen | C59: Refrigeration | D59: T24 2022 - Appendix 5.4B [School] | E59: Weekday | F59: 0.9 | G59: 0.9 | H59: 0.9 | I59: 0.9 | J59: 0.9 | K59: 0.9 | L59: 0.9 | M59: 0.9 | N59: 0.9 | O59: 0.9 | P59: 0.9 | Q59: 0.9 | R59: 0.9 | S59: 0.9 | T59: 0.9 | U59: 0.9 | V59: 0.9 | W59: 0.9 | X59: 0.9 | Y59: 0.9 | Z59: 0.9 | AA59: 0.9 | AB59: 0.9 | AC59: 0.9
E60: Saturday | F60: 0.9 | G60: 0.9 | H60: 0.9 | I60: 0.9 | J60: 0.9 | K60: 0.9 | L60: 0.9 | M60: 0.9 | N60: 0.9 | O60: 0.9 | P60: 0.9 | Q60: 0.9 | R60: 0.9 | S60: 0.9 | T60: 0.9 | U60: 0.9 | V60: 0.9 | W60: 0.9 | X60: 0.9 | Y60: 0.9 | Z60: 0.9 | AA60: 0.9 | AB60: 0.9 | AC60: 0.9
E61: Sunday | F61: 0.9 | G61: 0.9 | H61: 0.9 | I61: 0.9 | J61: 0.9 | K61: 0.9 | L61: 0.9 | M61: 0.9 | N61: 0.9 | O61: 0.9 | P61: 0.9 | Q61: 0.9 | R61: 0.9 | S61: 0.9 | T61: 0.9 | U61: 0.9 | V61: 0.9 | W61: 0.9 | X61: 0.9 | Y61: 0.9 | Z61: 0.9 | AA61: 0.9 | AB61: 0.9 | AC61: 0.9
A62: Kitchen Zone | B62: Kitchen | C62: GasEquipment | D62: T24 2022 - Appendix 5.4B [School] | E62: Weekday | F62: 0 | G62: 0 | H62: 0 | I62: 0 | J62: 0 | K62: 0 | L62: 0 | M62: 0.5 | N62: 0.5 | O62: 0.75 | P62: 0.9 | Q62: 0.9 | R62: 0.9 | S62: 0 | T62: 0 | U62: 0 | V62: 0 | W62: 0 | X62: 0 | Y62: 0 | Z62: 0 | AA62: 0 | AB62: 0 | AC62: 0
E63: Saturday | F63: 0 | G63: 0 | H63: 0 | I63: 0 | J63: 0 | K63: 0 | L63: 0 | M63: 0 | N63: 0 | O63: 0 | P63: 0 | Q63: 0 | R63: 0 | S63: 0 | T63: 0 | U63: 0 | V63: 0 | W63: 0 | X63: 0 | Y63: 0 | Z63: 0 | AA63: 0 | AB63: 0 | AC63: 0
E64: Sunday | F64: 0 | G64: 0 | H64: 0 | I64: 0 | J64: 0 | K64: 0 | L64: 0 | M64: 0 | N64: 0 | O64: 0 | P64: 0 | Q64: 0 | R64: 0 | S64: 0 | T64: 0 | U64: 0 | V64: 0 | W64: 0 | X64: 0 | Y64: 0 | Z64: 0 | AA64: 0 | AB64: 0 | AC64: 0
A65: Kitchen Zone | B65: Kitchen | C65: ServiceHotWater | D65: T24 2022 - Appendix 5.4B [School] | E65: Weekday | F65: 0.05 | G65: 0.05 | H65: 0.05 | I65: 0.05 | J65: 0.05 | K65: 0.05 | L65: 0.05 | M65: 0.1 | N65: 0.34 | O65: 0.6 | P65: 0.63 | Q65: 0.72 | R65: 0.79 | S65: 0.83 | T65: 0.61 | U65: 0.65 | V65: 0.1 | W65: 0.1 | X65: 0.19 | Y65: 0.25 | Z65: 0.22 | AA65: 0.22 | AB65: 0.12 | AC65: 0.09
E66: Saturday | F66: 0.03 | G66: 0.03 | H66: 0.03 | I66: 0.03 | J66: 0.03 | K66: 0.03 | L66: 0.03 | M66: 0.03 | N66: 0.03 | O66: 0.05 | P66: 0.05 | Q66: 0.05 | R66: 0.05 | S66: 0.03 | T66: 0.03 | U66: 0.03 | V66: 0.03 | W66: 0.03 | X66: 0.03 | Y66: 0.03 | Z66: 0.03 | AA66: 0.03 | AB66: 0.03 | AC66: 0.03
E67: Sunday | F67: 0.03 | G67: 0.03 | H67: 0.03 | I67: 0.03 | J67: 0.03 | K67: 0.03 | L67: 0.03 | M67: 0.03 | N67: 0.05 | O67: 0.05 | P67: 0.05 | Q67: 0.05 | R67: 0.05 | S67: 0.05 | T67: 0.03 | U67: 0.03 | V67: 0.03 | W67: 0.03 | X67: 0.03 | Y67: 0.03 | Z67: 0.03 | AA67: 0.03 | AB67: 0.03 | AC67: 0.03
A68: MPR | C68: Other
A69: MPR Zone | B69: MPR | C69: Occupancy | D69: T24 2022 - Appendix 5.4B Updated based on the Plug Loads project | E69: Weekday | F69: 0 | G69: 0 | H69: 0 | I69: 0 | J69: 0 | K69: 0 | L69: 0.1 | M69: 0.5 | N69: 0.25 | O69: 0.25 | P69: 0.05 | Q69: 0.25 | R69: 0.95 | S69: 0.95 | T69: 0.25 | U69: 0.2 | V69: 0.2 | W69: 0.2 | X69: 0.15 | Y69: 0.15 | Z69: 0 | AA69: 0 | AB69: 0 | AC69: 0
E70: Saturday | F70: 0 | G70: 0 | H70: 0 | I70: 0 | J70: 0 | K70: 0 | L70: 0 | M70: 0 | N70: 0 | O70: 0 | P70: 0 | Q70: 0 | R70: 0 | S70: 0 | T70: 0 | U70: 0 | V70: 0 | W70: 0 | X70: 0 | Y70: 0 | Z70: 0 | AA70: 0 | AB70: 0 | AC70: 0
E71: Sunday | F71: 0 | G71: 0 | H71: 0 | I71: 0 | J71: 0 | K71: 0 | L71: 0 | M71: 0 | N71: 0 | O71: 0 | P71: 0 | Q71: 0 | R71: 0 | S71: 0 | T71: 0 | U71: 0 | V71: 0 | W71: 0 | X71: 0 | Y71: 0 | Z71: 0 | AA71: 0 | AB71: 0 | AC71: 0
A72: MPR Zone | B72: MPR | C72: HVACAvail | D72: T24 2022 - Appendix 5.4B Updated based on the Plug Loads project | E72: Weekday | F72: 0 | G72: 0 | H72: 0 | I72: 0 | J72: 0 | K72: 0 | L72: 1 | M72: 1 | N72: 1 | O72: 1 | P72: 1 | Q72: 1 | R72: 1 | S72: 1 | T72: 1 | U72: 1 | V72: 1 | W72: 1 | X72: 1 | Y72: 1 | Z72: 0 | AA72: 0 | AB72: 0 | AC72: 0
E73: Saturday | F73: 0 | G73: 0 | H73: 0 | I73: 0 | J73: 0 | K73: 0 | L73: 0 | M73: 1 | N73: 1 | O73: 1 | P73: 1 | Q73: 1 | R73: 1 | S73: 1 | T73: 1 | U73: 1 | V73: 1 | W73: 1 | X73: 0 | Y73: 0 | Z73: 0 | AA73: 0 | AB73: 0 | AC73: 0
E74: Sunday | F74: 0 | G74: 0 | H74: 0 | I74: 0 | J74: 0 | K74: 0 | L74: 0 | M74: 0 | N74: 0 | O74: 0 | P74: 0 | Q74: 0 | R74: 0 | S74: 0 | T74: 0 | U74: 0 | V74: 0 | W74: 0 | X74: 0 | Y74: 0 | Z74: 0 | AA74: 0 | AB74: 0 | AC74: 0
A75: MPR Zone | B75: MPR | C75: Lights | D75: T24 2022 - Appendix 5.4B Updated based on the Plug Loads project | E75: Weekday | F75: 0 | G75: 0 | H75: 0 | I75: 0 | J75: 0 | K75: 0 | L75: 1 | M75: 1 | N75: 1 | O75: 1 | P75: 1 | Q75: 1 | R75: 1 | S75: 1 | T75: 1 | U75: 1 | V75: 1 | W75: 1 | X75: 1 | Y75: 1 | Z75: 0 | AA75: 0 | AB75: 0 | AC75: 0
E76: Saturday | F76: 0 | G76: 0 | H76: 0 | I76: 0 | J76: 0 | K76: 0 | L76: 0 | M76: 0 | N76: 0 | O76: 0 | P76: 0 | Q76: 0 | R76: 0 | S76: 0 | T76: 0 | U76: 0 | V76: 0 | W76: 0 | X76: 0 | Y76: 0 | Z76: 0 | AA76: 0 | AB76: 0 | AC76: 0
E77: Sunday | F77: 0 | G77: 0 | H77: 0 | I77: 0 | J77: 0 | K77: 0 | L77: 0 | M77: 0 | N77: 0 | O77: 0 | P77: 0 | Q77: 0 | R77: 0 | S77: 0 | T77: 0 | U77: 0 | V77: 0 | W77: 0 | X77: 0 | Y77: 0 | Z77: 0 | AA77: 0 | AB77: 0 | AC77: 0
A78: MPR Zone | B78: MPR | C78: ElecEquipment | D78: T24 2022 - Appendix 5.4B Updated based on the Plug Loads project | E78: Weekday | F78: 0.15 | G78: 0.15 | H78: 0.15 | I78: 0.15 | J78: 0.15 | K78: 0.2 | L78: 0.3 | M78: 0.9 | N78: 0.9 | O78: 0.8 | P78: 0.8 | Q78: 0.8 | R78: 0.9 | S78: 0.9 | T78: 0.9 | U78: 0.7 | V78: 0.2 | W78: 0.15 | X78: 0.15 | Y78: 0.15 | Z78: 0.15 | AA78: 0.15 | AB78: 0.15 | AC78: 0.15
E79: Saturday | F79: 0 | G79: 0 | H79: 0 | I79: 0 | J79: 0 | K79: 0 | L79: 0 | M79: 0 | N79: 0 | O79: 0 | P79: 0 | Q79: 0 | R79: 0 | S79: 0 | T79: 0 | U79: 0 | V79: 0 | W79: 0 | X79: 0 | Y79: 0 | Z79: 0 | AA79: 0 | AB79: 0 | AC79: 0
E80: Sunday | F80: 0 | G80: 0 | H80: 0 | I80: 0 | J80: 0 | K80: 0 | L80: 0 | M80: 0 | N80: 0 | O80: 0 | P80: 0 | Q80: 0 | R80: 0 | S80: 0 | T80: 0 | U80: 0 | V80: 0 | W80: 0 | X80: 0 | Y80: 0 | Z80: 0 | AA80: 0 | AB80: 0 | AC80: 0
A81: MPR Zone | B81: MPR | C81: HtgSetpt | D81: T24 2022 - Appendix 5.4B Updated based on the Plug Loads project | E81: Weekday | F81: =IF(F72=1,Thermostat!$B$3,Thermostat!$B$4) -> 60 | G81: =IF(G72=1,Thermostat!$B$3,Thermostat!$B$4) -> 60 | H81: =IF(H72=1,Thermostat!$B$3,Thermostat!$B$4) -> 60 | I81: =IF(I72=1,Thermostat!$B$3,Thermostat!$B$4) -> 60 | J81: =IF(J72=1,Thermostat!$B$3,Thermostat!$B$4) -> 60 | K81: =IF(K72=1,Thermostat!$B$3,Thermostat!$B$4) -> 60 | L81: =IF(L72=1,Thermostat!$B$3,Thermostat!$B$4) -> 70 | M81: =IF(M72=1,Thermostat!$B$3,Thermostat!$B$4) -> 70 | ... AC81: =IF(AC72=1,Thermostat!$B$3,Thermostat!$B$4) -> 60
E82: Saturday | F82: =IF(F73=1,Thermostat!$B$3,Thermostat!$B$4) -> 60 | G82: =IF(G73=1,Thermostat!$B$3,Thermostat!$B$4) -> 60 | H82: =IF(H73=1,Thermostat!$B$3,Thermostat!$B$4) -> 60 | I82: =IF(I73=1,Thermostat!$B$3,Thermostat!$B$4) -> 60 | J82: =IF(J73=1,Thermostat!$B$3,Thermostat!$B$4) -> 60 | K82: =IF(K73=1,Thermostat!$B$3,Thermostat!$B$4) -> 60 | L82: =IF(L73=1,Thermostat!$B$3,Thermostat!$B$4) -> 60 | M82: =IF(M73=1,Thermostat!$B$3,Thermostat!$B$4) -> 70 | ... AC82: =IF(AC73=1,Thermostat!$B$3,Thermostat!$B$4) -> 60
E83: Sunday | F83: =IF(F74=1,Thermostat!$B$3,Thermostat!$B$4) -> 60 | G83: =IF(G74=1,Thermostat!$B$3,Thermostat!$B$4) -> 60 | H83: =IF(H74=1,Thermostat!$B$3,Thermostat!$B$4) -> 60 | I83: =IF(I74=1,Thermostat!$B$3,Thermostat!$B$4) -> 60 | J83: =IF(J74=1,Thermostat!$B$3,Thermostat!$B$4) -> 60 | K83: =IF(K74=1,Thermostat!$B$3,Thermostat!$B$4) -> 60 | L83: =IF(L74=1,Thermostat!$B$3,Thermostat!$B$4) -> 60 | M83: =IF(M74=1,Thermostat!$B$3,Thermostat!$B$4) -> 60 | ... AC83: =IF(AC74=1,Thermostat!$B$3,Thermostat!$B$4) -> 60
A84: MPR Zone | B84: MPR | C84: ClgSetpt | D84: T24 2022 - Appendix 5.4B Updated based on the Plug Loads project | E84: Weekday | F84: =IF(F72=1,Thermostat!$B$5,Thermostat!$B$6) -> 85 | G84: =IF(G72=1,Thermostat!$B$5,Thermostat!$B$6) -> 85 | H84: =IF(H72=1,Thermostat!$B$5,Thermostat!$B$6) -> 85 | I84: =IF(I72=1,Thermostat!$B$5,Thermostat!$B$6) -> 85 | J84: =IF(J72=1,Thermostat!$B$5,Thermostat!$B$6) -> 85 | K84: =IF(K72=1,Thermostat!$B$5,Thermostat!$B$6) -> 85 | L84: =IF(L72=1,Thermostat!$B$5,Thermostat!$B$6) -> 75 | M84: =IF(M72=1,Thermostat!$B$5,Thermostat!$B$6) -> 75 | ... AC84: =IF(AC72=1,Thermostat!$B$5,Thermostat!$B$6) -> 85
E85: Saturday | F85: =IF(F73=1,Thermostat!$B$5,Thermostat!$B$6) -> 85 | G85: =IF(G73=1,Thermostat!$B$5,Thermostat!$B$6) -> 85 | H85: =IF(H73=1,Thermostat!$B$5,Thermostat!$B$6) -> 85 | I85: =IF(I73=1,Thermostat!$B$5,Thermostat!$B$6) -> 85 | J85: =IF(J73=1,Thermostat!$B$5,Thermostat!$B$6) -> 85 | K85: =IF(K73=1,Thermostat!$B$5,Thermostat!$B$6) -> 85 | L85: =IF(L73=1,Thermostat!$B$5,Thermostat!$B$6) -> 85 | M85: =IF(M73=1,Thermostat!$B$5,Thermostat!$B$6) -> 75 | ... AC85: =IF(AC73=1,Thermostat!$B$5,Thermostat!$B$6) -> 85
E86: Sunday | F86: =IF(F74=1,Thermostat!$B$5,Thermostat!$B$6) -> 85 | G86: =IF(G74=1,Thermostat!$B$5,Thermostat!$B$6) -> 85 | H86: =IF(H74=1,Thermostat!$B$5,Thermostat!$B$6) -> 85 | I86: =IF(I74=1,Thermostat!$B$5,Thermostat!$B$6) -> 85 | J86: =IF(J74=1,Thermostat!$B$5,Thermostat!$B$6) -> 85 | K86: =IF(K74=1,Thermostat!$B$5,Thermostat!$B$6) -> 85 | L86: =IF(L74=1,Thermostat!$B$5,Thermostat!$B$6) -> 85 | M86: =IF(M74=1,Thermostat!$B$5,Thermostat!$B$6) -> 85 | ... AC86: =IF(AC74=1,Thermostat!$B$5,Thermostat!$B$6) -> 85
A87: MPR Zone | B87: MPR | C87: OAControl | D87: T24 2022 - Appendix 5.4B Updated based on the Plug Loads project | E87: Weekday | F87: 0 | G87: 0 | H87: 0 | I87: 0 | J87: 0 | K87: 0 | L87: 1 | M87: 1 | N87: 1 | O87: 1 | P87: 1 | Q87: 1 | R87: 1 | S87: 1 | T87: 1 | U87: 1 | V87: 1 | W87: 1 | X87: 1 | Y87: 1 | Z87: 0 | AA87: 0 | AB87: 0 | AC87: 0
E88: Saturday | F88: 0 | G88: 0 | H88: 0 | I88: 0 | J88: 0 | K88: 0 | L88: 0 | M88: 0 | N88: 0 | O88: 0 | P88: 0 | Q88: 0 | R88: 0 | S88: 0 | T88: 0 | U88: 0 | V88: 0 | W88: 0 | X88: 0 | Y88: 0 | Z88: 0 | AA88: 0 | AB88: 0 | AC88: 0
E89: Sunday | F89: 0 | G89: 0 | H89: 0 | I89: 0 | J89: 0 | K89: 0 | L89: 0 | M89: 0 | N89: 0 | O89: 0 | P89: 0 | Q89: 0 | R89: 0 | S89: 0 | T89: 0 | U89: 0 | V89: 0 | W89: 0 | X89: 0 | Y89: 0 | Z89: 0 | AA89: 0 | AB89: 0 | AC89: 0
A90: MPR Zone | B90: MPR | C90: Infiltration | D90: T24 2022 - Appendix 5.4B Updated based on the Plug Loads project | E90: Weekday | F90: 1 | G90: 1 | H90: 1 | I90: 1 | J90: 1 | K90: 1 | L90: 0.25 | M90: 0.25 | N90: 0.25 | O90: 0.25 | P90: 0.25 | Q90: 0.25 | R90: 0.25 | S90: 0.25 | T90: 0.25 | U90: 0.25 | V90: 0.25 | W90: 0.25 | X90: 1 | Y90: 1 | Z90: 1 | AA90: 1 | AB90: 1 | AC90: 1
E91: Saturday | F91: 1 | G91: 1 | H91: 1 | I91: 1 | J91: 1 | K91: 1 | L91: 1 | M91: 1 | N91: 1 | O91: 1 | P91: 1 | Q91: 1 | R91: 1 | S91: 1 | T91: 1 | U91: 1 | V91: 1 | W91: 1 | X91: 1 | Y91: 1 | Z91: 1 | AA91: 1 | AB91: 1 | AC91: 1
E92: Sunday | F92: 1 | G92: 1 | H92: 1 | I92: 1 | J92: 1 | K92: 1 | L92: 1 | M92: 1 | N92: 1 | O92: 1 | P92: 1 | Q92: 1 | R92: 1 | S92: 1 | T92: 1 | U92: 1 | V92: 1 | W92: 1 | X92: 1 | Y92: 1 | Z92: 1 | AA92: 1 | AB92: 1 | AC92: 1
A93: MPR Zone | B93: MPR | C93: Refrigeration | D93: T24 2022 - Appendix 5.4B [School] | E93: Weekday | F93: 0.9 | G93: 0.9 | H93: 0.9 | I93: 0.9 | J93: 0.9 | K93: 0.9 | L93: 0.9 | M93: 0.9 | N93: 0.9 | O93: 0.9 | P93: 0.9 | Q93: 0.9 | R93: 0.9 | S93: 0.9 | T93: 0.9 | U93: 0.9 | V93: 0.9 | W93: 0.9 | X93: 0.9 | Y93: 0.9 | Z93: 0.9 | AA93: 0.9 | AB93: 0.9 | AC93: 0.9
E94: Saturday | F94: 0.9 | G94: 0.9 | H94: 0.9 | I94: 0.9 | J94: 0.9 | K94: 0.9 | L94: 0.9 | M94: 0.9 | N94: 0.9 | O94: 0.9 | P94: 0.9 | Q94: 0.9 | R94: 0.9 | S94: 0.9 | T94: 0.9 | U94: 0.9 | V94: 0.9 | W94: 0.9 | X94: 0.9 | Y94: 0.9 | Z94: 0.9 | AA94: 0.9 | AB94: 0.9 | AC94: 0.9
E95: Sunday | F95: 0.9 | G95: 0.9 | H95: 0.9 | I95: 0.9 | J95: 0.9 | K95: 0.9 | L95: 0.9 | M95: 0.9 | N95: 0.9 | O95: 0.9 | P95: 0.9 | Q95: 0.9 | R95: 0.9 | S95: 0.9 | T95: 0.9 | U95: 0.9 | V95: 0.9 | W95: 0.9 | X95: 0.9 | Y95: 0.9 | Z95: 0.9 | AA95: 0.9 | AB95: 0.9 | AC95: 0.9
A96: MPR Zone | B96: MPR | C96: ServiceHotWater | D96: T24 2022 - Appendix 5.4B [School] | E96: Weekday | F96: 0.05 | G96: 0.05 | H96: 0.05 | I96: 0.05 | J96: 0.05 | K96: 0.05 | L96: 0.05 | M96: 0.1 | N96: 0.34 | O96: 0.6 | P96: 0.63 | Q96: 0.72 | R96: 0.79 | S96: 0.83 | T96: 0.61 | U96: 0.65 | V96: 0.1 | W96: 0.1 | X96: 0.19 | Y96: 0.25 | Z96: 0.22 | AA96: 0.22 | AB96: 0.12 | AC96: 0.09
E97: Saturday | F97: 0.03 | G97: 0.03 | H97: 0.03 | I97: 0.03 | J97: 0.03 | K97: 0.03 | L97: 0.03 | M97: 0.03 | N97: 0.03 | O97: 0.05 | P97: 0.05 | Q97: 0.05 | R97: 0.05 | S97: 0.03 | T97: 0.03 | U97: 0.03 | V97: 0.03 | W97: 0.03 | X97: 0.03 | Y97: 0.03 | Z97: 0.03 | AA97: 0.03 | AB97: 0.03 | AC97: 0.03
E98: Sunday | F98: 0.03 | G98: 0.03 | H98: 0.03 | I98: 0.03 | J98: 0.03 | K98: 0.03 | L98: 0.03 | M98: 0.03 | N98: 0.05 | O98: 0.05 | P98: 0.05 | Q98: 0.05 | R98: 0.05 | S98: 0.05 | T98: 0.03 | U98: 0.03 | V98: 0.03 | W98: 0.03 | X98: 0.03 | Y98: 0.03 | Z98: 0.03 | AA98: 0.03 | AB98: 0.03 | AC98: 0.03
A99: Gym | C99: Other
A100: Gym Zone | B100: Gym | C100: Occupancy | D100: T24 2022 - Appendix 5.4B Updated based on the Plug Loads project | E100: Unoccupied | F100: 0 | G100: 0 | H100: 0 | I100: 0 | J100: 0 | K100: 0 | L100: 0 | M100: 0 | N100: 0 | O100: 0 | P100: 0 | Q100: 0 | R100: 0 | S100: 0 | T100: 0 | U100: 0 | V100: 0 | W100: 0 | X100: 0 | Y100: 0 | Z100: 0 | AA100: 0 | AB100: 0 | AC100: 0
...

Sheet Energy Usage
A1: ="CalBEM Energy Consumption - "&Prototype!B4 -> CalBEM Energy Consumption - High School | N1: ="Energy Consumption - "&Prototype!A2 -> Energy Consumption - SchoolHigh
A2: Prototype | B2: CZ | C2: CalBEM Electricity EUI (KBTU/ft²) | D2: CalBEM Gas EUI (KBTU/ft²) | E2: CalBEM Total EUI (KBTU/ft²) | F2: New Construction Electricity EUI (KBTU/ft²) | G2: New Construction Gas EUI (KBTU/ft²) | H2: New Construction Total EUI (KBTU/ft²) | I2: National Average | J2: Acceptable Range (25% Higher) | K2: Acceptable Range (25% Lower) | L2: National Average Acceptable EUI Range | N2: Prototype | O2: CZ | P2: Total Floorspace (Thousand of ft²) | Q2: CEUS 2023 Electricity EUI (kBtu/ft²) | R2: CEUS 2023 Gas EUI (kBtu/ft²) | S2: CEUS 2023 Total EUI (kBtu/ft²) | T2: Acceptable Range (25% Higher) | U2: Acceptable Range (25% Lower) | V2: CEUS 2022 Acceptable EUI Range
A3: =Prototype!B4 -> High School | B3: 1 | I3: 38.7 | J3: =I3*1.25 -> 48.375 | K3: =I3*0.75 -> 29.025 | L3: =J3-K3 -> 19.35 | N3: =Prototype!B4 -> High School | O3: 1 | P3: 7618.5337 | Q3: 32.349176 | R3: 12.848137 | S3: 55.364804 | T3: =S3*1.25 -> 69.206005 | U3: =S3*0.75 -> 41.523603 | V3: =T3-U3 -> 27.682402
B4: 2 | I4: 34.3 | J4: =I4*1.25 -> 42.875 | K4: =I4*0.75 -> 25.725 | L4: =J4-K4 -> 17.15 | O4: 2 | P4: 11477.671 | Q4: 15.421598 | R4: 12.913999 | S4: 47.893283 | T4: =S4*1.25 -> 59.866604 | U4: =S4*0.75 -> 35.919962 | V4: =T4-U4 -> 23.946642
B5: 3 | I5: 30.8 | J5: =I5*1.25 -> 38.5 | K5: =I5*0.75 -> 23.1 | L5: =J5-K5 -> 15.4 | O5: 3 | P5: 46411.86 | Q5: 20.479595 | R5: 12.799248 | S5: 100.09497 | T5: =S5*1.25 -> 125.11872 | U5: =S5*0.75 -> 75.071231 | V5: =T5-U5 -> 50.047487
B6: 4 | I6: 39.5 | J6: =I6*1.25 -> 49.375 | K6: =I6*0.75 -> 29.625 | L6: =J6-K6 -> 19.75 | O6: 4 | P6: 23032.968 | Q6: 21.49373 | R6: 13.019767 | S6: 106.62133 | T6: =S6*1.25 -> 133.27666 | U6: =S6*0.75 -> 79.965995 | V6: =T6-U6 -> 53.310663
B7: 5 | I7: 29.7 | J7: =I7*1.25 -> 37.125 | K7: =I7*0.75 -> 22.275 | L7: =J7-K7 -> 14.85 | O7: 5 | P7: 5978.4428 | Q7: 11.998072 | R7: 11.585185 | S7: 59.149271 | T7: =S7*1.25 -> 73.936588 | U7: =S7*0.75 -> 44.361953 | V7: =T7-U7 -> 29.574635
B8: 6 | I8: 31.8 | J8: =I8*1.25 -> 39.75 | K8: =I8*0.75 -> 23.85 | L8: =J8-K8 -> 15.9 | O8: 6 | P8: 57755.959 | Q8: 22.607349 | R8: 9.9467421 | S8: 82.347488 | T8: =S8*1.25 -> 102.93436 | U8: =S8*0.75 -> 61.760616 | V8: =T8-U8 -> 41.173744
B9: 7 | I9: 32.8 | J9: =I9*1.25 -> 41 | K9: =I9*0.75 -> 24.6 | L9: =J9-K9 -> 16.4 | O9: 7 | P9: 35149.993 | Q9: 24.848388 | R9: 6.9700357 | S9: 88.553476 | T9: =S9*1.25 -> 110.69184 | U9: =S9*0.75 -> 66.415107 | V9: =T9-U9 -> 44.276738
B10: 8 | I10: 38.6 | J10: =I10*1.25 -> 48.25 | K10: =I10*0.75 -> 28.95 | L10: =J10-K10 -> 19.3 | O10: 8 | P10: 92353.411 | Q10: 22.935329 | R10: 8.842203 | S10: 103.44181 | T10: =S10*1.25 -> 129.30226 | U10: =S10*0.75 -> 77.581354 | V10: =T10-U10 -> 51.720903
B11: 9 | I11: 38.5 | J11: =I11*1.25 -> 48.125 | K11: =I11*0.75 -> 28.875 | L11: =J11-K11 -> 19.25 | O11: 9 | P11: 141795.45 | Q11: 26.797343 | R11: 10.089067 | S11: 119.15132 | T11: =S11*1.25 -> 148.93914 | U11: =S11*0.75 -> 89.363487 | V11: =T11-U11 -> 59.575658
B12: 10 | I12: 42.2 | J12: =I12*1.25 -> 52.75 | K12: =I12*0.75 -> 31.65 | L12: =J12-K12 -> 21.1 | O12: 10 | P12: 92589.867 | Q12: 22.490401 | R12: 10.108975 | S12: 67.419104 | T12: =S12*1.25 -> 84.27388 | U12: =S12*0.75 -> 50.564328 | V12: =T12-U12 -> 33.709552
B13: 11 | I13: 47.7 | J13: =I13*1.25 -> 59.625 | K13: =I13*0.75 -> 35.775 | L13: =J13-K13 -> 23.85 | O13: 11 | P13: 33810.488 | Q13: 26.928661 | R13: 8.760437 | S13: 68.839253 | T13: =S13*1.25 -> 86.049066 | U13: =S13*0.75 -> 51.62944 | V13: =T13-U13 -> 34.419626
B14: 12 | I14: 41.6 | J14: =I14*1.25 -> 52 | K14: =I14*0.75 -> 31.2 | L14: =J14-K14 -> 20.8 | O14: 12 | P14: 108342.43 | Q14: 31.799594 | R14: 12.230299 | S14: 85.587371 | T14: =S14*1.25 -> 106.98421 | U14: =S14*0.75 -> 64.190528 | V14: =T14-U14 -> 42.793686
B15: 13 | I15: 49.6 | J15: =I15*1.25 -> 62 | K15: =I15*0.75 -> 37.2 | L15: =J15-K15 -> 24.8 | O15: 13 | P15: 46676.808 | Q15: 32.656044 | R15: 15.473534 | S15: 57.73569 | T15: =S15*1.25 -> 72.169613 | U15: =S15*0.75 -> 43.301768 | V15: =T15-U15 -> 28.867845
... B18: 16 | I18: 44 | J18: =I18*1.25 -> 55 | K18: =I18*0.75 -> 33 | L18: =J18-K18 -> 22 | O18: 16 | P18: 85267.89 | Q18: 27.026911 | R18: 11.652927 | S18: 67.576478 | T18: =S18*1.25 -> 84.470598 | U18: =S18*0.75 -> 50.682359 | V18: =T18-U18 -> 33.788239
Q20: Ref: CEUS 2022 Report
Q21: And by applying FZ-CZ multipliers for converting FZ data to CZ data

Sheet PV
A1: ="PV - "&Prototype!A2 -> PV - SchoolHigh
A2: TBD

Sheet EV Charger
A1: ="EV Charger - "&Prototype!A2 -> EV Charger - SchoolHigh
A2: TBD
A11: Background Data [To be deleted prior to publication]

Sheet Data
A1: Space Function | B1: Electric Equipment Load Intensity | C1: Electric Equipment Load Intensity | D1: LPD
A2: Aging Eye/Low-vision (Corridor Area) | D2: 2013 | E2: 2016 | F2: 2019 | G2: 2025
A3: Aging Eye/Low-vision (Dining)
A4: Aging Eye/Low-vision (Lobby, Main Entry)
A5: Aging Eye/Low-vision (Lounge/Waiting Area)
A6: Aging Eye/Low-vision (Multipurpose Room)
A7: Aging Eye/Low-vision (Religious Worship Area)
A8: Aging Eye/Low-vision (Restroom)
A9: Aging Eye/Low-vision (Stairwell)
A10: Audience Seating Area
A11: Auditorium Area
A12: Auto Repair / Maintenance Area
A13: Barber, Beauty Salon, Spa Area
A14: Civic Meeting Place Area
... A83: Wood/Metal Shop Classroom

Sheet Weights
A1: ="% of Floor Area per CZ and Vintage Bin - Schools" -> % of Floor Area per CZ and Vintage Bin - Schools
A2: Prototype | B2: CZ | C2: Vintage Bin
C3: Pre-1978 | D3: 1978-1997 | E3: 1998-2007 | F3: 2008-2018 | G3: Not available
A4: =Prototype!B4 -> High School | B4: 1 | H4: =SUM(C4:G4) -> 0
B5: 2 | H5: =SUM(C5:G5) -> 0
B6: 3 | H6: =SUM(C6:G6) -> 0
B7: 4 | H7: =SUM(C7:G7) -> 0
B8: 5 | H8: =SUM(C8:G8) -> 0
B9: 6 | H9: =SUM(C9:G9) -> 0
B10: 7 | H10: =SUM(C10:G10) -> 0
B11: 8 | H11: =SUM(C11:G11) -> 0
B12: 9 | H12: =SUM(C12:G12) -> 0
B13: 10 | H13: =SUM(C13:G13) -> 0
B14: 11 | H14: =SUM(C14:G14) -> 0
B15: 12 | H15: =SUM(C15:G15) -> 0
B16: 13 | H16: =SUM(C16:G16) -> 0
... B19: 16 | H19: =SUM(C19:G19) -> 0
B20: Statewide
A22: Ref: CEUS 2022 dataset
