Workbook
Name nonparticipating_forecastzone_scale_factor: #REF!
Name nonparticipating_forecastzone_scale_factor: #REF!
Name nonparticipating_forecastzone_scale_factor: 'Energy Usage'!#REF!
Name Space_Function: Data!$A$2:$A$76

Sheet Notes
A1: Data Sources
A2: Dataset | B2: Dodge 2023
B3: CEUS 2022
B4: CBECS 2018
B5: ComStock 2023
A6: Prototype | B6: CEC prototype (CBECC 2022.3.1) | C6: https://bees.noresco.com/software2022.html
B7: PNNL prototype (90.1-2022) | C7: https://www.energycodes.gov/prototype-building-models#Commercial
B8: DEERprototype (June 2023) | C8: https://github.com/sound-data/DEER-Prototypes-EnergyPlus
A10: Codes | B10: Title 24, part 6 (1984, 2001, 2007, 2013, 2022, 2025)
B11: ASHRAE 90.1 (2022)
B12: CFR Title 10 (2010, 2024)
A13: Others | B13: 2022 Reduced infiltration CASE report | C13: https://title24stakeholders.com/wp-content/uploads/2020/10/2022-T24-Final-CASE-Report_Reduce-Infiltration.pdf
B14: 2019 Outdoor Lighting CASE Report | C14: https://title24stakeholders.com/wp-content/uploads/2016/10/T24-2019-CASE-Study-Results-Report-Outdoor-Sources_Final_with-Attachments.pdf
B15: PNNL 20405, 2010 | C15: https://www.pnnl.gov/main/publications/external/technical_reports/PNNL-20405.pdf
B16: 2024 CASE Report: A Comprehensive, High Efficiency Solution for Water Heating in Multifamily Buildings | C16: https://www.energy.ca.gov/sites/default/files/2024-06/CEC-500-2024-054.pdf
B17: 2022 CASE Report: Multifamily Domestic Hot Water Distribution | C17: https://title24stakeholders.com/wp-content/uploads/2020/09/2022_T24_Final-CASE-Report-MF-DHW-Dist.pdf
A18: Construction Rate
A31: Notes

Sheet Prototype
A1: NORESCO, Updated November 2025
A2: ApartmentMidRise
A3: Characteristic | B3: Value | C3: Data Sources
A4: Building Type | B4: Mid-Rise Apartment
A5: Building Category | B5: Nonresidential
A6: Vintages | B6: 4 Vintages: Pre-1978 , 1978-1997 ,1998-2007 , 2008-2018 New Construction (2019+) | C6: Based on the vintage bin analysis | D6: NonRes-Vintage bins-Draft Report-30Nov2023-Final.docx
A7: Shape | C7: CEC Prototype model TRC Multifamily Prototypes study (2019)
A8: Total Floor Area (ft2) | B8: =Zones!J40 -> 141013.76 | C8: CEC Prototype model TRC Multifamily Prototypes study (2019)
A9: Aspect Ratio | B9: =180/155 -> 1.1612903
A10: Number of Floors | B10: 5 above-ground floors plus one underground parking garage (180 ft x 155 ft)
A11: Roof type | B11: Flat roof
A12: WWR (above grade) | B12: South: 22.0%, East: 22.0%, North: 22.0%, West: 22.0% Total 22.0%
A13: Window dimensions | B13: 5 * 3
A14: Shading Geometry | B14: -
A15: Floor to floor height (feet) | B15: Residential: 10 Non-residential: 10 Parking: 15
A16: Floor to ceiling height (feet) | B16: Residential: 9 Non-residential: 10 Parking: 14
A17: Glazing sill height (feet) | B17: 3.1 ft (in first floor), 2.95 ft. (in upper floors)
A21: Above grade wall area (ft²) | B21: 42304.13
A22: Gross wall area (ft²) | B22: 51685.04
A23: Roof area (ft²) | B23: 27902.72
A24: Underground Gross Wall Area (ft²) | B24: =B22-B21 -> 9380.91

Sheet Zones
A1: ="Proposed Layout - "&Prototype!A2 -> Proposed Layout - ApartmentMidRise
A2: Space Type | B2: Space/Thermal Zone | C2: Res/NR | D2: Schedule Category | E2: No. of Dwelling Units | F2: Dwelling Unit Type | G2: Thermal Zone (HVAC Zone) | H2: Conditioned [Y/N] | I2: Area Fraction | J2: Area (ft²) | K2: Volume [ft³] | L2: Multipliers | M2: People | N2: People (Persons/1,000 ft²) [T24, 2025,Table 120.1-A] | P2: Spaces and Zoning layout | T2: Spaces and Zoning layout
A3: Convention, Conference, Multipurpose and Meeting Area | B3: F1 BUSINESS CENTER | C3: NR | D3: ResidentialCommon | E3: NA | F3: NA | G3: AHU1 | H3: Y | I3: =J3*L3/$J$40 -> 0.002553226 | J3: 360.04 | K3: 3600.53 | L3: 1 | M3: =N3*J3/1000 -> 24.003867 | N3: 66.67
A4: Corridor Area | B4: F1 CORRIDOR | C4: NR | D4: ResidentialCommon | E4: NA | F4: NA | G4: AHU2 | H4: Y | I4: =J4*L4/$J$40 -> 0.01361704 | J4: 1920.19 | K4: 19202.81 | L4: 1 | M4: =N4*J4/1000 -> 19.2019 | N4: 10
A5: Exercise/Fitness Center and Gymnasium Areas | B5: F1 FITNESS CENTER | C5: NR | D5: ResidentialCommon | E5: NA | F5: NA | G5: AHU3 | H5: Y | I5: =J5*L5/$J$40 -> 0.0063829941 | J5: 900.09 | K5: 9001.32 | L5: 1 | M5: =N5*J5/1000 -> 18.0018 | N5: 20
A6: Office Area (>250 square feet) | B6: F1 LEASING OFFICE | C6: NR | D6: ResidentialCommon | E6: NA | F6: NA | G6: AHU4 | H6: Y | I6: =J6*L6/$J$40 -> 0.0024467825 | J6: 345.03 | K6: 3450.51 | L6: 1 | M6: =N6*J6/1000 -> 3.4503 | N6: 10
A7: Lobby, Main Entry | B7: F1 LOUNGE | C7: NR | D7: ResidentialCommon | E7: NA | F7: NA | G7: AHU5 | H7: Y | I7: =J7*L7/$J$40 -> 0.007446791 | J7: 1050.1 | K7: 10501.54 | L7: 1 | M7: =N7*J7/1000 -> 70.04167 | N7: 66.7
A8: Electrical, Mechanical, Telephone Rooms | B8: F1 MECHANICAL ROOM | C8: NR | D8: ResidentialCommon | E8: NA | F8: NA | G8: AHU6 | H8: Y | I8: =J8*L8/$J$40 -> 0.0030638145 | J8: 432.04 | K8: 4320.63 | L8: 1 | M8: =N8*J8/1000 -> 1.29612 | N8: 3
A9: Retail Sales Area (Retail Merchandise Sales) | B9: F1 RETAIL N-NW | C9: NR | D9: Retail | E9: NA | F9: NA | G9: AHU7 | H9: Y | I9: =J9*L9/$J$40 -> 0.04244678 | J9: 5985.58 | K9: 59858.76 | L9: 1 | M9: =N9*J9/1000 -> 99.759667 | N9: 16.666667
A10: Retail Sales Area (Retail Merchandise Sales) | B10: F1 RETAIL NE | C10: NR | D10: Retail | E10: NA | F10: NA | G10: AHU8 | H10: Y | I10: =J10*L10/$J$40 -> 0.030638287 | J10: 4320.42 | K10: 43206.32 | L10: 1 | M10: =N10*J10/1000 -> 72.007 | N10: 16.666667
A11: Retail Sales Area (Retail Merchandise Sales) | B11: F1 RETAIL SE | C11: NR | D11: Retail | E11: NA | F11: NA | G11: AHU9 | H11: Y | I11: =J11*L11/$J$40 -> 0.020425524 | J11: 2880.28 | K11: 28804.22 | L11: 1 | M11: =N11*J11/1000 -> 48.004667 | N11: 16.666667
A12: Retail Sales Area (Retail Merchandise Sales) | B12: F1 RETAIL SW | C12: NR | D12: Retail | E12: NA | F12: NA | G12: AHU10 | H12: Y | I12: =J12*L12/$J$40 -> 0.03140424 | J12: 4428.43 | K12: 44286.48 | L12: 1 | M12: =N12*J12/1000 -> 73.807167 | N12: 16.666667
A13: High-Rise Residential Living Spaces | B13: F2-4 1-BED CORE EAST | C13: Res | D13: ResidentialLiving | E13: =L13 -> 3 | F13: 1-Bed Type | G13: AHU11 | H13: Y | I13: =J13*L13/$J$40 -> 0.030638287 | J13: 1440.14 | K13: 14402.11 | L13: 3 | M13: =N13*J13/1000 -> 7.2007 | N13: 5
A14: High-Rise Residential Living Spaces | B14: F2-4 1-BED CORE N | C14: Res | D14: ResidentialLiving | E14: =L14 -> 3 | F14: 1-Bed Type | G14: AHU12 | H14: Y | I14: =J14*L14/$J$40 -> 0.015319143 | J14: 720.07 | K14: 7201.05 | L14: 3 | M14: =N14*J14/1000 -> 3.60035 | N14: 5
A15: High-Rise Residential Living Spaces | B15: F2-4 1-BED CORE WEST | C15: Res | D15: ResidentialLiving | E15: =L15 -> 3 | F15: 1-Bed Type | G15: AHU13 | H15: Y | I15: =J15*L15/$J$40 -> 0.030638287 | J15: 1440.14 | K15: 14402.11 | L15: 3 | M15: =N15*J15/1000 -> 7.2007 | N15: 5
A16: High-Rise Residential Living Spaces | B16: F2-4 1-BED NORTH | C16: Res | D16: ResidentialLiving | E16: =L16 -> 3 | F16: 1-Bed Type | G16: AHU14 | H16: Y | I16: =J16*L16/$J$40 -> 0.079148872 | J16: 3720.36 | K16: 37205.45 | L16: 3 | M16: =N16*J16/1000 -> 18.6018 | N16: 5
A17: High-Rise Residential Living Spaces | B17: F2-4 2-BED CORE NE-NW | C17: Res | D17: ResidentialLiving | E17: =L17 -> 3 | F17: 2-Bed Type | G17: AHU15 | H17: Y | I17: =J17*L17/$J$40 -> 0.04595743 | J17: 2160.21 | K17: 21603.16 | L17: 3 | M17: =N17*J17/1000 -> 10.80105 | N17: 5
A18: High-Rise Residential Living Spaces | B18: F2-4 2-BED EAST | C18: Res | D18: ResidentialLiving | E18: =L18 -> 3 | F18: 2-Bed Type | G18: AHU16 | H18: Y | I18: =J18*L18/$J$40 -> 0.068936251 | J18: 3240.32 | K18: 32404.74 | L18: 3 | M18: =N18*J18/1000 -> 16.2016 | N18: 5
A19: High-Rise Residential Living Spaces | B19: F2-4 2-BED WEST | C19: Res | D19: ResidentialLiving | E19: =L19 -> 3 | F19: 2-Bed Type | G19: AHU17 | H19: Y | I19: =J19*L19/$J$40 -> 0.068936251 | J19: 3240.32 | K19: 32404.74 | L19: 3 | M19: =N19*J19/1000 -> 16.2016 | N19: 5
A20: High-Rise Residential Living Spaces | B20: F2-4 3-BED NE | C20: Res | D20: ResidentialLiving | E20: =L20 -> 3 | F20: 3-Bed Type | G20: AHU18 | H20: Y | I20: =J20*L20/$J$40 -> 0.030000051 | J20: 1410.14 | K20: 14102.06 | L20: 3 | M20: =N20*J20/1000 -> 7.0507 | N20: 5
A21: High-Rise Residential Living Spaces | B21: F2-4 3-BED NW | C21: Res | D21: ResidentialLiving | E21: =L21 -> 3 | F21: 3-Bed Type | G21: AHU19 | H21: Y | I21: =J21*L21/$J$40 -> 0.030000051 | J21: 1410.14 | K21: 14102.06 | L21: 3 | M21: =N21*J21/1000 -> 7.0507 | N21: 5
A22: Corridor Area | B22: F2-4 CORRIDOR | C22: NR | D22: ResidentialCommon | E22: NA | F22: NA | G22: AHU20 | H22: Y | I22: =J22*L22/$J$40 -> 0.054893579 | J22: 2580.25 | K22: 25803.78 | L22: 3 | M22: =N22*J22/1000 -> 25.8025 | N22: 10
A23: Laundry Area | B23: F2-4 LAUNDRY | C23: NR | D23: ResidentialCommon | E23: NA | F23: NA | G23: AHU21 | H23: Y | I23: =J23*L23/$J$40 -> 0.003829839 | J23: 180.02 | K23: 1800.26 | L23: 3 | M23: =N23*J23/1000 -> 1.8002 | N23: 10
A24: High-Rise Residential Living Spaces | B24: F2-4 STUDIO SE | C24: Res | D24: ResidentialLiving | E24: =L24 -> 3 | F24: 1-Bed Type | G24: AHU22 | H24: Y | I24: =J24*L24/$J$40 -> 0.011489304 | J24: 540.05 | K24: 5400.79 | L24: 3 | M24: =N24*J24/1000 -> 2.70025 | N24: 5
A25: High-Rise Residential Living Spaces | B25: F2-4 STUDIO SW | C25: Res | D25: ResidentialLiving | E25: =L25 -> 3 | F25: Studio Type | G25: AHU23 | H25: Y | I25: =J25*L25/$J$40 -> 0.011489304 | J25: 540.05 | K25: 5400.79 | L25: 3 | M25: =N25*J25/1000 -> 2.70025 | N25: 5
A26: High-Rise Residential Living Spaces | B26: F5 1-BED CORE EAST | C26: Res | D26: ResidentialLiving | E26: =L26 -> 1 | F26: 1-Bed Type | G26: AHU24 | H26: Y | I26: =J26*L26/$J$40 -> 0.010212762 | J26: 1440.14 | K26: 14402.11 | L26: 1 | M26: =N26*J26/1000 -> 7.2007 | N26: 5
A27: High-Rise Residential Living Spaces | B27: F5 1-BED CORE N | C27: Res | D27: ResidentialLiving | E27: =L27 -> 1 | F27: 1-Bed Type | G27: AHU25 | H27: Y | I27: =J27*L27/$J$40 -> 0.0051063811 | J27: 720.07 | K27: 7201.05 | L27: 1 | M27: =N27*J27/1000 -> 3.60035 | N27: 5
A28: High-Rise Residential Living Spaces | B28: F5 1-BED CORE WEST | C28: Res | D28: ResidentialLiving | E28: =L28 -> 1 | F28: 1-Bed Type | G28: AHU26 | H28: Y | I28: =J28*L28/$J$40 -> 0.010212762 | J28: 1440.14 | K28: 14402.11 | L28: 1 | M28: =N28*J28/1000 -> 7.2007 | N28: 5
A29: High-Rise Residential Living Spaces | B29: F5 1-BED NORTH | C29: Res | D29: ResidentialLiving | E29: =L29 -> 1 | F29: 1-Bed Type | G29: AHU27 | H29: Y | I29: =J29*L29/$J$40 -> 0.026382957 | J29: 3720.36 | K29: 37205.45 | L29: 1 | M29: =N29*J29/1000 -> 18.6018 | N29: 5
A30: High-Rise Residential Living Spaces | B30: F5 2-BED CORE NE-NW | C30: Res | D30: ResidentialLiving | E30: =L30 -> 1 | F30: 2-Bed Type | G30: AHU28 | H30: Y | I30: =J30*L30/$J$40 -> 0.015319143 | J30: 2160.21 | K30: 21603.16 | L30: 1 | M30: =N30*J30/1000 -> 10.80105 | N30: 5
A31: High-Rise Residential Living Spaces | B31: F5 2-BED EAST | C31: Res | D31: ResidentialLiving | E31: =L31 -> 1 | F31: 2-Bed Type | G31: AHU29 | H31: Y | I31: =J31*L31/$J$40 -> 0.02297875 | J31: 3240.32 | K31: 32404.74 | L31: 1 | M31: =N31*J31/1000 -> 16.2016 | N31: 5
A32: High-Rise Residential Living Spaces | B32: F5 2-BED WEST | C32: Res | D32: ResidentialLiving | E32: =L32 -> 1 | F32: 2-Bed Type | G32: AHU30 | H32: Y | I32: =J32*L32/$J$40 -> 0.02297875 | J32: 3240.32 | K32: 32404.74 | L32: 1 | M32: =N32*J32/1000 -> 16.2016 | N32: 5
A33: High-Rise Residential Living Spaces | B33: F5 3-BED NE | C33: Res | D33: ResidentialLiving | E33: =L33 -> 1 | F33: 3-Bed Type | G33: AHU31 | H33: Y | I33: =J33*L33/$J$40 -> 0.010000017 | J33: 1410.14 | K33: 14102.06 | L33: 1 | M33: =N33*J33/1000 -> 7.0507 | N33: 5
A34: High-Rise Residential Living Spaces | B34: F5 3-BED NW | C34: Res | D34: ResidentialLiving | E34: =L34 -> 1 | F34: 3-Bed Type | G34: AHU32 | H34: Y | I34: =J34*L34/$J$40 -> 0.010000017 | J34: 1410.14 | K34: 14102.06 | L34: 1 | M34: =N34*J34/1000 -> 7.0507 | N34: 5
A35: Corridor Area | B35: F5 CORRIDOR | C35: NR | D35: ResidentialCommon | E35: NA | F35: NA | G35: AHU33 | H35: Y | I35: =J35*L35/$J$40 -> 0.01829786 | J35: 2580.25 | K35: 25803.78 | L35: 1 | M35: =N35*J35/1000 -> 25.8025 | N35: 10
A36: Laundry Area | B36: F5 LAUNDRY | C36: NR | D36: ResidentialCommon | E36: NA | F36: NA | G36: AHU34 | H36: Y | I36: =J36*L36/$J$40 -> 0.001276613 | J36: 180.02 | K36: 1800.26 | L36: 1 | M36: =N36*J36/1000 -> 1.8002 | N36: 10
A37: High-Rise Residential Living Spaces | B37: F5 STUDIO SE | C37: Res | D37: ResidentialLiving | E37: =L37 -> 1 | F37: Studio Type | G37: AHU35 | H37: Y | I37: =J37*L37/$J$40 -> 0.0038297681 | J37: 540.05 | K37: 5400.79 | L37: 1 | M37: =N37*J37/1000 -> 2.70025 | N37: 5
A38: High-Rise Residential Living Spaces | B38: F5 STUDIO SW | C38: Res | D38: ResidentialLiving | E38: =L38 -> 1 | F38: Studio Type | G38: AHU36 | H38: Y | I38: =J38*L38/$J$40 -> 0.0038297681 | J38: 540.05 | K38: 5400.79 | L38: 1 | M38: =N38*J38/1000 -> 2.70025 | N38: 5
A39: Parking Garage Area (Parking Zone and Ramps) | B39: PARKING GARAGE | C39: NR | D39: ResidentialCommon | E39: NA | F39: NA | G39: none | H39: N | I39: =J39*L39/$J$40 -> 0.19787232 | J39: 27902.72 | K39: 390657.19 | L39: 1 | M39: =N39*J39/1000 -> 139.5136 | N39: 5
A40: Total (11 Space Types) | B40: Total (37 Spaces) | E40: Total (37 Dwelling Units) | F40: Total (4 Dwelling Unit Types) | G40: Total (37 Thermal Zones) | H40: Total (36 Conditioned Zones, 1 Unconditioned Zones) | I40: =SUM(I3:I39) -> 1 | J40: =SUMPRODUCT(J3:J39,L3:L39) -> 141013.76 | K40: =SUM(K3:K39) -> 1069356.5 | M40: =SUM(M3:M39) -> 822.91256
A42: Background Data [To be deleted prior to publication]
C53: Zone Summary
D55: Area [ft2] | E55: Conditioned (Y/N) | F55: Part of Total Floor Area (Y/N) | G55: Volume [ft3] | H55: Multipliers | I55: Above Ground Gross Wall Area [ft2] | J55: Underground Gross Wall Area [ft2] | K55: Window Glass Area [ft2] | L55: Opening Area [ft2] | M55: Lighting [Btu/h-ft2] | N55: People [ft2 per person] | O55: Plug and Process [Btu/h-ft2]
C56: THERMAL ZONE: F1 BUSINESS CENTER | D56: 360.04 | E56: Yes | F56: Yes | G56: 3600.53 | H56: 1 | I56: 150.01 | J56: 0 | K56: 15 | L56: 15 | M56: 2.8999 | N56: 30 | O56: 3.4117 | Q56: =1/N56 -> 0.033333333
C57: THERMAL ZONE: F1 CORRIDOR | D57: 1920.19 | E57: Yes | F57: Yes | G57: 19202.81 | H57: 1 | I57: 870.08 | J57: 0 | K57: 87.01 | L57: 87.01 | M57: 1.9564 | N57: 205.64 | O57: 0.3998 | Q57: =N57/L4 -> 205.64
C58: THERMAL ZONE: F1 FITNESS CENTER | D58: 900.09 | E58: Yes | F58: Yes | G58: 9001.32 | H58: 1 | I58: 300.03 | J58: 0 | K58: 30 | L58: 30 | M58: 1.7058 | N58: 100.01 | O58: 1.7058 | Q58: =N58/L5 -> 100.01
C59: THERMAL ZONE: F1 LEASING OFFICE | D59: 345.03 | E59: Yes | F59: Yes | G59: 3450.51 | H59: 1 | I59: 230.02 | J59: 0 | K59: 23 | L59: 23 | M59: 2.2176 | N59: 200.02 | O59: 5.1175 | Q59: =N59/L6 -> 200.02
C60: THERMAL ZONE: F1 LOUNGE | D60: 1050.1 | E60: Yes | F60: Yes | G60: 10501.54 | H60: 1 | I60: 320.03 | J60: 0 | K60: 32 | L60: 32 | M60: 2.2176 | N60: 30 | O60: 3.4117 | Q60: =N60/L7 -> 30
C61: THERMAL ZONE: F1 MECHANICAL ROOM | D61: 432.04 | E61: Yes | F61: Yes | G61: 4320.63 | H61: 1 | I61: 0 | J61: 0 | K61: 0 | L61: 0 | M61: 1.3647 | N61: 666.73 | O61: 10.235 | Q61: =N61/L8 -> 666.73
C62: THERMAL ZONE: F1 RETAIL N-NW | D62: 5985.58 | E62: Yes | F62: Yes | G62: 59858.76 | H62: 1 | I62: 1610.16 | J62: 0 | K62: 161.02 | L62: 161.02 | M62: 3.4117 | N62: 119.99 | O62: 3.4117 | Q62: =N62/L9 -> 119.99
C63: THERMAL ZONE: F1 RETAIL NE | D63: 4320.42 | E63: Yes | F63: Yes | G63: 43206.32 | H63: 1 | I63: 1320.13 | J63: 0 | K63: 132.01 | L63: 132.01 | M63: 3.4117 | N63: 119.99 | O63: 3.4117 | Q63: =N63/L10 -> 119.99
C64: THERMAL ZONE: F1 RETAIL SE | D64: 2880.28 | E64: Yes | F64: Yes | G64: 28804.22 | H64: 1 | I64: 1560.15 | J64: 0 | K64: 156.02 | L64: 156.02 | M64: 3.4117 | N64: 119.99 | O64: 3.4117 | Q64: =N64/L11 -> 119.99
C65: THERMAL ZONE: F1 RETAIL SW | D65: 4428.43 | E65: Yes | F65: Yes | G65: 44286.48 | H65: 1 | I65: 2100.2 | J65: 0 | K65: 210.02 | L65: 210.02 | M65: 3.4117 | N65: 119.99 | O65: 3.4117 | Q65: =N65/L12 -> 119.99
C66: THERMAL ZONE: F2-4 1-BED CORE EAST | D66: 1440.14 | E66: Yes | F66: Yes | G66: 14402.11 | H66: 3 | I66: 600.06 | J66: 0 | K66: 150.22 | L66: 150.22 | M66: 2.9573 | N66: 360.03 | O66: 37.0788 | Q66: =N66/L13 -> 120.01
C67: THERMAL ZONE: F2-4 1-BED CORE N | D67: 720.07 | E67: Yes | F67: Yes | G67: 7201.05 | H67: 3 | I67: 240.02 | J67: 0 | K67: 60 | L67: 60 | M67: 2.9573 | N67: 360.03 | O67: 37.0788 | Q67: =N67/L14 -> 120.01
C68: THERMAL ZONE: F2-4 1-BED CORE WEST | D68: 1440.14 | E68: Yes | F68: Yes | G68: 14402.11 | H68: 3 | I68: 600.06 | J68: 0 | K68: 150.22 | L68: 150.22 | M68: 2.9573 | N68: 360.03 | O68: 37.0788 | Q68: =N68/L15 -> 120.01
... C92: THERMAL ZONE: PARKING GARAGE | D92: 27902.72 | E92: Yes | F92: Yes | G92: 390657.19 | H92: 1 | I92: 0 | J92: 9380.92 | K92: 0 | L92: 0 | M92: 0.3412 | N92: 400.04 | O92: 0 | Q92: =N92/L39 -> 400.04
C93: Total | D93: 141013.76 | G93: 1521822.8 | I93: 42304.13 | J93: 9380.92 | K93: 9311.83 | L93: 9311.83 | M93: 2.2356 | N93: 250.73 | O93: 18.7745
C94: Conditioned Total | D94: 141013.76 | G94: 1521822.8 | I94: 42304.13 | J94: 9380.92 | K94: 9311.83 | L94: 9311.83 | M94: 2.2356 | N94: 250.73 | O94: 18.7745
C95: Unconditioned Total | D95: 0 | G95: 0 | I95: 0 | J95: 0 | K95: 0 | L95: 0
C96: Not Part of Total | D96: 0 | G96: 0 | I96: 0 | J96: 0 | K96: 0 | L96: 0
C102: AirLoopHVAC
D104: Sum of Air Terminal Maximum Heating Flow Rates [ft3/min] | E104: Sum of Air Terminal Minimum Heating Flow Rates [ft3/min] | F104: Sum of Air Terminal Maximum Flow Rates [ft3/min] | G104: Adjusted Heating Design Air Flow Rate [ft3/min] | H104: Adjusted Cooling Design Air Flow Rate [ft3/min] | I104: Adjusted Main Design Air Flow Rate [ft3/min] | J104: User Heating Air Flow Ratio [] | K104: Calculated Heating Air Flow Ratio []
C105: BUSINESS CENTER SZHP | D105: 359.96 | E105: 359.96 | F105: 359.96 | G105: 359.96 | H105: 445.96 | I105: 445.96 | J105: 1 | K105: 0.807151
C106: F1 CORRIDOR SZHP | D106: 1919.79 | E106: 1919.79 | F106: 1919.79 | G106: 1919.79 | H106: 1919.79 | I106: 1919.79 | J106: 1 | K106: 1
C107: F1 MECHANICAL SZHP | D107: 431.95 | E107: 431.95 | F107: 431.95 | G107: 431.95 | H107: 440.98 | I107: 440.98 | J107: 1 | K107: 0.979537
C108: F2-4 CORRIDOR SZHP | D108: 7739.14 | E108: 7739.14 | F108: 7739.14 | G108: 7739.14 | H108: 7739.14 | I108: 7739.14 | J108: 1 | K108: 1
C109: F2-4 LAUNDRY SZHP | D109: 539.94 | E109: 539.94 | F109: 539.94 | G109: 539.94 | H109: 547.71 | I109: 547.71 | J109: 1 | K109: 0.985817
C110: F5 CORRIDOR SZHP | D110: 2579.71 | E110: 2579.71 | F110: 2579.71 | G110: 2579.71 | H110: 2579.71 | I110: 2579.71 | J110: 1 | K110: 1
C111: F5 LAUNDRY SZHP | D111: 179.98 | E111: 179.98 | F111: 179.98 | G111: 179.98 | H111: 194.75 | I111: 194.75 | J111: 1 | K111: 0.92417
C112: FITNESS CENTER SZHP | D112: 899.9 | E112: 899.9 | F112: 899.9 | G112: 899.9 | H112: 899.9 | I112: 899.9 | J112: 1 | K112: 1
C113: LEASING OFFICE SZHP | D113: 344.96 | E113: 344.96 | F113: 344.96 | G113: 344.96 | H113: 344.96 | I113: 344.96 | J113: 1 | K113: 1
C114: LOUNGE SZHP | D114: 1049.88 | E114: 1049.88 | F114: 1049.88 | G114: 1049.88 | H114: 1153.08 | I114: 1153.08 | J114: 1 | K114: 0.910506
C115: PROPVENTONLYAIRSYS | D115: 109.79 | E115: 109.79 | F115: 109.79 | G115: 540 | H115: 644.95 | I115: 644.95 | J115: 1 | K115: 0.837281
C116: PROPVENTONLYAIRSYS-10 | D116: 93.59 | E116: 93.59 | F116: 93.59 | G116: 653.88 | H116: 1052.51 | I116: 1052.51 | J116: 1 | K116: 0.621257
... C140: RETAIL SW OUTER SZHP | D140: 4427.51 | E140: 4427.51 | F140: 4427.51 | G140: 4427.51 | H140: 4427.51 | I140: 4427.51 | J140: 1 | K140: 1

Sheet Envelope
A1: ="Envelope - "&Prototype!A2 -> Envelope - ApartmentMidRise
A2: Element | B2: Prototype | C2: Assembly Type | D2: Construction | E2: Thermal Properties | F2: Vintage | G2: Selected T24 | I2: Note | J2: CZ1 | K2: CZ2 | L2: CZ3 | M2: CZ4 | N2: CZ5 | O2: CZ6 | P2: CZ7 | Q2: CZ8 | R2: CZ9 | S2: CZ10 | T2: CZ11 | U2: CZ12 | V2: CZ13 | W2: CZ14 | X2: CZ15 | Y2: CZ16
A3: External Wall (F1) | B3: =Prototype!$A$2 -> ApartmentMidRise | C3: ExtWall_MassLight_Nonres | D3: 8-in cast-in-place concrete wall + insulation + air/water barrier + exterior cladding + gypsum board | E3: U-factor IP | F3: Pre 1978 | G3: N/A | I3: ASHRAE 90.1, 2022, Table A3.3.3.1, 3.5", R-0 | J3: 0.352 | K3: 0.352 | L3: 0.352 | M3: 0.352 | N3: 0.352 | O3: 0.352 | P3: 0.352 | Q3: 0.352 | R3: 0.352 | S3: 0.352 | T3: 0.352 | U3: 0.352 | V3: 0.352 | W3: 0.352 | X3: 0.352 | Y3: 0.352
F4: 1978-1997 | G4: 1986 | I4: Copied from High-rise office alternative requirements (Table 2-53W): Package A with heat capacity around 10 (Btu/F-ft²) | J4: 0.213 | K4: 0.227 | L4: 0.227 | M4: 0.217 | N4: 0.217 | O4: 0.256 | P4: 0.256 | Q4: 0.256 | R4: 0.256 | S4: 0.256 | T4: 0.238 | U4: 0.238 | V4: 0.238 | W4: 0.208 | X4: 0.208 | Y4: 0.213
F5: 1998-2007 | G5: 2001 | I5: Table 1-H | J5: 0.182 | K5: 0.182 | L5: 0.189 | M5: 0.189 | N5: 0.189 | O5: 0.189 | P5: 0.189 | Q5: 0.189 | R5: 0.189 | S5: 0.182 | T5: 0.182 | U5: 0.182 | V5: 0.182 | W5: 0.182 | X5: 0.182 | Y5: 0.182
F6: 2008-2018 | G6: 2013 | I6: Table 140.3-B | J6: 0.098 | K6: 0.062 | L6: 0.082 | M6: 0.062 | N6: 0.062 | O6: 0.098 | P6: 0.098 | Q6: 0.062 | R6: 0.062 | S6: 0.062 | T6: 0.062 | U6: 0.062 | V6: 0.062 | W6: 0.062 | X6: 0.062 | Y6: 0.062
F7: 2019+ | G7: 2025 | I7: Table 140.3-B (Nonres) | J7: 0.06 | K7: 0.055 | L7: 0.071 | M7: 0.055 | N7: 0.055 | O7: 0.06 | P7: 0.06 | Q7: 0.055 | R7: 0.055 | S7: 0.055 | T7: 0.055 | U7: 0.055 | V7: 0.055 | W7: 0.055 | X7: 0.055 | Y7: 0.055
A8: External Wall | B8: =Prototype!$A$2 -> ApartmentMidRise | C8: ExtWall_WoodFramed_Res | D8: Wood-frame walls + insulation + Gypsum board | E8: U-factor IP | F8: Pre 1978 | G8: N/A | I8: ASHRAE 90.1 Table A3.4.3.1, 3.5", R-0 | J8: 0.292 | K8: 0.292 | L8: 0.292 | M8: 0.292 | N8: 0.292 | O8: 0.292 | P8: 0.292 | Q8: 0.292 | R8: 0.292 | S8: 0.292 | T8: 0.292 | U8: 0.292 | V8: 0.292 | W8: 0.292 | X8: 0.292 | Y8: 0.292
F9: 1978-1997 | G9: 1986 | I9: Title 24 1984 Table 2-53 BB, wall density less than 25 | J9: 0.095 | K9: 0.095 | L9: 0.095 | M9: 0.095 | N9: 0.095 | O9: 0.095 | P9: 0.095 | Q9: 0.095 | R9: 0.095 | S9: 0.095 | T9: 0.095 | U9: 0.095 | V9: 0.095 | W9: 0.095 | X9: 0.095 | Y9: 0.095
F10: 1998-2007 | G10: 2001 | I10: TABLE 1-H | J10: 0.084 | K10: 0.084 | L10: 0.092 | M10: 0.092 | N10: 0.092 | O10: 0.092 | P10: 0.092 | Q10: 0.092 | R10: 0.092 | S10: 0.084 | T10: 0.084 | U10: 0.084 | V10: 0.084 | W10: 0.084 | X10: 0.084 | Y10: 0.084
F11: 2008-2018 | G11: 2013 | I11: TABLE 140.3-B | J11: 0.102 | K11: 0.059 | L11: 0.11 | M11: 0.059 | N11: 0.102 | O11: 0.11 | P11: 0.11 | Q11: 0.102 | R11: 0.059 | S11: 0.059 | T11: 0.059 | U11: 0.059 | V11: 0.059 | W11: 0.059 | X11: 0.042 | Y11: 0.059
F12: 2019+ | G12: 2025 | I12: TABLE 170.2-A ENVELOPE COMPONENT PACKAGE – Multifamily Standard Building Design Assuming - >1hr fire rating | J12: 0.051 | K12: 0.051 | L12: 0.051 | M12: 0.051 | N12: 0.051 | O12: 0.065 | P12: 0.065 | Q12: 0.051 | R12: 0.051 | S12: 0.051 | T12: 0.051 | U12: 0.051 | V12: 0.051 | W12: 0.051 | X12: 0.051 | Y12: 0.051
A13: Roof | B13: =Prototype!$A$2 -> ApartmentMidRise | C13: FlatRoof_WoodFramedAndOther_Res | D13: Roof membrane or shingles + roof insulation + wood decking/sheathing + wood framing | E13: U-factor IP | F13: Pre 1978 | G13: N/A | I13: Considering 30 years for roof/ insulation replacement. | J13: 0.037 | K13: 0.051 | L13: 0.051 | M13: 0.051 | N13: 0.051 | O13: 0.051 | P13: 0.051 | Q13: 0.051 | R13: 0.051 | S13: 0.051 | T13: 0.037 | U13: 0.037 | V13: 0.037 | W13: 0.037 | X13: 0.037 | Y13: 0.037
F14: 1978-1997 | G14: N/A | J14: 0.037 | K14: 0.051 | L14: 0.051 | M14: 0.051 | N14: 0.051 | O14: 0.051 | P14: 0.051 | Q14: 0.051 | R14: 0.051 | S14: 0.051 | T14: 0.037 | U14: 0.037 | V14: 0.037 | W14: 0.037 | X14: 0.037 | Y14: 0.037
F15: 1998-2007 | G15: 2001 | I15: TABLE 1-I | J15: 0.037 | K15: 0.037 | L15: 0.051 | M15: 0.051 | N15: 0.051 | O15: 0.051 | P15: 0.051 | Q15: 0.051 | R15: 0.051 | S15: 0.037 | T15: 0.037 | U15: 0.037 | V15: 0.037 | W15: 0.037 | X15: 0.037 | Y15: 0.037
F16: 2008-2018 | G16: 2013 | I16: TABLE 140.3-C | J16: 0.034 | K16: 0.028 | L16: 0.039 | M16: 0.028 | N16: 0.039 | O16: 0.039 | P16: 0.039 | Q16: 0.028 | R16: 0.028 | S16: 0.028 | T16: 0.028 | U16: 0.028 | V16: 0.028 | W16: 0.028 | X16: 0.028 | Y16: 0.028
F17: 2019+ | G17: 2025 | I17: TABLE 170.2-A ENVELOPE COMPONENT PACKAGE – Multifamily Standard Building Design | J17: 0.028 | K17: 0.028 | L17: 0.034 | M17: 0.028 | N17: 0.034 | O17: 0.034 | P17: 0.039 | Q17: 0.028 | R17: 0.028 | S17: 0.028 | T17: 0.028 | U17: 0.028 | V17: 0.028 | W17: 0.028 | X17: 0.028 | Y17: 0.028
A18: Windows_ Dwelling Units | B18: =Prototype!$A$2 -> ApartmentMidRise | C18: FixedAndOperableWindow_Res | D18: CBECS 2018 shows that ~58% of Large Hotels that were built before 2000 are single pane | E18: U factor | F18: Pre 1978 | G18: N/A | I18: ASHRAE Handbook of Fundamentals for single pane & T24, 2013 for double pane (58%-42%) | J18: =0.42*J21+0.58*((1-$C$56)*1.12+$C$56*1.23) -> 0.82725 | K18: =0.42*K21+0.58*((1-$C$56)*1.12+$C$56*1.23) -> 0.82725 | L18: =0.42*L21+0.58*((1-$C$56)*1.12+$C$56*1.23) -> 0.82725 | M18: =0.42*M21+0.58*((1-$C$56)*1.12+$C$56*1.23) -> 0.82725 | N18: =0.42*N21+0.58*((1-$C$56)*1.12+$C$56*1.23) -> 0.82725 | O18: =0.42*O21+0.58*((1-$C$56)*1.12+$C$56*1.23) -> 0.82725 | P18: =0.42*P21+0.58*((1-$C$56)*1.12+$C$56*1.23) -> 0.82725 | Q18: =0.42*Q21+0.58*((1-$C$56)*1.12+$C$56*1.23) -> 0.82725 | ... Y18: =0.42*Y21+0.58*((1-$C$56)*1.12+$C$56*1.23) -> 0.82725
F19: 1978-1997 | G19: N/A | J19: =0.42*J21+0.58*((1-$C$56)*1.12+$C$56*1.23) -> 0.82725 | K19: =0.42*K21+0.58*((1-$C$56)*1.12+$C$56*1.23) -> 0.82725 | L19: =0.42*L21+0.58*((1-$C$56)*1.12+$C$56*1.23) -> 0.82725 | M19: =0.42*M21+0.58*((1-$C$56)*1.12+$C$56*1.23) -> 0.82725 | N19: =0.42*N21+0.58*((1-$C$56)*1.12+$C$56*1.23) -> 0.82725 | O19: =0.42*O21+0.58*((1-$C$56)*1.12+$C$56*1.23) -> 0.82725 | P19: =0.42*P21+0.58*((1-$C$56)*1.12+$C$56*1.23) -> 0.82725 | Q19: =0.42*Q21+0.58*((1-$C$56)*1.12+$C$56*1.23) -> 0.82725 | ... Y19: =0.42*Y21+0.58*((1-$C$56)*1.12+$C$56*1.23) -> 0.82725
D20: Double pane | F20: 1998-2007 | G20: 2001 | I20: Table 1-I | J20: =(1-$C$56)*J75+$C$56*J95 -> 0.49 | K20: =(1-$C$56)*K75+$C$56*K95 -> 0.49 | L20: =(1-$C$56)*L75+$C$56*L95 -> 0.49 | M20: =(1-$C$56)*M75+$C$56*M95 -> 0.49 | N20: =(1-$C$56)*N75+$C$56*N95 -> 0.49 | O20: =(1-$C$56)*O75+$C$56*O95 -> 0.49 | P20: =(1-$C$56)*P75+$C$56*P95 -> 0.49 | Q20: =(1-$C$56)*Q75+$C$56*Q95 -> 0.49 | ... Y20: =(1-$C$56)*Y75+$C$56*Y95 -> 0.49
F21: 2008-2018 | G21: 2013 | I21: Table 140.3-C | J21: =(1-$C$56)*J76+$C$56*J96 -> 0.385 | K21: =(1-$C$56)*K76+$C$56*K96 -> 0.385 | L21: =(1-$C$56)*L76+$C$56*L96 -> 0.385 | M21: =(1-$C$56)*M76+$C$56*M96 -> 0.385 | N21: =(1-$C$56)*N76+$C$56*N96 -> 0.385 | O21: =(1-$C$56)*O76+$C$56*O96 -> 0.385 | P21: =(1-$C$56)*P76+$C$56*P96 -> 0.385 | Q21: =(1-$C$56)*Q76+$C$56*Q96 -> 0.385 | ... Y21: =(1-$C$56)*Y76+$C$56*Y96 -> 0.385
F22: 2019+ | G22: 2025 | I22: TABLE 170.2-A (High rise residential in multifamily section) | J22: =(1-$C$56)*J77+$C$56*J97 -> 0.325 | K22: =(1-$C$56)*K77+$C$56*K97 -> 0.34 | L22: =(1-$C$56)*L77+$C$56*L97 -> 0.325 | M22: =(1-$C$56)*M77+$C$56*M97 -> 0.325 | N22: =(1-$C$56)*N77+$C$56*N97 -> 0.325 | O22: =(1-$C$56)*O77+$C$56*O97 -> 0.37 | P22: =(1-$C$56)*P77+$C$56*P97 -> 0.37 | Q22: =(1-$C$56)*Q77+$C$56*Q97 -> 0.34 | ... Y22: =(1-$C$56)*Y77+$C$56*Y97 -> 0.325
D23: CBECS 2018 shows that ~58% of Large Hotels that were built before 2000 are single pane | E23: SHGC | F23: Pre 1978 | G23: N/A | I23: =I18 -> ASHRAE Handbook of Fundamentals for single pane & T24, 2013 for double pane (58%-42%) | J23: =0.42*J26+0.58*((1-$C$56)*0.79+$C$56*0.78) -> 0.5586 | K23: =0.42*K26+0.58*((1-$C$56)*0.79+$C$56*0.78) -> 0.5586 | L23: =0.42*L26+0.58*((1-$C$56)*0.79+$C$56*0.78) -> 0.5586 | M23: =0.42*M26+0.58*((1-$C$56)*0.79+$C$56*0.78) -> 0.5586 | N23: =0.42*N26+0.58*((1-$C$56)*0.79+$C$56*0.78) -> 0.5586 | O23: =0.42*O26+0.58*((1-$C$56)*0.79+$C$56*0.78) -> 0.5586 | P23: =0.42*P26+0.58*((1-$C$56)*0.79+$C$56*0.78) -> 0.5586 | Q23: =0.42*Q26+0.58*((1-$C$56)*0.79+$C$56*0.78) -> 0.5586 | ... Y23: =0.42*Y26+0.58*((1-$C$56)*0.79+$C$56*0.78) -> 0.5586
F24: 1978-1997 | G24: N/A | J24: =0.42*J26+0.58*((1-$C$56)*0.79+$C$56*0.78) -> 0.5586 | K24: =0.42*K26+0.58*((1-$C$56)*0.79+$C$56*0.78) -> 0.5586 | L24: =0.42*L26+0.58*((1-$C$56)*0.79+$C$56*0.78) -> 0.5586 | M24: =0.42*M26+0.58*((1-$C$56)*0.79+$C$56*0.78) -> 0.5586 | N24: =0.42*N26+0.58*((1-$C$56)*0.79+$C$56*0.78) -> 0.5586 | O24: =0.42*O26+0.58*((1-$C$56)*0.79+$C$56*0.78) -> 0.5586 | P24: =0.42*P26+0.58*((1-$C$56)*0.79+$C$56*0.78) -> 0.5586 | Q24: =0.42*Q26+0.58*((1-$C$56)*0.79+$C$56*0.78) -> 0.5586 | ... Y24: =0.42*Y26+0.58*((1-$C$56)*0.79+$C$56*0.78) -> 0.5586
D25: Double pane | F25: 1998-2007 | G25: 2001 | I25: TABLE 1-I (based on non north with WWR 30-40%) | J25: =J118 -> 0.3 | K25: =K118 -> 0.26 | L25: =L118 -> 0.26 | M25: =M118 -> 0.26 | N25: =N118 -> 0.26 | O25: =O118 -> 0.31 | P25: =P118 -> 0.31 | Q25: =Q118 -> 0.31 | ... Y25: =Y118 -> 0.3
F26: 2008-2018 | G26: 2013 | I26: Table 140.3-C | J26: =(1-$C$56)*J81+$C$56*J101 -> 0.2425 | K26: =(1-$C$56)*K81+$C$56*K101 -> 0.2425 | L26: =(1-$C$56)*L81+$C$56*L101 -> 0.2425 | M26: =(1-$C$56)*M81+$C$56*M101 -> 0.2425 | N26: =(1-$C$56)*N81+$C$56*N101 -> 0.2425 | O26: =(1-$C$56)*O81+$C$56*O101 -> 0.2425 | P26: =(1-$C$56)*P81+$C$56*P101 -> 0.2425 | Q26: =(1-$C$56)*Q81+$C$56*Q101 -> 0.2425 | ... Y26: =(1-$C$56)*Y81+$C$56*Y101 -> 0.2425
F27: 2019+ | G27: 2025 | I27: TABLE 170.2-A (High rise residential in multifamily section) Table 110.6-B: Climate zones 1, 3, 5 and 16 | J27: =(1-$C$56)*J82+$C$56*J102 -> 0.5275 | K27: =(1-$C$56)*K82+$C$56*K102 -> 0.2275 | L27: =(1-$C$56)*L82+$C$56*L102 -> 0.5275 | M27: =(1-$C$56)*M82+$C$56*M102 -> 0.2275 | N27: =(1-$C$56)*N82+$C$56*N102 -> 0.5275 | O27: =(1-$C$56)*O82+$C$56*O102 -> 0.2275 | P27: =(1-$C$56)*P82+$C$56*P102 -> 0.2275 | Q27: =(1-$C$56)*Q82+$C$56*Q102 -> 0.2275 | ... Y27: =(1-$C$56)*Y82+$C$56*Y102 -> 0.5275
A28: Windows_ Nonres (F1) | B28: =Prototype!$A$2 -> ApartmentMidRise | C28: FixedWindow_NonRes | D28: CBECS 2018 shows that ~58% of Large Hotels that were built before 2000 are single pane | E28: U factor | F28: Pre 1978 | G28: N/A | I28: =I18 -> ASHRAE Handbook of Fundamentals for single pane & T24, 2013 for double pane (58%-42%) | J28: =1.12*0.58+J$31*0.42 -> 0.8008 | K28: =1.12*0.58+K$31*0.42 -> 0.8008 | L28: =1.12*0.58+L$31*0.42 -> 0.8008 | M28: =1.12*0.58+M$31*0.42 -> 0.8008 | N28: =1.12*0.58+N$31*0.42 -> 0.8008 | O28: =1.12*0.58+O$31*0.42 -> 0.8008 | P28: =1.12*0.58+P$31*0.42 -> 0.8008 | Q28: =1.12*0.58+Q$31*0.42 -> 0.8008 | ... Y28: =1.12*0.58+Y$31*0.42 -> 0.8008
F29: 1978-1997 | G29: N/A | J29: =1.12*0.58+J$31*0.42 -> 0.8008 | K29: =1.12*0.58+K$31*0.42 -> 0.8008 | L29: =1.12*0.58+L$31*0.42 -> 0.8008 | M29: =1.12*0.58+M$31*0.42 -> 0.8008 | N29: =1.12*0.58+N$31*0.42 -> 0.8008 | O29: =1.12*0.58+O$31*0.42 -> 0.8008 | P29: =1.12*0.58+P$31*0.42 -> 0.8008 | Q29: =1.12*0.58+Q$31*0.42 -> 0.8008 | ... Y29: =1.12*0.58+Y$31*0.42 -> 0.8008
D30: Double pane | F30: 1998-2007 | G30: 2001 | I30: Table1-H | J30: 0.49 | K30: 0.49 | L30: 0.49 | M30: 0.49 | N30: 0.49 | O30: 0.49 | P30: 0.49 | Q30: 0.49 | R30: 0.49 | S30: 0.49 | T30: 0.49 | U30: 0.49 | V30: 0.49 | W30: 0.49 | X30: 0.49 | Y30: 0.49
F31: 2008-2018 | G31: 2013 | I31: Table 140.3-B | J31: =J86 -> 0.36 | K31: =K86 -> 0.36 | L31: =L86 -> 0.36 | M31: =M86 -> 0.36 | N31: =N86 -> 0.36 | O31: =O86 -> 0.36 | P31: =P86 -> 0.36 | Q31: =Q86 -> 0.36 | ... Y31: =Y86 -> 0.36
F32: 2019+ | G32: 2025 | I32: Table 140.3-B | J32: =J87 -> 0.36 | K32: =K87 -> 0.36 | L32: =L87 -> 0.36 | M32: =M87 -> 0.36 | N32: =N87 -> 0.36 | O32: =O87 -> 0.36 | P32: =P87 -> 0.36 | Q32: =Q87 -> 0.36 | ... Y32: =Y87 -> 0.36
D33: CBECS 2018 shows that ~58% of Large Hotels that were built before 2000 are single pane | E33: SHGC | F33: Pre 1978 | G33: N/A | I33: =I18 -> ASHRAE Handbook of Fundamentals for single pane & T24, 2013 for double pane (58%-42%) | J33: =0.79*0.58+J$36*0.42 -> 0.5632 | K33: =0.79*0.58+K$36*0.42 -> 0.5632 | L33: =0.79*0.58+L$36*0.42 -> 0.5632 | M33: =0.79*0.58+M$36*0.42 -> 0.5632 | N33: =0.79*0.58+N$36*0.42 -> 0.5632 | O33: =0.79*0.58+O$36*0.42 -> 0.5632 | P33: =0.79*0.58+P$36*0.42 -> 0.5632 | Q33: =0.79*0.58+Q$36*0.42 -> 0.5632 | ... Y33: =0.79*0.58+Y$36*0.42 -> 0.5632
F34: 1978-1997 | G34: N/A | J34: =0.79*0.58+J$36*0.42 -> 0.5632 | K34: =0.79*0.58+K$36*0.42 -> 0.5632 | L34: =0.79*0.58+L$36*0.42 -> 0.5632 | M34: =0.79*0.58+M$36*0.42 -> 0.5632 | N34: =0.79*0.58+N$36*0.42 -> 0.5632 | O34: =0.79*0.58+O$36*0.42 -> 0.5632 | P34: =0.79*0.58+P$36*0.42 -> 0.5632 | Q34: =0.79*0.58+Q$36*0.42 -> 0.5632 | ... Y34: =0.79*0.58+Y$36*0.42 -> 0.5632
D35: Double pane | F35: 1998-2007 | G35: 2001 | I35: Table 1-H (based on non north with WWR 30-40% ) | J35: =J122 -> 0.43 | K35: =K122 -> 0.31 | L35: =L122 -> 0.41 | M35: =M122 -> 0.41 | N35: =N122 -> 0.41 | O35: =O122 -> 0.34 | P35: =P122 -> 0.34 | Q35: =Q122 -> 0.34 | ... Y35: =Y122 -> 0.43
F36: 2008-2018 | G36: 2013 | I36: Table 140.3-B (100% fixed, 0% operable) | J36: =J91 -> 0.25 | K36: =K91 -> 0.25 | L36: =L91 -> 0.25 | M36: =M91 -> 0.25 | N36: =N91 -> 0.25 | O36: =O91 -> 0.25 | P36: =P91 -> 0.25 | Q36: =Q91 -> 0.25 | ... Y36: =Y91 -> 0.25
F37: 2019+ | G37: 2025 | I37: Table 140.3-B (100% fixed, 0% operable) | J37: =J92 -> 0.25 | K37: =K92 -> 0.25 | L37: =L92 -> 0.25 | M37: =M92 -> 0.25 | N37: =N92 -> 0.25 | O37: =O92 -> 0.25 | P37: =P92 -> 0.25 | Q37: =Q92 -> 0.25 | ... Y37: =Y92 -> 0.25
A38: * Based on PNNL scorecard assumption.
E41: Infiltration
F42: Vintage | G42: Source | H42: Res/NR | I42: ACH50
E43: Infiltration | F43: Pre 1978 | G43: DOE reference buildings (pre/post 1980 | H43: All | I43: 3.97
F44: 1978-1997
F45: 1998-2007
F46: 2008-2018
F47: 2019+ | G47: 2025 Nonresidential and Multifamily ACM §6.6 / §6.6.1 | H47: Res | I47: 2.3
F48: 2019+ | H48: NR | I48: 7
E49: Multifamily infiltration is modeled differently compared to other nonresidential models. Specifically, according to 2025 Nonresidentail and Multifamily ACM, infilitration is modeled per ACH 50 metrics.
E50: -
A53: Background Data [To be deleted prior to publication]
A56: Percentage of operable to fix windows | C56: 0.25
E57: Existing stock infiltration assumptions | F57: Perimeter | G57: =(180+155)*2+(88*2) -> 846 | I57: ft
F58: Area | G58: =(67*180)+(88*60*2) -> 22620 | I58: ft2
F59: Stories = 5 → total height = 50 ft (10 ft/floor)
F60: Wall area = 846 × 50 = 42,300 ft² (= 3,929.80 m²)
F61: Roof area = 22,620 ft² (= 2,101.47 m²)
F62: Exterior area (walls + roof) = 64,920 ft² (= 6,031.27 m²)
F63: Volume (with updated footprint): 22,620 × 50 = 1,131,000 ft³ (= 32,026.35 m³)
F64: Q=0.001133×6,031.27=6.833 m3/s (≈ 14,479 cfm) | I64: Reference: DOE Commercial Reference Building: Flow per Exterior Surface Area {m3/s-m2}
F65: ACH (natural/operational) | G65: ACH=Q×3600​/V | I65: Walls + roof: 0.768 h−1
F66: ACH₅₀ (at 50 Pa) | G66: ACH50​=ACHnat​*(50/4​)^0.65 | I66: 3.97 h−1
A73: Windows_Dwelling Units | B73: Mid-Rise Apartment | C73: Fixed Windows | D73: U factor | F73: Pre 1978 | G73: N/A
F74: 1978-1997 | G74: 1984
F75: 1998-2007 | G75: 2001 | J75: 0.49 | K75: 0.49 | L75: 0.49 | M75: 0.49 | N75: 0.49 | O75: 0.49 | P75: 0.49 | Q75: 0.49 | R75: 0.49 | S75: 0.49 | T75: 0.49 | U75: 0.49 | V75: 0.49 | W75: 0.49 | X75: 0.49 | Y75: 0.49
F76: 2008-2018 | G76: 2013 | J76: 0.36 | K76: 0.36 | L76: 0.36 | M76: 0.36 | N76: 0.36 | O76: 0.36 | P76: 0.36 | Q76: 0.36 | R76: 0.36 | S76: 0.36 | T76: 0.36 | U76: 0.36 | V76: 0.36 | W76: 0.36 | X76: 0.36 | Y76: 0.36
F77: 2019+ | G77: 2025 | J77: 0.28 | K77: 0.3 | L77: 0.28 | M77: 0.28 | N77: 0.28 | O77: 0.34 | P77: 0.34 | Q77: 0.3 | R77: 0.3 | S77: 0.3 | T77: 0.28 | U77: 0.3 | V77: 0.28 | W77: 0.28 | X77: 0.28 | Y77: 0.28
D78: SHGC | F78: Pre 1978 | G78: N/A
F79: 1978-1997 | G79: 1984
F80: 1998-2007 | G80: 2001 | I80: TABLE 1-I (50% north with WWR 20-30% + 50% non north with WWR 30-40% ) | J80: =0.5*J116+0.5*J118 -> 0.385 | K80: =0.5*K116+0.5*K118 -> 0.33 | L80: =0.5*L116+0.5*L118 -> 0.435 | M80: =0.5*M116+0.5*M118 -> 0.435 | N80: =0.5*N116+0.5*N118 -> 0.435 | O80: =0.5*O116+0.5*O118 -> 0.46 | P80: =0.5*P116+0.5*P118 -> 0.46 | Q80: =0.5*Q116+0.5*Q118 -> 0.46 | ... Y80: =0.5*Y116+0.5*Y118 -> 0.385
F81: 2008-2018 | G81: 2013 | J81: 0.25 | K81: 0.25 | L81: 0.25 | M81: 0.25 | N81: 0.25 | O81: 0.25 | P81: 0.25 | Q81: 0.25 | R81: 0.25 | S81: 0.25 | T81: 0.25 | U81: 0.25 | V81: 0.25 | W81: 0.25 | X81: 0.25 | Y81: 0.25
F82: 2019+ | G82: 2025 | J82: 0.63 | K82: 0.23 | L82: 0.63 | M82: 0.23 | N82: 0.63 | O82: 0.23 | P82: 0.23 | Q82: 0.23 | R82: 0.23 | S82: 0.23 | T82: 0.23 | U82: 0.23 | V82: 0.23 | W82: 0.23 | X82: 0.23 | Y82: 0.63
A83: Windows_ Nonres | D83: U factor | F83: Pre 1978 | G83: N/A
F84: 1978-1997 | G84: 1984
F85: 1998-2007 | G85: 2001 | J85: 0.49 | K85: 0.49 | L85: 0.81 | M85: 0.81 | N85: 0.81 | O85: 0.81 | P85: 0.81 | Q85: 0.81 | R85: 0.81 | S85: 0.49 | T85: 0.49 | U85: 0.49 | V85: 0.49 | W85: 0.49 | X85: 0.49 | Y85: 0.49
F86: 2008-2018 | G86: 2013 | J86: 0.36 | K86: 0.36 | L86: 0.36 | M86: 0.36 | N86: 0.36 | O86: 0.36 | P86: 0.36 | Q86: 0.36 | R86: 0.36 | S86: 0.36 | T86: 0.36 | U86: 0.36 | V86: 0.36 | W86: 0.36 | X86: 0.36 | Y86: 0.36
F87: 2019+ | G87: 2025 | J87: 0.36 | K87: 0.36 | L87: 0.36 | M87: 0.36 | N87: 0.36 | O87: 0.36 | P87: 0.36 | Q87: 0.36 | R87: 0.34 | S87: 0.36 | T87: 0.34 | U87: 0.34 | V87: 0.34 | W87: 0.34 | X87: 0.34 | Y87: 0.36
D88: SHGC | F88: Pre 1978 | G88: N/A
F89: 1978-1997 | G89: 1984
F90: 1998-2007 | G90: 2001 | J90: =0.5*J120+0.5*J122 -> 0.45 | K90: =0.5*K120+0.5*K122 -> 0.39 | L90: =0.5*L120+0.5*L122 -> 0.51 | M90: =0.5*M120+0.5*M122 -> 0.51 | N90: =0.5*N120+0.5*N122 -> 0.51 | O90: =0.5*O120+0.5*O122 -> 0.475 | P90: =0.5*P120+0.5*P122 -> 0.475 | Q90: =0.5*Q120+0.5*Q122 -> 0.475 | ... Y90: =0.5*Y120+0.5*Y122 -> 0.45
F91: 2008-2018 | G91: 2013 | J91: 0.25 | K91: 0.25 | L91: 0.25 | M91: 0.25 | N91: 0.25 | O91: 0.25 | P91: 0.25 | Q91: 0.25 | R91: 0.25 | S91: 0.25 | T91: 0.25 | U91: 0.25 | V91: 0.25 | W91: 0.25 | X91: 0.25 | Y91: 0.25
F92: 2019+ | G92: 2025 | J92: 0.25 | K92: 0.25 | L92: 0.25 | M92: 0.25 | N92: 0.25 | O92: 0.25 | P92: 0.25 | Q92: 0.25 | R92: 0.22 | S92: 0.25 | T92: 0.22 | U92: 0.22 | V92: 0.22 | W92: 0.22 | X92: 0.22 | Y92: 0.25
A93: Windows_Dwelling Units | C93: Operable Windows | D93: U factor | F93: Pre 1978 | G93: N/A
F94: 1978-1997 | G94: 1984
F95: 1998-2007 | G95: 2001 | J95: =J75 -> 0.49 | K95: =K75 -> 0.49 | L95: =L75 -> 0.49 | M95: =M75 -> 0.49 | N95: =N75 -> 0.49 | O95: =O75 -> 0.49 | P95: =P75 -> 0.49 | Q95: =Q75 -> 0.49 | ... Y95: =Y75 -> 0.49
F96: 2008-2018 | G96: 2013 | J96: 0.46 | K96: 0.46 | L96: 0.46 | M96: 0.46 | N96: 0.46 | O96: 0.46 | P96: 0.46 | Q96: 0.46 | R96: 0.46 | S96: 0.46 | T96: 0.46 | U96: 0.46 | V96: 0.46 | W96: 0.46 | X96: 0.46 | Y96: 0.46
F97: 2019+ | G97: 2025 | J97: 0.46 | K97: 0.46 | L97: 0.46 | M97: 0.46 | N97: 0.46 | O97: 0.46 | P97: 0.46 | Q97: 0.46 | R97: 0.46 | S97: 0.46 | T97: 0.46 | U97: 0.46 | V97: 0.46 | W97: 0.46 | X97: 0.46 | Y97: 0.46
D98: SHGC | F98: Pre 1978 | G98: N/A
F99: 1978-1997 | G99: 1984
F100: 1998-2007 | G100: 2001 | I100: TABLE 1-I (50% north with WWR 20-30% + 50% non north with WWR 30-40%) | J100: =J80 -> 0.385 | K100: =K80 -> 0.33 | L100: =L80 -> 0.435 | M100: =M80 -> 0.435 | N100: =N80 -> 0.435 | O100: =O80 -> 0.46 | P100: =P80 -> 0.46 | Q100: =Q80 -> 0.46 | ... Y100: =Y80 -> 0.385
F101: 2008-2018 | G101: 2013 | J101: 0.22 | K101: 0.22 | L101: 0.22 | M101: 0.22 | N101: 0.22 | O101: 0.22 | P101: 0.22 | Q101: 0.22 | R101: 0.22 | S101: 0.22 | T101: 0.22 | U101: 0.22 | V101: 0.22 | W101: 0.22 | X101: 0.22 | Y101: 0.22
F102: 2019+ | G102: 2025 | J102: 0.22 | K102: 0.22 | L102: 0.22 | M102: 0.22 | N102: 0.22 | O102: 0.22 | P102: 0.22 | Q102: 0.22 | R102: 0.22 | S102: 0.22 | T102: 0.22 | U102: 0.22 | V102: 0.22 | W102: 0.22 | X102: 0.22 | Y102: 0.22
A103: Windows_ Nonres | D103: U factor | F103: Pre 1978 | G103: N/A
F104: 1978-1997 | G104: 1984
F105: 1998-2007 | G105: 2001 | I105: TABLE 1-H (50% north with WWR 20-30% + 50% non north with WWR 30-40% ) | J105: 0.49 | K105: 0.49 | L105: 0.81 | M105: 0.81 | N105: 0.81 | O105: 0.81 | P105: 0.81 | Q105: 0.81 | R105: 0.81 | S105: 0.49 | T105: 0.49 | U105: 0.49 | V105: 0.49 | W105: 0.49 | X105: 0.49 | Y105: 0.49
F106: 2008-2018 | G106: 2013 | J106: 0.46 | K106: 0.46 | L106: 0.46 | M106: 0.46 | N106: 0.46 | O106: 0.46 | P106: 0.46 | Q106: 0.46 | R106: 0.46 | S106: 0.46 | T106: 0.46 | U106: 0.46 | V106: 0.46 | W106: 0.46 | X106: 0.46 | Y106: 0.46
F107: 2019+ | G107: 2025 | J107: 0.46 | K107: 0.46 | L107: 0.46 | M107: 0.46 | N107: 0.46 | O107: 0.46 | P107: 0.46 | Q107: 0.46 | R107: 0.46 | S107: 0.46 | T107: 0.46 | U107: 0.46 | V107: 0.46 | W107: 0.46 | X107: 0.46 | Y107: 0.46
D108: SHGC | F108: Pre 1978 | G108: N/A
F109: 1978-1997 | G109: 1984
F110: 1998-2007 | G110: 2001 | I110: TABLE 1-H (50% north with WWR 20-30% + 50% non north with WWR 30-40% ) | J110: =J90 -> 0.45 | K110: =K90 -> 0.39 | L110: =L90 -> 0.51 | M110: =M90 -> 0.51 | N110: =N90 -> 0.51 | O110: =O90 -> 0.475 | P110: =P90 -> 0.475 | Q110: =Q90 -> 0.475 | ... Y110: =Y90 -> 0.45
F111: 2008-2018 | G111: 2013 | J111: 0.22 | K111: 0.22 | L111: 0.22 | M111: 0.22 | N111: 0.22 | O111: 0.22 | P111: 0.22 | Q111: 0.22 | R111: 0.22 | S111: 0.22 | T111: 0.22 | U111: 0.22 | V111: 0.22 | W111: 0.22 | X111: 0.22 | Y111: 0.22
F112: 2019+ | G112: 2025 | J112: 0.22 | K112: 0.22 | L112: 0.22 | M112: 0.22 | N112: 0.22 | O112: 0.22 | P112: 0.22 | Q112: 0.22 | R112: 0.22 | S112: 0.22 | T112: 0.22 | U112: 0.22 | V112: 0.22 | W112: 0.22 | X112: 0.22 | Y112: 0.22
...

Sheet HVAC System
A1: ="HVAC system - "&Prototype!A2 -> HVAC system - ApartmentMidRise
A2: Vintage | B2: Space Type | C2: Heating | D2: Cooling | E2: Air Distribution | F2: Source
A3: Existing | B3: Residential Tenant and common | C3: SZAC (Furnace) | D3: SZAC (DX) | E3: CAV | F3: ResStock 2022 & T24 (2008, 2013)
B4: Non-Residential Tenant (Retail) | C4: PVAV (Gas Boiler & hot water reheat) | D4: PVAV (DX) | E4: VAV | F4: ResStock 2022 & T24 (2008, 2013)
A5: New Construction | B5: Residential Tenant and common | C5: SZHP (DX) | D5: SZHP (DX) | E5: CAV | F5: T24 2025
B6: Non-Residential Tenant (Retail) | C6: PVAV (Gas Boiler & hot water reheat) | D6: PVAV (DX) | E6: VAV
A7: *Based on NR ACM 2025 - Table 26
A10: Efficiency of HVAC system
A11: Vintage | B11: Upgrade/Installed year | C11: Heating | D11: Cooling | E11: Source
A12: Pre 1978 | B12: 2008 | C12: Efficiency 80% (78% AFUE) | D12: EER=9 (<65,000 Btu/h) RES SEER: 13 | E12: T24, 2008 / 10 CFR Part 430, §430.32(c)(2)
A13: 1978-1997
A14: 1998-2007
A15: 2008-2018 | B15: 2013 | C15: Efficiency 80% (78% AFUE) | D15: EER=9 (<65,000 Btu/h) RES: SEER 13 (<65k) | E15: CFR Energy 2010:Title 10- Table 9
A16: New Construction | B16: 2025 | C16: RES: HSPF2:7.5 For SZHPDF: Furnace efficiency: 80% | D16: SEER2: 14.3 | E16: Title 20, 2023 Table E-6
C17: Non-Res: For ≥65k and <135k Btu/h: 11.0 EER and 14.1 IEER | D17: 11.0 EER, 14.1 IEER Dual Fuel: 10.8 EER, 13.9 IEER | E17: Title 24, 2025 able 110.2 footnote a
A20: Fan power
A21: Vintage | B21: Approach | C21: System | D21: Total Static Pressure (TSP) (in w.c.) [PNNL 20405, 2010, Table 5.11] | E21: Fan Efficiency [ACM 2025] | F21: Fan Motor and Drive Efficiency [ACM 2025, Table 14] | G21: W/cfm [ACM 2025, Table 15] | H21: Data Source | I21: Note
A22: Existing | B22: PNNL TSP | C22: VAV System >4,648 cfm | D22: 5.58 | E22: 0.65 | F22: The full-load efficiency of the motor serving the fan- will be determined based on ACM 2025, Table 14 | H22: ACM 2025, PNNL 2010 TSD
C23: SZAC/SZHP | D23: 1.33 | E23: 0.65
A24: Break horse power (bhp)=(Supply cfm*TSP in w.c.)/(6356*Fan efficiency)
A25: Fan power (w/cfm) = bhp/motor and drive efficiency *746
A26: New Construction | B26: ACM 2025 | C26: VAV System >4,648 cfm | D26: =G26*F26*E26/746*6356 -> 5.0490582 | E26: 0.65 | F26: 0.9 | G26: 1.013 | H26: ACM 2025 - Table 14 | I26: 5,000 <cfm; ≤ 10,000 cfm
C27: SZAC | D27: =G27*F26*E26/746*6356 -> 3.8877249 | G27: 0.78
C28: SZHP | D28: =G28*F26*E26/746*6356 -> 3.5886692 | G28: 0.72
A31: Background Data [To be deleted prior to publication]

Sheet Thermostat
A1: ="Thermostat Setpoints - "&Prototype!A2 & ":ResidentialLiving & ResidentialCommon" -> Thermostat Setpoints - ApartmentMidRise :ResidentialLiving & ResidentialCommon
A2: Setpoint | B2: CZ1 | C2: CZ2 | D2: CZ3 | E2: CZ4 | F2: CZ5 | G2: CZ6 | H2: CZ7 | I2: CZ8 | J2: CZ9 | K2: CZ10 | L2: CZ11 | M2: CZ12 | N2: CZ13 | O2: CZ14 | P2: CZ15 | Q2: CZ16 | R2: Source
A3: School Heating Setpoint (F) | B3: 68 | C3: 68 | D3: 68 | E3: 68 | F3: 68 | G3: 68 | H3: 68 | I3: 68 | J3: 68 | K3: 68 | L3: 68 | M3: 68 | N3: 68 | O3: 68 | P3: 68 | Q3: 68 | R3: T24 2025 - Appendix 5.4B
A4: School Heating Setback (F) | B4: 60 | C4: 60 | D4: 60 | E4: 60 | F4: 60 | G4: 60 | H4: 60 | I4: 60 | J4: 60 | K4: 60 | L4: 60 | M4: 60 | N4: 60 | O4: 60 | P4: 60 | Q4: 60
A5: School Cooling Setpoint (F) | B5: 78 | C5: 78 | D5: 78 | E5: 78 | F5: 78 | G5: 78 | H5: 78 | I5: 78 | J5: 78 | K5: 78 | L5: 78 | M5: 78 | N5: 78 | O5: 78 | P5: 78 | Q5: 78 | R5: T24 2025 - Appendix 5.4B
A6: School Cooling Setback (F) | B6: 78 | C6: 78 | D6: 78 | E6: 78 | F6: 78 | G6: 78 | H6: 78 | I6: 78 | J6: 78 | K6: 78 | L6: 78 | M6: 78 | N6: 78 | O6: 78 | P6: 78 | Q6: 78
A8: ="Thermostat Setpoints - "&Prototype!A2 & ":Retail" -> Thermostat Setpoints - ApartmentMidRise :Retail
A9: Setpoint | B9: CZ1 | C9: CZ2 | D9: CZ3 | E9: CZ4 | F9: CZ5 | G9: CZ6 | H9: CZ7 | I9: CZ8 | J9: CZ9 | K9: CZ10 | L9: CZ11 | M9: CZ12 | N9: CZ13 | O9: CZ14 | P9: CZ15 | Q9: CZ16 | R9: Source
A10: Heating Setpoint (F) | B10: 70 | C10: 70 | D10: 70 | E10: 70 | F10: 70 | G10: 70 | H10: 70 | I10: 70 | J10: 70 | K10: 70 | L10: 70 | M10: 70 | N10: 70 | O10: 70 | P10: 70 | Q10: 70 | R10: T24 2022 - Appendix 5.4B
A11: Heating Setback (F) | B11: 60 | C11: 60 | D11: 60 | E11: 60 | F11: 60 | G11: 60 | H11: 60 | I11: 60 | J11: 60 | K11: 60 | L11: 60 | M11: 60 | N11: 60 | O11: 60 | P11: 60 | Q11: 60
A12: Cooling Setpoint (F) | B12: 75 | C12: 75 | D12: 75 | E12: 75 | F12: 75 | G12: 75 | H12: 75 | I12: 75 | J12: 75 | K12: 75 | L12: 75 | M12: 75 | N12: 75 | O12: 75 | P12: 75 | Q12: 75
A13: Cooling Setback (F) | B13: 85 | C13: 85 | D13: 85 | E13: 85 | F13: 85 | G13: 85 | H13: 85 | I13: 85 | J13: 85 | K13: 85 | L13: 85 | M13: 85 | N13: 85 | O13: 85 | P13: 85 | Q13: 85

Sheet Ventilation
A1: ="Outdoor Airflow Rate - "&Prototype!A2 -> Outdoor Airflow Rate - ApartmentMidRise
A2: Space Thermal Zone | B2: Number of People | C2: Floor Area (ft2) | D2: cfm/person (T24, 2025, Equation 120.1-F and Table 120.1-A) | E2: cfm (whole-dwelling continuous mechanical ventilation rate) Res: Equation 160.2-B | F2: cfm/ft² (T24, 2025, Equation 120.1-F and Table 120.1-A) | G2: Required Exhaust Rate-CFM/ft²- (T24, 2025, Table 120.1-B – Minimum Exhaust Rates) | H2: Total cfm Driven by People | I2: Total cfm Driven by Area | J2: Total cfm Driven by Exhaust | K2: Total cfm | L2: Note
A3: =Zones!B3 -> F1 BUSINESS CENTER | B3: =Zones!M3 -> 24.003867 | C3: =Zones!J3 -> 360.04 | D3: 15 | F3: 0.15 | H3: =B3*D3 -> 360.058 | I3: =C3*F3 -> 54.006 | K3: =MAX(H3:J3) -> 360.058
A4: =Zones!B4 -> F1 CORRIDOR | B4: =Zones!M4 -> 19.2019 | C4: =Zones!J4 -> 1920.19 | D4: 15 | F4: 0.15 | H4: =B4*D4 -> 288.0285 | I4: =C4*F4 -> 288.0285 | K4: =MAX(H4:J4) -> 288.0285
A5: =Zones!B5 -> F1 FITNESS CENTER | B5: =Zones!M5 -> 18.0018 | C5: =Zones!J5 -> 900.09 | D5: 15 | F5: 0.15 | H5: =B5*D5 -> 270.027 | I5: =C5*F5 -> 135.0135 | K5: =MAX(H5:J5) -> 270.027
A6: =Zones!B6 -> F1 LEASING OFFICE | B6: =Zones!M6 -> 3.4503 | C6: =Zones!J6 -> 345.03 | D6: 15 | F6: 0.15 | H6: =B6*D6 -> 51.7545 | I6: =C6*F6 -> 51.7545 | K6: =MAX(H6:J6) -> 51.7545
A7: =Zones!B7 -> F1 LOUNGE | B7: =Zones!M7 -> 70.04167 | C7: =Zones!J7 -> 1050.1 | D7: 15 | F7: 0.15 | H7: =B7*D7 -> 1050.625 | I7: =C7*F7 -> 157.515 | K7: =MAX(H7:J7) -> 1050.625
A8: =Zones!B8 -> F1 MECHANICAL ROOM | B8: =Zones!M8 -> 1.29612 | C8: =Zones!J8 -> 432.04 | D8: 15 | F8: 0.15 | H8: =B8*D8 -> 19.4418 | I8: =C8*F8 -> 64.806 | K8: =MAX(H8:J8) -> 64.806
A9: =Zones!B9 -> F1 RETAIL N-NW | B9: =Zones!M9 -> 99.759667 | C9: =Zones!J9 -> 5985.58 | D9: 15 | F9: 0.15 | H9: =B9*D9 -> 1496.395 | I9: =C9*F9 -> 897.837 | K9: =MAX(H9:J9) -> 1496.395
A10: =Zones!B10 -> F1 RETAIL NE | B10: =Zones!M10 -> 72.007 | C10: =Zones!J10 -> 4320.42 | D10: 15 | F10: 0.15 | H10: =B10*D10 -> 1080.105 | I10: =C10*F10 -> 648.063 | K10: =MAX(H10:J10) -> 1080.105
A11: =Zones!B11 -> F1 RETAIL SE | B11: =Zones!M11 -> 48.004667 | C11: =Zones!J11 -> 2880.28 | D11: 15 | F11: 0.15 | H11: =B11*D11 -> 720.07 | I11: =C11*F11 -> 432.042 | K11: =MAX(H11:J11) -> 720.07
A12: =Zones!B12 -> F1 RETAIL SW | B12: =Zones!M12 -> 73.807167 | C12: =Zones!J12 -> 4428.43 | D12: 15 | F12: 0.15 | H12: =B12*D12 -> 1107.1075 | I12: =C12*F12 -> 664.2645 | K12: =MAX(H12:J12) -> 1107.1075
A13: =Zones!B13 -> F2-4 1-BED CORE EAST | B13: =Zones!M13 -> 7.2007 | C13: =Zones!J13 -> 1440.14 | D13: NA | E13: =0.03*C13+7.5*(1+Zones!E13) -> 73.2042 | I13: =E13 -> 73.2042 | J13: =I13 -> 73.2042 | K13: =MAX(H13:J13) -> 73.2042 | L13: Balanced IAQ fan - only applies to new construction
A14: =Zones!B14 -> F2-4 1-BED CORE N | B14: =Zones!M14 -> 3.60035 | C14: =Zones!J14 -> 720.07 | D14: NA | E14: =0.03*C14+7.5*(1+Zones!E14) -> 51.6021 | I14: =E14 -> 51.6021 | J14: =I14 -> 51.6021 | K14: =MAX(H14:J14) -> 51.6021 | L14: Balanced IAQ fan - only applies to new construction
A15: =Zones!B15 -> F2-4 1-BED CORE WEST | B15: =Zones!M15 -> 7.2007 | C15: =Zones!J15 -> 1440.14 | D15: NA | E15: =0.03*C15+7.5*(1+Zones!E15) -> 73.2042 | I15: =E15 -> 73.2042 | J15: =I15 -> 73.2042 | K15: =MAX(H15:J15) -> 73.2042 | L15: Balanced IAQ fan - only applies to new construction
A16: =Zones!B16 -> F2-4 1-BED NORTH | B16: =Zones!M16 -> 18.6018 | C16: =Zones!J16 -> 3720.36 | D16: NA | E16: =0.03*C16+7.5*(1+Zones!E16) -> 141.6108 | I16: =E16 -> 141.6108 | J16: =I16 -> 141.6108 | K16: =MAX(H16:J16) -> 141.6108 | L16: Balanced IAQ fan - only applies to new construction
A17: =Zones!B17 -> F2-4 2-BED CORE NE-NW | B17: =Zones!M17 -> 10.80105 | C17: =Zones!J17 -> 2160.21 | D17: NA | E17: =0.03*C17+7.5*(1+Zones!E17) -> 94.8063 | I17: =E17 -> 94.8063 | J17: =I17 -> 94.8063 | K17: =MAX(H17:J17) -> 94.8063 | L17: Balanced IAQ fan - only applies to new construction
A18: =Zones!B18 -> F2-4 2-BED EAST | B18: =Zones!M18 -> 16.2016 | C18: =Zones!J18 -> 3240.32 | D18: NA | E18: =0.03*C18+7.5*(1+Zones!E18) -> 127.2096 | I18: =E18 -> 127.2096 | J18: =I18 -> 127.2096 | K18: =MAX(H18:J18) -> 127.2096 | L18: Balanced IAQ fan - only applies to new construction
A19: =Zones!B19 -> F2-4 2-BED WEST | B19: =Zones!M19 -> 16.2016 | C19: =Zones!J19 -> 3240.32 | D19: NA | E19: =0.03*C19+7.5*(1+Zones!E19) -> 127.2096 | I19: =E19 -> 127.2096 | J19: =I19 -> 127.2096 | K19: =MAX(H19:J19) -> 127.2096 | L19: Balanced IAQ fan - only applies to new construction
A20: =Zones!B20 -> F2-4 3-BED NE | B20: =Zones!M20 -> 7.0507 | C20: =Zones!J20 -> 1410.14 | D20: NA | E20: =0.03*C20+7.5*(1+Zones!E20) -> 72.3042 | I20: =E20 -> 72.3042 | J20: =I20 -> 72.3042 | K20: =MAX(H20:J20) -> 72.3042 | L20: Balanced IAQ fan - only applies to new construction
A21: =Zones!B21 -> F2-4 3-BED NW | B21: =Zones!M21 -> 7.0507 | C21: =Zones!J21 -> 1410.14 | D21: NA | E21: =0.03*C21+7.5*(1+Zones!E21) -> 72.3042 | I21: =E21 -> 72.3042 | J21: =I21 -> 72.3042 | K21: =MAX(H21:J21) -> 72.3042 | L21: Balanced IAQ fan - only applies to new construction
A22: =Zones!B22 -> F2-4 CORRIDOR | B22: =Zones!M22 -> 25.8025 | C22: =Zones!J22 -> 2580.25 | D22: 15 | F22: 0.15 | H22: =B22*D22 -> 387.0375 | I22: =C22*F22 -> 387.0375 | K22: =MAX(H22:J22) -> 387.0375
A23: =Zones!B23 -> F2-4 LAUNDRY | B23: =Zones!M23 -> 1.8002 | C23: =Zones!J23 -> 180.02 | D23: 15 | F23: 0.15 | H23: =B23*D23 -> 27.003 | I23: =C23*F23 -> 27.003 | K23: =MAX(H23:J23) -> 27.003
A24: =Zones!B24 -> F2-4 STUDIO SE | B24: =Zones!M24 -> 2.70025 | C24: =Zones!J24 -> 540.05 | D24: NA | E24: =0.03*C24+7.5*(1+Zones!E24) -> 46.2015 | I24: =E24 -> 46.2015 | J24: =I24 -> 46.2015 | K24: =MAX(H24:J24) -> 46.2015 | L24: Balanced IAQ fan - only applies to new construction
A25: =Zones!B25 -> F2-4 STUDIO SW | B25: =Zones!M25 -> 2.70025 | C25: =Zones!J25 -> 540.05 | D25: NA | E25: =0.03*C25+7.5*(1+Zones!E25) -> 46.2015 | I25: =E25 -> 46.2015 | J25: =I25 -> 46.2015 | K25: =MAX(H25:J25) -> 46.2015 | L25: Balanced IAQ fan - only applies to new construction
A26: =Zones!B26 -> F5 1-BED CORE EAST | B26: =Zones!M26 -> 7.2007 | C26: =Zones!J26 -> 1440.14 | D26: NA | E26: =0.03*C26+7.5*(1+Zones!E26) -> 58.2042 | I26: =E26 -> 58.2042 | J26: =I26 -> 58.2042 | K26: =MAX(H26:J26) -> 58.2042 | L26: Balanced IAQ fan - only applies to new construction
A27: =Zones!B27 -> F5 1-BED CORE N | B27: =Zones!M27 -> 3.60035 | C27: =Zones!J27 -> 720.07 | D27: NA | E27: =0.03*C27+7.5*(1+Zones!E27) -> 36.6021 | I27: =E27 -> 36.6021 | J27: =I27 -> 36.6021 | K27: =MAX(H27:J27) -> 36.6021 | L27: Balanced IAQ fan - only applies to new construction
A28: =Zones!B28 -> F5 1-BED CORE WEST | B28: =Zones!M28 -> 7.2007 | C28: =Zones!J28 -> 1440.14 | D28: NA | E28: =0.03*C28+7.5*(1+Zones!E28) -> 58.2042 | I28: =E28 -> 58.2042 | J28: =I28 -> 58.2042 | K28: =MAX(H28:J28) -> 58.2042 | L28: Balanced IAQ fan - only applies to new construction
A29: =Zones!B29 -> F5 1-BED NORTH | B29: =Zones!M29 -> 18.6018 | C29: =Zones!J29 -> 3720.36 | D29: NA | E29: =0.03*C29+7.5*(1+Zones!E29) -> 126.6108 | I29: =E29 -> 126.6108 | J29: =I29 -> 126.6108 | K29: =MAX(H29:J29) -> 126.6108 | L29: Balanced IAQ fan - only applies to new construction
A30: =Zones!B30 -> F5 2-BED CORE NE-NW | B30: =Zones!M30 -> 10.80105 | C30: =Zones!J30 -> 2160.21 | D30: NA | E30: =0.03*C30+7.5*(1+Zones!E30) -> 79.8063 | I30: =E30 -> 79.8063 | J30: =I30 -> 79.8063 | K30: =MAX(H30:J30) -> 79.8063 | L30: Balanced IAQ fan - only applies to new construction
A31: =Zones!B31 -> F5 2-BED EAST | B31: =Zones!M31 -> 16.2016 | C31: =Zones!J31 -> 3240.32 | D31: NA | E31: =0.03*C31+7.5*(1+Zones!E31) -> 112.2096 | I31: =E31 -> 112.2096 | J31: =I31 -> 112.2096 | K31: =MAX(H31:J31) -> 112.2096 | L31: Balanced IAQ fan - only applies to new construction
A32: =Zones!B32 -> F5 2-BED WEST | B32: =Zones!M32 -> 16.2016 | C32: =Zones!J32 -> 3240.32 | D32: NA | E32: =0.03*C32+7.5*(1+Zones!E32) -> 112.2096 | I32: =E32 -> 112.2096 | J32: =I32 -> 112.2096 | K32: =MAX(H32:J32) -> 112.2096 | L32: Balanced IAQ fan - only applies to new construction
A33: =Zones!B33 -> F5 3-BED NE | B33: =Zones!M33 -> 7.0507 | C33: =Zones!J33 -> 1410.14 | D33: NA | E33: =0.03*C33+7.5*(1+Zones!E33) -> 57.3042 | I33: =E33 -> 57.3042 | J33: =I33 -> 57.3042 | K33: =MAX(H33:J33) -> 57.3042 | L33: Balanced IAQ fan - only applies to new construction
A34: =Zones!B34 -> F5 3-BED NW | B34: =Zones!M34 -> 7.0507 | C34: =Zones!J34 -> 1410.14 | D34: NA | E34: =0.03*C34+7.5*(1+Zones!E34) -> 57.3042 | I34: =E34 -> 57.3042 | J34: =I34 -> 57.3042 | K34: =MAX(H34:J34) -> 57.3042 | L34: Balanced IAQ fan - only applies to new construction
A35: =Zones!B35 -> F5 CORRIDOR | B35: =Zones!M35 -> 25.8025 | C35: =Zones!J35 -> 2580.25 | D35: 15 | F35: 0.15 | H35: =B35*D35 -> 387.0375 | I35: =C35*F35 -> 387.0375 | K35: =MAX(H35:J35) -> 387.0375
A36: =Zones!B36 -> F5 LAUNDRY | B36: =Zones!M36 -> 1.8002 | C36: =Zones!J36 -> 180.02 | D36: 15 | F36: 0.15 | H36: =B36*D36 -> 27.003 | I36: =C36*F36 -> 27.003 | K36: =MAX(H36:J36) -> 27.003
A37: =Zones!B37 -> F5 STUDIO SE | B37: =Zones!M37 -> 2.70025 | C37: =Zones!J37 -> 540.05 | D37: NA | E37: =0.03*C37+7.5*(1+Zones!E37) -> 31.2015 | I37: =E37 -> 31.2015 | J37: =I37 -> 31.2015 | K37: =MAX(H37:J37) -> 31.2015 | L37: Balanced IAQ fan - only applies to new construction
A38: =Zones!B38 -> F5 STUDIO SW | B38: =Zones!M38 -> 2.70025 | C38: =Zones!J38 -> 540.05 | D38: NA | E38: =0.03*C38+7.5*(1+Zones!E38) -> 31.2015 | I38: =E38 -> 31.2015 | J38: =I38 -> 31.2015 | K38: =MAX(H38:J38) -> 31.2015 | L38: Balanced IAQ fan - only applies to new construction
A39: =Zones!B39 -> PARKING GARAGE | B39: =Zones!M39 -> 139.5136 | C39: =Zones!J39 -> 27902.72 | D39: 15 | F39: 0.15 | G39: 0.75 | H39: =B39*D39 -> 2092.704 | I39: =C39*F39 -> 4185.408 | J39: =C39*G39 -> 20927.04 | K39: =MAX(H39:J39) -> 20927.04

Sheet Water Heater
A1: ="Water Heater - "&Prototype!A2 -> Water Heater - ApartmentMidRise
A2: Vintage | B2: WH Type | C2: Efficiency | D2: Tank volume (gal) | E2: Tank loss | F2: Source | G2: Note
A3: Existing | B3: Gas | C3: 0.8 | D3: =D4 -> 46.320848 | E3: =G54 -> 816.13487 | F3: 2024 CASE Report: A Comprehensive, High Efficiency Solution for Water Heating in Multifamily Buildings 2022 CASE Report: Multifamily Domestic Hot Water Distribution Engineering Judgment
A4: New Construction | B4: Gas | C4: 0.8 | D4: =F52 -> 46.320848 | E4: =G52 -> 816.13487
A5: * Title 24 2025: §170.2(d)3: Gas Storage with recirculation and solar water heating system)
A8: Peak Hot Water Consumption
A9: Space | B9: Baseline WH Type [T24, 2022, Appendix 5.4A , sheet: "2022 SpaceFuncData-Input"] | C9: Total Area (ft²) | D9: Number of People | E9: Hot Water Usage Specification (gal/hr per person) [T24, 2022, Appendix 5.4A , sheet: "2022 SpaceFuncData-Input"] | F9: Peak Hot Water Usage (gal/hr) | G9: Peak Hot Water Usage (gal/min)
A10: =Zones!B3 -> F1 BUSINESS CENTER | B10: Gas | C10: =Zones!J3*Zones!L3 -> 360.04 | D10: =Zones!M3*Zones!L3 -> 24.003867 | E10: 0.18 | F10: =D10*E10 -> 4.320696 | G10: =F10/60 -> 0.0720116
A11: =Zones!B4 -> F1 CORRIDOR | B11: Gas | C11: =Zones!J4*Zones!L4 -> 1920.19 | D11: =Zones!M4* Zones!L4 -> 19.2019 | E11: 0.18 | F11: =D11*E11 -> 3.456342 | G11: =F11/60 -> 0.0576057
A12: =Zones!B5 -> F1 FITNESS CENTER | B12: Gas | C12: =Zones!J5*Zones!L5 -> 900.09 | D12: =Zones!M5* Zones!L5 -> 18.0018 | E12: 0.18 | F12: =D12*E12 -> 3.240324 | G12: =F12/60 -> 0.0540054
A13: =Zones!B6 -> F1 LEASING OFFICE | B13: Gas | C13: =Zones!J6*Zones!L6 -> 345.03 | D13: =Zones!M6* Zones!L6 -> 3.4503 | E13: 0.18 | F13: =D13*E13 -> 0.621054 | G13: =F13/60 -> 0.0103509
A14: =Zones!B7 -> F1 LOUNGE | B14: Gas | C14: =Zones!J7*Zones!L7 -> 1050.1 | D14: =Zones!M7* Zones!L7 -> 70.04167 | E14: 0.18 | F14: =D14*E14 -> 12.607501 | G14: =F14/60 -> 0.21012501
A15: =Zones!B8 -> F1 MECHANICAL ROOM | B15: Gas | C15: =Zones!J8*Zones!L8 -> 432.04 | D15: =Zones!M8* Zones!L8 -> 1.29612 | E15: 0.18 | F15: =D15*E15 -> 0.2333016 | G15: =F15/60 -> 0.00388836
A16: =Zones!B9 -> F1 RETAIL N-NW | B16: Gas | C16: =Zones!J9*Zones!L9 -> 5985.58 | D16: =Zones!M9* Zones!L9 -> 99.759667 | E16: 0.18 | F16: =D16*E16 -> 17.95674 | G16: =F16/60 -> 0.299279
A17: =Zones!B10 -> F1 RETAIL NE | B17: Gas | C17: =Zones!J10*Zones!L10 -> 4320.42 | D17: =Zones!M10* Zones!L10 -> 72.007 | E17: 0.18 | F17: =D17*E17 -> 12.96126 | G17: =F17/60 -> 0.216021
A18: =Zones!B11 -> F1 RETAIL SE | B18: Gas | C18: =Zones!J11*Zones!L11 -> 2880.28 | D18: =Zones!M11* Zones!L11 -> 48.004667 | E18: 0.18 | F18: =D18*E18 -> 8.64084 | G18: =F18/60 -> 0.144014
A19: =Zones!B12 -> F1 RETAIL SW | B19: Gas | C19: =Zones!J12*Zones!L12 -> 4428.43 | D19: =Zones!M12* Zones!L12 -> 73.807167 | E19: 0.18 | F19: =D19*E19 -> 13.28529 | G19: =F19/60 -> 0.2214215
A20: =Zones!B13 -> F2-4 1-BED CORE EAST | B20: Gas | C20: =Zones!J13*Zones!L13 -> 4320.42 | D20: =Zones!M13* Zones!L13 -> 21.6021 | E20: 0.18 | F20: =D20*E20 -> 3.888378 | G20: =F20/60 -> 0.0648063
A21: =Zones!B14 -> F2-4 1-BED CORE N | B21: Gas | C21: =Zones!J14*Zones!L14 -> 2160.21 | D21: =Zones!M14* Zones!L14 -> 10.80105 | E21: 0.18 | F21: =D21*E21 -> 1.944189 | G21: =F21/60 -> 0.03240315
A22: =Zones!B15 -> F2-4 1-BED CORE WEST | B22: Gas | C22: =Zones!J15*Zones!L15 -> 4320.42 | D22: =Zones!M15* Zones!L15 -> 21.6021 | E22: 0.18 | F22: =D22*E22 -> 3.888378 | G22: =F22/60 -> 0.0648063
... A28: =Zones!B21 -> F2-4 3-BED NW | B28: Gas | C28: =Zones!J21*Zones!L21 -> 4230.42 | D28: =Zones!M21* Zones!L21 -> 21.1521 | E28: 0 | F28: =D28*E28 -> 0 | G28: =F28/60 -> 0
A29: =Zones!B22 -> F2-4 CORRIDOR | C29: =Zones!J22*Zones!L22 -> 7740.75 | D29: =Zones!M22* Zones!L22 -> 77.4075 | E29: 0 | F29: =D29*E29 -> 0 | G29: =F29/60 -> 0
A30: =Zones!B23 -> F2-4 LAUNDRY | B30: Gas | C30: =Zones!J23*Zones!L23 -> 540.06 | D30: =Zones!M23* Zones!L23 -> 5.4006 | E30: 0 | F30: =D30*E30 -> 0 | G30: =F30/60 -> 0
A31: =Zones!B24 -> F2-4 STUDIO SE | B31: Gas | C31: =Zones!J24*Zones!L24 -> 1620.15 | D31: =Zones!M24* Zones!L24 -> 8.10075 | E31: 0.18 | F31: =D31*E31 -> 1.458135 | G31: =F31/60 -> 0.02430225
A32: =Zones!B25 -> F2-4 STUDIO SW | B32: Gas | C32: =Zones!J25*Zones!L25 -> 1620.15 | D32: =Zones!M25* Zones!L25 -> 8.10075 | E32: 0 | F32: =D32*E32 -> 0 | G32: =F32/60 -> 0
A33: =Zones!B26 -> F5 1-BED CORE EAST | B33: Gas | C33: =Zones!J26*Zones!L26 -> 1440.14 | D33: =Zones!M26* Zones!L26 -> 7.2007 | E33: 0 | F33: =D33*E33 -> 0 | G33: =F33/60 -> 0
A34: =Zones!B27 -> F5 1-BED CORE N | B34: Gas | C34: =Zones!J27*Zones!L27 -> 720.07 | D34: =Zones!M27* Zones!L27 -> 3.60035 | E34: 0 | F34: =D34*E34 -> 0 | G34: =F34/60 -> 0
A35: =Zones!B28 -> F5 1-BED CORE WEST | B35: Gas | C35: =Zones!J28*Zones!L28 -> 1440.14 | D35: =Zones!M28* Zones!L28 -> 7.2007 | E35: 0.18 | F35: =D35*E35 -> 1.296126 | G35: =F35/60 -> 0.0216021
A36: =Zones!B29 -> F5 1-BED NORTH | B36: Gas | C36: =Zones!J29*Zones!L29 -> 3720.36 | D36: =Zones!M29* Zones!L29 -> 18.6018 | E36: 0 | F36: =D36*E36 -> 0 | G36: =F36/60 -> 0
A37: =Zones!B30 -> F5 2-BED CORE NE-NW | B37: Gas | C37: =Zones!J30*Zones!L30 -> 2160.21 | D37: =Zones!M30* Zones!L30 -> 10.80105 | E37: 0 | F37: =D37*E37 -> 0 | G37: =F37/60 -> 0
A38: =Zones!B31 -> F5 2-BED EAST | B38: Gas | C38: =Zones!J31*Zones!L31 -> 3240.32 | D38: =Zones!M31* Zones!L31 -> 16.2016 | E38: 0 | F38: =D38*E38 -> 0 | G38: =F38/60 -> 0
A39: =Zones!B32 -> F5 2-BED WEST | B39: Gas | C39: =Zones!J32*Zones!L32 -> 3240.32 | D39: =Zones!M32* Zones!L32 -> 16.2016 | E39: 0.18 | F39: =D39*E39 -> 2.916288 | G39: =F39/60 -> 0.0486048
A40: =Zones!B33 -> F5 3-BED NE | B40: Gas | C40: =Zones!J33*Zones!L33 -> 1410.14 | D40: =Zones!M33* Zones!L33 -> 7.0507 | E40: 0 | F40: =D40*E40 -> 0 | G40: =F40/60 -> 0
A41: =Zones!B34 -> F5 3-BED NW | B41: Gas | C41: =Zones!J34*Zones!L34 -> 1410.14 | D41: =Zones!M34* Zones!L34 -> 7.0507 | E41: 0 | F41: =D41*E41 -> 0 | G41: =F41/60 -> 0
A42: =Zones!B35 -> F5 CORRIDOR | C42: =Zones!J35*Zones!L35 -> 2580.25 | D42: =Zones!M35* Zones!L35 -> 25.8025 | E42: 0 | F42: =D42*E42 -> 0 | G42: =F42/60 -> 0
A43: =Zones!B36 -> F5 LAUNDRY | B43: Gas | C43: =Zones!J36*Zones!L36 -> 180.02 | D43: =Zones!M36* Zones!L36 -> 1.8002 | E43: 0.18 | F43: =D43*E43 -> 0.324036 | G43: =F43/60 -> 0.0054006
A44: =Zones!B37 -> F5 STUDIO SE | B44: Gas | C44: =Zones!J37*Zones!L37 -> 540.05 | D44: =Zones!M37* Zones!L37 -> 2.70025 | E44: 0 | F44: =D44*E44 -> 0 | G44: =F44/60 -> 0
A45: =Zones!B38 -> F5 STUDIO SW | B45: Gas | C45: =Zones!J38*Zones!L38 -> 540.05 | D45: =Zones!M38* Zones!L38 -> 2.70025 | E45: 0 | F45: =D45*E45 -> 0 | G45: =F45/60 -> 0
A46: =Zones!B39 -> PARKING GARAGE | C46: =Zones!J39*Zones!L39 -> 27902.72 | D46: =Zones!M39* Zones!L39 -> 139.5136 | E46: 0 | F46: =D46*E46 -> 0 | G46: =F46/60 -> 0
A49: Water Heater Capacity, Tank Capacity, and Tank Loss
A50: WH Type | B50: Peak Hot Water Usage (gal/hr) | C50: Heat Output (BTU/hr) [ACM, 2025, 5.9.2: Rated capacity section] | D50: WH Capacity (BTU/hr) [ACM, 2025, 5.9.2: Rated capacity section] | E50: Required Energy Input (BTU/hr) | F50: Storage Volume (gal) | G50: Standby Loss | I50: Off/On Cycle Loss Coefficient to Ambient Temperature (Btu/h-F)
A51: Gas Storage WH | B51: =SUMIFS(F10:F46,B10:B46,"Gas") -> 115.80212 | C51: =B51*($B$64-B65)*8.2877*1 -> 71979.992 | D51: =C51*B66 -> 43187.995 | E51: =D51/C3 -> 53984.994 | F51: =ROUNDUP((B51*F52)/B52,0) -> 47 | G51: =(E51/800)+110*SQRT(F51) -> 821.60325 | H51: Btu/h | I51: =G51/B61 -> 13.251665
A52: Total | B52: =B51 -> 115.80212 | C52: =C51 -> 71979.992 | D52: =C52*B66 -> 43187.995 | E52: =D52/C4 -> 53984.994 | F52: =B52*1*B57 -> 46.320848 | G52: =(E52/800)+110*SQRT(F52) -> 816.13487
A54: Design supply temperature (F) | B54: 135 | C54: Ref: T24 2022 - Appendix 5.4B | F54: Standby Loss for Existing | G54: =(E52/800)+110*SQRT(F52) -> 816.13487 | H54: Btu/h | I54: =G54/B61 -> 13.163466
A55: Cold Water supply temperature (F) | B55: 55 | C55: Ref: ACM, 2025, 5.9.2: Rated capacity section
A56: WH system factor | B56: 0.6 | C56: Ref: ACM, 2025, 5.9.2: Rated capacity section
A57: Reheat multiplier | B57: 0.4
A58: * The 0.40 multiplier is a storage sizing factor used to account for the fact that the water heater doesn't need to store the full peak hour demand—it can reheat water during that time. This factor assumes that the heater will recover part of the hot water used during the peak hour, so only 40% of the peak hour demand needs to be stored at any given moment.
A59: **For Gas Water Heater: UA(Btu/h-°F)​=Q˙​SL​ (Btu/h)/ΔT (∘F)​
A60: Ambient temp | B60: 68
A61: Delta T | B61: =B64-B60 -> 62
A62: ** For Electric Water Heater: UA(Btu/h-°F)​= 0.0834 *SL​ (%/hr)*V gal
F63: https://caenergywise.com/design-guides/Advanced-Water-Heating-Design-Guide.pdf
A64: Design supply temperature (F) | B64: 130 | C64: Ref: T24 2022 - Appendix 5.4B
A65: Cold Water supply temperature (F) | B65: 55 | C65: Ref: ACM, 2025, 5.9.2: Rated capacity section
A66: WH system factor | B66: 0.6 | C66: Ref: ACM, 2025, 5.9.2: Rated capacity section
A67: Reheat multiplier | B67: 0.4 | C67: Ref: ACM, 2025, 5.9.2: Rated capacity section
A68: * The 0.40 multiplier is a storage sizing factor used to account for the fact that the water heater doesn't need to store the full peak hour demand—it can reheat water during that time. This factor assumes that the heater will recover part of the hot water used during the peak hour, so only 40% of the peak hour demand needs to be stored at any given moment.
A71: Background Data [To be deleted prior to publication]
A72: 2024 CASE Report: A Comprehensive, High Efficiency Solution for Water Heating in Multifamily Buildings | B72: https://www.energy.ca.gov/sites/default/files/2024-06/CEC-500-2024-054.pdf | C72: 50% central water heating
A73: 2022 CASE Report: Multifamily Domestic Hot Water Distribution | B73: https://title24stakeholders.com/wp-content/uploads/2020/09/2022_T24_Final-CASE-Report-MF-DHW-Dist.pdf | C73: 100% central water heating

Sheet Interior Lights
A1: ="Interior Lighting - "&Prototype!A2 -> Interior Lighting - ApartmentMidRise
A2: Space Type | B2: New Construction | E2: Existing
B3: LPD (W/ft²) | C3: Additional LPD for Portable Lighting (W/ft²) | D3: Source | E3: LPD (W/ft²) | F3: Additional LPD for Portable Lighting (W/ft²) | G3: Source
A4: =Zones!A3 -> Convention, Conference, Multipurpose and Meeting Area | B4: 0.75 | C4: NA | D4: T24, 2025, Table 170.2-M (Area category method | E4: 0.85 | F4: NA | G4: T24, 2016, Table 140.6 C (Area category method)
A5: =Zones!A4 -> Corridor Area | B5: 0.4 | E5: 0.6
A6: =Zones!A5 -> Exercise/Fitness Center and Gymnasium Areas | B6: 0.5 | E6: 1
A7: =Zones!A6 -> Office Area (>250 square feet) | B7: 0.65 | E7: 0.65
A8: =Zones!A7 -> Lobby, Main Entry | B8: 0.7 | E8: 0.95
A9: =Zones!A8 -> Electrical, Mechanical, Telephone Rooms | B9: 0.4 | E9: 0.4
A10: =Zones!A9 -> Retail Sales Area (Retail Merchandise Sales) | B10: 0.95 | E10: 1
A11: =Zones!A23 -> Laundry Area | B11: 0.45 | E11: 0.45
A12: =Zones!A39 -> Parking Garage Area (Parking Zone and Ramps) | B12: 0.1 | E12: 0.14
A13: =Zones!A13 -> High-Rise Residential Living Spaces | B13: 0.79 | D13: CEC 2025 Single-Family ACM Appendix E - Table 2 and 8 | E13: 0.79 | G13: CEC 2016 Single-Family ACM Section 2.2.12
A15: *Annual kWh=100+0.1775×CFA (ft²)(Eq. 1)
A17: Background Data [To be deleted prior to publication]

Sheet Ext Lighting
A1: ="Exterior Lighting - "&Prototype!A2 -> Exterior Lighting - ApartmentMidRise
A2: Motion Controlled Luminaires (W) | B2: Non-motion Controlled Luminaires (W) | C2: Total (W) | D2: Source
A3: =G16 -> 2229.9691 | B3: =G17 -> 1367.7096 | C3: =B3+A3 -> 3597.6788 | D3: T24, 2022 & 2025 2019 Outdoor Lighting CASE report PNNL 90.1-2010 TSD
A8: ="Exterior Lighting - "& Prototype!A2 -> Exterior Lighting - ApartmentMidRise
A9: Items (Assume LZ2) | B9: Assumptions [2019 Outdoor Lighting CASE Report & PNNL 90.1-2010 TSD] | D9: Unit | E9: Lighting Power Allowance [T24, 2025, Table 140.7-A & 140.7-B] | F9: Unit | G9: Exterior Lighting Power (W)
A10: IWA (Initial Wage Allowance) | E10: 200 | F10: (W) | G10: =$E10 -> 200
A11: Parking area | B11: 400 ft² for every parking space 1.5 parking space per living unit for residential 1 parking space per 360 ft² of gross building area | C11: =400*B25*1.5+B23/B24/360*400 -> 84136.391 | D11: (ft²) | E11: 0.019 | F11: (W/ft²) | G11: =$E11*C11 -> 1598.5914
A12: Building Entrance | B12: 3 building entrance for NR (1 per 10,000 ft² footprint) | C12: 3 | D12: (count) | E12: 15 | F12: (W/ea) | G12: =E12*C12 -> 45
A13: Hardscape Ornamental Light | B13: 0.1 ft² per ft² of gross building area for hardscape ornamental light | C13: =B23*0.1 -> 14101.376 | D13: (ft²) | E13: 0.007 | F13: (W/ft²) | G13: =E13*C13 -> 98.709632
A14: Building façade | B14: 0.1 W per ft² of facade area Façade Area = Perimeter × 0.5 × 30 ft (30 ft is the max height that is lit) * The 0.5 factor assumes that only half of the perimeter walls are lit. -Formula ia developed based on the 2019 Outdoor Lighting CASE report | C14: =B22*0.5*30 -> 12690 | D14: (ft²) | E14: 0.1 | F14: (W/ft²) | G14: =E14*C14 -> 1269
A15: Sales canopy | B15: 0.1 ft2 per ft2 of gross bldg area | C15: =(B23/B24)*0.1 -> 2820.2752 | D15: (ft²) | E15: 0.137 | F15: (W/ft²) | G15: =E15*C15 -> 386.3777
A16: Motion controlled Luminaires | G16: =G11+G10+G15+G12 -> 2229.9691
A17: Non-motion-controlled Luminaires | G17: =G13+G14 -> 1367.7096
A18: Total | G18: =G16+G17 -> 3597.6788
A22: Perimeter (ft) | B22: =(180+155)*2+(88*2) -> 846
A23: Total floor area (ft²) | B23: =Zones!J40 -> 141013.76
A24: Floors (above floor) | B24: 5
A25: Number of dwelling units | B25: 88
A28: Background Data [To be deleted prior to publication]
A31: Existing Prototypes:
A32: Exterior lighting load (W)
A33: PNNL 90.1 2022, San Diego | B33: CPUC 2024
A34: 9571 | B34: No
A39: T24, part6, 2025, 130.2(c)3

Sheet Equipment
A1: ="Equipment - "&Prototype!A2 -> Equipment - ApartmentMidRise
A2: Vintage | B2: Space Type | C2: Plug load Power Density (W/ft2) | D2: Source
A3: New Construction/Existing | B3: =Zones!A3 -> Convention, Conference, Multipurpose and Meeting Area | C3: 1 | D3: Plug load and schedules project with CEC, 2025
B4: =Zones!A4 -> Corridor Area | C4: 0
B5: =Zones!A5 -> Exercise/Fitness Center and Gymnasium Areas | C5: 0.5
B6: =Zones!A6 -> Office Area (>250 square feet) | C6: 1.5
B7: =Zones!A7 -> Lobby, Main Entry | C7: 0.5
B8: =Zones!A8 -> Electrical, Mechanical, Telephone Rooms | C8: 3
B9: =Zones!A9 -> Retail Sales Area (Retail Merchandise Sales) | C9: 0.7
B10: =Zones!A23 -> Laundry Area | C10: 3
B11: =Zones!A39 -> Parking Garage Area (Parking Zone and Ramps) | C11: 0
B12: =Zones!A34 -> High-Rise Residential Living Spaces | C12: 0.5 | D12: Plug load and schedules project with CBECC-COM, 2019
A16: Elevator
A17: Vintages | B17: No of Elevator | C17: Design Load (W) | D17: Source
A18: New Construction and Existing | B18: =ROUND((Prototype!B8*0.7/50000)+ROUND(5/2,0),0) -> 5 | C18: 4360.9 | D18: Design Load based on PNNL ASHRAE 90.1 2022 MidRise Apartment prototype --- per T24 2025 §120.6 (f)
A21: Assumptions for elevators:
A22: One elevator for approximately 50,000 ft² in use. | F22: https://buildingandinteriors.com/find-the-magic-number-elevators-per-building/
A23: For every two floors or two and a half floors, one more elevator was added.
A24: An in-use rate of 70% for the floor area was assumed, based on engineering judgment.
A25: Calculated number of Elevators: | C25: =ROUND((Prototype!B8*0.7/50000)+ROUND(5/2,0),0) -> 5 | D25: Same as PNNL assumptions
A26: Calculate Elevator load (kw)based on ACM 2022: | C26: =C25*C27 -> 50 | D26: 76 kW is PNNL ASHRE 90.1 2019 elevator load | F26: =4360.9/1000 -> 4.3609
A27: ACM 2022 suggestion for elevator load (kW): | C27: 10
A28: Elevator load will be defined as exterior load not equipment load (Same as PNNL ASHRAE 90.1 Large Hotel prototype).

Sheet Schedules
A1: ="Schedules - "&Prototype!A2 -> Schedules - ApartmentMidRise
A2: Zone | B2: Schedule Category | C2: Schedule | D2: Source | E2: Day | F2: Hour
F3: 1 | G3: 2 | H3: 3 | I3: 4 | J3: 5 | K3: 6 | L3: 7 | M3: 8 | N3: 9 | O3: 10 | P3: 11 | Q3: 12 | R3: 13 | S3: 14 | T3: 15 | U3: 16 | V3: 17 | W3: 18 | X3: 19 | Y3: 20 | Z3: 21 | AA3: 22 | AB3: 23 | AC3: 24
A4: Living Area | B4: ResidentialLiving | C4: Occupancy | D4: T24 2022 - Appendix 5.4B [ResidentialLiving] | E4: Weekday | F4: 0.9 | G4: 0.9 | H4: 0.9 | I4: 0.9 | J4: 0.9 | K4: 0.9 | L4: 0.7 | M4: 0.4 | N4: 0.4 | O4: 0.2 | P4: 0.2 | Q4: 0.2 | R4: 0.2 | S4: 0.2 | T4: 0.2 | U4: 0.3 | V4: 0.5 | W4: 0.5 | X4: 0.5 | Y4: 0.7 | Z4: 0.7 | AA4: 0.8 | AB4: 0.9 | AC4: 0.9
E5: Saturday | F5: 0.9 | G5: 0.9 | H5: 0.9 | I5: 0.9 | J5: 0.9 | K5: 0.9 | L5: 0.7 | M5: 0.4 | N5: 0.4 | O5: 0.2 | P5: 0.2 | Q5: 0.2 | R5: 0.2 | S5: 0.2 | T5: 0.2 | U5: 0.3 | V5: 0.5 | W5: 0.5 | X5: 0.5 | Y5: 0.7 | Z5: 0.7 | AA5: 0.8 | AB5: 0.9 | AC5: 0.9
E6: Sunday | F6: 0.9 | G6: 0.9 | H6: 0.9 | I6: 0.9 | J6: 0.9 | K6: 0.9 | L6: 0.7 | M6: 0.4 | N6: 0.4 | O6: 0.2 | P6: 0.2 | Q6: 0.2 | R6: 0.2 | S6: 0.2 | T6: 0.2 | U6: 0.3 | V6: 0.5 | W6: 0.5 | X6: 0.5 | Y6: 0.7 | Z6: 0.7 | AA6: 0.8 | AB6: 0.9 | AC6: 0.9
A7: Living Area | B7: =B4 -> ResidentialLiving | C7: Lights | D7: T24 2022 - Appendix 5.4B [ResidentialLiving] | E7: Weekday | F7: 0.1 | G7: 0.1 | H7: 0.1 | I7: 0.1 | J7: 0.1 | K7: 0.3 | L7: 0.45 | M7: 0.45 | N7: 0.45 | O7: 0.45 | P7: 0.3 | Q7: 0.3 | R7: 0.3 | S7: 0.3 | T7: 0.3 | U7: 0.3 | V7: 0.3 | W7: 0.3 | X7: 0.6 | Y7: 0.8 | Z7: 0.9 | AA7: 0.8 | AB7: 0.6 | AC7: 0.3
E8: Saturday | F8: 0.1 | G8: 0.1 | H8: 0.1 | I8: 0.1 | J8: 0.1 | K8: 0.3 | L8: 0.45 | M8: 0.45 | N8: 0.45 | O8: 0.45 | P8: 0.3 | Q8: 0.3 | R8: 0.3 | S8: 0.3 | T8: 0.3 | U8: 0.3 | V8: 0.3 | W8: 0.3 | X8: 0.6 | Y8: 0.8 | Z8: 0.9 | AA8: 0.8 | AB8: 0.6 | AC8: 0.3
E9: Sunday | F9: 0.1 | G9: 0.1 | H9: 0.1 | I9: 0.1 | J9: 0.1 | K9: 0.3 | L9: 0.45 | M9: 0.45 | N9: 0.45 | O9: 0.45 | P9: 0.3 | Q9: 0.3 | R9: 0.3 | S9: 0.3 | T9: 0.3 | U9: 0.3 | V9: 0.3 | W9: 0.3 | X9: 0.6 | Y9: 0.8 | Z9: 0.9 | AA9: 0.8 | AB9: 0.6 | AC9: 0.3
A10: Living Area | B10: =B4 -> ResidentialLiving | C10: ElecEquipment | D10: T24 2022 - Appendix 5.4B [ResidentialLiving] | E10: Weekday | F10: 0.1 | G10: 0.1 | H10: 0.1 | I10: 0.1 | J10: 0.1 | K10: 0.3 | L10: 0.45 | M10: 0.45 | N10: 0.45 | O10: 0.45 | P10: 0.3 | Q10: 0.3 | R10: 0.3 | S10: 0.3 | T10: 0.3 | U10: 0.3 | V10: 0.3 | W10: 0.3 | X10: 0.6 | Y10: 0.8 | Z10: 0.9 | AA10: 0.8 | AB10: 0.6 | AC10: 0.3
E11: Saturday | F11: 0.1 | G11: 0.1 | H11: 0.1 | I11: 0.1 | J11: 0.1 | K11: 0.3 | L11: 0.45 | M11: 0.45 | N11: 0.45 | O11: 0.45 | P11: 0.3 | Q11: 0.3 | R11: 0.3 | S11: 0.3 | T11: 0.3 | U11: 0.3 | V11: 0.3 | W11: 0.3 | X11: 0.6 | Y11: 0.8 | Z11: 0.9 | AA11: 0.8 | AB11: 0.6 | AC11: 0.3
E12: Sunday | F12: 0.1 | G12: 0.1 | H12: 0.1 | I12: 0.1 | J12: 0.1 | K12: 0.3 | L12: 0.45 | M12: 0.45 | N12: 0.45 | O12: 0.45 | P12: 0.3 | Q12: 0.3 | R12: 0.3 | S12: 0.3 | T12: 0.3 | U12: 0.3 | V12: 0.3 | W12: 0.3 | X12: 0.6 | Y12: 0.8 | Z12: 0.9 | AA12: 0.8 | AB12: 0.6 | AC12: 0.3
A13: Living Area | B13: =B4 -> ResidentialLiving | C13: HVACAvail | D13: T24 2022 - Appendix 5.4B [ResidentialLiving] | E13: Weekday | F13: 1 | G13: 1 | H13: 1 | I13: 1 | J13: 1 | K13: 1 | L13: 1 | M13: 1 | N13: 1 | O13: 1 | P13: 1 | Q13: 1 | R13: 1 | S13: 1 | T13: 1 | U13: 1 | V13: 1 | W13: 1 | X13: 1 | Y13: 1 | Z13: 1 | AA13: 1 | AB13: 1 | AC13: 1
E14: Saturday | F14: 1 | G14: 1 | H14: 1 | I14: 1 | J14: 1 | K14: 1 | L14: 1 | M14: 1 | N14: 1 | O14: 1 | P14: 1 | Q14: 1 | R14: 1 | S14: 1 | T14: 1 | U14: 1 | V14: 1 | W14: 1 | X14: 1 | Y14: 1 | Z14: 1 | AA14: 1 | AB14: 1 | AC14: 1
E15: Sunday | F15: 1 | G15: 1 | H15: 1 | I15: 1 | J15: 1 | K15: 1 | L15: 1 | M15: 1 | N15: 1 | O15: 1 | P15: 1 | Q15: 1 | R15: 1 | S15: 1 | T15: 1 | U15: 1 | V15: 1 | W15: 1 | X15: 1 | Y15: 1 | Z15: 1 | AA15: 1 | AB15: 1 | AC15: 1
A16: Living Area | B16: =B4 -> ResidentialLiving | C16: ServiceHotWater | D16: T24 2022 - Appendix 5.4B [ResidentialLiving] | E16: Weekday | F16: 0.131 | G16: 0.075 | H16: 0.084 | I16: 0.103 | J16: 0.187 | K16: 0.411 | L16: 0.832 | M16: 1 | N16: 0.832 | O16: 0.617 | P16: 0.486 | Q16: 0.355 | R16: 0.336 | S16: 0.308 | T16: 0.299 | U16: 0.243 | V16: 0.393 | W16: 0.449 | X16: 0.486 | Y16: 0.439 | Z16: 0.393 | AA16: 0.364 | AB16: 0.336 | AC16: 0.206
E17: Saturday | F17: 0.217 | G17: 0.12 | H17: 0.108 | I17: 0.096 | J17: 0.181 | K17: 0.277 | L17: 0.313 | M17: 0.566 | N17: 0.928 | O17: 1 | P17: 0.892 | Q17: 0.735 | R17: 0.614 | S17: 0.518 | T17: 0.47 | U17: 0.47 | V17: 0.627 | W17: 0.699 | X17: 0.675 | Y17: 0.627 | Z17: 0.566 | AA17: 0.53 | AB17: 0.482 | AC17: 0.337
E18: Sunday | F18: 0.217 | G18: 0.12 | H18: 0.108 | I18: 0.096 | J18: 0.181 | K18: 0.277 | L18: 0.313 | M18: 0.566 | N18: 0.928 | O18: 1 | P18: 0.892 | Q18: 0.735 | R18: 0.614 | S18: 0.518 | T18: 0.47 | U18: 0.47 | V18: 0.627 | W18: 0.699 | X18: 0.675 | Y18: 0.627 | Z18: 0.566 | AA18: 0.53 | AB18: 0.482 | AC18: 0.337
A19: Living Area | B19: =B4 -> ResidentialLiving | C19: GasEquipment | D19: T24 2022 - Appendix 5.4B [ResidentialLiving] | E19: Weekday | F19: 0 | G19: 0 | H19: 0 | I19: 0 | J19: 0 | K19: 0 | L19: 0.5 | M19: 0.5 | N19: 0 | O19: 0 | P19: 0 | Q19: 0.2 | R19: 0.2 | S19: 0 | T19: 0 | U19: 0 | V19: 0.5 | W19: 0.5 | X19: 0.5 | Y19: 0 | Z19: 0 | AA19: 0 | AB19: 0 | AC19: 0
E20: Saturday | F20: 0 | G20: 0 | H20: 0 | I20: 0 | J20: 0 | K20: 0 | L20: 0.5 | M20: 0.5 | N20: 0 | O20: 0 | P20: 0 | Q20: 0.2 | R20: 0.2 | S20: 0 | T20: 0 | U20: 0 | V20: 0.5 | W20: 0.5 | X20: 0.5 | Y20: 0 | Z20: 0 | AA20: 0 | AB20: 0 | AC20: 0
E21: Sunday | F21: 0 | G21: 0 | H21: 0 | I21: 0 | J21: 0 | K21: 0 | L21: 0.5 | M21: 0.5 | N21: 0 | O21: 0 | P21: 0 | Q21: 0.2 | R21: 0.2 | S21: 0 | T21: 0 | U21: 0 | V21: 0.5 | W21: 0.5 | X21: 0.5 | Y21: 0 | Z21: 0 | AA21: 0 | AB21: 0 | AC21: 0
A22: Living Area | B22: =B4 -> ResidentialLiving | C22: HtgSetpt | D22: T24 2022 - Appendix 5.4B [ResidentialLiving] | E22: Weekday | F22: =IF(F13=0,Thermostat!$B$4,Thermostat!$B$3) -> 68 | G22: =IF(G13=0,Thermostat!$B$4,Thermostat!$B$3) -> 68 | H22: =IF(H13=0,Thermostat!$B$4,Thermostat!$B$3) -> 68 | I22: =IF(I13=0,Thermostat!$B$4,Thermostat!$B$3) -> 68 | J22: =IF(J13=0,Thermostat!$B$4,Thermostat!$B$3) -> 68 | K22: =IF(K13=0,Thermostat!$B$4,Thermostat!$B$3) -> 68 | L22: =IF(L13=0,Thermostat!$B$4,Thermostat!$B$3) -> 68 | M22: =IF(M13=0,Thermostat!$B$4,Thermostat!$B$3) -> 68 | ... AC22: =IF(AC13=0,Thermostat!$B$4,Thermostat!$B$3) -> 68
E23: Saturday | F23: =IF(F14=0,Thermostat!$B$4,Thermostat!$B$3) -> 68 | G23: =IF(G14=0,Thermostat!$B$4,Thermostat!$B$3) -> 68 | H23: =IF(H14=0,Thermostat!$B$4,Thermostat!$B$3) -> 68 | I23: =IF(I14=0,Thermostat!$B$4,Thermostat!$B$3) -> 68 | J23: =IF(J14=0,Thermostat!$B$4,Thermostat!$B$3) -> 68 | K23: =IF(K14=0,Thermostat!$B$4,Thermostat!$B$3) -> 68 | L23: =IF(L14=0,Thermostat!$B$4,Thermostat!$B$3) -> 68 | M23: =IF(M14=0,Thermostat!$B$4,Thermostat!$B$3) -> 68 | ... AC23: =IF(AC14=0,Thermostat!$B$4,Thermostat!$B$3) -> 68
E24: Sunday | F24: =IF(F15=0,Thermostat!$B$4,Thermostat!$B$3) -> 68 | G24: =IF(G15=0,Thermostat!$B$4,Thermostat!$B$3) -> 68 | H24: =IF(H15=0,Thermostat!$B$4,Thermostat!$B$3) -> 68 | I24: =IF(I15=0,Thermostat!$B$4,Thermostat!$B$3) -> 68 | J24: =IF(J15=0,Thermostat!$B$4,Thermostat!$B$3) -> 68 | K24: =IF(K15=0,Thermostat!$B$4,Thermostat!$B$3) -> 68 | L24: =IF(L15=0,Thermostat!$B$4,Thermostat!$B$3) -> 68 | M24: =IF(M15=0,Thermostat!$B$4,Thermostat!$B$3) -> 68 | ... AC24: =IF(AC15=0,Thermostat!$B$4,Thermostat!$B$3) -> 68
A25: Living Area | B25: =B4 -> ResidentialLiving | C25: ClgSetpt | D25: T24 2022 - Appendix 5.4B [ResidentialLiving] | E25: Weekday | F25: =IF(F16=0,Thermostat!$B$6,Thermostat!$B$5) -> 78 | G25: =IF(G16=0,Thermostat!$B$6,Thermostat!$B$5) -> 78 | H25: =IF(H16=0,Thermostat!$B$6,Thermostat!$B$5) -> 78 | I25: =IF(I16=0,Thermostat!$B$6,Thermostat!$B$5) -> 78 | J25: =IF(J16=0,Thermostat!$B$6,Thermostat!$B$5) -> 78 | K25: =IF(K16=0,Thermostat!$B$6,Thermostat!$B$5) -> 78 | L25: =IF(L16=0,Thermostat!$B$6,Thermostat!$B$5) -> 78 | M25: =IF(M16=0,Thermostat!$B$6,Thermostat!$B$5) -> 78 | ... AC25: =IF(AC16=0,Thermostat!$B$6,Thermostat!$B$5) -> 78
E26: Saturday | F26: =IF(F17=0,Thermostat!$B$6,Thermostat!$B$5) -> 78 | G26: =IF(G17=0,Thermostat!$B$6,Thermostat!$B$5) -> 78 | H26: =IF(H17=0,Thermostat!$B$6,Thermostat!$B$5) -> 78 | I26: =IF(I17=0,Thermostat!$B$6,Thermostat!$B$5) -> 78 | J26: =IF(J17=0,Thermostat!$B$6,Thermostat!$B$5) -> 78 | K26: =IF(K17=0,Thermostat!$B$6,Thermostat!$B$5) -> 78 | L26: =IF(L17=0,Thermostat!$B$6,Thermostat!$B$5) -> 78 | M26: =IF(M17=0,Thermostat!$B$6,Thermostat!$B$5) -> 78 | ... AC26: =IF(AC17=0,Thermostat!$B$6,Thermostat!$B$5) -> 78
E27: Sunday | F27: =IF(F18=0,Thermostat!$B$6,Thermostat!$B$5) -> 78 | G27: =IF(G18=0,Thermostat!$B$6,Thermostat!$B$5) -> 78 | H27: =IF(H18=0,Thermostat!$B$6,Thermostat!$B$5) -> 78 | I27: =IF(I18=0,Thermostat!$B$6,Thermostat!$B$5) -> 78 | J27: =IF(J18=0,Thermostat!$B$6,Thermostat!$B$5) -> 78 | K27: =IF(K18=0,Thermostat!$B$6,Thermostat!$B$5) -> 78 | L27: =IF(L18=0,Thermostat!$B$6,Thermostat!$B$5) -> 78 | M27: =IF(M18=0,Thermostat!$B$6,Thermostat!$B$5) -> 78 | ... AC27: =IF(AC18=0,Thermostat!$B$6,Thermostat!$B$5) -> 78
A28: Living Area | B28: =B4 -> ResidentialLiving | C28: Infiltration | D28: T24 2022 - Appendix 5.4B [ResidentialLiving] | E28: Weekday | F28: 1 | G28: 1 | H28: 1 | I28: 1 | J28: 1 | K28: 1 | L28: 1 | M28: 1 | N28: 1 | O28: 1 | P28: 1 | Q28: 1 | R28: 1 | S28: 1 | T28: 1 | U28: 1 | V28: 1 | W28: 1 | X28: 1 | Y28: 1 | Z28: 1 | AA28: 1 | AB28: 1 | AC28: 1
E29: Saturday | F29: 1 | G29: 1 | H29: 1 | I29: 1 | J29: 1 | K29: 1 | L29: 1 | M29: 1 | N29: 1 | O29: 1 | P29: 1 | Q29: 1 | R29: 1 | S29: 1 | T29: 1 | U29: 1 | V29: 1 | W29: 1 | X29: 1 | Y29: 1 | Z29: 1 | AA29: 1 | AB29: 1 | AC29: 1
E30: Sunday | F30: 1 | G30: 1 | H30: 1 | I30: 1 | J30: 1 | K30: 1 | L30: 1 | M30: 1 | N30: 1 | O30: 1 | P30: 1 | Q30: 1 | R30: 1 | S30: 1 | T30: 1 | U30: 1 | V30: 1 | W30: 1 | X30: 1 | Y30: 1 | Z30: 1 | AA30: 1 | AB30: 1 | AC30: 1
A31: Living Area | B31: =B4 -> ResidentialLiving | C31: Refrigeration | D31: T24 2022 - Appendix 5.4B [ResidentialLiving] | E31: Weekday | F31: 0.9 | G31: 0.9 | H31: 0.9 | I31: 0.9 | J31: 0.9 | K31: 0.9 | L31: 0.9 | M31: 0.9 | N31: 0.9 | O31: 0.9 | P31: 0.9 | Q31: 0.9 | R31: 0.9 | S31: 0.9 | T31: 0.9 | U31: 0.9 | V31: 0.9 | W31: 0.9 | X31: 0.9 | Y31: 0.9 | Z31: 0.9 | AA31: 0.9 | AB31: 0.9 | AC31: 0.9
E32: Saturday | F32: 0.9 | G32: 0.9 | H32: 0.9 | I32: 0.9 | J32: 0.9 | K32: 0.9 | L32: 0.9 | M32: 0.9 | N32: 0.9 | O32: 0.9 | P32: 0.9 | Q32: 0.9 | R32: 0.9 | S32: 0.9 | T32: 0.9 | U32: 0.9 | V32: 0.9 | W32: 0.9 | X32: 0.9 | Y32: 0.9 | Z32: 0.9 | AA32: 0.9 | AB32: 0.9 | AC32: 0.9
E33: Sunday | F33: 0.9 | G33: 0.9 | H33: 0.9 | I33: 0.9 | J33: 0.9 | K33: 0.9 | L33: 0.9 | M33: 0.9 | N33: 0.9 | O33: 0.9 | P33: 0.9 | Q33: 0.9 | R33: 0.9 | S33: 0.9 | T33: 0.9 | U33: 0.9 | V33: 0.9 | W33: 0.9 | X33: 0.9 | Y33: 0.9 | Z33: 0.9 | AA33: 0.9 | AB33: 0.9 | AC33: 0.9
A34: Common Use Area
A35: Common Use Area | B35: ResidentialCommon | C35: Occupancy | D35: T24 2022 - Appendix 5.4B [ResidentialCommon] | E35: Weekday | F35: 0.1 | G35: 0.1 | H35: 0.1 | I35: 0.1 | J35: 0.1 | K35: 0.3 | L35: 0.45 | M35: 0.45 | N35: 0.45 | O35: 0.45 | P35: 0.3 | Q35: 0.3 | R35: 0.3 | S35: 0.3 | T35: 0.3 | U35: 0.3 | V35: 0.3 | W35: 0.3 | X35: 0.6 | Y35: 0.8 | Z35: 0.9 | AA35: 0.8 | AB35: 0.6 | AC35: 0.3
E36: Saturday | F36: 0.1 | G36: 0.1 | H36: 0.1 | I36: 0.1 | J36: 0.1 | K36: 0.3 | L36: 0.45 | M36: 0.45 | N36: 0.45 | O36: 0.45 | P36: 0.3 | Q36: 0.3 | R36: 0.3 | S36: 0.3 | T36: 0.3 | U36: 0.3 | V36: 0.3 | W36: 0.3 | X36: 0.6 | Y36: 0.8 | Z36: 0.9 | AA36: 0.8 | AB36: 0.6 | AC36: 0.3
E37: Sunday | F37: 0.1 | G37: 0.1 | H37: 0.1 | I37: 0.1 | J37: 0.1 | K37: 0.3 | L37: 0.45 | M37: 0.45 | N37: 0.45 | O37: 0.45 | P37: 0.3 | Q37: 0.3 | R37: 0.3 | S37: 0.3 | T37: 0.3 | U37: 0.3 | V37: 0.3 | W37: 0.3 | X37: 0.6 | Y37: 0.8 | Z37: 0.9 | AA37: 0.8 | AB37: 0.6 | AC37: 0.3
A38: Common Use Area | B38: ResidentialCommon | C38: Lights | D38: T24 2022 - Appendix 5.4B [ResidentialCommon] | E38: Weekday | F38: 1 | G38: 1 | H38: 1 | I38: 1 | J38: 1 | K38: 1 | L38: 1 | M38: 1 | N38: 1 | O38: 1 | P38: 1 | Q38: 1 | R38: 1 | S38: 1 | T38: 1 | U38: 1 | V38: 1 | W38: 1 | X38: 1 | Y38: 1 | Z38: 1 | AA38: 1 | AB38: 1 | AC38: 1
E39: Saturday | F39: 1 | G39: 1 | H39: 1 | I39: 1 | J39: 1 | K39: 1 | L39: 1 | M39: 1 | N39: 1 | O39: 1 | P39: 1 | Q39: 1 | R39: 1 | S39: 1 | T39: 1 | U39: 1 | V39: 1 | W39: 1 | X39: 1 | Y39: 1 | Z39: 1 | AA39: 1 | AB39: 1 | AC39: 1
E40: Sunday | F40: 1 | G40: 1 | H40: 1 | I40: 1 | J40: 1 | K40: 1 | L40: 1 | M40: 1 | N40: 1 | O40: 1 | P40: 1 | Q40: 1 | R40: 1 | S40: 1 | T40: 1 | U40: 1 | V40: 1 | W40: 1 | X40: 1 | Y40: 1 | Z40: 1 | AA40: 1 | AB40: 1 | AC40: 1
A41: Common Use Area | B41: ResidentialCommon | C41: ElecEquipment | D41: T24 2022 - Appendix 5.4B [ResidentialCommon] | E41: Weekday | F41: 0.1 | G41: 0.1 | H41: 0.1 | I41: 0.1 | J41: 0.1 | K41: 0.3 | L41: 0.45 | M41: 0.45 | N41: 0.45 | O41: 0.45 | P41: 0.3 | Q41: 0.3 | R41: 0.3 | S41: 0.3 | T41: 0.3 | U41: 0.3 | V41: 0.3 | W41: 0.3 | X41: 0.6 | Y41: 0.8 | Z41: 0.9 | AA41: 0.8 | AB41: 0.6 | AC41: 0.3
E42: Saturday | F42: 0.1 | G42: 0.1 | H42: 0.1 | I42: 0.1 | J42: 0.1 | K42: 0.3 | L42: 0.45 | M42: 0.45 | N42: 0.45 | O42: 0.45 | P42: 0.3 | Q42: 0.3 | R42: 0.3 | S42: 0.3 | T42: 0.3 | U42: 0.3 | V42: 0.3 | W42: 0.3 | X42: 0.6 | Y42: 0.8 | Z42: 0.9 | AA42: 0.8 | AB42: 0.6 | AC42: 0.3
E43: Sunday | F43: 0.1 | G43: 0.1 | H43: 0.1 | I43: 0.1 | J43: 0.1 | K43: 0.3 | L43: 0.45 | M43: 0.45 | N43: 0.45 | O43: 0.45 | P43: 0.3 | Q43: 0.3 | R43: 0.3 | S43: 0.3 | T43: 0.3 | U43: 0.3 | V43: 0.3 | W43: 0.3 | X43: 0.6 | Y43: 0.8 | Z43: 0.9 | AA43: 0.8 | AB43: 0.6 | AC43: 0.3
A44: Common Use Area | B44: ResidentialCommon | C44: ServiceHotWater | D44: T24 2022 - Appendix 5.4B [ResidentialCommon] | E44: Weekday | F44: 0 | G44: 0 | H44: 0 | I44: 0.05 | J44: 0.05 | K44: 0.05 | L44: 0.8 | M44: 0.7 | N44: 0.5 | O44: 0.4 | P44: 0.25 | Q44: 0.25 | R44: 0.25 | S44: 0.25 | T44: 0.5 | U44: 0.6 | V44: 0.7 | W44: 0.7 | X44: 0.4 | Y44: 0.25 | Z44: 0.2 | AA44: 0.2 | AB44: 0.05 | AC44: 0.05
E45: Saturday | F45: 0 | G45: 0 | H45: 0 | I45: 0.05 | J45: 0.05 | K45: 0.05 | L45: 0.8 | M45: 0.7 | N45: 0.5 | O45: 0.4 | P45: 0.25 | Q45: 0.25 | R45: 0.25 | S45: 0.25 | T45: 0.5 | U45: 0.6 | V45: 0.7 | W45: 0.7 | X45: 0.4 | Y45: 0.25 | Z45: 0.2 | AA45: 0.2 | AB45: 0.05 | AC45: 0.05
E46: Sunday | F46: 0 | G46: 0 | H46: 0 | I46: 0.05 | J46: 0.05 | K46: 0.05 | L46: 0.8 | M46: 0.7 | N46: 0.5 | O46: 0.4 | P46: 0.25 | Q46: 0.25 | R46: 0.25 | S46: 0.25 | T46: 0.5 | U46: 0.6 | V46: 0.7 | W46: 0.7 | X46: 0.4 | Y46: 0.25 | Z46: 0.2 | AA46: 0.2 | AB46: 0.05 | AC46: 0.05
A47: Common Use Area | B47: ResidentialCommon | C47: GasEquipment | D47: T24 2022 - Appendix 5.4B [ResidentialCommon] | E47: Weekday | F47: 0 | G47: 0 | H47: 0 | I47: 0 | J47: 0 | K47: 0.5 | L47: 0.5 | M47: 0.1 | N47: 0.1 | O47: 0.1 | P47: 0.1 | Q47: 0.5 | R47: 0.5 | S47: 0.1 | T47: 0.1 | U47: 0.1 | V47: 0.5 | W47: 0.5 | X47: 0.5 | Y47: 0.1 | Z47: 0 | AA47: 0 | AB47: 0 | AC47: 0
E48: Saturday | F48: 0 | G48: 0 | H48: 0 | I48: 0 | J48: 0 | K48: 0.5 | L48: 0.5 | M48: 0.1 | N48: 0.1 | O48: 0.1 | P48: 0.1 | Q48: 0.5 | R48: 0.5 | S48: 0.1 | T48: 0.1 | U48: 0.1 | V48: 0.5 | W48: 0.5 | X48: 0.5 | Y48: 0.1 | Z48: 0 | AA48: 0 | AB48: 0 | AC48: 0
E49: Sunday | F49: 0 | G49: 0 | H49: 0 | I49: 0 | J49: 0 | K49: 0.5 | L49: 0.5 | M49: 0.1 | N49: 0.1 | O49: 0.1 | P49: 0.1 | Q49: 0.5 | R49: 0.5 | S49: 0.1 | T49: 0.1 | U49: 0.1 | V49: 0.5 | W49: 0.5 | X49: 0.5 | Y49: 0.1 | Z49: 0 | AA49: 0 | AB49: 0 | AC49: 0
A50: Common Use Area | B50: =B41 -> ResidentialCommon | C50: HVACAvail | D50: T24 2022 - Appendix 5.4B [ResidentialCommon] | E50: Weekday | F50: 1 | G50: 1 | H50: 1 | I50: 1 | J50: 1 | K50: 1 | L50: 1 | M50: 1 | N50: 1 | O50: 1 | P50: 1 | Q50: 1 | R50: 1 | S50: 1 | T50: 1 | U50: 1 | V50: 1 | W50: 1 | X50: 1 | Y50: 1 | Z50: 1 | AA50: 1 | AB50: 1 | AC50: 1
E51: Saturday | F51: 1 | G51: 1 | H51: 1 | I51: 1 | J51: 1 | K51: 1 | L51: 1 | M51: 1 | N51: 1 | O51: 1 | P51: 1 | Q51: 1 | R51: 1 | S51: 1 | T51: 1 | U51: 1 | V51: 1 | W51: 1 | X51: 1 | Y51: 1 | Z51: 1 | AA51: 1 | AB51: 1 | AC51: 1
E52: Sunday | F52: 1 | G52: 1 | H52: 1 | I52: 1 | J52: 1 | K52: 1 | L52: 1 | M52: 1 | N52: 1 | O52: 1 | P52: 1 | Q52: 1 | R52: 1 | S52: 1 | T52: 1 | U52: 1 | V52: 1 | W52: 1 | X52: 1 | Y52: 1 | Z52: 1 | AA52: 1 | AB52: 1 | AC52: 1
A53: Common Use Area | B53: ResidentialCommon | C53: HtgSetpt | D53: T24 2022 - Appendix 5.4B [ResidentialCommon] | E53: Weekday | F53: =IF(F50=0,Thermostat!$B$4,Thermostat!$B$3) -> 68 | G53: =IF(G50=0,Thermostat!$B$4,Thermostat!$B$3) -> 68 | H53: =IF(H50=0,Thermostat!$B$4,Thermostat!$B$3) -> 68 | I53: =IF(I50=0,Thermostat!$B$4,Thermostat!$B$3) -> 68 | J53: =IF(J50=0,Thermostat!$B$4,Thermostat!$B$3) -> 68 | K53: =IF(K50=0,Thermostat!$B$4,Thermostat!$B$3) -> 68 | L53: =IF(L50=0,Thermostat!$B$4,Thermostat!$B$3) -> 68 | M53: =IF(M50=0,Thermostat!$B$4,Thermostat!$B$3) -> 68 | ... AC53: =IF(AC50=0,Thermostat!$B$4,Thermostat!$B$3) -> 68
E54: Saturday | F54: =IF(F51=0,Thermostat!$B$4,Thermostat!$B$3) -> 68 | G54: =IF(G51=0,Thermostat!$B$4,Thermostat!$B$3) -> 68 | H54: =IF(H51=0,Thermostat!$B$4,Thermostat!$B$3) -> 68 | I54: =IF(I51=0,Thermostat!$B$4,Thermostat!$B$3) -> 68 | J54: =IF(J51=0,Thermostat!$B$4,Thermostat!$B$3) -> 68 | K54: =IF(K51=0,Thermostat!$B$4,Thermostat!$B$3) -> 68 | L54: =IF(L51=0,Thermostat!$B$4,Thermostat!$B$3) -> 68 | M54: =IF(M51=0,Thermostat!$B$4,Thermostat!$B$3) -> 68 | ... AC54: =IF(AC51=0,Thermostat!$B$4,Thermostat!$B$3) -> 68
E55: Sunday | F55: =IF(F52=0,Thermostat!$B$4,Thermostat!$B$3) -> 68 | G55: =IF(G52=0,Thermostat!$B$4,Thermostat!$B$3) -> 68 | H55: =IF(H52=0,Thermostat!$B$4,Thermostat!$B$3) -> 68 | I55: =IF(I52=0,Thermostat!$B$4,Thermostat!$B$3) -> 68 | J55: =IF(J52=0,Thermostat!$B$4,Thermostat!$B$3) -> 68 | K55: =IF(K52=0,Thermostat!$B$4,Thermostat!$B$3) -> 68 | L55: =IF(L52=0,Thermostat!$B$4,Thermostat!$B$3) -> 68 | M55: =IF(M52=0,Thermostat!$B$4,Thermostat!$B$3) -> 68 | ... AC55: =IF(AC52=0,Thermostat!$B$4,Thermostat!$B$3) -> 68
A56: Common Use Area | B56: ResidentialCommon | C56: ClgSetpt | D56: T24 2022 - Appendix 5.4B [ResidentialCommon] | E56: Weekday | F56: =IF(F50=0,Thermostat!$B$6,Thermostat!$B$5) -> 78 | G56: =IF(G50=0,Thermostat!$B$6,Thermostat!$B$5) -> 78 | H56: =IF(H50=0,Thermostat!$B$6,Thermostat!$B$5) -> 78 | I56: =IF(I50=0,Thermostat!$B$6,Thermostat!$B$5) -> 78 | J56: =IF(J50=0,Thermostat!$B$6,Thermostat!$B$5) -> 78 | K56: =IF(K50=0,Thermostat!$B$6,Thermostat!$B$5) -> 78 | L56: =IF(L50=0,Thermostat!$B$6,Thermostat!$B$5) -> 78 | M56: =IF(M50=0,Thermostat!$B$6,Thermostat!$B$5) -> 78 | ... AC56: =IF(AC50=0,Thermostat!$B$6,Thermostat!$B$5) -> 78
E57: Saturday | F57: =IF(F51=0,Thermostat!$B$6,Thermostat!$B$5) -> 78 | G57: =IF(G51=0,Thermostat!$B$6,Thermostat!$B$5) -> 78 | H57: =IF(H51=0,Thermostat!$B$6,Thermostat!$B$5) -> 78 | I57: =IF(I51=0,Thermostat!$B$6,Thermostat!$B$5) -> 78 | J57: =IF(J51=0,Thermostat!$B$6,Thermostat!$B$5) -> 78 | K57: =IF(K51=0,Thermostat!$B$6,Thermostat!$B$5) -> 78 | L57: =IF(L51=0,Thermostat!$B$6,Thermostat!$B$5) -> 78 | M57: =IF(M51=0,Thermostat!$B$6,Thermostat!$B$5) -> 78 | ... AC57: =IF(AC51=0,Thermostat!$B$6,Thermostat!$B$5) -> 78
E58: Sunday | F58: =IF(F52=0,Thermostat!$B$6,Thermostat!$B$5) -> 78 | G58: =IF(G52=0,Thermostat!$B$6,Thermostat!$B$5) -> 78 | H58: =IF(H52=0,Thermostat!$B$6,Thermostat!$B$5) -> 78 | I58: =IF(I52=0,Thermostat!$B$6,Thermostat!$B$5) -> 78 | J58: =IF(J52=0,Thermostat!$B$6,Thermostat!$B$5) -> 78 | K58: =IF(K52=0,Thermostat!$B$6,Thermostat!$B$5) -> 78 | L58: =IF(L52=0,Thermostat!$B$6,Thermostat!$B$5) -> 78 | M58: =IF(M52=0,Thermostat!$B$6,Thermostat!$B$5) -> 78 | ... AC58: =IF(AC52=0,Thermostat!$B$6,Thermostat!$B$5) -> 78
A59: Common Use Area | B59: ResidentialCommon | C59: Infiltration | D59: T24 2022 - Appendix 5.4B [ResidentialCommon] | E59: Weekday | F59: 0.25 | G59: 0.25 | H59: 0.25 | I59: 0.25 | J59: 0.25 | K59: 0.25 | L59: 0.25 | M59: 0.25 | N59: 0.25 | O59: 0.25 | P59: 0.25 | Q59: 0.25 | R59: 0.25 | S59: 0.25 | T59: 0.25 | U59: 0.25 | V59: 0.25 | W59: 0.25 | X59: 0.25 | Y59: 0.25 | Z59: 0.25 | AA59: 0.25 | AB59: 0.25 | AC59: 0.25
E60: Saturday | F60: 0.25 | G60: 0.25 | H60: 0.25 | I60: 0.25 | J60: 0.25 | K60: 0.25 | L60: 0.25 | M60: 0.25 | N60: 0.25 | O60: 0.25 | P60: 0.25 | Q60: 0.25 | R60: 0.25 | S60: 0.25 | T60: 0.25 | U60: 0.25 | V60: 0.25 | W60: 0.25 | X60: 0.25 | Y60: 0.25 | Z60: 0.25 | AA60: 0.25 | AB60: 0.25 | AC60: 0.25
E61: Sunday | F61: 0.25 | G61: 0.25 | H61: 0.25 | I61: 0.25 | J61: 0.25 | K61: 0.25 | L61: 0.25 | M61: 0.25 | N61: 0.25 | O61: 0.25 | P61: 0.25 | Q61: 0.25 | R61: 0.25 | S61: 0.25 | T61: 0.25 | U61: 0.25 | V61: 0.25 | W61: 0.25 | X61: 0.25 | Y61: 0.25 | Z61: 0.25 | AA61: 0.25 | AB61: 0.25 | AC61: 0.25
A62: Common Use Area | B62: ResidentialCommon | C62: Refrigeration | D62: T24 2022 - Appendix 5.4B [ResidentialCommon] | E62: Weekday | F62: 0.9 | G62: 0.9 | H62: 0.9 | I62: 0.9 | J62: 0.9 | K62: 0.9 | L62: 0.9 | M62: 0.9 | N62: 0.9 | O62: 0.9 | P62: 0.9 | Q62: 0.9 | R62: 0.9 | S62: 0.9 | T62: 0.9 | U62: 0.9 | V62: 0.9 | W62: 0.9 | X62: 0.9 | Y62: 0.9 | Z62: 0.9 | AA62: 0.9 | AB62: 0.9 | AC62: 0.9
E63: Saturday | F63: 0.9 | G63: 0.9 | H63: 0.9 | I63: 0.9 | J63: 0.9 | K63: 0.9 | L63: 0.9 | M63: 0.9 | N63: 0.9 | O63: 0.9 | P63: 0.9 | Q63: 0.9 | R63: 0.9 | S63: 0.9 | T63: 0.9 | U63: 0.9 | V63: 0.9 | W63: 0.9 | X63: 0.9 | Y63: 0.9 | Z63: 0.9 | AA63: 0.9 | AB63: 0.9 | AC63: 0.9
E64: Sunday | F64: 0.9 | G64: 0.9 | H64: 0.9 | I64: 0.9 | J64: 0.9 | K64: 0.9 | L64: 0.9 | M64: 0.9 | N64: 0.9 | O64: 0.9 | P64: 0.9 | Q64: 0.9 | R64: 0.9 | S64: 0.9 | T64: 0.9 | U64: 0.9 | V64: 0.9 | W64: 0.9 | X64: 0.9 | Y64: 0.9 | Z64: 0.9 | AA64: 0.9 | AB64: 0.9 | AC64: 0.9
A65: Retail
A66: Retail | B66: Retail | C66: Occupancy | D66: T24 2022 - Appendix 5.4B [Retail] | E66: Weekday | F66: 0 | G66: 0 | H66: 0 | I66: 0 | J66: 0 | K66: 0 | L66: 0 | M66: 0.1 | N66: 0.2 | O66: 0.5 | P66: 0.5 | Q66: 0.7 | R66: 0.7 | S66: 0.7 | T66: 0.7 | U66: 0.8 | V66: 0.7 | W66: 0.5 | X66: 0.5 | Y66: 0.3 | Z66: 0.3 | AA66: 0 | AB66: 0 | AC66: 0
E67: Saturday | F67: 0 | G67: 0 | H67: 0 | I67: 0 | J67: 0 | K67: 0 | L67: 0 | M67: 0.1 | N67: 0.2 | O67: 0.5 | P67: 0.6 | Q67: 0.8 | R67: 0.8 | S67: 0.8 | T67: 0.8 | U67: 0.8 | V67: 0.8 | W67: 0.6 | X67: 0.2 | Y67: 0.2 | Z67: 0.2 | AA67: 0.1 | AB67: 0 | AC67: 0
E68: Sunday | F68: 0 | G68: 0 | H68: 0 | I68: 0 | J68: 0 | K68: 0 | L68: 0 | M68: 0 | N68: 0 | O68: 0.1 | P68: 0.2 | Q68: 0.2 | R68: 0.4 | S68: 0.4 | T68: 0.4 | U68: 0.4 | V68: 0.4 | W68: 0.2 | X68: 0.1 | Y68: 0 | Z68: 0 | AA68: 0 | AB68: 0 | AC68: 0
A69: =A66 -> Retail | B69: =B66 -> Retail | C69: Lights | D69: T24 2022 - Appendix 5.4B [Retail] | E69: Weekday | F69: 0.05 | G69: 0.05 | H69: 0.05 | I69: 0.05 | J69: 0.05 | K69: 0.05 | L69: 0.05 | M69: 0.2 | N69: 0.5 | O69: 0.85 | P69: 0.85 | Q69: 0.85 | R69: 0.85 | S69: 0.85 | T69: 0.85 | U69: 0.85 | V69: 0.85 | W69: 0.85 | X69: 0.55 | Y69: 0.55 | Z69: 0.5 | AA69: 0.2 | AB69: 0.05 | AC69: 0.05
E70: Saturday | F70: 0.05 | G70: 0.05 | H70: 0.05 | I70: 0.05 | J70: 0.05 | K70: 0.05 | L70: 0.05 | M70: 0.1 | N70: 0.3 | O70: 0.55 | P70: 0.85 | Q70: 0.85 | R70: 0.85 | S70: 0.85 | T70: 0.85 | U70: 0.85 | V70: 0.85 | W70: 0.85 | X70: 0.5 | Y70: 0.3 | Z70: 0.3 | AA70: 0.1 | AB70: 0.05 | AC70: 0.05
E71: Sunday | F71: 0.05 | G71: 0.05 | H71: 0.05 | I71: 0.05 | J71: 0.05 | K71: 0.05 | L71: 0.05 | M71: 0.05 | N71: 0.1 | O71: 0.1 | P71: 0.4 | Q71: 0.4 | R71: 0.55 | S71: 0.55 | T71: 0.55 | U71: 0.55 | V71: 0.55 | W71: 0.4 | X71: 0.2 | Y71: 0.05 | Z71: 0.05 | AA71: 0.05 | AB71: 0.05 | AC71: 0.05
A72: =A66 -> Retail | B72: =B66 -> Retail | C72: ElecEquipment | D72: Plug load and schedules project with CEC, 2025 | E72: Weekday | F72: 0.4 | G72: 0.4 | H72: 0.4 | I72: 0.4 | J72: 0.4 | K72: 0.4 | L72: 0.6 | M72: 0.6 | N72: 0.9 | O72: 0.9 | P72: 0.9 | Q72: 0.9 | R72: 0.9 | S72: 0.9 | T72: 0.9 | U72: 0.9 | V72: 0.9 | W72: 0.9 | X72: 0.9 | Y72: 0.6 | Z72: 0.6 | AA72: 0.4 | AB72: 0.4 | AC72: 0.4
E73: Saturday | F73: 0.4 | G73: 0.4 | H73: 0.4 | I73: 0.4 | J73: 0.4 | K73: 0.4 | L73: 0.6 | M73: 0.6 | N73: 0.9 | O73: 0.9 | P73: 0.9 | Q73: 0.9 | R73: 0.9 | S73: 0.9 | T73: 0.9 | U73: 0.9 | V73: 0.9 | W73: 0.9 | X73: 0.9 | Y73: 0.6 | Z73: 0.6 | AA73: 0.4 | AB73: 0.4 | AC73: 0.4
E74: Sunday | F74: 0.4 | G74: 0.4 | H74: 0.4 | I74: 0.4 | J74: 0.4 | K74: 0.4 | L74: 0.4 | M74: 0.4 | N74: 0.6 | O74: 0.6 | P74: 0.6 | Q74: 0.9 | R74: 0.9 | S74: 0.9 | T74: 0.9 | U74: 0.9 | V74: 0.9 | W74: 0.6 | X74: 0.6 | Y74: 0.4 | Z74: 0.4 | AA74: 0.4 | AB74: 0.4 | AC74: 0.4
A75: =A69 -> Retail | B75: =B69 -> Retail | C75: HVACAvail | D75: T24 2022 - Appendix 5.4B [Retail] | E75: Weekday | F75: 0 | G75: 0 | H75: 0 | I75: 0 | J75: 0 | K75: 0 | L75: 1 | M75: 1 | N75: 1 | O75: 1 | P75: 1 | Q75: 1 | R75: 1 | S75: 1 | T75: 1 | U75: 1 | V75: 1 | W75: 1 | X75: 1 | Y75: 1 | Z75: 1 | AA75: 0 | AB75: 0 | AC75: 0
E76: Saturday | F76: 0 | G76: 0 | H76: 0 | I76: 0 | J76: 0 | K76: 0 | L76: 1 | M76: 1 | N76: 1 | O76: 1 | P76: 1 | Q76: 1 | R76: 1 | S76: 1 | T76: 1 | U76: 1 | V76: 1 | W76: 1 | X76: 1 | Y76: 1 | Z76: 1 | AA76: 1 | AB76: 0 | AC76: 0
E77: Sunday | F77: 0 | G77: 0 | H77: 0 | I77: 0 | J77: 0 | K77: 0 | L77: 0 | M77: 0 | N77: 1 | O77: 1 | P77: 1 | Q77: 1 | R77: 1 | S77: 1 | T77: 1 | U77: 1 | V77: 1 | W77: 1 | X77: 1 | Y77: 0 | Z77: 0 | AA77: 0 | AB77: 0 | AC77: 0
A78: =A72 -> Retail | B78: =B72 -> Retail | C78: ServiceHotWater | D78: T24 2022 - Appendix 5.4B [Retail] | E78: Weekday | F78: 0.04 | G78: 0.05 | H78: 0.05 | I78: 0.04 | J78: 0.04 | K78: 0.04 | L78: 0.04 | M78: 0.15 | N78: 0.23 | O78: 0.32 | P78: 0.41 | Q78: 0.57 | R78: 0.62 | S78: 0.61 | T78: 0.5 | U78: 0.45 | V78: 0.46 | W78: 0.47 | X78: 0.42 | Y78: 0.34 | Z78: 0.33 | AA78: 0.23 | AB78: 0.13 | AC78: 0.08
E79: Saturday | F79: 0.11 | G79: 0.1 | H79: 0.08 | I79: 0.06 | J79: 0.06 | K79: 0.06 | L79: 0.07 | M79: 0.2 | N79: 0.24 | O79: 0.27 | P79: 0.42 | Q79: 0.54 | R79: 0.59 | S79: 0.6 | T79: 0.49 | U79: 0.48 | V79: 0.47 | W79: 0.46 | X79: 0.44 | Y79: 0.36 | Z79: 0.29 | AA79: 0.22 | AB79: 0.16 | AC79: 0.13
E80: Sunday | F80: 0.07 | G80: 0.07 | H80: 0.07 | I80: 0.06 | J80: 0.06 | K80: 0.06 | L80: 0.07 | M80: 0.1 | N80: 0.12 | O80: 0.14 | P80: 0.29 | Q80: 0.31 | R80: 0.36 | S80: 0.36 | T80: 0.34 | U80: 0.35 | V80: 0.37 | W80: 0.34 | X80: 0.25 | Y80: 0.27 | Z80: 0.21 | AA80: 0.16 | AB80: 0.1 | AC80: 0.06
A81: =A75 -> Retail | B81: =B75 -> Retail | C81: Infiltration | D81: T24 2022 - Appendix 5.4B [Retail] | E81: Weekday | F81: 1 | G81: 1 | H81: 1 | I81: 1 | J81: 1 | K81: 1 | L81: 0.25 | M81: 0.25 | N81: 0.25 | O81: 0.25 | P81: 0.25 | Q81: 0.25 | R81: 0.25 | S81: 0.25 | T81: 0.25 | U81: 0.25 | V81: 0.25 | W81: 0.25 | X81: 0.25 | Y81: 0.25 | Z81: 0.25 | AA81: 1 | AB81: 1 | AC81: 1
E82: Saturday | F82: 1 | G82: 1 | H82: 1 | I82: 1 | J82: 1 | K82: 1 | L82: 0.25 | M82: 0.25 | N82: 0.25 | O82: 0.25 | P82: 0.25 | Q82: 0.25 | R82: 0.25 | S82: 0.25 | T82: 0.25 | U82: 0.25 | V82: 0.25 | W82: 0.25 | X82: 0.25 | Y82: 0.25 | Z82: 0.25 | AA82: 0.25 | AB82: 1 | AC82: 1
E83: Sunday | F83: 1 | G83: 1 | H83: 1 | I83: 1 | J83: 1 | K83: 1 | L83: 1 | M83: 1 | N83: 0.25 | O83: 0.25 | P83: 0.25 | Q83: 0.25 | R83: 0.25 | S83: 0.25 | T83: 0.25 | U83: 0.25 | V83: 0.25 | W83: 0.25 | X83: 0.25 | Y83: 1 | Z83: 1 | AA83: 1 | AB83: 1 | AC83: 1
A84: =A78 -> Retail | B84: =B78 -> Retail | C84: Refrigeration | D84: T24 2022 - Appendix 5.4B [Retail] | E84: Weekday | F84: 0.9 | G84: 0.9 | H84: 0.9 | I84: 0.9 | J84: 0.9 | K84: 0.9 | L84: 0.9 | M84: 0.9 | N84: 0.9 | O84: 0.9 | P84: 0.9 | Q84: 0.9 | R84: 0.9 | S84: 0.9 | T84: 0.9 | U84: 0.9 | V84: 0.9 | W84: 0.9 | X84: 0.9 | Y84: 0.9 | Z84: 0.9 | AA84: 0.9 | AB84: 0.9 | AC84: 0.9
E85: Saturday | F85: 0.9 | G85: 0.9 | H85: 0.9 | I85: 0.9 | J85: 0.9 | K85: 0.9 | L85: 0.9 | M85: 0.9 | N85: 0.9 | O85: 0.9 | P85: 0.9 | Q85: 0.9 | R85: 0.9 | S85: 0.9 | T85: 0.9 | U85: 0.9 | V85: 0.9 | W85: 0.9 | X85: 0.9 | Y85: 0.9 | Z85: 0.9 | AA85: 0.9 | AB85: 0.9 | AC85: 0.9
E86: Sunday | F86: 0.9 | G86: 0.9 | H86: 0.9 | I86: 0.9 | J86: 0.9 | K86: 0.9 | L86: 0.9 | M86: 0.9 | N86: 0.9 | O86: 0.9 | P86: 0.9 | Q86: 0.9 | R86: 0.9 | S86: 0.9 | T86: 0.9 | U86: 0.9 | V86: 0.9 | W86: 0.9 | X86: 0.9 | Y86: 0.9 | Z86: 0.9 | AA86: 0.9 | AB86: 0.9 | AC86: 0.9
A87: =A78 -> Retail | B87: =B78 -> Retail | C87: HtgSetpt | D87: T24 2022 - Appendix 5.4B [Retail] | E87: Weekday | F87: =IF(F75=0,Thermostat!$B$11,Thermostat!$B$10) -> 60 | G87: =IF(G75=0,Thermostat!$B$11,Thermostat!$B$10) -> 60 | H87: =IF(H75=0,Thermostat!$B$11,Thermostat!$B$10) -> 60 | I87: =IF(I75=0,Thermostat!$B$11,Thermostat!$B$10) -> 60 | J87: =IF(J75=0,Thermostat!$B$11,Thermostat!$B$10) -> 60 | K87: =IF(K75=0,Thermostat!$B$11,Thermostat!$B$10) -> 60 | L87: =IF(L75=0,Thermostat!$B$11,Thermostat!$B$10) -> 70 | M87: =IF(M75=0,Thermostat!$B$11,Thermostat!$B$10) -> 70 | ... AC87: =IF(AC75=0,Thermostat!$B$11,Thermostat!$B$10) -> 60
E88: Saturday | F88: =IF(F76=0,Thermostat!$B$11,Thermostat!$B$10) -> 60 | G88: =IF(G76=0,Thermostat!$B$11,Thermostat!$B$10) -> 60 | H88: =IF(H76=0,Thermostat!$B$11,Thermostat!$B$10) -> 60 | I88: =IF(I76=0,Thermostat!$B$11,Thermostat!$B$10) -> 60 | J88: =IF(J76=0,Thermostat!$B$11,Thermostat!$B$10) -> 60 | K88: =IF(K76=0,Thermostat!$B$11,Thermostat!$B$10) -> 60 | L88: =IF(L76=0,Thermostat!$B$11,Thermostat!$B$10) -> 70 | M88: =IF(M76=0,Thermostat!$B$11,Thermostat!$B$10) -> 70 | ... AC88: =IF(AC76=0,Thermostat!$B$11,Thermostat!$B$10) -> 60
E89: Sunday | F89: =IF(F77=0,Thermostat!$B$11,Thermostat!$B$10) -> 60 | G89: =IF(G77=0,Thermostat!$B$11,Thermostat!$B$10) -> 60 | H89: =IF(H77=0,Thermostat!$B$11,Thermostat!$B$10) -> 60 | I89: =IF(I77=0,Thermostat!$B$11,Thermostat!$B$10) -> 60 | J89: =IF(J77=0,Thermostat!$B$11,Thermostat!$B$10) -> 60 | K89: =IF(K77=0,Thermostat!$B$11,Thermostat!$B$10) -> 60 | L89: =IF(L77=0,Thermostat!$B$11,Thermostat!$B$10) -> 60 | M89: =IF(M77=0,Thermostat!$B$11,Thermostat!$B$10) -> 60 | ... AC89: =IF(AC77=0,Thermostat!$B$11,Thermostat!$B$10) -> 60
A90: =A81 -> Retail | B90: =B81 -> Retail | C90: ClgSetpt | D90: T24 2022 - Appendix 5.4B [Retail] | E90: Weekday | F90: =IF(F75=0,Thermostat!$B$13,Thermostat!$B$12) -> 85 | G90: =IF(G75=0,Thermostat!$B$13,Thermostat!$B$12) -> 85 | H90: =IF(H75=0,Thermostat!$B$13,Thermostat!$B$12) -> 85 | I90: =IF(I75=0,Thermostat!$B$13,Thermostat!$B$12) -> 85 | J90: =IF(J75=0,Thermostat!$B$13,Thermostat!$B$12) -> 85 | K90: =IF(K75=0,Thermostat!$B$13,Thermostat!$B$12) -> 85 | L90: =IF(L75=0,Thermostat!$B$13,Thermostat!$B$12) -> 75 | M90: =IF(M75=0,Thermostat!$B$13,Thermostat!$B$12) -> 75 | ... AC90: =IF(AC75=0,Thermostat!$B$13,Thermostat!$B$12) -> 85
E91: Saturday | F91: =IF(F76=0,Thermostat!$B$13,Thermostat!$B$12) -> 85 | G91: =IF(G76=0,Thermostat!$B$13,Thermostat!$B$12) -> 85 | H91: =IF(H76=0,Thermostat!$B$13,Thermostat!$B$12) -> 85 | I91: =IF(I76=0,Thermostat!$B$13,Thermostat!$B$12) -> 85 | J91: =IF(J76=0,Thermostat!$B$13,Thermostat!$B$12) -> 85 | K91: =IF(K76=0,Thermostat!$B$13,Thermostat!$B$12) -> 85 | L91: =IF(L76=0,Thermostat!$B$13,Thermostat!$B$12) -> 75 | M91: =IF(M76=0,Thermostat!$B$13,Thermostat!$B$12) -> 75 | ... AC91: =IF(AC76=0,Thermostat!$B$13,Thermostat!$B$12) -> 85
E92: Sunday | F92: =IF(F77=0,Thermostat!$B$13,Thermostat!$B$12) -> 85 | G92: =IF(G77=0,Thermostat!$B$13,Thermostat!$B$12) -> 85 | H92: =IF(H77=0,Thermostat!$B$13,Thermostat!$B$12) -> 85 | I92: =IF(I77=0,Thermostat!$B$13,Thermostat!$B$12) -> 85 | J92: =IF(J77=0,Thermostat!$B$13,Thermostat!$B$12) -> 85 | K92: =IF(K77=0,Thermostat!$B$13,Thermostat!$B$12) -> 85 | L92: =IF(L77=0,Thermostat!$B$13,Thermostat!$B$12) -> 85 | M92: =IF(M77=0,Thermostat!$B$13,Thermostat!$B$12) -> 85 | ... AC92: =IF(AC77=0,Thermostat!$B$13,Thermostat!$B$12) -> 85
A93: Other
B94: Building | C94: Elevator | D94: T24 2022 - Appendix 5.4B, [LivingResidential] | E94: Weekday | F94: 0 | G94: 0 | H94: 0 | I94: 0 | J94: 0 | K94: 0 | L94: 0 | M94: 0.35 | N94: 0.69 | O94: 0.43 | P94: 0.37 | Q94: 0.43 | R94: 0.58 | S94: 0.48 | T94: 0.37 | U94: 0.37 | V94: 0.46 | W94: 0.62 | X94: 0.2 | Y94: 0.12 | Z94: 0.04 | AA94: 0.04 | AB94: 0 | AC94: 0 | AD94: 0
E95: Saturday | F95: 0 | G95: 0 | H95: 0 | I95: 0 | J95: 0 | K95: 0 | L95: 0 | M95: 0.35 | N95: 0.69 | O95: 0.43 | P95: 0.37 | Q95: 0.43 | R95: 0.58 | S95: 0.48 | T95: 0.37 | U95: 0.37 | V95: 0.46 | W95: 0.62 | X95: 0.2 | Y95: 0.12 | Z95: 0.04 | AA95: 0.04 | AB95: 0 | AC95: 0 | AD95: 0
E96: Sunday | F96: 0 | G96: 0 | H96: 0 | I96: 0 | J96: 0 | K96: 0 | L96: 0 | M96: 0.35 | N96: 0.69 | O96: 0.43 | P96: 0.37 | Q96: 0.43 | R96: 0.58 | S96: 0.48 | T96: 0.37 | U96: 0.37 | V96: 0.46 | W96: 0.62 | X96: 0.2 | Y96: 0.12 | Z96: 0.04 | AA96: 0.04 | AB96: 0 | AC96: 0 | AD96: 0
B97: Building | C97: ExtLightingNonMotionCtrl | E97: Weekday | F97: 1 | G97: 1 | H97: 1 | I97: 1 | J97: 1 | K97: 1 | L97: 1 | M97: 1 | N97: 1 | O97: 1 | P97: 1 | Q97: 1 | R97: 1 | S97: 1 | T97: 1 | U97: 1 | V97: 1 | W97: 1 | X97: 1 | Y97: 1 | Z97: 1 | AA97: 1 | AB97: 1 | AC97: 1
E98: Saturday | F98: 1 | G98: 1 | H98: 1 | I98: 1 | J98: 1 | K98: 1 | L98: 1 | M98: 1 | N98: 1 | O98: 1 | P98: 1 | Q98: 1 | R98: 1 | S98: 1 | T98: 1 | U98: 1 | V98: 1 | W98: 1 | X98: 1 | Y98: 1 | Z98: 1 | AA98: 1 | AB98: 1 | AC98: 1
E99: Sunday | F99: 1 | G99: 1 | H99: 1 | I99: 1 | J99: 1 | K99: 1 | L99: 1 | M99: 1 | N99: 1 | O99: 1 | P99: 1 | Q99: 1 | R99: 1 | S99: 1 | T99: 1 | U99: 1 | V99: 1 | W99: 1 | X99: 1 | Y99: 1 | Z99: 1 | AA99: 1 | AB99: 1 | AC99: 1
B100: Building | C100: ExtLightingMotionCtrl | E100: Weekday | F100: 0 | G100: 0 | H100: 0 | I100: 0 | J100: 0 | K100: 1 | L100: 1 | M100: 1 | N100: 1 | O100: 1 | P100: 1 | Q100: 1 | R100: 1 | S100: 1 | T100: 1 | U100: 1 | V100: 1 | W100: 1 | X100: 1 | Y100: 1 | Z100: 1 | AA100: 1 | AB100: 0 | AC100: 0
...

Sheet Energy Usage
A1: ="Energy Consumption - " &Prototype!A2 -> Energy Consumption - ApartmentMidRise
A2: Prototype | B2: CZ | C2: Total Floorspace (Thousand of ft2) | D2: Electric Energy Intensity (kWh/ft2) | E2: Annual Gas Intensity (kBTU/ft2)
A3: =Prototype!A2 -> ApartmentMidRise | B3: 1
B4: 2
B5: 3
B6: 4
B7: 5
B8: 6
B9: 7
B10: 8
B11: 9
B12: 10
B13: 11
B14: 12
B15: 13
... B18: 16
A25: Background Data [To be deleted prior to publication]

Sheet Weights
A1: ="% of Floor Area per CZ and Vintage Bin - "&Prototype!A2 -> % of Floor Area per CZ and Vintage Bin - ApartmentMidRise
A2: Prototype | B2: CZ | C2: Vintage Bin
C3: Pre-1978 | D3: 1978-1997 | E3: 1998-2007 | F3: 2008-2018 | G3: Not available
A4: =Prototype!A2 -> ApartmentMidRise | B4: 1 | H4: =SUM(C4:G4) -> 0
B5: 2 | H5: =SUM(C5:G5) -> 0
B6: 3 | H6: =SUM(C6:G6) -> 0
B7: 4 | H7: =SUM(C7:G7) -> 0
B8: 5 | H8: =SUM(C8:G8) -> 0
B9: 6 | H9: =SUM(C9:G9) -> 0
B10: 7 | H10: =SUM(C10:G10) -> 0
B11: 8 | H11: =SUM(C11:G11) -> 0
B12: 9 | H12: =SUM(C12:G12) -> 0
B13: 10 | H13: =SUM(C13:G13) -> 0
B14: 11 | H14: =SUM(C14:G14) -> 0
B15: 12 | H15: =SUM(C15:G15) -> 0
B16: 13 | H16: =SUM(C16:G16) -> 0
... B19: 16 | H19: =SUM(C19:G19) -> 0
B20: Statewide
A29: Background Data [To be deleted prior to publication]

Sheet PV
A1: ="PV - "&Prototype!A2 -> PV - ApartmentMidRise
A2: TBD

Sheet EV Charger
A1: ="EV Charger - "&Prototype!A2 -> EV Charger - ApartmentMidRise
A2: TBD
A11: Background Data [To be deleted prior to publication]

Sheet Data
A1: Space Function | B1: Electric Equipment Load Intensity | C1: Electric Equipment Load Intensity | D1: LPD
A2: Aging Eye/Low-vision (Corridor Area) | D2: 2013 | E2: 2016 | F2: 2019 | G2: 2025
A3: Aging Eye/Low-vision (Dining)
A4: Aging Eye/Low-vision (Lobby, Main Entry)
A5: Aging Eye/Low-vision (Lounge/Waiting Area)
A6: Aging Eye/Low-vision (Multipurpose Room)
A7: Aging Eye/Low-vision (Religious Worship Area)
A8: Aging Eye/Low-vision (Restroom)
A9: Aging Eye/Low-vision (Stairwell)
A10: Audience Seating Area
A11: Auditorium Area
A12: Auto Repair / Maintenance Area
A13: Barber, Beauty Salon, Spa Area
A14: Civic Meeting Place Area
... A83: Server Room (EPD 45)
