Workbook
Name nonparticipating_forecastzone_scale_factor: 'Energy Usage'!#REF!
Name Space_Function: Data!$A$2:$A$76

Sheet Notes
A1: Data Sources
A2: Dataset | B2: Dodge 2023
B3: CEUS 2022
B4: CBECS 2018
B5: ComStock 2023
A6: Prototype | B6: CEC Small Hotel prototype (CBECC 2022.3.1) | C6: https://bees.noresco.com/software2022.html
B7: PNNL Small Hotel prototype (90.1-2022, 2019) | C7: https://www.energycodes.gov/prototype-building-models#Commercial
B8: DEER Small Hotel prototype (June 2023) | C8: https://github.com/sound-data/DEER-Prototypes-EnergyPlus
A10: Codes | B10: Title 24, part 6, referred to as T24 (1984, 2001, 2007, 2013, 2022, 2025)
B11: ASHRAE 90.1 (2022)
B12: CFR Title 10 (2009) | C12: https://www.govinfo.gov/content/pkg/FR-2009-03-23/pdf/FR-2009-03-23.pdf
B13: CFR Title 10 ( 2013) | C13: https://www.govinfo.gov/content/pkg/CFR-2013-title10-vol3/pdf/CFR-2013-title10-vol3-part431.pdf
B14: CFR Title 10 ( 2024) | C14: https://www.govinfo.gov/content/pkg/CFR-2024-title10-vol3/pdf/CFR-2024-title10-vol3-part431-subpartF.pdf
A16: Others | B16: ACM (2022)
B17: Title 24, 2022 - Appendix 5.4A and Appendix 5.4B | C17: https://www.energy.ca.gov/publications/2022/2022-nonresidential-and-multifamily-alternative-calculation-method-reference
B18: 2022 Reduced infiltration CASE report | C18: https://title24stakeholders.com/wp-content/uploads/2020/10/2022-T24-Final-CASE-Report_Reduce-Infiltration.pdf
B19: Honeywell, INNCOM e7 Thermostat User Guide, 2017 | C19: https://prod-edam.honeywell.com/content/dam/honeywell-edam/hbt/en-us/documents/manuals-and-guides/installation-guides/inncom/hbt-bms-INNCOM-e7-USER-GUIDE.pdf?download=false
B20: 2019 Outdoor Lighting CASE Report | C20: https://title24stakeholders.com/wp-content/uploads/2016/10/T24-2019-CASE-Study-Results-Report-Outdoor-Sources_Final_with-Attachments.pdf
B21: 2025 State of the Industry Report | C21: https://www.ahla.com/sites/default/files/25_SOTI.pdf
B22: PNNL 20405, 2010 | C22: https://www.pnnl.gov/main/publications/external/technical_reports/PNNL-20405.pdf
B23: Air leakage Memo, NORESCO, 2025 | C23: Infiltration_rate_report_14May2025-Short-Version.docx
B24: Proposed Updates to Equipment Power Densities and Building Schedules for the 2028 Energy Code, referred to as "Plug load and schedules project with CEC, 2025" (Docket Number =25-BSTD-03 & TN=265693) | C24: https://efiling.energy.ca.gov/GetDocument.aspx?tn=265693&DocumentContentId=102545
A26: Construction Rate
A39: Notes
A40: Small Hotel | B40: is defined as any hotel with floor area below 60,000 ft² , no matter of their number of stories.
A41: EIA, 2018 CBECS | B41: Approximately 42% of lodging buildings were between 1,001 ft² and 10,000 ft². On average, lodging buildings were among the largest commercial building types (33,700 ft² per building). More than one-half (56%) of lodging buildings were on a campus or complex. The majority of lodging buildings were not tall—only 2% of lodging buildings had 10 or more floors. Buildings that had one or two floors accounted for 71% of all lodging buildings.
A63: Dodge 2023

Sheet Prototype
A1: NORESCO, Updated August 2025
A2: HotelSmall
A3: Characteristic | B3: Value | C3: Data Sources
A4: Building Type | B4: Small Hotel
A5: Building Category | B5: Nonresidential
A6: Vintages | B6: 4 Vintages: Pre-1978 , 1978-1997 ,1998-2007 , 2008-2018 New Construction (2019+) | C6: Based on the vintage bin analysis | D6: NonRes-Vintage bins-Draft Report-30Nov2023-Final.docx
A7: Shape | C7: Same as CEC and PNNL, except CalBEM is three stories whereas CEC and PNNL have four stories
A8: Total Floor Area (ft²) | B8: 32,400 (180 ft x 60 ft) | C8: Footprint same as CEC and PNNL, but total floor area based on Dodge 2023 data
A9: Aspect Ratio | B9: 3 | C9: Same as CEC and PNNL
A10: Number of Floors | B10: 3 | C10: Based on Dodge 2023 data (Median number of stories)
A11: Roof type | B11: Flat Wood-Framed Roof for Guest rooms of Hotel/Motel | C11: Same as CEC and PNNL
A12: WWR | B12: South: 15.2%, East: 3.1%, North: 11.4%, West: 4.0% Average Total: 10.9%
A13: Shading Geometry | B13: No Shades | C13: Same as CEC and PNNL
A14: Floor to floor height (ft) | B14: Ground floor: 11 ft Upper floors: 9 ft | C14: Same as CEC and PNNL
A15: Floor to ceiling height (ft) | B15: Same as above | C15: Same as CEC and PNNL
A16: Glazing sill height (ft) | B16: 3 ft in ground floor, 2 ft. in upper floors | C16: Same as CEC and PNNL
A21: Existing prototypes:
A22: DEER motel model | C22: PNNL
C23: #VALUE!

Sheet Zones
A1: Proposed Layout - HotelSmall
A2: Space/Thermal Zone | B2: Space Type | C2: HVAC Zone | D2: Schedule Category | E2: Conditioned [Y/N] | F2: Area Fraction | G2: Area (ft²) | H2: Volume [ft³] | I2: Multipliers | J2: People | K2: People (Persons/1,000 ft²) [T24, 2025,Table 120.1-A]
A3: Corridor_FloorG | B3: Corridor Area | C3: BaseAirSys5 | D3: ResidentialCommon | E3: Yes | F3: =G3/$G$51 -> 0.054998656 | G3: 1782.21 | H3: 19605.24 | I3: 1 | J3: =(G3/1000)*K3 -> 8.91105 | K3: 5
A4: Corridor_FloorM | B4: Corridor Area | C4: BaseAirSys5-2 | D4: ResidentialCommon | E4: Yes | F4: =G4/$G$51 -> 0.046664965 | G4: 1512.16 | H4: 13610.11 | I4: 1 | J4: =(G4/1000)*K4 -> 7.5608 | K4: 5
A5: Corridor_FloorT | B5: Corridor Area | C5: BaseAirSys5-3 | D5: ResidentialCommon | E5: Yes | F5: =G5/$G$51 -> 0.046664965 | G5: 1512.16 | H5: 13610.11 | I5: 1 | J5: =(G5/1000)*K5 -> 7.5608 | K5: 5
A6: Lounge_FloorG | B6: Lounge, Breakroom, or Waiting Area | C6: BaseAirSys5 | D6: ResidentialCommon | E6: Yes | F6: =G6/$G$51 -> 0.010832718 | G6: 351.03 | H6: 3861.57 | I6: 1 | J6: =(G6/1000)*K6 -> 11.58399 | K6: 33
A7: Gym_FloorG | B7: Exercise/Fitness Center and Gymnasium Areas | C7: BaseAirSys5 | D7: Assembly | E7: Yes | F7: =G7/$G$51 -> 0.010832718 | G7: 351.03 | H7: 3861.57 | I7: 1 | J7: =(G7/1000)*K7 -> 3.5103 | K7: 10
A8: Front_Lounge_FloorG | B8: Lounge, Breakroom, or Waiting Area | C8: BaseAirSys5 | D8: ResidentialCommon | E8: Yes | F8: =G8/$G$51 -> 0.054168219 | G8: 1755.3 | H8: 19309.26 | I8: 1 | J8: =(G8/1000)*K8 -> 57.9249 | K8: 33
A9: Front_Office_FloorG | B9: Office Area (>250 square feet) | C9: BaseAirSys5 | D9: Office | E9: Yes | F9: =G9/$G$51 -> 0.043331489 | G9: 1404.14 | H9: 15446.26 | I9: 1 | J9: =(G9/1000)*K9 -> 7.0207 | K9: 5
A10: Front_Stair_FloorG | B10: Stairwell | C10: BaseAirSys5 | D10: ResidentialCommon | E10: Yes | F10: =G10/$G$51 -> 0.0066663354 | G10: 216.02 | H10: 2376.35 | I10: 1 | J10: =(G10/1000)*K10 -> 0 | K10: 0
A11: Front_Stair_FloorM | B11: Stairwell | C11: BaseAirSys5-2 | D11: ResidentialCommon | E11: Yes | F11: =G11/$G$51 -> 0.0066663354 | G11: 216.02 | H11: 1944.29 | I11: 1 | J11: =(G11/1000)*K11 -> 0 | K11: 0
A12: Front_Stair_FloorT | B12: Stairwell | C12: BaseAirSys5-3 | D12: ResidentialCommon | E12: Yes | F12: =G12/$G$51 -> 0.0066663354 | G12: 216.02 | H12: 1944.29 | I12: 1 | J12: =(G12/1000)*K12 -> 0 | K12: 0
A13: Front_Storage_FloorG | B13: Storage (General) | C13: BaseAirSys5 | D13: Assembly | E13: Yes | F13: =G13/$G$51 -> 0.0041663825 | G13: 135.01 | H13: 1485.22 | I13: 1 | J13: =(G13/1000)*K13 -> 0.27002 | K13: 2
A14: Front_Storage_FloorM | B14: Storage (General) | C14: BaseAirSys5-2 | D14: Assembly | E14: Yes | F14: =G14/$G$51 -> 0.0041663825 | G14: 135.01 | H14: 1215.18 | I14: 1 | J14: =(G14/1000)*K14 -> 0.27002 | K14: 2
... A50: Restroom_FloorG | B50: Restrooms | C50: BaseAirSys5 | D50: ResidentialCommon | E50: Yes | F50: =G50/$G$51 -> 0.010833644 | G50: 351.06 | H50: 3861.85 | I50: 1 | J50: =(G50/1000)*K50 -> 1.7553 | K50: 5
A51: Total (48 spaces/Thermal zones) | B51: Total (11 Space types) | C51: Total (28 HVAC Zones) | D51: Total (3 Schedule Categories) | E51: Total (48 Conditioned zones) | F51: =SUM(F3:F50) -> 1 | G51: =SUM(G3:G50) -> 32404.61 | J51: =SUM(J3:J50) -> 201.26094 | K51: 0
B53: Ref: Geometry and zones: PNNL 2022 small hotel prototype
A63: Background Data [To be deleted prior to publication]

Sheet HVAC System
A1: ="HVAC system - "&Prototype!A2 -> HVAC system - HotelSmall
A2: Vintage | B2: Zones | C2: Heating | D2: Cooling | E2: Air Distribution | F2: Source | G2: Note
A3: Existing | B3: Guest Rooms | C3: Electric resistance | D3: PTAC | E3: CAV | F3: CEUS 2022
B4: All other conditioned zones | C4: Electric resistance | D4: PTAC | E4: CAV | F4: CEUS 2022
A6: New Construction | B6: Guest Rooms | C6: PTHP | D6: PTAC | E6: CAV | F6: T24 2025 | G6: Residential air conditioner- System1-RAC
B7: All other conditioned zones | C7: Gas Boiler | D7: PVAV | E7: VAV + Hydronic Reheat | F7: T24 2025 | G7: Packaged VAV-System5
A11: Efficiency of HVAC system (Efficiency is capacity-dependent. The following Table provides a general estimate of system efficiency based on what we saw in the existing prototype runs, or assuming cooling load based on rule of thumb)
A12: Vintage | B12: Upgrade/Installed year | C12: DX Cooling-Guest Rooms | D12: DX Cooling-All Other Conditioned Zones | E12: Gas Boiler- Guest rooms and All Other Conditioned Zones | F12: Sources | G12: Note
A13: Pre 1978 | B13: 2008 | C13: EER=9 (<65,000 Btu/h) | D13: - | E13: - | F13: CFR Energy 2008 (for DX Cooling)
A14: 1978-1997
A15: 1998-2007
A16: 2008-2018 | B16: 2013 | C16: EER=9 (<65,000 Btu/h) | D16: - | E16: - | F16: CFR Energy 2010:Title 10- Table 9 (for DX Cooling)
A17: New Construction | B17: 2025 | C17: EER=9 (<65,000 Btu/h) | D17: EER=10 (≥ 240,000 Btu/h and < 760,000 Btu/h) and EER=9 (<65,000 Btu/h) | E17: Thermal Efficiency (Et) of 84% | F17: CFR Energy 2025, Table 12 (for DX Coils) T24, 2022 ,Table 110.2-J (for Boiler thermal efficiency) | G17: Deduct 0.2 from the required EERs and IEERs for units with a heating section other than electric resistance heat.
A21: Fan power
A22: Vintage | B22: Approach | C22: System | D22: Total Static Pressure (TSP) (in w.c.) [PNNL 20405, 2010, Table 5.11] | E22: Fan Efficiency [ACM 2025] | F22: Fan Motor and Drive Efficiency [ACM 2025, Table 13] | G22: W/cfm [ACM 2025, Table 14 and 15] | H22: Data Source
A23: Existing | B23: PNNL TSP | C23: PTAC, PTHP | D23: 1.33 | E23: 0.65 | F23: ~0.9 (The full-load efficiency of the motor serving the fan- will be determined based on ACM 2025, Table 13) | H23: PNNL 20405, 2010, Table 5.11
A24: Brake horse power (bhp)=(Supply cfm*TSP in w.c.)/(6356*Fan efficiency)
A25: Fan power (w/cfm) = bhp/motor and drive efficiency *746
A26: cfm = supply fan airflow as determined by EnergyPlus sizing runs
A27: Nameplate horsepower = brake horsepower × (1+10% oversizing factor)
A28: Motor nameplate horsepower will be determined based of NEMA standards
A29: New Construction | B29: ACM 2025 | C29: System 3b-SZHP, <5000 | D29: =G29*$F$29*$E$29/746*6356 -> 3.7082915 | E29: 0.65 | F29: 0.9 | G29: 0.744 | H29: ACM 2025
C30: PVAV System >10,000 cfm | D30: =G30*$F$29*$E$29/746*6356 -> 4.8048293 | G30: 0.964
F31: * 0.9 is an average fan efficiency according to ACM 2025, Table 13
A32: Fan total eff (E+ input) = 0.65 x Motor_eff
A33: TSP (E+ input) in w.c. = Motor_eff/746 x (6356 x Fan_eff) x W/cfm
A34: Fan_eff=0.65
A36: Background Data [To be deleted prior to publication]
A41: CEUS 2022 | B41: Heating | F41: Cooling | H41: Air Distribution | I41: Water Heater
B42: Floorspace Heated | C42: Primary Heating The default is the floorspace method unless otherwise specified | D42: Fuel Type | F42: Floorspace Cooled | G42: Primary Cooling The default is the floorspace method unless otherwise specified | H42: Primary Air Dis The default is the floorspace method unless otherwise specified | I42: Fuel Type
D43: Elec | E43: Gas | I43: Elec | J43: Gas
A44: Lodging | B44: 0.99109826 | C44: Floorspace method: Package System / Heat Pump (37.5%) Boiler/ Hydronic (30.5%) Site method: Package System / Heat Pump (53.3%) Boiler/ Hydronic (8.8%) | D44: 0.4024 | E44: 0.566 | F44: 0.97514167 | G44: Floorspace method: Package System / Heat Pump (37.4%) Central Plant (Chiller) (29.8%) Site method: Package System / Heat Pump (53.2%) Central Plant (Chiller) (6.8%) | H44: Single Duct CAV (53.9%) Fan Coil Unit/Ventilator (33.2%) | I44: 0.033100835 | J44: 0.83999183

Sheet Envelope
A1: Envelope - HotelSmall
A2: Element | B2: Prototype | C2: Assembly Type | D2: Construction | E2: Thermal Properties | F2: Vintage | G2: Selected T24 | H2: Note | I2: CZ1 | J2: CZ2 | K2: CZ3 | L2: CZ4 | M2: CZ5 | N2: CZ6 | O2: CZ7 | P2: CZ8 | Q2: CZ9 | R2: CZ10 | S2: CZ11 | T2: CZ12 | U2: CZ13 | V2: CZ14 | W2: CZ15 | X2: CZ16
A3: External Wall_Guest Room | B3: HotelSmall | C3: ExtWall_MetalFramed_GuestRooms | D3: Stucco + Metal-frame (2x4 16 in. OC) + insulation + Gypsum board | E3: U-factor IP | F3: Pre 1978 | G3: N/A | H3: ASHRAE 90.1, 2022, Table A3.3.3.1, 3.5", R-0 | I3: 0.352 | J3: 0.352 | K3: 0.352 | L3: 0.352 | M3: 0.352 | N3: 0.352 | O3: 0.352 | P3: 0.352 | Q3: 0.352 | R3: 0.352 | S3: 0.352 | T3: 0.352 | U3: 0.352 | V3: 0.352 | W3: 0.352 | X3: 0.352
F4: 1978-1997 | G4: 1986 | H4: Copied from High-rise office alternative requirements (Table 2-53W): Package A with heat capacity between 10-14.99 (Btu/F-ft²) *T24, 1986, Table 2-53BB presents U-factors less than the next vintage (for wall density of 26-40 lb/ft² & Degree day<3500)! | I4: =1/4.7 -> 0.21276596 | J4: =1/4.4 -> 0.22727273 | K4: =1/4.4 -> 0.22727273 | L4: =1/4.6 -> 0.2173913 | M4: =1/3.9 -> 0.25641026 | N4: =1/3.9 -> 0.25641026 | O4: =1/3.9 -> 0.25641026 | P4: =1/3.9 -> 0.25641026 | Q4: =1/3.9 -> 0.25641026 | R4: =1/3.9 -> 0.25641026 | S4: =1/4.2 -> 0.23809524 | T4: =1/4.2 -> 0.23809524 | U4: =1/4.2 -> 0.23809524 | V4: =1/4.8 -> 0.20833333 | W4: =1/4.8 -> 0.20833333 | X4: =1/4.7 -> 0.21276596
F5: 1998-2007 | G5: 2001 | H5: Table 1-I-Guest rooms of Hotel/Motel | I5: 0.14 | J5: 0.175 | K5: 0.181 | L5: 0.181 | M5: 0.181 | N5: 0.181 | O5: 0.181 | P5: 0.181 | Q5: 0.181 | R5: 0.175 | S5: 0.175 | T5: 0.175 | U5: 0.175 | V5: 0.175 | W5: 0.175 | X5: 0.14
F6: 2008-2018 | G6: 2013 | H6: Table 140.3-C-Guest rooms of Hotel/Motel | I6: 0.105 | J6: 0.105 | K6: 0.105 | L6: 0.105 | M6: 0.105 | N6: 0.105 | O6: 0.105 | P6: 0.105 | Q6: 0.105 | R6: 0.105 | S6: 0.105 | T6: 0.105 | U6: 0.105 | V6: 0.105 | W6: 0.105 | X6: 0.105
F7: 2019+ | G7: 2025 | H7: Table 140.3-C-Guest rooms of Hotel/Motel | I7: 0.069 | J7: 0.069 | K7: 0.069 | L7: 0.069 | M7: 0.069 | N7: 0.069 | O7: 0.105 | P7: 0.069 | Q7: 0.069 | R7: 0.069 | S7: 0.069 | T7: 0.069 | U7: 0.069 | V7: 0.069 | W7: 0.048 | X7: 0.069
A8: External Wall_Nonres | B8: HotelSmall | C8: ExtWall_MetalFramed_NonRes | D8: Stucco + Metal frame (2x4 16 in. OC) + insulation + Gypsum board | E8: U-factor IP | F8: Pre 1978 | G8: N/A | H8: ASHRAE 90.1, 2022, Table A3.3.3.1, 3.5", R-0 | I8: 0.352 | J8: 0.352 | K8: 0.352 | L8: 0.352 | M8: 0.352 | N8: 0.352 | O8: 0.352 | P8: 0.352 | Q8: 0.352 | R8: 0.352 | S8: 0.352 | T8: 0.352 | U8: 0.352 | V8: 0.352 | W8: 0.352 | X8: 0.352
F9: 1978-1997 | G9: 1986 | H9: Copied from High-rise office alternative requirements (Table 2-53W): Package A with heat capacity between 10-14.99 (Btu/F-ft²) *T24, 1986, Table 2-53BB presents U-factors less than the next vintage (for wall density of 26-40 lb/ft² & Degree day<3500)! | I9: 0.21276596 | J9: 0.22727273 | K9: 0.22727273 | L9: 0.2173913 | M9: 0.25641026 | N9: 0.25641026 | O9: 0.25641026 | P9: 0.25641026 | Q9: 0.25641026 | R9: 0.25641026 | S9: 0.23809524 | T9: 0.23809524 | U9: 0.23809524 | V9: 0.20833333 | W9: 0.20833333 | X9: 0.21276596
F10: 1998-2007 | G10: 2001 | H10: Table 1-H-NonRes Bldgs | I10: 0.182 | J10: 0.182 | K10: 0.189 | L10: 0.189 | M10: 0.189 | N10: 0.189 | O10: 0.189 | P10: 0.189 | Q10: 0.189 | R10: 0.182 | S10: 0.182 | T10: 0.182 | U10: 0.182 | V10: 0.182 | W10: 0.182 | X10: 0.182
F11: 2008-2018 | G11: 2013 | H11: Table 140.3-B-NonRes Bldgs | I11: 0.098 | J11: 0.062 | K11: 0.082 | L11: 0.062 | M11: 0.062 | N11: 0.098 | O11: 0.098 | P11: 0.062 | Q11: 0.062 | R11: 0.062 | S11: 0.062 | T11: 0.062 | U11: 0.062 | V11: 0.062 | W11: 0.062 | X11: 0.062
F12: 2019+ | G12: 2025 | H12: Table 140.3-B-NonRes Bldgs | I12: 0.06 | J12: 0.055 | K12: 0.071 | L12: 0.055 | M12: 0.055 | N12: 0.06 | O12: 0.06 | P12: 0.055 | Q12: 0.055 | R12: 0.055 | S12: 0.055 | T12: 0.055 | U12: 0.055 | V12: 0.055 | W12: 0.055 | X12: 0.055
A13: Roof_Guest Room | B13: HotelSmall | C13: FlatRoof_WoodFramedAndOther_GuestRooms | D13: Roof membrane or shingles + roof insulation + wood decking/sheathing + wood framing | E13: U-factor IP | F13: Pre 1978 | G13: N/A | H13: Considering 30 years for roof/ insulation replacement. | I13: 0.037 | J13: 0.051 | K13: 0.051 | L13: 0.051 | M13: 0.051 | N13: 0.051 | O13: 0.051 | P13: 0.051 | Q13: 0.051 | R13: 0.051 | S13: 0.037 | T13: 0.037 | U13: 0.037 | V13: 0.037 | W13: 0.037 | X13: 0.037
F14: 1978-1997 | G14: N/A | I14: 0.037 | J14: 0.051 | K14: 0.051 | L14: 0.051 | M14: 0.051 | N14: 0.051 | O14: 0.051 | P14: 0.051 | Q14: 0.051 | R14: 0.051 | S14: 0.037 | T14: 0.037 | U14: 0.037 | V14: 0.037 | W14: 0.037 | X14: 0.037
F15: 1998-2007 | G15: 2001 | H15: Table 1-I-Guest rooms of Hotel/Motel | I15: 0.037 | J15: 0.037 | K15: 0.051 | L15: 0.051 | M15: 0.051 | N15: 0.051 | O15: 0.051 | P15: 0.051 | Q15: 0.051 | R15: 0.037 | S15: 0.037 | T15: 0.037 | U15: 0.037 | V15: 0.037 | W15: 0.037 | X15: 0.037
F16: 2008-2018 | G16: 2013 | H16: Table 140.3-C-Guest rooms of Hotel/Motel | I16: 0.034 | J16: 0.028 | K16: 0.039 | L16: 0.028 | M16: 0.039 | N16: 0.039 | O16: 0.039 | P16: 0.028 | Q16: 0.028 | R16: 0.028 | S16: 0.028 | T16: 0.028 | U16: 0.028 | V16: 0.028 | W16: 0.028 | X16: 0.028
F17: 2019+ | G17: 2025 | H17: Table 140.3-C-Guest rooms of Hotel/Motel | I17: 0.028 | J17: 0.028 | K17: 0.034 | L17: 0.028 | M17: 0.034 | N17: 0.034 | O17: 0.039 | P17: 0.028 | Q17: 0.028 | R17: 0.028 | S17: 0.028 | T17: 0.028 | U17: 0.028 | V17: 0.028 | W17: 0.028 | X17: 0.028
A18: Windows_ Guest Room | B18: HotelSmall | C18: FixedWindow_GuestRoom | D18: Single pane | E18: U-factor IP | F18: Pre 1978 | G18: N/A | H18: ASHRAE Handbook of Fundamentals (Table 4-Ch15) for single pane & T24, 2013 for double pane(33%-67%)* | I18: =0.33*1.12+0.67*0.36 -> 0.6108 | J18: =0.33*1.12+0.67*0.36 -> 0.6108 | K18: =0.33*1.12+0.67*0.36 -> 0.6108 | L18: =0.33*1.12+0.67*0.36 -> 0.6108 | M18: =0.33*1.12+0.67*0.36 -> 0.6108 | N18: =0.33*1.12+0.67*0.36 -> 0.6108 | O18: =0.33*1.12+0.67*0.36 -> 0.6108 | P18: =0.33*1.12+0.67*0.36 -> 0.6108 | ... X18: =0.33*1.12+0.67*0.36 -> 0.6108
F19: 1978-1997 | G19: N/A | I19: =0.33*1.12+0.67*0.36 -> 0.6108 | J19: =0.33*1.12+0.67*0.36 -> 0.6108 | K19: =0.33*1.12+0.67*0.36 -> 0.6108 | L19: =0.33*1.12+0.67*0.36 -> 0.6108 | M19: =0.33*1.12+0.67*0.36 -> 0.6108 | N19: =0.33*1.12+0.67*0.36 -> 0.6108 | O19: =0.33*1.12+0.67*0.36 -> 0.6108 | P19: =0.33*1.12+0.67*0.36 -> 0.6108 | ... X19: =0.33*1.12+0.67*0.36 -> 0.6108
D20: Double pane | F20: 1998-2007 | G20: 2001 | H20: Table 1-I-Guest rooms of Hotel/Motel | I20: 0.49 | J20: 0.49 | K20: 0.49 | L20: 0.49 | M20: 0.49 | N20: 0.49 | O20: 0.49 | P20: 0.49 | Q20: 0.49 | R20: 0.49 | S20: 0.49 | T20: 0.49 | U20: 0.49 | V20: 0.49 | W20: 0.49 | X20: 0.49
F21: 2008-2018 | G21: 2013 | H21: Table 140.3-C-Guest rooms of Hotel/Motel | I21: 0.36 | J21: 0.36 | K21: 0.36 | L21: 0.36 | M21: 0.36 | N21: 0.36 | O21: 0.36 | P21: 0.36 | Q21: 0.36 | R21: 0.36 | S21: 0.36 | T21: 0.36 | U21: 0.36 | V21: 0.36 | W21: 0.36 | X21: 0.36
F22: 2019+ | G22: 2025 | H22: Table 140.3-C-Guest rooms of Hotel/Motel | I22: 0.36 | J22: 0.36 | K22: 0.36 | L22: 0.36 | M22: 0.36 | N22: 0.36 | O22: 0.36 | P22: 0.36 | Q22: 0.36 | R22: 0.36 | S22: 0.36 | T22: 0.36 | U22: 0.36 | V22: 0.36 | W22: 0.36 | X22: 0.36
D23: Single pane | E23: SHGC | F23: Pre 1978 | G23: N/A | H23: ASHRAE Handbook of Fundamentals (Table 10-Ch15) for single pane & T24, 2013 for double pane(33%-67%)* | I23: =0.79*0.33+0.67*I36 -> 0.4282 | J23: =0.79*0.33+0.67*J36 -> 0.4282 | K23: =0.79*0.33+0.67*K36 -> 0.4282 | L23: =0.79*0.33+0.67*L36 -> 0.4282 | M23: =0.79*0.33+0.67*M36 -> 0.4282 | N23: =0.79*0.33+0.67*N36 -> 0.4282 | O23: =0.79*0.33+0.67*O36 -> 0.4282 | P23: =0.79*0.33+0.67*P36 -> 0.4282 | ... X23: =0.79*0.33+0.67*X36 -> 0.4282
F24: 1978-1997 | G24: N/A | I24: =0.79*0.33+0.67*I26 -> 0.4282 | J24: =0.79*0.33+0.67*J26 -> 0.4282 | K24: =0.79*0.33+0.67*K26 -> 0.4282 | L24: =0.79*0.33+0.67*L26 -> 0.4282 | M24: =0.79*0.33+0.67*M26 -> 0.4282 | N24: =0.79*0.33+0.67*N26 -> 0.4282 | O24: =0.79*0.33+0.67*O26 -> 0.4282 | P24: =0.79*0.33+0.67*P26 -> 0.4282 | ... X24: =0.79*0.33+0.67*X26 -> 0.4282
D25: Double pane | F25: 1998-2007 | G25: 2001 | H25: Table 1-I-Guest rooms of Hotel/Motel (WWR:10-20% / SHGC Non-north) | I25: 0.46 | J25: 0.36 | K25: 0.4 | L25: 0.4 | M25: 0.4 | N25: 0.4 | O25: 0.4 | P25: 0.4 | Q25: 0.4 | R25: 0.36 | S25: 0.36 | T25: 0.36 | U25: 0.36 | V25: 0.31 | W25: 0.31 | X25: 0.46
F26: 2008-2018 | G26: 2013 | H26: Table 140.3-C-Guest rooms of Hotel/Motel | I26: 0.25 | J26: 0.25 | K26: 0.25 | L26: 0.25 | M26: 0.25 | N26: 0.25 | O26: 0.25 | P26: 0.25 | Q26: 0.25 | R26: 0.25 | S26: 0.25 | T26: 0.25 | U26: 0.25 | V26: 0.25 | W26: 0.25 | X26: 0.25
F27: 2019+ | G27: 2025 | H27: Table 140.3-C-Guest rooms of Hotel/Motel | I27: 0.25 | J27: 0.25 | K27: 0.25 | L27: 0.25 | M27: 0.25 | N27: 0.25 | O27: 0.25 | P27: 0.25 | Q27: 0.25 | R27: 0.25 | S27: 0.25 | T27: 0.25 | U27: 0.25 | V27: 0.25 | W27: 0.25 | X27: 0.25
A28: Windows_ Nonres | B28: HotelSmall | C28: FixedWindow_NonRes | D28: Single pane | E28: U-factor IP | F28: Pre 1978 | G28: N/A | H28: ASHRAE Handbook of Fundamentals (Table 4-Ch15) for single pane & T24, 2013 for double pane(33%-67%)* | I28: =0.338*1.12+0.67*0.36 -> 0.61976 | J28: =0.338*1.12+0.67*0.36 -> 0.61976 | K28: =0.338*1.12+0.67*0.36 -> 0.61976 | L28: =0.338*1.12+0.67*0.36 -> 0.61976 | M28: =0.338*1.12+0.67*0.36 -> 0.61976 | N28: =0.338*1.12+0.67*0.36 -> 0.61976 | O28: =0.338*1.12+0.67*0.36 -> 0.61976 | P28: =0.338*1.12+0.67*0.36 -> 0.61976 | ... X28: =0.338*1.12+0.67*0.36 -> 0.61976
F29: 1978-1997 | G29: N/A | I29: =0.338*1.12+0.67*0.36 -> 0.61976 | J29: =0.338*1.12+0.67*0.36 -> 0.61976 | K29: =0.338*1.12+0.67*0.36 -> 0.61976 | L29: =0.338*1.12+0.67*0.36 -> 0.61976 | M29: =0.338*1.12+0.67*0.36 -> 0.61976 | N29: =0.338*1.12+0.67*0.36 -> 0.61976 | O29: =0.338*1.12+0.67*0.36 -> 0.61976 | P29: =0.338*1.12+0.67*0.36 -> 0.61976 | ... X29: =0.338*1.12+0.67*0.36 -> 0.61976
D30: Double pane | F30: 1998-2007 | G30: 2001 | H30: Table 1-H-NonRes Bldgs | I30: 0.49 | J30: 0.49 | K30: 0.81 | L30: 0.81 | M30: 0.81 | N30: 0.81 | O30: 0.81 | P30: 0.81 | Q30: 0.81 | R30: 0.49 | S30: 0.49 | T30: 0.49 | U30: 0.49 | V30: 0.49 | W30: 0.49 | X30: 0.49
F31: 2008-2018 | G31: 2013 | H31: Table 140.3-B-NonRes Bldgs | I31: 0.36 | J31: 0.36 | K31: 0.36 | L31: 0.36 | M31: 0.36 | N31: 0.36 | O31: 0.36 | P31: 0.36 | Q31: 0.36 | R31: 0.36 | S31: 0.36 | T31: 0.36 | U31: 0.36 | V31: 0.36 | W31: 0.36 | X31: 0.36
F32: 2019+ | G32: 2025 | H32: Table 140.3-B-NonRes Bldgs | I32: 0.36 | J32: 0.36 | K32: 0.36 | L32: 0.36 | M32: 0.36 | N32: 0.36 | O32: 0.36 | P32: 0.36 | Q32: 0.34 | R32: 0.36 | S32: 0.34 | T32: 0.34 | U32: 0.34 | V32: 0.34 | W32: 0.34 | X32: 0.36
D33: Single pane | E33: SHGC | F33: Pre 1978 | G33: N/A | H33: ASHRAE Handbook of Fundamentals (Table 10-Ch15) for single pane & T24, 2013 for double pane(33%-67%)* | I33: =0.79*0.33+0.67*I36 -> 0.4282 | J33: =0.79*0.33+0.67*J36 -> 0.4282 | K33: =0.79*0.33+0.67*K36 -> 0.4282 | L33: =0.79*0.33+0.67*L36 -> 0.4282 | M33: =0.79*0.33+0.67*M36 -> 0.4282 | N33: =0.79*0.33+0.67*N36 -> 0.4282 | O33: =0.79*0.33+0.67*O36 -> 0.4282 | P33: =0.79*0.33+0.67*P36 -> 0.4282 | ... X33: =0.79*0.33+0.67*X36 -> 0.4282
F34: 1978-1997 | G34: N/A | I34: =0.79*0.33+0.67*I36 -> 0.4282 | J34: =0.79*0.33+0.67*J36 -> 0.4282 | K34: =0.79*0.33+0.67*K36 -> 0.4282 | L34: =0.79*0.33+0.67*L36 -> 0.4282 | M34: =0.79*0.33+0.67*M36 -> 0.4282 | N34: =0.79*0.33+0.67*N36 -> 0.4282 | O34: =0.79*0.33+0.67*O36 -> 0.4282 | P34: =0.79*0.33+0.67*P36 -> 0.4282 | ... X34: =0.79*0.33+0.67*X36 -> 0.4282
D35: Double pane | F35: 1998-2007 | G35: 2001 | H35: Table 1-H-NonRes Bldgs (WWR:10-20% / SHGC Non-north) | I35: 0.43 | J35: 0.36 | K35: 0.55 | L35: 0.55 | M35: 0.55 | N35: 0.61 | O35: 0.61 | P35: 0.61 | Q35: 0.61 | R35: 0.36 | S35: 0.36 | T35: 0.36 | U35: 0.36 | V35: 0.36 | W35: 0.36 | X35: 0.43
F36: 2008-2018 | G36: 2013 | H36: Table 140.3-B-NonRes Bldgs | I36: 0.25 | J36: 0.25 | K36: 0.25 | L36: 0.25 | M36: 0.25 | N36: 0.25 | O36: 0.25 | P36: 0.25 | Q36: 0.25 | R36: 0.25 | S36: 0.25 | T36: 0.25 | U36: 0.25 | V36: 0.25 | W36: 0.25 | X36: 0.25
F37: 2019+ | G37: 2025 | H37: Table 140.3-B-NonRes Bldgs | I37: 0.25 | J37: 0.25 | K37: 0.25 | L37: 0.25 | M37: 0.25 | N37: 0.25 | O37: 0.25 | P37: 0.25 | Q37: 0.22 | R37: 0.25 | S37: 0.22 | T37: 0.22 | U37: 0.22 | V37: 0.22 | W37: 0.22 | X37: 0.25
E39: Infiltration
F40: Vintage | G40: I_75 (cfm/ft²) 6-sdied Infiltration rate @ 75 pa | H40: Source | I40: I-design (cfm/ft²) (4-sided Infiltration rate at normal pressure) (Design flow rate approach and Flow/Exterior Wall Area calculation method)
E41: Infiltration | F41: Pre 1978 | G41: 1.1 | H41: 2022 CASE report (Table 38) | I41: 0.3144
F42: 1978-1997 | G42: 1.1 | H42: 2022 CASE report (Table 38) | I42: 0.3144
F43: 1998-2007 | G43: 1.1 | H43: 2022 CASE report (Table 38) | I43: 0.3144
F44: 2008-2018 | G44: 1* | H44: 2022 CASE report (Table 38) & T24, 2008-2016 (Table 140.3-C) | I44: 0.2877
F45: 2019+ | G45: 0.6** | H45: 2022 CASE report (Table 38) & T24,140.3(a)9Cii & T24, 2025 (Table 140.3-C) | I45: 0.1715
E46: Infiltration_rate_report_14May2025-Short-Version.docx
E47: * An air barrier was not required for guest rooms under T24, until the 2019 edition. However, to reflect typical construction practices, we assumed that all exterior walls are equipped with an air barrier where it was required for nonresidential walls.
E48: *** T24 require 0.4 cfm/ft² for tested condition but it also in section 140.3(a)9Cii says that if the air leakage requirements are not met, a visual inspection and diagnostic evaluation shall be completed , all observed leaks shall be sealed where such sealing can be made without destruction of existing building components, and buildings where the tested leakage rate exceeded 0.6 cfm/ft² of building shell area at 75 Pa have been retested to confirm leakage is below 0.6 cfm/ft² of building shell at 75 Pa. Although T24,2025 does not require guest rooms in Climate Zone 7 to have an air barrier, we assumed that all CZs are equipped with one. According to Dodge 2023 CAS data CZ 7 accounts for ~ 6% of hotel floor area in CA. Therefore, we have decided to ignore the exemption for CZ7 and treated all CZs as having an air barrier for consistency and ease of simulation.
E50: ACM 2025, 5.4.2: For Standard Design, I-design shall be 0.2352 cfm/ft². .Hotel/Motel Buildings in climate zone 7 and for relocatable public school buildings I-design shall be 0.3696 cfm/ft²

Sheet Thermostat
A1: Thermostat Setpoints - HotelSmall
A2: Setpoint | B2: CZ1 | C2: CZ2 | D2: CZ3 | E2: CZ4 | F2: CZ5 | G2: CZ6 | H2: CZ7 | I2: CZ8 | J2: CZ9 | K2: CZ10 | L2: CZ11 | M2: CZ12 | N2: CZ13 | O2: CZ14 | P2: CZ15 | Q2: CZ16 | R2: Source
A3: Assembly and Office Heating Setpoint (F) | B3: 70 | C3: 70 | D3: 70 | E3: 70 | F3: 70 | G3: 70 | H3: 70 | I3: 70 | J3: 70 | K3: 70 | L3: 70 | M3: 70 | N3: 70 | O3: 70 | P3: 70 | Q3: 70 | R3: T24 2022 - Appendix 5.4B
A4: Assembly and Office Heating Setback (F) | B4: 60 | C4: 60 | D4: 60 | E4: 60 | F4: 60 | G4: 60 | H4: 60 | I4: 60 | J4: 60 | K4: 60 | L4: 60 | M4: 60 | N4: 60 | O4: 60 | P4: 60 | Q4: 60
A5: Assembly and Office Cooling Setpoint (F) | B5: 75 | C5: 75 | D5: 75 | E5: 75 | F5: 75 | G5: 75 | H5: 75 | I5: 75 | J5: 75 | K5: 75 | L5: 75 | M5: 75 | N5: 75 | O5: 75 | P5: 75 | Q5: 75
A6: Assembly and Office Cooling Setback (F) | B6: 85 | C6: 85 | D6: 85 | E6: 85 | F6: 85 | G6: 85 | H6: 85 | I6: 85 | J6: 85 | K6: 85 | L6: 85 | M6: 85 | N6: 85 | O6: 85 | P6: 85 | Q6: 85
A7: ResidentialCommon Heating Setpoint (F) | B7: 68 | C7: 68 | D7: 68 | E7: 68 | F7: 68 | G7: 68 | H7: 68 | I7: 68 | J7: 68 | K7: 68 | L7: 68 | M7: 68 | N7: 68 | O7: 68 | P7: 68 | Q7: 68 | R7: T24 2022 - Appendix 5.4B
A8: ResidentialCommon Heating Setback (F) | B8: 68 | C8: 68 | D8: 68 | E8: 68 | F8: 68 | G8: 68 | H8: 68 | I8: 68 | J8: 68 | K8: 68 | L8: 68 | M8: 68 | N8: 68 | O8: 68 | P8: 68 | Q8: 68
A9: ResidentialCommon Cooling Setpoint (F) | B9: 78 | C9: 78 | D9: 78 | E9: 78 | F9: 78 | G9: 78 | H9: 78 | I9: 78 | J9: 78 | K9: 78 | L9: 78 | M9: 78 | N9: 78 | O9: 78 | P9: 78 | Q9: 78
A10: ResidentialCommon Cooling Setback (F) | B10: 78 | C10: 78 | D10: 78 | E10: 78 | F10: 78 | G10: 78 | H10: 78 | I10: 78 | J10: 78 | K10: 78 | L10: 78 | M10: 78 | N10: 78 | O10: 78 | P10: 78 | Q10: 78
A11: ResidentialLiving Heating Setpoint (F) | B11: 70 | C11: 70 | D11: 70 | E11: 70 | F11: 70 | G11: 70 | H11: 70 | I11: 70 | J11: 70 | K11: 70 | L11: 70 | M11: 70 | N11: 70 | O11: 70 | P11: 70 | Q11: 70
A12: ResidentialLiving Heating Setback (F) | B12: 70 | C12: 70 | D12: 70 | E12: 70 | F12: 70 | G12: 70 | H12: 70 | I12: 70 | J12: 70 | K12: 70 | L12: 70 | M12: 70 | N12: 70 | O12: 70 | P12: 70 | Q12: 70
A13: ResidentialLiving Cooling Setpoint (F) | B13: 72 | C13: 72 | D13: 72 | E13: 72 | F13: 72 | G13: 72 | H13: 72 | I13: 72 | J13: 72 | K13: 72 | L13: 72 | M13: 72 | N13: 72 | O13: 72 | P13: 72 | Q13: 72 | R13: Honeywell-INNCOM e7 Thermostat User Guide
A14: ResidentialLiving Cooling Setback (F) | B14: 72 | C14: 72 | D14: 72 | E14: 72 | F14: 72 | G14: 72 | H14: 72 | I14: 72 | J14: 72 | K14: 72 | L14: 72 | M14: 72 | N14: 72 | O14: 72 | P14: 72 | Q14: 72 | R14: & Engineering Judgment
A15: PNNL had 70F for both cooling and heating setpoint without setback.
A16: 72F is the default setting for one of the most prominent thermostats (Inncom) in California hotels.
A17: It has a limit by which a hotel guest can override the default setting. For instance: if the default cooling setpoint is 72, the coolest that a user can set the cooling setpoint is 72-5 = 67F.
A18: Ref: https://prod-edam.honeywell.com/content/dam/honeywell-edam/hbt/en-us/documents/manuals-and-guides/installation-guides/inncom/hbt-bms-INNCOM-e7-USER-GUIDE.pdf
A22: Background Data [To be deleted prior to publication]
B23: Heating | E23: Cooling
B24: Weekday | C24: Saturday | D24: Sunday | E24: Weekday | F24: Saturday | G24: Sunday
A25: DEER | B25: 0:00 to 5:00 | C25: 0:00 to 5:00 | D25: 0:00 to 24:00 | E25: 0:00 to 5:00 | F25: 0:00 to 5:00 | G25: 0:00 to 24:00
B26: 15.56 | C26: 15.56 | D26: 15.56 | E26: 29.22 | F26: 29.22 | G26: 29.22
B27: 5:00 to 24:00 | C27: 5:00 to 19:00 | E27: 5:00 to 24:00 | F27: 5:00 to 19:00
B28: 21.11 | C28: 21.11 | E28: 23.88 | F28: 23.88
A31: T24, Appendix JA5-4 : Occupant Controlled Smart Thermostat (OCST)

Sheet Ventilation
A1: Outdoor Airflow Rate - HotelSmall
A2: Space | B2: Number of People | C2: Floor Area (ft²) | D2: cfm/person (T24, 2025, Equation 120.1-F and Table 120.1-A) | E2: cfm/ft² (T24, 2025, Equation 120.1-F and Table 120.1-A) | F2: Required Exhaust Rate (T24, 2025, Table 120.1-B – Minimum Exhaust Rates) | G2: Total cfm Driven by People | H2: Total cfm Driven by Area | I2: Total cfm Driven by Exhaust | J2: Total cfm | K2: Note
A3: =Zones!A3 -> Corridor_FloorG | B3: =Zones!J3 -> 8.91105 | C3: =Zones!G3 -> 1782.21 | D3: 15 | E3: 0.15 | G3: =B3*D3 -> 133.66575 | H3: =C3*E3 -> 267.3315 | J3: =MAX(G3:I3) -> 267.3315
A4: =Zones!A4 -> Corridor_FloorM | B4: =Zones!J4 -> 7.5608 | C4: =Zones!G4 -> 1512.16 | D4: 15 | E4: 0.15 | G4: =B4*D4 -> 113.412 | H4: =C4*E4 -> 226.824 | J4: =MAX(G4:I4) -> 226.824
A5: =Zones!A5 -> Corridor_FloorT | B5: =Zones!J5 -> 7.5608 | C5: =Zones!G5 -> 1512.16 | D5: 15 | E5: 0.15 | G5: =B5*D5 -> 113.412 | H5: =C5*E5 -> 226.824 | J5: =MAX(G5:I5) -> 226.824
A6: =Zones!A6 -> Lounge_FloorG | B6: =Zones!J6 -> 11.58399 | C6: =Zones!G6 -> 351.03 | D6: 15 | E6: 0.15 | G6: =B6*D6 -> 173.75985 | H6: =C6*E6 -> 52.6545 | J6: =MAX(G6:I6) -> 173.75985
A7: =Zones!A7 -> Gym_FloorG | B7: =Zones!J7 -> 3.5103 | C7: =Zones!G7 -> 351.03 | D7: 15 | E7: 0.15 | G7: =B7*D7 -> 52.6545 | H7: =C7*E7 -> 52.6545 | J7: =MAX(G7:I7) -> 52.6545
A8: =Zones!A8 -> Front_Lounge_FloorG | B8: =Zones!J8 -> 57.9249 | C8: =Zones!G8 -> 1755.3 | D8: 15 | E8: 0.15 | G8: =B8*D8 -> 868.8735 | H8: =C8*E8 -> 263.295 | J8: =MAX(G8:I8) -> 868.8735
A9: =Zones!A9 -> Front_Office_FloorG | B9: =Zones!J9 -> 7.0207 | C9: =Zones!G9 -> 1404.14 | D9: 15 | E9: 0.15 | G9: =B9*D9 -> 105.3105 | H9: =C9*E9 -> 210.621 | J9: =MAX(G9:I9) -> 210.621
A10: =Zones!A10 -> Front_Stair_FloorG | B10: =Zones!J10 -> 0 | C10: =Zones!G10 -> 216.02 | D10: 15 | E10: 0.15 | G10: =B10*D10 -> 0 | H10: =C10*E10 -> 32.403 | J10: =MAX(G10:I10) -> 32.403
A11: =Zones!A11 -> Front_Stair_FloorM | B11: =Zones!J11 -> 0 | C11: =Zones!G11 -> 216.02 | D11: 15 | E11: 0.15 | G11: =B11*D11 -> 0 | H11: =C11*E11 -> 32.403 | J11: =MAX(G11:I11) -> 32.403
A12: =Zones!A12 -> Front_Stair_FloorT | B12: =Zones!J12 -> 0 | C12: =Zones!G12 -> 216.02 | D12: 15 | E12: 0.15 | G12: =B12*D12 -> 0 | H12: =C12*E12 -> 32.403 | J12: =MAX(G12:I12) -> 32.403
A13: =Zones!A13 -> Front_Storage_FloorG | B13: =Zones!J13 -> 0.27002 | C13: =Zones!G13 -> 135.01 | D13: 15 | E13: 0.15 | G13: =B13*D13 -> 4.0503 | H13: =C13*E13 -> 20.2515 | J13: =MAX(G13:I13) -> 20.2515
A14: =Zones!A14 -> Front_Storage_FloorM | B14: =Zones!J14 -> 0.27002 | C14: =Zones!G14 -> 135.01 | D14: 15 | E14: 0.15 | G14: =B14*D14 -> 4.0503 | H14: =C14*E14 -> 20.2515 | J14: =MAX(G14:I14) -> 20.2515
A15: =Zones!A15 -> Front_Storage_FloorT | B15: =Zones!J15 -> 0.27002 | C15: =Zones!G15 -> 135.01 | D15: 15 | E15: 0.15 | G15: =B15*D15 -> 4.0503 | H15: =C15*E15 -> 20.2515 | J15: =MAX(G15:I15) -> 20.2515
A16: =Zones!A16 -> GuestRoom_1_FloorG | B16: =Zones!J16 -> 1.05318 | C16: =Zones!G16 -> 351.06 | D16: 15 | E16: 0.15 | F16: 20/50 cfm/unit per shower head | G16: =B16*D16 -> 15.7977 | H16: =C16*E16 -> 52.659 | I16: =50 -> 50 | J16: =MAX(G16:I16) -> 52.659 | K16: Ventilation air for this occupancy category shall be permitted to be reduced to zero when the space is in occupied-standby mode
A17: =Zones!A17 -> GuestRoom_2_FloorG | B17: =Zones!J17 -> 1.05318 | C17: =Zones!G17 -> 351.06 | D17: 15 | E17: 0.15 | F17: 20/50 cfm/unit per shower head | G17: =B17*D17 -> 15.7977 | H17: =C17*E17 -> 52.659 | I17: =50 -> 50 | J17: =MAX(G17:I17) -> 52.659
A18: =Zones!A18 -> GuestRoom_3_FloorG | B18: =Zones!J18 -> 1.05318 | C18: =Zones!G18 -> 351.06 | D18: 15 | E18: 0.15 | F18: 20/50 cfm/unit per shower head | G18: =B18*D18 -> 15.7977 | H18: =C18*E18 -> 52.659 | I18: =50 -> 50 | J18: =MAX(G18:I18) -> 52.659
A19: =Zones!A19 -> GuestRoom_4_FloorG | B19: =Zones!J19 -> 1.05309 | C19: =Zones!G19 -> 351.03 | D19: 15 | E19: 0.15 | F19: 20/50 cfm/unit per shower head | G19: =B19*D19 -> 15.79635 | H19: =C19*E19 -> 52.6545 | I19: =50 -> 50 | J19: =MAX(G19:I19) -> 52.6545
A20: =Zones!A20 -> GuestRoom_5_FloorG | B20: =Zones!J20 -> 1.05309 | C20: =Zones!G20 -> 351.03 | D20: 15 | E20: 0.15 | F20: 20/50 cfm/unit per shower head | G20: =B20*D20 -> 15.79635 | H20: =C20*E20 -> 52.6545 | I20: =50 -> 50 | J20: =MAX(G20:I20) -> 52.6545
A21: =Zones!A21 -> GuestRoom_1_FloorM | B21: =Zones!J21 -> 1.05318 | C21: =Zones!G21 -> 351.06 | D21: 15 | E21: 0.15 | F21: 20/50 cfm/unit per shower head | G21: =B21*D21 -> 15.7977 | H21: =C21*E21 -> 52.659 | I21: =50 -> 50 | J21: =MAX(G21:I21) -> 52.659
A22: =Zones!A22 -> GuestRoom_2_5_FloorM | B22: =Zones!J22 -> 4.21272 | C22: =Zones!G22 -> 1404.24 | D22: 15 | E22: 0.15 | F22: 20/50 cfm/unit per shower head | G22: =B22*D22 -> 63.1908 | H22: =C22*E22 -> 210.636 | I22: =50*B22 -> 210.636 | J22: =MAX(G22:I22) -> 210.636
A23: =Zones!A23 -> GuestRoom_6_8_FloorM | B23: =Zones!J23 -> 3.4026 | C23: =Zones!G23 -> 1134.2 | D23: 15 | E23: 0.15 | F23: 20/50 cfm/unit per shower head | G23: =B23*D23 -> 51.039 | H23: =C23*E23 -> 170.13 | I23: =50*B23 -> 170.13 | J23: =MAX(G23:I23) -> 170.13
A24: =Zones!A24 -> GuestRoom_9_12_FloorM | B24: =Zones!J24 -> 4.21272 | C24: =Zones!G24 -> 1404.24 | D24: 15 | E24: 0.15 | F24: 20/50 cfm/unit per shower head | G24: =B24*D24 -> 63.1908 | H24: =C24*E24 -> 210.636 | I24: =50*B24 -> 210.636 | J24: =MAX(G24:I24) -> 210.636
A25: =Zones!A25 -> GuestRoom_13_FloorM | B25: =Zones!J25 -> 1.05318 | C25: =Zones!G25 -> 351.06 | D25: 15 | E25: 0.15 | F25: 20/50 cfm/unit per shower head | G25: =B25*D25 -> 15.7977 | H25: =C25*E25 -> 52.659 | I25: =50*B25 -> 52.659 | J25: =MAX(G25:I25) -> 52.659
A26: =Zones!A26 -> GuestRoom_14_FloorM | B26: =Zones!J26 -> 1.05309 | C26: =Zones!G26 -> 351.03 | D26: 15 | E26: 0.15 | F26: 20/50 cfm/unit per shower head | G26: =B26*D26 -> 15.79635 | H26: =C26*E26 -> 52.6545 | I26: =50*B26 -> 52.6545 | J26: =MAX(G26:I26) -> 52.6545
A27: =Zones!A27 -> GuestRoom_15_18_FloorM | B27: =Zones!J27 -> 4.21242 | C27: =Zones!G27 -> 1404.14 | D27: 15 | E27: 0.15 | F27: 20/50 cfm/unit per shower head | G27: =B27*D27 -> 63.1863 | H27: =C27*E27 -> 210.621 | I27: =50*B27 -> 210.621 | J27: =MAX(G27:I27) -> 210.621
A28: =Zones!A28 -> GuestRoom_19_FloorM | B28: =Zones!J28 -> 1.05312 | C28: =Zones!G28 -> 351.04 | D28: 15 | E28: 0.15 | F28: 20/50 cfm/unit per shower head | G28: =B28*D28 -> 15.7968 | H28: =C28*E28 -> 52.656 | I28: =50*B28 -> 52.656 | J28: =MAX(G28:I28) -> 52.656
A29: =Zones!A29 -> GuestRoom_20_23_FloorM | B29: =Zones!J29 -> 4.21242 | C29: =Zones!G29 -> 1404.14 | D29: 15 | E29: 0.15 | F29: 20/50 cfm/unit per shower head | G29: =B29*D29 -> 63.1863 | H29: =C29*E29 -> 210.621 | I29: =50*B29 -> 210.621 | J29: =MAX(G29:I29) -> 210.621
A30: =Zones!A30 -> GuestRoom_24_FloorM | B30: =Zones!J30 -> 1.05309 | C30: =Zones!G30 -> 351.03 | D30: 15 | E30: 0.15 | F30: 20/50 cfm/unit per shower head | G30: =B30*D30 -> 15.79635 | H30: =C30*E30 -> 52.6545 | I30: =50*B30 -> 52.6545 | J30: =MAX(G30:I30) -> 52.6545
A31: =Zones!A31 -> GuestRoom_1_FloorT | B31: =Zones!J31 -> 1.05318 | C31: =Zones!G31 -> 351.06 | D31: 15 | E31: 0.15 | F31: 20/50 cfm/unit per shower head | G31: =B31*D31 -> 15.7977 | H31: =C31*E31 -> 52.659 | I31: =50*B31 -> 52.659 | J31: =MAX(G31:I31) -> 52.659
A32: =Zones!A32 -> GuestRoom_2_5_FloorT | B32: =Zones!J32 -> 4.21272 | C32: =Zones!G32 -> 1404.24 | D32: 15 | E32: 0.15 | F32: 20/50 cfm/unit per shower head | G32: =B32*D32 -> 63.1908 | H32: =C32*E32 -> 210.636 | I32: =50*B32 -> 210.636 | J32: =MAX(G32:I32) -> 210.636
A33: =Zones!A33 -> GuestRoom_6_8_FloorT | B33: =Zones!J33 -> 3.4026 | C33: =Zones!G33 -> 1134.2 | D33: 15 | E33: 0.15 | F33: 20/50 cfm/unit per shower head | G33: =B33*D33 -> 51.039 | H33: =C33*E33 -> 170.13 | I33: =50*B33 -> 170.13 | J33: =MAX(G33:I33) -> 170.13
... A40: =Zones!A40 -> GuestRoom_24_FloorT | B40: =Zones!J40 -> 1.05309 | C40: =Zones!G40 -> 351.03 | D40: 15 | E40: 0.15 | F40: 20/50 cfm/unit per shower head | G40: =B40*D40 -> 15.79635 | H40: =C40*E40 -> 52.6545 | I40: =50*B40 -> 52.6545 | J40: =MAX(G40:I40) -> 52.6545
A41: =Zones!A41 -> Laundry_FloorG | B41: =Zones!J41 -> 5.26555 | C41: =Zones!G41 -> 1053.11 | D41: 15 | E41: 0.15 | F41: 1 cfm/ft2 for Soiled laundry storage rooms | G41: =B41*D41 -> 78.98325 | H41: =C41*E41 -> 157.9665 | I41: =1*0.2*C41 -> 210.622 | J41: =MAX(G41:I41) -> 210.622 | K41: Only 20% of the laundry space is assumed as "Solied laundry storage room"
A42: =Zones!A42 -> Mech_FloorG | B42: =Zones!J42 -> 0 | C42: =Zones!G42 -> 351.06 | D42: 15 | E42: 0.15 | G42: =B42*D42 -> 0 | H42: =C42*E42 -> 52.659 | J42: =MAX(G42:I42) -> 52.659
A43: =Zones!A43 -> Conference_FloorG | B43: =Zones!J43 -> 28.51695 | C43: =Zones!G43 -> 864.15 | D43: 15 | E43: 0.15 | G43: =B43*D43 -> 427.75425 | H43: =C43*E43 -> 129.6225 | J43: =MAX(G43:I43) -> 427.75425
A44: =Zones!A44 -> Rear_Stair_FloorG | B44: =Zones!J44 -> 1.0804 | C44: =Zones!G44 -> 216.08 | D44: 15 | E44: 0.15 | G44: =B44*D44 -> 16.206 | H44: =C44*E44 -> 32.412 | J44: =MAX(G44:I44) -> 32.412
A45: =Zones!A45 -> Rear_Stair_FloorT | B45: =Zones!J45 -> 1.0804 | C45: =Zones!G45 -> 216.08 | D45: 15 | E45: 0.15 | G45: =B45*D45 -> 16.206 | H45: =C45*E45 -> 32.412 | J45: =MAX(G45:I45) -> 32.412
A46: =Zones!A46 -> Rear_Stair_FloorM | B46: =Zones!J46 -> 1.0804 | C46: =Zones!G46 -> 216.08 | D46: 15 | E46: 0.15 | G46: =B46*D46 -> 16.206 | H46: =C46*E46 -> 32.412 | J46: =MAX(G46:I46) -> 32.412
A47: =Zones!A47 -> Rear_Storage_FloorG | B47: =Zones!J47 -> 0.43218 | C47: =Zones!G47 -> 216.09 | D47: 15 | E47: 0.15 | G47: =B47*D47 -> 6.4827 | H47: =C47*E47 -> 32.4135 | J47: =MAX(G47:I47) -> 32.4135
A48: =Zones!A48 -> Rear_Storage_FloorM | B48: =Zones!J48 -> 0.43218 | C48: =Zones!G48 -> 216.09 | D48: 15 | E48: 0.15 | G48: =B48*D48 -> 6.4827 | H48: =C48*E48 -> 32.4135 | J48: =MAX(G48:I48) -> 32.4135
A49: =Zones!A49 -> Rear_Storage_FloorT | B49: =Zones!J49 -> 0.43218 | C49: =Zones!G49 -> 216.09 | D49: 15 | E49: 0.15 | G49: =B49*D49 -> 6.4827 | H49: =C49*E49 -> 32.4135 | J49: =MAX(G49:I49) -> 32.4135
A50: =Zones!A50 -> Restroom_FloorG | B50: =Zones!J50 -> 1.7553 | C50: =Zones!G50 -> 351.06 | D50: 15 | E50: 0.15 | F50: 50/70 cfm/unit | G50: =B50*D50 -> 26.3295 | H50: =C50*E50 -> 52.659 | I50: =50*B50 -> 87.765 | J50: =MAX(G50:I50) -> 87.765
A52: The CEC model has separate exhaust fans for each guest room with no minimum outdoor air requirement. However, PNNL and DEER specify an outdoor air requirement for each zone, which is the approach we follow here.

Sheet Water Heater
A1: Water Heater - HotelSmall
A2: Vintage | B2: WH Type | C2: Efficiency | D2: Tank volume (gal) | E2: Tank Loss | G2: Note
A3: Existing | B3: Gas | C3: 0.8 | D3: =F64 -> 107 | E3: =G62 -> 1292.8535 | F3: (Btu/hr)
A4: New Construction | B4: Gas | C4: 0.8 | D4: =F62 -> 107 | E4: =G66 -> 1292.8535 | F4: (Btu/hr)
A6: Peak Hot Water Consumption
A7: Space Name | B7: Baseline WH Type [CEUS 2022] | C7: Total Area (ft²) | D7: Number of People | E7: Hot Water Usage Specification (gal/hr per person) [T24, 2022, Appendix 5.4A , sheet: "2022 SpaceFuncData-Input"] | F7: Peak Hot Water Usage (gal/hr) | G7: Peak Hot Water Usage (gal/min)
A8: =Zones!A3 -> Corridor_FloorG | B8: Gas | C8: =Zones!G3 -> 1782.21 | D8: =Zones!J3 -> 8.91105 | E8: 0 | F8: =E8*D8 -> 0 | G8: =F8/60 -> 0
A9: =Zones!A4 -> Corridor_FloorM | B9: Gas | C9: =Zones!G4 -> 1512.16 | D9: =Zones!J4 -> 7.5608 | E9: 0 | F9: =E9*D9 -> 0 | G9: =F9/60 -> 0
A10: =Zones!A5 -> Corridor_FloorT | B10: Gas | C10: =Zones!G5 -> 1512.16 | D10: =Zones!J5 -> 7.5608 | E10: 0 | F10: =E10*D10 -> 0 | G10: =F10/60 -> 0
A11: =Zones!A6 -> Lounge_FloorG | B11: Gas | C11: =Zones!G6 -> 351.03 | D11: =Zones!J6 -> 11.58399 | E11: 0.09 | F11: =E11*D11 -> 1.0425591 | G11: =F11/60 -> 0.017375985
A12: =Zones!A7 -> Gym_FloorG | B12: Gas | C12: =Zones!G7 -> 351.03 | D12: =Zones!J7 -> 3.5103 | E12: 0.18 | F12: =E12*D12 -> 0.631854 | G12: =F12/60 -> 0.0105309
A13: =Zones!A8 -> Front_Lounge_FloorG | B13: Gas | C13: =Zones!G8 -> 1755.3 | D13: =Zones!J8 -> 57.9249 | E13: 0.09 | F13: =E13*D13 -> 5.213241 | G13: =F13/60 -> 0.08688735
A14: =Zones!A9 -> Front_Office_FloorG | B14: Gas | C14: =Zones!G9 -> 1404.14 | D14: =Zones!J9 -> 7.0207 | E14: 0.18 | F14: =E14*D14 -> 1.263726 | G14: =F14/60 -> 0.0210621
A15: =Zones!A10 -> Front_Stair_FloorG | B15: Gas | C15: =Zones!G10 -> 216.02 | D15: =Zones!J10 -> 0 | E15: 0 | F15: =E15*D15 -> 0 | G15: =F15/60 -> 0
A16: =Zones!A11 -> Front_Stair_FloorM | B16: Gas | C16: =Zones!G11 -> 216.02 | D16: =Zones!J11 -> 0 | E16: 0 | F16: =E16*D16 -> 0 | G16: =F16/60 -> 0
A17: =Zones!A12 -> Front_Stair_FloorT | B17: Gas | C17: =Zones!G12 -> 216.02 | D17: =Zones!J12 -> 0 | E17: 0 | F17: =E17*D17 -> 0 | G17: =F17/60 -> 0
A18: =Zones!A13 -> Front_Storage_FloorG | B18: Gas | C18: =Zones!G13 -> 135.01 | D18: =Zones!J13 -> 0.27002 | E18: 0 | F18: =E18*D18 -> 0 | G18: =F18/60 -> 0
A19: =Zones!A14 -> Front_Storage_FloorM | B19: Gas | C19: =Zones!G14 -> 135.01 | D19: =Zones!J14 -> 0.27002 | E19: 0 | F19: =E19*D19 -> 0 | G19: =F19/60 -> 0
... A55: =Zones!A50 -> Restroom_FloorG | B55: Gas | C55: =Zones!G50 -> 351.06 | D55: =Zones!J50 -> 1.7553 | E55: 0 | F55: =E55*D55 -> 0 | G55: =F55/60 -> 0
A56: Total | C56: =SUM(C8:C55) -> 32404.61 | D56: =SUM(D8:D55) -> 201.26094 | F56: =SUM(F8:F55) -> 265.99794 | G56: =SUM(G8:G55) -> 4.433299
A60: Water Heater Capacity, Tank Capacity, and Tank Loss
A61: WH Type | B61: Peak Hot Water Usage (gal/hr) | C61: Heat Output (Btu/hr) [ACM, 2025, 5.9.2: Rated capacity section] | D61: WH Capacity (Btu/hr) [ACM, 2025, 5.9.2: Rated capacity section] | E61: Required Energy Input (Btu/hr) | F61: Storage Volume (gal) | G61: Standby Loss | H61: Unit | I61: Off/On Cycle Loss Coefficient to Ambient Temp (Btu/h-F) | J61: Source
A62: Gas storage WH | B62: =SUMIFS(F8:F55,B8:B55,"Gas") -> 265.99794 | C62: =B62*(B66-B67)*8.2877*1 -> 165338.33 | D62: =C62*B68 -> 99203 | E62: =D62/C4 -> 124003.75 | F62: =ROUNDUP((B62*F64)/B64,0) -> 107 | G62: =(E62/800)+110*SQRT(F62) -> 1292.8535 | H62: Btu/hr | I62: =G62/B73 -> 20.852476 | J62: Standby loss equation: Title 20, §1605.1 Table F-4 WH capacity equation: ACM, 2025, 5.9.2: Rated capacity section)
A63: Electric resistance WH | B63: =SUMIFS(F8:F55,B8:B55,"Electric") -> 0 | C63: =B63*(B66-B67)*8.2877*1 -> 0 | D63: =C63*B68 -> 0 | F63: =ROUNDUP((B63*F64)/B64,0) -> 0 | H63: %/hr | I63: =0.0834*G63*F63 -> 0
A64: Total | B64: =B62+B63 -> 265.99794 | F64: =ROUNDUP(B64*1*B69,0) -> 107
A66: Design supply temperature (F) | B66: 130 | C66: Ref: T24 2022 - Appendix 5.4B | F66: Standby Loss for Existing | G66: =(E62/800)+110*SQRT(F64) -> 1292.8535 | H66: Btu/hr | I66: =G66/B73 -> 20.852476
A67: Cold Water supply temperature (F) | B67: 55 | C67: Ref: ACM, 2025, 5.9.2: Rated capacity section
A68: WH system factor | B68: 0.6 | C68: Ref: ACM, 2025, 5.9.2: Rated capacity section
A69: Reheat multiplier | B69: 0.4 | C69: Ref: ACM, 2025, 5.9.2: Storage Volume
A70: * The 0.40 multiplier is a storage sizing factor used to account for the fact that the water heater doesn't need to store the full peak hour demand—it can reheat water during that time. This factor assumes that the heater will recover part of the hot water used during the peak hour, so only 40% of the peak hour demand needs to be stored at any given moment.
A72: Ambient temp | B72: 68
A73: Delta T | B73: =B66-B72 -> 62
A74: ** For Electric Water Heater: UA(Btu/h-°F)​= 0.0834 *SL​ (%/hr)*V gal

Sheet Ext Lighting
A1: Exterior Lighting - HotelSmall
A2: Motion Controlled Luminaires (W) | B2: Non-motion Controlled Luminaires (W) | C2: Total (W) | D2: Source
A3: =G16 -> 1062.0784 | B3: =G17 -> 742.68323 | C3: =A3+B3 -> 1804.7616 | D3: T24, 2025
A8: Exterior Lighting
A9: Items (Assume LZ2) | B9: Assumptions [2019 Outdoor Lighting CASE Report & PNNL 90.1-2010 TSD] | D9: Unit | E9: Lighting Power Allowance [T24, 2025, Table 140.7-A & 140.7-B] | F9: Unit | G9: Exterior Lighting Power (W)
A10: IWA (Initial Wage Allowance) | E10: 200 | F10: (W) | G10: =$E10 -> 200
A11: Parking area | B11: 400 ft² for every parking space 1 parking space per 360 ft² of gross building area | C11: =B23/360*400 -> 36005.122 | D11: (ft²) | E11: 0.019 | F11: (W/ft²) | G11: =$E11*C11 -> 684.09732
A12: Building Entrance | B12: 2 building entrance (1 per 10,000 ft² footprint) | C12: =2 -> 2 | D12: (count) | E12: 15 | F12: (W/ea) | G12: =E12*2 -> 30
A13: Hardscape Ornamental Light | B13: 0.1 ft² per 1 ft² of gross building area for hardscape ornamental light | C13: =B23*0.1 -> 3240.461 | D13: (ft²) | E13: 0.007 | F13: (W/ft²) | G13: =E13*C13 -> 22.683227
A14: Building façade | B14: 0.1 W per 1 ft² of facade area Façade Area = Perimeter × 0.5 × 29 ft (30 ft is the max height that is lit) * The 0.5 factor assumes that only half of the perimeter walls are lit. -Formula ia developed based on the 2019 Outdoor Lighting CASE report | C14: =B22*0.5*30 -> 7200 | D14: (ft²) | E14: 0.1 | F14: (W/ft²) | G14: =E14*C14 -> 720
A15: Non-sales canopy | C15: =(B23/B24)*0.1 -> 1080.1537 | D15: (ft²) | E15: 0.137 | F15: (W/ft²) | G15: =E15*C15 -> 147.98105
A16: Motion controlled Luminaires | G16: =G11+G10+G15+G12 -> 1062.0784
A17: Non-motion-controlled Luminaires | G17: =G13+G14 -> 742.68323
A18: Total | G18: =G16+G17 -> 1804.7616
A20: *Developed based on 2019 Outdoor Lighting CASE Report
A22: Perimeter (ft) | B22: =(180+60)*2 -> 480
A23: Total floor area (ft²) | B23: =Zones!G51 -> 32404.61
A24: Floors | B24: 3

Sheet Interior Lights
A1: Interior Lighting - HotelSmall
A2: Space Type | B2: New Construction | E2: Existing
B3: LPD (W/ft²) | C3: Additional LPD for Portable Lighting (W/ft²) | D3: Source | E3: LPD (W/ft²) | F3: Additional LPD for Portable Lighting (W/ft²) | G3: Source
A4: =Zones!B3 -> Corridor Area | B4: 0.4 | D4: T24, 2025, Table 140.6-C PNNL ASHRAE 90.1 2022 for Guest Room (Area category method) | E4: 0.6 | G4: T24, 2019, Table 140.6-C CBECC 2019 for Guest Room (Area category method)
A5: =Zones!B6 -> Lounge, Breakroom, or Waiting Area | B5: 0.55 | E5: 0.85
A6: =Zones!B7 -> Exercise/Fitness Center and Gymnasium Areas | B6: 0.5 | E6: 0.5
A7: =Zones!B9 -> Office Area (>250 square feet) | B7: 0.6 | E7: 0.7
A8: =Zones!B10 -> Stairwell | B8: 0.6 | E8: 0.5
A9: =Zones!B13 -> Storage (General) | B9: 0.4 | E9: 0.4
A10: =Zones!B16 -> Hotel/Motel Guest Room | B10: 0.41 | E10: 1.27
A11: =Zones!B41 -> Laundry Area | B11: 0.45 | E11: 0.45
A12: =Zones!B42 -> Electrical, Mechanical, Telephone Rooms | B12: 0.4 | E12: 0.4
A13: =Zones!B43 -> Convention, Conference, Multipurpose and Meeting Area | B13: 0.75 | E13: 0.85
A14: =Zones!B50 -> Restrooms | B14: 0.65 | E14: 0.65
A16: Comply with 130.1(c)8: Hotel/motel guest rooms shall be controlled with one of the following controls such that, no longer than 20 minutes after the guest room has been vacated, lighting power is switched off: i. Captive card key controls; or ii. Occupant sensing controls; or iii. Other automatic controls.
A22: Background Data [To be deleted prior to publication]

Sheet Equipment
A1: Equipment - HotelSmall
A2: Space Type | B2: Plug load Power Density (W/ft²) | C2: Gas Power Density (Btu/hr-ft²) | D2: Refrigeration Power Density (W/ft²) | E2: Source | F2: Note
A3: =Zones!B3 -> Corridor Area | B3: 0 | E3: T24 2022 - Appendix 5.4A
A4: =Zones!B6 -> Lounge, Breakroom, or Waiting Area | B4: 1
A5: =Zones!B7 -> Exercise/Fitness Center and Gymnasium Areas | B5: 0.5
A6: =Zones!B9 -> Office Area (>250 square feet) | B6: 0.7 | E6: Plug load and schedules project with CEC, 2025
A7: =Zones!B10 -> Stairwell | B7: 0 | E7: T24 2022 - Appendix 5.4A
A8: =Zones!B13 -> Storage (General) | B8: 0.2
A9: =Zones!B16 -> Hotel/Motel Guest Room | B9: 0.5 | E9: Plug load and schedules project with CEC, 2025
A10: =Zones!B41 -> Laundry Area | B10: 3 | C10: 0.75 | E10: T24 2022 - Appendix 5.4A | F10: Appendix 5.4A: Gas equipment=0.75 Btu/hr-ft² (CEC model (small Hotel) has the Gas equipment for 3.6 Btu/hr-ft²)
A11: =Zones!B42 -> Electrical, Mechanical, Telephone Rooms | B11: 3
A12: =Zones!B43 -> Convention, Conference, Multipurpose and Meeting Area | B12: 1
A13: =Zones!B50 -> Restrooms | B13: 0
A15: Elevator-Hotel Small
A16: Vintage | B16: No. of Elevators | C16: Cab Lighting Power Limit | D16: Lighting Shutoff | E16: Cab Fan Control | F16: Fan Power Limit | G16: Regenerative Drive Threshold | H16: Design load (W) | I16: Note
A17: Existing | B17: =ROUND((32400*0.7/50000)+ROUND(3/2,0),0) -> 2 | C17: n/a | D17: n/a | E17: n/a | F17: n/a | G17: n/a | H17: 16000 | I17: Design Load based on PNNL ASHRAE 90.1 2013 Small Hotel prototype
A18: New Construction | B18: =ROUND((32400*0.7/50000)+ROUND(3/2,0),0) -> 2 | C18: ≤ 0.6 W/ft² of cab floor area- Exempt (covered process) | D18: Automatic shut‑off after ≤ 5 min no‑occupancy | E18: When the elevator cab is stopped and unoccupied with doors closed for over 15 minutes, the cab interior lighting and ventilation fans shall be switched off until elevator cab operation resumes. | F18: ≤ 0.33 W per cfm of fan airflow | G18: n/a | H18: 9000 | I18: Design Load based on PNNL ASHRAE 90.1 2022 Small Hotel prototype --- per T24 2025 §120.6 (f)
A21: Background Data [To be deleted prior to publication]
C22: Equipment (Plug load)
C23: Zones | D23: floor area (ft²) | E23: Plug load Intensity (W/ft²) | F23: Total equipment load (W)
C24: Open_Office_N | D24: 913.68642 | E24: 1.5 | F24: =E24*D24/SUM($D$24:$D$33) -> 0.24918721
C25: Closed_Office_W | D25: 909.75659 | E25: 1.5 | F25: =E25*D25/SUM($D$24:$D$33) -> 0.24811543
C26: Closed_Office_E | D26: 909.75659 | E26: 1.5 | F26: =E26*D26/SUM($D$24:$D$33) -> 0.24811543
C27: Conference | D27: 456.84321 | E27: 1 | F27: =E27*D27/SUM($D$24:$D$33) -> 0.083062402
C28: Lobby + Lounge | D28: 456.84321 | E28: 0.5 | F28: =E28*D28/SUM($D$24:$D$33) -> 0.041531201
C29: Storage | D29: 763.37881 | E29: 0.2 | F29: =E29*D29/SUM($D$24:$D$33) -> 0.027759229
C30: Mechanical/Electrical | D30: 118.61264 | E30: 3 | F30: =E30*D30/SUM($D$24:$D$33) -> 0.064697806
C31: Restroom | D31: 237.22529 | E31: 0 | F31: =E31*D31/SUM($D$24:$D$33) -> 0
C32: Break/Copy Room | D32: 118.61264 | E32: 1 | F32: =E32*D32/SUM($D$24:$D$33) -> 0.021565935
C33: Corridor | D33: 615.2846 | E33: 0 | F33: =E33*D33/SUM($D$24:$D$33) -> 0
F34: =SUM(F24:F33) -> 0.98403464
B37: Equipment (Plug Load )- Prototypes comparison
B38: Unit | C38: CEC OffSml | D38: DEER OFS | E38: PNNL | F38: ComStock | G38: Note
B39: W/m2 | C39: 16.145866 | D39: 16.145866 | E39: 6.78 | G39: PNNL considers higher load for electric equipment
B40: Yearly Load multiplier | C40: =B83*249+C83*52+D83*(364-249-52) -> 2835.7 | D40: =K83*249+L83*52+M83*(364-249-52) -> 2835.7 | E40: =F83*249+G83*52+I83*(364-249-52) -> 3837.815 | K40: =D39*D40 -> 45784.831 | L40: =E39*E40 -> 26020.386
F57: PNNL 2022 | K57: DEER 2024
B58: CEC-Weekday | C58: CEC-Saturday | D58: CEC-Sunday | F58: PNNL-Weekday | G58: PNNL-Saturday | I58: PNNL-Sunday | K58: DEER-Weekday | L58: DEER-Saturday | M58: DEER-OtherDays
A59: 1 | B59: 0.05 | C59: 0.05 | D59: 0.05 | F59: 0.40947756 | G59: 0.16379102 | I59: 0.16379102 | K59: 0.05 | L59: 0.05 | M59: 0.05
A60: =A59+1 -> 2 | B60: 0.05 | C60: 0.05 | D60: 0.05 | F60: 0.40947756 | G60: 0.16379102 | I60: 0.16379102 | K60: 0.05 | L60: 0.05 | M60: 0.05
A61: =A60+1 -> 3 | B61: 0.05 | C61: 0.05 | D61: 0.05 | F61: 0.40947756 | G61: 0.16379102 | I61: 0.16379102 | K61: 0.05 | L61: 0.05 | M61: 0.05
A62: =A61+1 -> 4 | B62: 0.05 | C62: 0.05 | D62: 0.05 | F62: 0.40947756 | G62: 0.16379102 | I62: 0.16379102 | K62: 0.05 | L62: 0.05 | M62: 0.05
A63: =A62+1 -> 5 | B63: 0.05 | C63: 0.05 | D63: 0.05 | F63: 0.40947756 | G63: 0.16379102 | I63: 0.16379102 | K63: 0.05 | L63: 0.05 | M63: 0.05
A64: =A63+1 -> 6 | B64: 0.1 | C64: 0.05 | D64: 0.05 | F64: 0.40947756 | G64: 0.16379102 | I64: 0.16379102 | K64: 0.1 | L64: 0.05 | M64: 0.05
A65: =A64+1 -> 7 | B65: 0.1 | C65: 0.1 | D65: 0.05 | F65: 0.47975263 | G65: 0.16379102 | I65: 0.16379102 | K65: 0.1 | L65: 0.1 | M65: 0.05
A66: =A65+1 -> 8 | B66: 0.3 | C66: 0.1 | D66: 0.05 | F66: 0.47975263 | G66: 0.16379102 | I66: 0.16379102 | K66: 0.3 | L66: 0.1 | M66: 0.05
A67: =A66+1 -> 9 | B67: 0.9 | C67: 0.3 | D67: 0.05 | F67: 0.95950527 | G67: 0.16379102 | I67: 0.16379102 | K67: 0.9 | L67: 0.3 | M67: 0.05
A68: =A67+1 -> 10 | B68: 0.9 | C68: 0.3 | D68: 0.05 | F68: 0.95950527 | G68: 0.16379102 | I68: 0.16379102 | K68: 0.9 | L68: 0.3 | M68: 0.05
A69: =A68+1 -> 11 | B69: 0.9 | C69: 0.3 | D69: 0.05 | F69: 0.95950527 | G69: 0.16379102 | I69: 0.16379102 | K69: 0.9 | L69: 0.3 | M69: 0.05
A70: =A69+1 -> 12 | B70: 0.9 | C70: 0.3 | D70: 0.05 | F70: 0.95950527 | G70: 0.16379102 | I70: 0.16379102 | K70: 0.9 | L70: 0.3 | M70: 0.05
A71: =A70+1 -> 13 | B71: 0.9 | C71: 0.15 | D71: 0.05 | F71: 0.90193495 | G71: 0.16379102 | I71: 0.16379102 | K71: 0.9 | L71: 0.15 | M71: 0.05
... A82: =A81+1 -> 24 | B82: 0.05 | C82: 0.05 | D82: 0.05 | F82: 0.16379102 | G82: 0.16379102 | I82: 0.16379102 | K82: 0.05 | L82: 0.05 | M82: 0.05
B83: =SUM(B59:B82) -> 10.5 | C83: =SUM(C59:C82) -> 2.8 | D83: =SUM(D59:D82) -> 1.2 | F83: =SUM(F59:F82) -> 13.597397 | G83: =SUM(G59:G82) -> 3.9309845 | I83: =SUM(I59:I82) -> 3.9309845 | K83: =SUM(K59:K82) -> 10.5 | L83: =SUM(L59:L82) -> 2.8 | M83: =SUM(M59:M82) -> 1.2
M84: =SUM(K83:M83) -> 14.5
A86: DEER 2024 (Old model rebuilt in E+)
A88: Schedule:Compact,
B89: EL1
B90: Interval,
B91: 12/31,
B92: SummerDesignDay,
B93: 24:00,1.0,
B94: WinterDesignDay,
B95: 24:00,0.0,
B96: Weekdays,
B97: 05:00,0.05,
B98: 07:00,0.10,
B99: 08:00,0.30,
B100: 17:00,0.90,
... B113: 24:00,0.05;
A118: PNNL 2022
A123: Schedule:Compact,
A124: BLDG_EQUIP_SCH, !- Name
A125: Fraction, !- Schedule Type Limits Name
A126: Through: 12/31, !- Field 1
A127: For: WeekDays, !- Field 2
A128: Until: 6:00,0.4094775565,!- Field 3
A129: Until: 8:00,0.4797526335,!- Field 5
A130: Until: 12:00,0.959505267,!- Field 7
A131: Until: 13:00,0.90193495098, !- Field 9
A132: Until: 17:00,0.959505267,!- Field 11
A133: Until: 18:00,0.4797526335, !- Field 13
... A151: CBECC 2023
A153: Schedule:Day:Interval, | C153: Schedule:Day:Interval, | F153: Schedule:Day:Interval,
A154: OfficeReceptacleWD, | C154: OfficeReceptacleSat, | F154: OfficeReceptacleSun,
A155: Fraction, | C155: Fraction, | F155: Fraction,
A156: No, | C156: No, | F156: No,
A157: 01:00, | C157: 01:00, | F157: 01:00,
A158: 0.05, | C158: 0.05, | F158: 0.05,
A159: 02:00, | C159: 02:00, | F159: 02:00,
A160: 0.05, | C160: 0.05, | F160: 0.05,
A161: 03:00, | C161: 03:00, | F161: 03:00,
A162: 0.05, | C162: 0.05, | F162: 0.05,
A163: 04:00, | C163: 04:00, | F163: 04:00,
A164: 0.05, | C164: 0.05, | F164: 0.05,
... A204: 0.05; | C204: 0.05; | F204: 0.05;
A205: Assumptions for elevators:
A206: One elevator for approximately 50,000 ft² in use.
A207: For every two floors or two and a half floors, one more elevator was added.
A208: An in-use rate of 70% for the floor area was assumed, based on engineering judgment.
A209: Calculated number of Elevators: | C209: =ROUND((34200*0.7/50000)+ROUND(3/2,0),0) -> 2 | D209: Same as PNNL assumptions
A210: Calculate Elevator load (kw)based on ACM 2022: | C210: =2*C211 -> 20 | D210: 8.8 kw is PNNL ASHRE 90.1 2022 elevator load (Lift,light and Fan)
...

Sheet Schedules
A1: Schedules - HotelSmall
A2: Zone | B2: Schedule Category | C2: Schedule | D2: Source | E2: Day | F2: Hour
F3: 1 | G3: 2 | H3: 3 | I3: 4 | J3: 5 | K3: 6 | L3: 7 | M3: 8 | N3: 9 | O3: 10 | P3: 11 | Q3: 12 | R3: 13 | S3: 14 | T3: 15 | U3: 16 | V3: 17 | W3: 18 | X3: 19 | Y3: 20 | Z3: 21 | AA3: 22 | AB3: 23 | AC3: 24
A4: Gym,Storage,Laundry,Mech,Conferences | B4: Assembly | C4: Occupancy | D4: T24 2022 - Appendix 5.4B, [Assembly] | E4: Weekday | F4: 0 | G4: 0 | H4: 0 | I4: 0 | J4: 0 | K4: 0 | L4: 0 | M4: 0 | N4: 0.2 | O4: 0.2 | P4: 0.2 | Q4: 0.8 | R4: 0.8 | S4: 0.8 | T4: 0.8 | U4: 0.8 | V4: 0.8 | W4: 0.8 | X4: 0.2 | Y4: 0.2 | Z4: 0.2 | AA4: 0.2 | AB4: 0.1 | AC4: 0
E5: Saturday | F5: 0 | G5: 0 | H5: 0 | I5: 0 | J5: 0 | K5: 0 | L5: 0 | M5: 0 | N5: 0.2 | O5: 0.2 | P5: 0.2 | Q5: 0.6 | R5: 0.6 | S5: 0.6 | T5: 0.6 | U5: 0.6 | V5: 0.6 | W5: 0.6 | X5: 0.6 | Y5: 0.6 | Z5: 0.6 | AA5: 0.8 | AB5: 0.1 | AC5: 0
E6: Sunday | F6: 0 | G6: 0 | H6: 0 | I6: 0 | J6: 0 | K6: 0 | L6: 0 | M6: 0 | N6: 0.1 | O6: 0.1 | P6: 0.1 | Q6: 0.1 | R6: 0.1 | S6: 0.7 | T6: 0.7 | U6: 0.7 | V6: 0.7 | W6: 0.7 | X6: 0.7 | Y6: 0.7 | Z6: 0.7 | AA6: 0.7 | AB6: 0.2 | AC6: 0
A7: Gym,Laundry,Mech,Conference | B7: Assembly | C7: Lights | D7: T24 2022 - Appendix 5.4B, [Assembly] | E7: Weekday | F7: 0.05 | G7: 0.05 | H7: 0.05 | I7: 0.05 | J7: 0.05 | K7: 0.05 | L7: 0.35 | M7: 0.35 | N7: 0.35 | O7: 0.65 | P7: 0.65 | Q7: 0.65 | R7: 0.65 | S7: 0.65 | T7: 0.65 | U7: 0.65 | V7: 0.65 | W7: 0.65 | X7: 0.65 | Y7: 0.65 | Z7: 0.65 | AA7: 0.65 | AB7: 0.25 | AC7: 0.05
E8: Saturday | F8: 0.05 | G8: 0.05 | H8: 0.05 | I8: 0.05 | J8: 0.05 | K8: 0.05 | L8: 0.05 | M8: 0.3 | N8: 0.3 | O8: 0.4 | P8: 0.4 | Q8: 0.4 | R8: 0.4 | S8: 0.4 | T8: 0.4 | U8: 0.4 | V8: 0.4 | W8: 0.4 | X8: 0.4 | Y8: 0.4 | Z8: 0.4 | AA8: 0.4 | AB8: 0.4 | AC8: 0.05
E9: Sunday | F9: 0.05 | G9: 0.05 | H9: 0.05 | I9: 0.05 | J9: 0.05 | K9: 0.05 | L9: 0.05 | M9: 0.3 | N9: 0.3 | O9: 0.3 | P9: 0.3 | Q9: 0.3 | R9: 0.55 | S9: 0.55 | T9: 0.55 | U9: 0.55 | V9: 0.55 | W9: 0.55 | X9: 0.55 | Y9: 0.55 | Z9: 0.55 | AA9: 0.55 | AB9: 0.05 | AC9: 0.05
A10: Gym,Storage,Laundry,Mech,Conference | B10: Assembly | C10: ElecEquipment | D10: T24 2022 - Appendix 5.4B, [Assembly] | E10: Weekday | F10: 0.05 | G10: 0.05 | H10: 0.05 | I10: 0.05 | J10: 0.05 | K10: 0.05 | L10: 0.4 | M10: 0.4 | N10: 0.4 | O10: 0.75 | P10: 0.75 | Q10: 0.75 | R10: 0.75 | S10: 0.75 | T10: 0.75 | U10: 0.75 | V10: 0.75 | W10: 0.75 | X10: 0.75 | Y10: 0.75 | Z10: 0.75 | AA10: 0.75 | AB10: 0.25 | AC10: 0.05
E11: Saturday | F11: 0.05 | G11: 0.05 | H11: 0.05 | I11: 0.05 | J11: 0.05 | K11: 0.05 | L11: 0.05 | M11: 0.3 | N11: 0.3 | O11: 0.5 | P11: 0.5 | Q11: 0.5 | R11: 0.5 | S11: 0.5 | T11: 0.5 | U11: 0.5 | V11: 0.5 | W11: 0.5 | X11: 0.5 | Y11: 0.5 | Z11: 0.5 | AA11: 0.5 | AB11: 0.5 | AC11: 0.05
E12: Sunday | F12: 0.05 | G12: 0.05 | H12: 0.05 | I12: 0.05 | J12: 0.05 | K12: 0.05 | L12: 0.05 | M12: 0.3 | N12: 0.3 | O12: 0.3 | P12: 0.3 | Q12: 0.3 | R12: 0.65 | S12: 0.65 | T12: 0.65 | U12: 0.65 | V12: 0.65 | W12: 0.65 | X12: 0.65 | Y12: 0.65 | Z12: 0.65 | AA12: 0.65 | AB12: 0.05 | AC12: 0.05
A13: Gym,Storage,Laundry,Mech,Conference | B13: Assembly | C13: HVACAvail | D13: T24 2022 - Appendix 5.4B, [Assembly] | E13: Weekday | F13: 0 | G13: 0 | H13: 0 | I13: 0 | J13: 0 | K13: 0 | L13: 0 | M13: 1 | N13: 1 | O13: 1 | P13: 1 | Q13: 1 | R13: 1 | S13: 1 | T13: 1 | U13: 1 | V13: 1 | W13: 1 | X13: 1 | Y13: 1 | Z13: 1 | AA13: 1 | AB13: 1 | AC13: 0
E14: Saturday | F14: 0 | G14: 0 | H14: 0 | I14: 0 | J14: 0 | K14: 0 | L14: 0 | M14: 1 | N14: 1 | O14: 1 | P14: 1 | Q14: 1 | R14: 1 | S14: 1 | T14: 1 | U14: 1 | V14: 1 | W14: 1 | X14: 1 | Y14: 1 | Z14: 1 | AA14: 1 | AB14: 1 | AC14: 0
E15: Sunday | F15: 0 | G15: 0 | H15: 0 | I15: 0 | J15: 0 | K15: 0 | L15: 0 | M15: 1 | N15: 1 | O15: 1 | P15: 1 | Q15: 1 | R15: 1 | S15: 1 | T15: 1 | U15: 1 | V15: 1 | W15: 1 | X15: 1 | Y15: 1 | Z15: 1 | AA15: 1 | AB15: 1 | AC15: 0
A16: Gym,Storage,Laundry,Mech,Conference | B16: Assembly | C16: ServiceHotWater | D16: T24 2022 - Appendix 5.4B, [Assembly] | E16: Weekday | F16: 0 | G16: 0 | H16: 0 | I16: 0 | J16: 0 | K16: 0 | L16: 0 | M16: 0 | N16: 0 | O16: 0.05 | P16: 0.05 | Q16: 0.35 | R16: 0.05 | S16: 0.05 | T16: 0.05 | U16: 0.05 | V16: 0.05 | W16: 0 | X16: 0 | Y16: 0 | Z16: 0 | AA16: 0 | AB16: 0 | AC16: 0
E17: Saturday | F17: 0 | G17: 0 | H17: 0 | I17: 0 | J17: 0 | K17: 0 | L17: 0 | M17: 0 | N17: 0 | O17: 0.05 | P17: 0.05 | Q17: 0.2 | R17: 0 | S17: 0 | T17: 0 | U17: 0 | V17: 0 | W17: 0 | X17: 0 | Y17: 0.65 | Z17: 0.3 | AA17: 0 | AB17: 0 | AC17: 0
E18: Sunday | F18: 0 | G18: 0 | H18: 0 | I18: 0 | J18: 0 | K18: 0 | L18: 0 | M18: 0 | N18: 0 | O18: 0.05 | P18: 0.05 | Q18: 0.1 | R18: 0 | S18: 0 | T18: 0 | U18: 0 | V18: 0 | W18: 0 | X18: 0 | Y18: 0.65 | Z18: 0.3 | AA18: 0 | AB18: 0 | AC18: 0
A19: Gym,Storage,Laundry,Mech,Conference | B19: Assembly | C19: Infiltration | D19: T24 2022 - Appendix 5.4B, [Assembly] | E19: Weekday | F19: 1 | G19: 1 | H19: 1 | I19: 1 | J19: 1 | K19: 1 | L19: 1 | M19: 0.25 | N19: 0.25 | O19: 0.25 | P19: 0.25 | Q19: 0.25 | R19: 0.25 | S19: 0.25 | T19: 0.25 | U19: 0.25 | V19: 0.25 | W19: 0.25 | X19: 0.25 | Y19: 0.25 | Z19: 0.25 | AA19: 0.25 | AB19: 0.25 | AC19: 1
E20: Saturday | F20: 1 | G20: 1 | H20: 1 | I20: 1 | J20: 1 | K20: 1 | L20: 1 | M20: 0.25 | N20: 0.25 | O20: 0.25 | P20: 0.25 | Q20: 0.25 | R20: 0.25 | S20: 0.25 | T20: 0.25 | U20: 0.25 | V20: 0.25 | W20: 0.25 | X20: 0.25 | Y20: 0.25 | Z20: 0.25 | AA20: 0.25 | AB20: 0.25 | AC20: 1
E21: Sunday | F21: 1 | G21: 1 | H21: 1 | I21: 1 | J21: 1 | K21: 1 | L21: 1 | M21: 0.25 | N21: 0.25 | O21: 0.25 | P21: 0.25 | Q21: 0.25 | R21: 0.25 | S21: 0.25 | T21: 0.25 | U21: 0.25 | V21: 0.25 | W21: 0.25 | X21: 0.25 | Y21: 0.25 | Z21: 0.25 | AA21: 0.25 | AB21: 0.25 | AC21: 1
A22: Laundry | B22: Assembly | C22: GasEquipment | D22: T24 2022 - Appendix 5.4B, [Assembly] | E22: Weekday | F22: 0 | G22: 0 | H22: 0 | I22: 0 | J22: 0 | K22: 0 | L22: 0 | M22: 0 | N22: 0.3 | O22: 0.3 | P22: 0.2 | Q22: 0.9 | R22: 0.9 | S22: 0.9 | T22: 0.2 | U22: 0.2 | V22: 0.2 | W22: 0.5 | X22: 0.5 | Y22: 0.1 | Z22: 0.1 | AA22: 0.1 | AB22: 0 | AC22: 0
E23: Saturday | F23: 0 | G23: 0 | H23: 0 | I23: 0 | J23: 0 | K23: 0 | L23: 0 | M23: 0 | N23: 0.3 | O23: 0.3 | P23: 0.2 | Q23: 0.7 | R23: 0.7 | S23: 0.7 | T23: 0.2 | U23: 0.2 | V23: 0.2 | W23: 0.4 | X23: 0.4 | Y23: 0.1 | Z23: 0.1 | AA23: 0.1 | AB23: 0 | AC23: 0
E24: Sunday | F24: 0 | G24: 0 | H24: 0 | I24: 0 | J24: 0 | K24: 0 | L24: 0 | M24: 0 | N24: 0.2 | O24: 0.2 | P24: 0.1 | Q24: 0.1 | R24: 0.3 | S24: 0.8 | T24: 0.2 | U24: 0.2 | V24: 0.2 | W24: 0.5 | X24: 0.5 | Y24: 0.1 | Z24: 0.1 | AA24: 0.1 | AB24: 0 | AC24: 0
A25: Gym,Storage,Laundry,Mech,Conference | B25: Assembly | C25: HtgSetpt | D25: Honeywell-INNCOM e7 Thermostat User Guide & Engineering Judgement | E25: Weekday | F25: =IF((F13=1),Thermostat!$B$3,Thermostat!$B$4) -> 60 | G25: =IF((G13=1),Thermostat!$B$3,Thermostat!$B$4) -> 60 | H25: =IF((H13=1),Thermostat!$B$3,Thermostat!$B$4) -> 60 | I25: =IF((I13=1),Thermostat!$B$3,Thermostat!$B$4) -> 60 | J25: =IF((J13=1),Thermostat!$B$3,Thermostat!$B$4) -> 60 | K25: =IF((K13=1),Thermostat!$B$3,Thermostat!$B$4) -> 60 | L25: =IF((L13=1),Thermostat!$B$3,Thermostat!$B$4) -> 60 | M25: =IF((M13=1),Thermostat!$B$3,Thermostat!$B$4) -> 70 | ... AC25: =IF((AC13=1),Thermostat!$B$3,Thermostat!$B$4) -> 60
E26: Saturday | F26: =IF((F14=1),Thermostat!$B$3,Thermostat!$B$4) -> 60 | G26: =IF((G14=1),Thermostat!$B$3,Thermostat!$B$4) -> 60 | H26: =IF((H14=1),Thermostat!$B$3,Thermostat!$B$4) -> 60 | I26: =IF((I14=1),Thermostat!$B$3,Thermostat!$B$4) -> 60 | J26: =IF((J14=1),Thermostat!$B$3,Thermostat!$B$4) -> 60 | K26: =IF((K14=1),Thermostat!$B$3,Thermostat!$B$4) -> 60 | L26: =IF((L14=1),Thermostat!$B$3,Thermostat!$B$4) -> 60 | M26: =IF((M14=1),Thermostat!$B$3,Thermostat!$B$4) -> 70 | ... AC26: =IF((AC14=1),Thermostat!$B$3,Thermostat!$B$4) -> 60
E27: Sunday | F27: =IF((F15=1),Thermostat!$B$3,Thermostat!$B$4) -> 60 | G27: =IF((G15=1),Thermostat!$B$3,Thermostat!$B$4) -> 60 | H27: =IF((H15=1),Thermostat!$B$3,Thermostat!$B$4) -> 60 | I27: =IF((I15=1),Thermostat!$B$3,Thermostat!$B$4) -> 60 | J27: =IF((J15=1),Thermostat!$B$3,Thermostat!$B$4) -> 60 | K27: =IF((K15=1),Thermostat!$B$3,Thermostat!$B$4) -> 60 | L27: =IF((L15=1),Thermostat!$B$3,Thermostat!$B$4) -> 60 | M27: =IF((M15=1),Thermostat!$B$3,Thermostat!$B$4) -> 70 | ... AC27: =IF((AC15=1),Thermostat!$B$3,Thermostat!$B$4) -> 60
A28: Gym,Storage,Laundry,Mech,Conference | B28: Assembly | C28: ClgSetpt | D28: Honeywell-INNCOM e7 Thermostat User Guide & Engineering Judgement | E28: Weekday | F28: =IF((F13=1),Thermostat!$B$5,Thermostat!$B$6) -> 85 | G28: =IF((G13=1),Thermostat!$B$5,Thermostat!$B$6) -> 85 | H28: =IF((H13=1),Thermostat!$B$5,Thermostat!$B$6) -> 85 | I28: =IF((I13=1),Thermostat!$B$5,Thermostat!$B$6) -> 85 | J28: =IF((J13=1),Thermostat!$B$5,Thermostat!$B$6) -> 85 | K28: =IF((K13=1),Thermostat!$B$5,Thermostat!$B$6) -> 85 | L28: =IF((L13=1),Thermostat!$B$5,Thermostat!$B$6) -> 85 | M28: =IF((M13=1),Thermostat!$B$5,Thermostat!$B$6) -> 75 | ... AC28: =IF((AC13=1),Thermostat!$B$5,Thermostat!$B$6) -> 85
E29: Saturday | F29: =IF((F14=1),Thermostat!$B$5,Thermostat!$B$6) -> 85 | G29: =IF((G14=1),Thermostat!$B$5,Thermostat!$B$6) -> 85 | H29: =IF((H14=1),Thermostat!$B$5,Thermostat!$B$6) -> 85 | I29: =IF((I14=1),Thermostat!$B$5,Thermostat!$B$6) -> 85 | J29: =IF((J14=1),Thermostat!$B$5,Thermostat!$B$6) -> 85 | K29: =IF((K14=1),Thermostat!$B$5,Thermostat!$B$6) -> 85 | L29: =IF((L14=1),Thermostat!$B$5,Thermostat!$B$6) -> 85 | M29: =IF((M14=1),Thermostat!$B$5,Thermostat!$B$6) -> 75 | ... AC29: =IF((AC14=1),Thermostat!$B$5,Thermostat!$B$6) -> 85
E30: Sunday | F30: =IF((F15=1),Thermostat!$B$5,Thermostat!$B$6) -> 85 | G30: =IF((G15=1),Thermostat!$B$5,Thermostat!$B$6) -> 85 | H30: =IF((H15=1),Thermostat!$B$5,Thermostat!$B$6) -> 85 | I30: =IF((I15=1),Thermostat!$B$5,Thermostat!$B$6) -> 85 | J30: =IF((J15=1),Thermostat!$B$5,Thermostat!$B$6) -> 85 | K30: =IF((K15=1),Thermostat!$B$5,Thermostat!$B$6) -> 85 | L30: =IF((L15=1),Thermostat!$B$5,Thermostat!$B$6) -> 85 | M30: =IF((M15=1),Thermostat!$B$5,Thermostat!$B$6) -> 75 | ... AC30: =IF((AC15=1),Thermostat!$B$5,Thermostat!$B$6) -> 85
A31: ResidentialCommon
A32: Corridors, Stairwells, Lounges,Restrooms | B32: ResidentialCommon | C32: Occupancy | D32: T24 2022 - Appendix 5.4B, [ResidentialCommon] | E32: Weekday | F32: 0.1 | G32: 0.1 | H32: 0.1 | I32: 0.1 | J32: 0.1 | K32: 0.3 | L32: 0.45 | M32: 0.45 | N32: 0.45 | O32: 0.45 | P32: 0.3 | Q32: 0.3 | R32: 0.3 | S32: 0.3 | T32: 0.3 | U32: 0.3 | V32: 0.3 | W32: 0.3 | X32: 0.6 | Y32: 0.8 | Z32: 0.9 | AA32: 0.8 | AB32: 0.6 | AC32: 0.3
E33: Saturday | F33: 0.1 | G33: 0.1 | H33: 0.1 | I33: 0.1 | J33: 0.1 | K33: 0.3 | L33: 0.45 | M33: 0.45 | N33: 0.45 | O33: 0.45 | P33: 0.3 | Q33: 0.3 | R33: 0.3 | S33: 0.3 | T33: 0.3 | U33: 0.3 | V33: 0.3 | W33: 0.3 | X33: 0.6 | Y33: 0.8 | Z33: 0.9 | AA33: 0.8 | AB33: 0.6 | AC33: 0.3
E34: Sunday | F34: 0.1 | G34: 0.1 | H34: 0.1 | I34: 0.1 | J34: 0.1 | K34: 0.3 | L34: 0.45 | M34: 0.45 | N34: 0.45 | O34: 0.45 | P34: 0.3 | Q34: 0.3 | R34: 0.3 | S34: 0.3 | T34: 0.3 | U34: 0.3 | V34: 0.3 | W34: 0.3 | X34: 0.6 | Y34: 0.8 | Z34: 0.9 | AA34: 0.8 | AB34: 0.6 | AC34: 0.3
A35: Corridors, Stairwells, Lounges,Restrooms | B35: ResidentialCommon | C35: Lights | D35: T24 2022 - Appendix 5.4B, [ResidentialCommon] | E35: Weekday | F35: 1 | G35: 1 | H35: 1 | I35: 1 | J35: 1 | K35: 1 | L35: 1 | M35: 1 | N35: 1 | O35: 1 | P35: 1 | Q35: 1 | R35: 1 | S35: 1 | T35: 1 | U35: 1 | V35: 1 | W35: 1 | X35: 1 | Y35: 1 | Z35: 1 | AA35: 1 | AB35: 1 | AC35: 1
E36: Saturday | F36: 1 | G36: 1 | H36: 1 | I36: 1 | J36: 1 | K36: 1 | L36: 1 | M36: 1 | N36: 1 | O36: 1 | P36: 1 | Q36: 1 | R36: 1 | S36: 1 | T36: 1 | U36: 1 | V36: 1 | W36: 1 | X36: 1 | Y36: 1 | Z36: 1 | AA36: 1 | AB36: 1 | AC36: 1
E37: Sunday | F37: 1 | G37: 1 | H37: 1 | I37: 1 | J37: 1 | K37: 1 | L37: 1 | M37: 1 | N37: 1 | O37: 1 | P37: 1 | Q37: 1 | R37: 1 | S37: 1 | T37: 1 | U37: 1 | V37: 1 | W37: 1 | X37: 1 | Y37: 1 | Z37: 1 | AA37: 1 | AB37: 1 | AC37: 1
A38: Corridors, Stairwells, Lounges,Restrooms | B38: ResidentialCommon | C38: ElecEquipment | D38: T24 2022 - Appendix 5.4B, [ResidentialCommon] | E38: Weekday | F38: 0.1 | G38: 0.1 | H38: 0.1 | I38: 0.1 | J38: 0.1 | K38: 0.3 | L38: 0.45 | M38: 0.45 | N38: 0.45 | O38: 0.45 | P38: 0.3 | Q38: 0.3 | R38: 0.3 | S38: 0.3 | T38: 0.3 | U38: 0.3 | V38: 0.3 | W38: 0.3 | X38: 0.6 | Y38: 0.8 | Z38: 0.9 | AA38: 0.8 | AB38: 0.6 | AC38: 0.3
E39: Saturday | F39: 0.1 | G39: 0.1 | H39: 0.1 | I39: 0.1 | J39: 0.1 | K39: 0.3 | L39: 0.45 | M39: 0.45 | N39: 0.45 | O39: 0.45 | P39: 0.3 | Q39: 0.3 | R39: 0.3 | S39: 0.3 | T39: 0.3 | U39: 0.3 | V39: 0.3 | W39: 0.3 | X39: 0.6 | Y39: 0.8 | Z39: 0.9 | AA39: 0.8 | AB39: 0.6 | AC39: 0.3
E40: Sunday | F40: 0.1 | G40: 0.1 | H40: 0.1 | I40: 0.1 | J40: 0.1 | K40: 0.3 | L40: 0.45 | M40: 0.45 | N40: 0.45 | O40: 0.45 | P40: 0.3 | Q40: 0.3 | R40: 0.3 | S40: 0.3 | T40: 0.3 | U40: 0.3 | V40: 0.3 | W40: 0.3 | X40: 0.6 | Y40: 0.8 | Z40: 0.9 | AA40: 0.8 | AB40: 0.6 | AC40: 0.3
A41: Corridors, Stairwells, Lounges,Restrooms | B41: ResidentialCommon | C41: HVACAvail | D41: T24 2022 - Appendix 5.4B, [ResidentialCommon] | E41: Weekday | F41: 1 | G41: 1 | H41: 1 | I41: 1 | J41: 1 | K41: 1 | L41: 1 | M41: 1 | N41: 1 | O41: 1 | P41: 1 | Q41: 1 | R41: 1 | S41: 1 | T41: 1 | U41: 1 | V41: 1 | W41: 1 | X41: 1 | Y41: 1 | Z41: 1 | AA41: 1 | AB41: 1 | AC41: 1
E42: Saturday | F42: 1 | G42: 1 | H42: 1 | I42: 1 | J42: 1 | K42: 1 | L42: 1 | M42: 1 | N42: 1 | O42: 1 | P42: 1 | Q42: 1 | R42: 1 | S42: 1 | T42: 1 | U42: 1 | V42: 1 | W42: 1 | X42: 1 | Y42: 1 | Z42: 1 | AA42: 1 | AB42: 1 | AC42: 1
E43: Sunday | F43: 1 | G43: 1 | H43: 1 | I43: 1 | J43: 1 | K43: 1 | L43: 1 | M43: 1 | N43: 1 | O43: 1 | P43: 1 | Q43: 1 | R43: 1 | S43: 1 | T43: 1 | U43: 1 | V43: 1 | W43: 1 | X43: 1 | Y43: 1 | Z43: 1 | AA43: 1 | AB43: 1 | AC43: 1
A44: Corridors, Stairwells, Lounges,Restrooms | B44: ResidentialCommon | C44: ServiceHotWater | D44: T24 2022 - Appendix 5.4B, [ResidentialCommon] | E44: Weekday | F44: 0 | G44: 0 | H44: 0 | I44: 0.05 | J44: 0.05 | K44: 0.05 | L44: 0.8 | M44: 0.7 | N44: 0.5 | O44: 0.4 | P44: 0.25 | Q44: 0.25 | R44: 0.25 | S44: 0.25 | T44: 0.5 | U44: 0.6 | V44: 0.7 | W44: 0.7 | X44: 0.4 | Y44: 0.25 | Z44: 0.2 | AA44: 0.2 | AB44: 0.05 | AC44: 0.05
E45: Saturday | F45: 0 | G45: 0 | H45: 0 | I45: 0.05 | J45: 0.05 | K45: 0.05 | L45: 0.8 | M45: 0.7 | N45: 0.5 | O45: 0.4 | P45: 0.25 | Q45: 0.25 | R45: 0.25 | S45: 0.25 | T45: 0.5 | U45: 0.6 | V45: 0.7 | W45: 0.7 | X45: 0.4 | Y45: 0.25 | Z45: 0.2 | AA45: 0.2 | AB45: 0.05 | AC45: 0.05
E46: Sunday | F46: 0 | G46: 0 | H46: 0 | I46: 0.05 | J46: 0.05 | K46: 0.05 | L46: 0.8 | M46: 0.7 | N46: 0.5 | O46: 0.4 | P46: 0.25 | Q46: 0.25 | R46: 0.25 | S46: 0.25 | T46: 0.5 | U46: 0.6 | V46: 0.7 | W46: 0.7 | X46: 0.4 | Y46: 0.25 | Z46: 0.2 | AA46: 0.2 | AB46: 0.05 | AC46: 0.05
A47: Corridors, Stairwells, Lounges,Restrooms | B47: ResidentialCommon | C47: Infiltration | D47: T24 2022 - Appendix 5.4B, [ResidentialCommon] | E47: Weekday | F47: 0.25 | G47: 0.25 | H47: 0.25 | I47: 0.25 | J47: 0.25 | K47: 0.25 | L47: 0.25 | M47: 0.25 | N47: 0.25 | O47: 0.25 | P47: 0.25 | Q47: 0.25 | R47: 0.25 | S47: 0.25 | T47: 0.25 | U47: 0.25 | V47: 0.25 | W47: 0.25 | X47: 0.25 | Y47: 0.25 | Z47: 0.25 | AA47: 0.25 | AB47: 0.25 | AC47: 0.25
E48: Saturday | F48: 0.25 | G48: 0.25 | H48: 0.25 | I48: 0.25 | J48: 0.25 | K48: 0.25 | L48: 0.25 | M48: 0.25 | N48: 0.25 | O48: 0.25 | P48: 0.25 | Q48: 0.25 | R48: 0.25 | S48: 0.25 | T48: 0.25 | U48: 0.25 | V48: 0.25 | W48: 0.25 | X48: 0.25 | Y48: 0.25 | Z48: 0.25 | AA48: 0.25 | AB48: 0.25 | AC48: 0.25
E49: Sunday | F49: 0.25 | G49: 0.25 | H49: 0.25 | I49: 0.25 | J49: 0.25 | K49: 0.25 | L49: 0.25 | M49: 0.25 | N49: 0.25 | O49: 0.25 | P49: 0.25 | Q49: 0.25 | R49: 0.25 | S49: 0.25 | T49: 0.25 | U49: 0.25 | V49: 0.25 | W49: 0.25 | X49: 0.25 | Y49: 0.25 | Z49: 0.25 | AA49: 0.25 | AB49: 0.25 | AC49: 0.25
A50: Corridors, Stairwells, Lounges,Restrooms | B50: ResidentialCommon | C50: HtgSetpt | D50: Honeywell-INNCOM e7 Thermostat User Guide & Engineering Judgement | E50: Weekday | F50: =IF((F41=1),Thermostat!$B$7,Thermostat!$B$8) -> 68 | G50: =IF((G41=1),Thermostat!$B$7,Thermostat!$B$8) -> 68 | H50: =IF((H41=1),Thermostat!$B$7,Thermostat!$B$8) -> 68 | I50: =IF((I41=1),Thermostat!$B$7,Thermostat!$B$8) -> 68 | J50: =IF((J41=1),Thermostat!$B$7,Thermostat!$B$8) -> 68 | K50: =IF((K41=1),Thermostat!$B$7,Thermostat!$B$8) -> 68 | L50: =IF((L41=1),Thermostat!$B$7,Thermostat!$B$8) -> 68 | M50: =IF((M41=1),Thermostat!$B$7,Thermostat!$B$8) -> 68 | ... AC50: =IF((AC41=1),Thermostat!$B$7,Thermostat!$B$8) -> 68
E51: Saturday | F51: =IF((F42=1),Thermostat!$B$7,Thermostat!$B$8) -> 68 | G51: =IF((G42=1),Thermostat!$B$7,Thermostat!$B$8) -> 68 | H51: =IF((H42=1),Thermostat!$B$7,Thermostat!$B$8) -> 68 | I51: =IF((I42=1),Thermostat!$B$7,Thermostat!$B$8) -> 68 | J51: =IF((J42=1),Thermostat!$B$7,Thermostat!$B$8) -> 68 | K51: =IF((K42=1),Thermostat!$B$7,Thermostat!$B$8) -> 68 | L51: =IF((L42=1),Thermostat!$B$7,Thermostat!$B$8) -> 68 | M51: =IF((M42=1),Thermostat!$B$7,Thermostat!$B$8) -> 68 | ... AC51: =IF((AC42=1),Thermostat!$B$7,Thermostat!$B$8) -> 68
E52: Sunday | F52: =IF((F43=1),Thermostat!$B$7,Thermostat!$B$8) -> 68 | G52: =IF((G43=1),Thermostat!$B$7,Thermostat!$B$8) -> 68 | H52: =IF((H43=1),Thermostat!$B$7,Thermostat!$B$8) -> 68 | I52: =IF((I43=1),Thermostat!$B$7,Thermostat!$B$8) -> 68 | J52: =IF((J43=1),Thermostat!$B$7,Thermostat!$B$8) -> 68 | K52: =IF((K43=1),Thermostat!$B$7,Thermostat!$B$8) -> 68 | L52: =IF((L43=1),Thermostat!$B$7,Thermostat!$B$8) -> 68 | M52: =IF((M43=1),Thermostat!$B$7,Thermostat!$B$8) -> 68 | ... AC52: =IF((AC43=1),Thermostat!$B$7,Thermostat!$B$8) -> 68
A53: Corridors, Stairwells, Lounges,Restrooms | B53: ResidentialCommon | C53: ClgSetpt | D53: Honeywell-INNCOM e7 Thermostat User Guide & Engineering Judgement | E53: Weekday | F53: =IF((F41=1),Thermostat!$B$9,Thermostat!$B$10) -> 78 | G53: =IF((G41=1),Thermostat!$B$9,Thermostat!$B$10) -> 78 | H53: =IF((H41=1),Thermostat!$B$9,Thermostat!$B$10) -> 78 | I53: =IF((I41=1),Thermostat!$B$9,Thermostat!$B$10) -> 78 | J53: =IF((J41=1),Thermostat!$B$9,Thermostat!$B$10) -> 78 | K53: =IF((K41=1),Thermostat!$B$9,Thermostat!$B$10) -> 78 | L53: =IF((L41=1),Thermostat!$B$9,Thermostat!$B$10) -> 78 | M53: =IF((M41=1),Thermostat!$B$9,Thermostat!$B$10) -> 78 | ... AC53: =IF((AC41=1),Thermostat!$B$9,Thermostat!$B$10) -> 78
E54: Saturday | F54: =IF((F42=1),Thermostat!$B$9,Thermostat!$B$10) -> 78 | G54: =IF((G42=1),Thermostat!$B$9,Thermostat!$B$10) -> 78 | H54: =IF((H42=1),Thermostat!$B$9,Thermostat!$B$10) -> 78 | I54: =IF((I42=1),Thermostat!$B$9,Thermostat!$B$10) -> 78 | J54: =IF((J42=1),Thermostat!$B$9,Thermostat!$B$10) -> 78 | K54: =IF((K42=1),Thermostat!$B$9,Thermostat!$B$10) -> 78 | L54: =IF((L42=1),Thermostat!$B$9,Thermostat!$B$10) -> 78 | M54: =IF((M42=1),Thermostat!$B$9,Thermostat!$B$10) -> 78 | ... AC54: =IF((AC42=1),Thermostat!$B$9,Thermostat!$B$10) -> 78
E55: Sunday | F55: =IF((F43=1),Thermostat!$B$9,Thermostat!$B$10) -> 78 | G55: =IF((G43=1),Thermostat!$B$9,Thermostat!$B$10) -> 78 | H55: =IF((H43=1),Thermostat!$B$9,Thermostat!$B$10) -> 78 | I55: =IF((I43=1),Thermostat!$B$9,Thermostat!$B$10) -> 78 | J55: =IF((J43=1),Thermostat!$B$9,Thermostat!$B$10) -> 78 | K55: =IF((K43=1),Thermostat!$B$9,Thermostat!$B$10) -> 78 | L55: =IF((L43=1),Thermostat!$B$9,Thermostat!$B$10) -> 78 | M55: =IF((M43=1),Thermostat!$B$9,Thermostat!$B$10) -> 78 | ... AC55: =IF((AC43=1),Thermostat!$B$9,Thermostat!$B$10) -> 78
A56: ResidentialLiving | C56: Guest rooms
A57: Guest Rooms | B57: ResidentialLiving | C57: Occupancy | D57: T24 2022 - Appendix 5.4B, [ResidentialLiving] | E57: Weekday | F57: 0.9 | G57: 0.9 | H57: 0.9 | I57: 0.9 | J57: 0.9 | K57: 0.9 | L57: 0.7 | M57: 0.4 | N57: 0.4 | O57: 0.2 | P57: 0.2 | Q57: 0.2 | R57: 0.2 | S57: 0.2 | T57: 0.2 | U57: 0.3 | V57: 0.5 | W57: 0.5 | X57: 0.5 | Y57: 0.7 | Z57: 0.7 | AA57: 0.8 | AB57: 0.9 | AC57: 0.9
E58: Saturday | F58: 0.9 | G58: 0.9 | H58: 0.9 | I58: 0.9 | J58: 0.9 | K58: 0.9 | L58: 0.7 | M58: 0.4 | N58: 0.4 | O58: 0.2 | P58: 0.2 | Q58: 0.2 | R58: 0.2 | S58: 0.2 | T58: 0.2 | U58: 0.3 | V58: 0.5 | W58: 0.5 | X58: 0.5 | Y58: 0.7 | Z58: 0.7 | AA58: 0.8 | AB58: 0.9 | AC58: 0.9
E59: Sunday | F59: 0.9 | G59: 0.9 | H59: 0.9 | I59: 0.9 | J59: 0.9 | K59: 0.9 | L59: 0.7 | M59: 0.4 | N59: 0.4 | O59: 0.2 | P59: 0.2 | Q59: 0.2 | R59: 0.2 | S59: 0.2 | T59: 0.2 | U59: 0.3 | V59: 0.5 | W59: 0.5 | X59: 0.5 | Y59: 0.7 | Z59: 0.7 | AA59: 0.8 | AB59: 0.9 | AC59: 0.9
A60: =A57 -> Guest Rooms | B60: ResidentialLiving | C60: Lights | D60: T24 2022 - Appendix 5.4B, [ResidentialLiving] | E60: Weekday | F60: 0.1 | G60: 0.1 | H60: 0.1 | I60: 0.1 | J60: 0.1 | K60: 0.3 | L60: 0.45 | M60: 0.45 | N60: 0.45 | O60: 0.45 | P60: 0.3 | Q60: 0.3 | R60: 0.3 | S60: 0.3 | T60: 0.3 | U60: 0.3 | V60: 0.3 | W60: 0.3 | X60: 0.6 | Y60: 0.8 | Z60: 0.9 | AA60: 0.8 | AB60: 0.6 | AC60: 0.3
E61: Saturday | F61: 0.1 | G61: 0.1 | H61: 0.1 | I61: 0.1 | J61: 0.1 | K61: 0.3 | L61: 0.45 | M61: 0.45 | N61: 0.45 | O61: 0.45 | P61: 0.3 | Q61: 0.3 | R61: 0.3 | S61: 0.3 | T61: 0.3 | U61: 0.3 | V61: 0.3 | W61: 0.3 | X61: 0.6 | Y61: 0.8 | Z61: 0.9 | AA61: 0.8 | AB61: 0.6 | AC61: 0.3
E62: Sunday | F62: 0.1 | G62: 0.1 | H62: 0.1 | I62: 0.1 | J62: 0.1 | K62: 0.3 | L62: 0.45 | M62: 0.45 | N62: 0.45 | O62: 0.45 | P62: 0.3 | Q62: 0.3 | R62: 0.3 | S62: 0.3 | T62: 0.3 | U62: 0.3 | V62: 0.3 | W62: 0.3 | X62: 0.6 | Y62: 0.8 | Z62: 0.9 | AA62: 0.8 | AB62: 0.6 | AC62: 0.3
A63: =A57 -> Guest Rooms | B63: ResidentialLiving | C63: ElecEquipment | D63: Plug load and schedules project with CEC, 2025 | E63: Weekday | F63: 0.1 | G63: 0.1 | H63: 0.1 | I63: 0.1 | J63: 0.1 | K63: 0.3 | L63: 0.45 | M63: 0.45 | N63: 0.45 | O63: 0.45 | P63: 0.2 | Q63: 0.2 | R63: 0.2 | S63: 0.2 | T63: 0.2 | U63: 0.2 | V63: 0.2 | W63: 0.2 | X63: 0.4 | Y63: 0.5 | Z63: 0.6 | AA63: 0.5 | AB63: 0.4 | AC63: 0.25
E64: Saturday | F64: =F63 -> 0.1 | G64: =G63 -> 0.1 | H64: =H63 -> 0.1 | I64: =I63 -> 0.1 | J64: =J63 -> 0.1 | K64: =K63 -> 0.3 | L64: =L63 -> 0.45 | M64: =M63 -> 0.45 | ... AC64: =AC63 -> 0.25
E65: Sunday | F65: =F63 -> 0.1 | G65: =G63 -> 0.1 | H65: =H63 -> 0.1 | I65: =I63 -> 0.1 | J65: =J63 -> 0.1 | K65: =K63 -> 0.3 | L65: =L63 -> 0.45 | M65: =M63 -> 0.45 | ... AC65: =AC63 -> 0.25
A66: =A57 -> Guest Rooms | B66: ResidentialLiving | C66: HVACAvail | D66: T24 2022 - Appendix 5.4B, [ResidentialLiving] | E66: Weekday | F66: 1 | G66: 1 | H66: 1 | I66: 1 | J66: 1 | K66: 1 | L66: 1 | M66: 1 | N66: 1 | O66: 1 | P66: 1 | Q66: 1 | R66: 1 | S66: 1 | T66: 1 | U66: 1 | V66: 1 | W66: 1 | X66: 1 | Y66: 1 | Z66: 1 | AA66: 1 | AB66: 1 | AC66: 1
E67: Saturday | F67: 1 | G67: 1 | H67: 1 | I67: 1 | J67: 1 | K67: 1 | L67: 1 | M67: 1 | N67: 1 | O67: 1 | P67: 1 | Q67: 1 | R67: 1 | S67: 1 | T67: 1 | U67: 1 | V67: 1 | W67: 1 | X67: 1 | Y67: 1 | Z67: 1 | AA67: 1 | AB67: 1 | AC67: 1
E68: Sunday | F68: 1 | G68: 1 | H68: 1 | I68: 1 | J68: 1 | K68: 1 | L68: 1 | M68: 1 | N68: 1 | O68: 1 | P68: 1 | Q68: 1 | R68: 1 | S68: 1 | T68: 1 | U68: 1 | V68: 1 | W68: 1 | X68: 1 | Y68: 1 | Z68: 1 | AA68: 1 | AB68: 1 | AC68: 1
A69: =A57 -> Guest Rooms | B69: ResidentialLiving | C69: ServiceHotWater | D69: T24 2022 - Appendix 5.4B, [ResidentialLiving] | E69: Weekday | F69: 0.131 | G69: 0.075 | H69: 0.084 | I69: 0.103 | J69: 0.187 | K69: 0.411 | L69: 0.832 | M69: 1 | N69: 0.832 | O69: 0.617 | P69: 0.486 | Q69: 0.355 | R69: 0.336 | S69: 0.308 | T69: 0.299 | U69: 0.243 | V69: 0.393 | W69: 0.449 | X69: 0.486 | Y69: 0.439 | Z69: 0.393 | AA69: 0.364 | AB69: 0.336 | AC69: 0.206
E70: Saturday | F70: 0.217 | G70: 0.12 | H70: 0.108 | I70: 0.096 | J70: 0.181 | K70: 0.277 | L70: 0.313 | M70: 0.566 | N70: 0.928 | O70: 1 | P70: 0.892 | Q70: 0.735 | R70: 0.614 | S70: 0.518 | T70: 0.47 | U70: 0.47 | V70: 0.627 | W70: 0.699 | X70: 0.675 | Y70: 0.627 | Z70: 0.566 | AA70: 0.53 | AB70: 0.482 | AC70: 0.337
E71: Sunday | F71: 0.217 | G71: 0.12 | H71: 0.108 | I71: 0.096 | J71: 0.181 | K71: 0.277 | L71: 0.313 | M71: 0.566 | N71: 0.928 | O71: 1 | P71: 0.892 | Q71: 0.735 | R71: 0.614 | S71: 0.518 | T71: 0.47 | U71: 0.47 | V71: 0.627 | W71: 0.699 | X71: 0.675 | Y71: 0.627 | Z71: 0.566 | AA71: 0.53 | AB71: 0.482 | AC71: 0.337
A72: =A57 -> Guest Rooms | B72: ResidentialLiving | C72: Infiltration | D72: T24 2022 - Appendix 5.4B, [ResidentialLiving] | E72: Weekday | F72: 1 | G72: 1 | H72: 1 | I72: 1 | J72: 1 | K72: 1 | L72: 1 | M72: 1 | N72: 1 | O72: 1 | P72: 1 | Q72: 1 | R72: 1 | S72: 1 | T72: 1 | U72: 1 | V72: 1 | W72: 1 | X72: 1 | Y72: 1 | Z72: 1 | AA72: 1 | AB72: 1 | AC72: 1
E73: Saturday | F73: 1 | G73: 1 | H73: 1 | I73: 1 | J73: 1 | K73: 1 | L73: 1 | M73: 1 | N73: 1 | O73: 1 | P73: 1 | Q73: 1 | R73: 1 | S73: 1 | T73: 1 | U73: 1 | V73: 1 | W73: 1 | X73: 1 | Y73: 1 | Z73: 1 | AA73: 1 | AB73: 1 | AC73: 1
E74: Sunday | F74: 1 | G74: 1 | H74: 1 | I74: 1 | J74: 1 | K74: 1 | L74: 1 | M74: 1 | N74: 1 | O74: 1 | P74: 1 | Q74: 1 | R74: 1 | S74: 1 | T74: 1 | U74: 1 | V74: 1 | W74: 1 | X74: 1 | Y74: 1 | Z74: 1 | AA74: 1 | AB74: 1 | AC74: 1
A75: =A57 -> Guest Rooms | B75: ResidentialLiving | C75: HtgSetpt | D75: Honeywell-INNCOM e7 Thermostat User Guide & Engineering Judgement | E75: Weekday | F75: =IF((F66=1),Thermostat!$B$11,Thermostat!$B$12) -> 70 | G75: =IF((G66=1),Thermostat!$B$11,Thermostat!$B$12) -> 70 | H75: =IF((H66=1),Thermostat!$B$11,Thermostat!$B$12) -> 70 | I75: =IF((I66=1),Thermostat!$B$11,Thermostat!$B$12) -> 70 | J75: =IF((J66=1),Thermostat!$B$11,Thermostat!$B$12) -> 70 | K75: =IF((K66=1),Thermostat!$B$11,Thermostat!$B$12) -> 70 | L75: =IF((L66=1),Thermostat!$B$11,Thermostat!$B$12) -> 70 | M75: =IF((M66=1),Thermostat!$B$11,Thermostat!$B$12) -> 70 | ... AC75: =IF((AC66=1),Thermostat!$B$11,Thermostat!$B$12) -> 70
E76: Saturday | F76: =IF((F67=1),Thermostat!$B$11,Thermostat!$B$12) -> 70 | G76: =IF((G67=1),Thermostat!$B$11,Thermostat!$B$12) -> 70 | H76: =IF((H67=1),Thermostat!$B$11,Thermostat!$B$12) -> 70 | I76: =IF((I67=1),Thermostat!$B$11,Thermostat!$B$12) -> 70 | J76: =IF((J67=1),Thermostat!$B$11,Thermostat!$B$12) -> 70 | K76: =IF((K67=1),Thermostat!$B$11,Thermostat!$B$12) -> 70 | L76: =IF((L67=1),Thermostat!$B$11,Thermostat!$B$12) -> 70 | M76: =IF((M67=1),Thermostat!$B$11,Thermostat!$B$12) -> 70 | ... AC76: =IF((AC67=1),Thermostat!$B$11,Thermostat!$B$12) -> 70
E77: Sunday | F77: =IF((F68=1),Thermostat!$B$11,Thermostat!$B$12) -> 70 | G77: =IF((G68=1),Thermostat!$B$11,Thermostat!$B$12) -> 70 | H77: =IF((H68=1),Thermostat!$B$11,Thermostat!$B$12) -> 70 | I77: =IF((I68=1),Thermostat!$B$11,Thermostat!$B$12) -> 70 | J77: =IF((J68=1),Thermostat!$B$11,Thermostat!$B$12) -> 70 | K77: =IF((K68=1),Thermostat!$B$11,Thermostat!$B$12) -> 70 | L77: =IF((L68=1),Thermostat!$B$11,Thermostat!$B$12) -> 70 | M77: =IF((M68=1),Thermostat!$B$11,Thermostat!$B$12) -> 70 | ... AC77: =IF((AC68=1),Thermostat!$B$11,Thermostat!$B$12) -> 70
A78: =A57 -> Guest Rooms | B78: ResidentialLiving | C78: ClgSetpt | D78: Honeywell-INNCOM e7 Thermostat User Guide & Engineering Judgement | E78: Weekday | F78: =IF((F66=1),Thermostat!$B$13,Thermostat!$B$14) -> 72 | G78: =IF((G66=1),Thermostat!$B$13,Thermostat!$B$14) -> 72 | H78: =IF((H66=1),Thermostat!$B$13,Thermostat!$B$14) -> 72 | I78: =IF((I66=1),Thermostat!$B$13,Thermostat!$B$14) -> 72 | J78: =IF((J66=1),Thermostat!$B$13,Thermostat!$B$14) -> 72 | K78: =IF((K66=1),Thermostat!$B$13,Thermostat!$B$14) -> 72 | L78: =IF((L66=1),Thermostat!$B$13,Thermostat!$B$14) -> 72 | M78: =IF((M66=1),Thermostat!$B$13,Thermostat!$B$14) -> 72 | ... AC78: =IF((AC66=1),Thermostat!$B$13,Thermostat!$B$14) -> 72
E79: Saturday | F79: =IF((F67=1),Thermostat!$B$13,Thermostat!$B$14) -> 72 | G79: =IF((G67=1),Thermostat!$B$13,Thermostat!$B$14) -> 72 | H79: =IF((H67=1),Thermostat!$B$13,Thermostat!$B$14) -> 72 | I79: =IF((I67=1),Thermostat!$B$13,Thermostat!$B$14) -> 72 | J79: =IF((J67=1),Thermostat!$B$13,Thermostat!$B$14) -> 72 | K79: =IF((K67=1),Thermostat!$B$13,Thermostat!$B$14) -> 72 | L79: =IF((L67=1),Thermostat!$B$13,Thermostat!$B$14) -> 72 | M79: =IF((M67=1),Thermostat!$B$13,Thermostat!$B$14) -> 72 | ... AC79: =IF((AC67=1),Thermostat!$B$13,Thermostat!$B$14) -> 72
E80: Sunday | F80: =IF((F68=1),Thermostat!$B$13,Thermostat!$B$14) -> 72 | G80: =IF((G68=1),Thermostat!$B$13,Thermostat!$B$14) -> 72 | H80: =IF((H68=1),Thermostat!$B$13,Thermostat!$B$14) -> 72 | I80: =IF((I68=1),Thermostat!$B$13,Thermostat!$B$14) -> 72 | J80: =IF((J68=1),Thermostat!$B$13,Thermostat!$B$14) -> 72 | K80: =IF((K68=1),Thermostat!$B$13,Thermostat!$B$14) -> 72 | L80: =IF((L68=1),Thermostat!$B$13,Thermostat!$B$14) -> 72 | M80: =IF((M68=1),Thermostat!$B$13,Thermostat!$B$14) -> 72 | ... AC80: =IF((AC68=1),Thermostat!$B$13,Thermostat!$B$14) -> 72
A81: Office | C81: Other
A82: Office | B82: Office | C82: Occupancy | D82: T24 2022 - Appendix 5.4B, [Office] | E82: Weekday | F82: 0 | G82: 0 | H82: 0 | I82: 0 | J82: 0 | K82: 0 | L82: 0.1 | M82: 0.2 | N82: 0.95 | O82: 0.95 | P82: 0.95 | Q82: 0.95 | R82: 0.5 | S82: 0.95 | T82: 0.95 | U82: 0.95 | V82: 0.95 | W82: 0.3 | X82: 0.1 | Y82: 0.1 | Z82: 0.1 | AA82: 0.1 | AB82: 0.05 | AC82: 0.05
E83: Saturday | F83: 0 | G83: 0 | H83: 0 | I83: 0 | J83: 0 | K83: 0 | L83: 0.05 | M83: 0.05 | N83: 0.05 | O83: 0.05 | P83: 0.05 | Q83: 0.05 | R83: 0.05 | S83: 0.05 | T83: 0.05 | U83: 0.05 | V83: 0.05 | W83: 0.05 | X83: 0 | Y83: 0 | Z83: 0 | AA83: 0 | AB83: 0 | AC83: 0
E84: Sunday | F84: 0 | G84: 0 | H84: 0 | I84: 0 | J84: 0 | K84: 0 | L84: 0.05 | M84: 0.05 | N84: 0.05 | O84: 0.05 | P84: 0.05 | Q84: 0.05 | R84: 0.05 | S84: 0.05 | T84: 0.05 | U84: 0.05 | V84: 0.05 | W84: 0.05 | X84: 0 | Y84: 0 | Z84: 0 | AA84: 0 | AB84: 0 | AC84: 0
A85: Office | B85: Office | C85: Lights | D85: T24 2022 - Appendix 5.4B, [Office] | E85: Weekday | F85: 0.05 | G85: 0.05 | H85: 0.05 | I85: 0.05 | J85: 0.05 | K85: 0.1 | L85: 0.1 | M85: 0.3 | N85: 0.65 | O85: 0.65 | P85: 0.65 | Q85: 0.65 | R85: 0.65 | S85: 0.65 | T85: 0.65 | U85: 0.65 | V85: 0.65 | W85: 0.35 | X85: 0.3 | Y85: 0.3 | Z85: 0.2 | AA85: 0.2 | AB85: 0.1 | AC85: 0.05
E86: Saturday | F86: 0.05 | G86: 0.05 | H86: 0.05 | I86: 0.05 | J86: 0.05 | K86: 0.05 | L86: 0.1 | M86: 0.1 | N86: 0.3 | O86: 0.3 | P86: 0.3 | Q86: 0.3 | R86: 0.15 | S86: 0.15 | T86: 0.15 | U86: 0.15 | V86: 0.15 | W86: 0.05 | X86: 0.05 | Y86: 0.05 | Z86: 0.05 | AA86: 0.05 | AB86: 0.05 | AC86: 0.05
E87: Sunday | F87: 0.05 | G87: 0.05 | H87: 0.05 | I87: 0.05 | J87: 0.05 | K87: 0.05 | L87: 0.05 | M87: 0.05 | N87: 0.05 | O87: 0.05 | P87: 0.05 | Q87: 0.05 | R87: 0.05 | S87: 0.05 | T87: 0.05 | U87: 0.05 | V87: 0.05 | W87: 0.05 | X87: 0.05 | Y87: 0.05 | Z87: 0.05 | AA87: 0.05 | AB87: 0.05 | AC87: 0.05
A88: Office | B88: Office | C88: ElecEquipment | D88: Plug load and schedules project with CEC, 2025 | E88: Weekday | F88: 0.45 | G88: 0.45 | H88: 0.45 | I88: 0.45 | J88: 0.45 | K88: 0.45 | L88: 0.45 | M88: 0.74 | N88: 0.87 | O88: 0.9 | P88: 0.9 | Q88: 0.9 | R88: 0.9 | S88: 0.9 | T88: 0.9 | U88: 0.9 | V88: 0.9 | W88: 0.7 | X88: 0.5 | Y88: 0.5 | Z88: 0.5 | AA88: 0.45 | AB88: 0.45 | AC88: 0.45
E89: Saturday | F89: 0.43 | G89: 0.43 | H89: 0.43 | I89: 0.43 | J89: 0.43 | K89: 0.43 | L89: 0.43 | M89: 0.43 | N89: 0.43 | O89: 0.43 | P89: 0.43 | Q89: 0.43 | R89: 0.43 | S89: 0.43 | T89: 0.43 | U89: 0.43 | V89: 0.43 | W89: 0.43 | X89: 0.43 | Y89: 0.43 | Z89: 0.43 | AA89: 0.43 | AB89: 0.43 | AC89: 0.43
E90: Sunday | F90: 0.43 | G90: 0.43 | H90: 0.43 | I90: 0.43 | J90: 0.43 | K90: 0.43 | L90: 0.43 | M90: 0.43 | N90: 0.43 | O90: 0.43 | P90: 0.43 | Q90: 0.43 | R90: 0.43 | S90: 0.43 | T90: 0.43 | U90: 0.43 | V90: 0.43 | W90: 0.43 | X90: 0.43 | Y90: 0.43 | Z90: 0.43 | AA90: 0.43 | AB90: 0.43 | AC90: 0.43
A91: Office | B91: Office | C91: HVACAvail | D91: T24 2022 - Appendix 5.4B, [Office] | E91: Weekday | F91: 0 | G91: 0 | H91: 0 | I91: 0 | J91: 0 | K91: 1 | L91: 1 | M91: 1 | N91: 1 | O91: 1 | P91: 1 | Q91: 1 | R91: 1 | S91: 1 | T91: 1 | U91: 1 | V91: 1 | W91: 1 | X91: 1 | Y91: 1 | Z91: 1 | AA91: 1 | AB91: 1 | AC91: 1
E92: Saturday | F92: 0 | G92: 0 | H92: 0 | I92: 0 | J92: 0 | K92: 1 | L92: 1 | M92: 1 | N92: 1 | O92: 1 | P92: 1 | Q92: 1 | R92: 1 | S92: 1 | T92: 1 | U92: 1 | V92: 1 | W92: 1 | X92: 1 | Y92: 0 | Z92: 0 | AA92: 0 | AB92: 0 | AC92: 0
E93: Sunday | F93: 0 | G93: 0 | H93: 0 | I93: 0 | J93: 0 | K93: 0 | L93: 0 | M93: 0 | N93: 0 | O93: 0 | P93: 0 | Q93: 0 | R93: 0 | S93: 0 | T93: 0 | U93: 0 | V93: 0 | W93: 0 | X93: 0 | Y93: 0 | Z93: 0 | AA93: 0 | AB93: 0 | AC93: 0
A94: Office | B94: Office | C94: ServiceHotWater | D94: T24 2022 - Appendix 5.4B, [Office] | E94: Weekday | F94: 0.05 | G94: 0.05 | H94: 0.05 | I94: 0.05 | J94: 0.05 | K94: 0.08 | L94: 0.07 | M94: 0.19 | N94: 0.35 | O94: 0.38 | P94: 0.39 | Q94: 0.47 | R94: 0.57 | S94: 0.54 | T94: 0.34 | U94: 0.33 | V94: 0.44 | W94: 0.26 | X94: 0.21 | Y94: 0.15 | Z94: 0.17 | AA94: 0.08 | AB94: 0.05 | AC94: 0.05
E95: Saturday | F95: 0.05 | G95: 0.05 | H95: 0.05 | I95: 0.05 | J95: 0.05 | K95: 0.08 | L95: 0.07 | M95: 0.11 | N95: 0.15 | O95: 0.21 | P95: 0.19 | Q95: 0.23 | R95: 0.2 | S95: 0.19 | T95: 0.15 | U95: 0.12 | V95: 0.14 | W95: 0.07 | X95: 0.07 | Y95: 0.07 | Z95: 0.07 | AA95: 0.09 | AB95: 0.05 | AC95: 0.05
E96: Sunday | F96: 0.04 | G96: 0.04 | H96: 0.04 | I96: 0.04 | J96: 0.04 | K96: 0.07 | L96: 0.04 | M96: 0.04 | N96: 0.04 | O96: 0.04 | P96: 0.04 | Q96: 0.06 | R96: 0.06 | S96: 0.09 | T96: 0.06 | U96: 0.04 | V96: 0.04 | W96: 0.04 | X96: 0.04 | Y96: 0.04 | Z96: 0.04 | AA96: 0.07 | AB96: 0.04 | AC96: 0.04
A97: Office | B97: Office | C97: Infiltration | D97: T24 2022 - Appendix 5.4B, [Office] | E97: Weekday | F97: 1 | G97: 1 | H97: 1 | I97: 1 | J97: 1 | K97: 0.25 | L97: 0.25 | M97: 0.25 | N97: 0.25 | O97: 0.25 | P97: 0.25 | Q97: 0.25 | R97: 0.25 | S97: 0.25 | T97: 0.25 | U97: 0.25 | V97: 0.25 | W97: 0.25 | X97: 0.25 | Y97: 0.25 | Z97: 0.25 | AA97: 0.25 | AB97: 0.25 | AC97: 0.25
E98: Saturday | F98: 1 | G98: 1 | H98: 1 | I98: 1 | J98: 1 | K98: 0.25 | L98: 0.25 | M98: 0.25 | N98: 0.25 | O98: 0.25 | P98: 0.25 | Q98: 0.25 | R98: 0.25 | S98: 0.25 | T98: 0.25 | U98: 0.25 | V98: 0.25 | W98: 0.25 | X98: 0.25 | Y98: 1 | Z98: 1 | AA98: 1 | AB98: 1 | AC98: 1
E99: Sunday | F99: 1 | G99: 1 | H99: 1 | I99: 1 | J99: 1 | K99: 1 | L99: 1 | M99: 1 | N99: 1 | O99: 1 | P99: 1 | Q99: 1 | R99: 1 | S99: 1 | T99: 1 | U99: 1 | V99: 1 | W99: 1 | X99: 1 | Y99: 1 | Z99: 1 | AA99: 1 | AB99: 1 | AC99: 1
A100: Office | B100: Office | C100: HtgSetpt | D100: Honeywell-INNCOM e7 Thermostat User Guide & Engineering Judgement | E100: Weekday | F100: =IF((F91=1),Thermostat!$B$3,Thermostat!$B$4) -> 60 | G100: =IF((G91=1),Thermostat!$B$3,Thermostat!$B$4) -> 60 | H100: =IF((H91=1),Thermostat!$B$3,Thermostat!$B$4) -> 60 | I100: =IF((I91=1),Thermostat!$B$3,Thermostat!$B$4) -> 60 | J100: =IF((J91=1),Thermostat!$B$3,Thermostat!$B$4) -> 60 | K100: =IF((K91=1),Thermostat!$B$3,Thermostat!$B$4) -> 70 | L100: =IF((L91=1),Thermostat!$B$3,Thermostat!$B$4) -> 70 | M100: =IF((M91=1),Thermostat!$B$3,Thermostat!$B$4) -> 70 | ... AC100: =IF((AC91=1),Thermostat!$B$3,Thermostat!$B$4) -> 70
...

Sheet Energy Usage
A1: CalBEM Energy Consumption - HotelSmall | N1: Energy Consumption - Lodging
A2: Prototype | B2: CZ | C2: CalBEM Electricity EUI (KBTU/ft²) | D2: CalBEM Gas EUI (KBTU/ft²) | E2: CalBEM Total EUI (KBTU/ft²) | F2: New Construction Electricity EUI (KBTU/ft²) | G2: New Construction Gas EUI (KBTU/ft²) | H2: New Construction Total EUI (KBTU/ft²) | I2: National Average | J2: Acceptable Range (25% Higher) | K2: Acceptable Range (25% Lower) | L2: National Average Acceptable EUI Range | N2: Prototype | O2: CZ | P2: Total Floorspace (Thousand of ft²) | Q2: CEUS 2023 Electricity EUI (kWh/ft²) | R2: CEUS 2023 Gas EUI (kWh/ft²) | S2: CEUS 2023 Total EUI (kBtu/ft²) | T2: Acceptable Range (25% Higher) | U2: Acceptable Range (25% Lower) | V2: CEUS 2022 Acceptable EUI Range
A3: HotelSmall | B3: 1 | C3: 48.2 | D3: 22.4 | E3: 70.5 | F3: 24.29 | G3: 24.74 | H3: =F3+G3 -> 49.03 | I3: 63.9 | J3: =(I3*1.25) -> 79.875 | K3: =(I3*0.75) -> 47.925 | L3: =J3-K3 -> 31.95 | N3: Lodging | O3: 1 | P3: 9588 | Q3: 10.07 | R3: 6.41 | S3: =(Q3+R3)*3.412 -> 56.22976 | T3: =S3*1.25 -> 70.2872 | U3: =S3*0.75 -> 42.17232 | V3: =T3-U3 -> 28.11488
B4: 2 | C4: 45.2 | D4: 21.3 | E4: 66.5 | F4: 24.46 | G4: 23.8 | H4: =F4+G4 -> 48.26 | I4: 59.3 | J4: =(I4*1.25) -> 74.125 | K4: =(I4*0.75) -> 44.475 | L4: =J4-K4 -> 29.65 | O4: 2 | P4: 42372 | Q4: 9.11 | R4: 5.42 | S4: =(Q4+R4)*3.412 -> 49.57636 | T4: =S4*1.25 -> 61.97045 | U4: =S4*0.75 -> 37.18227 | V4: =T4-U4 -> 24.78818
B5: 3 | C5: 40.5 | D5: 21.2 | E5: 61.7 | F5: 21.86 | G5: 22.95 | H5: =F5+G5 -> 44.81 | I5: 57.3 | J5: =(I5*1.25) -> 71.625 | K5: =(I5*0.75) -> 42.975 | L5: =J5-K5 -> 28.65 | O5: 3 | P5: 61013 | Q5: 8.06 | R5: 8.35 | S5: =(Q5+R5)*3.412 -> 55.99092 | T5: =S5*1.25 -> 69.98865 | U5: =S5*0.75 -> 41.99319 | V5: =T5-U5 -> 27.99546
B6: 4 | C6: 46.2 | D6: 20.9 | E6: 67.1 | F6: 25.8 | G6: 23.61 | H6: =F6+G6 -> 49.41 | I6: 61.3 | J6: =(I6*1.25) -> 76.625 | K6: =(I6*0.75) -> 45.975 | L6: =J6-K6 -> 30.65 | O6: 4 | P6: 28798 | Q6: 7.94 | R6: 7.84 | S6: =(Q6+R6)*3.412 -> 53.84136 | T6: =S6*1.25 -> 67.3017 | U6: =S6*0.75 -> 40.38102 | V6: =T6-U6 -> 26.92068
B7: 5 | C7: 38.9 | D7: 21.3 | E7: 60.2 | F7: 22.08 | G7: 23.01 | H7: =F7+G7 -> 45.09 | I7: 56.3 | J7: =(I7*1.25) -> 70.375 | K7: =(I7*0.75) -> 42.225 | L7: =J7-K7 -> 28.15 | O7: 5 | P7: 9409 | Q7: 7.94 | R7: 11.86 | S7: =(Q7+R7)*3.412 -> 67.5576 | T7: =S7*1.25 -> 84.447 | U7: =S7*0.75 -> 50.6682 | V7: =T7-U7 -> 33.7788
B8: 6 | C8: 35.8 | D8: 19.9 | E8: 55.6 | F8: 22.81 | G8: 21.25 | H8: =F8+G8 -> 44.06 | I8: 55.7 | J8: =(I8*1.25) -> 69.625 | K8: =(I8*0.75) -> 41.775 | L8: =J8-K8 -> 27.85 | O8: 6 | P8: 34023 | Q8: 9.03 | R8: 10.6 | S8: =(Q8+R8)*3.412 -> 66.97756 | T8: =S8*1.25 -> 83.72195 | U8: =S8*0.75 -> 50.23317 | V8: =T8-U8 -> 33.48878
B9: 7 | C9: 35.4 | D9: 19.8 | E9: 55.2 | F9: 23.09 | G9: 20.96 | H9: =F9+G9 -> 44.05 | I9: 55.9 | J9: =(I9*1.25) -> 69.875 | K9: =(I9*0.75) -> 41.925 | L9: =J9-K9 -> 27.95 | O9: 7 | P9: 37336 | Q9: 11.69 | R9: 8.98 | S9: =(Q9+R9)*3.412 -> 70.52604 | T9: =S9*1.25 -> 88.15755 | U9: =S9*0.75 -> 52.89453 | V9: =T9-U9 -> 35.26302
B10: 8 | C10: 39.6 | D10: 19.5 | E10: 59.1 | F10: 25.09 | G10: 21.29 | H10: =F10+G10 -> 46.38 | I10: 58.5 | J10: =(I10*1.25) -> 73.125 | K10: =(I10*0.75) -> 43.875 | L10: =J10-K10 -> 29.25 | O10: 8 | P10: 50599 | Q10: 8.92 | R10: 10.37 | S10: =(Q10+R10)*3.412 -> 65.81748 | T10: =S10*1.25 -> 82.27185 | U10: =S10*0.75 -> 49.36311 | V10: =T10-U10 -> 32.90874
B11: 9 | C11: 40.4 | D11: 19.6 | E11: 60 | F11: 25.07 | G11: 21.5 | H11: =F11+G11 -> 46.57 | I11: 58.9 | J11: =(I11*1.25) -> 73.625 | K11: =(I11*0.75) -> 44.175 | L11: =J11-K11 -> 29.45 | O11: 9 | P11: 56761 | Q11: 8.94 | R11: 9.98 | S11: =(Q11+R11)*3.412 -> 64.55504 | T11: =S11*1.25 -> 80.6938 | U11: =S11*0.75 -> 48.41628 | V11: =T11-U11 -> 32.27752
B12: 10 | C12: 41.9 | D12: 19.8 | E12: 61.7 | F12: 26.18 | G12: 21.68 | H12: =F12+G12 -> 47.86 | I12: 60.6 | J12: =(I12*1.25) -> 75.75 | K12: =(I12*0.75) -> 45.45 | L12: =J12-K12 -> 30.3 | O12: 10 | P12: 48383 | Q12: 10.61 | R12: 13.05 | S12: =(Q12+R12)*3.412 -> 80.72792 | T12: =S12*1.25 -> 100.9099 | U12: =S12*0.75 -> 60.54594 | V12: =T12-U12 -> 40.36396
B13: 11 | C13: 51.3 | D13: 20.5 | E13: 71.8 | F13: 28.39 | G13: 23.78 | H13: =F13+G13 -> 52.17 | I13: 64.7 | J13: =(I13*1.25) -> 80.875 | K13: =(I13*0.75) -> 48.525 | L13: =J13-K13 -> 32.35 | O13: 11 | P13: 13807 | Q13: 13.42 | R13: 12.06 | S13: =(Q13+R13)*3.412 -> 86.93776 | T13: =S13*1.25 -> 108.6722 | U13: =S13*0.75 -> 65.20332 | V13: =T13-U13 -> 43.46888
B14: 12 | C14: 45.6 | D14: 20.6 | E14: 66.2 | F14: 25.95 | G14: 23.4 | H14: =F14+G14 -> 49.35 | I14: 62 | J14: =(I14*1.25) -> 77.5 | K14: =(I14*0.75) -> 46.5 | L14: =J14-K14 -> 31 | O14: 12 | P14: 54244 | Q14: 11.8 | R14: 11.49 | S14: =(Q14+R14)*3.412 -> 79.46548 | T14: =S14*1.25 -> 99.33185 | U14: =S14*0.75 -> 59.59911 | V14: =T14-U14 -> 39.73274
B15: 13 | C15: 48.5 | D15: 20.5 | E15: 69 | F15: 28.21 | G15: 23.05 | H15: =F15+G15 -> 51.26 | I15: 65.1 | J15: =(I15*1.25) -> 81.375 | K15: =(I15*0.75) -> 48.825 | L15: =J15-K15 -> 32.55 | O15: 13 | P15: 16296 | Q15: 11.83 | R15: 8.98 | S15: =(Q15+R15)*3.412 -> 71.00372 | T15: =S15*1.25 -> 88.75465 | U15: =S15*0.75 -> 53.25279 | V15: =T15-U15 -> 35.50186
... B18: 16 | C18: 52.4 | D18: 22.7 | E18: 75 | F18: 28.74 | G18: 26.45 | H18: =F18+G18 -> 55.19 | I18: 66.6 | J18: =(I18*1.25) -> 83.25 | K18: =(I18*0.75) -> 49.95 | L18: =J18-K18 -> 33.3 | O18: 16 | P18: 33483 | Q18: 12.32 | R18: 13.6 | S18: =(Q18+R18)*3.412 -> 88.43904 | T18: =S18*1.25 -> 110.5488 | U18: =S18*0.75 -> 66.32928 | V18: =T18-U18 -> 44.21952
A20: Ref: CEUS 2022 Report
A21: And converted FZ level data to CZ level
A22: CEUS has only one category for Lodging buildings
A25: Background Data [To be deleted prior to publication]
A27: Building-type | B27: Planning Area | C27: Percent of Total | D27: Annual Gas Intensity (kBtu/ft²) | E27: Gas Usage (Therms) | I27: Percent of Therms
A28: Office, Small | B28: Statewide | C28: 0.069472618 | D28: 18.412652 | E28: 1.3426886e+08 | I28: 0.059666687
A29: Office, Small | B29: FCZ1 | C29: 0.051121525 | D29: 22.852916 | E29: 27331077 | I29: 0.061329055
A30: Office, Small | B30: FCZ2 | C30: 0.096269719 | D30: 19.118001 | E30: 6426897.9 | I30: 0.096846802
A31: Office, Small | B31: FCZ3 | C31: 0.13485094 | D31: 28.286511 | E31: 2660392.7 | I31: 0.15551675
A32: Office, Small | B32: FCZ4 | C32: 0.086968601 | D32: 12.151238 | E32: 5496954.8 | I32: 0.058292862
A33: Office, Small | B33: FCZ5 | C33: 0.085148079 | D33: 15.192834 | E33: 6556179.9 | I33: 0.069670951
A34: Office, Small | B34: FCZ6 | C34: 0.10091833 | D34: 36.414804 | E34: 12728731 | I34: 0.16679848
A35: Office, Small | B35: FCZ7 | C35: 0.06467628 | D35: 10.462719 | E35: 17590769 | I35: 0.033022228
A36: Office, Small | B36: FCZ8 | C36: 0.082931727 | D36: 9.9914597 | E36: 2420917.8 | I36: 0.040934189
A37: Office, Small | B37: FCZ9 | C37: 0.073941339 | D37: 13.050989 | E37: 1525983.1 | I37: 0.053068389
A38: Office, Small | B38: FCZ10 | C38: 0.047515324 | D38: 15.531346 | E38: 5228482.8 | I38: 0.040201214
A39: Office, Small | B39: FCZ11 | C39: 0.072140398 | D39: 6.7585921 | E39: 2405260.7 | I39: 0.023064015
... A44: Office, Small | B44: FCZ17 | C44: 0.065657928 | D44: 37.369385 | E44: 1793388.3 | I44: 0.040174472
A45: Office, Small
D46: Annual Electric Usage (GWh) | N46: Annual Gas Usage (MTherms) | R46: Annual Electric Intensity (kWh/ft²) | Z46: Annual Gas Intensity (kBtu/ft²) | AD46: Annual Gas Intensity (kBtu/ft²)
A47: Planning Area & Forecast Zone | B47: Building Type | D47: Participating Utilities Only | E47: Nonparticipating Utilities | I47: Total | N47: Participating Utilities Only | O47: Nonparticipating Utilities | P47: Total | R47: Participating Utilities Only | T47: Nonparticipating Utilities | X47: Total | Z47: Participating Utilities Only | AA47: Nonparticipating Utilities | AB47: Total | AD47: Participating Utilities Only | AE47: Nonparticipating Utilities | AF47: Total
A48: Statewide | B48: Office, Small | D48: 5984.2374 | E48: 513.69194 | I48: 6497.9293 | N48: 125.31334 | O48: 8.9555224 | P48: 134.26886 | R48: 8.9252324 | T48: 8.7458785 | X48: 8.9107863 | Z48: 18.689945 | AA48: 15.476875 | AB48: 18.412652 | AD48: 18.689945 | AE48: 15.247253 | AF48: 18.412652
A49: FCZ1 | B49: Office, Small | D49: 896.81511 | E49: 198.76561 | I49: 1095.5807 | N49: 22.372539 | O49: 4.9585375 | P49: 27.331077 | R49: 9.1607127 | T49: 9.1607127 | X49: 9.1607127 | Z49: 22.852916 | AA49: 22.852916 | AB49: 22.852916 | AD49: 22.852916 | AE49: 22.852916 | AF49: 22.852916
A50: FCZ2 | B50: Office, Small | D50: 236.12462 | E50: 15.511316 | I50: 251.63594 | N50: 6.0307318 | O50: 0.39616616 | P50: 6.4268979 | R50: 7.4853782 | T50: 7.4853782 | X50: 7.4853782 | Z50: 19.118001 | AA50: 19.118001 | AB50: 19.118001 | AD50: 19.118001 | AE50: 19.118001 | AF50: 19.118001
A51: FCZ3 | B51: Office, Small | D51: 111.77206 | E51: 3.4206094 | I51: 115.19267 | N51: 2.5813932 | O51: 0.078999511 | P51: 2.6603927 | R51: 12.247811 | T51: 12.247811 | X51: 12.247811 | Z51: 28.286511 | AA51: 28.286511 | AB51: 28.286511 | AD51: 28.286511 | AE51: 28.286511 | AF51: 28.286511
A52: FCZ4 | B52: Office, Small | D52: 390.53261 | E52: 72.614839 | I52: 463.14745 | N52: 4.6351116 | O52: 0.86184322 | P52: 5.4969548 | R52: 10.238059 | T52: 10.238059 | X52: 10.238059 | Z52: 12.151238 | AA52: 12.151238 | AB52: 12.151238 | AD52: 12.151238 | AE52: 12.151238 | AF52: 12.151238
A53: FCZ5 | B53: Office, Small | D53: 478.9275 | E53: 0.93931387 | I53: 479.86682 | N53: 6.5433465 | O53: 0.012833375 | P53: 6.5561799 | R53: 11.120099 | T53: 11.120099 | X53: 11.120099 | Z53: 15.192834 | AA53: 15.192834 | AB53: 15.192834 | AD53: 15.192834 | AE53: 15.192834 | AF53: 15.192834
A54: FCZ6 | B54: Office, Small | D54: 231.37812 | E54: 3.8514927 | I54: 235.22962 | N54: 12.520319 | O54: 0.20841174 | P54: 12.728731 | R54: 6.7295321 | T54: 6.7295321 | X54: 6.7295321 | Z54: 36.414804 | AA54: 36.414804 | AB54: 36.414804 | AD54: 36.414804 | AE54: 36.414804 | AF54: 36.414804
A55: FCZ7 | B55: Office, Small | D55: 1153.6634 | E55: 104.08673 | I55: 1257.7502 | N55: 16.135022 | O55: 1.4557467 | P55: 17.590769 | R55: 7.480905 | T55: 7.480905 | X55: 7.480905 | Z55: 10.462719 | AA55: 10.462719 | AB55: 10.462719 | AD55: 10.462719 | AE55: 10.462719 | AF55: 10.462719
A56: FCZ8 | B56: Office, Small | D56: 172.02688 | E56: 0 | I56: 172.02688 | N56: 2.4209178 | O56: 0 | P56: 2.4209178 | R56: 7.0997852 | T56: na | X56: 7.0997852 | Z56: 9.9914597 | AA56: na | AB56: 9.9914597 | AD56: 9.9914597 | AE56: na | AF56: 9.9914597
A57: FCZ9 | B57: Office, Small | D57: 96.789779 | E57: 0 | I57: 96.789779 | N57: 1.5259831 | O57: 0 | P57: 1.5259831 | R57: 8.2779573 | T57: na | X57: 8.2779573 | Z57: 13.050989 | AA57: na | AB57: 13.050989 | AD57: 13.050989 | AE57: na | AF57: 13.050989
A58: FCZ10 | B58: Office, Small | D58: 243.39211 | E58: 8.7781979 | I58: 252.17031 | N58: 5.0464762 | O58: 0.18200658 | P58: 5.2284828 | R58: 7.4907855 | T58: 7.4907855 | X58: 7.4907855 | Z58: 15.531346 | AA58: 15.531346 | AB58: 15.531346 | AD58: 15.531346 | AE58: 15.531346 | AF58: 15.531346
A59: FCZ11 | B59: Office, Small | D59: 211.75496 | E59: 105.72383 | I59: 317.47879 | N59: 1.6042832 | O59: 0.80097751 | P59: 2.4052607 | R59: 8.9209026 | T59: 8.9209026 | X59: 8.9209026 | Z59: 6.7585921 | AA59: 6.7585921 | AB59: 6.7585921 | AD59: 6.7585921 | AE59: 6.7585921 | AF59: 6.7585921
A60: FCZ12c | B60: Office, Small | D60: 714.65536 | E60: 0 | I60: 714.65536 | N60: 16.118298 | O60: 0 | P60: 16.118298 | R60: 10.756475 | T60: na | X60: 10.756475 | Z60: 24.260094 | AA60: na | AB60: 24.260094 | AD60: 24.260094 | AE60: na | AF60: 24.260094
A61: FCZ12i | B61: Office, Small | D61: 214.78589 | E61: 0 | I61: 214.78589 | N61: 4.1954353 | O61: 0 | P61: 4.1954353 | R61: 10.166138 | T61: na | X61: 10.166138 | Z61: 19.857624 | AA61: na | AB61: 19.857624 | AD61: 19.857624 | AE61: na | AF61: 19.857624
A62: FCZ13 | B62: Office, Small | D62: 304.37031 | E62: 0 | I62: 304.37031 | N62: 10.874612 | O62: 0 | P62: 10.874612 | R62: 10.459344 | T62: na | X62: 10.459344 | Z62: 37.369385 | AA62: na | AB62: 37.369385 | AD62: 37.369385 | AE62: na | AF62: 37.369385
A63: FCZ16 | B63: Office, Small | D63: 399.4066 | E63: 0 | I63: 399.4066 | N63: 10.915478 | O63: 0 | P63: 10.915478 | R63: 10.333948 | T63: na | X63: 10.333948 | Z63: 28.241892 | AA63: na | AB63: 28.241892 | AD63: 28.241892 | AE63: na | AF63: 28.241892
A64: FCZ17 | B64: Office, Small | D64: 127.84199 | E64: 0 | I64: 127.84199 | N64: 1.7933883 | O64: 0 | P64: 1.7933883 | R64: 8.7341256 | T64: na | X64: 8.7341256 | Z64: 12.252374 | AA64: na | AB64: 12.252374 | AD64: 12.252374 | AE64: na | AF64: 12.252374
A65: Statewide | B65: Office, Small | D65: 5984.2374 | E65: 513.69194 | I65: 6497.9293 | N65: 125.31334 | O65: 8.9555224 | P65: 134.26886 | R65: 8.9252324 | T65: 8.7458785 | X65: 8.9107863 | Z65: 18.689945 | AA65: 15.476875 | AB65: 18.412652 | AD65: 18.689945 | AE65: 15.247253 | AF65: 18.412652
A70: End Use | B70: Planning Are | C70: Gas Fuel Share | D70: Other Fuel Share | E70: Saturation (Elect) | I70: Saturations (Gas) | M70: Saturations (Other Fuels) | N70: <= The saturations here are the % of total floorspace with for each combination of end-use and fuel type.
A71: Air Compressors | B71: Statewide | C71: NA | D71: NA | E71: 0.15531554 | I71: 0 | M71: 0
A72: Cooking, Major | B72: Statewide | C72: 0.62223882 | D72: 0.0041192279 | E72: 0.0016026941 | I72: 0.0026690217 | M72: 1.7668953e-05
A73: Cooking, Minor | B73: Statewide | C73: 0.0093974451 | D73: 0 | E73: 0.9402157 | I73: 0.0089194454 | M73: 0
A74: Cooling | B74: Statewide | C74: 0.00035234074 | D74: 0.00012008209 | E74: 0.89927169 | I74: 0.00031699981 | M74: 0.00010803746
A75: Exterior Lighting | B75: Statewide | C75: NA | D75: NA | E75: 0.66300605 | I75: 0 | M75: 0
A76: Freezers, Commercial | B76: Statewide | C76: NA | D76: NA | E76: 0.059735148 | I76: 0 | M76: 0
A77: Frozen Floor Space | B77: Statewide | C77: NA | D77: NA | E77: 0.00030891267 | I77: 0 | M77: 0
A78: Heating | B78: Statewide | C78: 0.55528365 | D78: 0.010949729 | E78: 0.39542234 | I78: 0.50619745 | M78: 0.0099817906 | O78: 43=40/(40+51+1)
A79: Miscellaneous | B79: Statewide | C79: NA | D79: NA | E79: 0.93412756 | I79: 0 | M79: 0
A80: Motors | B80: Statewide | C80: NA | D80: NA | E80: 0.1278487 | I80: 0 | M80: 0
A81: Office Equipment | B81: Statewide | C81: NA | D81: NA | E81: 1 | I81: 0 | M81: 0
A82: Refrigerated Floor Space | B82: Statewide | C82: NA | D82: NA | E82: 9.4264351e-05 | I82: 0 | M82: 0
A83: Refrigerators, Commercial | B83: Statewide | C83: NA | D83: NA | E83: 0.84563059 | I83: 0 | M83: 0
A84: Refrigerators, Residential | B84: Statewide | C84: NA | D84: NA | E84: 0.92628661 | I84: 0 | M84: 0
A85: Ventilation | B85: Statewide | C85: NA | D85: NA | E85: 0.93073487 | I85: 0 | M85: 0
A86: Water Heating | B86: Statewide | C86: 0.49119979 | D86: 0.0094911613 | E86: 0.46311398 | I86: 0.45559256 | M86: 0.008803144
A90: Utility & Forecast Zone | B90: Building Type | C90: 1998-2007 | D90: 2008-2017 | E90: 2018 | I90: Year-Built Not Available
A91: Statewide | B91: Office, Small | C91: 0.15455807 | D91: 0.09386276 | E91: 0 | I91: 0.092171707
A92: 1 | B92: Office, Small | C92: 0.14373991 | D92: 0.26426272 | E92: 0 | I92: 0.051437832
A93: 2 | B93: Office, Small | C93: 0.14129746 | D93: 0.062888618 | E93: 0 | I93: 0.046643746
A94: 3 | B94: Office, Small | C94: 0.16451007 | D94: 0.032749337 | E94: 0 | I94: 0.11975941
A95: 4 | B95: Office, Small | C95: 0.47614742 | D95: 0.054246892 | E95: 0 | I95: 0.04990414
A96: 5 | B96: Office, Small | C96: 0.22077584 | D96: 0.12028859 | E96: 0 | I96: 0.053200674
A97: 6 | B97: Office, Small | C97: 0.19783463 | D97: 0.012551177 | E97: 0 | I97: 0.31141651
A98: 7 | B98: Office, Small | C98: 0.037103285 | D98: 0.0084451103 | E98: 0 | I98: 0.13396181
A99: 8 | B99: Office, Small | C99: 0.1182742 | D99: 0.070117617 | E99: 0 | I99: 0.13665704
A100: 9 | B100: Office, Small | C100: 0.27812008 | D100: 0.12041462 | E100: 0 | I100: 0.22271198
A101: 10 | B101: Office, Small | C101: 0.22950212 | D101: 0.062573043 | E101: 0 | I101: 0.19073974
A102: 11 | B102: Office, Small | C102: 0.18171647 | D102: 0.063899234 | E102: 0 | I102: 0.17716263
A103: 12c | B103: Office, Small | C103: 0.11898881 | D103: 0.090332777 | E103: 0 | I103: 0.014836623
A104: 12i | B104: Office, Small | C104: 0.047097826 | D104: 0.066804855 | E104: 0 | I104: 0.1349893
A105: 13 | B105: Office, Small | C105: 0.28120314 | D105: 0.06705408 | E105: 2.4135389e-05 | I105: 0.030976246
A106: 16 | B106: Office, Small | C106: 0.066062823 | D106: 0 | E106: 2.4135389e-05 | I106: 0.0037404523
A107: 17 | B107: Office, Small | C107: 0 | D107: 0.10816627 | E107: 2.4135389e-05 | I107: 0.07291181
A108: Utility & Forecast Zone | B108: Building Type | C108: 1998-2007 | D108: 2008-2017 | E108: 2018 | I108: Year-Built Not Available
A109: Statewide | B109: Office, Small | C109: 0.15425823 | D109: 0.062602159 | E109: 0.00022319613 | I109: 0.10249972
A110: 1 | B110: Office, Small | C110: 0.10147983 | D110: 0.06305237 | E110: 0 | I110: 0.087485679
A111: 2 | B111: Office, Small | C111: 0.15942816 | D111: 0.063877463 | E111: 0 | I111: 0.046091765
A112: 3 | B112: Office, Small | C112: 0.17262989 | D112: 0.080304245 | E112: 0 | I112: 0.10849505
A113: 4 | B113: Office, Small | C113: 0.45117862 | D113: 0.045154653 | E113: 0 | I113: 0.078681876
A114: 5 | B114: Office, Small | C114: 0.23924879 | D114: 0.17882668 | E114: 0 | I114: 0.063515605
A115: 6 | B115: Office, Small | C115: 0.08134591 | D115: 0.059060027 | E115: 0 | I115: 0.22831511
A116: 7 | B116: Office, Small | C116: 0.072498538 | D116: 0.03284648 | E116: 0.0011531007 | I116: 0.13210219
A117: 8 | B117: Office, Small | C117: 0.075660229 | D117: 0.085809561 | E117: 0 | I117: 0.060034899
...

Sheet Weights
A1: % of floor area per CZ and vintage bin - Lodging | J1: % of floor area per CZ and vintage bin - Large Hotel
A2: Prototype | B2: CZ | C2: Vintage Bin | J2: Prototype | K2: Vintage Bin | L2: CZ
C3: Pre-1978 | D3: 1978-1997 | E3: 1998-2007 | F3: 2008-2018 | G3: Not available | L3: 1 | M3: 2 | N3: 3 | O3: 4 | P3: 5 | Q3: 6 | R3: 7 | S3: 8 | T3: 9 | U3: 10 | V3: 11 | W3: 12 | X3: 13 | Y3: 14 | Z3: 15 | AA3: 16
A4: Hotel | B4: 1 | C4: 0.49 | D4: 0.16 | E4: 0.25 | F4: 0.07 | G4: 0.04 | H4: =SUM(C4:G4) -> 1.01 | J4: Hotel | K4: Pre-1978 | L4: 0.03 | M4: 0.16 | N4: 0.19 | O4: 0.09 | P4: 0.02 | Q4: 0.05 | R4: 0.04 | S4: 0.07 | T4: 0.09 | U4: 0.03 | V4: 0.02 | W4: 0.1 | X4: 0.03 | Y4: 0.01 | Z4: 0.01 | AA4: 0.03 | AB4: =SUM(L4:AA4) -> 0.97
B5: 2 | C5: 0.57 | D5: 0.09 | E5: 0.28 | F5: 0.03 | G5: 0.02 | H5: =SUM(C5:G5) -> 0.99 | K5: 1978-1997 | L5: 0.01 | M5: 0.02 | N5: 0.08 | O5: 0.04 | P5: 0.02 | Q5: 0.08 | R5: 0.07 | S5: 0.12 | T5: 0.14 | U5: 0.12 | V5: 0.03 | W5: 0.09 | X5: 0.03 | Y5: 0.02 | Z5: 0.07 | AA5: 0.07 | AB5: =SUM(L5:AA5) -> 1.01
B6: 3 | C6: 0.45 | D6: 0.26 | E6: 0.2 | F6: 0.04 | G6: 0.05 | H6: =SUM(C6:G6) -> 1 | K6: 1998-2007 | L6: 0.03 | M6: 0.13 | N6: 0.13 | O6: 0.06 | P6: 0.02 | Q6: 0.03 | R6: 0.07 | S6: 0.04 | T6: 0.05 | U6: 0.1 | V6: 0.03 | W6: 0.14 | X6: 0.03 | Y6: 0.02 | Z6: 0.02 | AA6: 0.1 | AB6: =SUM(L6:AA6) -> 1
B7: 4 | C7: 0.46 | D7: 0.25 | E7: 0.2 | F7: 0.04 | G7: 0.05 | H7: =SUM(C7:G7) -> 1 | K7: 2008-2018 | L7: 0.01 | M7: 0.03 | N7: 0.05 | O7: 0.02 | P7: 0.01 | Q7: 0.07 | R7: 0.16 | S7: 0.11 | T7: 0.12 | U7: 0.11 | V7: 0.03 | W7: 0.12 | X7: 0.05 | Y7: 0.02 | Z7: 0.02 | AA7: 0.07 | AB7: =SUM(L7:AA7) -> 1
B8: 5 | C8: 0.37 | D8: 0.37 | E8: 0.16 | F8: 0.05 | G8: 0.05 | H8: =SUM(C8:G8) -> 1 | K8: Not available | L8: 0.01 | M8: 0.02 | N8: 0.06 | O8: 0.03 | P8: 0.01 | Q8: 0.09 | R8: 0.05 | S8: 0.17 | T8: 0.14 | U8: 0.12 | V8: 0.03 | W8: 0.07 | X8: 0.03 | Y8: 0.02 | Z8: 0.1 | AA8: 0.05 | AB8: =SUM(L8:AA8) -> 1
B9: 6 | C9: 0.23 | D9: 0.46 | E9: 0.08 | F9: 0.11 | G9: 0.12 | H9: =SUM(C9:G9) -> 1 | K9: Total | L9: 0.02 | M9: 0.08 | N9: 0.12 | O9: 0.05 | P9: 0.02 | Q9: 0.06 | R9: 0.07 | S9: 0.1 | T9: 0.11 | U9: 0.09 | V9: 0.03 | W9: 0.1 | X9: 0.03 | Y9: 0.02 | Z9: 0.05 | AA9: 0.06
B10: 7 | C10: 0.16 | D10: 0.39 | E10: 0.16 | F10: 0.23 | G10: 0.06 | H10: =SUM(C10:G10) -> 1
B11: 8 | C11: 0.21 | D11: 0.45 | E11: 0.08 | F11: 0.11 | G11: 0.15 | H11: =SUM(C11:G11) -> 1
B12: 9 | C12: 0.22 | D12: 0.47 | E12: 0.09 | F12: 0.11 | G12: 0.11 | H12: =SUM(C12:G12) -> 1
B13: 10 | C13: 0.11 | D13: 0.48 | E13: 0.19 | F13: 0.12 | G13: 0.11 | H13: =SUM(C13:G13) -> 1.01
B14: 11 | C14: 0.2 | D14: 0.43 | E14: 0.19 | F14: 0.1 | G14: 0.09 | H14: =SUM(C14:G14) -> 1.01
B15: 12 | C15: 0.28 | D15: 0.31 | E15: 0.23 | F15: 0.12 | G15: 0.06 | H15: =SUM(C15:G15) -> 1
B16: 13 | C16: 0.3 | D16: 0.32 | E16: 0.15 | F16: 0.16 | G16: 0.07 | H16: =SUM(C16:G16) -> 1
B17: 14 | C17: 0.15 | D17: 0.44 | E17: 0.21 | F17: 0.09 | G17: 0.11 | H17: =SUM(C17:G17) -> 1
B18: 15 | C18: 0.09 | D18: 0.58 | E18: 0.09 | F18: 0.05 | G18: 0.19 | H18: =SUM(C18:G18) -> 1
B19: 16 | C19: 0.14 | D19: 0.42 | E19: 0.27 | F19: 0.1 | G19: 0.07 | H19: =SUM(C19:G19) -> 1
B20: Statewide | C20: 0.3 | D20: 0.35 | E20: 0.17 | F20: 0.1 | G20: 0.08
A22: Ref: CEUS 2022 dataset
A23: And converted FZ level data to CZ level
A24: CEUS has only one category for Lodging buildings
A29: Background Data [To be deleted prior to publication]
A31: CEUS 2022
A32: FZ | B32: Building Type | C32: Pre-1978 | D32: 1978-1997 | E32: 1998-2007 | F32: 2008-2017 | G32: 2018 | H32: Year-Built Not Available | I32: Total | K32: 2008-2018 | L32: Total floor area of the CA stock (kft²)
A33: Statewide | B33: Office, Small | C33: 0.3905572 | D33: 0.32054924 | E33: 0.1319648 | F33: 0.046532958 | G33: 0.00046801205 | H33: 0.10992779 | I33: 1 | K33: =F33+G33 -> 0.04700097 | L33: =SUM(L34:L49) -> 729220.64
A34: 1 | B34: Office, Small | C34: 0.49229157 | D34: 0.27621144 | E34: 0.10186498 | F34: 0.041901259 | G34: 0 | H34: 0.087730749 | I34: 1 | K34: =F34+G34 -> 0.041901259 | L34: 119595.58
A35: 2 | B35: Office, Small | C35: 0.46168334 | D35: 0.33779852 | E35: 0.12287338 | F35: 0.050378883 | G35: 0 | H35: 0.027265883 | I35: 1 | K35: =F35+G35 -> 0.050378883 | L35: 33616.997
A36: 3 | B36: Office, Small | C36: 0.35133699 | D36: 0.29735124 | E36: 0.15972187 | F36: 0.059548007 | G36: 0 | H36: 0.1320419 | I36: 1 | K36: =F36+G36 -> 0.059548007 | L36: 9405.1639
A37: 4 | B37: Office, Small | C37: 0.10543453 | D37: 0.33085785 | E37: 0.44093491 | F37: 0.045761264 | G37: 0 | H37: 0.077011441 | I37: 1 | K37: =F37+G37 -> 0.045761264 | L37: 45237.817
A38: 5 | B38: Office, Small | C38: 0.27174546 | D38: 0.34074192 | E38: 0.22424547 | F38: 0.088750292 | G38: 0 | H38: 0.074516853 | I38: 1 | K38: =F38+G38 -> 0.088750292 | L38: 43153.106
A39: 6 | B39: Office, Small | C39: 0.36794136 | D39: 0.31173018 | E39: 0.073232662 | F39: 0.03210861 | G39: 0 | H39: 0.21498719 | I39: 1 | K39: =F39+G39 -> 0.03210861 | L39: 34954.825
A40: 7 | B40: Office, Small | C40: 0.49357999 | D40: 0.27608269 | E40: 0.064239192 | F40: 0.027310472 | G40: 0.0020299051 | H40: 0.13675775 | I40: 1 | K40: =F40+G40 -> 0.029340378 | L40: 168128.08
A41: 8 | B41: Office, Small | C41: 0.2693089 | D41: 0.48402865 | E41: 0.097879686 | F41: 0.090458864 | G41: 0 | H41: 0.058323901 | I41: 1 | K41: =F41+G41 -> 0.090458864 | L41: 24229.871
A42: 9 | B42: Office, Small | C42: 0.26610117 | D42: 0.24380819 | E42: 0.23268647 | F42: 0.089894983 | G42: 0 | H42: 0.16750919 | I42: 1 | K42: =F42+G42 -> 0.089894983 | L42: 11692.472
A43: 10 | B43: Office, Small | C43: 0.2333344 | D43: 0.31235343 | E43: 0.22634974 | F43: 0.078500252 | G43: 0 | H43: 0.14946217 | I43: 1 | K43: =F43+G43 -> 0.078500252 | L43: 33664.068
A44: 11 | B44: Office, Small | C44: 0.15071273 | D44: 0.31828928 | E44: 0.23534997 | F44: 0.12159304 | G44: 0 | H44: 0.17405498 | I44: 1 | K44: =F44+G44 -> 0.12159304 | L44: 35588.191
A45: 12c | B45: Office, Small | C45: 0.27133902 | D45: 0.51706159 | E45: 0.086642332 | F45: 0.039424144 | G45: 0 | H45: 0.085532919 | I45: 1 | K45: =F45+G45 -> 0.039424144 | L45: 66439.553
A46: 12i | B46: Office, Small | C46: 0.33099061 | D46: 0.25225532 | E46: 0.10310907 | F46: 0.0069768474 | G46: 0 | H46: 0.30666815 | I46: 1 | K46: =F46+G46 -> 0.0069768474 | L46: 21127.58
A47: 13 | B47: Office, Small | C47: 0.32632305 | D47: 0.41747372 | E47: 0.18751242 | F47: 0.036549681 | G47: 0 | H47: 0.032141132 | I47: 1 | K47: =F47+G47 -> 0.036549681 | L47: 29100.324
A48: 16 | B48: Office, Small | C48: 0.74894659 | D48: 0.21234715 | E48: 0.024644794 | F48: 0 | G48: 0 | H48: 0.014061462 | I48: 1 | K48: =F48+G48 -> 0 | L48: 38649.953
A49: 17 | B49: Office, Small | C49: 0.57666003 | D49: 0.21316776 | E49: 0 | F49: 0.06905719 | G49: 0 | H49: 0.14111502 | I49: 1 | K49: =F49+G49 -> 0.06905719 | L49: 14637.068
E53: Floor area
A54: Dodge 2023 | B54: STC 7:305,405 Area/Project><25 Constructed after 1967 before 1978 | E54: 61112.2
B55: STC 7:305,405 Area/Project><25 Constructed after 1967 | E55: 297298.7
A56: CEUS 2022 | B56: Total Floor are for small office(<30 k ft²) | E56: 771141.35
B57: Total Floor area for small office (<30 k ft²) Pre-1978 | E57: =F57*E56 -> 304706.36 | F57: 0.39513684
B59: Small office (1967-1977)/All Pre 1878 | E59: =E54/E57 -> 0.20056096
A62: CEUS 2022 | C62: Conditioned (k SqFt) | I62: Unconditioned (k SqFt) | O62: Total
A63: Statewide/ Utility/ FCZ | B63: Building Type | C63: Pre-1978 | D63: 1978-1997 | E63: 1998-2007 | F63: 2008-2018 | G63: Not Available | H63: Total | I63: Pre-1978 | J63: 1978-1997 | K63: 1998-2007 | L63: 2008-2018 | M63: Not Available | N63: Total | O63: Pre-1978 | P63: 1978-1997 | Q63: 1998-2007 | R63: 2008-2018 | S63: Not Available | T63: Total
A64: Statewide | B64: Office, Small | C64: 276678.51 | D64: 241828.11 | E64: 95988.86 | F64: 35630.299 | G64: 61102.025 | H64: 711227.81 | I64: 29971.08 | J64: 16040.623 | K64: 7634.2167 | L64: 1514.2893 | M64: 4638.4938 | N64: 59798.703 | O64: =C64+I64 -> 306649.59 | P64: =D64+J64 -> 257868.74 | Q64: =E64+K64 -> 103623.08 | R64: =F64+L64 -> 37144.589 | S64: =G64+M64 -> 65740.519 | T64: =H64+N64 -> 771026.51
A65: FCZ01 Tot | B65: Office, Small | C65: 53784.872 | D65: 32999.722 | E65: 10936.753 | F65: 4585.3403 | G65: 7468.4345 | H65: 109775.12 | I65: 7268.2041 | J65: 694.39613 | K65: 1204.1481 | L65: 425.86282 | M65: 186.13163 | N65: 9778.7429 | O65: =C65+I65 -> 61053.076 | P65: =D65+J65 -> 33694.118 | Q65: =E65+K65 -> 12140.901 | R65: =F65+L65 -> 5011.2031 | S65: =G65+M65 -> 7654.5661 | T65: =H65+N65 -> 119553.86
A66: FCZ02 Tot | B66: Office, Small | C66: 13352.818 | D66: 9647.916 | E66: 3659.6977 | F66: 1714.0383 | G66: 731.30136 | H66: 29105.771 | I66: 2187.068 | J66: 1767.3587 | K66: 470.93507 | L66: 0 | M66: 85.85579 | N66: 4511.2176 | O66: =C66+I66 -> 15539.886 | P66: =D66+J66 -> 11415.275 | Q66: =E66+K66 -> 4130.6328 | R66: =F66+L66 -> 1714.0383 | S66: =G66+M66 -> 817.15715 | T66: =H66+N66 -> 33616.989
A67: FCZ03 Tot | B67: Office, Small | C67: 3193.2902 | D67: 2796.6371 | E67: 1418.2923 | F67: 560.05877 | G67: 1184.717 | H67: 9152.9953 | I67: 111.09179 | J67: 0 | K67: 83.918123 | L67: 0 | M67: 57.158943 | N67: 252.16886 | O67: =C67+I67 -> 3304.382 | P67: =D67+J67 -> 2796.6371 | Q67: =E67+K67 -> 1502.2104 | R67: =F67+L67 -> 560.05877 | S67: =G67+M67 -> 1241.8759 | T67: =H67+N67 -> 9405.1641
A68: FCZ04 Tot | B68: Office, Small | C68: 4769.6281 | D68: 13172.607 | E68: 17791.13 | F68: 2050.2791 | G68: 3043.2603 | H68: 40826.905 | I68: 0 | J68: 1794.6778 | K68: 2167.3135 | L68: 19.8606 | M68: 440.5661 | N68: 4422.418 | O68: =C68+I68 -> 4769.6281 | P68: =D68+J68 -> 14967.285 | Q68: =E68+K68 -> 19958.443 | R68: =F68+L68 -> 2070.1397 | S68: =G68+M68 -> 3483.8264 | T68: =H68+N68 -> 45249.323
A69: FCZ05 Tot | B69: Office, Small | C69: 11153.239 | D69: 13330.88 | E69: 9354.7826 | F69: 3829.8507 | G69: 2977.7772 | H69: 40646.53 | I69: 811.27777 | J69: 1373.1991 | K69: 322.10597 | L69: 0 | M69: 0 | N69: 2506.5828 | O69: =C69+I69 -> 11964.517 | P69: =D69+J69 -> 14704.079 | Q69: =E69+K69 -> 9676.8886 | R69: =F69+L69 -> 3829.8507 | S69: =G69+M69 -> 2977.7772 | T69: =H69+N69 -> 43153.113
A70: FCZ06 Tot | B70: Office, Small | C70: 11881.937 | D70: 10003.916 | E70: 2831.2619 | F70: 1071.4579 | G70: 6770.1529 | H70: 32558.726 | I70: 1071.7011 | J70: 1012.7016 | K70: 18.466683 | L70: 50.893402 | M70: 242.33329 | N70: 2396.0961 | O70: =C70+I70 -> 12953.638 | P70: =D70+J70 -> 11016.618 | Q70: =E70+K70 -> 2849.7286 | R70: =F70+L70 -> 1122.3513 | S70: =G70+M70 -> 7012.4862 | T70: =H70+N70 -> 34954.822
A71: FCZ07 Tot | B71: Office, Small | C71: 79852.488 | D71: 49086.818 | E71: 10354.365 | F71: 5701.2154 | G71: 16153.721 | H71: 161148.61 | I71: 3985.9001 | J71: 2093.1092 | K71: 446.04652 | L71: 0 | M71: 403.53432 | N71: 6928.5901 | O71: =C71+I71 -> 83838.388 | P71: =D71+J71 -> 51179.928 | Q71: =E71+K71 -> 10800.411 | R71: =F71+L71 -> 5701.2154 | S71: =G71+M71 -> 16557.256 | T71: =H71+N71 -> 168077.2
A72: FCZ08 Tot | B72: Office, Small | C72: 6673.1279 | D72: 10968.355 | E72: 2306.1579 | F72: 2050.2475 | G72: 586.4954 | H72: 22584.384 | I72: 0 | J72: 877.84073 | K72: 65.454112 | L72: 141.55911 | M72: 533.14052 | N72: 1617.9945 | O72: =C72+I72 -> 6673.1279 | P72: =D72+J72 -> 11846.196 | Q72: =E72+K72 -> 2371.612 | R72: =F72+L72 -> 2191.8066 | S72: =G72+M72 -> 1119.6359 | T72: =H72+N72 -> 24202.378
A73: FCZ09 Tot | B73: Office, Small | C73: 2791.1654 | D73: 2824.4311 | E73: 2664.3979 | F73: 951.79973 | G73: 1958.5964 | H73: 11190.391 | I73: 320.21883 | J73: 26.289148 | K73: 56.282998 | L73: 99.294799 | M73: 0 | N73: 502.08578 | O73: =C73+I73 -> 3111.3842 | P73: =D73+J73 -> 2850.7203 | Q73: =E73+K73 -> 2720.6809 | R73: =F73+L73 -> 1051.0945 | S73: =G73+M73 -> 1958.5964 | T73: =H73+N73 -> 11692.476
A74: FCZ10 Tot | B74: Office, Small | C74: 7579.1686 | D74: 10386.011 | E74: 7421.6188 | F74: 2642.6378 | G74: 3481.0139 | H74: 31510.45 | I74: 336.44067 | J74: 681.73026 | K74: 795.98881 | L74: 0 | M74: 339.44772 | N74: 2153.6075 | O74: =C74+I74 -> 7915.6093 | P74: =D74+J74 -> 11067.741 | Q74: =E74+K74 -> 8217.6077 | R74: =F74+L74 -> 2642.6378 | S74: =G74+M74 -> 3820.4616 | T74: =H74+N74 -> 33664.058
A75: FCZ11 Tot | B75: Office, Small | C75: 5363.5935 | D75: 12676.29 | E75: 7990.6575 | F75: 4097.6866 | G75: 4780.4586 | H75: 34908.687 | I75: 0 | J75: 64.892409 | K75: 385.0221 | L75: 229.58833 | M75: 0 | N75: 679.50284 | O75: =C75+I75 -> 5363.5935 | P75: =D75+J75 -> 12741.183 | Q75: =E75+K75 -> 8375.6796 | R75: =F75+L75 -> 4327.2749 | S75: =G75+M75 -> 4780.4586 | T75: =H75+N75 -> 35588.189
... A80: FCZ17 Tot | B80: Office, Small | C80: 8440.6119 | D80: 2664.2701 | E80: 0 | F80: 1010.7948 | G80: 1311.7005 | H80: 13427.377 | I80: 0 | J80: 455.88079 | K80: 0 | L80: 0 | M80: 753.80958 | N80: 1209.6904 | O80: =C80+I80 -> 8440.6119 | P80: =D80+J80 -> 3120.1509 | Q80: =E80+K80 -> 0 | R80: =F80+L80 -> 1010.7948 | S80: =G80+M80 -> 2065.5101 | T80: =H80+N80 -> 14637.068

Sheet PV
A1: ="PV - "&Prototype!A2 -> PV - HotelSmall
A2: TBD

Sheet EV Charger
A1: ="EV Charger - "&Prototype!A2 -> EV Charger - HotelSmall
A2: TBD
A11: Background Data [To be deleted prior to publication]
A14: CEUS 2022 (Base on Survey 2018) | K14: The data presented in this worksheet represents the projected number of EV charger ports, or the number of cars that can be charged at the same time, for the year 2022 (last year of CEUC)
D15: Has EV Chargers | K15: Level 1, 120 volt Charger (No. ports/SqFT) | T15: Level 2, 240 volt Charger (No. ports/SqFT) | AC15: Level 3, DC fast (No. ports/SqFT) | AL15: Charger Type Unkown (No. ports/SqFT) | AU15: All Chargers Totals (No. ports/SqFT)
A16: Calculation Method | B16: Statewide/ Utility/ FCZ | C16: Building Type | D16: No | E16: Yes | F16: Total | I16: Statewide/ Utility/ FCZ | J16: Building Type | K16: Public Only | L16: Public & Employee | M16: Public & Fleet | N16: Employee Only | O16: Employee & Fleet | P16: Fleet Only | Q16: All 3 Types | R16: Unknown | S16: Level 1 Total | T16: Public Only | U16: Public & Employee | V16: Public & Fleet | W16: Employee Only | X16: Employee & Fleet | Y16: Fleet Only | Z16: All 3 Types | AA16: Unknown | AB16: Level 2 Total | AC16: Public Only | AD16: Public & Employee | AE16: Public & Fleet | AF16: Employee Only | AG16: Employee & Fleet | AH16: Fleet Only | AI16: All 3 Types | AJ16: Unknown | AK16: Level 3 Total | AL16: Public Only | AM16: Public & Employee | AN16: Public & Fleet | AO16: Employee Only | AP16: Employee & Fleet | AQ16: Fleet Only | AR16: All 3 Types | AS16: Unknown | AT16: Unkonwn Total | AU16: Public Only | AV16: Public & Employee | AW16: Public & Fleet | AX16: Employee Only | AY16: Employee & Fleet | AZ16: Fleet Only | BA16: All 3 Types | BB16: Unknown | BC16: Total
A17: Floorspace-Based | B17: Statewide | C17: Office, Small | D17: 0.91629084 | E17: 0.083709165 | F17: 1 | I17: Statewide | J17: Office, Small | K17: 234.63109 | L17: 257.26071 | M17: 0 | N17: 514.26458 | O17: 0 | P17: 22.221664 | Q17: 197.98307 | R17: 0 | S17: 1226.3611 | T17: 108.94502 | U17: 831.31992 | V17: 0 | W17: 1332.4399 | X17: 101.16411 | Y17: 78.502373 | Z17: 360.40604 | AA17: 0 | AB17: 2812.7774 | AC17: 21.375883 | AD17: 0 | AE17: 0 | AF17: 15.713801 | AG17: 0 | AH17: 0 | AI17: 0 | AJ17: 0 | AK17: 37.089684 | AL17: 56.94989 | AM17: 42.147584 | AN17: 0 | AO17: 212.11013 | AP17: 0 | AQ17: 25.741961 | AR17: 0 | AS17: 0 | AT17: 336.94956 | AU17: 421.90189 | AV17: 1130.7282 | AW17: 0 | AX17: 2074.5284 | AY17: 101.16411 | AZ17: 126.466 | BA17: 558.38911 | BB17: 0 | BC17: 4413.1778
A18: Floorspace-Based | B18: FCZ01 Tot | C18: Office, Small | D18: 0.88474892 | E18: 0.11525108 | F18: 1 | I18: FCZ01 Tot | J18: Office, Small | K18: 0 | L18: 0 | M18: 0 | N18: 92.114774 | O18: 0 | P18: 0 | Q18: 5.6273317 | R18: 0 | S18: 97.742105 | T18: 0 | U18: 290.15374 | V18: 0 | W18: 73.027737 | X18: 95.664638 | Y18: 65.739866 | Z18: 24.342579 | AA18: 0 | AB18: 548.92857 | AC18: 0 | AD18: 0 | AE18: 0 | AF18: 0 | AG18: 0 | AH18: 0 | AI18: 0 | AJ18: 0 | AK18: 0 | AL18: 0 | AM18: 0 | AN18: 0 | AO18: 27.974785 | AP18: 0 | AQ18: 24.342579 | AR18: 0 | AS18: 0 | AT18: 52.317364 | AU18: 0 | AV18: 290.15374 | AW18: 0 | AX18: 193.1173 | AY18: 95.664638 | AZ18: 90.082445 | BA18: 29.969911 | BB18: 0 | BC18: 698.98803
A19: Floorspace-Based | B19: FCZ02 Tot | C19: Office, Small | D19: 0.87664055 | E19: 0.12335945 | F19: 1 | I19: FCZ02 Tot | J19: Office, Small | K19: 0 | L19: 0 | M19: 0 | N19: 0 | O19: 0 | P19: 21.013652 | Q19: 0 | R19: 0 | S19: 21.013652 | T19: 0 | U19: 189.12287 | V19: 0 | W19: 21.156124 | X19: 0 | Y19: 0 | Z19: 0 | AA19: 0 | AB19: 210.27899 | AC19: 0 | AD19: 0 | AE19: 0 | AF19: 0 | AG19: 0 | AH19: 0 | AI19: 0 | AJ19: 0 | AK19: 0 | AL19: 0 | AM19: 0 | AN19: 0 | AO19: 0 | AP19: 0 | AQ19: 0 | AR19: 0 | AS19: 0 | AT19: 0 | AU19: 0 | AV19: 189.12287 | AW19: 0 | AX19: 21.156124 | AY19: 0 | AZ19: 21.013652 | BA19: 0 | BB19: 0 | BC19: 231.29265
A20: Floorspace-Based | B20: FCZ03 Tot | C20: Office, Small | D20: 0.93389784 | E20: 0.066102161 | F20: 1 | I20: FCZ03 Tot | J20: Office, Small | K20: 0 | L20: 78.750982 | M20: 0 | N20: 0 | O20: 0 | P20: 0 | Q20: 0 | R20: 0 | S20: 78.750982 | T20: 0 | U20: 0 | V20: 0 | W20: 0 | X20: 0 | Y20: 0 | Z20: 0 | AA20: 0 | AB20: 0 | AC20: 0 | AD20: 0 | AE20: 0 | AF20: 0 | AG20: 0 | AH20: 0 | AI20: 0 | AJ20: 0 | AK20: 0 | AL20: 0 | AM20: 12.871851 | AN20: 0 | AO20: 0 | AP20: 0 | AQ20: 0 | AR20: 0 | AS20: 0 | AT20: 12.871851 | AU20: 0 | AV20: 91.622833 | AW20: 0 | AX20: 0 | AY20: 0 | AZ20: 0 | BA20: 0 | BB20: 0 | BC20: 91.622833
A21: Floorspace-Based | B21: FCZ04 Tot | C21: Office, Small | D21: 0.82696529 | E21: 0.17303471 | F21: 1 | I21: FCZ04 Tot | J21: Office, Small | K21: 0 | L21: 0 | M21: 0 | N21: 0 | O21: 0 | P21: 0 | Q21: 0 | R21: 0 | S21: 0 | T21: 0 | U21: 0 | V21: 0 | W21: 44.11001 | X21: 0 | Y21: 0 | Z21: 0 | AA21: 0 | AB21: 44.11001 | AC21: 0 | AD21: 0 | AE21: 0 | AF21: 0 | AG21: 0 | AH21: 0 | AI21: 0 | AJ21: 0 | AK21: 0 | AL21: 0 | AM21: 26.984511 | AN21: 0 | AO21: 0 | AP21: 0 | AQ21: 0 | AR21: 0 | AS21: 0 | AT21: 26.984511 | AU21: 0 | AV21: 26.984511 | AW21: 0 | AX21: 44.11001 | AY21: 0 | AZ21: 0 | BA21: 0 | BB21: 0 | BC21: 71.09452
A22: Floorspace-Based | B22: FCZ05 Tot | C22: Office, Small | D22: 0.96399408 | E22: 0.036005923 | F22: 1 | I22: FCZ05 Tot | J22: Office, Small | K22: 0 | L22: 0 | M22: 0 | N22: 0 | O22: 0 | P22: 0 | Q22: 0 | R22: 0 | S22: 0 | T22: 0 | U22: 0 | V22: 0 | W22: 19.634673 | X22: 0 | Y22: 0 | Z22: 0 | AA22: 0 | AB22: 19.634673 | AC22: 0 | AD22: 0 | AE22: 0 | AF22: 0 | AG22: 0 | AH22: 0 | AI22: 0 | AJ22: 0 | AK22: 0 | AL22: 0 | AM22: 0 | AN22: 0 | AO22: 0 | AP22: 0 | AQ22: 0 | AR22: 0 | AS22: 0 | AT22: 0 | AU22: 0 | AV22: 0 | AW22: 0 | AX22: 19.634673 | AY22: 0 | AZ22: 0 | BA22: 0 | BB22: 0 | BC22: 19.634673
A23: Floorspace-Based | B23: FCZ06 Tot | C23: Office, Small | D23: 0.934083 | E23: 0.065917001 | F23: 1 | I23: FCZ06 Tot | J23: Office, Small | K23: 0 | L23: 0 | M23: 0 | N23: 0 | O23: 0 | P23: 0 | Q23: 0 | R23: 0 | S23: 0 | T23: 0 | U23: 0 | V23: 0 | W23: 0 | X23: 0 | Y23: 0 | Z23: 0 | AA23: 0 | AB23: 0 | AC23: 0 | AD23: 0 | AE23: 0 | AF23: 0 | AG23: 0 | AH23: 0 | AI23: 0 | AJ23: 0 | AK23: 0 | AL23: 0 | AM23: 0 | AN23: 0 | AO23: 50.28477 | AP23: 0 | AQ23: 0 | AR23: 0 | AS23: 0 | AT23: 50.28477 | AU23: 0 | AV23: 0 | AW23: 0 | AX23: 50.28477 | AY23: 0 | AZ23: 0 | BA23: 0 | BB23: 0 | BC23: 50.28477
A24: Floorspace-Based | B24: FCZ07 Tot | C24: Office, Small | D24: 0.9176906 | E24: 0.082309405 | F24: 1 | I24: FCZ07 Tot | J24: Office, Small | K24: 0 | L24: 0 | M24: 0 | N24: 199.1172 | O24: 0 | P24: 0 | Q24: 0 | R24: 0 | S24: 199.1172 | T24: 0 | U24: 229.22225 | V24: 0 | W24: 397.49955 | X24: 0 | Y24: 0 | Z24: 0 | AA24: 0 | AB24: 626.72179 | AC24: 0 | AD24: 0 | AE24: 0 | AF24: 0 | AG24: 0 | AH24: 0 | AI24: 0 | AJ24: 0 | AK24: 0 | AL24: 0 | AM24: 0 | AN24: 0 | AO24: 0 | AP24: 0 | AQ24: 0 | AR24: 0 | AS24: 0 | AT24: 0 | AU24: 0 | AV24: 229.22225 | AW24: 0 | AX24: 596.61674 | AY24: 0 | AZ24: 0 | BA24: 0 | BB24: 0 | BC24: 825.83899
A25: Floorspace-Based | B25: FCZ08 Tot | C25: Office, Small | D25: 0.8671958 | E25: 0.1328042 | F25: 1 | I25: FCZ08 Tot | J25: Office, Small | K25: 0 | L25: 0 | M25: 0 | N25: 0 | O25: 0 | P25: 0 | Q25: 0 | R25: 0 | S25: 0 | T25: 0 | U25: 77.628926 | V25: 0 | W25: 0 | X25: 0 | Y25: 0 | Z25: 0 | AA25: 0 | AB25: 77.628926 | AC25: 0 | AD25: 0 | AE25: 0 | AF25: 14.859569 | AG25: 0 | AH25: 0 | AI25: 0 | AJ25: 0 | AK25: 14.859569 | AL25: 0 | AM25: 0 | AN25: 0 | AO25: 0 | AP25: 0 | AQ25: 0 | AR25: 0 | AS25: 0 | AT25: 0 | AU25: 0 | AV25: 77.628926 | AW25: 0 | AX25: 14.859569 | AY25: 0 | AZ25: 0 | BA25: 0 | BB25: 0 | BC25: 92.488495
A26: Floorspace-Based | B26: FCZ09 Tot | C26: Office, Small | D26: 0.90936489 | E26: 0.090635106 | F26: 1 | I26: FCZ09 Tot | J26: Office, Small | K26: 0 | L26: 0 | M26: 0 | N26: 0 | O26: 0 | P26: 0 | Q26: 0 | R26: 0 | S26: 0 | T26: 0 | U26: 0 | V26: 0 | W26: 0 | X26: 0 | Y26: 0 | Z26: 0 | AA26: 0 | AB26: 0 | AC26: 0 | AD26: 0 | AE26: 0 | AF26: 0 | AG26: 0 | AH26: 0 | AI26: 0 | AJ26: 0 | AK26: 0 | AL26: 0 | AM26: 0 | AN26: 0 | AO26: 0 | AP26: 0 | AQ26: 0 | AR26: 0 | AS26: 0 | AT26: 0 | AU26: 0 | AV26: 0 | AW26: 0 | AX26: 0 | AY26: 0 | AZ26: 0 | BA26: 0 | BB26: 0 | BC26: 0
A27: Floorspace-Based | B27: FCZ10 Tot | C27: Office, Small | D27: 0.95601441 | E27: 0.043985587 | F27: 1 | I27: FCZ10 Tot | J27: Office, Small | K27: 0 | L27: 0 | M27: 0 | N27: 27.526763 | O27: 0 | P27: 0 | Q27: 0 | R27: 0 | S27: 27.526763 | T27: 0 | U27: 0 | V27: 0 | W27: 0 | X27: 0 | Y27: 0 | Z27: 0 | AA27: 0 | AB27: 0 | AC27: 0 | AD27: 0 | AE27: 0 | AF27: 0 | AG27: 0 | AH27: 0 | AI27: 0 | AJ27: 0 | AK27: 0 | AL27: 0 | AM27: 0 | AN27: 0 | AO27: 50.160792 | AP27: 0 | AQ27: 0 | AR27: 0 | AS27: 0 | AT27: 50.160792 | AU27: 0 | AV27: 0 | AW27: 0 | AX27: 77.687555 | AY27: 0 | AZ27: 0 | BA27: 0 | BB27: 0 | BC27: 77.687555
A28: Floorspace-Based | B28: FCZ11 Tot | C28: Office, Small | D28: 0.87588519 | E28: 0.12411481 | F28: 1 | I28: FCZ11 Tot | J28: Office, Small | K28: 0 | L28: 0 | M28: 0 | N28: 0 | O28: 0 | P28: 0 | Q28: 0 | R28: 0 | S28: 0 | T28: 0 | U28: 0 | V28: 0 | W28: 89.176218 | X28: 0 | Y28: 0 | Z28: 0 | AA28: 0 | AB28: 89.176218 | AC28: 0 | AD28: 0 | AE28: 0 | AF28: 0 | AG28: 0 | AH28: 0 | AI28: 0 | AJ28: 0 | AK28: 0 | AL28: 0 | AM28: 0 | AN28: 0 | AO28: 0 | AP28: 0 | AQ28: 0 | AR28: 0 | AS28: 0 | AT28: 0 | AU28: 0 | AV28: 0 | AW28: 0 | AX28: 89.176218 | AY28: 0 | AZ28: 0 | BA28: 0 | BB28: 0 | BC28: 89.176218
... A33: Floorspace-Based | B33: FCZ17 Tot | C33: Office, Small | D33: 0.98526125 | E33: 0.01473875 | F33: 1 | I33: FCZ17 Tot | J33: Office, Small | K33: 0 | L33: 0 | M33: 0 | N33: 0 | O33: 0 | P33: 0 | Q33: 0 | R33: 0 | S33: 0 | T33: 0 | U33: 0 | V33: 0 | W33: 0 | X33: 0 | Y33: 0 | Z33: 0 | AA33: 0 | AB33: 0 | AC33: 0 | AD33: 0 | AE33: 0 | AF33: 0 | AG33: 0 | AH33: 0 | AI33: 0 | AJ33: 0 | AK33: 0 | AL33: 0 | AM33: 0 | AN33: 0 | AO33: 0 | AP33: 0 | AQ33: 0 | AR33: 0 | AS33: 0 | AT33: 0 | AU33: 0 | AV33: 0 | AW33: 0 | AX33: 0 | AY33: 0 | AZ33: 0 | BA33: 0 | BB33: 0 | BC33: 0

Sheet Data
A1: Space Function | B1: Electric Equipment Load Intensity | C1: Electric Equipment Load Intensity | D1: LPD
A2: Aging Eye/Low-vision (Corridor Area) | D2: 2013 | E2: 2016 | F2: 2019 | G2: 2025
A3: Aging Eye/Low-vision (Dining)
A4: Aging Eye/Low-vision (Lobby, Main Entry)
A5: Aging Eye/Low-vision (Lounge/Waiting Area)
A6: Aging Eye/Low-vision (Multipurpose Room)
A7: Aging Eye/Low-vision (Religious Worship Area)
A8: Aging Eye/Low-vision (Restroom)
A9: Aging Eye/Low-vision (Stairwell)
A10: Audience Seating Area
A11: Auditorium Area
A12: Auto Repair / Maintenance Area
A13: Barber, Beauty Salon, Spa Area
A14: Civic Meeting Place Area
... A83: Server Room (EPD 45)
