Workbook
Name nonparticipating_forecastzone_scale_factor: #REF!
Name nonparticipating_forecastzone_scale_factor: 'Energy Usage'!$P$27
Name Space_Function: Data!$A$2:$A$76

Sheet Notes
A1: Data Sources
A2: Dataset | B2: Dodge 2023
B3: CEUS 2022
B4: CBECS 2018
B5: ComStock 2023
A6: Prototype | B6: CEC Small Office prototype (CBECC 2022.3.1) | C6: https://bees.noresco.com/software2022.html
B7: PNNL Small Office prototype (90.1-2022) | C7: https://www.energycodes.gov/prototype-building-models#Commercial
B8: DEER Small Office prototype (June 2023) | C8: https://github.com/sound-data/DEER-Prototypes-EnergyPlus
B9: ORNL 2019 Small Office prototype zoning | C9: https://web.eecs.utk.edu/~jnew1/publications/2019_IBPSA_OpenStudioOffice.pdf
A10: Codes | B10: T24, referred to as T24 (1984, 1992,1998, 2001, 2005, 2008, 2013, 2016,2019, 2022, 2025)
B11: ASHRAE 90.1 (2022)
B12: CFR Title 10 (2010) | C12: https://www.govinfo.gov/content/pkg/FR-2009-03-23/pdf/FR-2009-03-23.pdf
B13: CFR Title 10 (2013) | C13: https://www.govinfo.gov/content/pkg/CFR-2013-title10-vol3/pdf/CFR-2013-title10-vol3-part431.pdf
B14: CFR Title 10 (2024) | C14: https://www.govinfo.gov/content/pkg/CFR-2024-title10-vol3/pdf/CFR-2024-title10-vol3-part431-subpartF.pdf
A15: Others | B15: https://www.mass.gov/doc/small-office-prototype-basis-of-design-report/download | C15: https://www.mass.gov/lists/stretch-energy-code-development-support-documentation
B16: Massachusetts uses commercial prototype for its stretch code energy analysis and the above ones are the supporting documents for small office prototype
B17: ACM (2022)
B18: Title 24, 2022 - Appendix 5.4A and Appendix 5.4B | C18: https://www.energy.ca.gov/publications/2022/2022-nonresidential-and-multifamily-alternative-calculation-method-reference | D18: https://www.energy.ca.gov/publications/2022/2022-nonresidential-and-multifamily-alternative-calculation-method-reference | E18: https://www.energy.ca.gov/publications/2022/2022-nonresidential-and-multifamily-alternative-calculation-method-reference | F18: https://www.energy.ca.gov/publications/2022/2022-nonresidential-and-multifamily-alternative-calculation-method-reference
B19: 2022 Reduced infiltration CASE report | C19: https://title24stakeholders.com/wp-content/uploads/2020/10/2022-T24-Final-CASE-Report_Reduce-Infiltration.pdf | D19: https://title24stakeholders.com/wp-content/uploads/2020/10/2022-T24-Final-CASE-Report_Reduce-Infiltration.pdf | E19: https://title24stakeholders.com/wp-content/uploads/2020/10/2022-T24-Final-CASE-Report_Reduce-Infiltration.pdf | F19: https://title24stakeholders.com/wp-content/uploads/2020/10/2022-T24-Final-CASE-Report_Reduce-Infiltration.pdf
B20: PNNL 20405, 2010 | C20: https://www.pnnl.gov/main/publications/external/technical_reports/PNNL-20405.pdf | D20: file:///N:/Prj_SUS/2023/S23668%20SCE%20CA%20Prototypes%20Development/Technical/NR/0_Input%20data/Lighting/PNNL-20405.pdf | E20: file:///N:/Prj_SUS/2023/S23668%20SCE%20CA%20Prototypes%20Development/Technical/NR/0_Input%20data/Lighting/PNNL-20405.pdf | F20: file:///N:/Prj_SUS/2023/S23668%20SCE%20CA%20Prototypes%20Development/Technical/NR/0_Input%20data/Lighting/PNNL-20405.pdf
B21: Air leakage Memo, NORESCO, 2025 | C21: Infiltration_rate_report_14May2025-Short-Version.docx | D21: Infiltration_rate_report_14May2025-Short-Version.docx | E21: Infiltration_rate_report_14May2025-Short-Version.docx | F21: Infiltration_rate_report_14May2025-Short-Version.docx
A24: Construction Rate
A37: Notes
B38: Saturation is defined as the % of total floorspace for each combination of end-use and fuel-type. | I38: 1978-84 | J38: 1985-97 | K38: 1992-1997
A39: 1986 is the representative year for the 1984-1997 vintage bin | B39: Most offices in this vintage bin were built after 1984 (more than 53% ) and the CA energy code did not noticeably changed between 1984 to 1992) . Edition 1986 included 6 prescriptive package per CZ for office buildings compared to 1984 with 3 package per CZ. Also "Heat Capacity" for external wall is considered between 10.0 to 14.99 (BTU/F/ft²) Package A was selected for the thermal properties | H39: Construction rate (Dodge 2023 data for new small offices) | I39: 0.46536943 | J39: 0.53462988 | K39: 0.093651419
A40: 2001 is the representative year for the 1998-2007 vintage bin | B40: Wall and roof prescriptive criteria from 1998 to 2005 remain unchanged except for CZ2 and 6 in 2001 code (the percentage of change is less than 10%). Since the construction rate between 1998-2005 is greater than the 2006-2007 period, the envelope properties of 1998 -2005 were chosen for envelope properties. Since the windows requirement considerably changed in the 2001 code, the nominated year for this vintage is 2001. It should be noticed that, only one Title 24 should be chosen within each vintage bin for building envelope properties since the entire envelope is built at once. We can't choose 1998 for walls and 2001 for windows. Wall and roof prescriptive criteria from 1998 to 2005 remain unchanged except for CZ2 and 6 in 2001 version (the percentage of change is less than 10%).
A41: 2013 is the representative year for the 2008-2018 vintage bin | B41: Wall properties remain unchanged from the 2008 code to the 2016 code but the roof did changed. Although the 2016 code introduced improvement for roof in nearly all CZ and for wall in a few CZ, and construction activity surged between 2017 and 2018, the extended period from 2008 to 2016 resulted in a higher construction rate during that time . As a result, it was decided to select the code that was effective during 2008-2016. The 2013 code modified the solar reflectance requirement for low-sloped roof products ( by approximately 15%), and enhanced window properties. Therefore, the 2013 code was chosen as the representative code. Additionally, construction activity from 2014-2018 was higher compared to 2008-2013 period.

Sheet Prototype
A1: NORESCO, Updated November 2025
A2: OfficeSmall
A3: Characteristic | B3: Value | C3: Data Sources
A4: Building Type | B4: Small Office
A5: Building Category | B5: Nonresidential
A6: Vintages | B6: 4 Vintages: Pre-1978 , 1978-1997 ,1998-2007 , 2008-2018 New Construction (2019+) | C6: Based on the vintage bin analysis | D6: NonRes-Vintage bins-Draft Report-30Nov2023-Final.docx
A7: Shape | C7: Rectangular shape is supported by CBECS, CEC, and PNNL
A8: Total Floor Area (ft²) | B8: 5502 (90.8 ft x 60.5ft) | C8: Supported by Dodge 2023 data (Same as CEC and PNNL)
A9: Aspect Ratio | B9: 1.5 | C9: Same as CEC and PNNL
A10: Number of Floors | B10: 1 | C10: Supported by Dodge 2023 data -(Same as CEC and PNNL) DEER considered two floors
A11: Roof type | B11: Tilted (Steep-Sloped) | C11: Supported by CBECS 2018 data (Same as CEC and PNNL)
A12: WWR | B12: 24.4% for South and 19.8% for the other three orientations | C12: CEC: overall 21.2% same as PNNL DEER: 33% in all directions CBECS: 2-25%
A13: Shading Geometry | B13: No Shades | C13: Same as CEC and PNNL
A14: Floor to floor height (feet) | B14: 10 | C14: Same as CEC and PNNL
A15: Floor to ceiling height (feet) | B15: 10 | C15: Same as CEC and PNNL
A16: Glazing sill height (feet) | B16: 3 (top of the window is 8 ft high with 5 ft high glass) | C16: Same as CEC and PNNL
A34: Background Data [To be deleted prior to publication]
D40: Equipment (Plug Load )- Prototypes comparison
D41: Unit | E41: CEC OffSml | F41: DEER OFS | G41: PNNL | H41: ComStock | I41: Note
D42: W/ft2 | E42: 1.5 | F42: 1.5 | G42: 0.63 | I42: PNNL considers higher load for electric equipment
D43: Yearly Load multiplier | E43: =SUM(Schedules!F77:AC77)*249+SUM(Schedules!F78:AC78)*52+SUM(Schedules!F79:AC79)*(364-249-52) -> 2835.7 | F43: =SUM(Schedules!F83:AC83)*249+SUM(Schedules!F84:AC84)*52+SUM(Schedules!F85:AC85)*(364-249-52) -> 2835.7 | G43: =SUM(Schedules!F80:AC80)*249+SUM(Schedules!F81:AC81)*52+SUM(Schedules!F82:AC82)*(364-249-52) -> 3837.815

Sheet Zones
A1: ="Proposed Layout - "&Prototype!A2 -> Proposed Layout - OfficeSmall
A2: Space/Thermal Zone | B2: Space Type | C2: HVAC System Name/AHU Name | D2: Schedule Category | E2: Conditioned (Y/N) | F2: Area Fraction | G2: Area (ft²) | H2: Volume (ft³) | I2: Multipliers | J2: Number of People | K2: People (Persons/1,000 ft²) [T24, 2025,Table 120.1-A]
A3: Open_Office_N | B3: Office Area (>250 square feet) | C3: AHU_N | D3: Office | E3: Yes | F3: =G3/$G$17 -> 0.16588271 | G3: 912.6975 | H3: =G3*10 -> 9126.975 | I3: 1 | J3: =K3*G3/1000 -> 4.5634875 | K3: 5
A4: Closed_Office_W | B4: Office Area (>250 square feet) | C4: AHU_W | D4: Office | E4: Yes | F4: =G4/$G$17 -> 0.16511254 | G4: 908.46 | H4: =G4*10 -> 9084.6 | I4: 1 | J4: =K4*G4/1000 -> 4.5423 | K4: 5
A5: Closed_Office_E | B5: Office Area (>250 square feet) | C5: AHU_E | D5: Office | E5: Yes | F5: =G5/$G$17 -> 0.16511254 | G5: 908.46 | H5: =G5*10 -> 9084.6 | I5: 1 | J5: =K5*G5/1000 -> 4.5423 | K5: 5
A6: Conference | B6: Convention, Conference, Multipurpose and Meeting Area | C6: AHU_S | D6: Office | E6: Yes | F6: =G6/$G$17 -> 0.08294158 | G6: 456.35 | H6: =G6*10 -> 4563.5 | I6: 1 | J6: =K6*G6/1000 -> 15.05955 | K6: 33
A7: Lobby_Lounge | B7: Lobby, Main Entry | C7: AHU_S | D7: Office | E7: Yes | F7: =G7/$G$17 -> 0.08294158 | G7: 456.35 | H7: =G7*10 -> 4563.5 | I7: 1 | J7: =K7*G7/1000 -> 4.5635 | K7: 10 | L7: People: 10 according to ASHRAE 62.1, Table 6-1 for main entry lobbies T24: 33 for main Entry lobbies & 5 for reception area
A8: Storage | B8: Storage (General) | C8: AHU_W | D8: Office | E8: Yes | F8: =G8/$G$17 -> 0.13520158 | G8: 743.88791 | H8: =G8*10 -> 7438.8791 | I8: 1 | J8: =K8*G8/1000 -> 1.4877758 | K8: 2
A9: Mechanical_Electrical | B9: Electrical, Mechanical, Telephone Rooms | C9: AHU_S | D9: Office | E9: Yes | F9: =G9/$G$17 -> 0.020761294 | G9: 114.23 | H9: =G9*10 -> 1142.3 | I9: 1 | K9: -
A10: Restroom | B10: Restrooms | C10: AHU_W | D10: Office | E10: Yes | F10: =G10/$G$17 -> 0.040762874 | G10: 224.28 | H10: =G10*10 -> 2242.8 | I10: 1 | K10: -
A11: Break_CopyRoom | B11: Lounge, Breakroom, or Waiting Area | C11: AHU_S | D11: Office | E11: Yes | F11: =G11/$G$17 -> 0.02000158 | G11: 110.05 | H11: =G11*10 -> 1100.5 | I11: 1 | J11: =K11*G11/1000 -> 3.63165 | K11: 33
A12: Corridor_W | B12: Corridor Area | C12: AHU_W | D12: Office | E12: Yes | F12: =G12/$G$17 -> 0.022220746 | G12: 122.26 | H12: =G12*10 -> 1222.6 | I12: 1 | J12: =K12*G12/1000 -> 0.6113 | K12: 5
A13: Corridor_N | B13: Corridor Area | C13: AHU_N | D13: Office | E13: Yes | F13: =G13/$G$17 -> 0.038420118 | G13: 211.39 | H13: =G13*10 -> 2113.9 | I13: 1 | J13: =K13*G13/1000 -> 1.05695 | K13: 5
A14: Corridor_E | B14: Corridor Area | C14: AHU_E | D14: Office | E14: Yes | F14: =G14/$G$17 -> 0.022220746 | G14: 122.26 | H14: =G14*10 -> 1222.6 | I14: 1 | J14: =K14*G14/1000 -> 0.6113 | K14: 5
A15: Corridor_S | B15: Corridor Area | C15: AHU_S | D15: Office | E15: Yes | F15: =G15/$G$17 -> 0.038420118 | G15: 211.39 | H15: =G15*10 -> 2113.9 | I15: 1 | J15: =K15*G15/1000 -> 1.05695 | K15: 5
A16: Attic | B16: Attic | D16: n/a | E16: No | F16: 1 | G16: 6114.3047 | H16: 25437.111 | I16: 1 | K16: -
A17: Total (14 Space) | B17: Total (9 Space) | C17: Total (4 HVAC system) | D17: Total (1 category) | E17: Total (4 Conditioned zones, 1 Unconditioned Zones) | F17: =SUM(F3:F15) -> 1 | G17: =SUM(G3:G15) -> 5502.0654 | H17: =SUM(H3:H16) -> 80457.765 | I17: 1
B19: Ref: Geometry and zones: ORNL 2019 small office prototype with modification
B20: https://web.eecs.utk.edu/~jnew1/publications/2019_IBPSA_OpenStudioOffice.pdf
B21: https://web.eecs.utk.edu/~jnew1/presentations/2019_IBPSA_OpenStudioOffice.pdf
B29: Background Data [To be deleted prior to publication]
B34: Review zones of Existing Small Office Prototype
B36: Parameter | C36: PNNL | E36: CEC | F36: DEER
B37: Number of Zones | C37: 5 conditioned (1 core, 4 perm, 1 attic) | E37: 5 conditioned (1 core, 4 perm, 1 attic) | F37: 20 (10 per floor: 5 conditioned zones and 5 plenum unconditioned zones)
B38: Floor area of spaces (ft²) | C38: 1610.9268 | E38: 1610.9268 | F38: 1570.6698
C39: 1221.1656 | E39: 1221.1656 | F39: 1074.023
C40: 724.41117 | E40: 724.41117 | F40: 641.20614
C41: 6113.6858 | E41: 6113.6858 | F41: 0
C42: 5502.0804 | E42: 5502.0804 | F42: 5001.1819
C43: 5502.0804 | E43: 5502.0804 | F43: 10002.364
B45: People | C45: 120 | E45: 131.9 | F45: 120
E46: 0.55555556

Sheet Envelope
A1: ="Envelope - "&Prototype!A2 -> Envelope - OfficeSmall
A2: Element | B2: Prototype | C2: Assembly Type | D2: Construction | E2: Thermal Properties | F2: Vintage | G2: Selected T24 | H2: Note | I2: CZ1 | J2: CZ2 | K2: CZ3 | L2: CZ4 | M2: CZ5 | N2: CZ6 | O2: CZ7 | P2: CZ8 | Q2: CZ9 | R2: CZ10 | S2: CZ11 | T2: CZ12 | U2: CZ13 | V2: CZ14 | W2: CZ15 | X2: CZ16
A3: External Wall | B3: OfficeSmall | C3: ExtWall_WoodFramed_NonRes | D3: Wood-frame walls* + insulation + Gypsum board | E3: U-factor IP | F3: Pre 1978 | G3: N/A | H3: ASHRAE 90.1, 2022, Table A3.4.3.1, 3.5", R-0 | I3: 0.292 | J3: 0.292 | K3: 0.292 | L3: 0.292 | M3: 0.292 | N3: 0.292 | O3: 0.292 | P3: 0.292 | Q3: 0.292 | R3: 0.292 | S3: 0.292 | T3: 0.292 | U3: 0.292 | V3: 0.292 | W3: 0.292 | X3: 0.292
F4: 1978-1997 | G4: 1986 | H4: Table 2-53V-16: Package A/ Heat Capacity was considered 10.0-14.99 (BTU/F/ft²) | I4: =1/6.63 -> 0.15082956 | J4: =1/6.35 -> 0.15748031 | K4: =1/6.35 -> 0.15748031 | L4: =1/6.96 -> 0.14367816 | M4: =1/6.96 -> 0.14367816 | N4: =1/4.62 -> 0.21645022 | O4: =1/4.62 -> 0.21645022 | P4: =1/4.62 -> 0.21645022 | Q4: =1/4.62 -> 0.21645022 | R4: =1/4.62 -> 0.21645022 | S4: =1/5.37 -> 0.18621974 | T4: =1/5.37 -> 0.18621974 | U4: =1/5.37 -> 0.18621974 | V4: =1/6.3 -> 0.15873016 | W4: =1/6.3 -> 0.15873016 | X4: =1/6.63 -> 0.15082956
F5: 1998-2007 | G5: 2001 | H5: Table 1-H | I5: 0.084 | J5: 0.084 | K5: 0.092 | L5: 0.092 | M5: 0.092 | N5: 0.092 | O5: 0.092 | P5: 0.092 | Q5: 0.092 | R5: 0.084 | S5: 0.084 | T5: 0.084 | U5: 0.084 | V5: 0.084 | W5: 0.084 | X5: 0.084
F6: 2008-2018 | G6: 2013 | H6: Table 140.3-B | I6: 0.102 | J6: 0.059 | K6: 0.11 | L6: 0.059 | M6: 0.102 | N6: 0.11 | O6: 0.11 | P6: 0.102 | Q6: 0.059 | R6: 0.059 | S6: 0.059 | T6: 0.059 | U6: 0.059 | V6: 0.059 | W6: 0.042 | X6: 0.059
F7: 2019+ | G7: 2025 | H7: Table 140.3-B | I7: 0.078 | J7: 0.053 | K7: 0.102 | L7: 0.053 | M7: 0.095 | N7: 0.102 | O7: 0.102 | P7: 0.095 | Q7: 0.053 | R7: 0.053 | S7: 0.042 | T7: 0.053 | U7: 0.053 | V7: 0.053 | W7: 0.038 | X7: 0.053
A8: Flat Roof | B8: OfficeSmall | C8: AtticFloor Reversed | D8: Ceiling: Wood-frame roof + insulation + Acoustic tile/Gypsum board (Attic Roof: Asphalt shingle + Plywood) | E8: U-factor IP | F8: Pre 1978 | G8: 1992 | H8: Table 2-53V-16: Considering 30 years for roof/ insulation replacement. | I8: 0.057 | J8: 0.057 | K8: 0.057 | L8: 0.057 | M8: 0.057 | N8: 0.078 | O8: 0.078 | P8: 0.078 | Q8: 0.078 | R8: 0.078 | S8: 0.057 | T8: 0.057 | U8: 0.057 | V8: 0.057 | W8: 0.057 | X8: 0.057
F9: 1978-1997 | G9: 1992 | I9: 0.057 | J9: 0.057 | K9: 0.057 | L9: 0.057 | M9: 0.057 | N9: 0.078 | O9: 0.078 | P9: 0.078 | Q9: 0.078 | R9: 0.078 | S9: 0.057 | T9: 0.057 | U9: 0.057 | V9: 0.057 | W9: 0.057 | X9: 0.057
F10: 1998-2007 | G10: 2001 | H10: Table 1-H | I10: 0.057 | J10: 0.057 | K10: 0.057 | L10: 0.057 | M10: 0.057 | N10: 0.078 | O10: 0.078 | P10: 0.078 | Q10: 0.078 | R10: 0.057 | S10: 0.057 | T10: 0.057 | U10: 0.057 | V10: 0.057 | W10: 0.057 | X10: 0.057
F11: 2008-2018 | G11: 2013 | H11: Table 140.3-B | I11: 0.049 | J11: 0.039 | K11: 0.039 | L11: 0.039 | M11: 0.049 | N11: 0.075 | O11: 0.067 | P11: 0.067 | Q11: 0.039 | R11: 0.039 | S11: 0.039 | T11: 0.039 | U11: 0.039 | V11: 0.039 | W11: 0.039 | X11: 0.039
F12: 2019+ | G12: 2025 | H12: Table 140.3-B | I12: 0.028 | J12: 0.028 | K12: 0.028 | L12: 0.028 | M12: 0.028 | N12: 0.047 | O12: 0.047 | P12: 0.047 | Q12: 0.028 | R12: 0.028 | S12: 0.028 | T12: 0.028 | U12: 0.028 | V12: 0.028 | W12: 0.028 | X12: 0.028
A13: Windows | B13: OfficeSmall | C13: FixedWindow_NonRes | D13: Mix Single and Double: CBECS 2018 shows that ~53% of small offices that were built before 2000 are single pane | E13: U-factor IP | F13: Pre 1978 | G13: N/A | H13: ASHRAE Handbook of Fundamentals (Table 10-Ch15) for single pane & T24, 2013 for double pane(53%-47%)* | I13: =1.12*0.53+I$15*0.47 -> 0.8239 | J13: =1.12*0.53+J$15*0.47 -> 0.8239 | K13: =1.12*0.53+K$15*0.47 -> 0.9743 | L13: =1.12*0.53+L$15*0.47 -> 0.9743 | M13: =1.12*0.53+M$15*0.47 -> 0.9743 | N13: =1.12*0.53+N$15*0.47 -> 0.9743 | O13: =1.12*0.53+O$15*0.47 -> 0.9743 | P13: =1.12*0.53+P$15*0.47 -> 0.9743 | ... X13: =1.12*0.53+X$15*0.47 -> 0.8239
F14: 1978-1997 | G14: N/A | I14: =1.12*0.53+I$15*0.47 -> 0.8239 | J14: =1.12*0.53+J$15*0.47 -> 0.8239 | K14: =1.12*0.53+K$15*0.47 -> 0.9743 | L14: =1.12*0.53+L$15*0.47 -> 0.9743 | M14: =1.12*0.53+M$15*0.47 -> 0.9743 | N14: =1.12*0.53+N$15*0.47 -> 0.9743 | O14: =1.12*0.53+O$15*0.47 -> 0.9743 | P14: =1.12*0.53+P$15*0.47 -> 0.9743 | ... X14: =1.12*0.53+X$15*0.47 -> 0.8239
D15: Double pane | F15: 1998-2007 | G15: 2001 | H15: Table 1-H | I15: 0.49 | J15: 0.49 | K15: 0.81 | L15: 0.81 | M15: 0.81 | N15: 0.81 | O15: 0.81 | P15: 0.81 | Q15: 0.81 | R15: 0.49 | S15: 0.49 | T15: 0.49 | U15: 0.49 | V15: 0.49 | W15: 0.49 | X15: 0.49
F16: 2008-2018 | G16: 2013 | H16: Table 140.3-B | I16: 0.36 | J16: 0.36 | K16: 0.36 | L16: 0.36 | M16: 0.36 | N16: 0.36 | O16: 0.36 | P16: 0.36 | Q16: 0.36 | R16: 0.36 | S16: 0.36 | T16: 0.36 | U16: 0.36 | V16: 0.36 | W16: 0.36 | X16: 0.36
F17: 2019+ | G17: 2025 | H17: Table 140.3-B | I17: 0.36 | J17: 0.36 | K17: 0.36 | L17: 0.36 | M17: 0.36 | N17: 0.36 | O17: 0.36 | P17: 0.36 | Q17: 0.34 | R17: 0.36 | S17: 0.34 | T17: 0.34 | U17: 0.34 | V17: 0.34 | W17: 0.34 | X17: 0.36
B18: OfficeSmall | C18: FixedWindow_NonRes | D18: Mix Single and Double: CBECS 2018 shows that ~53% of small offices that were built before 2000 are single pane | E18: SHGC | F18: Pre 1978 | G18: N/A | H18: ASHRAE Handbook of Fundamentals (Table 10-Ch15) for single pane & T24, 2013 for double pane(53%-47%)* | I18: =0.79*0.53+I20*0.47 -> 0.6208 | J18: =0.79*0.53+J20*0.47 -> 0.5879 | K18: =0.79*0.53+K20*0.47 -> 0.6114 | L18: =0.79*0.53+L20*0.47 -> 0.6114 | M18: =0.79*0.53+M20*0.47 -> 0.6114 | N18: =0.79*0.53+N20*0.47 -> 0.602 | O18: =0.79*0.53+O20*0.47 -> 0.602 | P18: =0.79*0.53+P20*0.47 -> 0.602 | ... X18: =0.79*0.53+X20*0.47 -> 0.6208
F19: 1978-1997 | G19: 1986 | I19: =0.79*0.53+I20*0.47 -> 0.6208 | J19: =0.79*0.53+J20*0.47 -> 0.5879 | K19: =0.79*0.53+K20*0.47 -> 0.6114 | L19: =0.79*0.53+L20*0.47 -> 0.6114 | M19: =0.79*0.53+M20*0.47 -> 0.6114 | N19: =0.79*0.53+N20*0.47 -> 0.602 | O19: =0.79*0.53+O20*0.47 -> 0.602 | P19: =0.79*0.53+P20*0.47 -> 0.602 | ... X19: =0.79*0.53+X20*0.47 -> 0.6208
F20: 1998-2007 | G20: 2001 | H20: Table 1-H : WWR:20-30 / SHGC non-north | I20: 0.43 | J20: 0.36 | K20: 0.41 | L20: 0.41 | M20: 0.41 | N20: 0.39 | O20: 0.39 | P20: 0.39 | Q20: 0.39 | R20: 0.36 | S20: 0.36 | T20: 0.36 | U20: 0.36 | V20: 0.36 | W20: 0.36 | X20: 0.43
F21: 2008-2018 | G21: 2013 | H21: Table 140.3-B | I21: 0.25 | J21: 0.25 | K21: 0.25 | L21: 0.25 | M21: 0.25 | N21: 0.25 | O21: 0.25 | P21: 0.25 | Q21: 0.25 | R21: 0.25 | S21: 0.25 | T21: 0.25 | U21: 0.25 | V21: 0.25 | W21: 0.25 | X21: 0.25
F22: 2019+ | G22: 2025 | H22: Table 140.3-B | I22: 0.25 | J22: 0.25 | K22: 0.25 | L22: 0.25 | M22: 0.25 | N22: 0.25 | O22: 0.25 | P22: 0.25 | Q22: 0.22 | R22: 0.25 | S22: 0.22 | T22: 0.22 | U22: 0.22 | V22: 0.22 | W22: 0.22 | X22: 0.25
E24: Infiltration
F25: Vintage | G25: I_75 6-sided Infiltration rate @ 75 pa | H25: Note | I25: I-design (cfm/ft²) (4-sided Infiltration rate at normal pressure) (Design flow rate approach and Flow/Exterior Wall Area calculation method)
E26: Infiltration | F26: Pre 1978 | G26: 1.1 | H26: 2022 CASE report (Table 38) | I26: 0.5667
F27: 1978-1997 | G27: 1.1 | H27: 2022 CASE report (Table 38) | I27: 0.5667
F28: 1998-2007 | G28: 1.1 | H28: 2022 CASE report (Table 38) | I28: 0.5667
F29: 2008-2018 | G29: 1 | H29: 2022 CASE report (Table 38) & T24, 2008-2016 (Table 140.3-C) | I29: 0.5185
F30: 2019+ | G30: 0.6* | H30: 2022 CASE report (Table 38) & T24, 2025 (Table 140.3-C) | I30: 0.3091
E31: Source: Title 24 air barrier requirements (all editions) and the standardized infiltration rate reported in the 2022 CASE report and Dodge 2023 data
E32: * Better to consider 0.6 for New construction instead of being very stringent align with the Appendix G of ASHRAE 90.1 (which is almost 0.4)
E33: Air Leakage Memo: | G33: Infiltration_rate_report_14May2025-Short-Version.docx
A40: Background Data [To be deleted prior to publication]
A42: Interior wall
A43: Gypsum board
A44: Wood stud | C44: R=0.32 | D44: wood stud 2*4, covers 25% of the interior wall volume between two layer of gypsum board , | E44: =0.32*0.25+0.16*0.75 -> 0.2
A45: Air (or insulation) | C45: R=0.16 | D45: air covers the rest 75%.
A46: Gypsum board
A51: Infiltration | B51: Pre 1978
B52: 1978-1997 | C52: 1984 | D52: Title 24, 1984/Table 2-53J | E52: 0.5 cfm/ft for sash crack of windows, 0.5 cfm/ft² of door area for single door or 0.1 cfm/ft² of door area for double door
B53: 1998-2007 | C53: 2001 | D53: Title 24, 2001/116(a)1 | E53: 0.3 cfm/ft² of window area / 0.3 cfm/ft² of door area for nonresidential single doors (swinging and sliding), and 1.0 cfm/ft² for nonresidential double doors (swinging),
B54: 2008-2018 | C54: 2013 | D54: Title 24, 2013/110.6(a)1 and 140.3(9)(c) | E54: 0.3 cfm/ft² of window area / 0.3 cfm/ft² of door area for nonresidential single doors (swinging and sliding), and 1.0 cfm/ft² for nonresidential double doors (swinging), 0.4 cfm/ft² @ 75 Pa whole building
B55: 2019+ | C55: 2025 | D55: Title24, 2025/Section 110.6(a)1 and 140.3(9)© | E55: 0.3 cfm/ft² of window area / 0.3 cfm/ft² of door area for nonresidential single doors (swinging and sliding), and 1.0 cfm/ft² for nonresidential double doors (swinging), 0.4 cfm/ft² @ 75 Pa whole building
A59: Infiltration rate in the existing prototypes:
A60: Infiltration features | C60: CEC | D60: PNNL | E60: DEER | F60: Comstock | H60: Generally | I60: DOE2 Pre 1980 | L60: NOR
A61: Method and Coefficients | C61: Flow/ExteriorWallArea Infiltration=Idesign*Fschedule*(A+B(Tzone-Todb)+C*WindSpd+D*WindSpd^2) (0,0,0.224 for Velocity term,0) | F61: Flow/ExteriorArea HVAC ON: 0.0209 for constant term,0.0064 for temperature term,0 for velocity term,0.1297 for velocity squared term HVAC OFF: 0,0.0179 for temperature term,0 ,0.1473 for velocity squared term | I61: Flow/ExteriorArea for Perimeter zones: Constant coefficient=1 other=0 ACH for Core zone: Constant coefficient=1 other=0
A62: Idesign (cfm/sf2) | C62: 0.23519953 | D62: 0.0392421041 0.0423987889 (Attic) | E62: 0.044801173 | F62: 0.4881276 (Case 5307-5500sf-1979-wood) 0.3661 (case 13134-5500sf-2001-wood) 0.1627 (case 13157-5500sf-2004-Mass) 0.122 (Case 4389--5500sf-2000-wood) 0.244 (Case 6213--5500sf-2004-SteelF) | H62: tight for vintage 4th and New construction: 1.5 cfm/sf from DOE pre-1980 model, 0.35: 1978-1997 0.2 1997-2008 0.1: 2008-2018 | I62: Flow/Exterior wall: Pre 1980/Post 1980: 0.223 (0.001133 m3/s-m2) New 2004: 0.0594 (0.000302 m3/s-m2) ACH: 0.36 per hour
A63: Schedule | B63: Office space (Weekday/WD) | C63: 0-5am 1 5am-12am 0.25 | D63: 0-7am 1 7am-7pm 0.25 7pm-12am 1 | E63: 1 | F63: 0.00014224028 | I63: 0-6am 1 6am-10pm 0.25 10pm-12am 1
B64: Office space (Saturday) | C64: 0-5am 1 6am-7pm 0.25 7pm-12am 1 | D64: 0-7am 1 7am-6pm 0.25 6pm-12am 1 | E64: 1 | I64: 0-6am 1 6am-6pm 0.25 6pm-12am 1
B65: Office space (Sunday) | C65: 1 | D65: 1 | E65: 1 | H65: 1 | I65: 1
A66: Note | D66: one infiltration object per perimeter zones (ONLY perimeter) +one object for the entrance door | E66: one infiltration object per each zone | F66: Case 5307, year 1979: TWO objects per zone: one for HVAC Off and another when HAVC is on | H66: Four Inf objects for the perimeter spaces + Another Inf. object for the zone with Door : 0.129785425 ft3/min (Same as PNNL) | L66: 0.12978 ft3/min: PNNL value for door infiltration flow/zone
F67: the ON schedule is always 1 and the OFF one is always 0.
I71: Dodge 2023 Construction data
A72: Dodge 2023 data for new small offices | C72: vintage 1978-19997 | I72: Year | J72: Small Office area
C73: 1978-84 | D73: 1985-97 | E73: 1992-1997 | I73: 1967 | J73: 2027
A74: Construction rate | C74: =SUM(J83:J89)/C75 -> 0.07749611 | D74: =SUM(J90:J102)/C75 -> 0 | E74: =SUM(J98:J102)/C75 -> 0 | I74: 1968 | J74: 3870.9
A75: Total Constructed floor area | C75: 144615 | I75: 1969 | J75: 4189.2
I76: 1970 | J76: 3556.1
I77: 1972 | J77: 6100
I78: 1973 | J78: 6863.1
I79: 1974 | J79: 4880.1
A80: Comstock 2023 | B80: Exterior wall Type | I80: 1975 | J80: 3714.8
B81: Steel Framed | C81: Wood Framed | D81: Mass | I81: 1976 | J81: 4880.2
A82: Small Office | B82: 0.39971929 | C82: 0.30192709 | D82: 0.29835363 | I82: 1977 | J82: 8079.2
A83: Considering 1/3 for each category and having wood frame tilted roof, it's been decided to consider wood framed wall. | I83: 1978 | J83: 11207.1

Sheet HVAC System
A1: ="HVAC System - "&Prototype!A2 -> HVAC System - OfficeSmall
A2: Vintage | B2: Heating | C2: Cooling | D2: Air Distribution | E2: Source
A3: Existing | B3: Furnace (Gas) | C3: Packaged (DX) | D3: Single Duct Constant Air Volume | E3: CEUS 2022 | F3: PTAC
A4: New Construction | B4: Packaged SZ HP | C4: Packaged SZ HP | D4: Single Duct Constant Air Volume | E4: T24 2025 | F4: PTHP
A8: Efficiency of HVAC system
A9: Vintage | B9: Upgrade Code | C9: Heating | D9: Cooling | E9: Source | G9: COP | H9: Source | I9: R (Adjustment factor)
A10: Pre 1978 | B10: 2008 | C10: Efficiency 80% | D10: EER=9.0 | E10: T24, Part 6, 2007 /CFR Energy 2009 page 12074 | G10: =((9-0.2)/3.413+$I$10)/(1-$I$10) -> 3.0663373 | H10: PNNL,2010,"Technical Support Document: 50% Energy Savings for Small Office Buildings" | I10: 0.12
A11: 1978-1997 | G11: =((9-0.2)/3.413+$I$10)/(1-$I$10) -> 3.0663373
A12: 1998-2007 | G12: =((9-0.2)/3.413+$I$10)/(1-$I$10) -> 3.0663373
A13: 2008-2018 | B13: 2010 | C13: COP=3 / Efficiency 80% | D13: EER=9.0 SEER=13 | E13: CFR Energy 2010:Title 10- Table 9 10 CFR 2013 (431.97, Table 1) | G13: =((9-0.2)/3.413+$I$10)/(1-$I$10) -> 3.0663373
A14: New Construction | B14: 2025 | C14: COP=3.3 / Efficiency 80% | D14: SEER2=13.4 | E14: CFR Energy 2024:Title 10- Table 19 - § 431.97 | G14: =((-0.0182*13.4^2+1.1088*13.4)/3.413+I10)/(1-I10) -> 3.9952481
A19: Fan power
A20: Vintage | B20: Approach | C20: System | D20: Total Static Pressure (TSP) (in w.c.) [PNNL 20405, 2010, Table 5.11] | E20: Fan Efficiency [ACM 2025] | F20: Fan Motor and Drive Efficiency [ACM 2025, Table 13] | G20: W/cfm [ACM 2025, Table 14 and 15] | H20: Data Source
A21: Existing | B21: PNNL TSP | C21: CAV (system < 7,437 cfm) | D21: 1.33 | E21: 0.65 | F21: ~0.9 (The full-load efficiency of the motor serving the fan- will be determined based on ACM 2025, Table 13) | H21: PNNL 20405, 2010, Table 5.11
A22: Brake horse power (bhp)=(Supply cfm*TSP in w.c.)/(6356*Fan efficiency)
A23: Fan power (w/cfm) = bhp/motor and drive efficiency *746
A24: New Construction | B24: ACM 2025 | C24: System 3b-SZHP, <5000 | D24: =G24*$F$23*$E$23/746*6356 -> 0 | E24: 0.65 | F24: 0.9 | G24: 0.744 | H24: ACM 2025
C25: PVAV System >10,000 cfm | D25: =G25*$F$23*$E$23/746*6356 -> 0 | G25: 0.964
F26: * 0.9 is an average fan efficiency according to ACM 2025, Table 13
A27: Fan total eff (E+ input) = 0.65 x Motor_eff
A28: TSP (E+ input) in w.c. = Motor_eff/746 x (6356 x Fan_eff) x W/cfm
A29: Fan_eff=0.65
A35: Background Data [To be deleted prior to publication]
B37: CEC | C37: PNNL | D37: DEER | E37: ComStock
A38: Zone cooling design supply air temperature (F) | B38: 57.5 | C38: 55 | D38: 55
A39: Air distribution system | B39: CAV | C39: CAV | D39: VAV | E39: CAV
A40: Max air flow rate | B40: Values | C40: Autosize | D40: Autosize | E40: Values
A42: Reference for Efficiency
U43: FCZ12 | V43: =(#REF!+#REF!)/2 -> #REF! | W43: =$V43*#REF!*#REF! -> #REF! | X43: =$V43*#REF!*#REF! -> #REF! | Y43: =$V43*#REF!*#REF! -> #REF! | Z43: =$V43*#REF!*#REF! -> #REF! | AA43: =$V43*#REF!*#REF! -> #REF! | AB43: =$V43*#REF!*#REF! -> #REF! | AC43: =$V43*#REF!*#REF! -> #REF! | AD43: =$V43*#REF!*#REF! -> #REF! | ... AL43: =$V43*#REF!*#REF! -> #REF!
D44: 10CFR 2024 | F44: CFR 2025 (not for Hp which is New construction) | I44: 74 FR 12058 : 2009 | K44: FR-2009-03-23.pdf
L59: ASHRAE 2010 : SEER 13
A68: Referenced Ventilation
A81: Discussion behind HVAC system selection
A83: CEUS 2022 data | B83: Heating | C83: Cooling | D83: Air Distribution
A84: % of total impacted floor area | B84: 0.9118 | C84: 0.89993095 | D84: 0.93097448
A85: Dominated system | B85: Package System / Heat Pump | C85: Package System / Heat Pump | D85: Single Duct Constant Air Volume in all vintage
A86: % of impacted floor area covered by the dominant system | B86: 0.73 | C86: 0.73359924 | D86: 0.92
A87: Fuel and Share | B87: 43.4% Electric and 55.5% Gas | C87: 99.9% by Electric
A89: 2% degradation for HVAC system per year
A91: A study measured losses of a median of 1.2 W/m2 (of gross floor area) from the distribution piping in 7 large commercial buildings
A92: Ref: P. Raftery, D. Vernon, R. Singla, M. Nakajima, Measured Space Heating Hot Water Distribution Losses in Large Commercial Buildings, ASHRAE Transactions 129 (1) (2023) 8.
A95: Systems operate far more frequently than expected − 81% of hours annually for the median building. Loads are lower and more skewed than expected, and oversizing is common even accounting for redundancy requirements.
A96: Notably, equipment sized to 30% of the maximum measured load could serve up 84% of the total heating energy consumption for the median building.
A97: boilers operate less efficiently than expected
A98: Ref: Raftery, Paul, et al. "Insights from hydronic heating systems in 259 commercial buildings." Energy and Buildings 321 (2024): 114543.
A99: file:///N:/Prj_SUS/2023/S23668%20SCE%20CA%20Prototypes%20Development/Technical/Database/Papers/Insights%20from%20hydronic%20heating%20systems%20in%20259%20commercial%20buildings/Insights%20from%20hydronic%20heating%20systems%20in%20259%20commercial%20buildings.pdf
A104: Discussion behind efficiency reference selection
A106: For pre-1978: T24, Part 6, version 2008
A107: According to the Comstock dataset, over 50% of small offices that were constructed before 1978, replaced their system between 2003 and 2011 with the following distribution. I think 2008 is a good decision since over 60% of HVAC got replace after 2007.
A111: Comstock 2023 | B111: Comstock dataset 2023: Floor area distribution of small offices built pre-1978 and updated HVAC in year …
A112: Year | B112: 1985 | C112: 1996 | D112: 2003 | E112: 2007 | F112: 2011 | G112: 2014-15 | H112: 2017
A113: % of floor area | B113: 0.07 | C113: 0.15 | D113: 0.17 | E113: 0.2 | F113: 0.16 | G113: 0.15 | H113: 0.09
A115: For 1978-1997: T24, Part 6, version 2008
A116: Comstock shows that over 50% of these small offices have their HVAC system align with regulations passed between 2003 and 2011 with the following distribution. Although those buildings constructed between 1992 and1997, mainly updated their HVAC align with DEER 2011 code cycle (around T24 2010), most of the buildings in this vintage were bulti before 1992 and mainly upgraded their HVAC before 2011.
A120: Comstock 2023 | B120: Floor area distribution of small offices built 1978-1997 and their last HVAC align with code …
A121: Year | B121: 1985 | C121: 1996 | D121: 2003 | E121: 2007 | F121: 2011 | G121: 2014-15 | H121: 2017
A122: % of floor area | B122: 0.06 | C122: 0.14 | D122: 0.17 | E122: 0.2 | F122: 0.17 | G122: 0.16 | H122: 0.1
A123: Besides, Comstock shows that small offices in this vintage has an average HVAC replacement tie of 20 years .
A124: However, if we consider 15 years for the average HVAC life cycle and consider year 1984 as a reference year (most of small offices in this vintage were constructed between 1978-1989 , and 1984 is almost in the middle of that), we will have T24, version 2013 as the reference code for efficiency selection. 1984+15+15=2014 which is close to Title 24 , 2013.
A127: However, if we consider 15 years for the average HVAC life cycle and consider year 1984 as a reference year (most of small offices in this vintage were constructed between 1978-1989 , and 1984 is almost in the middle of that), we will have T24, version 2013 as the reference code for efficiency selection. 1984+15+15=2014 which is close to Title 24 , 2013.
A130: For 1998-2007 : T24, 20051! (shifted from 2001 to T24 2005 code to consider the impact of the upgraded HVA). However, later it's been decided to select 2008 code to align with the earlier vintages
A131: There is no code between 2001 and 2005. Comstock show that about 70% of these HVAC haven’t been replaced. Those updated their HVAC, update that in an average 14 years mainly around 2015-2017)
A133: For 2008-2018: 2010!
A134: According to Dodge 2023, over 68% of these small office are between 2008 and 2013.

Sheet Thermostat
A1: ="Thermostat Setpoints - "&Prototype!A2 -> Thermostat Setpoints - OfficeSmall
A2: Setpoint | B2: CZ1 | C2: CZ2 | D2: CZ3 | E2: CZ4 | F2: CZ5 | G2: CZ6 | H2: CZ7 | I2: CZ8 | J2: CZ9 | K2: CZ10 | L2: CZ11 | M2: CZ12 | N2: CZ13 | O2: CZ14 | P2: CZ15 | Q2: CZ16
A3: Heating Setpoint (F) | B3: 70 | C3: 70 | D3: 70 | E3: 70 | F3: 70 | G3: 70 | H3: 70 | I3: 70 | J3: 70 | K3: 70 | L3: 70 | M3: 70 | N3: 70 | O3: 70 | P3: 70 | Q3: 70
A4: Heating Setback (F) | B4: 60 | C4: 60 | D4: 60 | E4: 60 | F4: 60 | G4: 60 | H4: 60 | I4: 60 | J4: 60 | K4: 60 | L4: 60 | M4: 60 | N4: 60 | O4: 60 | P4: 60 | Q4: 60
A5: Cooling Setpoint (F) | B5: 75 | C5: 75 | D5: 75 | E5: 75 | F5: 75 | G5: 75 | H5: 75 | I5: 75 | J5: 75 | K5: 75 | L5: 75 | M5: 75 | N5: 75 | O5: 75 | P5: 75 | Q5: 75
A6: Cooling Setback (F) | B6: 85 | C6: 85 | D6: 85 | E6: 85 | F6: 85 | G6: 85 | H6: 85 | I6: 85 | J6: 85 | K6: 85 | L6: 85 | M6: 85 | N6: 85 | O6: 85 | P6: 85 | Q6: 85
A9: The Small Office prototypes by CEC and DEER both use the same setpoints.
A10: The Small Office prototype by PNNL also uses the same setpoints, except for one of the perimeter zones, which has a heating setpoint of 69 °F and a cooling setpoint of 76 °F during hours of 10:00-11:00, 12:00-13:00, and 14:00-15:00 .
A17: Background Data [To be deleted prior to publication]
B19: Heating | E19: Cooling
B20: Weekday | C20: Saturday | D20: Sunday | E20: Weekday | F20: Saturday | G20: Sunday | J20: Heating and Cooling setback schedule | K20: Weekday | L20: 12:am-5:00 am
A21: DEER | B21: 0:00 to 5:00 | C21: 0:00 to 5:00 | D21: 0:00 to 24:00 | E21: 0:00 to 5:00 | F21: 0:00 to 5:00 | G21: 0:00 to 24:00 | K21: Saturday | L21: 7:00 pm-5:00 am
B22: 15.56 | C22: 15.56 | D22: 15.56 | E22: 29.22 | F22: 29.22 | G22: 29.22 | K22: Sunday | L22: All the day
B23: 5:00 to 24:00 | C23: 5:00 to 19:00 | E23: 5:00 to 24:00 | F23: 5:00 to 19:00
B24: 21.11 | C24: 21.11 | E24: 23.88 | F24: 23.88
A28: T24, Appendix JA5-4 : Occupant Controlled Smart Thermostat (OCST)
A39: The findings indicated that households engaged in teleworking raised their winter thermostat setpoints by an average of 0.66 °C and decreased their summer thermostat setpoint by an average of 1.62 °C compared to the period that their home was vacant during office hours
A40: 2025, "Analyzing smart thermostat data to uncover trends in remote work behaviors"
A41: https://www.sciencedirect.com/science/article/pii/S0378778825000507

Sheet Ventilation
A1: ="Outdoor Airflow Rate - "&Prototype!A2 -> Outdoor Airflow Rate - OfficeSmall
A2: Space/Thermal Zone | B2: Number of People | C2: Floor Area (ft²) | D2: cfm/person (T24, 2025, Equation 120.1-F and Table 120.1-A) | E2: cfm/ft² (T24, 2025, Equation 120.1-F and Table 120.1-A) | F2: Required Exhaust Rate (T24, 2025, Table 120.1-B – Minimum Exhaust Rates) | G2: Total cfm Driven by People | H2: Total cfm Driven by Area | I2: Total cfm Driven by Exhaust | J2: Total cfm | K2: Note
A3: =Zones!A3 -> Open_Office_N | B3: =Zones!J3 -> 4.5634875 | C3: =Zones!G3 -> 912.6975 | D3: 15 | E3: 0.15 | G3: =B3*D3 -> 68.452313 | H3: =C3*E3 -> 136.90462 | J3: =MAX(G3,H3,I3) -> 136.90462 | N3: AHU | O3: cfm
A4: =Zones!A4 -> Closed_Office_W | B4: 15 | C4: 0.15 | D4: 15 | E4: 0.15 | G4: =B4*D4 -> 225 | H4: =C4*E4 -> 0.0225 | J4: =MAX(G4,H4,I4) -> 225 | N4: AHU_N | O4: =J3+J12 -> 361.90463
A5: =Zones!A5 -> Closed_Office_E | B5: 15 | C5: 0.15 | D5: 15 | E5: 0.15 | G5: =B5*D5 -> 225 | H5: =C5*E5 -> 0.0225 | J5: =MAX(G5,H5,I5) -> 225 | N5: AHU_W | O5: =J4+J8+J12 -> 675
A6: =Zones!A6 -> Conference | B6: 15 | C6: 0.15 | D6: 15 | E6: 0.15 | G6: =B6*D6 -> 225 | H6: =C6*E6 -> 0.0225 | J6: =MAX(G6,H6,I6) -> 225 | N6: AHU_E | O6: =J5+J10+J14 -> 675
A7: =Zones!A7 -> Lobby_Lounge | B7: 15 | C7: 0.15 | D7: 15 | E7: 0.15 | G7: =B7*D7 -> 225 | H7: =C7*E7 -> 0.0225 | J7: =MAX(G7,H7,I7) -> 225 | N7: AHU_S | O7: =J6+J7+J15+J11+J9 -> 1125
A8: =Zones!A8 -> Storage | B8: 15 | C8: 0.15 | D8: 15 | E8: 0.15 | G8: =B8*D8 -> 225 | H8: =C8*E8 -> 0.0225 | J8: =MAX(G8,H8,I8) -> 225
A9: =Zones!A9 -> Mechanical_Electrical | B9: 15 | C9: 0.15 | D9: 15 | E9: 0.15 | G9: =B9*D9 -> 225 | H9: =C9*E9 -> 0.0225 | J9: =MAX(G9,H9,I9) -> 225
A10: =Zones!A10 -> Restroom | B10: 15 | C10: 0.15 | D10: 15 | E10: 0.15 | F10: 25/50 per unit | G10: =B10*D10 -> 225 | H10: =C10*E10 -> 0.0225 | I10: 50 | J10: =MAX(G10,H10,I10) -> 225
A11: =Zones!A11 -> Break_CopyRoom | B11: 15 | C11: 0.15 | D11: 15 | E11: 0.15 | G11: =B11*D11 -> 225 | H11: =C11*E11 -> 0.0225 | J11: =MAX(G11,H11,I11) -> 225
A12: =Zones!A12 -> Corridor_W | B12: 15 | C12: 0.15 | D12: 15 | E12: 0.15 | G12: =B12*D12 -> 225 | H12: =C12*E12 -> 0.0225 | J12: =MAX(G12,H12,I12) -> 225
A13: =Zones!A13 -> Corridor_N | B13: 15 | C13: 0.15 | D13: 15 | E13: 0.15 | G13: =B13*D13 -> 225 | H13: =C13*E13 -> 0.0225 | J13: =MAX(G13,H13,I13) -> 225
A14: =Zones!A14 -> Corridor_E | B14: 15 | C14: 0.15 | D14: 15 | E14: 0.15 | G14: =B14*D14 -> 225 | H14: =C14*E14 -> 0.0225 | J14: =MAX(G14,H14,I14) -> 225
A15: =Zones!A15 -> Corridor_S | B15: 15 | C15: 0.15 | D15: 15 | E15: 0.15 | G15: =B15*D15 -> 225 | H15: =C15*E15 -> 0.0225 | J15: =MAX(G15,H15,I15) -> 225
A16: =Zones!A16 -> Attic | B16: 15 | C16: 0.15
A25: Background Data [To be deleted prior to publication]
A27: CEUS 2022 Data shows that about 50% of the unconditioned floor area belongs to the first vintage bin (Pre-1978)
A29: Ref: CEUS 2022
B31: Ventilated | D31: Ventilated Only | G31: Conditioned - Floorspace that is heated and/or cooled
A32: Statewide/ Utility/ FCZ | B32: K SqFt | C32: % of Tot. Comm. Floorspace | D32: K SqFt | E32: % of Tot. Comm. Floorspace | F32: Total | G32: Unconditioned - Floorspace that is not heated and/or cooled
A33: Statewide | B33: 717924.25 | C33: 0.93097448 | D33: 5720.4277 | E33: 0.0074180141 | F33: 771153.52 | G33: Ventilated - Total floorspace that is Conditioned (heated and/or cooled), plus unconditioned spaces that are Ventilated
A34: FCZ01 Tot | B34: 110607.69 | C34: 0.92484767 | D34: 110607.69 | E34: 0.92484767 | F34: 119595.58 | G34: Ventilated Only - Unconditioned floorspace that is ventilated
A35: FCZ02 Tot | B35: 28894.052 | C35: 0.85950722 | D35: 0 | E35: 0 | F35: 33616.997 | G35: Refrigerated - Floorspace occupied by built-in commercial grade refrigerators (including walk-ins)
A36: FCZ03 Tot | B36: 9152.9953 | C36: 0.97318827 | D36: 0 | E36: 0 | F36: 9405.1639 | G36: Frozen - Floorspace that is occupied by built-in commercial grade freezers (including walk-ins)
A37: FCZ04 Tot | B37: 40764.035 | C37: 0.90087603 | D37: 40764.035 | E37: 0.90087603 | F37: 45249.328 | G37: Refrigerated & Frozen Combined - Refrigerated and/or Frozen floorspace
A38: FCZ05 Tot | B38: 40651.537 | C38: 0.94203038 | D38: 0 | E38: 0 | F38: 43153.106
A39: FCZ06 Tot | B39: 33601.154 | C39: 0.96127371 | D39: 33601.154 | E39: 0.96127371 | F39: 34954.825
A40: FCZ07 Tot | B40: 162052.06 | C40: 0.96386079 | D40: 162052.06 | E40: 0.96386079 | F40: 168128.08
A41: FCZ08 Tot | B41: 22464.066 | C41: 0.9271228 | D41: 0 | E41: 0 | F41: 24229.871
A42: FCZ09 Tot | B42: 11190.391 | C42: 0.95705946 | D42: 0 | E42: 0 | F42: 11692.472
A43: FCZ10 Tot | B43: 31510.45 | C43: 0.93602622 | D43: 0 | E43: 0 | F43: 33664.068
A44: FCZ11 Tot | B44: 34908.687 | C44: 0.98090646 | D44: 0 | E44: 0 | F44: 35588.191
A45: FCZ12c Tot | B45: 60257.386 | C45: 0.90695051 | D45: 60257.386 | E45: 0.90695051 | F45: 66439.553
A46: FCZ12i Tot | B46: 18564.585 | C46: 0.8786896 | D46: 18564.585 | E46: 0.8786896 | F46: 21127.58
A47: FCZ13 Tot | B47: 25391.21 | C47: 0.87254045 | D47: 25391.21 | E47: 0.87254045 | F47: 29100.324
A48: FCZ16 Tot | B48: 35458.851 | C48: 0.91743582 | D48: 35458.851 | E48: 0.91743582 | F48: 38649.953
A49: FCZ17 Tot | B49: 13427.377 | C49: 0.91735432 | D49: 0 | E49: 0 | F49: 14637.068
B53: Ventilated (k SqFt) | H53: Ventilated-Only (k SqFt)
A54: Statewide/ Utility/ FCZ | B54: Pre-1978 | C54: 1978-1997 | D54: 1998-2007 | E54: 2008-2018 | F54: Not Available | G54: Total | H54: Pre-1978 | I54: 1978-1997 | J54: 1998-2007 | K54: 2008-2018 | L54: Not Available | M54: Total
A55: Statewide | B55: 282213.69 | C55: 242811.9 | D55: 96185.024 | E55: 35649.028 | F55: 61064.612 | G55: 717924.25 | H55: 5143.4965 | I55: 382.57947 | J55: 194.3518 | K55: 0 | L55: 0 | M55: 5720.4277
A56: FCZ01 Tot | B56: 54414.231 | C56: 32999.722 | D56: 11122.253 | E56: 4603.0504 | F56: 7468.4345 | G56: 110607.69 | H56: 54414.231 | I56: 0 | J56: 11122.253 | K56: 4603.0504 | L56: 7468.4345 | M56: 110607.69
A57: FCZ02 Tot | B57: 13141.098 | C57: 9647.916 | D57: 3659.6977 | E57: 1714.0383 | F57: 731.30136 | G57: 28894.052 | H57: 0 | I57: 0 | J57: 0 | K57: 0 | L57: 0 | M57: 0
A58: FCZ03 Tot | B58: 3193.2902 | C58: 2796.6371 | D58: 1418.2923 | E58: 560.05877 | F58: 1184.717 | G58: 9152.9953 | H58: 0 | I58: 0 | J58: 0 | K58: 0 | L58: 0 | M58: 0
A59: FCZ04 Tot | B59: 4769.6281 | C59: 13172.607 | D59: 17791.13 | E59: 2050.2791 | F59: 2980.3906 | G59: 40764.035 | H59: 0 | I59: 0 | J59: 17791.13 | K59: 0 | L59: 0 | M59: 40764.035
A60: FCZ05 Tot | B60: 11153.239 | C60: 13335.887 | D60: 9354.7826 | E60: 3829.8507 | F60: 2977.7772 | G60: 40651.537 | H60: 0 | I60: 0 | J60: 0 | K60: 0 | L60: 0 | M60: 0
A61: FCZ06 Tot | B61: 12261.901 | C61: 10666.38 | D61: 2831.2619 | E61: 1071.4579 | F61: 6770.1529 | G61: 33601.154 | H61: 12261.901 | I61: 10666.38 | J61: 0 | K61: 0 | L61: 0 | M61: 33601.154
A62: FCZ07 Tot | B62: 80605.785 | C62: 49236.975 | D62: 10354.365 | E62: 5701.2154 | F62: 16153.721 | G62: 162052.06 | H62: 80605.785 | I62: 0 | J62: 0 | K62: 0 | L62: 0 | M62: 162052.06
A63: FCZ08 Tot | B63: 6525.3199 | C63: 10968.355 | D63: 2306.1579 | E63: 2050.2475 | F63: 613.98561 | G63: 22464.066 | H63: 0 | I63: 0 | J63: 0 | K63: 0 | L63: 0 | M63: 0
A64: FCZ09 Tot | B64: 2791.1654 | C64: 2824.4311 | D64: 2664.3979 | E64: 951.79973 | F64: 1958.5964 | G64: 11190.391 | H64: 0 | I64: 0 | J64: 0 | K64: 0 | L64: 0 | M64: 0
A65: FCZ10 Tot | B65: 7579.1686 | C65: 10386.011 | D65: 7421.6188 | E65: 2642.6378 | F65: 3481.0139 | G65: 31510.45 | H65: 0 | I65: 0 | J65: 0 | K65: 0 | L65: 0 | M65: 0
A66: FCZ11 Tot | B66: 5363.5935 | C66: 12676.29 | D66: 7990.6575 | E66: 4097.6866 | F66: 4780.4586 | G66: 34908.687 | H66: 0 | I66: 0 | J66: 0 | K66: 0 | L66: 0 | M66: 0
... A71: FCZ17 Tot | B71: 8440.6119 | C71: 2664.2701 | D71: 0 | E71: 1010.7948 | F71: 1311.7005 | G71: 13427.377 | H71: 0 | I71: 0 | J71: 0 | K71: 0 | L71: 0 | M71: 0
A75: Calculation Method | B75: Statewide/ Utility/ FCZ | C75: 0% | D75: 0%< X <10% | E75: 10%<= X <20% | F75: 20%<= X <30% | G75: 30%<= X <40% | H75: 40%<= X <50% | I75: 50%<= X <60% | J75: 60%<= X <70% | K75: 70%<= X <80% | L75: 80%<= X <90% | M75: 90%<= X <100% | N75: 100% | O75: Total | P75: ← % Floorspace Conditioned
A76: Floorspace % | B76: Statewide | C76: 0.017104424 | D76: 0.012417275 | E76: 0.0079352166 | F76: 0.0089418437 | G76: 0.010847586 | H76: 0.017519215 | I76: 0.010034893 | J76: 0.016942775 | K76: 0.015237652 | L76: 0.018299131 | M76: 0.02606147 | N76: 0.83865852 | O76: 1
A77: Floorspace % | B77: FCZ01 Tot | C77: 0.030728996 | D77: 0.022382608 | E77: 0 | F77: 0.011874108 | G77: 0.0051469915 | H77: 0.0031133886 | I77: 0.0035120951 | J77: 0.019879787 | K77: 0.012528377 | L77: 0.014572406 | M77: 0.031275671 | N77: 0.84498557 | O77: 1
A78: Floorspace % | B78: FCZ02 Tot | C78: 0 | D78: 0.060807088 | E78: 0 | F78: 0.0013298957 | G78: 0.0037010846 | H78: 0.064598828 | I78: 0.025150962 | J78: 0.036562089 | K78: 0.02114077 | L78: 0.025676249 | M78: 0.022882934 | N78: 0.7381501 | O78: 1
A79: Floorspace % | B79: FCZ03 Tot | C79: 0 | D79: 0 | E79: 0 | F79: 0 | G79: 0 | H79: 0.016922093 | I79: 0 | J79: 0.031444057 | K79: 0.020411423 | L79: 0 | M79: 0.023997121 | N79: 0.90722531 | O79: 1
A80: Floorspace % | B80: FCZ04 Tot | C80: 0.00061760035 | D80: 0.029125471 | E80: 0.0083851771 | F80: 0.0072059522 | G80: 0.042738642 | H80: 0.0042951297 | I80: 0.013063244 | J80: 0.018735459 | K80: 0.026802372 | L80: 0.043870204 | M80: 0.020409958 | N80: 0.78475079 | O80: 1
A81: Floorspace % | B81: FCZ05 Tot | C81: 0 | D81: 0 | E81: 0.0034179617 | F81: 0.0057308169 | G81: 0 | H81: 0.054484572 | I81: 0.025249376 | J81: 0.0082923009 | K81: 0.010601657 | L81: 0.0082882623 | M81: 0.044068142 | N81: 0.83986691 | O81: 1
A82: Floorspace % | B82: FCZ06 Tot | C82: 0.015633571 | D82: 0.0014558848 | E82: 0.025362863 | F82: 0.0055925945 | G82: 0 | H82: 0.028430111 | I82: 0 | J82: 0.016797296 | K82: 0.0039510432 | L82: 0.0035589366 | M82: 0.063926385 | N82: 0.83529131 | O82: 1
A83: Floorspace % | B83: FCZ07 Tot | C83: 0.0075575878 | D83: 0.002066117 | E83: 0.00070868245 | F83: 0.0040030179 | G83: 0.0091316559 | H83: 0.006958653 | I83: 0.0049082629 | J83: 0.016693832 | K83: 0.015571216 | L83: 0.031899594 | M83: 0.009100975 | N83: 0.89140041 | O83: 1
A84: Floorspace % | B84: FCZ08 Tot | C84: 0 | D84: 0 | E84: 0.016436395 | F84: 0.011706754 | G84: 0.03588985 | H84: 0.0099166515 | I84: 0.0030033896 | J84: 0.028638385 | K84: 0.016612988 | L84: 0.0044610355 | M84: 0 | N84: 0.87333455 | O84: 1
A85: Floorspace % | B85: FCZ09 Tot | C85: 0 | D85: 0 | E85: 0 | F85: 0 | G85: 0 | H85: 0.02378594 | I85: 0 | J85: 0.051862762 | K85: 0.011227897 | L85: 0.027513392 | M85: 0.039721423 | N85: 0.84588859 | O85: 1
A86: Floorspace % | B86: FCZ10 Tot | C86: 0 | D86: 0 | E86: 0.020764486 | F86: 0 | G86: 0.0076019535 | H86: 0.056352073 | I86: 0.0078524831 | J86: 0.0052986294 | K86: 0.017720765 | L86: 0.0069887455 | M86: 0.010933662 | N86: 0.8664872 | O86: 1
A87: Floorspace % | B87: FCZ11 Tot | C87: 0 | D87: 0 | E87: 0.0080060403 | F87: 0 | G87: 0 | H87: 0 | I87: 0.014220308 | J87: 0.012955909 | K87: 0 | L87: 0.0051658253 | M87: 0.012414961 | N87: 0.94723696 | O87: 1
... A92: Floorspace % | B92: FCZ17 Tot | C92: 0 | D92: 0 | E92: 0.038059841 | F92: 0 | G92: 0 | H92: 0.1015213 | I92: 0 | J92: 0 | K92: 0 | L92: 0 | M92: 0 | N92: 0.86041886 | O92: 1
A93: Calculation Method | B93: Statewide/ Utility/ FCZ | C93: 0% | D93: 0%< X <10% | E93: 10%<= X <20% | F93: 20%<= X <30% | G93: 30%<= X <40% | H93: 40%<= X <50% | I93: 50%<= X <60% | J93: 60%<= X <70% | K93: 70%<= X <80% | L93: 80%<= X <90% | M93: 90%<= X <100% | N93: 100% | O93: Total | P93: ← % Floorspace Conditioned
A94: Floorspace (k SqFt) | B94: Statewide | C94: 13190.137 | D94: 9575.6256 | E94: 6119.2702 | F94: 6895.5342 | G94: 8365.1544 | H94: 13510.004 | I94: 7738.4428 | J94: 13065.48 | K94: 11750.569 | L94: 14111.439 | M94: 20097.394 | N94: 646734.47 | O94: 771153.52
A95: Floorspace (k SqFt) | B95: FCZ01 Tot | C95: 3675.052 | D95: 2676.861 | E95: 0 | F95: 1420.0908 | G95: 615.55742 | H95: 372.34751 | I95: 420.03104 | J95: 2377.5346 | K95: 1498.3385 | L95: 1742.7953 | M95: 3740.432 | N95: 101056.54 | O95: 119595.58
A96: Floorspace (k SqFt) | B96: FCZ02 Tot | C96: 0 | D96: 2044.1517 | E96: 0 | F96: 44.7071 | G96: 124.41935 | H96: 2171.6186 | I96: 845.49983 | J96: 1229.1076 | K96: 710.68921 | L96: 863.15839 | M96: 769.25553 | N96: 24814.39 | O96: 33616.997
A97: Floorspace (k SqFt) | B97: FCZ03 Tot | C97: 0 | D97: 0 | E97: 0 | F97: 0 | G97: 0 | H97: 159.15506 | I97: 0 | J97: 295.73651 | K97: 191.97278 | L97: 0 | M97: 225.69686 | N97: 8532.6027 | O97: 9405.1639
A98: Floorspace (k SqFt) | B98: FCZ04 Tot | C98: 27.946001 | D98: 1317.908 | E98: 379.42363 | F98: 326.0645 | G98: 1933.8949 | H98: 194.35173 | I98: 591.10304 | J98: 847.76692 | K98: 1212.7893 | L98: 1985.0972 | M98: 923.53688 | N98: 35509.446 | O98: 45249.328
A99: Floorspace (k SqFt) | B99: FCZ05 Tot | C99: 0 | D99: 0 | E99: 147.49566 | F99: 247.30255 | G99: 0 | H99: 2351.1785 | I99: 1089.589 | J99: 357.83854 | K99: 457.49442 | L99: 357.66426 | M99: 1901.6772 | N99: 36242.865 | O99: 43153.106
A100: Floorspace (k SqFt) | B100: FCZ06 Tot | C100: 546.46874 | D100: 50.890199 | E100: 886.55445 | F100: 195.48816 | G100: 0 | H100: 993.76955 | I100: 0 | J100: 587.14654 | K100: 138.10802 | L100: 124.40201 | M100: 2234.5356 | N100: 29197.462 | O100: 34954.825
A101: Floorspace (k SqFt) | B101: FCZ07 Tot | C101: 1270.6427 | D101: 347.37228 | E101: 119.14942 | F101: 673.01971 | G101: 1535.2878 | H101: 1169.945 | I101: 825.21681 | J101: 2806.7018 | K101: 2617.9586 | L101: 5363.2174 | M101: 1530.1294 | N101: 149869.44 | O101: 168128.08
A102: Floorspace (k SqFt) | B102: FCZ08 Tot | C102: 0 | D102: 0 | E102: 398.25173 | F102: 283.65313 | G102: 869.60644 | H102: 240.27919 | I102: 72.771743 | J102: 693.90438 | K102: 402.53057 | L102: 108.09032 | M102: 0 | N102: 21160.784 | O102: 24229.871
A103: Floorspace (k SqFt) | B103: FCZ09 Tot | C103: 0 | D103: 0 | E103: 0 | F103: 0 | G103: 0 | H103: 278.11643 | I103: 0 | J103: 606.40387 | K103: 131.28186 | L103: 321.69955 | M103: 464.44161 | N103: 9890.5282 | O103: 11692.472
A104: Floorspace (k SqFt) | B104: FCZ10 Tot | C104: 0 | D104: 0 | E104: 699.01707 | F104: 0 | G104: 255.91268 | H104: 1897.04 | I104: 264.34653 | J104: 178.37342 | K104: 596.55304 | L104: 235.2696 | M104: 368.07153 | N104: 29169.484 | O104: 33664.068
A105: Floorspace (k SqFt) | B105: FCZ11 Tot | C105: 0 | D105: 0 | E105: 284.92049 | F105: 0 | G105: 0 | H105: 0 | I105: 506.07504 | J105: 461.07738 | K105: 0 | L105: 183.84238 | M105: 441.826 | N105: 33710.45 | O105: 35588.191
... A110: Floorspace (k SqFt) | B110: FCZ17 Tot | C110: 0 | D110: 0 | E110: 557.08447 | F110: 0 | G110: 0 | H110: 1485.9741 | I110: 0 | J110: 0 | K110: 0 | L110: 0 | M110: 0 | N110: 12594.009 | O110: 14637.068

Sheet Water Heater
A1: ="Water Heater - "&Prototype!A2 -> Water Heater - OfficeSmall
A2: Vintage | B2: WH Type | C2: Efficiency | D2: Tank Volume (gal) | E2: Tank Loss | F2: Unit | G2: Source
A3: Existing | B3: Gas | C3: 0.8 | D3: =F30 -> 50 | E3: =G30 -> 855.51465 | F3: Btu/hr | G3: Loss per hour, 10 CFR 431.110(a) Table F-4
A4: New Construction | B4: Gas | C4: 0.8 | D4: =F30 -> 50 | E4: =G34 -> 855.51465 | F4: Btu/hr
A8: Peak Hot Water Consumption
A9: Space Name | B9: Baseline WH Type [T24, 2022, Appendix 5.4A , sheet: "2022 SpaceFuncData-Input"] | C9: Total Area (ft²) | D9: Number of People | E9: Hot Water Usage Specification (gal/hr per person) [T24, 2022, Appendix 5.4A , sheet: "2022 SpaceFuncData-Input"] | F9: Peak Hot Water Usage (gal/hr) | G9: Peak Hot Water Usage (gal/min)
A10: =Zones!A3 -> Open_Office_N | B10: Gas | C10: =Zones!G3*Zones!I3 -> 912.6975 | D10: =Zones!J3*Zones!I3 -> 4.5634875 | E10: 0.18 | F10: =E10*D10 -> 0.82142775 | G10: =F10/60 -> 0.013690462
A11: =Zones!A4 -> Closed_Office_W | B11: Gas | C11: =Zones!G4*Zones!I4 -> 908.46 | D11: =Zones!J4*Zones!I4 -> 4.5423 | E11: 0.18 | F11: =E11*D11 -> 0.817614 | G11: =F11/60 -> 0.0136269
A12: =Zones!A5 -> Closed_Office_E | B12: Gas | C12: =Zones!G5*Zones!I5 -> 908.46 | D12: =Zones!J5*Zones!I5 -> 4.5423 | E12: 0.18 | F12: =E12*D12 -> 0.817614 | G12: =F12/60 -> 0.0136269
A13: =Zones!A6 -> Conference | B13: Gas | C13: =Zones!G6*Zones!I6 -> 456.35 | D13: =Zones!J6*Zones!I6 -> 15.05955 | E13: 0.09 | F13: =E13*D13 -> 1.3553595 | G13: =F13/60 -> 0.022589325
A14: =Zones!A7 -> Lobby_Lounge | B14: Gas | C14: =Zones!G7*Zones!I7 -> 456.35 | D14: =Zones!J7*Zones!I7 -> 4.5635 | E14: 0.09 | F14: =E14*D14 -> 0.410715 | G14: =F14/60 -> 0.00684525
A15: =Zones!A8 -> Storage | B15: Gas | C15: =Zones!G8*Zones!I8 -> 743.88791 | D15: =Zones!J8*Zones!I8 -> 1.4877758 | E15: 0 | F15: =E15*D15 -> 0 | G15: =F15/60 -> 0
A16: =Zones!A9 -> Mechanical_Electrical | B16: Gas | C16: =Zones!G9*Zones!I9 -> 114.23 | D16: =Zones!J9*Zones!I9 -> 0 | E16: 0.18 | F16: =E16*D16 -> 0 | G16: =F16/60 -> 0
A17: =Zones!A10 -> Restroom | B17: Gas | C17: =Zones!G10*Zones!I10 -> 224.28 | D17: =Zones!J10*Zones!I10 -> 0 | E17: 0 | F17: =E17*D17 -> 0 | G17: =F17/60 -> 0
A18: =Zones!A11 -> Break_CopyRoom | B18: Gas | C18: =Zones!G11*Zones!I11 -> 110.05 | D18: =Zones!J11*Zones!I11 -> 3.63165 | E18: 0.09 | F18: =E18*D18 -> 0.3268485 | G18: =F18/60 -> 0.005447475
A19: =Zones!A12 -> Corridor_W | B19: Gas | C19: =Zones!G12*Zones!I12 -> 122.26 | D19: =Zones!J12*Zones!I12 -> 0.6113 | E19: 0 | F19: =E19*D19 -> 0 | G19: =F19/60 -> 0
A20: =Zones!A13 -> Corridor_N | B20: Gas | C20: =Zones!G13*Zones!I13 -> 211.39 | D20: =Zones!J13*Zones!I13 -> 1.05695 | E20: 0 | F20: =E20*D20 -> 0 | G20: =F20/60 -> 0
A21: =Zones!A14 -> Corridor_E | B21: Gas | C21: =Zones!G14*Zones!I14 -> 122.26 | D21: =Zones!J14*Zones!I14 -> 0.6113 | E21: 0 | F21: =E21*D21 -> 0 | G21: =F21/60 -> 0
... A23: =Zones!A16 -> Attic | B23: Gas | C23: =Zones!G16*Zones!I16 -> 6114.3047 | D23: =Zones!J16*Zones!I16 -> 0 | E23: 0 | F23: =E23*D23 -> 0 | G23: =F23/60 -> 0
A28: Water Heater Capacity, Tank Capacity, and Tank Loss
A29: WH Type | B29: Peak Hot Water Usage (gal/hr) | C29: Heat Output (Btu/hr) [ACM, 2025, 5.9.2: Rated capacity section] | D29: WH Capacity (Btu/hr) [ACM, 2025, 5.9.2: Rated capacity section] | E29: Required Energy Input (Btu/hr) | F29: Storage Volume (gal) | G29: Standby Loss | I29: Off/On Cycle Loss Coefficient to Ambient Temp (Btu/h-F) | J29: Source
A30: Gas Storage WH | B30: =MAX(125,SUMIFS(F10:F23,B10:B23,"Gas")) -> 125 | C30: =B30*(B34-B35)*8.2877*1 -> 82877 | D30: =C30*B36 -> 49726.2 | E30: =D30/C3 -> 62157.75 | F30: =ROUNDUP((B30*F32)/B32,0) -> 50 | G30: =(E30/800)+110*SQRT(F30) -> 855.51465 | H30: Btu/hr | I30: =G30/B41 -> 12.581098 | J30: Standby loss equation: Title 20, §1605.1 Table F-4 WH capacity equation: ACM, 2025, 5.9.2: Rated capacity section)
A31: Electric resistance WH | D31: =C31*B36 -> 0 | E31: =D31/1 -> 0 | F31: =ROUNDUP((B31*F32)/B32,0) -> 0 | G31: =IFERROR(0.3+(27/F31),0) -> 0 | H31: %/hr | I31: =0.0834*G31*F31 -> 0
A32: Total | B32: =B30+B31 -> 125 | F32: =B32*1*B37 -> 50
A34: Design supply temperature (F) | B34: 135 | C34: Ref: T24 2022 - Appendix 5.4B | F34: Standby Loss for Existing | G34: =G30 -> 855.51465 | H34: (Btu/hr) | I34: =I30 -> 12.581098
A35: Cold Water supply temperature (F) | B35: 55 | C35: Ref: ACM, 2025, 5.9.2: Rated capacity section
A36: WH system factor | B36: 0.6 | C36: Ref: ACM, 2025, 5.9.2: Rated capacity section
A37: Reheat multiplier | B37: 0.4 | C37: Ref: ACM, 2025, 5.9.2: Storage Volume
A38: * The 0.40 multiplier is a storage sizing factor used to account for the fact that the water heater doesn't need to store the full peak hour demand—it can reheat water during that time. This factor assumes that the heater will recover part of the hot water used during the peak hour, so only 40% of the peak hour demand needs to be stored at any given moment.
A41: Ambient temp | B41: 68
A42: Delta T | B42: =B34-B41 -> 67
A47: Background Data [To be deleted prior to publication]
A49: Water use: | B49: PNNL (for Core zone) | C49: DEER | D49: CEC
A50: peak flow rate (gal/min) | B50: =6.416*10^-2 -> 0.06416 | C50: 0.0322 for N&S ZN - 0.0192 for E&W ZN | D50: 0.0242 for Core ZN- 0.0109 for two ZN - 0.0183 for two other ZN | E50: NOR Flow rate schedule follows CEC
A51: Target Temperature | B51: 120 | C51: 135 | D51: 135
A52: Sensible Fraction | B52: 0.2 | C52: 0.2 | D52: N/A
A53: Latent Fraction | B53: 0.05 | C53: 0.05 | D53: N/A
A56: CEUS 2022 data | B56: Water Heater
A57: % of total impacted floor area | B57: 0.92962911
A58: Dominated system | B58: Package System / Heat Pump
A59: Fuel and Share | B59: 49.9% Electric and 49.1% Gas

Sheet Interior Lights
A1: ="Interior Lighting - " & Prototype!A2 -> Interior Lighting - OfficeSmall
A2: Space Type | B2: New Construction | E2: Existing | H2: Note
B3: LPD (W/ft²) | C3: Additional LPD for Portable Lighting (W/ft²) | D3: Source | E3: LPD (W/ft²) | F3: Additional LPD for Portable Lighting (W/ft²) | G3: Source
A4: Office Area (>250 square feet) | B4: 0.6 | D4: T24, part 6, 2025, Table 140.6 C Technology : LED | E4: 0.75 | G4: T24, part 6, 2013, Table 140.6 C Technology: 59% LED, 31% halogen, 7% CFL (Comstock 2023)
A5: Convention, Conference, Multipurpose and Meeting Area | B5: 0.75 | E5: 1.4
A6: Lobby, Main Entry | B6: 0.7 | E6: 1.5
A7: Storage (General) | B7: 0.4 | E7: 0.6
A8: Electrical, Mechanical, Telephone Rooms | B8: 0.4 | E8: 0.7
A9: Restrooms | B9: 0.6 | E9: 0.6
A10: Lounge, Breakroom, or Waiting Area | B10: 0.55 | E10: 1.1 | H10: 2013 LPD is for "Lounge" area
A11: Corridor Area | B11: 0.4 | E11: 0.6
A12: Attic
A14: According to CEUS, more than 80% of existing small office upgraded their lighting system between 2014-2018 and it conflicts the lighting generation considered by Comstock.
B17: Whole Building method
B18: 2025 | C18: 2013
A19: LPD for Office Building ((W/ft²) | B19: 0.6 | C19: 0.8 | D19: Ref: T24, Table 140.6 B
A24: Background Data [To be deleted24:77 prior to publication]
A26: Ref: T24- Table 140.6-C (office area >250nSF)
A27: T24 Code cycle | B27: Lighting density for office Buildings: (complete building Method) | C27: Lighting density for office area >250 sf Floor area Method | D27: Table | E27: Note
A28: 2025 | B28: 0.6 | C28: 0.6, 0.2 (additional) | D28: Table 140.6 C
A29: 2022 | B29: 0.6 | C29: 0.6, 0.2 (additional)
A30: 2019 | B30: 0.65
A31: 2016 | B31: 0.8
A32: 2013 | B32: 0.8 | C32: 0.75
A33: 2010 | B33: 0.85
A34: 2008 | B34: 0.085 | C34: 0.9 | D34: Table 146-E
A35: 2005 | C35: 1.2
A36: TBD: Review the CASE report on 2016 for lighting
B40: Lighting density for office area >250 sf (Watts/ft²) | C40: Additional lighting power for Table lighting (Watts/ft²) | E40: T24, part 6 2022 | F40: file://carcgl.com/amer/NOR/Groups/CodesStds/Standards/California/2022%20Building%20Energy%20Efficiency%20Standards%20for%20Residential%20and%20Nonresidential%20Buildings.pdf
A41: Title 24, 2016 | B41: 0.8 | E41: T24, part 6 2019 | F41: file://carcgl.com/amer/NOR/Groups/CodesStds/Standards/California/2016-CEC-400-2015-037-CMF.pdf
B42: 0.75 (1 for office <=250) | E42: T24, part 6 2016 | F42: file://carcgl.com/amer/NOR/Groups/CodesStds/Standards/California/2016-CEC-400-2015-037-CMF.pdf
B43: 1.2
B44: 0.6
B45: 0.55
B46: 0.95 | C46: 0.5
B47: 0.9 | C47: 0.5
B48: 0.6
B49: 0.6
B50: 0.6
A51: Review of existing prototype
A52: Prototype/Source | B52: Downloaded on | C52: Zone | D52: Light Intensity | E52: Unit | F52: Total intensity multipliers | G52: Total lighting intensity | H52: Core/Perims area ratio | K52: Working days | L52: =52*5-L55 -> 249
A53: DEER | B53: 45474 | C53: Core | D53: 6.7005817 | E53: W/m2 | F53: =F101*L52+G101*L53+H101*(L54+L55) -> 2238.1 | G53: =D53*F53 -> 14996.572 | H53: =145.94/(929.25/2-145.94) -> 0.45794437 | K53: Saturday | L53: 52
C54: Perimeter zone | D54: 13.460512 | E54: W/m2 | F54: =F101*L52+G101*L53+H101*(L54+L55) -> 2238.1 | G54: =D54*F54 -> 30125.973 | K54: Sunday | L54: 52
A55: PNNL | B55: 45323 | C55: All | D55: 6.181254 | E55: W/m2 | F55: =J101*L52+K101*L53+L101*(L54+L55) -> 2468.4141 | G55: =D55*F55 -> 15257.894 | H55: =149.66/(511.16-149.66) -> 0.41399723 | K55: Holiday | L55: 11
A56: CEC (CBECC 2023) | B56: 45444 | C56: All | D56: 6.4583462 | E56: W/m2 | F56: =B101*L52+C101*L53+D101*(L54+L55) -> 2238.1 | G56: =D56*F56 -> 14454.425 | H56: =149.66/(511.16-149.66) -> 0.41399723
A59: Interior lighting Schedules (existing prototypes extracted from the idf files (presented below)
B75: CEC | F75: DEER | J75: PNNL
A76: Hour | B76: CEC-Weekday | C76: CEC-Saturday | D76: CEC-Sunday | F76: DEER- Weekday | G76: DEER- Saturday | H76: DEER-Otherday | J76: PNNL-Weekday | K76: PNNL-Saturday | L76: PNNL-Otherday
A77: 1 | B77: 0.05 | C77: 0.05 | D77: 0.05 | F77: 0.05 | G77: 0.05 | H77: 0.05 | J77: 0.12093491 | K77: 0.12093491 | L77: 0.12093491
A78: =1+A77 -> 2 | B78: 0.05 | C78: 0.05 | D78: 0.05 | F78: 0.05 | G78: 0.05 | H78: 0.05 | J78: 0.12093491 | K78: 0.12093491 | L78: 0.12093491
A79: =1+A78 -> 3 | B79: 0.05 | C79: 0.05 | D79: 0.05 | F79: 0.05 | G79: 0.05 | H79: 0.05 | J79: 0.12093491 | K79: 0.12093491 | L79: 0.12093491
A80: =1+A79 -> 4 | B80: 0.05 | C80: 0.05 | D80: 0.05 | F80: 0.05 | G80: 0.05 | H80: 0.05 | J80: 0.12093491 | K80: 0.12093491 | L80: 0.12093491
A81: =1+A80 -> 5 | B81: 0.05 | C81: 0.05 | D81: 0.05 | F81: 0.05 | G81: 0.05 | H81: 0.05 | J81: 0.12093491 | K81: 0.12093491 | L81: 0.12093491
A82: =1+A81 -> 6 | B82: 0.1 | C82: 0.05 | D82: 0.05 | F82: 0.1 | G82: 0.05 | H82: 0.05 | J82: 0.15452683 | K82: 0.12093491 | L82: 0.12093491
A83: =1+A82 -> 7 | B83: 0.1 | C83: 0.1 | D83: 0.05 | F83: 0.1 | G83: 0.1 | H83: 0.05 | J83: 0.15452683 | K83: 0.12093491 | L83: 0.12093491
A84: =1+A83 -> 8 | B84: 0.3 | C84: 0.1 | D84: 0.05 | F84: 0.3 | G84: 0.1 | H84: 0.05 | J84: 0.60466459 | K84: 0.12093491 | L84: 0.12093491
A85: =1+A84 -> 9 | B85: 0.65 | C85: 0.3 | D85: 0.05 | F85: 0.65 | G85: 0.3 | H85: 0.05 | J85: 0.60466459 | K85: 0.12093491 | L85: 0.12093491
A86: =1+A85 -> 10 | B86: 0.65 | C86: 0.3 | D86: 0.05 | F86: 0.65 | G86: 0.3 | H86: 0.05 | J86: 0.60466459 | K86: 0.12093491 | L86: 0.12093491
A87: =1+A86 -> 11 | B87: 0.65 | C87: 0.3 | D87: 0.05 | F87: 0.65 | G87: 0.3 | H87: 0.05 | J87: 0.60466459 | K87: 0.12093491 | L87: 0.12093491
A88: =1+A87 -> 12 | B88: 0.65 | C88: 0.3 | D88: 0.05 | F88: 0.65 | G88: 0.3 | H88: 0.05 | J88: 0.60466459 | K88: 0.12093491 | L88: 0.12093491
A89: =1+A88 -> 13 | B89: 0.65 | C89: 0.15 | D89: 0.05 | F89: 0.65 | G89: 0.15 | H89: 0.05 | J89: 0.53748074 | K89: 0.12093491 | L89: 0.12093491
... A100: =1+A99 -> 24 | B100: 0.05 | C100: 0.05 | D100: 0.05 | F100: 0.05 | G100: 0.05 | H100: 0.05 | J100: 0.12093491 | K100: 0.12093491 | L100: 0.12093491
A101: Sum of intensity multiplier | B101: =SUM(B77:B100) -> 8.1 | C101: =SUM(C77:C100) -> 2.8 | D101: =SUM(D77:D100) -> 1.2 | F101: =SUM(F77:F100) -> 8.1 | G101: =SUM(G77:G100) -> 2.8 | H101: =SUM(H77:H100) -> 1.2 | J101: =SUM(J77:J100) -> 8.5728263 | K101: =SUM(K77:K100) -> 2.9024377 | L101: =SUM(L77:L100) -> 2.9024377
I105: gen5_led | J105: gen2_t8_halogen | K105: gen4_led | L105: gen3_t5_cfl | M105: gen1_t12_incandescent
A106: ComStock 2023 | B106: Lighting Generation | H106: lumen per w | I106: 130 | J106: 20 | K106: 110 | L106: 70 | M106: 15
B107: gen5_led | C107: gen2_t8_halogen | D107: gen4_led | E107: gen3_t5_cfl | F107: gen1_t12_incandescent | H107: W/sf | I107: =$K$106/I106*$K$107 -> 0.50769231 | J107: =$K$106/J106*$K$107 -> 3.3 | K107: 0.6 | L107: =$K$106/L106*$K$107 -> 0.94285714 | M107: =$K$106/M106*$K$107 -> 4.4
A108: Floor area Fraction | B108: 0.094368904 | C108: 0.33987041 | D108: 0.470578 | E108: 0.065282882 | F108: 0.029899796 | H108: equivalent W/sf to provide lumen like LED gen 4 | I108: =I107*B108 -> 0.047910367 | J108: =J107*C108 -> 1.1215724 | K108: =K107*D108 -> 0.2823468 | L108: =L107*E108 -> 0.061552432 | M108: =M107*F108 -> 0.1315591 | N108: =SUM(I108:M108) -> 1.6449411
A110: CEUS 2022 ( Mostly gathered in 2018) | B110: % LED
B111: 0% | C111: <=10% | D111: <=20% | E111: <=30% | F111: <=40% | G111: <=50% | H111: <=60% | I111: <=70% | J111: <=80% | K111: <=90% | L111: <100% | M111: 100% | N111: Not Available
A112: Floorspace (statewide) | B112: 0.45383761 | C112: 0.038976515 | D112: 0.025671268 | E112: 0.038286351 | F112: 0.013033624 | G112: 0.039543773 | H112: 0.0059091166 | I112: 0.020201113 | J112: 0.04494576 | K112: 0.038347851 | L112: 0.005117309 | M112: 0.27302382 | N112: 0.0031058852
A114: CEUS 2022 ( Mostly gathered in 2018) | B114: % Upgraded
B115: Before2004 | C115: 2004-2013 | D115: 2014-2018 | E115: Not Available
A116: Floorspace (statewide) | B116: 0 | C116: 0.006171772 | D116: 0.79315434 | E116: 0.20067389 | F116: It shows lighting has been upgraded in less than 5 years

Sheet Ext Lighting
A1: ="Exterior Lighting - " & Prototype!A2 -> Exterior Lighting - OfficeSmall
A2: Motion Controlled Luminaires (W) | B2: Non-motion Controlled Luminaires (W) | C2: Total (W) | D2: Source
A3: =G12 -> 382.26279 | B3: =G13 -> 155.15145 | C3: =A3+B3 -> 537.41423 | D3: T24, 2022 & 2025 2019 Outdoor Lighting CASE report PNNL 90.1-2010 TSD
A5: Exterior Lighting
A6: Items (Assume LZ2) | B6: Assumptions [2019 Outdoor Lighting CASE Report & PNNL 90.1-2010 TSD] | D6: Unit | E6: Lighting Power Allowance [T24, 2025, Table 140.7-A & 140.7-B] | F6: Unit | G6: Exterior Lighting Power (W)
A7: IWA (Initial Wage Allowance) | E7: 200 | F7: (W) | G7: =$E7 -> 200
A8: Parking area | B8: 400 ft² for every parking space 1 parking space per 250 ft² of gross building area | C8: =B19/250*400 -> 8803.3047 | D8: (ft²) | E8: 0.019 | F8: (W/ft²) | G8: =$E8*C8 -> 167.26279
A9: Building Entrance | B9: 2 building entrance (1 per 10,000 ft² footprint) | C9: 1 | D9: (count) | E9: 15 | F9: (W/ea) | G9: =E9*C9 -> 15
A10: Hardscape Ornamental Light | B10: 0.1 ft² per 1 ft² of gross building area for hardscape ornamental light | C10: =B19*0.1 -> 550.20654 | D10: (ft²) | E10: 0.007 | F10: (W/ft²) | G10: =E10*C10 -> 3.8514458
A11: Building façade | B11: 0.1 W per ft² of facade area Façade Area* = Perimeter × 0.5 × height (30 ft is the max height that is lit) The 0.5 factor assumes that only half of the perimeter walls are lit. -Formula ia developed based on the 2019 Outdoor Lighting CASE report | C11: =B18*0.5*10 -> 1513 | D11: (ft²) | E11: 0.1 | F11: (W/ft²) | G11: =E11*C11 -> 151.3
A12: Motion controlled Luminaires | G12: =G8+G7+G9 -> 382.26279
A13: Non-motion-controlled Luminaires | G13: =G10+G11 -> 155.15145
A14: Total | G14: =G12+G13 -> 537.41423
A16: *Developed based on 2019 Outdoor Lighting CASE Report
A18: Perimeter (ft) | B18: =(90.8+60.5)*2 -> 302.6
A19: Total floor area (ft²) | B19: =Zones!G17 -> 5502.0654
A20: Floors (above ground) | B20: 1
A31: Background Data [To be deleted prior to publication]
A33: PNNL
A34: NonMotion Control | B34: Motion Control
A35: from 6:00 am until 12 am: 1 Rest: 0 | B35: from 6 am-until 7 pm: 1 Rest: 0.5
A37: Exterior Lighting
A38: Ref: T24- Table 140.6-C (office area >250 SF)
A39: T24 Code cycle | B39: Lighting for parking area | C39: Daylight Adaptation Zones**
A40: 2022 | B40: 0.1 | C40: 1
A41: 2019 | B41: 0.1 | C41: 0.5
A42: 2016 | B42: 0.14 | C42: 0.6
A43: **Daylight Adaptation Zones shall be no farther than 66 feet from the entrance to the parking garage
A46: Exterior Lighting - OfficeSmall (CEUS 2022 data)
A47: Prototype | B47: CZ | C47: Exterior Lighting Saturation
A48: OfficeSmall | B48: 1 | C48: 0.71923409
B49: 2 | C49: 0.79760196
B50: 3 | C50: 0.68666482
B51: 4 | C51: 0.68665488
B52: 5 | C52: 0.66513285
B53: 6 | C53: 0.61362552
B54: 7 | C54: 0.55425225
B55: 8 | C55: 0.60372866
B56: 9 | C56: 0.63197902
B57: 10 | C57: 0.53255875
B58: 11 | C58: 0.6797845
B59: 12 | C59: 0.69865095
B60: 13 | C60: 0.6951684
... B63: 16 | C63: 0.61771546
A64: penetration for exterior lighting in small office is 83% according to CEUS 2022 (Appendix K). We set the schedule to fulfill something around 0.75 .
A65: Ref: CEUS 2022 dataset
B67: DEER OFS Prototype -7/2024 | C67: PNNL OfficeSmall 02-2024 | F67: CEC | G67: Comstock (Case 5307)
A68: Exterior Lights W | B68: None | C68: 514.92 | D68: 144.07 | E68: 88.49 | F68: None | G68: 667.46 (Façade) | H68: 264 (Main entry) | I68: 88 (Doors) | J68: 162.57 (parking area and drivers)
A69: Schedule | C69: 0-6: 0.5 | D69: 0-6: 0.5 | E69: 0-5:0 | G69: Always On | H69: Always On | I69: Always On | J69: Always On
C70: 6-19:1 | D70: 6-24: 1 | E70: 6-24: 1
C71: 20-24: 0.5

Sheet Equipment
A1: ="Equipment - " & Prototype!A2 -> Equipment - OfficeSmall
A2: Space Name | B2: Plug load Power Density (W/ft²) | C2: Gas Power Density (Btu/hr-ft²) | D2: Refrigeration Power Density (W/ft²) | E2: Source
A3: Office Area (>250 square feet) | B3: 0.7 | E3: Plug load and schedules project with CEC, 2025
A4: Convention, Conference, Multipurpose and Meeting Area | B4: 0.8 | E4: T24 2022 - Appendix 5.4A
A5: Lobby, Main Entry | B5: 0.5
A6: Storage (General) | B6: 0.2
A7: Electrical, Mechanical, Telephone Rooms | B7: 3
A8: Restrooms | B8: 0
A9: Lounge, Breakroom, or Waiting Area | B9: 0.5
A10: Corridor Area | B10: 0

Sheet Schedules
A1: ="Schedules - "&Prototype!A2 -> Schedules - OfficeSmall
A2: Zone | B2: Schedule Category | C2: Schedule | D2: Source | E2: Type | F2: Hour
F3: 1 | G3: 2 | H3: 3 | I3: 4 | J3: 5 | K3: 6 | L3: 7 | M3: 8 | N3: 9 | O3: 10 | P3: 11 | Q3: 12 | R3: 13 | S3: 14 | T3: 15 | U3: 16 | V3: 17 | W3: 18 | X3: 19 | Y3: 20 | Z3: 21 | AA3: 22 | AB3: 23 | AC3: 24
A4: All zones | B4: Office | C4: Occupancy | D4: T24 2022 - Appendix 5.4B, [Office] Updated base on Plug load and schedules project with CEC, 2025 | E4: Weekday | F4: 0 | G4: 0 | H4: 0 | I4: 0 | J4: 0 | K4: 0 | L4: 0.1 | M4: 0.2 | N4: 0.95 | O4: 0.95 | P4: 0.95 | Q4: 0.95 | R4: 0.5 | S4: 0.95 | T4: 0.95 | U4: 0.95 | V4: 0.95 | W4: 0.3 | X4: 0.1 | Y4: 0.1 | Z4: 0.1 | AA4: 0.1 | AB4: 0.05 | AC4: 0.05
E5: Saturday | F5: 0 | G5: 0 | H5: 0 | I5: 0 | J5: 0 | K5: 0 | L5: 0.05 | M5: 0.05 | N5: 0.05 | O5: 0.05 | P5: 0.05 | Q5: 0.05 | R5: 0.05 | S5: 0.05 | T5: 0.05 | U5: 0.05 | V5: 0.05 | W5: 0.05 | X5: 0 | Y5: 0 | Z5: 0 | AA5: 0 | AB5: 0 | AC5: 0
E6: Sunday | F6: 0 | G6: 0 | H6: 0 | I6: 0 | J6: 0 | K6: 0 | L6: 0.05 | M6: 0.05 | N6: 0.05 | O6: 0.05 | P6: 0.05 | Q6: 0.05 | R6: 0.05 | S6: 0.05 | T6: 0.05 | U6: 0.05 | V6: 0.05 | W6: 0.05 | X6: 0 | Y6: 0 | Z6: 0 | AA6: 0 | AB6: 0 | AC6: 0
A7: =A4 -> All zones | B7: Office | C7: Lights | D7: T24 2022 - Appendix 5.4B, [Office] | E7: Weekday | F7: 0.05 | G7: 0.05 | H7: 0.05 | I7: 0.05 | J7: 0.05 | K7: 0.1 | L7: 0.1 | M7: 0.3 | N7: 0.65 | O7: 0.65 | P7: 0.65 | Q7: 0.65 | R7: 0.65 | S7: 0.65 | T7: 0.65 | U7: 0.65 | V7: 0.65 | W7: 0.35 | X7: 0.3 | Y7: 0.3 | Z7: 0.2 | AA7: 0.2 | AB7: 0.1 | AC7: 0.05
E8: Saturday | F8: 0.05 | G8: 0.05 | H8: 0.05 | I8: 0.05 | J8: 0.05 | K8: 0.05 | L8: 0.05 | M8: 0.05 | N8: 0.05 | O8: 0.05 | P8: 0.05 | Q8: 0.05 | R8: 0.05 | S8: 0.05 | T8: 0.05 | U8: 0.05 | V8: 0.05 | W8: 0.05 | X8: 0.05 | Y8: 0.05 | Z8: 0.05 | AA8: 0.05 | AB8: 0.05 | AC8: 0.05
E9: Sunday | F9: 0.05 | G9: 0.05 | H9: 0.05 | I9: 0.05 | J9: 0.05 | K9: 0.05 | L9: 0.05 | M9: 0.05 | N9: 0.05 | O9: 0.05 | P9: 0.05 | Q9: 0.05 | R9: 0.05 | S9: 0.05 | T9: 0.05 | U9: 0.05 | V9: 0.05 | W9: 0.05 | X9: 0.05 | Y9: 0.05 | Z9: 0.05 | AA9: 0.05 | AB9: 0.05 | AC9: 0.05
A10: =A7 -> All zones | B10: Office | C10: ElecEquipment | D10: Plug load and schedules project with CEC, 2025 | E10: Weekday | F10: 0.45 | G10: 0.45 | H10: 0.45 | I10: 0.45 | J10: 0.45 | K10: 0.45 | L10: 0.45 | M10: 0.74 | N10: 0.87 | O10: 0.9 | P10: 0.9 | Q10: 0.9 | R10: 0.9 | S10: 0.9 | T10: 0.9 | U10: 0.9 | V10: 0.9 | W10: 0.7 | X10: 0.5 | Y10: 0.5 | Z10: 0.5 | AA10: 0.45 | AB10: 0.45 | AC10: 0.45
E11: Saturday | F11: 0.43 | G11: 0.43 | H11: 0.43 | I11: 0.43 | J11: 0.43 | K11: 0.43 | L11: 0.43 | M11: 0.43 | N11: 0.43 | O11: 0.43 | P11: 0.43 | Q11: 0.43 | R11: 0.43 | S11: 0.43 | T11: 0.43 | U11: 0.43 | V11: 0.43 | W11: 0.43 | X11: 0.43 | Y11: 0.43 | Z11: 0.43 | AA11: 0.43 | AB11: 0.43 | AC11: 0.43
E12: Sunday | F12: 0.43 | G12: 0.43 | H12: 0.43 | I12: 0.43 | J12: 0.43 | K12: 0.43 | L12: 0.43 | M12: 0.43 | N12: 0.43 | O12: 0.43 | P12: 0.43 | Q12: 0.43 | R12: 0.43 | S12: 0.43 | T12: 0.43 | U12: 0.43 | V12: 0.43 | W12: 0.43 | X12: 0.43 | Y12: 0.43 | Z12: 0.43 | AA12: 0.43 | AB12: 0.43 | AC12: 0.43
A13: =A4 -> All zones | B13: Office | C13: HVACAvail | D13: T24 2022 - Appendix 5.4B, [Office] Updated base on Plug load and schedules project with CEC, 202 | E13: Weekday | F13: 0 | G13: 0 | H13: 0 | I13: 0 | J13: 0 | K13: 1 | L13: 1 | M13: 1 | N13: 1 | O13: 1 | P13: 1 | Q13: 1 | R13: 1 | S13: 1 | T13: 1 | U13: 1 | V13: 1 | W13: 1 | X13: 1 | Y13: 1 | Z13: 1 | AA13: 1 | AB13: 1 | AC13: 1
E14: Saturday | F14: 0 | G14: 0 | H14: 0 | I14: 0 | J14: 0 | K14: 0 | L14: 0 | M14: 0 | N14: 0 | O14: 0 | P14: 0 | Q14: 0 | R14: 0 | S14: 0 | T14: 0 | U14: 0 | V14: 0 | W14: 0 | X14: 0 | Y14: 0 | Z14: 0 | AA14: 0 | AB14: 0 | AC14: 0
E15: Sunday | F15: 0 | G15: 0 | H15: 0 | I15: 0 | J15: 0 | K15: 0 | L15: 0 | M15: 0 | N15: 0 | O15: 0 | P15: 0 | Q15: 0 | R15: 0 | S15: 0 | T15: 0 | U15: 0 | V15: 0 | W15: 0 | X15: 0 | Y15: 0 | Z15: 0 | AA15: 0 | AB15: 0 | AC15: 0
A16: =A4 -> All zones | B16: Office | C16: ServiceHotWater | D16: T24 2022 - Appendix 5.4B, [Office] | E16: Weekday | F16: 0.05 | G16: 0.05 | H16: 0.05 | I16: 0.05 | J16: 0.05 | K16: 0.08 | L16: 0.07 | M16: 0.19 | N16: 0.35 | O16: 0.38 | P16: 0.39 | Q16: 0.47 | R16: 0.57 | S16: 0.54 | T16: 0.34 | U16: 0.33 | V16: 0.44 | W16: 0.26 | X16: 0.21 | Y16: 0.15 | Z16: 0.17 | AA16: 0.08 | AB16: 0.05 | AC16: 0.05
E17: Saturday | F17: 0.05 | G17: 0.05 | H17: 0.05 | I17: 0.05 | J17: 0.05 | K17: 0.08 | L17: 0.07 | M17: 0.11 | N17: 0.15 | O17: 0.21 | P17: 0.19 | Q17: 0.23 | R17: 0.2 | S17: 0.19 | T17: 0.15 | U17: 0.12 | V17: 0.14 | W17: 0.07 | X17: 0.07 | Y17: 0.07 | Z17: 0.07 | AA17: 0.09 | AB17: 0.05 | AC17: 0.05
E18: Sunday | F18: 0.04 | G18: 0.04 | H18: 0.04 | I18: 0.04 | J18: 0.04 | K18: 0.07 | L18: 0.04 | M18: 0.04 | N18: 0.04 | O18: 0.04 | P18: 0.04 | Q18: 0.06 | R18: 0.06 | S18: 0.09 | T18: 0.06 | U18: 0.04 | V18: 0.04 | W18: 0.04 | X18: 0.04 | Y18: 0.04 | Z18: 0.04 | AA18: 0.07 | AB18: 0.04 | AC18: 0.04
A19: =A4 -> All zones | B19: Office | C19: Infiltration | D19: T24 2022 - Appendix 5.4B, [Office] Updated base on Plug load and schedules project with CEC, 202 | E19: Weekday | F19: 1 | G19: 1 | H19: 1 | I19: 1 | J19: 1 | K19: 0.25 | L19: 0.25 | M19: 0.25 | N19: 0.25 | O19: 0.25 | P19: 0.25 | Q19: 0.25 | R19: 0.25 | S19: 0.25 | T19: 0.25 | U19: 0.25 | V19: 0.25 | W19: 0.25 | X19: 0.25 | Y19: 0.25 | Z19: 0.25 | AA19: 0.25 | AB19: 0.25 | AC19: 0.25
E20: Saturday | F20: 1 | G20: 1 | H20: 1 | I20: 1 | J20: 1 | K20: 1 | L20: 1 | M20: 1 | N20: 1 | O20: 1 | P20: 1 | Q20: 1 | R20: 1 | S20: 1 | T20: 1 | U20: 1 | V20: 1 | W20: 1 | X20: 1 | Y20: 1 | Z20: 1 | AA20: 1 | AB20: 1 | AC20: 1
E21: Sunday | F21: 1 | G21: 1 | H21: 1 | I21: 1 | J21: 1 | K21: 1 | L21: 1 | M21: 1 | N21: 1 | O21: 1 | P21: 1 | Q21: 1 | R21: 1 | S21: 1 | T21: 1 | U21: 1 | V21: 1 | W21: 1 | X21: 1 | Y21: 1 | Z21: 1 | AA21: 1 | AB21: 1 | AC21: 1
A22: =A7 -> All zones | B22: Office | C22: HtgSetpt | E22: Weekday | F22: =IF((F13=1),Thermostat!$B$3,Thermostat!$B$4) -> 60 | G22: =IF((G13=1),Thermostat!$B$3,Thermostat!$B$4) -> 60 | H22: =IF((H13=1),Thermostat!$B$3,Thermostat!$B$4) -> 60 | I22: =IF((I13=1),Thermostat!$B$3,Thermostat!$B$4) -> 60 | J22: =IF((J13=1),Thermostat!$B$3,Thermostat!$B$4) -> 60 | K22: =IF((K13=1),Thermostat!$B$3,Thermostat!$B$4) -> 70 | L22: =IF((L13=1),Thermostat!$B$3,Thermostat!$B$4) -> 70 | M22: =IF((M13=1),Thermostat!$B$3,Thermostat!$B$4) -> 70 | ... AC22: =IF((AC13=1),Thermostat!$B$3,Thermostat!$B$4) -> 70
E23: Saturday | F23: =IF((F14=1),Thermostat!$B$3,Thermostat!$B$4) -> 60 | G23: =IF((G14=1),Thermostat!$B$3,Thermostat!$B$4) -> 60 | H23: =IF((H14=1),Thermostat!$B$3,Thermostat!$B$4) -> 60 | I23: =IF((I14=1),Thermostat!$B$3,Thermostat!$B$4) -> 60 | J23: =IF((J14=1),Thermostat!$B$3,Thermostat!$B$4) -> 60 | K23: =IF((K14=1),Thermostat!$B$3,Thermostat!$B$4) -> 60 | L23: =IF((L14=1),Thermostat!$B$3,Thermostat!$B$4) -> 60 | M23: =IF((M14=1),Thermostat!$B$3,Thermostat!$B$4) -> 60 | ... AC23: =IF((AC14=1),Thermostat!$B$3,Thermostat!$B$4) -> 60
E24: Sunday | F24: =IF((F15=1),Thermostat!$B$3,Thermostat!$B$4) -> 60 | G24: =IF((G15=1),Thermostat!$B$3,Thermostat!$B$4) -> 60 | H24: =IF((H15=1),Thermostat!$B$3,Thermostat!$B$4) -> 60 | I24: =IF((I15=1),Thermostat!$B$3,Thermostat!$B$4) -> 60 | J24: =IF((J15=1),Thermostat!$B$3,Thermostat!$B$4) -> 60 | K24: =IF((K15=1),Thermostat!$B$3,Thermostat!$B$4) -> 60 | L24: =IF((L15=1),Thermostat!$B$3,Thermostat!$B$4) -> 60 | M24: =IF((M15=1),Thermostat!$B$3,Thermostat!$B$4) -> 60 | ... AC24: =IF((AC15=1),Thermostat!$B$3,Thermostat!$B$4) -> 60
A25: =A10 -> All zones | B25: Office | C25: ClgSetpt | E25: Weekday | F25: =IF((F13=1),Thermostat!$B$5,Thermostat!$B$6) -> 85 | G25: =IF((G13=1),Thermostat!$B$5,Thermostat!$B$6) -> 85 | H25: =IF((H13=1),Thermostat!$B$5,Thermostat!$B$6) -> 85 | I25: =IF((I13=1),Thermostat!$B$5,Thermostat!$B$6) -> 85 | J25: =IF((J13=1),Thermostat!$B$5,Thermostat!$B$6) -> 85 | K25: =IF((K13=1),Thermostat!$B$5,Thermostat!$B$6) -> 75 | L25: =IF((L13=1),Thermostat!$B$5,Thermostat!$B$6) -> 75 | M25: =IF((M13=1),Thermostat!$B$5,Thermostat!$B$6) -> 75 | ... AC25: =IF((AC13=1),Thermostat!$B$5,Thermostat!$B$6) -> 75
E26: Saturday | F26: =IF((F14=1),Thermostat!$B$5,Thermostat!$B$6) -> 85 | G26: =IF((G14=1),Thermostat!$B$5,Thermostat!$B$6) -> 85 | H26: =IF((H14=1),Thermostat!$B$5,Thermostat!$B$6) -> 85 | I26: =IF((I14=1),Thermostat!$B$5,Thermostat!$B$6) -> 85 | J26: =IF((J14=1),Thermostat!$B$5,Thermostat!$B$6) -> 85 | K26: =IF((K14=1),Thermostat!$B$5,Thermostat!$B$6) -> 85 | L26: =IF((L14=1),Thermostat!$B$5,Thermostat!$B$6) -> 85 | M26: =IF((M14=1),Thermostat!$B$5,Thermostat!$B$6) -> 85 | ... AC26: =IF((AC14=1),Thermostat!$B$5,Thermostat!$B$6) -> 85
E27: Sunday | F27: =IF((F15=1),Thermostat!$B$5,Thermostat!$B$6) -> 85 | G27: =IF((G15=1),Thermostat!$B$5,Thermostat!$B$6) -> 85 | H27: =IF((H15=1),Thermostat!$B$5,Thermostat!$B$6) -> 85 | I27: =IF((I15=1),Thermostat!$B$5,Thermostat!$B$6) -> 85 | J27: =IF((J15=1),Thermostat!$B$5,Thermostat!$B$6) -> 85 | K27: =IF((K15=1),Thermostat!$B$5,Thermostat!$B$6) -> 85 | L27: =IF((L15=1),Thermostat!$B$5,Thermostat!$B$6) -> 85 | M27: =IF((M15=1),Thermostat!$B$5,Thermostat!$B$6) -> 85 | ... AC27: =IF((AC15=1),Thermostat!$B$5,Thermostat!$B$6) -> 85
A28: Corridors | B28: Office | C28: HtgSetpt_Corridor | E28: Weekday | F28: 60 | G28: 60 | H28: 60 | I28: 60 | J28: 60 | K28: 65 | L28: 65 | M28: 65 | N28: 65 | O28: 65 | P28: 65 | Q28: 65 | R28: 65 | S28: 65 | T28: 65 | U28: 65 | V28: 65 | W28: 65 | X28: 65 | Y28: 65 | Z28: 65 | AA28: 65 | AB28: 65 | AC28: 65
E29: Saturday | F29: 60 | G29: 60 | H29: 60 | I29: 60 | J29: 60 | K29: 60 | L29: 60 | M29: 60 | N29: 60 | O29: 60 | P29: 60 | Q29: 60 | R29: 60 | S29: 60 | T29: 60 | U29: 60 | V29: 60 | W29: 60 | X29: 60 | Y29: 60 | Z29: 60 | AA29: 60 | AB29: 60 | AC29: 60
E30: Sunday | F30: 60 | G30: 60 | H30: 60 | I30: 60 | J30: 60 | K30: 60 | L30: 60 | M30: 60 | N30: 60 | O30: 60 | P30: 60 | Q30: 60 | R30: 60 | S30: 60 | T30: 60 | U30: 60 | V30: 60 | W30: 60 | X30: 60 | Y30: 60 | Z30: 60 | AA30: 60 | AB30: 60 | AC30: 60
A31: Corridors | B31: Office | C31: ClgSetpt_Corridor | E31: Weekday | F31: 85 | G31: 85 | H31: 85 | I31: 85 | J31: 85 | K31: 78 | L31: 78 | M31: 78 | N31: 78 | O31: 78 | P31: 78 | Q31: 78 | R31: 78 | S31: 78 | T31: 78 | U31: 78 | V31: 78 | W31: 78 | X31: 78 | Y31: 78 | Z31: 78 | AA31: 78 | AB31: 78 | AC31: 78
E32: Saturday | F32: 85 | G32: 85 | H32: 85 | I32: 85 | J32: 85 | K32: 85 | L32: 85 | M32: 85 | N32: 85 | O32: 85 | P32: 85 | Q32: 85 | R32: 85 | S32: 85 | T32: 85 | U32: 85 | V32: 85 | W32: 85 | X32: 85 | Y32: 85 | Z32: 85 | AA32: 85 | AB32: 85 | AC32: 85
E33: Sunday | F33: 85 | G33: 85 | H33: 85 | I33: 85 | J33: 85 | K33: 85 | L33: 85 | M33: 85 | N33: 85 | O33: 85 | P33: 85 | Q33: 85 | R33: 85 | S33: 85 | T33: 85 | U33: 85 | V33: 85 | W33: 85 | X33: 85 | Y33: 85 | Z33: 85 | AA33: 85 | AB33: 85 | AC33: 85
A34: Other
B35: Building | C35: ExtLightingNonMotionCtrl | E35: Weekday | F35: 1 | G35: 1 | H35: 1 | I35: 1 | J35: 1 | K35: 1 | L35: 1 | M35: 1 | N35: 1 | O35: 1 | P35: 1 | Q35: 1 | R35: 1 | S35: 1 | T35: 1 | U35: 1 | V35: 1 | W35: 1 | X35: 1 | Y35: 1 | Z35: 1 | AA35: 1 | AB35: 1 | AC35: 1
E36: Saturday | F36: 1 | G36: 1 | H36: 1 | I36: 1 | J36: 1 | K36: 1 | L36: 1 | M36: 1 | N36: 1 | O36: 1 | P36: 1 | Q36: 1 | R36: 1 | S36: 1 | T36: 1 | U36: 1 | V36: 1 | W36: 1 | X36: 1 | Y36: 1 | Z36: 1 | AA36: 1 | AB36: 1 | AC36: 1
E37: Sunday | F37: 1 | G37: 1 | H37: 1 | I37: 1 | J37: 1 | K37: 1 | L37: 1 | M37: 1 | N37: 1 | O37: 1 | P37: 1 | Q37: 1 | R37: 1 | S37: 1 | T37: 1 | U37: 1 | V37: 1 | W37: 1 | X37: 1 | Y37: 1 | Z37: 1 | AA37: 1 | AB37: 1 | AC37: 1
B38: Building | C38: ExtLightingMotionCtrl | E38: Weekday | F38: 0 | G38: 0 | H38: 0 | I38: 0 | J38: 0 | K38: 1 | L38: 1 | M38: 1 | N38: 1 | O38: 1 | P38: 1 | Q38: 1 | R38: 1 | S38: 1 | T38: 1 | U38: 1 | V38: 1 | W38: 1 | X38: 1 | Y38: 1 | Z38: 1 | AA38: 1 | AB38: 0 | AC38: 0
E39: Saturday | F39: 0 | G39: 0 | H39: 0 | I39: 0 | J39: 0 | K39: 1 | L39: 1 | M39: 1 | N39: 1 | O39: 1 | P39: 1 | Q39: 1 | R39: 1 | S39: 1 | T39: 1 | U39: 1 | V39: 1 | W39: 1 | X39: 1 | Y39: 1 | Z39: 1 | AA39: 1 | AB39: 1 | AC39: 1
E40: Sunday | F40: 0 | G40: 0 | H40: 0 | I40: 0 | J40: 0 | K40: 1 | L40: 1 | M40: 1 | N40: 1 | O40: 1 | P40: 1 | Q40: 1 | R40: 1 | S40: 1 | T40: 1 | U40: 1 | V40: 1 | W40: 1 | X40: 1 | Y40: 1 | Z40: 1 | AA40: 1 | AB40: 1 | AC40: 1
A41: Office | B41: Building | C41: FunctionalAreaPeopleActivityLevel | D41: Based on Activilty level schedules in CEC Prototypes | E41: Weekday | F41: 131.9 | G41: 131.9 | H41: 131.9 | I41: 131.9 | J41: 131.9 | K41: 131.9 | L41: 131.9 | M41: 131.9 | N41: 131.9 | O41: 131.9 | P41: 131.9 | Q41: 131.9 | R41: 131.9 | S41: 131.9 | T41: 131.9 | U41: 131.9 | V41: 131.9 | W41: 131.9 | X41: 131.9 | Y41: 131.9 | Z41: 131.9 | AA41: 131.9 | AB41: 131.9 | AC41: 131.9
E42: Saturday | F42: 131.9 | G42: 131.9 | H42: 131.9 | I42: 131.9 | J42: 131.9 | K42: 131.9 | L42: 131.9 | M42: 131.9 | N42: 131.9 | O42: 131.9 | P42: 131.9 | Q42: 131.9 | R42: 131.9 | S42: 131.9 | T42: 131.9 | U42: 131.9 | V42: 131.9 | W42: 131.9 | X42: 131.9 | Y42: 131.9 | Z42: 131.9 | AA42: 131.9 | AB42: 131.9 | AC42: 131.9
E43: Sunday | F43: 131.9 | G43: 131.9 | H43: 131.9 | I43: 131.9 | J43: 131.9 | K43: 131.9 | L43: 131.9 | M43: 131.9 | N43: 131.9 | O43: 131.9 | P43: 131.9 | Q43: 131.9 | R43: 131.9 | S43: 131.9 | T43: 131.9 | U43: 131.9 | V43: 131.9 | W43: 131.9 | X43: 131.9 | Y43: 131.9 | Z43: 131.9 | AA43: 131.9 | AB43: 131.9 | AC43: 131.9
A44: Conference room | B44: Building | C44: MeetingAreaPeopleActivityLevel | D44: Based on Activilty level schedules in CEC Prototypes | E44: Weekday | F44: 117.2 | G44: 117.2 | H44: 117.2 | I44: 117.2 | J44: 117.2 | K44: 117.2 | L44: 117.2 | M44: 117.2 | N44: 117.2 | O44: 117.2 | P44: 117.2 | Q44: 117.2 | R44: 117.2 | S44: 117.2 | T44: 117.2 | U44: 117.2 | V44: 117.2 | W44: 117.2 | X44: 117.2 | Y44: 117.2 | Z44: 117.2 | AA44: 117.2 | AB44: 117.2 | AC44: 117.2
E45: Saturday | F45: 117.2 | G45: 117.2 | H45: 117.2 | I45: 117.2 | J45: 117.2 | K45: 117.2 | L45: 117.2 | M45: 117.2 | N45: 117.2 | O45: 117.2 | P45: 117.2 | Q45: 117.2 | R45: 117.2 | S45: 117.2 | T45: 117.2 | U45: 117.2 | V45: 117.2 | W45: 117.2 | X45: 117.2 | Y45: 117.2 | Z45: 117.2 | AA45: 117.2 | AB45: 117.2 | AC45: 117.2
E46: Sunday | F46: 117.2 | G46: 117.2 | H46: 117.2 | I46: 117.2 | J46: 117.2 | K46: 117.2 | L46: 117.2 | M46: 117.2 | N46: 117.2 | O46: 117.2 | P46: 117.2 | Q46: 117.2 | R46: 117.2 | S46: 117.2 | T46: 117.2 | U46: 117.2 | V46: 117.2 | W46: 117.2 | X46: 117.2 | Y46: 117.2 | Z46: 117.2 | AA46: 117.2 | AB46: 117.2 | AC46: 117.2
A47: Corridor, Lobby, Restroom, Mech, Storage, Break | B47: Building | C47: CommonAreaPeopleActivityLevel | D47: Based on Activilty level schedules in CEC Prototypes | E47: Weekday | F47: 146.5 | G47: 146.5 | H47: 146.5 | I47: 146.5 | J47: 146.5 | K47: 146.5 | L47: 146.5 | M47: 146.5 | N47: 146.5 | O47: 146.5 | P47: 146.5 | Q47: 146.5 | R47: 146.5 | S47: 146.5 | T47: 146.5 | U47: 146.5 | V47: 146.5 | W47: 146.5 | X47: 146.5 | Y47: 146.5 | Z47: 146.5 | AA47: 146.5 | AB47: 146.5 | AC47: 146.5
E48: Saturday | F48: 146.5 | G48: 146.5 | H48: 146.5 | I48: 146.5 | J48: 146.5 | K48: 146.5 | L48: 146.5 | M48: 146.5 | N48: 146.5 | O48: 146.5 | P48: 146.5 | Q48: 146.5 | R48: 146.5 | S48: 146.5 | T48: 146.5 | U48: 146.5 | V48: 146.5 | W48: 146.5 | X48: 146.5 | Y48: 146.5 | Z48: 146.5 | AA48: 146.5 | AB48: 146.5 | AC48: 146.5
E49: Sunday | F49: 146.5 | G49: 146.5 | H49: 146.5 | I49: 146.5 | J49: 146.5 | K49: 146.5 | L49: 146.5 | M49: 146.5 | N49: 146.5 | O49: 146.5 | P49: 146.5 | Q49: 146.5 | R49: 146.5 | S49: 146.5 | T49: 146.5 | U49: 146.5 | V49: 146.5 | W49: 146.5 | X49: 146.5 | Y49: 146.5 | Z49: 146.5 | AA49: 146.5 | AB49: 146.5 | AC49: 146.5
A54: Background Data [To be deleted prior to publication]
B56: Equipment | C56: PNNL | D56: Office Zones | E56: Weekday | F56: 0.40947756 | G56: 0.40947756 | H56: 0.40947756 | I56: 0.40947756 | J56: 0.40947756 | K56: 0.40947756 | L56: 0.47975263 | M56: 0.47975263 | N56: 0.95950527 | O56: 0.95950527 | P56: 0.95950527 | Q56: 0.95950527 | R56: 0.90193495 | S56: 0.95950527 | T56: 0.95950527 | U56: 0.95950527 | V56: 0.95950527 | W56: 0.47975263 | X56: 0.19190105 | Y56: 0.19190105 | Z56: 0.19190105 | AA56: 0.19190105 | AB56: 0.19190105 | AC56: 0.16379102
E57: Saturday | F57: 0.16379102 | G57: 0.16379102 | H57: 0.16379102 | I57: 0.16379102 | J57: 0.16379102 | K57: 0.16379102 | L57: 0.16379102 | M57: 0.16379102 | N57: 0.16379102 | O57: 0.16379102 | P57: 0.16379102 | Q57: 0.16379102 | R57: 0.16379102 | S57: 0.16379102 | T57: 0.16379102 | U57: 0.16379102 | V57: 0.16379102 | W57: 0.16379102 | X57: 0.16379102 | Y57: 0.16379102 | Z57: 0.16379102 | AA57: 0.16379102 | AB57: 0.16379102 | AC57: 0.16379102
E58: Sunday | F58: 0.16379102 | G58: 0.16379102 | H58: 0.16379102 | I58: 0.16379102 | J58: 0.16379102 | K58: 0.16379102 | L58: 0.16379102 | M58: 0.16379102 | N58: 0.16379102 | O58: 0.16379102 | P58: 0.16379102 | Q58: 0.16379102 | R58: 0.16379102 | S58: 0.16379102 | T58: 0.16379102 | U58: 0.16379102 | V58: 0.16379102 | W58: 0.16379102 | X58: 0.16379102 | Y58: 0.16379102 | Z58: 0.16379102 | AA58: 0.16379102 | AB58: 0.16379102 | AC58: 0.16379102
B60: Operating Schedule
B61: System Capacity fraction | C61: Developed based on CEC and CEUS | D61: Office Zones | E61: Weekday | F61: =0 -> 0 | G61: 0 | H61: 0 | I61: 0 | J61: 0 | K61: 0 | L61: 0.2 | M61: 0.7 | N61: 1 | O61: 1 | P61: 1 | Q61: 1 | R61: 1 | S61: 1 | T61: 1 | U61: 1 | V61: 1 | W61: 0.7 | X61: 0.5 | Y61: 0.3 | Z61: 0.2 | AA61: 0.2 | AB61: 0 | AC61: 0
E62: Saturday | F62: 0 | G62: 0 | H62: 0 | I62: 0 | J62: 0 | K62: 0 | L62: 0.1 | M62: 0.1 | N62: 0.5 | O62: 0.5 | P62: 0.5 | Q62: 0.5 | R62: 0.1 | S62: 0.1 | T62: 0.1 | U62: 0.1 | V62: 0.1 | W62: 0.05 | X62: 0.005 | Y62: 0 | Z62: 0 | AA62: 0 | AB62: 0 | AC62: 0
E63: Sunday
B64: Alternative HVAC System Operating
B65: Alternative HVAC System Operating | C65: Developed based on CEC schedules and CEUS operating hours | D65: Office Closed Zones | E65: Weekday | F65: 0 | G65: 0 | H65: 0 | I65: 0 | J65: 0 | K65: 0 | L65: 0 | M65: 1 | N65: 1 | O65: 1 | P65: 1 | Q65: 1 | R65: 1 | S65: 1 | T65: 1 | U65: 1 | V65: 1 | W65: 1 | X65: 0 | Y65: 0 | Z65: 0 | AA65: 0 | AB65: 0 | AC65: 0
E66: Saturday | F66: 0 | G66: 0 | H66: 0 | I66: 0 | J66: 0 | K66: 0 | L66: 0 | M66: 0 | N66: 1 | O66: 1 | P66: 1 | Q66: 1 | R66: 0 | S66: 0 | T66: 0 | U66: 0 | V66: 0 | W66: 0 | X66: 0 | Y66: 0 | Z66: 0 | AA66: 0 | AB66: 0 | AC66: 0
E67: Sunday | F67: 0 | G67: 0 | H67: 0 | I67: 0 | J67: 0 | K67: 0 | L67: 0 | M67: 0 | N67: 0 | O67: 0 | P67: 0 | Q67: 0 | R67: 0 | S67: 0 | T67: 0 | U67: 0 | V67: 0 | W67: 0 | X67: 0 | Y67: 0 | Z67: 0 | AA67: 0 | AB67: 0 | AC67: 0
D68: Office Open Zones | E68: Weekday | F68: 0 | G68: 0 | H68: 0 | I68: 0 | J68: 0 | K68: 0 | L68: 1 | M68: 1 | N68: 1 | O68: 1 | P68: 1 | Q68: 1 | R68: 1 | S68: 1 | T68: 1 | U68: 1 | V68: 1 | W68: 1 | X68: 1 | Y68: 1 | Z68: 1 | AA68: 1 | AB68: 0 | AC68: 0
E69: Saturday | F69: 0 | G69: 0 | H69: 0 | I69: 0 | J69: 0 | K69: 0 | L69: 0 | M69: 0 | N69: 0 | O69: 0 | P69: 0 | Q69: 0 | R69: 0 | S69: 0 | T69: 0 | U69: 0 | V69: 0 | W69: 0 | X69: 0 | Y69: 0 | Z69: 0 | AA69: 0 | AB69: 0 | AC69: 0
E70: Sunday | F70: 0 | G70: 0 | H70: 0 | I70: 0 | J70: 0 | K70: 0 | L70: 0 | M70: 0 | N70: 0 | O70: 0 | P70: 0 | Q70: 0 | R70: 0 | S70: 0 | T70: 0 | U70: 0 | V70: 0 | W70: 0 | X70: 0 | Y70: 0 | Z70: 0 | AA70: 0 | AB70: 0 | AC70: 0
C77: ElecEquipment | D77: CEC Small Office | E77: Weekday | F77: 0.05 | G77: 0.05 | H77: 0.05 | I77: 0.05 | J77: 0.05 | K77: 0.1 | L77: 0.1 | M77: 0.3 | N77: 0.9 | O77: 0.9 | P77: 0.9 | Q77: 0.9 | R77: 0.9 | S77: 0.9 | T77: 0.9 | U77: 0.9 | V77: 0.9 | W77: 0.5 | X77: 0.3 | Y77: 0.3 | Z77: 0.2 | AA77: 0.2 | AB77: 0.1 | AC77: 0.05
E78: Saturday | F78: 0.05 | G78: 0.05 | H78: 0.05 | I78: 0.05 | J78: 0.05 | K78: 0.05 | L78: 0.1 | M78: 0.1 | N78: 0.3 | O78: 0.3 | P78: 0.3 | Q78: 0.3 | R78: 0.15 | S78: 0.15 | T78: 0.15 | U78: 0.15 | V78: 0.15 | W78: 0.05 | X78: 0.05 | Y78: 0.05 | Z78: 0.05 | AA78: 0.05 | AB78: 0.05 | AC78: 0.05
E79: Sunday | F79: 0.05 | G79: 0.05 | H79: 0.05 | I79: 0.05 | J79: 0.05 | K79: 0.05 | L79: 0.05 | M79: 0.05 | N79: 0.05 | O79: 0.05 | P79: 0.05 | Q79: 0.05 | R79: 0.05 | S79: 0.05 | T79: 0.05 | U79: 0.05 | V79: 0.05 | W79: 0.05 | X79: 0.05 | Y79: 0.05 | Z79: 0.05 | AA79: 0.05 | AB79: 0.05 | AC79: 0.05
C80: ElecEquipment | D80: PNNL Small Office | E80: Weekday | F80: 0.40947756 | G80: 0.40947756 | H80: 0.40947756 | I80: 0.40947756 | J80: 0.40947756 | K80: 0.40947756 | L80: 0.47975263 | M80: 0.47975263 | N80: 0.95950527 | O80: 0.95950527 | P80: 0.95950527 | Q80: 0.95950527 | R80: 0.90193495 | S80: 0.95950527 | T80: 0.95950527 | U80: 0.95950527 | V80: 0.95950527 | W80: 0.47975263 | X80: 0.19190105 | Y80: 0.19190105 | Z80: 0.19190105 | AA80: 0.19190105 | AB80: 0.19190105 | AC80: 0.16379102
E81: Saturday | F81: 0.16379102 | G81: 0.16379102 | H81: 0.16379102 | I81: 0.16379102 | J81: 0.16379102 | K81: 0.16379102 | L81: 0.16379102 | M81: 0.16379102 | N81: 0.16379102 | O81: 0.16379102 | P81: 0.16379102 | Q81: 0.16379102 | R81: 0.16379102 | S81: 0.16379102 | T81: 0.16379102 | U81: 0.16379102 | V81: 0.16379102 | W81: 0.16379102 | X81: 0.16379102 | Y81: 0.16379102 | Z81: 0.16379102 | AA81: 0.16379102 | AB81: 0.16379102 | AC81: 0.16379102
E82: Sunday | F82: 0.16379102 | G82: 0.16379102 | H82: 0.16379102 | I82: 0.16379102 | J82: 0.16379102 | K82: 0.16379102 | L82: 0.16379102 | M82: 0.16379102 | N82: 0.16379102 | O82: 0.16379102 | P82: 0.16379102 | Q82: 0.16379102 | R82: 0.16379102 | S82: 0.16379102 | T82: 0.16379102 | U82: 0.16379102 | V82: 0.16379102 | W82: 0.16379102 | X82: 0.16379102 | Y82: 0.16379102 | Z82: 0.16379102 | AA82: 0.16379102 | AB82: 0.16379102 | AC82: 0.16379102
C83: ElecEquipment | D83: DEER Small Office | E83: Weekday | F83: 0.05 | G83: 0.05 | H83: 0.05 | I83: 0.05 | J83: 0.05 | K83: 0.1 | L83: 0.1 | M83: 0.3 | N83: 0.9 | O83: 0.9 | P83: 0.9 | Q83: 0.9 | R83: 0.9 | S83: 0.9 | T83: 0.9 | U83: 0.9 | V83: 0.9 | W83: 0.5 | X83: 0.3 | Y83: 0.3 | Z83: 0.2 | AA83: 0.2 | AB83: 0.1 | AC83: 0.05
E84: Saturday | F84: 0.05 | G84: 0.05 | H84: 0.05 | I84: 0.05 | J84: 0.05 | K84: 0.05 | L84: 0.1 | M84: 0.1 | N84: 0.3 | O84: 0.3 | P84: 0.3 | Q84: 0.3 | R84: 0.15 | S84: 0.15 | T84: 0.15 | U84: 0.15 | V84: 0.15 | W84: 0.05 | X84: 0.05 | Y84: 0.05 | Z84: 0.05 | AA84: 0.05 | AB84: 0.05 | AC84: 0.05
E85: Sunday | F85: 0.05 | G85: 0.05 | H85: 0.05 | I85: 0.05 | J85: 0.05 | K85: 0.05 | L85: 0.05 | M85: 0.05 | N85: 0.05 | O85: 0.05 | P85: 0.05 | Q85: 0.05 | R85: 0.05 | S85: 0.05 | T85: 0.05 | U85: 0.05 | V85: 0.05 | W85: 0.05 | X85: 0.05 | Y85: 0.05 | Z85: 0.05 | AA85: 0.05 | AB85: 0.05 | AC85: 0.05

Sheet Energy Usage
A1: CalBEM Energy Consumption - OfficeSmall | I1: National Average (EnergyStar Portfolio Manager) | N1: CEUS Energy Consumption - OfficeSmall
A2: Prototype | B2: CZ | C2: CalBEM Electricity EUI (KBTU/ft²) | D2: CalBEM Gas EUI (KBTU/ft²) | E2: CalBEM Total EUI (KBTU/ft²) | F2: New Construction Electricity EUI (KBTU/ft²) | G2: New Construction Gas EUI (KBTU/ft²) | H2: New Construction Total EUI (KBTU/ft²) | I2: National Average | J2: Acceptable RangeRange (25% Higher) | K2: Acceptable RangeRange (25% Lower) | L2: National Average Acceptable Range | M2: Zip code | N2: Prototype | O2: CZ | P2: Total Floorspace (Thousand of ft2) | Q2: CEUS 2022 Electric Energy Intensity (kWh/ft²) | R2: CEUS 2022 Annual Gas Intensity (kWh/ft²) | S2: CEUS 2022 Total EUI (kBtu/ft²) | T2: Acceptable Range (25% Higher) | U2: Acceptable Range (25% Lower) | V2: CEUS 2022 Acceptable Range
A3: HotelSmall | B3: 1 | C3: 37.4 | D3: 33.4 | E3: 70.8 | F3: 33.6 | G3: 2.8 | H3: 36.4 | I3: 61.7 | J3: =I3*1.25 -> 77.125 | K3: =I3*0.75 -> 46.275 | L3: =J3-K3 -> 30.85 | M3: 95521 | N3: OfficeSmall | O3: 1 | P3: 12266 | Q3: 9.77 | R3: 4.88 | S3: =(Q3+R3)*3.412 -> 49.9858 | T3: =S3*1.25 -> 62.48225 | U3: =S3*0.75 -> 37.48935 | V3: =T3-U3 -> 24.9929
B4: 2 | C4: 45 | D4: 23.6 | E4: 68.6 | F4: 35.3 | G4: 2.7 | H4: 38 | I4: 67.5 | J4: =I4*1.25 -> 84.375 | K4: =I4*0.75 -> 50.625 | L4: =J4-K4 -> 33.75 | M4: 95476 | O4: 2 | P4: 27044 | Q4: 7.5 | R4: 5.6 | S4: =(Q4+R4)*3.412 -> 44.6972 | T4: =S4*1.25 -> 55.8715 | U4: =S4*0.75 -> 33.5229 | V4: =T4-U4 -> 22.3486
B5: 3 | C5: 38.7 | D5: 16.5 | E5: 55.3 | F5: 32.9 | G5: 2.7 | H5: 35.6 | I5: 64.2 | J5: =I5*1.25 -> 80.25 | K5: =I5*0.75 -> 48.15 | L5: =J5-K5 -> 32.1 | M5: 94612 | O5: 3 | P5: 84735 | Q5: 8.62 | R5: 7.47 | S5: =(Q5+R5)*3.412 -> 54.89908 | T5: =S5*1.25 -> 68.62385 | U5: =S5*0.75 -> 41.17431 | V5: =T5-U5 -> 27.44954
B6: 4 | C6: 47.6 | D6: 20.7 | E6: 68.3 | F6: 37.8 | G6: 2.7 | H6: 40.5 | I6: 69.7 | J6: =I6*1.25 -> 87.125 | K6: =I6*0.75 -> 52.275 | L6: =J6-K6 -> 34.85 | M6: 93446 | O6: 4 | P6: 41723 | Q6: 8.85 | R6: 7.21 | S6: =(Q6+R6)*3.412 -> 54.79672 | T6: =S6*1.25 -> 68.4959 | U6: =S6*0.75 -> 41.09754 | V6: =T6-U6 -> 27.39836
B7: 5 | C7: 35.2 | D7: 14.6 | E7: 49.8 | F7: 33.4 | G7: 2.7 | H7: 36.1 | I7: 61.6 | J7: =I7*1.25 -> 77 | K7: =I7*0.75 -> 46.2 | L7: =J7-K7 -> 30.8 | M7: 93455 | O7: 5 | P7: 11347 | Q7: 6.73 | R7: 10.64 | S7: =(Q7+R7)*3.412 -> 59.26644 | T7: =S7*1.25 -> 74.08305 | U7: =S7*0.75 -> 44.44983 | V7: =T7-U7 -> 29.63322
B8: 6 | C8: 43.2 | D8: 6.8 | E8: 50 | F8: 34.2 | G8: 2.6 | H8: 36.8 | I8: 71 | J8: =I8*1.25 -> 88.75 | K8: =I8*0.75 -> 53.25 | L8: =J8-K8 -> 35.5 | M8: 93550 | O8: 6 | P8: 59004 | Q8: 8.01 | R8: 3.98 | S8: =(Q8+R8)*3.412 -> 40.90988 | T8: =S8*1.25 -> 51.13735 | U8: =S8*0.75 -> 30.68241 | V8: =T8-U8 -> 20.45494
B9: 7 | C9: 43.4 | D9: 5.5 | E9: 48.9 | F9: 34.7 | G9: 2.6 | H9: 37.3 | I9: 66.9 | J9: =I9*1.25 -> 83.625 | K9: =I9*0.75 -> 50.175 | L9: =J9-K9 -> 33.45 | M9: 92101 | O9: 7 | P9: 54999 | Q9: 10.61 | R9: 6.8 | S9: =(Q9+R9)*3.412 -> 59.40292 | T9: =S9*1.25 -> 74.25365 | U9: =S9*0.75 -> 44.55219 | V9: =T9-U9 -> 29.70146
B10: 8 | C10: 50.4 | D10: 7 | E10: 57.4 | F10: 41.3 | G10: 2.6 | H10: 43.9 | I10: 67.8 | J10: =I10*1.25 -> 84.75 | K10: =I10*0.75 -> 50.85 | L10: =J10-K10 -> 33.9 | M10: 92831 | O10: 8 | P10: 86435 | Q10: 7.9 | R10: 3.79 | S10: =(Q10+R10)*3.412 -> 39.88628 | T10: =S10*1.25 -> 49.85785 | U10: =S10*0.75 -> 29.91471 | V10: =T10-U10 -> 19.94314
B11: 9 | C11: 50 | D11: 8.6 | E11: 58.5 | F11: 39.4 | G11: 2.6 | H11: 42 | I11: 67.9 | J11: =I11*1.25 -> 84.875 | K11: =I11*0.75 -> 50.925 | L11: =J11-K11 -> 33.95 | M11: 91505 | O11: 9 | P11: 113713 | Q11: 8.3 | R11: 4.16 | S11: =(Q11+R11)*3.412 -> 42.51352 | T11: =S11*1.25 -> 53.1419 | U11: =S11*0.75 -> 31.88514 | V11: =T11-U11 -> 21.25676
B12: 10 | C12: 47.6 | D12: 8.6 | E12: 56.2 | F12: 41.1 | G12: 2.6 | H12: 43.7 | I12: 68.3 | J12: =I12*1.25 -> 85.375 | K12: =I12*0.75 -> 51.225 | L12: =J12-K12 -> 34.15 | M12: 92501 | O12: 10 | P12: 79023 | Q12: 9.01 | R12: 4.25 | S12: =(Q12+R12)*3.412 -> 45.24312 | T12: =S12*1.25 -> 56.5539 | U12: =S12*0.75 -> 33.93234 | V12: =T12-U12 -> 22.62156
B13: 11 | C13: 49.8 | D13: 21.8 | E13: 71.6 | F13: 43.3 | G13: 2.7 | H13: 45.9 | I13: 70.5 | J13: =I13*1.25 -> 88.125 | K13: =I13*0.75 -> 52.875 | L13: =J13-K13 -> 35.25 | M13: 96080 | O13: 11 | P13: 37485 | Q13: 11.12 | R13: 5.05 | S13: =(Q13+R13)*3.412 -> 55.17204 | T13: =S13*1.25 -> 68.96505 | U13: =S13*0.75 -> 41.37903 | V13: =T13-U13 -> 27.58602
B14: 12 | C14: 46.1 | D14: 20.8 | E14: 66.9 | F14: 39.9 | G14: 2.7 | H14: 42.6 | I14: 69.8 | J14: =I14*1.25 -> 87.25 | K14: =I14*0.75 -> 52.35 | L14: =J14-K14 -> 34.9 | M14: 95814 | O14: 12 | P14: 150207 | Q14: 10.53 | R14: 5.82 | S14: =(Q14+R14)*3.412 -> 55.7862 | T14: =S14*1.25 -> 69.73275 | U14: =S14*0.75 -> 41.83965 | V14: =T14-U14 -> 27.8931
B15: 13 | C15: 50.1 | D15: 16.1 | E15: 66.2 | F15: 43.1 | G15: 2.6 | H15: 45.8 | I15: 70.2 | J15: =I15*1.25 -> 87.75 | K15: =I15*0.75 -> 52.65 | L15: =J15-K15 -> 35.1 | M15: 93721 | O15: 13 | P15: 50089 | Q15: 10.6 | R15: 4.34 | S15: =(Q15+R15)*3.412 -> 50.97528 | T15: =S15*1.25 -> 63.7191 | U15: =S15*0.75 -> 38.23146 | V15: =T15-U15 -> 25.48764
... B18: 16 | C18: 43.9 | D18: 34 | E18: 77.9 | F18: 42.3 | G18: 2.8 | H18: 45 | I18: 72.5 | J18: =I18*1.25 -> 90.625 | K18: =I18*0.75 -> 54.375 | L18: =J18-K18 -> 36.25 | M18: 95715 | O18: 16 | P18: 74950 | Q18: 9.33 | R18: 4.53 | S18: =(Q18+R18)*3.412 -> 47.29032 | T18: =S18*1.25 -> 59.1129 | U18: =S18*0.75 -> 35.46774 | V18: =T18-U18 -> 23.64516
N20: Ref: CEUS 2022 Report
N21: And converted FZ level data to CZ level
N25: Background Data [To be deleted prior to publication]
N27: Building-type | O27: Planning Area | P27: Floorspace (ksqft) | Q27: Electric Energy Intensity (kWh/sqft) | R27: Electricity Usage (GWh) | S27: Percent of Total | T27: Annual Gas Intensity (kBTU/ft²) | U27: Gas Usage (Therms) | V27: Percent of Therms
N28: Office, Small | O28: Statewide | P28: 729220.64 | Q28: 8.9107863 | R28: 6497.9293 | S28: 0.069472618 | T28: 18.412652 | U28: 1.3426886e+08 | V28: 0.059666687
N29: Office, Small | O29: FCZ1 | P29: 119595.58 | Q29: 9.1607127 | R29: 1095.5807 | S29: 0.051121525 | T29: 22.852916 | U29: 27331077 | V29: 0.061329055
N30: Office, Small | O30: FCZ2 | P30: 33616.997 | Q30: 7.4853782 | R30: 251.63594 | S30: 0.096269719 | T30: 19.118001 | U30: 6426897.9 | V30: 0.096846802
N31: Office, Small | O31: FCZ3 | P31: 9405.1639 | Q31: 12.247811 | R31: 115.19267 | S31: 0.13485094 | T31: 28.286511 | U31: 2660392.7 | V31: 0.15551675
N32: Office, Small | O32: FCZ4 | P32: 45237.817 | Q32: 10.238059 | R32: 463.14745 | S32: 0.086968601 | T32: 12.151238 | U32: 5496954.8 | V32: 0.058292862
N33: Office, Small | O33: FCZ5 | P33: 43153.106 | Q33: 11.120099 | R33: 479.86682 | S33: 0.085148079 | T33: 15.192834 | U33: 6556179.9 | V33: 0.069670951
N34: Office, Small | O34: FCZ6 | P34: 34954.825 | Q34: 6.7295321 | R34: 235.22962 | S34: 0.10091833 | T34: 36.414804 | U34: 12728731 | V34: 0.16679848
N35: Office, Small | O35: FCZ7 | P35: 168128.08 | Q35: 7.480905 | R35: 1257.7502 | S35: 0.06467628 | T35: 10.462719 | U35: 17590769 | V35: 0.033022228
N36: Office, Small | O36: FCZ8 | P36: 24229.871 | Q36: 7.0997852 | R36: 172.02688 | S36: 0.082931727 | T36: 9.9914597 | U36: 2420917.8 | V36: 0.040934189
N37: Office, Small | O37: FCZ9 | P37: 11692.472 | Q37: 8.2779573 | R37: 96.789779 | S37: 0.073941339 | T37: 13.050989 | U37: 1525983.1 | V37: 0.053068389
N38: Office, Small | O38: FCZ10 | P38: 33664.068 | Q38: 7.4907855 | R38: 252.17031 | S38: 0.047515324 | T38: 15.531346 | U38: 5228482.8 | V38: 0.040201214
N39: Office, Small | O39: FCZ11 | P39: 35588.191 | Q39: 8.9209026 | R39: 317.47879 | S39: 0.072140398 | T39: 6.7585921 | U39: 2405260.7 | V39: 0.023064015
... N44: Office, Small | O44: FCZ17 | P44: 14637.068 | Q44: 8.7341256 | R44: 127.84199 | S44: 0.065657928 | T44: 37.369385 | U44: 1793388.3 | V44: 0.040174472
N45: Office, Small
P46: Floor Stock (kft²) | T46: Annual Electric Usage (GWh) | X46: Annual Gas Usage (MTherms) | AB46: Annual Electric Intensity (kWh/ft²) | AF46: Annual Gas Intensity (kBTU/ft²) | AJ46: Annual Gas Intensity (kBTU/ft²)
N47: Planning Area & Forecast Zone | O47: Building Type | P47: Participating Utilities Only | Q47: Nonparticipating Utilities | R47: Total | T47: Participating Utilities Only | U47: Nonparticipating Utilities | V47: Total | X47: Participating Utilities Only | Y47: Nonparticipating Utilities | Z47: Total | AB47: Participating Utilities Only | AC47: Nonparticipating Utilities | AD47: Total | AF47: Participating Utilities Only | AG47: Nonparticipating Utilities | AH47: Total | AJ47: Participating Utilities Only | AK47: Nonparticipating Utilities | AL47: Total
N48: Statewide | O48: Office, Small | P48: 670485.33 | Q48: 58735.316 | R48: 729220.64 | T48: 5984.2374 | U48: 513.69194 | V48: 6497.9293 | X48: 125.31334 | Y48: 8.9555224 | Z48: 134.26886 | AB48: 8.9252324 | AC48: 8.7458785 | AD48: 8.9107863 | AF48: 18.689945 | AG48: 15.476875 | AH48: 18.412652 | AJ48: 18.689945 | AK48: 15.247253 | AL48: 18.412652
N49: FCZ1 | O49: Office, Small | P49: 97897.963 | Q49: 21697.614 | R49: 119595.58 | T49: 896.81511 | U49: 198.76561 | V49: 1095.5807 | X49: 22.372539 | Y49: 4.9585375 | Z49: 27.331077 | AB49: 9.1607127 | AC49: 9.1607127 | AD49: 9.1607127 | AF49: 22.852916 | AG49: 22.852916 | AH49: 22.852916 | AJ49: 22.852916 | AK49: 22.852916 | AL49: 22.852916
N50: FCZ2 | O50: Office, Small | P50: 31544.782 | Q50: 2072.2154 | R50: 33616.997 | T50: 236.12462 | U50: 15.511316 | V50: 251.63594 | X50: 6.0307318 | Y50: 0.39616616 | Z50: 6.4268979 | AB50: 7.4853782 | AC50: 7.4853782 | AD50: 7.4853782 | AF50: 19.118001 | AG50: 19.118001 | AH50: 19.118001 | AJ50: 19.118001 | AK50: 19.118001 | AL50: 19.118001
N51: FCZ3 | O51: Office, Small | P51: 9125.8806 | Q51: 279.28333 | R51: 9405.1639 | T51: 111.77206 | U51: 3.4206094 | V51: 115.19267 | X51: 2.5813932 | Y51: 0.078999511 | Z51: 2.6603927 | AB51: 12.247811 | AC51: 12.247811 | AD51: 12.247811 | AF51: 28.286511 | AG51: 28.286511 | AH51: 28.286511 | AJ51: 28.286511 | AK51: 28.286511 | AL51: 28.286511
N52: FCZ4 | O52: Office, Small | P52: 38145.18 | Q52: 7092.6372 | R52: 45237.817 | T52: 390.53261 | U52: 72.614839 | V52: 463.14745 | X52: 4.6351116 | Y52: 0.86184322 | Z52: 5.4969548 | AB52: 10.238059 | AC52: 10.238059 | AD52: 10.238059 | AF52: 12.151238 | AG52: 12.151238 | AH52: 12.151238 | AJ52: 12.151238 | AK52: 12.151238 | AL52: 12.151238
N53: FCZ5 | O53: Office, Small | P53: 43068.636 | Q53: 84.469918 | R53: 43153.106 | T53: 478.9275 | U53: 0.93931387 | V53: 479.86682 | X53: 6.5433465 | Y53: 0.012833375 | Z53: 6.5561799 | AB53: 11.120099 | AC53: 11.120099 | AD53: 11.120099 | AF53: 15.192834 | AG53: 15.192834 | AH53: 15.192834 | AJ53: 15.192834 | AK53: 15.192834 | AL53: 15.192834
N54: FCZ6 | O54: Office, Small | P54: 34382.498 | Q54: 572.32697 | R54: 34954.825 | T54: 231.37812 | U54: 3.8514927 | V54: 235.22962 | X54: 12.520319 | Y54: 0.20841174 | Z54: 12.728731 | AB54: 6.7295321 | AC54: 6.7295321 | AD54: 6.7295321 | AF54: 36.414804 | AG54: 36.414804 | AH54: 36.414804 | AJ54: 36.414804 | AK54: 36.414804 | AL54: 36.414804
N55: FCZ7 | O55: Office, Small | P55: 154214.42 | Q55: 13913.655 | R55: 168128.08 | T55: 1153.6634 | U55: 104.08673 | V55: 1257.7502 | X55: 16.135022 | Y55: 1.4557467 | Z55: 17.590769 | AB55: 7.480905 | AC55: 7.480905 | AD55: 7.480905 | AF55: 10.462719 | AG55: 10.462719 | AH55: 10.462719 | AJ55: 10.462719 | AK55: 10.462719 | AL55: 10.462719
N56: FCZ8 | O56: Office, Small | P56: 24229.871 | Q56: 0 | R56: 24229.871 | T56: 172.02688 | U56: 0 | V56: 172.02688 | X56: 2.4209178 | Y56: 0 | Z56: 2.4209178 | AB56: 7.0997852 | AC56: na | AD56: 7.0997852 | AF56: 9.9914597 | AG56: na | AH56: 9.9914597 | AJ56: 9.9914597 | AK56: na | AL56: 9.9914597
N57: FCZ9 | O57: Office, Small | P57: 11692.472 | Q57: 0 | R57: 11692.472 | T57: 96.789779 | U57: 0 | V57: 96.789779 | X57: 1.5259831 | Y57: 0 | Z57: 1.5259831 | AB57: 8.2779573 | AC57: na | AD57: 8.2779573 | AF57: 13.050989 | AG57: na | AH57: 13.050989 | AJ57: 13.050989 | AK57: na | AL57: 13.050989
N58: FCZ10 | O58: Office, Small | P58: 32492.202 | Q58: 1171.8661 | R58: 33664.068 | T58: 243.39211 | U58: 8.7781979 | V58: 252.17031 | X58: 5.0464762 | Y58: 0.18200658 | Z58: 5.2284828 | AB58: 7.4907855 | AC58: 7.4907855 | AD58: 7.4907855 | AF58: 15.531346 | AG58: 15.531346 | AH58: 15.531346 | AJ58: 15.531346 | AK58: 15.531346 | AL58: 15.531346
N59: FCZ11 | O59: Office, Small | P59: 23736.943 | Q59: 11851.248 | R59: 35588.191 | T59: 211.75496 | U59: 105.72383 | V59: 317.47879 | X59: 1.6042832 | Y59: 0.80097751 | Z59: 2.4052607 | AB59: 8.9209026 | AC59: 8.9209026 | AD59: 8.9209026 | AF59: 6.7585921 | AG59: 6.7585921 | AH59: 6.7585921 | AJ59: 6.7585921 | AK59: 6.7585921 | AL59: 6.7585921
N60: FCZ12c | O60: Office, Small | P60: 66439.553 | Q60: 0 | R60: 66439.553 | T60: 714.65536 | U60: 0 | V60: 714.65536 | X60: 16.118298 | Y60: 0 | Z60: 16.118298 | AB60: 10.756475 | AC60: na | AD60: 10.756475 | AF60: 24.260094 | AG60: na | AH60: 24.260094 | AJ60: 24.260094 | AK60: na | AL60: 24.260094
N61: FCZ12i | O61: Office, Small | P61: 21127.58 | Q61: 0 | R61: 21127.58 | T61: 214.78589 | U61: 0 | V61: 214.78589 | X61: 4.1954353 | Y61: 0 | Z61: 4.1954353 | AB61: 10.166138 | AC61: na | AD61: 10.166138 | AF61: 19.857624 | AG61: na | AH61: 19.857624 | AJ61: 19.857624 | AK61: na | AL61: 19.857624
N62: FCZ13 | O62: Office, Small | P62: 29100.324 | Q62: 0 | R62: 29100.324 | T62: 304.37031 | U62: 0 | V62: 304.37031 | X62: 10.874612 | Y62: 0 | Z62: 10.874612 | AB62: 10.459344 | AC62: na | AD62: 10.459344 | AF62: 37.369385 | AG62: na | AH62: 37.369385 | AJ62: 37.369385 | AK62: na | AL62: 37.369385
N63: FCZ16 | O63: Office, Small | P63: 38649.953 | Q63: 0 | R63: 38649.953 | T63: 399.4066 | U63: 0 | V63: 399.4066 | X63: 10.915478 | Y63: 0 | Z63: 10.915478 | AB63: 10.333948 | AC63: na | AD63: 10.333948 | AF63: 28.241892 | AG63: na | AH63: 28.241892 | AJ63: 28.241892 | AK63: na | AL63: 28.241892
N64: FCZ17 | O64: Office, Small | P64: 14637.068 | Q64: 0 | R64: 14637.068 | T64: 127.84199 | U64: 0 | V64: 127.84199 | X64: 1.7933883 | Y64: 0 | Z64: 1.7933883 | AB64: 8.7341256 | AC64: na | AD64: 8.7341256 | AF64: 12.252374 | AG64: na | AH64: 12.252374 | AJ64: 12.252374 | AK64: na | AL64: 12.252374
N65: Statewide | O65: Office, Small | P65: 670485.33 | Q65: 58735.316 | R65: 729220.64 | T65: 5984.2374 | U65: 513.69194 | V65: 6497.9293 | X65: 125.31334 | Y65: 8.9555224 | Z65: 134.26886 | AB65: 8.9252324 | AC65: 8.7458785 | AD65: 8.9107863 | AF65: 18.689945 | AG65: 15.476875 | AH65: 18.412652 | AJ65: 18.689945 | AK65: 15.247253 | AL65: 18.412652
N70: End Use | O70: Planning Are | P70: Sector | Q70: Percent Floorspace with End Use | R70: Electric Fuel Share | S70: Gas Fuel Share | T70: Other Fuel Share | U70: Saturation (Elect) | V70: Saturations (Gas) | W70: Saturations (Other Fuels) | X70: <= The saturations here are the % of total floorspace with for each combination of end-use and fuel type.
N71: Air Compressors | O71: Statewide | P71: Office, Small | Q71: 0.15531554 | R71: NA | S71: NA | T71: NA | U71: 0.15531554 | V71: 0 | W71: 0
N72: Cooking, Major | O72: Statewide | P72: Office, Small | Q72: 0.0042893847 | R72: 0.37364195 | S72: 0.62223882 | T72: 0.0041192279 | U72: 0.0016026941 | V72: 0.0026690217 | W72: 1.7668953e-05
N73: Cooking, Minor | O73: Statewide | P73: Office, Small | Q73: 0.94913514 | R73: 0.99060255 | S73: 0.0093974451 | T73: 0 | U73: 0.9402157 | V73: 0.0089194454 | W73: 0
N74: Cooling | O74: Statewide | P74: Office, Small | Q74: 0.89969672 | R74: 0.99952758 | S74: 0.00035234074 | T74: 0.00012008209 | U74: 0.89927169 | V74: 0.00031699981 | W74: 0.00010803746
N75: Exterior Lighting | O75: Statewide | P75: Office, Small | Q75: 0.66300605 | R75: NA | S75: NA | T75: NA | U75: 0.66300605 | V75: 0 | W75: 0
N76: Freezers, Commercial | O76: Statewide | P76: Office, Small | Q76: 0.059735148 | R76: NA | S76: NA | T76: NA | U76: 0.059735148 | V76: 0 | W76: 0
N77: Frozen Floor Space | O77: Statewide | P77: Office, Small | Q77: 0.00030891267 | R77: NA | S77: NA | T77: NA | U77: 0.00030891267 | V77: 0 | W77: 0
N78: Heating | O78: Statewide | P78: Office, Small | Q78: 0.91160159 | R78: 0.43376662 | S78: 0.55528365 | T78: 0.010949729 | U78: 0.39542234 | V78: 0.50619745 | W78: 0.0099817906 | Y78: 43=40/(40+51+1)
N79: Miscellaneous | O79: Statewide | P79: Office, Small | Q79: 0.93412756 | R79: NA | S79: NA | T79: NA | U79: 0.93412756 | V79: 0 | W79: 0
N80: Motors | O80: Statewide | P80: Office, Small | Q80: 0.1278487 | R80: NA | S80: NA | T80: NA | U80: 0.1278487 | V80: 0 | W80: 0
N81: Office Equipment | O81: Statewide | P81: Office, Small | Q81: 1 | R81: NA | S81: NA | T81: NA | U81: 1 | V81: 0 | W81: 0
N82: Refrigerated Floor Space | O82: Statewide | P82: Office, Small | Q82: 9.4264351e-05 | R82: NA | S82: NA | T82: NA | U82: 9.4264351e-05 | V82: 0 | W82: 0
N83: Refrigerators, Commercial | O83: Statewide | P83: Office, Small | Q83: 0.84563059 | R83: NA | S83: NA | T83: NA | U83: 0.84563059 | V83: 0 | W83: 0
N84: Refrigerators, Residential | O84: Statewide | P84: Office, Small | Q84: 0.92628661 | R84: NA | S84: NA | T84: NA | U84: 0.92628661 | V84: 0 | W84: 0
N85: Ventilation | O85: Statewide | P85: Office, Small | Q85: 0.93073487 | R85: NA | S85: NA | T85: NA | U85: 0.93073487 | V85: 0 | W85: 0
N86: Water Heating | O86: Statewide | P86: Office, Small | Q86: 0.92750968 | R86: 0.49930905 | S86: 0.49119979 | T86: 0.0094911613 | U86: 0.46311398 | V86: 0.45559256 | W86: 0.008803144
N90: Utility & Forecast Zone | O90: Building Type | Q90: Pre-1978 | R90: 1978-1997 | S90: 1998-2007 | T90: 2008-2017 | U90: 2018 | V90: Year-Built Not Available
N91: Statewide | O91: Office, Small | P91: Gas | Q91: 0.39513684 | R91: 0.26427062 | S91: 0.15455807 | T91: 0.09386276 | U91: 0 | V91: 0.092171707
N92: 1 | O92: Office, Small | P92: Gas | Q92: 0.38627858 | R92: 0.15428096 | S92: 0.14373991 | T92: 0.26426272 | U92: 0 | V92: 0.051437832
N93: 2 | O93: Office, Small | P93: Gas | Q93: 0.44297286 | R93: 0.30619731 | S93: 0.14129746 | T93: 0.062888618 | U93: 0 | V93: 0.046643746
N94: 3 | O94: Office, Small | P94: Gas | Q94: 0.42104037 | R94: 0.26194081 | S94: 0.16451007 | T94: 0.032749337 | U94: 0 | V94: 0.11975941
N95: 4 | O95: Office, Small | P95: Gas | Q95: 0.10799043 | R95: 0.31171112 | S95: 0.47614742 | T95: 0.054246892 | U95: 0 | V95: 0.04990414
N96: 5 | O96: Office, Small | P96: Gas | Q96: 0.22760296 | R96: 0.37813194 | S96: 0.22077584 | T96: 0.12028859 | U96: 0 | V96: 0.053200674
N97: 6 | O97: Office, Small | P97: Gas | Q97: 0.33758186 | R97: 0.14061583 | S97: 0.19783463 | T97: 0.012551177 | U97: 0 | V97: 0.31141651
N98: 7 | O98: Office, Small | P98: Gas | Q98: 0.58539134 | R98: 0.23509845 | S98: 0.037103285 | T98: 0.0084451103 | U98: 0 | V98: 0.13396181
N99: 8 | O99: Office, Small | P99: Gas | Q99: 0.28095892 | R99: 0.39399222 | S99: 0.1182742 | T99: 0.070117617 | U99: 0 | V99: 0.13665704
N100: 9 | O100: Office, Small | P100: Gas | Q100: 0.14868995 | R100: 0.23006336 | S100: 0.27812008 | T100: 0.12041462 | U100: 0 | V100: 0.22271198
N101: 10 | O101: Office, Small | P101: Gas | Q101: 0.31500938 | R101: 0.20217572 | S101: 0.22950212 | T101: 0.062573043 | U101: 0 | V101: 0.19073974
N102: 11 | O102: Office, Small | P102: Gas | Q102: 0.42200326 | R102: 0.1552184 | S102: 0.18171647 | T102: 0.063899234 | U102: 0 | V102: 0.17716263
N103: 12c | O103: Office, Small | P103: Gas | Q103: 0.46395106 | R103: 0.31189074 | S103: 0.11898881 | T103: 0.090332777 | U103: 0 | V103: 0.014836623
N104: 12i | O104: Office, Small | P104: Gas | Q104: 0.3128685 | R104: 0.43823952 | S104: 0.047097826 | T104: 0.066804855 | U104: 0 | V104: 0.1349893
N105: 13 | O105: Office, Small | P105: Gas | Q105: 0.32765867 | R105: 0.29310787 | S105: 0.28120314 | T105: 0.06705408 | U105: 2.4135389e-05 | V105: 0.030976246
N106: 16 | O106: Office, Small | P106: Gas | Q106: 0.45175243 | R106: 0.47844429 | S106: 0.066062823 | T106: 0 | U106: 2.4135389e-05 | V106: 0.0037404523
N107: 17 | O107: Office, Small | P107: Gas | Q107: 0.55520056 | R107: 0.26372136 | S107: 0 | T107: 0.10816627 | U107: 2.4135389e-05 | V107: 0.07291181
N108: Utility & Forecast Zone | O108: Building Type | Q108: Pre-1978 | R108: 1978-1997 | S108: 1998-2007 | T108: 2008-2017 | U108: 2018 | V108: Year-Built Not Available
N109: Statewide | O109: Office, Small | P109: Elec | Q109: 0.35896886 | R109: 0.32144783 | S109: 0.15425823 | T109: 0.062602159 | U109: 0.00022319613 | V109: 0.10249972
N110: 1 | O110: Office, Small | P110: Elec | Q110: 0.45230362 | R110: 0.2956785 | S110: 0.10147983 | T110: 0.06305237 | U110: 0 | V110: 0.087485679
N111: 2 | O111: Office, Small | P111: Elec | Q111: 0.36151653 | R111: 0.36908608 | S111: 0.15942816 | T111: 0.063877463 | U111: 0 | V111: 0.046091765
N112: 3 | O112: Office, Small | P112: Elec | Q112: 0.34028797 | R112: 0.29828285 | S112: 0.17262989 | T112: 0.080304245 | U112: 0 | V112: 0.10849505
N113: 4 | O113: Office, Small | P113: Elec | Q113: 0.100316 | R113: 0.32466885 | S113: 0.45117862 | T113: 0.045154653 | U113: 0 | V113: 0.078681876
N114: 5 | O114: Office, Small | P114: Elec | Q114: 0.21544635 | R114: 0.30296259 | S114: 0.23924879 | T114: 0.17882668 | U114: 0 | V114: 0.063515605
N115: 6 | O115: Office, Small | P115: Elec | Q115: 0.30269947 | R115: 0.32857948 | S115: 0.08134591 | T115: 0.059060027 | U115: 0 | V115: 0.22831511
N116: 7 | O116: Office, Small | P116: Elec | Q116: 0.48348383 | R116: 0.27791587 | S116: 0.072498538 | T116: 0.03284648 | U116: 0.0011531007 | V116: 0.13210219
N117: 8 | O117: Office, Small | P117: Elec | Q117: 0.23552625 | R117: 0.54296906 | S117: 0.075660229 | T117: 0.085809561 | U117: 0 | V117: 0.060034899
N118: 9 | O118: Office, Small | P118: Elec | Q118: 0.2180952 | R118: 0.21838583 | S118: 0.19016954 | T118: 0.11069817 | U118: 0 | V118: 0.26265126
...

Sheet EV Charger
A1: EV Charger - OfficeSmall (TBD)
A3: According To CEUS 2022 and their survey around 2018-2020, almost 92% of small office buildings have no EV charger
A11: Background Data [To be deleted prior to publication]
A14: CEUS 2022 (Base on Survey 2018) | K14: The data presented in this worksheet represents the projected number of EV charger ports, or the number of cars that can be charged at the same time, for the year 2022 (last year of CEUC)
D15: Has EV Chargers | K15: Level 1, 120 volt Charger (No. ports/SqFT) | T15: Level 2, 240 volt Charger (No. ports/SqFT) | AC15: Level 3, DC fast (No. ports/SqFT) | AL15: Charger Type Unkown (No. ports/SqFT) | AU15: All Chargers Totals (No. ports/SqFT)
A16: Calculation Method | B16: Statewide/ Utility/ FCZ | C16: Building Type | D16: No | E16: Yes | F16: Total | I16: Statewide/ Utility/ FCZ | J16: Building Type | K16: Public Only | L16: Public & Employee | M16: Public & Fleet | N16: Employee Only | O16: Employee & Fleet | P16: Fleet Only | Q16: All 3 Types | R16: Unknown | S16: Level 1 Total | T16: Public Only | U16: Public & Employee | V16: Public & Fleet | W16: Employee Only | X16: Employee & Fleet | Y16: Fleet Only | Z16: All 3 Types | AA16: Unknown | AB16: Level 2 Total | AC16: Public Only | AD16: Public & Employee | AE16: Public & Fleet | AF16: Employee Only | AG16: Employee & Fleet | AH16: Fleet Only | AI16: All 3 Types | AJ16: Unknown | AK16: Level 3 Total | AL16: Public Only | AM16: Public & Employee | AN16: Public & Fleet | AO16: Employee Only | AP16: Employee & Fleet | AQ16: Fleet Only | AR16: All 3 Types | AS16: Unknown | AT16: Unkonwn Total | AU16: Public Only | AV16: Public & Employee | AW16: Public & Fleet | AX16: Employee Only | AY16: Employee & Fleet | AZ16: Fleet Only | BA16: All 3 Types | BB16: Unknown | BC16: Total
A17: Floorspace-Based | B17: Statewide | C17: Office, Small | D17: 0.91629084 | E17: 0.083709165 | F17: 1 | I17: Statewide | J17: Office, Small | K17: 234.63109 | L17: 257.26071 | M17: 0 | N17: 514.26458 | O17: 0 | P17: 22.221664 | Q17: 197.98307 | R17: 0 | S17: 1226.3611 | T17: 108.94502 | U17: 831.31992 | V17: 0 | W17: 1332.4399 | X17: 101.16411 | Y17: 78.502373 | Z17: 360.40604 | AA17: 0 | AB17: 2812.7774 | AC17: 21.375883 | AD17: 0 | AE17: 0 | AF17: 15.713801 | AG17: 0 | AH17: 0 | AI17: 0 | AJ17: 0 | AK17: 37.089684 | AL17: 56.94989 | AM17: 42.147584 | AN17: 0 | AO17: 212.11013 | AP17: 0 | AQ17: 25.741961 | AR17: 0 | AS17: 0 | AT17: 336.94956 | AU17: 421.90189 | AV17: 1130.7282 | AW17: 0 | AX17: 2074.5284 | AY17: 101.16411 | AZ17: 126.466 | BA17: 558.38911 | BB17: 0 | BC17: 4413.1778
A18: Floorspace-Based | B18: FCZ01 Tot | C18: Office, Small | D18: 0.88474892 | E18: 0.11525108 | F18: 1 | I18: FCZ01 Tot | J18: Office, Small | K18: 0 | L18: 0 | M18: 0 | N18: 92.114774 | O18: 0 | P18: 0 | Q18: 5.6273317 | R18: 0 | S18: 97.742105 | T18: 0 | U18: 290.15374 | V18: 0 | W18: 73.027737 | X18: 95.664638 | Y18: 65.739866 | Z18: 24.342579 | AA18: 0 | AB18: 548.92857 | AC18: 0 | AD18: 0 | AE18: 0 | AF18: 0 | AG18: 0 | AH18: 0 | AI18: 0 | AJ18: 0 | AK18: 0 | AL18: 0 | AM18: 0 | AN18: 0 | AO18: 27.974785 | AP18: 0 | AQ18: 24.342579 | AR18: 0 | AS18: 0 | AT18: 52.317364 | AU18: 0 | AV18: 290.15374 | AW18: 0 | AX18: 193.1173 | AY18: 95.664638 | AZ18: 90.082445 | BA18: 29.969911 | BB18: 0 | BC18: 698.98803
A19: Floorspace-Based | B19: FCZ02 Tot | C19: Office, Small | D19: 0.87664055 | E19: 0.12335945 | F19: 1 | I19: FCZ02 Tot | J19: Office, Small | K19: 0 | L19: 0 | M19: 0 | N19: 0 | O19: 0 | P19: 21.013652 | Q19: 0 | R19: 0 | S19: 21.013652 | T19: 0 | U19: 189.12287 | V19: 0 | W19: 21.156124 | X19: 0 | Y19: 0 | Z19: 0 | AA19: 0 | AB19: 210.27899 | AC19: 0 | AD19: 0 | AE19: 0 | AF19: 0 | AG19: 0 | AH19: 0 | AI19: 0 | AJ19: 0 | AK19: 0 | AL19: 0 | AM19: 0 | AN19: 0 | AO19: 0 | AP19: 0 | AQ19: 0 | AR19: 0 | AS19: 0 | AT19: 0 | AU19: 0 | AV19: 189.12287 | AW19: 0 | AX19: 21.156124 | AY19: 0 | AZ19: 21.013652 | BA19: 0 | BB19: 0 | BC19: 231.29265
A20: Floorspace-Based | B20: FCZ03 Tot | C20: Office, Small | D20: 0.93389784 | E20: 0.066102161 | F20: 1 | I20: FCZ03 Tot | J20: Office, Small | K20: 0 | L20: 78.750982 | M20: 0 | N20: 0 | O20: 0 | P20: 0 | Q20: 0 | R20: 0 | S20: 78.750982 | T20: 0 | U20: 0 | V20: 0 | W20: 0 | X20: 0 | Y20: 0 | Z20: 0 | AA20: 0 | AB20: 0 | AC20: 0 | AD20: 0 | AE20: 0 | AF20: 0 | AG20: 0 | AH20: 0 | AI20: 0 | AJ20: 0 | AK20: 0 | AL20: 0 | AM20: 12.871851 | AN20: 0 | AO20: 0 | AP20: 0 | AQ20: 0 | AR20: 0 | AS20: 0 | AT20: 12.871851 | AU20: 0 | AV20: 91.622833 | AW20: 0 | AX20: 0 | AY20: 0 | AZ20: 0 | BA20: 0 | BB20: 0 | BC20: 91.622833
A21: Floorspace-Based | B21: FCZ04 Tot | C21: Office, Small | D21: 0.82696529 | E21: 0.17303471 | F21: 1 | I21: FCZ04 Tot | J21: Office, Small | K21: 0 | L21: 0 | M21: 0 | N21: 0 | O21: 0 | P21: 0 | Q21: 0 | R21: 0 | S21: 0 | T21: 0 | U21: 0 | V21: 0 | W21: 44.11001 | X21: 0 | Y21: 0 | Z21: 0 | AA21: 0 | AB21: 44.11001 | AC21: 0 | AD21: 0 | AE21: 0 | AF21: 0 | AG21: 0 | AH21: 0 | AI21: 0 | AJ21: 0 | AK21: 0 | AL21: 0 | AM21: 26.984511 | AN21: 0 | AO21: 0 | AP21: 0 | AQ21: 0 | AR21: 0 | AS21: 0 | AT21: 26.984511 | AU21: 0 | AV21: 26.984511 | AW21: 0 | AX21: 44.11001 | AY21: 0 | AZ21: 0 | BA21: 0 | BB21: 0 | BC21: 71.09452
A22: Floorspace-Based | B22: FCZ05 Tot | C22: Office, Small | D22: 0.96399408 | E22: 0.036005923 | F22: 1 | I22: FCZ05 Tot | J22: Office, Small | K22: 0 | L22: 0 | M22: 0 | N22: 0 | O22: 0 | P22: 0 | Q22: 0 | R22: 0 | S22: 0 | T22: 0 | U22: 0 | V22: 0 | W22: 19.634673 | X22: 0 | Y22: 0 | Z22: 0 | AA22: 0 | AB22: 19.634673 | AC22: 0 | AD22: 0 | AE22: 0 | AF22: 0 | AG22: 0 | AH22: 0 | AI22: 0 | AJ22: 0 | AK22: 0 | AL22: 0 | AM22: 0 | AN22: 0 | AO22: 0 | AP22: 0 | AQ22: 0 | AR22: 0 | AS22: 0 | AT22: 0 | AU22: 0 | AV22: 0 | AW22: 0 | AX22: 19.634673 | AY22: 0 | AZ22: 0 | BA22: 0 | BB22: 0 | BC22: 19.634673
A23: Floorspace-Based | B23: FCZ06 Tot | C23: Office, Small | D23: 0.934083 | E23: 0.065917001 | F23: 1 | I23: FCZ06 Tot | J23: Office, Small | K23: 0 | L23: 0 | M23: 0 | N23: 0 | O23: 0 | P23: 0 | Q23: 0 | R23: 0 | S23: 0 | T23: 0 | U23: 0 | V23: 0 | W23: 0 | X23: 0 | Y23: 0 | Z23: 0 | AA23: 0 | AB23: 0 | AC23: 0 | AD23: 0 | AE23: 0 | AF23: 0 | AG23: 0 | AH23: 0 | AI23: 0 | AJ23: 0 | AK23: 0 | AL23: 0 | AM23: 0 | AN23: 0 | AO23: 50.28477 | AP23: 0 | AQ23: 0 | AR23: 0 | AS23: 0 | AT23: 50.28477 | AU23: 0 | AV23: 0 | AW23: 0 | AX23: 50.28477 | AY23: 0 | AZ23: 0 | BA23: 0 | BB23: 0 | BC23: 50.28477
A24: Floorspace-Based | B24: FCZ07 Tot | C24: Office, Small | D24: 0.9176906 | E24: 0.082309405 | F24: 1 | I24: FCZ07 Tot | J24: Office, Small | K24: 0 | L24: 0 | M24: 0 | N24: 199.1172 | O24: 0 | P24: 0 | Q24: 0 | R24: 0 | S24: 199.1172 | T24: 0 | U24: 229.22225 | V24: 0 | W24: 397.49955 | X24: 0 | Y24: 0 | Z24: 0 | AA24: 0 | AB24: 626.72179 | AC24: 0 | AD24: 0 | AE24: 0 | AF24: 0 | AG24: 0 | AH24: 0 | AI24: 0 | AJ24: 0 | AK24: 0 | AL24: 0 | AM24: 0 | AN24: 0 | AO24: 0 | AP24: 0 | AQ24: 0 | AR24: 0 | AS24: 0 | AT24: 0 | AU24: 0 | AV24: 229.22225 | AW24: 0 | AX24: 596.61674 | AY24: 0 | AZ24: 0 | BA24: 0 | BB24: 0 | BC24: 825.83899
A25: Floorspace-Based | B25: FCZ08 Tot | C25: Office, Small | D25: 0.8671958 | E25: 0.1328042 | F25: 1 | I25: FCZ08 Tot | J25: Office, Small | K25: 0 | L25: 0 | M25: 0 | N25: 0 | O25: 0 | P25: 0 | Q25: 0 | R25: 0 | S25: 0 | T25: 0 | U25: 77.628926 | V25: 0 | W25: 0 | X25: 0 | Y25: 0 | Z25: 0 | AA25: 0 | AB25: 77.628926 | AC25: 0 | AD25: 0 | AE25: 0 | AF25: 14.859569 | AG25: 0 | AH25: 0 | AI25: 0 | AJ25: 0 | AK25: 14.859569 | AL25: 0 | AM25: 0 | AN25: 0 | AO25: 0 | AP25: 0 | AQ25: 0 | AR25: 0 | AS25: 0 | AT25: 0 | AU25: 0 | AV25: 77.628926 | AW25: 0 | AX25: 14.859569 | AY25: 0 | AZ25: 0 | BA25: 0 | BB25: 0 | BC25: 92.488495
A26: Floorspace-Based | B26: FCZ09 Tot | C26: Office, Small | D26: 0.90936489 | E26: 0.090635106 | F26: 1 | I26: FCZ09 Tot | J26: Office, Small | K26: 0 | L26: 0 | M26: 0 | N26: 0 | O26: 0 | P26: 0 | Q26: 0 | R26: 0 | S26: 0 | T26: 0 | U26: 0 | V26: 0 | W26: 0 | X26: 0 | Y26: 0 | Z26: 0 | AA26: 0 | AB26: 0 | AC26: 0 | AD26: 0 | AE26: 0 | AF26: 0 | AG26: 0 | AH26: 0 | AI26: 0 | AJ26: 0 | AK26: 0 | AL26: 0 | AM26: 0 | AN26: 0 | AO26: 0 | AP26: 0 | AQ26: 0 | AR26: 0 | AS26: 0 | AT26: 0 | AU26: 0 | AV26: 0 | AW26: 0 | AX26: 0 | AY26: 0 | AZ26: 0 | BA26: 0 | BB26: 0 | BC26: 0
A27: Floorspace-Based | B27: FCZ10 Tot | C27: Office, Small | D27: 0.95601441 | E27: 0.043985587 | F27: 1 | I27: FCZ10 Tot | J27: Office, Small | K27: 0 | L27: 0 | M27: 0 | N27: 27.526763 | O27: 0 | P27: 0 | Q27: 0 | R27: 0 | S27: 27.526763 | T27: 0 | U27: 0 | V27: 0 | W27: 0 | X27: 0 | Y27: 0 | Z27: 0 | AA27: 0 | AB27: 0 | AC27: 0 | AD27: 0 | AE27: 0 | AF27: 0 | AG27: 0 | AH27: 0 | AI27: 0 | AJ27: 0 | AK27: 0 | AL27: 0 | AM27: 0 | AN27: 0 | AO27: 50.160792 | AP27: 0 | AQ27: 0 | AR27: 0 | AS27: 0 | AT27: 50.160792 | AU27: 0 | AV27: 0 | AW27: 0 | AX27: 77.687555 | AY27: 0 | AZ27: 0 | BA27: 0 | BB27: 0 | BC27: 77.687555
A28: Floorspace-Based | B28: FCZ11 Tot | C28: Office, Small | D28: 0.87588519 | E28: 0.12411481 | F28: 1 | I28: FCZ11 Tot | J28: Office, Small | K28: 0 | L28: 0 | M28: 0 | N28: 0 | O28: 0 | P28: 0 | Q28: 0 | R28: 0 | S28: 0 | T28: 0 | U28: 0 | V28: 0 | W28: 89.176218 | X28: 0 | Y28: 0 | Z28: 0 | AA28: 0 | AB28: 89.176218 | AC28: 0 | AD28: 0 | AE28: 0 | AF28: 0 | AG28: 0 | AH28: 0 | AI28: 0 | AJ28: 0 | AK28: 0 | AL28: 0 | AM28: 0 | AN28: 0 | AO28: 0 | AP28: 0 | AQ28: 0 | AR28: 0 | AS28: 0 | AT28: 0 | AU28: 0 | AV28: 0 | AW28: 0 | AX28: 89.176218 | AY28: 0 | AZ28: 0 | BA28: 0 | BB28: 0 | BC28: 89.176218
... A33: Floorspace-Based | B33: FCZ17 Tot | C33: Office, Small | D33: 0.98526125 | E33: 0.01473875 | F33: 1 | I33: FCZ17 Tot | J33: Office, Small | K33: 0 | L33: 0 | M33: 0 | N33: 0 | O33: 0 | P33: 0 | Q33: 0 | R33: 0 | S33: 0 | T33: 0 | U33: 0 | V33: 0 | W33: 0 | X33: 0 | Y33: 0 | Z33: 0 | AA33: 0 | AB33: 0 | AC33: 0 | AD33: 0 | AE33: 0 | AF33: 0 | AG33: 0 | AH33: 0 | AI33: 0 | AJ33: 0 | AK33: 0 | AL33: 0 | AM33: 0 | AN33: 0 | AO33: 0 | AP33: 0 | AQ33: 0 | AR33: 0 | AS33: 0 | AT33: 0 | AU33: 0 | AV33: 0 | AW33: 0 | AX33: 0 | AY33: 0 | AZ33: 0 | BA33: 0 | BB33: 0 | BC33: 0

Sheet Weights
A1: % of floor area per CZ and vintage bin - OfficeSmall | J1: % of floor area per CZ and vintage bin - OfficeSmall
A2: Prototype | B2: CZ | C2: Vintage Bin | J2: Prototype | K2: Vintage Bin | L2: CZ
C3: Pre-1978 | D3: 1978-1997 | E3: 1998-2007 | F3: 2008-2018 | G3: Not available | L3: 1 | M3: 2 | N3: 3 | O3: 4 | P3: 5 | Q3: 6 | R3: 7 | S3: 8 | T3: 9 | U3: 10 | V3: 11 | W3: 12 | X3: 13 | Y3: 14 | Z3: 15 | AA3: 16
A4: OfficeSmall | B4: 1 | C4: 0.34576479 | D4: 0.34030752 | E4: 0.18670742 | F4: 0.074766654 | G4: 0.052453625 | H4: =SUM(C4:G4) -> 1 | J4: OfficeSmall | K4: Pre-1978 | L4: 0.012201602 | M4: 0.035920994 | N4: 0.11488278 | O4: 0.059110912 | P4: 0.012085251 | Q4: 0.076630984 | R4: 0.047722478 | S4: 0.13080282 | T4: 0.17917405 | U4: 0.050681921 | V4: 0.02668314 | W4: 0.12202026 | X4: 0.039658727 | Y4: 0.017962892 | Z4: 0.018690167 | AA4: 0.055771027 | AB4: =SUM(L4:AA4) -> 1
B5: 2 | C5: 0.46169048 | D5: 0.33957226 | E5: 0.12318701 | F5: 0.051104101 | G5: 0.024446153 | H5: =SUM(C5:G5) -> 1 | K5: 1978-1997 | L5: 0.013256143 | M5: 0.029163468 | N5: 0.078397038 | O5: 0.03790047 | P5: 0.011381293 | Q5: 0.067004413 | R5: 0.083818348 | S5: 0.081350811 | T5: 0.10055133 | U5: 0.097068437 | V5: 0.039180977 | W5: 0.16494541 | X5: 0.051375643 | Y5: 0.017808448 | Z5: 0.047522739 | AA5: 0.079275032 | AB5: =SUM(L5:AA5) -> 1
B6: 3 | C6: 0.47138086 | D6: 0.29141181 | E6: 0.10436316 | F6: 0.040101721 | G6: 0.092742451 | H6: =SUM(C6:G6) -> 1 | K6: 1998-2007 | L6: 0.015946749 | M6: 0.023197267 | N6: 0.061560861 | O6: 0.028743632 | P6: 0.0064464086 | Q6: 0.029447495 | R6: 0.038045932 | S6: 0.036104503 | T6: 0.034072751 | U6: 0.10784068 | V6: 0.070004299 | W6: 0.26013471 | X6: 0.078750295 | Y6: 0.019927305 | Z6: 0.068353208 | AA6: 0.1214239 | AB6: =SUM(L6:AA6) -> 1
B7: 4 | C7: 0.49260484 | D7: 0.28613176 | E7: 0.09896877 | F7: 0.040650901 | G7: 0.081643728 | H7: =SUM(C7:G7) -> 1 | K7: 2008-2018 | L7: 0.01679799 | M7: 0.025314331 | N7: 0.062224191 | O7: 0.031056495 | P7: 0.0067206825 | Q7: 0.047711023 | R7: 0.032548365 | S7: 0.046937976 | T7: 0.085570595 | U7: 0.11715545 | V7: 0.048691631 | W7: 0.17297759 | X7: 0.081616368 | Y7: 0.019097656 | Z7: 0.09214957 | AA7: 0.11343009 | AB7: =SUM(L7:AA7) -> 1
B8: 5 | C8: 0.37021222 | D8: 0.31584729 | E8: 0.081590285 | F8: 0.032336663 | G8: 0.20001354 | H8: =SUM(C8:G8) -> 1 | K8: Not available | L8: 0.0078687744 | M8: 0.0080854359 | N8: 0.096085318 | O8: 0.041647343 | P8: 0.027756186 | Q8: 0.053915456 | R8: 0.058414075 | S8: 0.092727502 | T8: 0.12449253 | U8: 0.10953423 | V8: 0.038682812 | W8: 0.11071077 | X8: 0.053326852 | Y8: 0.023946694 | Z8: 0.067558631 | AA8: 0.085247381 | AB8: =SUM(L8:AA8) -> 1
B9: 6 | C9: 0.45163344 | D9: 0.35774665 | E9: 0.071706013 | F9: 0.044165907 | G9: 0.074747985 | H9: =SUM(C9:G9) -> 1 | K9: Total | L9: 0.013014987 | M9: 0.028694924 | N9: 0.089885705 | O9: 0.044256457 | P9: 0.012039614 | Q9: 0.062578616 | R9: 0.058356749 | S9: 0.091688231 | T9: 0.12062767 | U9: 0.083847055 | V9: 0.039776232 | W9: 0.1593791 | X9: 0.05314677 | Y9: 0.018795512 | Z9: 0.044386524 | AA9: 0.079525856
B10: 7 | C10: 0.3016057 | D10: 0.4798949 | E10: 0.099345984 | F10: 0.032309666 | G10: 0.086843753 | H10: =SUM(C10:G10) -> 1
B11: 8 | C11: 0.52615192 | D11: 0.29644656 | E11: 0.060004103 | F11: 0.029655493 | G11: 0.08774192 | H11: =SUM(C11:G11) -> 1
B12: 9 | C12: 0.54781742 | D12: 0.27850886 | E12: 0.043042099 | F12: 0.041093393 | G12: 0.089538234 | H12: =SUM(C12:G12) -> 1
B13: 10 | C13: 0.22293225 | D13: 0.38680167 | E13: 0.19598733 | F13: 0.080941092 | G13: 0.11333766 | H13: =SUM(C13:G13) -> 1
B14: 11 | C14: 0.24741211 | D14: 0.32911657 | E14: 0.26818486 | F14: 0.07091287 | G14: 0.084373599 | H14: =SUM(C14:G14) -> 1
B15: 12 | C15: 0.28236328 | D15: 0.34578567 | E15: 0.24871393 | F15: 0.06287136 | G15: 0.060265767 | H15: =SUM(C15:G15) -> 1
B16: 13 | C16: 0.27521338 | D16: 0.32298215 | E16: 0.22579197 | F16: 0.088959999 | G16: 0.087052499 | H16: =SUM(C16:G16) -> 1
B17: 14 | C17: 0.35247617 | D17: 0.3165702 | E17: 0.16155767 | F17: 0.058860004 | G17: 0.11053596 | H17: =SUM(C17:G17) -> 1
B18: 15 | C18: 0.15529937 | D18: 0.35772431 | E18: 0.23466101 | F18: 0.12026425 | G18: 0.13205105 | H18: =SUM(C18:G18) -> 1
B19: 16 | C19: 0.25864729 | D19: 0.33306285 | E19: 0.23266391 | F19: 0.082625536 | G19: 0.09300041 | H19: =SUM(C19:G19) -> 1
B20: Statewide | C20: 0.39771601 | D20: 0.3344486 | E20: 0.13439626 | F20: 0.048175502 | G20: 0.08526363
A22: Ref: CEUS 2022 dataset
A29: Background Data [To be deleted prior to publication]
A31: CEUS 2022
A32: FZ | B32: Building Type | C32: Pre-1978 | D32: 1978-1997 | E32: 1998-2007 | F32: 2008-2017 | G32: 2018 | H32: Year-Built Not Available | I32: Total | K32: 2008-2018 | L32: Total floor area of the CA stock (kft²)
A33: Statewide | B33: Office, Small | C33: 0.3905572 | D33: 0.32054924 | E33: 0.1319648 | F33: 0.046532958 | G33: 0.00046801205 | H33: 0.10992779 | I33: 1 | K33: =F33+G33 -> 0.04700097 | L33: =SUM(L34:L49) -> 729220.64
A34: 1 | B34: Office, Small | C34: 0.49229157 | D34: 0.27621144 | E34: 0.10186498 | F34: 0.041901259 | G34: 0 | H34: 0.087730749 | I34: 1 | K34: =F34+G34 -> 0.041901259 | L34: 119595.58
A35: 2 | B35: Office, Small | C35: 0.46168334 | D35: 0.33779852 | E35: 0.12287338 | F35: 0.050378883 | G35: 0 | H35: 0.027265883 | I35: 1 | K35: =F35+G35 -> 0.050378883 | L35: 33616.997
A36: 3 | B36: Office, Small | C36: 0.35133699 | D36: 0.29735124 | E36: 0.15972187 | F36: 0.059548007 | G36: 0 | H36: 0.1320419 | I36: 1 | K36: =F36+G36 -> 0.059548007 | L36: 9405.1639
A37: 4 | B37: Office, Small | C37: 0.10543453 | D37: 0.33085785 | E37: 0.44093491 | F37: 0.045761264 | G37: 0 | H37: 0.077011441 | I37: 1 | K37: =F37+G37 -> 0.045761264 | L37: 45237.817
A38: 5 | B38: Office, Small | C38: 0.27174546 | D38: 0.34074192 | E38: 0.22424547 | F38: 0.088750292 | G38: 0 | H38: 0.074516853 | I38: 1 | K38: =F38+G38 -> 0.088750292 | L38: 43153.106
A39: 6 | B39: Office, Small | C39: 0.36794136 | D39: 0.31173018 | E39: 0.073232662 | F39: 0.03210861 | G39: 0 | H39: 0.21498719 | I39: 1 | K39: =F39+G39 -> 0.03210861 | L39: 34954.825
A40: 7 | B40: Office, Small | C40: 0.49357999 | D40: 0.27608269 | E40: 0.064239192 | F40: 0.027310472 | G40: 0.0020299051 | H40: 0.13675775 | I40: 1 | K40: =F40+G40 -> 0.029340378 | L40: 168128.08
A41: 8 | B41: Office, Small | C41: 0.2693089 | D41: 0.48402865 | E41: 0.097879686 | F41: 0.090458864 | G41: 0 | H41: 0.058323901 | I41: 1 | K41: =F41+G41 -> 0.090458864 | L41: 24229.871
A42: 9 | B42: Office, Small | C42: 0.26610117 | D42: 0.24380819 | E42: 0.23268647 | F42: 0.089894983 | G42: 0 | H42: 0.16750919 | I42: 1 | K42: =F42+G42 -> 0.089894983 | L42: 11692.472
A43: 10 | B43: Office, Small | C43: 0.2333344 | D43: 0.31235343 | E43: 0.22634974 | F43: 0.078500252 | G43: 0 | H43: 0.14946217 | I43: 1 | K43: =F43+G43 -> 0.078500252 | L43: 33664.068
A44: 11 | B44: Office, Small | C44: 0.15071273 | D44: 0.31828928 | E44: 0.23534997 | F44: 0.12159304 | G44: 0 | H44: 0.17405498 | I44: 1 | K44: =F44+G44 -> 0.12159304 | L44: 35588.191
A45: 12c | B45: Office, Small | C45: 0.27133902 | D45: 0.51706159 | E45: 0.086642332 | F45: 0.039424144 | G45: 0 | H45: 0.085532919 | I45: 1 | K45: =F45+G45 -> 0.039424144 | L45: 66439.553
A46: 12i | B46: Office, Small | C46: 0.33099061 | D46: 0.25225532 | E46: 0.10310907 | F46: 0.0069768474 | G46: 0 | H46: 0.30666815 | I46: 1 | K46: =F46+G46 -> 0.0069768474 | L46: 21127.58
A47: 13 | B47: Office, Small | C47: 0.32632305 | D47: 0.41747372 | E47: 0.18751242 | F47: 0.036549681 | G47: 0 | H47: 0.032141132 | I47: 1 | K47: =F47+G47 -> 0.036549681 | L47: 29100.324
A48: 16 | B48: Office, Small | C48: 0.74894659 | D48: 0.21234715 | E48: 0.024644794 | F48: 0 | G48: 0 | H48: 0.014061462 | I48: 1 | K48: =F48+G48 -> 0 | L48: 38649.953
A49: 17 | B49: Office, Small | C49: 0.57666003 | D49: 0.21316776 | E49: 0 | F49: 0.06905719 | G49: 0 | H49: 0.14111502 | I49: 1 | K49: =F49+G49 -> 0.06905719 | L49: 14637.068
E53: Floor area
A54: Dodge 2023 | B54: STC 7:305,405 Area/Project><25 Constructed after 1967 before 1978 | E54: 61112.2
B55: STC 7:305,405 Area/Project><25 Constructed after 1967 | E55: 297298.7
A56: CEUS 2022 | B56: Total Floor are for small office(<30 ksf) | E56: 771141.35
B57: Total Floor area for small office (<30 ksf) Pre-1978 | E57: =F57*E56 -> 304706.36 | F57: 0.39513684
B59: Small office (1967-1977)/All Pre 1878 | E59: =E54/E57 -> 0.20056096
A62: CEUS 2022 | C62: Conditioned (k SqFt) | I62: Unconditioned (k SqFt) | O62: Total
A63: Statewide/ Utility/ FCZ | B63: Building Type | C63: Pre-1978 | D63: 1978-1997 | E63: 1998-2007 | F63: 2008-2018 | G63: Not Available | H63: Total | I63: Pre-1978 | J63: 1978-1997 | K63: 1998-2007 | L63: 2008-2018 | M63: Not Available | N63: Total | O63: Pre-1978 | P63: 1978-1997 | Q63: 1998-2007 | R63: 2008-2018 | S63: Not Available | T63: Total
A64: Statewide | B64: Office, Small | C64: 276678.51 | D64: 241828.11 | E64: 95988.86 | F64: 35630.299 | G64: 61102.025 | H64: 711227.81 | I64: 29971.08 | J64: 16040.623 | K64: 7634.2167 | L64: 1514.2893 | M64: 4638.4938 | N64: 59798.703 | O64: =C64+I64 -> 306649.59 | P64: =D64+J64 -> 257868.74 | Q64: =E64+K64 -> 103623.08 | R64: =F64+L64 -> 37144.589 | S64: =G64+M64 -> 65740.519 | T64: =H64+N64 -> 771026.51
A65: FCZ01 Tot | B65: Office, Small | C65: 53784.872 | D65: 32999.722 | E65: 10936.753 | F65: 4585.3403 | G65: 7468.4345 | H65: 109775.12 | I65: 7268.2041 | J65: 694.39613 | K65: 1204.1481 | L65: 425.86282 | M65: 186.13163 | N65: 9778.7429 | O65: =C65+I65 -> 61053.076 | P65: =D65+J65 -> 33694.118 | Q65: =E65+K65 -> 12140.901 | R65: =F65+L65 -> 5011.2031 | S65: =G65+M65 -> 7654.5661 | T65: =H65+N65 -> 119553.86
A66: FCZ02 Tot | B66: Office, Small | C66: 13352.818 | D66: 9647.916 | E66: 3659.6977 | F66: 1714.0383 | G66: 731.30136 | H66: 29105.771 | I66: 2187.068 | J66: 1767.3587 | K66: 470.93507 | L66: 0 | M66: 85.85579 | N66: 4511.2176 | O66: =C66+I66 -> 15539.886 | P66: =D66+J66 -> 11415.275 | Q66: =E66+K66 -> 4130.6328 | R66: =F66+L66 -> 1714.0383 | S66: =G66+M66 -> 817.15715 | T66: =H66+N66 -> 33616.989
A67: FCZ03 Tot | B67: Office, Small | C67: 3193.2902 | D67: 2796.6371 | E67: 1418.2923 | F67: 560.05877 | G67: 1184.717 | H67: 9152.9953 | I67: 111.09179 | J67: 0 | K67: 83.918123 | L67: 0 | M67: 57.158943 | N67: 252.16886 | O67: =C67+I67 -> 3304.382 | P67: =D67+J67 -> 2796.6371 | Q67: =E67+K67 -> 1502.2104 | R67: =F67+L67 -> 560.05877 | S67: =G67+M67 -> 1241.8759 | T67: =H67+N67 -> 9405.1641
A68: FCZ04 Tot | B68: Office, Small | C68: 4769.6281 | D68: 13172.607 | E68: 17791.13 | F68: 2050.2791 | G68: 3043.2603 | H68: 40826.905 | I68: 0 | J68: 1794.6778 | K68: 2167.3135 | L68: 19.8606 | M68: 440.5661 | N68: 4422.418 | O68: =C68+I68 -> 4769.6281 | P68: =D68+J68 -> 14967.285 | Q68: =E68+K68 -> 19958.443 | R68: =F68+L68 -> 2070.1397 | S68: =G68+M68 -> 3483.8264 | T68: =H68+N68 -> 45249.323
A69: FCZ05 Tot | B69: Office, Small | C69: 11153.239 | D69: 13330.88 | E69: 9354.7826 | F69: 3829.8507 | G69: 2977.7772 | H69: 40646.53 | I69: 811.27777 | J69: 1373.1991 | K69: 322.10597 | L69: 0 | M69: 0 | N69: 2506.5828 | O69: =C69+I69 -> 11964.517 | P69: =D69+J69 -> 14704.079 | Q69: =E69+K69 -> 9676.8886 | R69: =F69+L69 -> 3829.8507 | S69: =G69+M69 -> 2977.7772 | T69: =H69+N69 -> 43153.113
A70: FCZ06 Tot | B70: Office, Small | C70: 11881.937 | D70: 10003.916 | E70: 2831.2619 | F70: 1071.4579 | G70: 6770.1529 | H70: 32558.726 | I70: 1071.7011 | J70: 1012.7016 | K70: 18.466683 | L70: 50.893402 | M70: 242.33329 | N70: 2396.0961 | O70: =C70+I70 -> 12953.638 | P70: =D70+J70 -> 11016.618 | Q70: =E70+K70 -> 2849.7286 | R70: =F70+L70 -> 1122.3513 | S70: =G70+M70 -> 7012.4862 | T70: =H70+N70 -> 34954.822
A71: FCZ07 Tot | B71: Office, Small | C71: 79852.488 | D71: 49086.818 | E71: 10354.365 | F71: 5701.2154 | G71: 16153.721 | H71: 161148.61 | I71: 3985.9001 | J71: 2093.1092 | K71: 446.04652 | L71: 0 | M71: 403.53432 | N71: 6928.5901 | O71: =C71+I71 -> 83838.388 | P71: =D71+J71 -> 51179.928 | Q71: =E71+K71 -> 10800.411 | R71: =F71+L71 -> 5701.2154 | S71: =G71+M71 -> 16557.256 | T71: =H71+N71 -> 168077.2
A72: FCZ08 Tot | B72: Office, Small | C72: 6673.1279 | D72: 10968.355 | E72: 2306.1579 | F72: 2050.2475 | G72: 586.4954 | H72: 22584.384 | I72: 0 | J72: 877.84073 | K72: 65.454112 | L72: 141.55911 | M72: 533.14052 | N72: 1617.9945 | O72: =C72+I72 -> 6673.1279 | P72: =D72+J72 -> 11846.196 | Q72: =E72+K72 -> 2371.612 | R72: =F72+L72 -> 2191.8066 | S72: =G72+M72 -> 1119.6359 | T72: =H72+N72 -> 24202.378
A73: FCZ09 Tot | B73: Office, Small | C73: 2791.1654 | D73: 2824.4311 | E73: 2664.3979 | F73: 951.79973 | G73: 1958.5964 | H73: 11190.391 | I73: 320.21883 | J73: 26.289148 | K73: 56.282998 | L73: 99.294799 | M73: 0 | N73: 502.08578 | O73: =C73+I73 -> 3111.3842 | P73: =D73+J73 -> 2850.7203 | Q73: =E73+K73 -> 2720.6809 | R73: =F73+L73 -> 1051.0945 | S73: =G73+M73 -> 1958.5964 | T73: =H73+N73 -> 11692.476
A74: FCZ10 Tot | B74: Office, Small | C74: 7579.1686 | D74: 10386.011 | E74: 7421.6188 | F74: 2642.6378 | G74: 3481.0139 | H74: 31510.45 | I74: 336.44067 | J74: 681.73026 | K74: 795.98881 | L74: 0 | M74: 339.44772 | N74: 2153.6075 | O74: =C74+I74 -> 7915.6093 | P74: =D74+J74 -> 11067.741 | Q74: =E74+K74 -> 8217.6077 | R74: =F74+L74 -> 2642.6378 | S74: =G74+M74 -> 3820.4616 | T74: =H74+N74 -> 33664.058
A75: FCZ11 Tot | B75: Office, Small | C75: 5363.5935 | D75: 12676.29 | E75: 7990.6575 | F75: 4097.6866 | G75: 4780.4586 | H75: 34908.687 | I75: 0 | J75: 64.892409 | K75: 385.0221 | L75: 229.58833 | M75: 0 | N75: 679.50284 | O75: =C75+I75 -> 5363.5935 | P75: =D75+J75 -> 12741.183 | Q75: =E75+K75 -> 8375.6796 | R75: =F75+L75 -> 4327.2749 | S75: =G75+M75 -> 4780.4586 | T75: =H75+N75 -> 35588.189
... A80: FCZ17 Tot | B80: Office, Small | C80: 8440.6119 | D80: 2664.2701 | E80: 0 | F80: 1010.7948 | G80: 1311.7005 | H80: 13427.377 | I80: 0 | J80: 455.88079 | K80: 0 | L80: 0 | M80: 753.80958 | N80: 1209.6904 | O80: =C80+I80 -> 8440.6119 | P80: =D80+J80 -> 3120.1509 | Q80: =E80+K80 -> 0 | R80: =F80+L80 -> 1010.7948 | S80: =G80+M80 -> 2065.5101 | T80: =H80+N80 -> 14637.068

Sheet PV
A1: PV - TBD

Sheet Data
A1: Space Function | B1: Electric Equipment Load Intensity | C1: Electric Equipment Load Intensity | D1: LPD
A2: Aging Eye/Low-vision (Corridor Area) | D2: 2013 | E2: 2016 | F2: 2019 | G2: 2025
A3: Aging Eye/Low-vision (Dining)
A4: Aging Eye/Low-vision (Lobby, Main Entry)
A5: Aging Eye/Low-vision (Lounge/Waiting Area)
A6: Aging Eye/Low-vision (Multipurpose Room)
A7: Aging Eye/Low-vision (Religious Worship Area)
A8: Aging Eye/Low-vision (Restroom)
A9: Aging Eye/Low-vision (Stairwell)
A10: Audience Seating Area
A11: Auditorium Area
A12: Auto Repair / Maintenance Area
A13: Barber, Beauty Salon, Spa Area
A14: Civic Meeting Place Area
... A83: Server Room (EPD 45)
