Workbook
Name nonparticipating_forecastzone_scale_factor: 'Energy Usage'!#REF!
Name Space_Function: Data!$A$2:$A$76

Sheet Notes
A1: Data Sources
A2: Dataset | B2: Dodge 2023
B3: CEUS 2022
B4: ComStock 2023
A6: Prototype | B6: PNNL Outpatient prototype (90.1-2022) | C6: https://www.energycodes.gov/prototype-building-models#Commercial
A9: Codes | B9: Title 24, part 6, referred to as T24 (1984, 2001, 2007, 2013, 2016, 2022, 2025)
B10: ASHRAE 90.1 (2022)
B11: CFR Title 10 (2008, 2010, 2025)
B12: ASHRAE 170/OSHPD
B13: 2022 California Mechanical Code (Title 24, Part 4)
B14: ACM 2022
B15: T24 2022 - Appendix 5.4A and Appendix 5.4B | C15: https://www.energy.ca.gov/publications/2022/2022-nonresidential-and-multifamily-alternative-calculation-method-reference
A17: Other | B17: 2022 Reduced infiltration CASE report | C17: https://title24stakeholders.com/wp-content/uploads/2020/10/2022-T24-Final-CASE-Report_Reduce-Infiltration.pdf
B18: 2019 Outdoor Lighting CASE Report | C18: https://title24stakeholders.com/wp-content/uploads/2016/10/T24-2019-CASE-Study-Results-Report-Outdoor-Sources_Final_with-Attachments.pdf
B19: PNNL 20405, 2010 | C19: https://www.pnnl.gov/main/publications/external/technical_reports/PNNL-20405.pdf
B20: Air leakage Memo, NORESCO, 2025 | C20: https://2050partners.sharepoint.com/:w:/r/sites/CalBEMCollaborativeEfforts/_layouts/15/Doc.aspx?sourcedoc=%7B3BEF8F74-7FAC-44F2-A70C-D76617660066%7D&file=Infiltration_rate_report_14May2025-Short-Version.docx&wdLOR=c494C5A60-5F8A-438B-874B-578DCB850072&action=default&mobileredirect=true
B21: 2019 High Efficiency Fume Hoods in Laboratory Spaces CASE Report | C21: https://title24stakeholders.com/wp-content/uploads/2017/09/2019-T24-CASE-Report_Fume-Hoods_Final_September-2017.pdf?
A23: Construction Rate
A36: Notes
A37: Outpatient | B37: An outpatient facility, is a medical building that provides scheduled, non-emergency services such as diagnostic imaging, minor procedures, and consultations without overnight stays. It operates during standard business hours and includes exam rooms, procedure rooms, labs, waiting areas, and administrative spaces. HVAC systems are typically partial outdoor air systems, with moderate ventilation and pressurization controls tailored to specific healthcare spaces.
A38: EIA, 2018 CBECS | B38: On average, hospitals were 264,800 square feet per building, but outpatient health care buildings averaged 13,700 square feet.
A39: Source | B39: https://www.eia.gov/consumption/commercial/

Sheet Prototype
A1: NORESCO, Updated August 2025
A2: Outpatient
A3: Characteristic | B3: Value | C3: Data Sources
A4: Building Type | B4: Outpatient
A5: Building Category | B5: Nonresidential
A6: Vintages | B6: 4 Vintages: Pre-1978 , 1978-1997 ,1998-2007 , 2008-2018 New Construction (2019+) | C6: Based on the vintage bin analysis | D6: NonRes-Vintage bins-Draft Report-30Nov2023-Final.docx
A7: Shape | C7: The analysis uses prototype geometry originally developed by PNNL.
A8: Total Floor Area (ft²) | B8: 40950 | C8: Same as PNNL
A9: Aspect Ratio | B9: n/a | C9: Same as PNNL
A10: Number of Floors | B10: 3 | C10: Same as PNNL
A11: Roof type | B11: Flat roof | C11: Same as PNNL
A12: WWR | B12: North: 20.5%, East:19.1%, South: 24.1%, West: 12.9% Average Total: 20%
A13: Shading Geometry | B13: No Shades | C13: Same as PNNL
A14: Floor to floor height (feet) | B14: 10 ft | C14: Same as PNNL
A15: Floor to ceiling height (feet) | B15: 10 ft | C15: Same as PNNL
A16: Glazing sill height (feet) | B16: 3 ft (4 ft high windows) | C16: Same as PNNL
A20: Above grade wall area (ft²) | B20: 16716.353
A21: Gross wall area (ft²) | B21: 16716.353
A22: Roof area (ft²) | B22: 14778.849
A23: Underground Gross Wall Area (ft²) | B23: 0

Sheet Zones
A1: ="Proposed Layout - "&Prototype!A2 -> Proposed Layout - Outpatient
A2: Space Type | B2: Space/ Thermal Zone | C2: HVAC System Name/AHU Name | D2: Schedule Category | E2: Conditioned (Y/N) | F2: Area Fraction | G2: Area (ft²) | H2: Volume (ft³) | I2: Multipliers | J2: Number of People | K2: People (Persons/1,000 ft²) [T24, 2025,Table 120.1-A]
A3: Healthcare Facility and Hospitals (Exam/Treatment Room) | B3: Floor 1 Anesthesia | C3: AHU-1 | D3: Health | E3: Yes | F3: =G3/$G$121 -> 0.0026376203 | G3: 108 | H3: 1080 | I3: 1 | J3: =K3*G3/1000 -> 1.08 | K3: 10
A4: Healthcare Facility and Hospitals (Medical Supply Room) | B4: Floor 1 Bio Haz | C4: AHU-1 | D4: Health | E4: Yes | F4: =G4/$G$121 -> 0.001367655 | G4: 56 | H4: 560 | I4: 1 | J4: =K4*G4/1000 -> 0.56 | K4: 10
A5: Dining Area (Cafeteria/Fast Food) | B5: Floor 1 Café | C5: AHU-1 | D5: Health | E5: Yes | F5: =G5/$G$121 -> 0.010257412 | G5: 420 | H5: 4200 | I5: 1 | J5: =K5*G5/1000 -> 13.86 | K5: 33
A6: Healthcare Facility and Hospitals (Medical Supply Room) | B6: Floor 1 Clean | C6: AHU-1 | D6: Health | E6: Yes | F6: =G6/$G$121 -> 0.0030772237 | G6: 126 | H6: 1260 | I6: 1 | J6: =K6*G6/1000 -> 1.26 | K6: 10
A7: Healthcare Facility and Hospitals (Medical Supply Room) | B7: Floor 1 Clean Work | C7: AHU-1 | D7: Health | E7: Yes | F7: =G7/$G$121 -> 0.0040296977 | G7: 165 | H7: 1650 | I7: 1 | J7: =K7*G7/1000 -> 1.65 | K7: 10
A8: Office Area (<250 square feet) | B8: Floor 1 Dictation | C8: AHU-1 | D8: Office | E8: Yes | F8: =G8/$G$121 -> 0.0030772237 | G8: 126 | H8: 1260 | I8: 1 | J8: =K8*G8/1000 -> 0.63 | K8: 5
A9: Office Area (<250 square feet) | B9: Floor 1 Dressing Room | C9: AHU-1 | D9: Office | E9: Yes | F9: =G9/$G$121 -> 0.0010990085 | G9: 45 | H9: 450 | I9: 1 | J9: =K9*G9/1000 -> 0.225 | K9: 5
A10: Electrical, Mechanical, Telephone Rooms | B10: Floor 1 Electrical Room | C10: AHU-1 | D10: Health | E10: Yes | F10: =G10/$G$121 -> 0.0023933962 | G10: 98 | H10: 980 | I10: 1 | J10: =K10*G10/1000 -> 0.294 | K10: 3
A11: Electrical, Mechanical, Telephone Rooms | B11: Floor 1 Elevator Pump Room | C11: AHU-1 | D11: Health | E11: Yes | F11: =G11/$G$121 -> 0.0022224393 | G11: 91 | H11: 910 | I11: 1 | J11: =K11*G11/1000 -> 0.273 | K11: 3
A12: Office Area (<250 square feet) | B12: Floor 1 Humid | C12: AHU-1 | D12: Office | E12: Yes | F12: =G12/$G$121 -> 0.0013188101 | G12: 54 | H12: 540 | I12: 1 | J12: =K12*G12/1000 -> 0.27 | K12: 5
A13: Corridor Area | B13: Floor 1 IT Hall | C13: AHU-1 | D13: Health | E13: Yes | F13: =G13/$G$121 -> 0.0034191374 | G13: 140 | H13: 1400 | I13: 1 | J13: =K13*G13/1000 -> 0.7 | K13: 5
A14: Office Area (<250 square feet) | B14: Floor 1 IT Room | C14: AHU-1 | D14: Office | E14: Yes | F14: =G14/$G$121 -> 0.0027353099 | G14: 112 | H14: 1120 | I14: 1 | J14: =K14*G14/1000 -> 0.56 | K14: 5
... A120: Stairwell | B120: SW Stair | C120: AHU-3 | D120: Health | E120: Yes | F120: =G120/$G$121 -> 0.0023445514 | G120: 96 | H120: 2880 | I120: 1 | J120: =K120*G120/1000 -> 0.48 | K120: 5
A121: Total (23 Space types) | B121: Total ( 118 spaces) | C121: Total ( Thermal Zones) | E121: Total ( 118 Conditioned zones) | G121: =SUM(G3:G120) -> 40946 | I121: =SUM(I3:I120) -> 118 | J121: =SUM(J3:J120) -> 329.193
A133: Background Data [To be deleted prior to publication]

Sheet Envelope
A1: ="Envelope - "&Prototype!A2 -> Envelope - Outpatient
A2: Element | B2: Prototype | C2: Assembly Type | D2: Construction | E2: Unit | F2: Vintage | G2: Selected T24 | H2: Note | I2: CZ1 | J2: CZ2 | K2: CZ3 | L2: CZ4 | M2: CZ5 | N2: CZ6 | O2: CZ7 | P2: CZ8 | Q2: CZ9 | R2: CZ10 | S2: CZ11 | T2: CZ12 | U2: CZ13 | V2: CZ14 | W2: CZ15 | X2: CZ16
A3: External Wall | B3: =Prototype!A2 -> Outpatient | C3: ExtWall_MetalFramed_NonRes | D3: Metal frame + insulation + gypsum board | E3: U-value IP | F3: Pre 1978 | G3: N/A | H3: ASHRAE 90.1,2022 Table A3.3.3.1, 3.5", R-0 | I3: 0.352 | J3: 0.352 | K3: 0.352 | L3: 0.352 | M3: 0.352 | N3: 0.352 | O3: 0.352 | P3: 0.352 | Q3: 0.352 | R3: 0.352 | S3: 0.352 | T3: 0.352 | U3: 0.352 | V3: 0.352 | W3: 0.352 | X3: 0.352
F4: 1978-1997 | G4: 1986 | H4: Package A with heat capacity around 10 (Btu/F/ft²) | I4: 0.213 | J4: 0.227 | K4: 0.227 | L4: 0.217 | M4: 0.256 | N4: 0.256 | O4: 0.256 | P4: 0.256 | Q4: 0.256 | R4: 0.256 | S4: 0.238 | T4: 0.238 | U4: 0.238 | V4: 0.208 | W4: 0.208 | X4: 0.213
F5: 1998-2007 | G5: 2001 | H5: Table 1-H | I5: 0.182 | J5: 0.182 | K5: 0.189 | L5: 0.189 | M5: 0.189 | N5: 0.189 | O5: 0.189 | P5: 0.189 | Q5: 0.189 | R5: 0.182 | S5: 0.182 | T5: 0.182 | U5: 0.182 | V5: 0.182 | W5: 0.182 | X5: 0.182
F6: 2008-2018 | G6: 2013 | H6: Table 140.3-B | I6: 0.098 | J6: 0.062 | K6: 0.082 | L6: 0.062 | M6: 0.062 | N6: 0.098 | O6: 0.098 | P6: 0.062 | Q6: 0.062 | R6: 0.062 | S6: 0.062 | T6: 0.062 | U6: 0.062 | V6: 0.062 | W6: 0.062 | X6: 0.062
F7: 2019+ | G7: 2025 | H7: Table 140.3-B | I7: 0.06 | J7: 0.055 | K7: 0.071 | L7: 0.055 | M7: 0.055 | N7: 0.06 | O7: 0.06 | P7: 0.055 | Q7: 0.055 | R7: 0.055 | S7: 0.055 | T7: 0.055 | U7: 0.055 | V7: 0.055 | W7: 0.055 | X7: 0.055
A8: Roof | B8: =$B$3 -> Outpatient | C8: FlatRoof_WoodFramedAndOther_NonRes | D8: Built-up Roof (Metal Decking Roof): Roof membrane + roof insulation + metal decking | E8: U-value IP | F8: Pre 1978 | G8: N/A | H8: Considering 30 years for roof/ insulation replacement. | I8: 0.057 | J8: 0.057 | K8: 0.057 | L8: 0.057 | M8: 0.057 | N8: 0.078 | O8: 0.078 | P8: 0.078 | Q8: 0.078 | R8: 0.078 | S8: 0.057 | T8: 0.057 | U8: 0.057 | V8: 0.057 | W8: 0.057 | X8: 0.057
F9: 1978-1997 | G9: 1992 | I9: 0.057 | J9: 0.057 | K9: 0.057 | L9: 0.057 | M9: 0.057 | N9: 0.078 | O9: 0.078 | P9: 0.078 | Q9: 0.078 | R9: 0.078 | S9: 0.057 | T9: 0.057 | U9: 0.057 | V9: 0.057 | W9: 0.057 | X9: 0.057
F10: 1998-2007 | G10: 2001 | H10: Table 1-H | I10: 0.057 | J10: 0.057 | K10: 0.057 | L10: 0.057 | M10: 0.057 | N10: 0.078 | O10: 0.078 | P10: 0.078 | Q10: 0.078 | R10: 0.057 | S10: 0.057 | T10: 0.057 | U10: 0.057 | V10: 0.057 | W10: 0.057 | X10: 0.057
F11: 2008-2018 | G11: 2013 | H11: Table 140.3-B | I11: 0.049 | J11: 0.039 | K11: 0.039 | L11: 0.039 | M11: 0.049 | N11: 0.075 | O11: 0.067 | P11: 0.067 | Q11: 0.039 | R11: 0.039 | S11: 0.039 | T11: 0.039 | U11: 0.039 | V11: 0.039 | W11: 0.039 | X11: 0.039
F12: 2019+ | G12: 2025 | H12: Table 140.3-B | I12: 0.038 | J12: 0.038 | K12: 0.038 | L12: 0.038 | M12: 0.038 | N12: 0.038 | O12: 0.038 | P12: 0.038 | Q12: 0.038 | R12: 0.038 | S12: 0.038 | T12: 0.038 | U12: 0.038 | V12: 0.038 | W12: 0.038 | X12: 0.038
A13: Windows | B13: =$B$3 -> Outpatient | C13: FixedWindow_NonRes | D13: Single pane | E13: U-value IP | F13: Pre 1978 | G13: N/A | H13: ASHRAE Handbook of Fundamentals (Table 4-Ch15) for single pane & T24, 2013 for double pane(88%-12%)* | I13: =0.88*1.12+0.12*0.36 -> 1.0288 | J13: =0.88*1.12+0.12*0.36 -> 1.0288 | K13: =0.88*1.12+0.12*0.36 -> 1.0288 | L13: =0.88*1.12+0.12*0.36 -> 1.0288 | M13: =0.88*1.12+0.12*0.36 -> 1.0288 | N13: =0.88*1.12+0.12*0.36 -> 1.0288 | O13: =0.88*1.12+0.12*0.36 -> 1.0288 | P13: =0.88*1.12+0.12*0.36 -> 1.0288 | ... X13: =0.88*1.12+0.12*0.36 -> 1.0288
F14: 1978-1997 | G14: N/A | I14: =0.88*1.12+0.12*0.36 -> 1.0288 | J14: =0.88*1.12+0.12*0.36 -> 1.0288 | K14: =0.88*1.12+0.12*0.36 -> 1.0288 | L14: =0.88*1.12+0.12*0.36 -> 1.0288 | M14: =0.88*1.12+0.12*0.36 -> 1.0288 | N14: =0.88*1.12+0.12*0.36 -> 1.0288 | O14: =0.88*1.12+0.12*0.36 -> 1.0288 | P14: =0.88*1.12+0.12*0.36 -> 1.0288 | ... X14: =0.88*1.12+0.12*0.36 -> 1.0288
D15: Double pane | F15: 1998-2007 | G15: 2001 | H15: Table 1-H | I15: 0.49 | J15: 0.49 | K15: 0.81 | L15: 0.81 | M15: 0.81 | N15: 0.81 | O15: 0.81 | P15: 0.81 | Q15: 0.81 | R15: 0.49 | S15: 0.49 | T15: 0.49 | U15: 0.49 | V15: 0.49 | W15: 0.49 | X15: 0.49
F16: 2008-2018 | G16: 2013 | H16: Table 140.3-B | I16: 0.36 | J16: 0.36 | K16: 0.36 | L16: 0.36 | M16: 0.36 | N16: 0.36 | O16: 0.36 | P16: 0.36 | Q16: 0.36 | R16: 0.36 | S16: 0.36 | T16: 0.36 | U16: 0.36 | V16: 0.36 | W16: 0.36 | X16: 0.36
F17: 2019+ | G17: 2025 | H17: Table 140.3-B | I17: 0.36 | J17: 0.36 | K17: 0.36 | L17: 0.36 | M17: 0.36 | N17: 0.36 | O17: 0.36 | P17: 0.36 | Q17: 0.34 | R17: 0.36 | S17: 0.34 | T17: 0.34 | U17: 0.34 | V17: 0.34 | W17: 0.34 | X17: 0.36
B18: =$B$3 -> Outpatient | C18: FixedWindow_NonRes | D18: Single pane | E18: SHGC | F18: Pre 1978 | G18: N/A | H18: ASHRAE Handbook of Fundamentals (Table 10-Ch15) for single pane & T24, 2013 for double pane(88%-12%)* | I18: =0.79*0.88+0.12*I21 -> 0.7252 | J18: =0.79*0.88+0.12*J21 -> 0.7252 | K18: =0.79*0.88+0.12*K21 -> 0.7252 | L18: =0.79*0.88+0.12*L21 -> 0.7252 | M18: =0.79*0.88+0.12*M21 -> 0.7252 | N18: =0.79*0.88+0.12*N21 -> 0.7252 | O18: =0.79*0.88+0.12*O21 -> 0.7252 | P18: =0.79*0.88+0.12*P21 -> 0.7252 | ... X18: =0.79*0.88+0.12*X21 -> 0.7252
F19: 1978-1997 | G19: N/A | I19: =0.79*0.88+0.12*I21 -> 0.7252 | J19: =0.79*0.88+0.12*J21 -> 0.7252 | K19: =0.79*0.88+0.12*K21 -> 0.7252 | L19: =0.79*0.88+0.12*L21 -> 0.7252 | M19: =0.79*0.88+0.12*M21 -> 0.7252 | N19: =0.79*0.88+0.12*N21 -> 0.7252 | O19: =0.79*0.88+0.12*O21 -> 0.7252 | P19: =0.79*0.88+0.12*P21 -> 0.7252 | ... X19: =0.79*0.88+0.12*X21 -> 0.7252
D20: Double pane | F20: 1998-2007 | G20: 2001 | H20: Table 1-H - WWR:10-20% / SHGC non-north | I20: 0.43 | J20: 0.36 | K20: 0.55 | L20: 0.55 | M20: 0.55 | N20: 0.61 | O20: 0.61 | P20: 0.61 | Q20: 0.61 | R20: 0.36 | S20: 0.36 | T20: 0.36 | U20: 0.36 | V20: 0.36 | W20: 0.36 | X20: 0.43
F21: 2008-2018 | G21: 2013 | H21: Table 140.3-B | I21: 0.25 | J21: 0.25 | K21: 0.25 | L21: 0.25 | M21: 0.25 | N21: 0.25 | O21: 0.25 | P21: 0.25 | Q21: 0.25 | R21: 0.25 | S21: 0.25 | T21: 0.25 | U21: 0.25 | V21: 0.25 | W21: 0.25 | X21: 0.25
F22: 2019+ | G22: 2025 | H22: Table 140.3-B | I22: 0.25 | J22: 0.25 | K22: 0.25 | L22: 0.25 | M22: 0.25 | N22: 0.25 | O22: 0.25 | P22: 0.25 | Q22: 0.22 | R22: 0.25 | S22: 0.22 | T22: 0.22 | U22: 0.22 | V22: 0.22 | W22: 0.22 | X22: 0.25
A23: PNNL models have steel-framed walls.
E25: Infiltration
F26: Vintage | G26: I_75 6-sdied Infiltration rate @ 75 pa | H26: Note | I26: I-design (cfm/ft²) (4-sided Infiltration rate at normal pressure) (Design flow rate approach and Flow/Exterior Wall Area calculation method)
E27: Infiltration | F27: Pre 1978 | G27: 1.1 | H27: 2022 CASE report (Table 38) | I27: 0.341
F28: 1978-1997 | G28: 1.1 | H28: 2022 CASE report (Table 38) | I28: 0.341
F29: 1998-2007 | G29: 1.1 | H29: 2022 CASE report (Table 38) | I29: 0.341
F30: 2008-2018 | G30: 1 | H30: 2022 CASE report (Table 38) & T24, 2008-2016 (Table 140.3-B)--Air barrier is required in CZ 10-16 | I30: 0.3121
F31: 2019+ | G31: 0.6 | H31: 2022 CASE report (Table 38) & T24, 2025 (Table 140.3-B)--Air barrier is required in all CZs | I31: 0.186
E32: Source: Title 24 air barrier requirements (all editions) and the standardized infiltration rate reported in the 2022 CASE report and Dodge 2023 data
E33: Air Leakage Memo: | G33: Infiltration_rate_report_14May2025-Short-Version.docx

Sheet Thermostat
A1: ="Thermostat - "&Prototype!A2 -> Thermostat - Outpatient
A2: Setpoint | B2: CZ1 | C2: CZ2 | D2: CZ3 | E2: CZ4 | F2: CZ5 | G2: CZ6 | H2: CZ7 | I2: CZ8 | J2: CZ9 | K2: CZ10 | L2: CZ11 | M2: CZ12 | N2: CZ13 | O2: CZ14 | P2: CZ15 | Q2: CZ16 | R2: Source | S2: Note
A3: Health Heating Setpoint (F) | B3: 70 | C3: 70 | D3: 70 | E3: 70 | F3: 70 | G3: 70 | H3: 70 | I3: 70 | J3: 70 | K3: 70 | L3: 70 | M3: 70 | N3: 70 | O3: 70 | P3: 70 | Q3: 70 | R3: T24 2022 - Appendix 5.4B | S3: PNNL Healthcare-Outpatient prototype use this setpoints: Administration zones: 72°F Cooling/70°F Heating, Critical zones: 72°F Cooling/70°F Heating, Operating rooms: 65°F Cooling/65°F Heating---PNNL Healthcare-Outpatient prototype use this setbacks: 77°F Cooling/65°F Heating, Critical zones: no setback, Operating rooms: 72°F Cooling/65°F Heating
A4: Health Heating Setback (F) | B4: 70 | C4: 70 | D4: 70 | E4: 70 | F4: 70 | G4: 70 | H4: 70 | I4: 70 | J4: 70 | K4: 70 | L4: 70 | M4: 70 | N4: 70 | O4: 70 | P4: 70 | Q4: 70
A5: Health Cooling Setpoint (F) | B5: 75 | C5: 75 | D5: 75 | E5: 75 | F5: 75 | G5: 75 | H5: 75 | I5: 75 | J5: 75 | K5: 75 | L5: 75 | M5: 75 | N5: 75 | O5: 75 | P5: 75 | Q5: 75
A6: Health Cooling Setback (F) | B6: 75 | C6: 75 | D6: 75 | E6: 75 | F6: 75 | G6: 75 | H6: 75 | I6: 75 | J6: 75 | K6: 75 | L6: 75 | M6: 75 | N6: 75 | O6: 75 | P6: 75 | Q6: 75
A7: Kitchen Heating Setpoint (F) | B7: 66 | C7: 66 | D7: 66 | E7: 66 | F7: 66 | G7: 66 | H7: 66 | I7: 66 | J7: 66 | K7: 66 | L7: 66 | M7: 66 | N7: 66 | O7: 66 | P7: 66 | Q7: 66 | R7: PNNL 09.1, 2022 Restaurant prototype
A8: Kitchen Heating Setback (F) | B8: 60 | C8: 60 | D8: 60 | E8: 60 | F8: 60 | G8: 60 | H8: 60 | I8: 60 | J8: 60 | K8: 60 | L8: 60 | M8: 60 | N8: 60 | O8: 60 | P8: 60 | Q8: 60
A9: Kitchen Cooling Setpoint (F) | B9: 79 | C9: 79 | D9: 79 | E9: 79 | F9: 79 | G9: 79 | H9: 79 | I9: 79 | J9: 79 | K9: 79 | L9: 79 | M9: 79 | N9: 79 | O9: 79 | P9: 79 | Q9: 79
A10: Kitchen Cooling Setback (F) | B10: 86 | C10: 86 | D10: 86 | E10: 86 | F10: 86 | G10: 86 | H10: 86 | I10: 86 | J10: 86 | K10: 86 | L10: 86 | M10: 86 | N10: 86 | O10: 86 | P10: 86 | Q10: 86

Sheet HVAC System
A1: ="HVAC System - "&Prototype!A2 -> HVAC System - Outpatient
A2: Vintage | B2: Spaces | C2: Heating | D2: Cooling | E2: Air Distribution | F2: Source | G2: Note
A3: Existing | B3: Conditioned zones | C3: Gas Boiler for Hydronic Reheat and Gas Furnace for Heating | D3: RTU DX | E3: Single Duct CAV--Outdoor air often supplied through RTU economizers or dedicated OA section | F3: CEUS 2022 (Other system based on T24 and Engineering judgement) | G3: Packaged RTU
A4: New Construction | B4: Conditioned zones | C4: Gas Boiler for Hydronic Reheat and Gas Furnace for Heating | D4: RTU DX | E4: VAV + Hydronic Reheat | F4: T24 2025 ACM 2025, Table 2 and 3 | G4: System 5 – PVAV
A8: Efficiency of HVAC system
A9: Vintage | B9: Upgrade/Installed year | C9: DX Cooling | D9: Gas Furnace | E9: Gas Boiler | F9: Source | G9: Note
A10: Pre 1978 | B10: 2008 | C10: EER=9.5 (≥ 240,000 Btu/h and < 760,000 Btu/h) | D10: . Gas-fired forced air furnaces with input ratings ≥225,000 Btu/h--75% of the input rating | E10: n/a | F10: T24, 2008 , Table 112-A (for DX Coil)
A11: 1978-1997
A12: 1998-2007
A13: 2008-2018 | B13: 2013 | C13: EER=10 (≥ 240,000 Btu/h and < 760,000 Btu/h) | D13: Warm-Air Duct Furnaces, Gas-Fired-All Capacities--80% Ec | E13: n/a | F13: T24, 2013 , Table 110.2-D (for DX Coil) -Table 110.2-I (for Gas Furnace thermal efficiency)
A14: New Construction | B14: 2025 | C14: EER=10 (≥ 240,000 Btu/h and < 760,000 Btu/h) | D14: Warm-Air Duct Furnaces, Gas-Fired-All Capacities--80% Ec | E14: Gas-Fired Boiler ≥ 300,000 Btu/h and ≤ 2,500,000 Btu/h-- 84% Et | F14: T24, 2013 , Table 110.2-A (for DX Coil) - Table 110.2-J (for Boiler thermal efficiency)-Table 110.2-I (for Gas Furnace thermal efficiency)
C16: * Et = Combustion efficiency | D16: * Et = Thermal efficiency
A19: Fan power
A20: Vintage | B20: Approach | C20: System | D20: Total Static Pressure (TSP) in w.c. [PNNL 20405, 2010, Table 5.11] | E20: Fan Efficiency [ACM, 2025] | F20: Fan Motor and Drive Efficiency [ACM 2025, Table 13] | G20: W/cfm [ACM 2025, Table 14 and 15] | H20: Data Source | I20: Note
A21: Existing | B21: PNNL TSP | C21: Packaged RTU-CAV | D21: 4.09 | E21: 0.65 | F21: 0.9 | H21: ACM 2025, PNNL 2010 TSD
A22: Brake horse power (bhp)=(Supply cfm*TSP in w.c.)/(6356*Fan efficiency)
A23: Fan power (w/cfm) = bhp/motor and drive efficiency *746
A24: New Construction | B24: ACM 2025 | C24: Packaged RTU-CAV | D24: =G24*E24*F24/746*6356 -> 3.8877249 | E24: 0.65 | F24: 0.9 | G24: 0.78 | H24: 2025 ACM, PNNL 2010 TSD
C25: System 5-PVAV System >5,000 cfm; < 10,000 cfm | D25: =G25*E24*F24/746*6356 -> 5.0939165 | G25: 1.022
C26: System 5-PVAV System >10,000 cfm | D26: =G26*E24*F24/746*6356 -> 4.8048293 | G26: 0.964
F27: * 0.9 is an average fan efficiency according to ACM 2025, Table 13
A29: Fan total eff (E+ input) = 0.65 x Motor_eff
A30: TSP (E+ input) in w.c. = Motor_eff/746 x (6356 x Fan_eff) x W/cfm
A31: Fan_eff=0.65
A38: Background Data [To be deleted prior to publication]
A42: CEUS 2022 data | B42: Heating | F42: Cooling | H42: Air Distribution | I42: Water Heater
B43: Floorspace Heated | C43: Primary Heating | D43: Fuel Type | F43: Floorspace Cooled | G43: Primary Cooling | H43: Primary Air Dis | I43: Fuel Type
C44: The default is the floorspace method unless otherwise specified | D44: Elec | E44: Gas | G44: The default is the floorspace method unless otherwise specified | H44: The default is the floorspace method unless otherwise specified | I44: Elec | J44: Gas
A45: Health Care | B45: 0.99 | C45: Floorspace method: | D45: 0.17 | E45: 0.81 | F45: 0.98 | G45: Floorspace method: | H45: Floorspace method: | I45: 0.1 | J45: 0.85
C46: Boiler/ Hydronic (43.9%) | G46: Central Plant (Chiller) (43.5%) | H46: Single Duct CAV (53.4%)
C47: Package System / Heat Pump (40.8%) | G47: Package System / Heat Pump (40.7%) | H47: Fan Coil/Unit Ventilator (21.3%)
C48: Site method: | G48: Site method: | H48: Site method:
C49: Boiler/ Hydronic (6.8%) | G49: Central Plant (Chiller) (6.5%) | H49: Single Duct CAV (91.4%)
C50: Package System / Heat Pump (72.1%) | G50: Package System / Heat Pump (71.5%) | H50: Fan Coil/Unit Ventilator (5.7%)

Sheet Ventilation
A1: ="Outdoor Airflow Rate - "&Prototype!A2 -> Outdoor Airflow Rate - Outpatient
A2: Space Type | B2: Space/Thermal Zone | C2: Number of People | D2: Floor Area (ft²) | E2: cfm/person [T24, 2025, Equation 120.1-F and Table 120.1-A] | F2: cfm/ft² [T24, 2025, Equation 120.1-F and Table 120.1-A] | G2: Required Exhaust Rate (cfm/ft²) [T24, 2025, Table 120.1-B – minimum exhaust rates] | H2: Required Exhaust Rate (cfm) [T24, 2025, Table 120.1-B – minimum exhaust rates] | I2: Min OA Ventilation Requirement (cfm/ft²) [Table 4-A, 2022 California Mechanical Code] | J2: Total cfm Driven by People | K2: Total cfm Driven by Area | L2: Total cfm Driven by Exhaust | M2: Total cfm | N2: Note
A3: =Zones!A3 -> Healthcare Facility and Hospitals (Exam/Treatment Room) | B3: =Zones!B3 -> Floor 1 Anesthesia | C3: =Zones!J3 -> 1.08 | D3: =Zones!G3 -> 108 | E3: 15 | F3: =VLOOKUP(A3,A$183:E$205,5,FALSE) -> n/a | G3: 1.37 | I3: =VLOOKUP(A3,A$183:H$205,8,FALSE) -> 0.33333333 | J3: =E3*C3 -> 16.2 | K3: =IF(F3="n/a",D3*I3,F3*D3) -> 36 | L3: =G3*D3 -> 147.96 | M3: =MAX(J3:L3) -> 147.96 | N3: All Room air exhausted directly to the outdoor, according to Table 4-A, 2022 California Mechanical Code)
A4: =Zones!A4 -> Healthcare Facility and Hospitals (Medical Supply Room) | B4: =Zones!B4 -> Floor 1 Bio Haz | C4: =Zones!J4 -> 0.56 | D4: =Zones!G4 -> 56 | E4: 15 | F4: =VLOOKUP(A4,A$183:E$205,5,FALSE) -> n/a | I4: =VLOOKUP(A4,A$183:H$205,8,FALSE) -> 0.33333333 | J4: =E4*C4 -> 8.4 | K4: =IF(F4="n/a",D4*I4,F4*D4) -> 18.666667 | L4: =G4*D4 -> 0 | M4: =MAX(J4:L4) -> 18.666667
A5: =Zones!A5 -> Dining Area (Cafeteria/Fast Food) | B5: =Zones!B5 -> Floor 1 Café | C5: =Zones!J5 -> 13.86 | D5: =Zones!G5 -> 420 | E5: 15 | F5: =VLOOKUP(A5,A$183:E$205,5,FALSE) -> 0.15 | I5: =VLOOKUP(A5,A$183:H$205,8,FALSE) -> 0 | J5: =E5*C5 -> 207.9 | K5: =IF(F5="n/a",D5*I5,F5*D5) -> 63 | L5: =G5*D5 -> 0 | M5: =MAX(J5:L5) -> 207.9
A6: =Zones!A6 -> Healthcare Facility and Hospitals (Medical Supply Room) | B6: =Zones!B6 -> Floor 1 Clean | C6: =Zones!J6 -> 1.26 | D6: =Zones!G6 -> 126 | E6: 15 | F6: =VLOOKUP(A6,A$183:E$205,5,FALSE) -> n/a | I6: =VLOOKUP(A6,A$183:H$205,8,FALSE) -> 0.33333333 | J6: =E6*C6 -> 18.9 | K6: =IF(F6="n/a",D6*I6,F6*D6) -> 42 | L6: =G6*D6 -> 0 | M6: =MAX(J6:L6) -> 42
A7: =Zones!A7 -> Healthcare Facility and Hospitals (Medical Supply Room) | B7: =Zones!B7 -> Floor 1 Clean Work | C7: =Zones!J7 -> 1.65 | D7: =Zones!G7 -> 165 | E7: 15 | F7: =VLOOKUP(A7,A$183:E$205,5,FALSE) -> n/a | I7: =VLOOKUP(A7,A$183:H$205,8,FALSE) -> 0.33333333 | J7: =E7*C7 -> 24.75 | K7: =IF(F7="n/a",D7*I7,F7*D7) -> 55 | L7: =G7*D7 -> 0 | M7: =MAX(J7:L7) -> 55
A8: =Zones!A8 -> Office Area (<250 square feet) | B8: =Zones!B8 -> Floor 1 Dictation | C8: =Zones!J8 -> 0.63 | D8: =Zones!G8 -> 126 | E8: 15 | F8: =VLOOKUP(A8,A$183:E$205,5,FALSE) -> 0.15 | I8: =VLOOKUP(A8,A$183:H$205,8,FALSE) -> 0 | J8: =E8*C8 -> 9.45 | K8: =IF(F8="n/a",D8*I8,F8*D8) -> 18.9 | L8: =G8*D8 -> 0 | M8: =MAX(J8:L8) -> 18.9
A9: =Zones!A9 -> Office Area (<250 square feet) | B9: =Zones!B9 -> Floor 1 Dressing Room | C9: =Zones!J9 -> 0.225 | D9: =Zones!G9 -> 45 | E9: 15 | F9: =VLOOKUP(A9,A$183:E$205,5,FALSE) -> 0.15 | I9: =VLOOKUP(A9,A$183:H$205,8,FALSE) -> 0 | J9: =E9*C9 -> 3.375 | K9: =IF(F9="n/a",D9*I9,F9*D9) -> 6.75 | L9: =G9*D9 -> 0 | M9: =MAX(J9:L9) -> 6.75
A10: =Zones!A10 -> Electrical, Mechanical, Telephone Rooms | B10: =Zones!B10 -> Floor 1 Electrical Room | C10: =Zones!J10 -> 0.294 | D10: =Zones!G10 -> 98 | E10: 15 | F10: =VLOOKUP(A10,A$183:E$205,5,FALSE) -> 0.15 | I10: =VLOOKUP(A10,A$183:H$205,8,FALSE) -> 0 | J10: =E10*C10 -> 4.41 | K10: =IF(F10="n/a",D10*I10,F10*D10) -> 14.7 | L10: =G10*D10 -> 0 | M10: =MAX(J10:L10) -> 14.7
A11: =Zones!A11 -> Electrical, Mechanical, Telephone Rooms | B11: =Zones!B11 -> Floor 1 Elevator Pump Room | C11: =Zones!J11 -> 0.273 | D11: =Zones!G11 -> 91 | E11: 15 | F11: =VLOOKUP(A11,A$183:E$205,5,FALSE) -> 0.15 | I11: =VLOOKUP(A11,A$183:H$205,8,FALSE) -> 0 | J11: =E11*C11 -> 4.095 | K11: =IF(F11="n/a",D11*I11,F11*D11) -> 13.65 | L11: =G11*D11 -> 0 | M11: =MAX(J11:L11) -> 13.65
A12: =Zones!A12 -> Office Area (<250 square feet) | B12: =Zones!B12 -> Floor 1 Humid | C12: =Zones!J12 -> 0.27 | D12: =Zones!G12 -> 54 | E12: 15 | F12: =VLOOKUP(A12,A$183:E$205,5,FALSE) -> 0.15 | I12: =VLOOKUP(A12,A$183:H$205,8,FALSE) -> 0 | J12: =E12*C12 -> 4.05 | K12: =IF(F12="n/a",D12*I12,F12*D12) -> 8.1 | L12: =G12*D12 -> 0 | M12: =MAX(J12:L12) -> 8.1
A13: =Zones!A13 -> Corridor Area | B13: =Zones!B13 -> Floor 1 IT Hall | C13: =Zones!J13 -> 0.7 | D13: =Zones!G13 -> 140 | E13: 15 | F13: =VLOOKUP(A13,A$183:E$205,5,FALSE) -> 0.15 | I13: =VLOOKUP(A13,A$183:H$205,8,FALSE) -> 0 | J13: =E13*C13 -> 10.5 | K13: =IF(F13="n/a",D13*I13,F13*D13) -> 21 | L13: =G13*D13 -> 0 | M13: =MAX(J13:L13) -> 21
A14: =Zones!A14 -> Office Area (<250 square feet) | B14: =Zones!B14 -> Floor 1 IT Room | C14: =Zones!J14 -> 0.56 | D14: =Zones!G14 -> 112 | E14: 15 | F14: =VLOOKUP(A14,A$183:E$205,5,FALSE) -> 0.15 | I14: =VLOOKUP(A14,A$183:H$205,8,FALSE) -> 0 | J14: =E14*C14 -> 8.4 | K14: =IF(F14="n/a",D14*I14,F14*D14) -> 16.8 | L14: =G14*D14 -> 0 | M14: =MAX(J14:L14) -> 16.8
A15: =Zones!A15 -> Lobby, Main Entry | B15: =Zones!B15 -> Floor 1 Lobby | C15: =Zones!J15 -> 20.526 | D15: =Zones!G15 -> 622 | E15: 15 | F15: =VLOOKUP(A15,A$183:E$205,5,FALSE) -> 0.15 | I15: =VLOOKUP(A15,A$183:H$205,8,FALSE) -> 0 | J15: =E15*C15 -> 307.89 | K15: =IF(F15="n/a",D15*I15,F15*D15) -> 93.3 | L15: =G15*D15 -> 0 | M15: =MAX(J15:L15) -> 307.89
A16: =Zones!A16 -> Corridor Area | B16: =Zones!B16 -> Floor 1 Lobby Hall | C16: =Zones!J16 -> 1.2 | D16: =Zones!G16 -> 240 | E16: 15 | F16: =VLOOKUP(A16,A$183:E$205,5,FALSE) -> 0.15 | I16: =VLOOKUP(A16,A$183:H$205,8,FALSE) -> 0 | J16: =E16*C16 -> 18 | K16: =IF(F16="n/a",D16*I16,F16*D16) -> 36 | L16: =G16*D16 -> 0 | M16: =MAX(J16:L16) -> 36
A17: =Zones!A17 -> Restrooms | B17: =Zones!B17 -> Floor 1 Lobby Toilet | C17: =Zones!J17 -> 0.27 | D17: =Zones!G17 -> 54 | E17: 15 | F17: 0 | H17: 50 | I17: =VLOOKUP(A17,A$183:H$205,8,FALSE) -> 0 | J17: =E17*C17 -> 4.05 | K17: =IF(F17="n/a",D17*I17,F17*D17) -> 0 | L17: 50 | M17: 0 | N17: *Restrooms in California per 2025 T24 and CALGreen (Part 11) require mechanical exhaust ventilation, but they do not require additional dedicated outdoor air (OA) beyond that local exhaust. Bathroom exhaust and exhaust fan energy will be captured in the models. We will assume make-up air is drawn from adjacent spaces.
A18: =Zones!A18 -> Locker Room | B18: =Zones!B18 -> Floor 1 Locker Room | C18: =Zones!J18 -> 13.2 | D18: =Zones!G18 -> 660 | E18: 15 | F18: =VLOOKUP(A18,A$183:E$205,5,FALSE) -> 0.15 | G18: 0.25 | I18: =VLOOKUP(A18,A$183:H$205,8,FALSE) -> 0 | J18: =E18*C18 -> 198 | K18: =IF(F18="n/a",D18*I18,F18*D18) -> 99 | L18: =G18*D18 -> 165 | M18: =MAX(J18:L18) -> 198
A19: =Zones!A19 -> Corridor Area | B19: =Zones!B19 -> Floor 1 Locker Room Hall | C19: =Zones!J19 -> 2.48 | D19: =Zones!G19 -> 496 | E19: 15 | F19: =VLOOKUP(A19,A$183:E$205,5,FALSE) -> 0.15 | I19: =VLOOKUP(A19,A$183:H$205,8,FALSE) -> 0 | J19: =E19*C19 -> 37.2 | K19: =IF(F19="n/a",D19*I19,F19*D19) -> 74.4 | L19: =H19*D19 -> 0 | M19: =MAX(J19:L19) -> 74.4
A20: =Zones!A20 -> Lounge, Breakroom, or Waiting Area | B20: =Zones!B20 -> Floor 1 Lounge | C20: =Zones!J20 -> 11.88 | D20: =Zones!G20 -> 360 | E20: 15 | F20: =VLOOKUP(A20,A$183:E$205,5,FALSE) -> 0.15 | I20: =VLOOKUP(A20,A$183:H$205,8,FALSE) -> 0 | J20: =E20*C20 -> 178.2 | K20: =IF(F20="n/a",D20*I20,F20*D20) -> 54 | L20: =H20*D20 -> 0 | M20: =MAX(J20:L20) -> 178.2
A21: =Zones!A21 -> Healthcare Facility and Hospitals (Medical Supply Room) | B21: =Zones!B21 -> Floor 1 Med Gas | C21: =Zones!J21 -> 0.56 | D21: =Zones!G21 -> 56 | E21: 15 | F21: =VLOOKUP(A21,A$183:E$205,5,FALSE) -> n/a | I21: =VLOOKUP(A21,A$183:H$205,8,FALSE) -> 0.33333333 | J21: =E21*C21 -> 8.4 | K21: =IF(F21="n/a",D21*I21,F21*D21) -> 18.666667 | L21: =H21*D21 -> 0 | M21: =MAX(J21:L21) -> 18.666667
A22: =Zones!A22 -> Healthcare Facility and Hospitals (Imaging Room) | B22: =Zones!B22 -> Floor 1 MRI Control Room | C22: =Zones!J22 -> 1.68 | D22: =Zones!G22 -> 168 | E22: 15 | F22: =VLOOKUP(A22,A$183:E$205,5,FALSE) -> n/a | G22: 2.02 | I22: =VLOOKUP(A22,A$183:H$205,8,FALSE) -> 0.33333333 | J22: =E22*C22 -> 25.2 | K22: =IF(F22="n/a",D22*I22,F22*D22) -> 56 | L22: =G22*D22 -> 339.36 | M22: =MAX(J22:L22) -> 339.36 | N22: Exhaust Rate assumed according to PNNL outpatient model.
A23: =Zones!A23 -> Corridor Area | B23: =Zones!B23 -> Floor 1 MRI Hall | C23: =Zones!J23 -> 0.735 | D23: =Zones!G23 -> 147 | E23: 15 | F23: =VLOOKUP(A23,A$183:E$205,5,FALSE) -> 0.15 | I23: =VLOOKUP(A23,A$183:H$205,8,FALSE) -> 0 | J23: =E23*C23 -> 11.025 | K23: =IF(F23="n/a",D23*I23,F23*D23) -> 22.05 | L23: =H23*D23 -> 0 | M23: =MAX(J23:L23) -> 22.05
A24: =Zones!A24 -> Healthcare Facility and Hospitals (Imaging Room) | B24: =Zones!B24 -> Floor 1 MRI Room | C24: =Zones!J24 -> 4.4 | D24: =Zones!G24 -> 440 | E24: 15 | F24: =VLOOKUP(A24,A$183:E$205,5,FALSE) -> n/a | G24: 2.02 | I24: =VLOOKUP(A24,A$183:H$205,8,FALSE) -> 0.33333333 | J24: =E24*C24 -> 66 | K24: =IF(F24="n/a",D24*I24,F24*D24) -> 146.66667 | L24: =G24*D24 -> 888.8 | M24: =MAX(J24:L24) -> 888.8 | N24: Exhaust Rate assumed according to PNNL outpatient model.
A25: =Zones!A25 -> Restrooms | B25: =Zones!B25 -> Floor 1 MRI Toilet | C25: =Zones!J25 -> 0.27 | D25: =Zones!G25 -> 54 | E25: 15 | F25: 0 | H25: 50 | I25: =VLOOKUP(A25,A$183:H$205,8,FALSE) -> 0 | J25: =E25*C25 -> 4.05 | K25: =IF(F25="n/a",D25*I25,F25*D25) -> 0 | L25: =H25 -> 50 | M25: =MAX(J25:L25) -> 50 | N25: Toilet rooms, intermittent exhaust 50 cfm per toilet
A26: =Zones!A26 -> Kitchen/Food Preparation Area | B26: =Zones!B26 -> Floor 1 Nourishment | C26: =Zones!J26 -> 0.546 | D26: =Zones!G26 -> 182 | E26: 15 | F26: =VLOOKUP(A26,A$183:E$205,5,FALSE) -> 0.15 | G26: 0.3 | I26: =VLOOKUP(A26,A$183:H$205,8,FALSE) -> 0 | J26: =E26*C26 -> 8.19 | K26: =IF(F26="n/a",D26*I26,F26*D26) -> 27.3 | L26: =G26*D26 -> 54.6 | M26: =MAX(J26:L26) -> 54.6
A27: =Zones!A27 -> Corridor Area | B27: =Zones!B27 -> Floor 1 Nurse Hall | C27: =Zones!J27 -> 2.48 | D27: =Zones!G27 -> 496 | E27: 15 | F27: =VLOOKUP(A27,A$183:E$205,5,FALSE) -> 0.15 | I27: =VLOOKUP(A27,A$183:H$205,8,FALSE) -> 0 | J27: =E27*C27 -> 37.2 | K27: =IF(F27="n/a",D27*I27,F27*D27) -> 74.4 | L27: =H27*D27 -> 0 | M27: =MAX(J27:L27) -> 74.4
A28: =Zones!A28 -> Storage (General) | B28: =Zones!B28 -> Floor 1 Nurse Janitor | C28: =Zones!J28 -> 0.108 | D28: =Zones!G28 -> 54 | E28: 15 | F28: =VLOOKUP(A28,A$183:E$205,5,FALSE) -> 0.15 | I28: =VLOOKUP(A28,A$183:H$205,8,FALSE) -> 0 | J28: =E28*C28 -> 1.62 | K28: =IF(F28="n/a",D28*I28,F28*D28) -> 8.1 | L28: =H28*D28 -> 0 | M28: =MAX(J28:L28) -> 8.1
A29: =Zones!A29 -> Healthcare Facility and Hospitals (Nurse's Station) | B29: =Zones!B29 -> Floor 1 Nurse Station | C29: =Zones!J29 -> 2.61 | D29: =Zones!G29 -> 261 | E29: 15 | F29: =VLOOKUP(A29,A$183:E$205,5,FALSE) -> n/a | I29: =VLOOKUP(A29,A$183:H$205,8,FALSE) -> 0.33333333 | J29: =E29*C29 -> 39.15 | K29: =IF(F29="n/a",D29*I29,F29*D29) -> 87 | L29: =H29*D29 -> 0 | M29: =MAX(J29:L29) -> 87
A30: =Zones!A30 -> Restrooms | B30: =Zones!B30 -> Floor 1 Nurse Toilet | C30: =Zones!J30 -> 0.27 | D30: =Zones!G30 -> 54 | E30: 15 | F30: 0 | H30: 50 | I30: =VLOOKUP(A30,A$183:H$205,8,FALSE) -> 0 | J30: =E30*C30 -> 4.05 | K30: =IF(F30="n/a",D30*I30,F30*D30) -> 0 | L30: =H30 -> 50 | M30: =MAX(J30:L30) -> 50 | N30: Toilet rooms, intermittent exhaust 50 cfm per toilet
A31: =Zones!A31 -> Office Area (>250 square feet) | B31: =Zones!B31 -> Floor 1 Office | C31: =Zones!J31 -> 2.415 | D31: =Zones!G31 -> 483 | E31: 15 | F31: =VLOOKUP(A31,A$183:E$205,5,FALSE) -> 0.15 | I31: =VLOOKUP(A31,A$183:H$205,8,FALSE) -> 0 | J31: =E31*C31 -> 36.225 | K31: =IF(F31="n/a",D31*I31,F31*D31) -> 72.45 | L31: =H31*D31 -> 0 | M31: =MAX(J31:L31) -> 72.45
A32: =Zones!A32 -> Healthcare Facility and Hospitals (Operating Room) | B32: =Zones!B32 -> Floor 1 Operating Room 1 | C32: =Zones!J32 -> 4.6 | D32: =Zones!G32 -> 460 | E32: 15 | F32: =VLOOKUP(A32,A$183:E$205,5,FALSE) -> n/a | I32: =VLOOKUP(A32,A$183:H$205,8,FALSE) -> 0.33333333 | J32: =E32*C32 -> 69 | K32: =IF(F32="n/a",D32*I32,F32*D32) -> 153.33333 | L32: =H32*D32 -> 0 | M32: =MAX(J32:L32) -> 153.33333
A33: =Zones!A33 -> Healthcare Facility and Hospitals (Operating Room) | B33: =Zones!B33 -> Floor 1 Operating Room 2 | C33: =Zones!J33 -> 4.8 | D33: =Zones!G33 -> 480 | E33: 15 | F33: =VLOOKUP(A33,A$183:E$205,5,FALSE) -> n/a | I33: =VLOOKUP(A33,A$183:H$205,8,FALSE) -> 0.33333333 | J33: =E33*C33 -> 72 | K33: =IF(F33="n/a",D33*I33,F33*D33) -> 160 | L33: =H33*D33 -> 0 | M33: =MAX(J33:L33) -> 160
A34: =Zones!A34 -> Healthcare Facility and Hospitals (Operating Room) | B34: =Zones!B34 -> Floor 1 Operating Room 3 | C34: =Zones!J34 -> 4.76 | D34: =Zones!G34 -> 476 | E34: 15 | F34: =VLOOKUP(A34,A$183:E$205,5,FALSE) -> n/a | I34: =VLOOKUP(A34,A$183:H$205,8,FALSE) -> 0.33333333 | J34: =E34*C34 -> 71.4 | K34: =IF(F34="n/a",D34*I34,F34*D34) -> 158.66667 | L34: =H34*D34 -> 0 | M34: =MAX(J34:L34) -> 158.66667
A35: =Zones!A35 -> Healthcare Facility and Hospitals (Recovery Room) | B35: =Zones!B35 -> Floor 1 PACU | C35: =Zones!J35 -> 1.08 | D35: =Zones!G35 -> 108 | E35: 15 | F35: =VLOOKUP(A35,A$183:E$205,5,FALSE) -> n/a | I35: =VLOOKUP(A35,A$183:H$205,8,FALSE) -> 0.33333333 | J35: =E35*C35 -> 16.2 | K35: =IF(F35="n/a",D35*I35,F35*D35) -> 36 | L35: =H35*D35 -> 0 | M35: =MAX(J35:L35) -> 36
A36: =Zones!A36 -> Corridor Area | B36: =Zones!B36 -> Floor 1 Pre-Op Hall | C36: =Zones!J36 -> 2.64 | D36: =Zones!G36 -> 528 | E36: 15 | F36: =VLOOKUP(A36,A$183:E$205,5,FALSE) -> 0.15 | I36: =VLOOKUP(A36,A$183:H$205,8,FALSE) -> 0 | J36: =E36*C36 -> 39.6 | K36: =IF(F36="n/a",D36*I36,F36*D36) -> 79.2 | L36: =H36*D36 -> 0 | M36: =MAX(J36:L36) -> 79.2
A37: =Zones!A37 -> Healthcare Facility and Hospitals (Patient Room) | B37: =Zones!B37 -> Floor 1 Pre-Op Room 1 | C37: =Zones!J37 -> 1.89 | D37: =Zones!G37 -> 189 | E37: 15 | F37: =VLOOKUP(A37,A$183:E$205,5,FALSE) -> n/a | I37: =VLOOKUP(A37,A$183:H$205,8,FALSE) -> 0.33333333 | J37: =E37*C37 -> 28.35 | K37: =IF(F37="n/a",D37*I37,F37*D37) -> 63 | L37: =H37*D37 -> 0 | M37: =MAX(J37:L37) -> 63
A38: =Zones!A38 -> Healthcare Facility and Hospitals (Patient Room) | B38: =Zones!B38 -> Floor 1 Pre-Op Room 2 | C38: =Zones!J38 -> 3.38 | D38: =Zones!G38 -> 338 | E38: 15 | F38: =VLOOKUP(A38,A$183:E$205,5,FALSE) -> n/a | I38: =VLOOKUP(A38,A$183:H$205,8,FALSE) -> 0.33333333 | J38: =E38*C38 -> 50.7 | K38: =IF(F38="n/a",D38*I38,F38*D38) -> 112.66667 | L38: =H38*D38 -> 0 | M38: =MAX(J38:L38) -> 112.66667
A39: =Zones!A39 -> Restrooms | B39: =Zones!B39 -> Floor 1 Pre-Op Toilet | C39: =Zones!J39 -> 0.27 | D39: =Zones!G39 -> 54 | E39: 15 | F39: 0 | H39: 50 | I39: =VLOOKUP(A39,A$183:H$205,8,FALSE) -> 0 | J39: =E39*C39 -> 4.05 | K39: =IF(F39="n/a",D39*I39,F39*D39) -> 0 | L39: =H39 -> 50 | M39: =MAX(J39:L39) -> 50 | N39: Toilet rooms, intermittent exhaust 50 cfm per toilet
A40: =Zones!A40 -> Healthcare Facility and Hospitals (Exam/Treatment Room) | B40: =Zones!B40 -> Floor 1 Procedure Room | C40: =Zones!J40 -> 2.85 | D40: =Zones!G40 -> 285 | E40: 15 | F40: =VLOOKUP(A40,A$183:E$205,5,FALSE) -> n/a | I40: =VLOOKUP(A40,A$183:H$205,8,FALSE) -> 0.33333333 | J40: =E40*C40 -> 42.75 | K40: =IF(F40="n/a",D40*I40,F40*D40) -> 95 | L40: =H40*D40 -> 0 | M40: =MAX(J40:L40) -> 95
A41: =Zones!A41 -> Reception area | B41: =Zones!B41 -> Floor 1 Reception | C41: =Zones!J41 -> 2.545 | D41: =Zones!G41 -> 509 | E41: 15 | F41: =VLOOKUP(A41,A$183:E$205,5,FALSE) -> 0.15 | I41: =VLOOKUP(A41,A$183:H$205,8,FALSE) -> 0 | J41: =E41*C41 -> 38.175 | K41: =IF(F41="n/a",D41*I41,F41*D41) -> 76.35 | L41: =H41*D41 -> 0 | M41: =MAX(J41:L41) -> 76.35
A42: =Zones!A42 -> Corridor Area | B42: =Zones!B42 -> Floor 1 Reception Hall | C42: =Zones!J42 -> 0.64 | D42: =Zones!G42 -> 128 | E42: 15 | F42: =VLOOKUP(A42,A$183:E$205,5,FALSE) -> 0.15 | I42: =VLOOKUP(A42,A$183:H$205,8,FALSE) -> 0 | J42: =E42*C42 -> 9.6 | K42: =IF(F42="n/a",D42*I42,F42*D42) -> 19.2 | L42: =H42*D42 -> 0 | M42: =MAX(J42:L42) -> 19.2
A43: =Zones!A43 -> Healthcare Facility and Hospitals (Recovery Room) | B43: =Zones!B43 -> Floor 1 Recovery Room | C43: =Zones!J43 -> 5.4 | D43: =Zones!G43 -> 540 | E43: 15 | F43: =VLOOKUP(A43,A$183:E$205,5,FALSE) -> n/a | I43: =VLOOKUP(A43,A$183:H$205,8,FALSE) -> 0.33333333 | J43: =E43*C43 -> 81 | K43: =IF(F43="n/a",D43*I43,F43*D43) -> 180 | L43: =H43*D43 -> 0 | M43: =MAX(J43:L43) -> 180
A44: =Zones!A44 -> Office Area (<250 square feet) | B44: =Zones!B44 -> Floor 1 Scheduling | C44: =Zones!J44 -> 0.595 | D44: =Zones!G44 -> 119 | E44: 15 | F44: =VLOOKUP(A44,A$183:E$205,5,FALSE) -> 0.15 | I44: =VLOOKUP(A44,A$183:H$205,8,FALSE) -> 0 | J44: =E44*C44 -> 8.925 | K44: =IF(F44="n/a",D44*I44,F44*D44) -> 17.85 | L44: =H44*D44 -> 0 | M44: =MAX(J44:L44) -> 17.85
A45: =Zones!A45 -> Corridor Area | B45: =Zones!B45 -> Floor 1 Scrub | C45: =Zones!J45 -> 0.42 | D45: =Zones!G45 -> 84 | E45: 15 | F45: =VLOOKUP(A45,A$183:E$205,5,FALSE) -> 0.15 | I45: =VLOOKUP(A45,A$183:H$205,8,FALSE) -> 0 | J45: =E45*C45 -> 6.3 | K45: =IF(F45="n/a",D45*I45,F45*D45) -> 12.6 | L45: =H45*D45 -> 0 | M45: =MAX(J45:L45) -> 12.6
A46: =Zones!A46 -> Healthcare Facility and Hospitals (Medical Supply Room) | B46: =Zones!B46 -> Floor 1 Soil | C46: =Zones!J46 -> 1.26 | D46: =Zones!G46 -> 126 | E46: 15 | F46: =VLOOKUP(A46,A$183:E$205,5,FALSE) -> n/a | G46: 1.68 | I46: =VLOOKUP(A46,A$183:H$205,8,FALSE) -> 0.33333333 | J46: =E46*C46 -> 18.9 | K46: =IF(F46="n/a",D46*I46,F46*D46) -> 42 | L46: =G46*D46 -> 211.68 | M46: =MAX(J46:L46) -> 211.68 | N46: Exhaust Rate assumed according to PNNL outpatient model.
A47: =Zones!A47 -> Healthcare Facility and Hospitals (Medical Supply Room) | B47: =Zones!B47 -> Floor 1 Soil Hold | C47: =Zones!J47 -> 0.56 | D47: =Zones!G47 -> 56 | E47: 15 | F47: =VLOOKUP(A47,A$183:E$205,5,FALSE) -> n/a | G47: 1.51 | I47: =VLOOKUP(A47,A$183:H$205,8,FALSE) -> 0.33333333 | J47: =E47*C47 -> 8.4 | K47: =IF(F47="n/a",D47*I47,F47*D47) -> 18.666667 | L47: =G47*D47 -> 84.56 | M47: =MAX(J47:L47) -> 84.56 | N47: Exhaust Rate assumed according to PNNL outpatient model.
A48: =Zones!A48 -> Healthcare Facility and Hospitals (Medical Supply Room) | B48: =Zones!B48 -> Floor 1 Soil Work | C48: =Zones!J48 -> 1.8 | D48: =Zones!G48 -> 180 | E48: 15 | F48: =VLOOKUP(A48,A$183:E$205,5,FALSE) -> n/a | G48: 1.65 | I48: =VLOOKUP(A48,A$183:H$205,8,FALSE) -> 0.33333333 | J48: =E48*C48 -> 27 | K48: =IF(F48="n/a",D48*I48,F48*D48) -> 60 | L48: =G48*D48 -> 297 | M48: =MAX(J48:L48) -> 297 | N48: Exhaust Rate assumed according to PNNL outpatient model.
A49: =Zones!A49 -> Healthcare Facility and Hospitals (Recovery Room) | B49: =Zones!B49 -> Floor 1 Step Down | C49: =Zones!J49 -> 3 | D49: =Zones!G49 -> 300 | E49: 15 | F49: =VLOOKUP(A49,A$183:E$205,5,FALSE) -> n/a | I49: =VLOOKUP(A49,A$183:H$205,8,FALSE) -> 0.33333333 | J49: =E49*C49 -> 45 | K49: =IF(F49="n/a",D49*I49,F49*D49) -> 100 | L49: =H49*D49 -> 0 | M49: =MAX(J49:L49) -> 100
A50: =Zones!A50 -> Corridor Area | B50: =Zones!B50 -> Floor 1 Sterile Hall | C50: =Zones!J50 -> 3.08 | D50: =Zones!G50 -> 616 | E50: 15 | F50: =VLOOKUP(A50,A$183:E$205,5,FALSE) -> 0.15 | I50: =VLOOKUP(A50,A$183:H$205,8,FALSE) -> 0 | J50: =E50*C50 -> 46.2 | K50: =IF(F50="n/a",D50*I50,F50*D50) -> 92.4 | L50: =H50*D50 -> 0 | M50: =MAX(J50:L50) -> 92.4
A51: =Zones!A51 -> Storage (General) | B51: =Zones!B51 -> Floor 1 Sterile Storage | C51: =Zones!J51 -> 0.792 | D51: =Zones!G51 -> 396 | E51: 15 | F51: =VLOOKUP(A51,A$183:E$205,5,FALSE) -> 0.15 | I51: =VLOOKUP(A51,A$183:H$205,8,FALSE) -> 0 | J51: =E51*C51 -> 11.88 | K51: =IF(F51="n/a",D51*I51,F51*D51) -> 59.4 | L51: =H51*D51 -> 0 | M51: =MAX(J51:L51) -> 59.4
A52: =Zones!A52 -> Storage (General) | B52: =Zones!B52 -> Floor 1 Storage | C52: =Zones!J52 -> 1.84 | D52: =Zones!G52 -> 920 | E52: 15 | F52: =VLOOKUP(A52,A$183:E$205,5,FALSE) -> 0.15 | I52: =VLOOKUP(A52,A$183:H$205,8,FALSE) -> 0 | J52: =E52*C52 -> 27.6 | K52: =IF(F52="n/a",D52*I52,F52*D52) -> 138 | L52: =H52*D52 -> 0 | M52: =MAX(J52:L52) -> 138
A53: =Zones!A53 -> Corridor Area | B53: =Zones!B53 -> Floor 1 Sub-Sterile | C53: =Zones!J53 -> 0.98 | D53: =Zones!G53 -> 196 | E53: 15 | F53: =VLOOKUP(A53,A$183:E$205,5,FALSE) -> 0.15 | I53: =VLOOKUP(A53,A$183:H$205,8,FALSE) -> 0 | J53: =E53*C53 -> 14.7 | K53: =IF(F53="n/a",D53*I53,F53*D53) -> 29.4 | L53: =H53*D53 -> 0 | M53: =MAX(J53:L53) -> 29.4
A54: =Zones!A54 -> Corridor Area | B54: =Zones!B54 -> Floor 1 Utility Hall | C54: =Zones!J54 -> 1.28 | D54: =Zones!G54 -> 256 | E54: 15 | F54: =VLOOKUP(A54,A$183:E$205,5,FALSE) -> 0.15 | I54: =VLOOKUP(A54,A$183:H$205,8,FALSE) -> 0 | J54: =E54*C54 -> 19.2 | K54: =IF(F54="n/a",D54*I54,F54*D54) -> 38.4 | L54: =H54*D54 -> 0 | M54: =MAX(J54:L54) -> 38.4
A55: =Zones!A55 -> Storage (General) | B55: =Zones!B55 -> Floor 1 Utility Janitor | C55: =Zones!J55 -> 0.084 | D55: =Zones!G55 -> 42 | E55: 15 | F55: =VLOOKUP(A55,A$183:E$205,5,FALSE) -> 0.15 | I55: =VLOOKUP(A55,A$183:H$205,8,FALSE) -> 0 | J55: =E55*C55 -> 1.26 | K55: =IF(F55="n/a",D55*I55,F55*D55) -> 6.3 | L55: =H55*D55 -> 0 | M55: =MAX(J55:L55) -> 6.3
A56: =Zones!A56 -> Storage (General) | B56: =Zones!B56 -> Floor 1 Utility Room | C56: =Zones!J56 -> 0.72 | D56: =Zones!G56 -> 360 | E56: 15 | F56: =VLOOKUP(A56,A$183:E$205,5,FALSE) -> 0.15 | I56: =VLOOKUP(A56,A$183:H$205,8,FALSE) -> 0 | J56: =E56*C56 -> 10.8 | K56: =IF(F56="n/a",D56*I56,F56*D56) -> 54 | L56: =H56*D56 -> 0 | M56: =MAX(J56:L56) -> 54
A57: =Zones!A57 -> Corridor Area | B57: =Zones!B57 -> Floor 1 Vestibule | C57: =Zones!J57 -> 0.36 | D57: =Zones!G57 -> 72 | E57: 15 | F57: =VLOOKUP(A57,A$183:E$205,5,FALSE) -> 0.15 | I57: =VLOOKUP(A57,A$183:H$205,8,FALSE) -> 0 | J57: =E57*C57 -> 5.4 | K57: =IF(F57="n/a",D57*I57,F57*D57) -> 10.8 | L57: =H57*D57 -> 0 | M57: =MAX(J57:L57) -> 10.8
A58: =Zones!A58 -> Convention, Conference, Multipurpose and Meeting Area | B58: =Zones!B58 -> Floor 2 Conference | C58: =Zones!J58 -> 11.088 | D58: =Zones!G58 -> 336 | E58: 15 | F58: =VLOOKUP(A58,A$183:E$205,5,FALSE) -> 0.15 | I58: =VLOOKUP(A58,A$183:H$205,8,FALSE) -> 0 | J58: =E58*C58 -> 166.32 | K58: =IF(F58="n/a",D58*I58,F58*D58) -> 50.4 | L58: =H58*D58 -> 0 | M58: =MAX(J58:L58) -> 166.32
A59: =Zones!A59 -> Restrooms | B59: =Zones!B59 -> Floor 2 Conference Toilet | C59: =Zones!J59 -> 0.32 | D59: =Zones!G59 -> 64 | E59: 15 | F59: 0 | H59: 50 | I59: =VLOOKUP(A59,A$183:H$205,8,FALSE) -> 0 | J59: =E59*C59 -> 4.8 | K59: =IF(F59="n/a",D59*I59,F59*D59) -> 0 | L59: =50 -> 50 | M59: =MAX(J59:L59) -> 50 | N59: Toilet rooms, intermittent exhaust 50 cfm per toilet
A60: =Zones!A60 -> Office Area (<250 square feet) | B60: =Zones!B60 -> Floor 2 Dictation | C60: =Zones!J60 -> 0.35 | D60: =Zones!G60 -> 70 | E60: 15 | F60: =VLOOKUP(A60,A$183:E$205,5,FALSE) -> 0.15 | I60: =VLOOKUP(A60,A$183:H$205,8,FALSE) -> 0 | J60: =E60*C60 -> 5.25 | K60: =IF(F60="n/a",D60*I60,F60*D60) -> 10.5 | L60: =H60*D60 -> 0 | M60: =MAX(J60:L60) -> 10.5
A61: =Zones!A61 -> Healthcare Facility and Hospitals (Exam/Treatment Room) | B61: =Zones!B61 -> Floor 2 Exam 1 | C61: =Zones!J61 -> 3.6 | D61: =Zones!G61 -> 360 | E61: 15 | F61: =VLOOKUP(A61,A$183:E$205,5,FALSE) -> n/a | I61: =VLOOKUP(A61,A$183:H$205,8,FALSE) -> 0.33333333 | J61: =E61*C61 -> 54 | K61: =IF(F61="n/a",D61*I61,F61*D61) -> 120 | L61: =H61*D61 -> 0 | M61: =MAX(J61:L61) -> 120
A62: =Zones!A62 -> Healthcare Facility and Hospitals (Exam/Treatment Room) | B62: =Zones!B62 -> Floor 2 Exam 2 | C62: =Zones!J62 -> 5.4 | D62: =Zones!G62 -> 540 | E62: 15 | F62: =VLOOKUP(A62,A$183:E$205,5,FALSE) -> n/a | I62: =VLOOKUP(A62,A$183:H$205,8,FALSE) -> 0.33333333 | J62: =E62*C62 -> 81 | K62: =IF(F62="n/a",D62*I62,F62*D62) -> 180 | L62: =H62*D62 -> 0 | M62: =MAX(J62:L62) -> 180
A63: =Zones!A63 -> Healthcare Facility and Hospitals (Exam/Treatment Room) | B63: =Zones!B63 -> Floor 2 Exam 3 | C63: =Zones!J63 -> 7.2 | D63: =Zones!G63 -> 720 | E63: 15 | F63: =VLOOKUP(A63,A$183:E$205,5,FALSE) -> n/a | I63: =VLOOKUP(A63,A$183:H$205,8,FALSE) -> 0.33333333 | J63: =E63*C63 -> 108 | K63: =IF(F63="n/a",D63*I63,F63*D63) -> 240 | L63: =H63*D63 -> 0 | M63: =MAX(J63:L63) -> 240
A64: =Zones!A64 -> Healthcare Facility and Hospitals (Exam/Treatment Room) | B64: =Zones!B64 -> Floor 2 Exam 4 | C64: =Zones!J64 -> 0.84 | D64: =Zones!G64 -> 84 | E64: 15 | F64: =VLOOKUP(A64,A$183:E$205,5,FALSE) -> n/a | I64: =VLOOKUP(A64,A$183:H$205,8,FALSE) -> 0.33333333 | J64: =E64*C64 -> 12.6 | K64: =IF(F64="n/a",D64*I64,F64*D64) -> 28 | L64: =H64*D64 -> 0 | M64: =MAX(J64:L64) -> 28
A65: =Zones!A65 -> Healthcare Facility and Hospitals (Exam/Treatment Room) | B65: =Zones!B65 -> Floor 2 Exam 5 | C65: =Zones!J65 -> 3.5 | D65: =Zones!G65 -> 350 | E65: 15 | F65: =VLOOKUP(A65,A$183:E$205,5,FALSE) -> n/a | I65: =VLOOKUP(A65,A$183:H$205,8,FALSE) -> 0.33333333 | J65: =E65*C65 -> 52.5 | K65: =IF(F65="n/a",D65*I65,F65*D65) -> 116.66667 | L65: =H65*D65 -> 0 | M65: =MAX(J65:L65) -> 116.66667
A66: =Zones!A66 -> Healthcare Facility and Hospitals (Exam/Treatment Room) | B66: =Zones!B66 -> Floor 2 Exam 6 | C66: =Zones!J66 -> 2.25 | D66: =Zones!G66 -> 225 | E66: 15 | F66: =VLOOKUP(A66,A$183:E$205,5,FALSE) -> n/a | I66: =VLOOKUP(A66,A$183:H$205,8,FALSE) -> 0.33333333 | J66: =E66*C66 -> 33.75 | K66: =IF(F66="n/a",D66*I66,F66*D66) -> 75 | L66: =H66*D66 -> 0 | M66: =MAX(J66:L66) -> 75
A67: =Zones!A67 -> Healthcare Facility and Hospitals (Exam/Treatment Room) | B67: =Zones!B67 -> Floor 2 Exam 7 | C67: =Zones!J67 -> 7.92 | D67: =Zones!G67 -> 792 | E67: 15 | F67: =VLOOKUP(A67,A$183:E$205,5,FALSE) -> n/a | I67: =VLOOKUP(A67,A$183:H$205,8,FALSE) -> 0.33333333 | J67: =E67*C67 -> 118.8 | K67: =IF(F67="n/a",D67*I67,F67*D67) -> 264 | L67: =H67*D67 -> 0 | M67: =MAX(J67:L67) -> 264
A68: =Zones!A68 -> Healthcare Facility and Hospitals (Exam/Treatment Room) | B68: =Zones!B68 -> Floor 2 Exam 8 | C68: =Zones!J68 -> 2.7 | D68: =Zones!G68 -> 270 | E68: 15 | F68: =VLOOKUP(A68,A$183:E$205,5,FALSE) -> n/a | I68: =VLOOKUP(A68,A$183:H$205,8,FALSE) -> 0.33333333 | J68: =E68*C68 -> 40.5 | K68: =IF(F68="n/a",D68*I68,F68*D68) -> 90 | L68: =H68*D68 -> 0 | M68: =MAX(J68:L68) -> 90
A69: =Zones!A69 -> Healthcare Facility and Hospitals (Exam/Treatment Room) | B69: =Zones!B69 -> Floor 2 Exam 9 | C69: =Zones!J69 -> 3.96 | D69: =Zones!G69 -> 396 | E69: 15 | F69: =VLOOKUP(A69,A$183:E$205,5,FALSE) -> n/a | I69: =VLOOKUP(A69,A$183:H$205,8,FALSE) -> 0.33333333 | J69: =E69*C69 -> 59.4 | K69: =IF(F69="n/a",D69*I69,F69*D69) -> 132 | L69: =H69*D69 -> 0 | M69: =MAX(J69:L69) -> 132
A70: =Zones!A70 -> Corridor Area | B70: =Zones!B70 -> Floor 2 Exam Hall 1 | C70: =Zones!J70 -> 0.9 | D70: =Zones!G70 -> 180 | E70: 15 | F70: =VLOOKUP(A70,A$183:E$205,5,FALSE) -> 0.15 | I70: =VLOOKUP(A70,A$183:H$205,8,FALSE) -> 0 | J70: =E70*C70 -> 13.5 | K70: =IF(F70="n/a",D70*I70,F70*D70) -> 27 | L70: =H70*D70 -> 0 | M70: =MAX(J70:L70) -> 27
A71: =Zones!A71 -> Corridor Area | B71: =Zones!B71 -> Floor 2 Exam Hall 2 | C71: =Zones!J71 -> 0.9 | D71: =Zones!G71 -> 180 | E71: 15 | F71: =VLOOKUP(A71,A$183:E$205,5,FALSE) -> 0.15 | I71: =VLOOKUP(A71,A$183:H$205,8,FALSE) -> 0 | J71: =E71*C71 -> 13.5 | K71: =IF(F71="n/a",D71*I71,F71*D71) -> 27 | L71: =H71*D71 -> 0 | M71: =MAX(J71:L71) -> 27
... A83: =Zones!A83 -> Corridor Area | B83: =Zones!B83 -> Floor 2 Reception Hall | C83: =Zones!J83 -> 2.82 | D83: =Zones!G83 -> 564 | E83: 15 | F83: =VLOOKUP(A83,A$183:E$205,5,FALSE) -> 0.15 | I83: =VLOOKUP(A83,A$183:H$205,8,FALSE) -> 0 | J83: =E83*C83 -> 42.3 | K83: =IF(F83="n/a",D83*I83,F83*D83) -> 84.6 | L83: =H83*D83 -> 0 | M83: =MAX(J83:L83) -> 84.6
A84: =Zones!A84 -> Restrooms | B84: =Zones!B84 -> Floor 2 Reception Toilet | C84: =Zones!J84 -> 0.63 | D84: =Zones!G84 -> 126 | E84: 15 | F84: 0 | H84: =3*50 -> 150 | I84: =VLOOKUP(A84,A$183:H$205,8,FALSE) -> 0 | J84: =E84*C84 -> 9.45 | K84: =IF(F84="n/a",D84*I84,F84*D84) -> 0 | L84: =H84 -> 150 | M84: =MAX(J84:L84) -> 150 | N84: Toilet rooms, intermittent exhaust 50 cfm per toilet
A85: =Zones!A85 -> Office Area (>250 square feet) | B85: =Zones!B85 -> Floor 2 Scheduling 1 | C85: =Zones!J85 -> 1.62 | D85: =Zones!G85 -> 324 | E85: 15 | F85: =VLOOKUP(A85,A$183:E$205,5,FALSE) -> 0.15 | I85: =VLOOKUP(A85,A$183:H$205,8,FALSE) -> 0 | J85: =E85*C85 -> 24.3 | K85: =IF(F85="n/a",D85*I85,F85*D85) -> 48.6 | L85: =H85*D85 -> 0 | M85: =MAX(J85:L85) -> 48.6
A86: =Zones!A86 -> Office Area (>250 square feet) | B86: =Zones!B86 -> Floor 2 Scheduling 2 | C86: =Zones!J86 -> 1.71 | D86: =Zones!G86 -> 342 | E86: 15 | F86: =VLOOKUP(A86,A$183:E$205,5,FALSE) -> 0.15 | I86: =VLOOKUP(A86,A$183:H$205,8,FALSE) -> 0 | J86: =E86*C86 -> 25.65 | K86: =IF(F86="n/a",D86*I86,F86*D86) -> 51.3 | L86: =H86*D86 -> 0 | M86: =MAX(J86:L86) -> 51.3
A87: =Zones!A87 -> Storage (General) | B87: =Zones!B87 -> Floor 2 Storage 1 | C87: =Zones!J87 -> 0.112 | D87: =Zones!G87 -> 56 | E87: 15 | F87: =VLOOKUP(A87,A$183:E$205,5,FALSE) -> 0.15 | I87: =VLOOKUP(A87,A$183:H$205,8,FALSE) -> 0 | J87: =E87*C87 -> 1.68 | K87: =IF(F87="n/a",D87*I87,F87*D87) -> 8.4 | L87: =H87*D87 -> 0 | M87: =MAX(J87:L87) -> 8.4
A88: =Zones!A88 -> Storage (General) | B88: =Zones!B88 -> Floor 2 Storage 2 | C88: =Zones!J88 -> 0.24 | D88: =Zones!G88 -> 120 | E88: 15 | F88: =VLOOKUP(A88,A$183:E$205,5,FALSE) -> 0.15 | I88: =VLOOKUP(A88,A$183:H$205,8,FALSE) -> 0 | J88: =E88*C88 -> 3.6 | K88: =IF(F88="n/a",D88*I88,F88*D88) -> 18 | L88: =H88*D88 -> 0 | M88: =MAX(J88:L88) -> 18
A89: =Zones!A89 -> Storage (General) | B89: =Zones!B89 -> Floor 2 Storage 3 | C89: =Zones!J89 -> 0.288 | D89: =Zones!G89 -> 144 | E89: 15 | F89: =VLOOKUP(A89,A$183:E$205,5,FALSE) -> 0.15 | I89: =VLOOKUP(A89,A$183:H$205,8,FALSE) -> 0 | J89: =E89*C89 -> 4.32 | K89: =IF(F89="n/a",D89*I89,F89*D89) -> 21.6 | L89: =H89*D89 -> 0 | M89: =MAX(J89:L89) -> 21.6
A90: =Zones!A90 -> Storage (General) | B90: =Zones!B90 -> Floor 2 Utility | C90: =Zones!J90 -> 0.252 | D90: =Zones!G90 -> 126 | E90: 15 | F90: =VLOOKUP(A90,A$183:E$205,5,FALSE) -> 0.15 | I90: =VLOOKUP(A90,A$183:H$205,8,FALSE) -> 0 | J90: =E90*C90 -> 3.78 | K90: =IF(F90="n/a",D90*I90,F90*D90) -> 18.9 | L90: =H90*D90 -> 0 | M90: =MAX(J90:L90) -> 18.9
A91: =Zones!A91 -> Office Area (>250 square feet) | B91: =Zones!B91 -> Floor 2 Work | C91: =Zones!J91 -> 8.45 | D91: =Zones!G91 -> 1690 | E91: 15 | F91: =VLOOKUP(A91,A$183:E$205,5,FALSE) -> 0.15 | I91: =VLOOKUP(A91,A$183:H$205,8,FALSE) -> 0 | J91: =E91*C91 -> 126.75 | K91: =IF(F91="n/a",D91*I91,F91*D91) -> 253.5 | L91: =H91*D91 -> 0 | M91: =MAX(J91:L91) -> 253.5
A92: =Zones!A92 -> Corridor Area | B92: =Zones!B92 -> Floor 2 Work Hall | C92: =Zones!J92 -> 4.17 | D92: =Zones!G92 -> 834 | E92: 15 | F92: =VLOOKUP(A92,A$183:E$205,5,FALSE) -> 0.15 | I92: =VLOOKUP(A92,A$183:H$205,8,FALSE) -> 0 | J92: =E92*C92 -> 62.55 | K92: =IF(F92="n/a",D92*I92,F92*D92) -> 125.1 | L92: =H92*D92 -> 0 | M92: =MAX(J92:L92) -> 125.1
A93: =Zones!A93 -> Restrooms | B93: =Zones!B93 -> Floor 2 Work Toilet | C93: =Zones!J93 -> 0.27 | D93: =Zones!G93 -> 54 | E93: 15 | F93: 0 | H93: 50 | I93: =VLOOKUP(A93,A$183:H$205,8,FALSE) -> 0 | J93: =E93*C93 -> 4.05 | K93: =IF(F93="n/a",D93*I93,F93*D93) -> 0 | L93: =H93 -> 50 | M93: =MAX(J93:L93) -> 50 | N93: Toilet rooms, intermittent exhaust 50 cfm per toilet
A94: =Zones!A94 -> Healthcare Facility and Hospitals (Imaging Room) | B94: =Zones!B94 -> Floor 2 X-Ray | C94: =Zones!J94 -> 9 | D94: =Zones!G94 -> 900 | E94: 15 | F94: =VLOOKUP(A94,A$183:E$205,5,FALSE) -> n/a | G94: 2.02 | I94: =VLOOKUP(A94,A$183:H$205,8,FALSE) -> 0.33333333 | J94: =E94*C94 -> 135 | K94: =IF(F94="n/a",D94*I94,F94*D94) -> 300 | L94: =G94*D94 -> 1818 | M94: =MAX(J94:L94) -> 1818 | N94: Exhaust Rate assumed according to PNNL outpatient model.
A95: =Zones!A95 -> Office Area (<250 square feet) | B95: =Zones!B95 -> Floor 3 Dressing Room | C95: =Zones!J95 -> 0.21 | D95: =Zones!G95 -> 42 | E95: 15 | F95: =VLOOKUP(A95,A$183:E$205,5,FALSE) -> 0.15 | I95: =VLOOKUP(A95,A$183:H$205,8,FALSE) -> 0 | J95: =E95*C95 -> 3.15 | K95: =IF(F95="n/a",D95*I95,F95*D95) -> 6.3 | L95: =H95*D95 -> 0 | M95: =MAX(J95:L95) -> 6.3
A96: =Zones!A96 -> Corridor Area | B96: =Zones!B96 -> Floor 3 Elevator Hall | C96: =Zones!J96 -> 1.85 | D96: =Zones!G96 -> 370 | E96: 15 | F96: =VLOOKUP(A96,A$183:E$205,5,FALSE) -> 0.15 | I96: =VLOOKUP(A96,A$183:H$205,8,FALSE) -> 0 | J96: =E96*C96 -> 27.75 | K96: =IF(F96="n/a",D96*I96,F96*D96) -> 55.5 | L96: =H96*D96 -> 0 | M96: =MAX(J96:L96) -> 55.5
A97: =Zones!A97 -> Office Area (<250 square feet) | B97: =Zones!B97 -> Floor 3 Humid | C97: =Zones!J97 -> 0.54 | D97: =Zones!G97 -> 108 | E97: 15 | F97: =VLOOKUP(A97,A$183:E$205,5,FALSE) -> 0.15 | I97: =VLOOKUP(A97,A$183:H$205,8,FALSE) -> 0 | J97: =E97*C97 -> 8.1 | K97: =IF(F97="n/a",D97*I97,F97*D97) -> 16.2 | L97: =H97*D97 -> 0 | M97: =MAX(J97:L97) -> 16.2
A98: =Zones!A98 -> Storage (General) | B98: =Zones!B98 -> Floor 3 Janitor | C98: =Zones!J98 -> 0.126 | D98: =Zones!G98 -> 63 | E98: 15 | F98: =VLOOKUP(A98,A$183:E$205,5,FALSE) -> 0.15 | I98: =VLOOKUP(A98,A$183:H$205,8,FALSE) -> 0 | J98: =E98*C98 -> 1.89 | K98: =IF(F98="n/a",D98*I98,F98*D98) -> 9.45 | L98: =H98*D98 -> 0 | M98: =MAX(J98:L98) -> 9.45
A99: =Zones!A99 -> Locker Room | B99: =Zones!B99 -> Floor 3 Locker | C99: =Zones!J99 -> 2.4 | D99: =Zones!G99 -> 120 | E99: 15 | F99: =VLOOKUP(A99,A$183:E$205,5,FALSE) -> 0.15 | G99: 0.25 | I99: =VLOOKUP(A99,A$183:H$205,8,FALSE) -> 0 | J99: =E99*C99 -> 36 | K99: =IF(F99="n/a",D99*I99,F99*D99) -> 18 | L99: =G99*D99 -> 30 | M99: =MAX(J99:L99) -> 36
A100: =Zones!A100 -> Lounge, Breakroom, or Waiting Area | B100: =Zones!B100 -> Floor 3 Lounge | C100: =Zones!J100 -> 25.047 | D100: =Zones!G100 -> 759 | E100: 15 | F100: =VLOOKUP(A100,A$183:E$205,5,FALSE) -> 0.15 | I100: =VLOOKUP(A100,A$183:H$205,8,FALSE) -> 0 | J100: =E100*C100 -> 375.705 | K100: =IF(F100="n/a",D100*I100,F100*D100) -> 113.85 | L100: =H100*D100 -> 0 | M100: =MAX(J100:L100) -> 375.705
A101: =Zones!A101 -> Restrooms | B101: =Zones!B101 -> Floor 3 Lounge Toilet | C101: =Zones!J101 -> 0.96 | D101: =Zones!G101 -> 192 | E101: 15 | F101: 0 | H101: =4*50 -> 200 | I101: =VLOOKUP(A101,A$183:H$205,8,FALSE) -> 0 | J101: =E101*C101 -> 14.4 | K101: =IF(F101="n/a",D101*I101,F101*D101) -> 0 | L101: =H101 -> 200 | M101: =MAX(J101:L101) -> 200 | N101: Toilet rooms, intermittent exhaust 50 cfm per toilet
A102: =Zones!A102 -> Electrical, Mechanical, Telephone Rooms | B102: =Zones!B102 -> Floor 3 Mechanical | C102: =Zones!J102 -> 1.05 | D102: =Zones!G102 -> 350 | E102: 15 | F102: =VLOOKUP(A102,A$183:E$205,5,FALSE) -> 0.15 | I102: =VLOOKUP(A102,A$183:H$205,8,FALSE) -> 0 | J102: =E102*C102 -> 15.75 | K102: =IF(F102="n/a",D102*I102,F102*D102) -> 52.5 | L102: =H102*D102 -> 0 | M102: =MAX(J102:L102) -> 52.5
A103: =Zones!A103 -> Corridor Area | B103: =Zones!B103 -> Floor 3 Mechanical Hall | C103: =Zones!J103 -> 1.5 | D103: =Zones!G103 -> 300 | E103: 15 | F103: =VLOOKUP(A103,A$183:E$205,5,FALSE) -> 0.15 | I103: =VLOOKUP(A103,A$183:H$205,8,FALSE) -> 0 | J103: =E103*C103 -> 22.5 | K103: =IF(F103="n/a",D103*I103,F103*D103) -> 45 | L103: =H103*D103 -> 0 | M103: =MAX(J103:L103) -> 45
A104: =Zones!A104 -> Office Area (>250 square feet) | B104: =Zones!B104 -> Floor 3 Office | C104: =Zones!J104 -> 15.18 | D104: =Zones!G104 -> 3036 | E104: 15 | F104: =VLOOKUP(A104,A$183:E$205,5,FALSE) -> 0.15 | I104: =VLOOKUP(A104,A$183:H$205,8,FALSE) -> 0 | J104: =E104*C104 -> 227.7 | K104: =IF(F104="n/a",D104*I104,F104*D104) -> 455.4 | L104: =H104*D104 -> 0 | M104: =MAX(J104:L104) -> 455.4
A105: =Zones!A105 -> Corridor Area | B105: =Zones!B105 -> Floor 3 Office Hall | C105: =Zones!J105 -> 4.17 | D105: =Zones!G105 -> 834 | E105: 15 | F105: =VLOOKUP(A105,A$183:E$205,5,FALSE) -> 0.15 | I105: =VLOOKUP(A105,A$183:H$205,8,FALSE) -> 0 | J105: =E105*C105 -> 62.55 | K105: =IF(F105="n/a",D105*I105,F105*D105) -> 125.1 | L105: =H105*D105 -> 0 | M105: =MAX(J105:L105) -> 125.1
A106: =Zones!A106 -> Restrooms | B106: =Zones!B106 -> Floor 3 Office Toilet | C106: =Zones!J106 -> 0.27 | D106: =Zones!G106 -> 54 | E106: 15 | F106: 0 | H106: 50 | I106: =VLOOKUP(A106,A$183:H$205,8,FALSE) -> 0 | J106: =E106*C106 -> 4.05 | K106: =IF(F106="n/a",D106*I106,F106*D106) -> 0 | L106: =H106 -> 50 | M106: =MAX(J106:L106) -> 50 | N106: Toilet rooms, intermittent exhaust 50 cfm per toilet
A107: =Zones!A107 -> Healthcare Facility and Hospitals (Physical Therapy Room) | B107: =Zones!B107 -> Floor 3 Physical Therapy 1 | C107: =Zones!J107 -> 13 | D107: =Zones!G107 -> 1300 | E107: 15 | F107: =VLOOKUP(A107,A$183:E$205,5,FALSE) -> n/a | I107: =VLOOKUP(A107,A$183:H$205,8,FALSE) -> 0.33333333 | J107: =E107*C107 -> 195 | K107: =IF(F107="n/a",D107*I107,F107*D107) -> 433.33333 | L107: =H107*D107 -> 0 | M107: =MAX(J107:L107) -> 433.33333
A108: =Zones!A108 -> Healthcare Facility and Hospitals (Physical Therapy Room) | B108: =Zones!B108 -> Floor 3 Physical Therapy 2 | C108: =Zones!J108 -> 5.92 | D108: =Zones!G108 -> 592 | E108: 15 | F108: =VLOOKUP(A108,A$183:E$205,5,FALSE) -> n/a | I108: =VLOOKUP(A108,A$183:H$205,8,FALSE) -> 0.33333333 | J108: =E108*C108 -> 88.8 | K108: =IF(F108="n/a",D108*I108,F108*D108) -> 197.33333 | L108: =H108*D108 -> 0 | M108: =MAX(J108:L108) -> 197.33333
A109: =Zones!A109 -> Restrooms | B109: =Zones!B109 -> Floor 3 Physical Therapy Toilet | C109: =Zones!J109 -> 0.42 | D109: =Zones!G109 -> 84 | E109: 15 | F109: =VLOOKUP(A109,A$183:E$205,5,FALSE) -> 0.15 | H109: =2*50 -> 100 | I109: =VLOOKUP(A109,A$183:H$205,8,FALSE) -> 0 | J109: =E109*C109 -> 6.3 | K109: =IF(F109="n/a",D109*I109,F109*D109) -> 12.6 | L109: =H109 -> 100 | M109: =MAX(J109:L109) -> 100 | N109: Toilet rooms, intermittent exhaust 50 cfm per toilet
A110: =Zones!A110 -> Storage (General) | B110: =Zones!B110 -> Floor 3 Storage 1 | C110: =Zones!J110 -> 0.216 | D110: =Zones!G110 -> 108 | E110: 15 | F110: =VLOOKUP(A110,A$183:E$205,5,FALSE) -> 0.15 | I110: =VLOOKUP(A110,A$183:H$205,8,FALSE) -> 0 | J110: =E110*C110 -> 3.24 | K110: =IF(F110="n/a",D110*I110,F110*D110) -> 16.2 | L110: =G110*D110 -> 0 | M110: =MAX(J110:L110) -> 16.2
A111: =Zones!A111 -> Storage (General) | B111: =Zones!B111 -> Floor 3 Storage 2 | C111: =Zones!J111 -> 0.168 | D111: =Zones!G111 -> 84 | E111: 15 | F111: =VLOOKUP(A111,A$183:E$205,5,FALSE) -> 0.15 | I111: =VLOOKUP(A111,A$183:H$205,8,FALSE) -> 0 | J111: =E111*C111 -> 2.52 | K111: =IF(F111="n/a",D111*I111,F111*D111) -> 12.6 | L111: =G111*D111 -> 0 | M111: =MAX(J111:L111) -> 12.6
...

Sheet Water Heater
A1: ="Water Heater - "&Prototype!A2 -> Water Heater - Outpatient
A2: Vintage | B2: WH Type | C2: Efficiency | D2: Tank Volume (gal) | E2: Tank Loss | G2: Note
A3: Existing | B3: Gas | C3: 0.8 | D3: =F135 -> 30 | E3: =G137 -> 649.11313 | F3: (Btu/hr)
A4: New Construction | B4: Gas | C4: 0.8 | D4: =F133 -> 30 | E4: =G133 -> 649.11313 | F4: (Btu/hr)
A7: Peak Hot Water Consumption
A8: Space Name | B8: Baseline WH Type [CEUS 2022] | C8: Total Area (ft²) | D8: Number of People | E8: Hot Water Usage Specification (gal/hr per person) [T24, 2022, Appendix 5.4A , sheet: "2022 SpaceFuncData-Input"] | F8: Peak Hot Water Usage (gal/hr) | G8: Peak Hot Water Usage (gal/min)
A9: =Zones!B3 -> Floor 1 Anesthesia | B9: Gas | C9: =Zones!G3 -> 108 | D9: =Zones!J3 -> 1.08 | E9: =VLOOKUP(Zones!A3,'Water Heater'!$A$201:$B$222, 2, FALSE) -> 0.24 | F9: =E9*D9 -> 0.2592 | G9: =F9/60 -> 0.00432
A10: =Zones!B4 -> Floor 1 Bio Haz | B10: Gas | C10: =Zones!G4 -> 56 | D10: =Zones!J4 -> 0.56 | E10: =VLOOKUP(Zones!A4,'Water Heater'!$A$201:$B$222, 2, FALSE) -> 0.24 | F10: =E10*D10 -> 0.1344 | G10: =F10/60 -> 0.00224
A11: =Zones!B5 -> Floor 1 Café | B11: Gas | C11: =Zones!G5 -> 420 | D11: =Zones!J5 -> 13.86 | E11: =VLOOKUP(Zones!A5,'Water Heater'!$A$201:$B$222, 2, FALSE) -> 0.578 | F11: =E11*D11 -> 8.01108 | G11: =F11/60 -> 0.133518
A12: =Zones!B6 -> Floor 1 Clean | B12: Gas | C12: =Zones!G6 -> 126 | D12: =Zones!J6 -> 1.26 | E12: =VLOOKUP(Zones!A6,'Water Heater'!$A$201:$B$222, 2, FALSE) -> 0.24 | F12: =E12*D12 -> 0.3024 | G12: =F12/60 -> 0.00504
A13: =Zones!B7 -> Floor 1 Clean Work | B13: Gas | C13: =Zones!G7 -> 165 | D13: =Zones!J7 -> 1.65 | E13: =VLOOKUP(Zones!A7,'Water Heater'!$A$201:$B$222, 2, FALSE) -> 0.24 | F13: =E13*D13 -> 0.396 | G13: =F13/60 -> 0.0066
A14: =Zones!B8 -> Floor 1 Dictation | B14: Gas | C14: =Zones!G8 -> 126 | D14: =Zones!J8 -> 0.63 | E14: =VLOOKUP(Zones!A8,'Water Heater'!$A$201:$B$222, 2, FALSE) -> 0.18 | F14: =E14*D14 -> 0.1134 | G14: =F14/60 -> 0.00189
A15: =Zones!B9 -> Floor 1 Dressing Room | B15: Gas | C15: =Zones!G9 -> 45 | D15: =Zones!J9 -> 0.225 | E15: =VLOOKUP(Zones!A9,'Water Heater'!$A$201:$B$222, 2, FALSE) -> 0.18 | F15: =E15*D15 -> 0.0405 | G15: =F15/60 -> 0.000675
A16: =Zones!B10 -> Floor 1 Electrical Room | B16: Gas | C16: =Zones!G10 -> 98 | D16: =Zones!J10 -> 0.294 | E16: =VLOOKUP(Zones!A10,'Water Heater'!$A$201:$B$222, 2, FALSE) -> 0.18 | F16: =E16*D16 -> 0.05292 | G16: =F16/60 -> 0.000882
A17: =Zones!B11 -> Floor 1 Elevator Pump Room | B17: Gas | C17: =Zones!G11 -> 91 | D17: =Zones!J11 -> 0.273 | E17: =VLOOKUP(Zones!A11,'Water Heater'!$A$201:$B$222, 2, FALSE) -> 0.18 | F17: =E17*D17 -> 0.04914 | G17: =F17/60 -> 0.000819
A18: =Zones!B12 -> Floor 1 Humid | B18: Gas | C18: =Zones!G12 -> 54 | D18: =Zones!J12 -> 0.27 | E18: =VLOOKUP(Zones!A12,'Water Heater'!$A$201:$B$222, 2, FALSE) -> 0.18 | F18: =E18*D18 -> 0.0486 | G18: =F18/60 -> 0.00081
A19: =Zones!B13 -> Floor 1 IT Hall | B19: Gas | C19: =Zones!G13 -> 140 | D19: =Zones!J13 -> 0.7 | E19: =VLOOKUP(Zones!A13,'Water Heater'!$A$201:$B$222, 2, FALSE) -> 0 | F19: =E19*D19 -> 0 | G19: =F19/60 -> 0
A20: =Zones!B14 -> Floor 1 IT Room | B20: Gas | C20: =Zones!G14 -> 112 | D20: =Zones!J14 -> 0.56 | E20: =VLOOKUP(Zones!A14,'Water Heater'!$A$201:$B$222, 2, FALSE) -> 0.18 | F20: =E20*D20 -> 0.1008 | G20: =F20/60 -> 0.00168
... A123: =Zones!B117 -> NE Stair | B123: Gas | C123: =Zones!G117 -> 168 | D123: =Zones!J117 -> 0.84 | E123: =VLOOKUP(Zones!A117,'Water Heater'!$A$201:$B$222, 2, FALSE) -> 0 | F123: =E123*D123 -> 0 | G123: =F123/60 -> 0
A124: =Zones!B118 -> NW Elevator | B124: Gas | C124: =Zones!G118 -> 140 | D124: =Zones!J118 -> 0 | E124: 0 | F124: =E124*D124 -> 0 | G124: =F124/60 -> 0
A125: =Zones!B119 -> NW Stair | B125: Gas | C125: =Zones!G119 -> 192 | D125: =Zones!J119 -> 0.96 | E125: =VLOOKUP(Zones!A119,'Water Heater'!$A$201:$B$222, 2, FALSE) -> 0 | F125: =E125*D125 -> 0 | G125: =F125/60 -> 0
A126: =Zones!B120 -> SW Stair | B126: Gas | C126: =Zones!G120 -> 96 | D126: =Zones!J120 -> 0.48 | E126: =VLOOKUP(Zones!A120,'Water Heater'!$A$201:$B$222, 2, FALSE) -> 0 | F126: =E126*D126 -> 0 | G126: =F126/60 -> 0
A127: =Zones!B121 -> Total ( 118 spaces) | B127: Gas | C127: =Zones!G121 -> 40946 | D127: =Zones!J121 -> 329.193 | F127: =SUM(F9:F126) -> 61.708218 | G127: =F127/60 -> 1.0284703
A131: Water Heater Capacity, Tank Capacity, and Tank Loss
A132: WH Type | B132: Peak Hot Water Usage (gal/hr) | C132: Heat Output (Btu/hr) [ACM, 2025, 5.9.2: Rated capacity section] | D132: WH Capacity (Btu/hr) [ACM, 2025, 5.9.2: Rated capacity section] | E132: Required Energy Input (Btu/hr) | F132: Storage Volume (gal) | G132: Standby Loss | I132: Off/On Cycle Loss Coefficient to Ambient Temp (Btu/h-F) | J132: Source
A133: Gas Storage WH | B133: =MAX(SUMIF(B9:B30, "*Gas*", F9:F30),75) -> 75 | C133: =B133*(135-55)*8.2877*1 -> 49726.2 | D133: =C133*B139 -> 29835.72 | E133: =D133/0.8 -> 37294.65 | F133: =F135-F134 -> 30 | G133: =(E133/800)+110*SQRT(F133) -> 649.11313 | H133: Btu/hr | I133: =G133/B145 -> 9.6882556 | J133: Standby loss equation: Title 20, §1605.1 Table F-4 WH capacity equation: ACM, 2025, 5.9.2: Rated capacity section)
A134: Electric resistance WH | B134: =SUMIF(B9:B30, "*Electric*", F9:F30) -> 0 | C134: =B134*(135-55)*8.2877*1 -> 0 | D134: =C134*0.85 -> 0 | E134: =D134/1 -> 0 | F134: =(B134*F135)/B135 -> 0 | H134: %hr | I134: =0.0834*G134*F134 -> 0
A135: Total | B135: =MAX(B133+B134,75) -> 75 | C135: =B135*(135-55)*8.2877*1 -> 49726.2 | D135: =C135*B139 -> 29835.72 | E135: =D135/0.8 -> 37294.65 | F135: =B135*1*B140 -> 30
A137: Design supply temperature (F) | B137: 135 | C137: Ref: T24 2022 - Appendix 5.4B | F137: Standby Loss for Existing | G137: =(E135/800)+110*SQRT(F135) -> 649.11313 | H137: Btu/hr | I137: =G137/B145 -> 9.6882556
A138: Cold Water supply temperature (F) | B138: 55 | C138: Ref: ACM, 2025, 5.9.2: Rated capacity section
A139: WH system factor | B139: 0.6 | C139: Ref: ACM, 2025, 5.9.2: Rated capacity section
A140: Reheat multiplier | B140: 0.4
A141: * The 0.40 multiplier is a storage sizing factor used to account for the fact that the water heater doesn't need to store the full peak hour demand—it can reheat water during that time. This factor assumes that the heater will recover part of the hot water used during the peak hour, so only 40% of the peak hour demand needs to be stored at any given moment.
A143: **For Gas Water Heater: UA(Btu/h-°F)​=Q˙​SL​ (Btu/h)/ΔT (∘F)​
A144: Ambient temp | B144: 68
A145: Delta T | B145: =B137-B144 -> 67
A146: ** For Electric Water Heater: UA(Btu/h-°F)​= 0.0834 *SL​ (%/hr)*V gal
A156: Background Data [To be deleted prior to publication]
A200: Space Type | B200: Hot Water Usage Specification (gal/hr per person) [T24, 2022, Appendix 5.4A , sheet: "2022 SpaceFuncData-Input"]
A201: Healthcare Facility and Hospitals (Exam/Treatment Room) | B201: 0.24
A202: Healthcare Facility and Hospitals (Medical Supply Room) | B202: 0.24
A203: Healthcare Facility and Hospitals (Imaging Room) | B203: 0.24
A204: Healthcare Facility and Hospitals (Nurse's Station) | B204: 0.24
A205: Healthcare Facility and Hospitals (Operating Room) | B205: 0.24
A206: Healthcare Facility and Hospitals (Recovery Room) | B206: 0.24
A207: Healthcare Facility and Hospitals (Physical Therapy Room) | B207: 0.24
A208: Healthcare Facility and Hospitals (Patient Room) | B208: 0.24
A209: Dining Area (Cafeteria/Fast Food) | B209: 0.578
A210: Office Area (<250 square feet) | B210: 0.18
A211: Office Area (>250 square feet) | B211: 0.18
A212: Convention, Conference, Multipurpose and Meeting Area | B212: 0.09
... A222: Electrical, Mechanical, Telephone Rooms | B222: 0.18

Sheet Interior Lights
A1: ="Interior Lighting - "&Prototype!A2 -> Interior Lighting - Outpatient
A2: Space | B2: New Construction | E2: Existing
B3: LPD (W/ft²) | C3: Additional LPD for PorTable Lighting (W/ft²) | D3: Source | E3: LPD (W/ft²) | F3: Additional LPD for PorTable Lighting (W/ft²) | G3: Source
A4: =Ventilation!A184 -> Healthcare Facility and Hospitals (Exam/Treatment Room) | B4: 1.15 | D4: T24, 2025, Table 140.6 C (Area category method) | E4: 1.15 | G4: T24, 2019, Table 140.6 C Room (Area category method)
A5: =Ventilation!A185 -> Healthcare Facility and Hospitals (Medical Supply Room) | B5: 0.55 | E5: 0.55
A6: =Ventilation!A186 -> Healthcare Facility and Hospitals (Imaging Room) | B6: 0.6 | E6: 1
A7: =Ventilation!A187 -> Healthcare Facility and Hospitals (Nurse's Station) | B7: 0.85 | E7: 0.75
A8: =Ventilation!A188 -> Healthcare Facility and Hospitals (Operating Room) | B8: 1.9 | E8: 1.9
A9: =Ventilation!A189 -> Healthcare Facility and Hospitals (Recovery Room) | B9: 0.9 | E9: 0.9
A10: =Ventilation!A190 -> Healthcare Facility and Hospitals (Physical Therapy Room) | B10: 0.75 | E10: 0.85
A11: =Ventilation!A191 -> Healthcare Facility and Hospitals (Patient Room) | B11: 0.7 | E11: 0.55
A12: =Ventilation!A192 -> Dining Area (Cafeteria/Fast Food) | B12: 0.45 | E12: 0.4
A13: =Ventilation!A193 -> Office Area (<250 square feet) | B13: 0.65 | E13: 0.7
A14: =Ventilation!A194 -> Office Area (>250 square feet) | B14: 0.6 | E14: 0.65
A15: =Ventilation!A195 -> Convention, Conference, Multipurpose and Meeting Area | B15: 0.75 | E15: 0.85
A16: =Ventilation!A196 -> Lobby, Main Entry | B16: 0.7 | E16: 0.85
... A22: =Ventilation!A202 -> Lounge, Breakroom, or Waiting Area | B22: 0.55 | E22: 0.65
A23: =Ventilation!A204 -> Stairwell | B23: 0.6 | E23: 0.5
A24: =Ventilation!A205 -> Electrical, Mechanical, Telephone Rooms | B24: 0.4 | E24: 0.4
A25: =Zones!A82 -> Reception area | B25: =0.7 -> 0.7 | E25: 0.85
A26: =Zones!A118 -> Elevator | B26: 0 | E26: 0
A29: *Healthcare Buildings are expected to update their lighting systems more frequently than offices. Therefore code edition of 2019 was considered as the reference for LPD of the existing prototypes.

Sheet Ext Lighting
A1: ="Exterior Lighting - "&Prototype!A2 -> Exterior Lighting - Outpatient
A2: Motion Controlled Luminaires (W) | B2: Non-motion Controlled Luminaires (W) | C2: Total (W) | D2: Source
A3: =G14 -> 1841.885 | B3: =G15 -> 1030.665 | C3: =B3+A3 -> 2872.55 | D3: T24, 2022 & 2025 2019 Outdoor Lighting CASE report PNNL 90.1-2010 TSD
A6: ="Exterior Lighting " -> Exterior Lighting
A7: Items (Assume LZ2) | B7: Assumptions [2019 Outdoor Lighting CASE Report & PNNL 90.1-2010 TSD] | D7: Unit | E7: Lighting Power Allowance [Title 24, 2025, Table 140.7-A & 140.7-B] | F7: Unit | G7: Exterior Lighting Power (W)
A8: IWA (Initial Wattage Allowance) | E8: 200 | F8: (W) | G8: =$E8 -> 200
A9: Parking area | B9: 400 ft² for every parking space 1 parking space per 830 ft² of gross building area | C9: =B20/250*400 -> 65520 | D9: (ft²) | E9: 0.019 | F9: (W/ft²) | G9: =$E9*65520 -> 1244.88
A10: Building Entrance | B10: 14 building entrance per PNNL Model | C10: 14 | D10: (count) | E10: 15 | F10: (W/ea) | G10: =E10*C10 -> 210
A11: Hardscape Ornamental Light | B11: 0.1 ft² per 1 ft² of gross building area for hardscape ornamental light | C11: 4095 | D11: (ft²) | E11: 0.007 | F11: (W/ft²) | G11: =E11*C11 -> 28.665
A12: Building façade | B12: 0.1 W per 1 ft² of facade area Façade Area = Perimeter × 0.5 × 28 ft (30 ft is the max height that is lit) * The 0.5 factor assumes that only half of the perimeter walls are lit. -Formula ia developed based on the 2019 Outdoor Lighting CASE report | C12: =B21*0.5*30 -> 10020 | D12: (ft²) | E12: 0.1 | F12: (W/ft²) | G12: =E12*C12 -> 1002
A13: Non-sales canopy | C13: 1365 | D13: (ft²) | E13: 0.137 | F13: (W/ft²) | G13: =E13*C13 -> 187.005
A14: Motion Controlled Luminaires (W) | G14: =G9+G8+G13+G10 -> 1841.885
A15: Non-motion-controlled Luminaires | G15: =G11+G12 -> 1030.665
A16: Total | G16: =G14+G15 -> 2872.55
A20: Total floor area | B20: =Prototype!B8 -> 40950
A21: Perimeter | B21: =10020/0.5/30 -> 668
A22: Floors | B22: 3
A25: Background Data [To be deleted prior to publication]

Sheet Equipment
A1: ="Equipment - "&Prototype!A2 -> Equipment - Outpatient
A2: Spaces | B2: Plug load Power Density (W/ft²) | C2: Gas Power Density (Btu/hr-ft²) | D2: Refrigeration Power Density (W/ft²) | E2: Source | F2: Note
A3: =Ventilation!A184 -> Healthcare Facility and Hospitals (Exam/Treatment Room) | B3: 1.5 | C3: 1.1259 | E3: T24 2022 - Appendix 5.4A | F3: Appendix 5.4A: Gas equipment=1.1259 Btu/h-ft²--CEC model has the Gas equipment for 3.59 Btu/h-ft²
A4: =Ventilation!A185 -> Healthcare Facility and Hospitals (Medical Supply Room) | B4: 1.5
A5: =Ventilation!A186 -> Healthcare Facility and Hospitals (Imaging Room) | B5: 10 | F5: PNNL has EPD=10 for Imaging room
A6: =Ventilation!A187 -> Healthcare Facility and Hospitals (Nurse's Station) | B6: 2 | F6: PNNL has EPD=2 for Nurse station
A7: =Ventilation!A188 -> Healthcare Facility and Hospitals (Operating Room) | B7: 11 | C7: 3.62 | F7: PNNL has EPD=11 for Operating room--CEC: Gas equipment=3.62 Btu/h-ft²
A8: =Ventilation!A189 -> Healthcare Facility and Hospitals (Recovery Room) | B8: 1.5
A9: =Ventilation!A190 -> Healthcare Facility and Hospitals (Physical Therapy Room) | B9: 1.5
A10: =Ventilation!A191 -> Healthcare Facility and Hospitals (Patient Room) | B10: 1.5
A11: =Ventilation!A192 -> Dining Area (Cafeteria/Fast Food) | B11: 0.5 | D11: 0.25 | F11: CEC: Refrig Load = 0.25 w/ft²
A12: =Ventilation!A193 -> Office Area (<250 square feet) | B12: 0.7 | F12: Plug load and schedules project with CEC, 2025
A13: =Ventilation!A194 -> Office Area (>250 square feet) | B13: 0.7 | F13: Plug load and schedules project with CEC, 2025
A14: =Ventilation!A195 -> Convention, Conference, Multipurpose and Meeting Area | B14: 1
A15: =Ventilation!A196 -> Lobby, Main Entry | B15: 0.5
A16: =Ventilation!A197 -> Corridor Area | B16: 0
A17: =Ventilation!A198 -> Restrooms | B17: 0
A18: =Ventilation!A199 -> Locker Room | B18: 0.5
A19: =Ventilation!A200 -> Kitchen/Food Preparation Area | B19: 1.5 | C19: 17.53768 | D19: 1.12 | F19: Appendix 5.4A: Gas equipment=17.53768 -- CEC: Refrig Load = 1.12 w/ft²
A20: =Ventilation!A201 -> Storage (General) | B20: 0.2
A21: =Ventilation!A202 -> Lounge, Breakroom, or Waiting Area | B21: 1
A22: =Ventilation!A204 -> Stairwell | B22: 0
A23: =Ventilation!A205 -> Electrical, Mechanical, Telephone Rooms | B23: 3
A24: =Zones!A41 -> Reception area | B24: =B15 -> 0.5
A25: =Zones!A118 -> Elevator | B25: 0
A27: Elevator
A28: Vintage | B28: No. of Elevators | C28: Cab Lighting Power Limit (W/ft²) | D28: Lighting Shutoff | E28: Cab Fan Control | F28: Fan Power Limit | G28: Regenerative Drive Threshold | H28: Design load (W) | I28: Note
A29: Existing | B29: =C37 -> 3 | C29: 1.65 | D29: n/a | E29: n/a | F29: n/a | G29: n/a | H29: =D47 -> 13860.78 | I29: Design Load based on PNNL ASHRAE 90.1 2013 Outpatient prototype
A30: New Construction | B30: =C37 -> 3 | C30: ≤ 0.6 W/ft² of cab floor area- Exempt (covered process) | D30: Automatic shut‑off after ≤ 5 min no‑occupancy | E30: When the elevator cab is stopped and unoccupied with doors closed for over 15 minutes, the cab interior lighting and ventilation fans shall be switched off until elevator cab operation resumes. | F30: ≤ 0.33 W per cfm of fan airflow | G30: n/a | H30: =B47 -> 7611.31 | I30: Design Load based on PNNL ASHRAE 90.1 2022 Outpatient prototype --- per T24 2025 §120.6 (f)
A33: Assumptions for elevators:
A34: One elevator for approximately 50,000 square feet in use.
A35: For every two floors or two and a half floors, one more elevator was added.
A36: An in-use rate of 70% for the floor area was assumed, based on engineering judgment.
A37: Calculated number of Elevators: | C37: =ROUND((40950*0.7/50000)+ROUND(3/2,0),0) -> 3 | D37: Same as PNNL assumptions
A38: Calculate Elevator load (kw)based on ACM 2022: | C38: =C37*C39 -> 30 | D38: 30 kw is PNNL ASHRE 90.1 2019 elevator load (Lift,light and Fan)--CEC Model has 80K for the elevator load.
A39: ACM 2022 suggestion for elevator load (kw): | C39: 10
A40: Elevator load will be defined as exterior load not equipment load
A42: Elevator Load= Elevator Lift+ Elevator Light+Fan | B42: 2022 | C42: 2019 | D42: 2013
A43: Elevator Lift (W) | B43: 7453.34 | C43: 13672.78 | D43: 13672.78
A44: Elevator Fan | B44: 157.97 | C44: 188 | D44: 188
A45: Elevator Light | B45: 0.7 W/ft² | C45: 1.5 w/ft² | D45: 1.65 w/ft²
A47: based on PNNL ASHRAE 90.1 Outpatient prototype | B47: =B43+B44 -> 7611.31 | C47: =C43+C44 -> 13860.78 | D47: =D43+D44 -> 13860.78

Sheet Schedules
A1: ="Schedules - "&Prototype!A2 -> Schedules - Outpatient
A2: Zone | B2: Schedule Category | C2: Schedule | D2: Source | E2: Type | F2: Hour
F3: 1 | G3: 2 | H3: 3 | I3: 4 | J3: 5 | K3: 6 | L3: 7 | M3: 8 | N3: 9 | O3: 10 | P3: 11 | Q3: 12 | R3: 13 | S3: 14 | T3: 15 | U3: 16 | V3: 17 | W3: 18 | X3: 19 | Y3: 20 | Z3: 21 | AA3: 22 | AB3: 23 | AC3: 24
A4: All Zones at level 2 and 3 | B4: Health | C4: Occupancy | D4: T24 2022 - Appendix 5.4B, [Health] | E4: Weekday | F4: 0 | G4: 0 | H4: 0 | I4: 0 | J4: 0 | K4: 0 | L4: 0 | M4: 0.1 | N4: 0.5 | O4: 0.8 | P4: 0.8 | Q4: 0.8 | R4: 0.8 | S4: 0.8 | T4: 0.8 | U4: 0.8 | V4: 0.8 | W4: 0.5 | X4: 0.3 | Y4: 0.3 | Z4: 0.2 | AA4: 0.2 | AB4: 0 | AC4: 0
E5: Saturday | F5: 0 | G5: 0 | H5: 0 | I5: 0 | J5: 0 | K5: 0 | L5: 0 | M5: 0.1 | N5: 0.3 | O5: 0.4 | P5: 0.4 | Q5: 0.4 | R5: 0.4 | S5: 0.4 | T5: 0.4 | U5: 0.4 | V5: 0.4 | W5: 0.1 | X5: 0.1 | Y5: 0 | Z5: 0 | AA5: 0 | AB5: 0 | AC5: 0
E6: Sunday | F6: 0 | G6: 0 | H6: 0 | I6: 0 | J6: 0 | K6: 0 | L6: 0 | M6: 0 | N6: 0.05 | O6: 0.05 | P6: 0.05 | Q6: 0.05 | R6: 0.05 | S6: 0.05 | T6: 0.05 | U6: 0.05 | V6: 0 | W6: 0 | X6: 0 | Y6: 0 | Z6: 0 | AA6: 0 | AB6: 0 | AC6: 0
A7: All Zones at level 2 and 3 | B7: Health | C7: Lights | D7: T24 2022 - Appendix 5.4B, [Health] | E7: Weekday | F7: 0.1 | G7: 0.1 | H7: 0.1 | I7: 0.1 | J7: 0.1 | K7: 0.1 | L7: 0.1 | M7: 0.45 | N7: 0.8 | O7: 0.8 | P7: 0.8 | Q7: 0.8 | R7: 0.8 | S7: 0.8 | T7: 0.8 | U7: 0.8 | V7: 0.3 | W7: 0.3 | X7: 0.3 | Y7: 0.3 | Z7: 0.3 | AA7: 0.3 | AB7: 0.3 | AC7: 0.1
E8: Saturday | F8: 0.1 | G8: 0.1 | H8: 0.1 | I8: 0.1 | J8: 0.1 | K8: 0.1 | L8: 0.1 | M8: 0.2 | N8: 0.35 | O8: 0.35 | P8: 0.35 | Q8: 0.35 | R8: 0.35 | S8: 0.35 | T8: 0.35 | U8: 0.35 | V8: 0.35 | W8: 0.35 | X8: 0.1 | Y8: 0.1 | Z8: 0.1 | AA8: 0.1 | AB8: 0.1 | AC8: 0.1
E9: Sunday | F9: 0.05 | G9: 0.05 | H9: 0.05 | I9: 0.05 | J9: 0.05 | K9: 0.05 | L9: 0.05 | M9: 0.05 | N9: 0.1 | O9: 0.1 | P9: 0.1 | Q9: 0.1 | R9: 0.1 | S9: 0.1 | T9: 0.1 | U9: 0.1 | V9: 0.05 | W9: 0.05 | X9: 0.05 | Y9: 0.05 | Z9: 0.05 | AA9: 0.05 | AB9: 0.05 | AC9: 0.05
A10: All Zones at level 2 and 3 | B10: Health | C10: ElecEquipment | D10: T24 2022 - Appendix 5.4B, [Health] | E10: Weekday | F10: 0.1 | G10: 0.1 | H10: 0.1 | I10: 0.1 | J10: 0.1 | K10: 0.1 | L10: 0.1 | M10: 0.5 | N10: 0.9 | O10: 0.9 | P10: 0.9 | Q10: 0.9 | R10: 0.9 | S10: 0.9 | T10: 0.9 | U10: 0.9 | V10: 0.3 | W10: 0.3 | X10: 0.3 | Y10: 0.3 | Z10: 0.3 | AA10: 0.3 | AB10: 0.3 | AC10: 0.1
E11: Saturday | F11: 0.1 | G11: 0.1 | H11: 0.1 | I11: 0.1 | J11: 0.1 | K11: 0.1 | L11: 0.1 | M11: 0.2 | N11: 0.4 | O11: 0.4 | P11: 0.4 | Q11: 0.4 | R11: 0.4 | S11: 0.4 | T11: 0.4 | U11: 0.4 | V11: 0.4 | W11: 0.4 | X11: 0.1 | Y11: 0.1 | Z11: 0.1 | AA11: 0.1 | AB11: 0.1 | AC11: 0.1
E12: Sunday | F12: 0.05 | G12: 0.05 | H12: 0.05 | I12: 0.05 | J12: 0.05 | K12: 0.05 | L12: 0.05 | M12: 0.05 | N12: 0.1 | O12: 0.1 | P12: 0.1 | Q12: 0.1 | R12: 0.1 | S12: 0.1 | T12: 0.1 | U12: 0.1 | V12: 0.05 | W12: 0.05 | X12: 0.05 | Y12: 0.05 | Z12: 0.05 | AA12: 0.05 | AB12: 0.05 | AC12: 0.05
A13: All Zones at level 2 and 3 | B13: Health | C13: ServiceHotWater | D13: T24 2022 - Appendix 5.4B, [Health] | E13: Weekday | F13: 0.01 | G13: 0.01 | H13: 0.01 | I13: 0.01 | J13: 0.01 | K13: 0.01 | L13: 0.01 | M13: 0.17 | N13: 0.58 | O13: 0.66 | P13: 0.78 | Q13: 0.82 | R13: 0.71 | S13: 0.82 | T13: 0.78 | U13: 0.74 | V13: 0.63 | W13: 0.41 | X13: 0.18 | Y13: 0.18 | Z13: 0.18 | AA13: 0.1 | AB13: 0.01 | AC13: 0.01
E14: Saturday | F14: 0.01 | G14: 0.01 | H14: 0.01 | I14: 0.01 | J14: 0.01 | K14: 0.01 | L14: 0.01 | M14: 0.01 | N14: 0.2 | O14: 0.28 | P14: 0.3 | Q14: 0.3 | R14: 0.24 | S14: 0.24 | T14: 0.23 | U14: 0.23 | V14: 0.23 | W14: 0.1 | X14: 0.01 | Y14: 0.01 | Z14: 0.01 | AA14: 0.01 | AB14: 0.01 | AC14: 0.01
E15: Sunday | F15: 0.01 | G15: 0.01 | H15: 0.01 | I15: 0.01 | J15: 0.01 | K15: 0.01 | L15: 0.01 | M15: 0.01 | N15: 0.01 | O15: 0.01 | P15: 0.01 | Q15: 0.01 | R15: 0.01 | S15: 0.01 | T15: 0.01 | U15: 0.01 | V15: 0.01 | W15: 0.01 | X15: 0.01 | Y15: 0.01 | Z15: 0.01 | AA15: 0.01 | AB15: 0.01 | AC15: 0.01
A16: All Zones at level 2 and 3 | B16: Health | C16: GasEquipment | D16: T24 2022 - Appendix 5.4B, [Health] | E16: Weekday | F16: 0 | G16: 0 | H16: 0 | I16: 0 | J16: 0 | K16: 0 | L16: 0 | M16: 0.75 | N16: 0.9 | O16: 0.9 | P16: 0.9 | Q16: 0.9 | R16: 0.9 | S16: 0.9 | T16: 0.9 | U16: 0.9 | V16: 0.9 | W16: 0.75 | X16: 0.2 | Y16: 0.1 | Z16: 0 | AA16: 0 | AB16: 0 | AC16: 0
E17: Saturday | F17: 0 | G17: 0 | H17: 0 | I17: 0 | J17: 0 | K17: 0 | L17: 0 | M17: 0.3 | N17: 0.5 | O17: 0.5 | P17: 0.5 | Q17: 0.5 | R17: 0.5 | S17: 0.5 | T17: 0.5 | U17: 0.5 | V17: 0.5 | W17: 0.3 | X17: 0 | Y17: 0 | Z17: 0 | AA17: 0 | AB17: 0 | AC17: 0
E18: Sunday | F18: 0 | G18: 0 | H18: 0 | I18: 0 | J18: 0 | K18: 0 | L18: 0 | M18: 0 | N18: 0 | O18: 0 | P18: 0 | Q18: 0 | R18: 0 | S18: 0 | T18: 0 | U18: 0 | V18: 0 | W18: 0 | X18: 0 | Y18: 0 | Z18: 0 | AA18: 0 | AB18: 0 | AC18: 0
A19: All Zones at level 2 and 3 | B19: Health | C19: Refrigeration | D19: T24 2022 - Appendix 5.4B, [Health] | E19: Weekday | F19: 0.9 | G19: 0.9 | H19: 0.9 | I19: 0.9 | J19: 0.9 | K19: 0.9 | L19: 0.9 | M19: 0.9 | N19: 0.9 | O19: 0.9 | P19: 0.9 | Q19: 0.9 | R19: 0.9 | S19: 0.9 | T19: 0.9 | U19: 0.9 | V19: 0.9 | W19: 0.9 | X19: 0.9 | Y19: 0.9 | Z19: 0.9 | AA19: 0.9 | AB19: 0.9 | AC19: 0.9
E20: Saturday | F20: 0.9 | G20: 0.9 | H20: 0.9 | I20: 0.9 | J20: 0.9 | K20: 0.9 | L20: 0.9 | M20: 0.9 | N20: 0.9 | O20: 0.9 | P20: 0.9 | Q20: 0.9 | R20: 0.9 | S20: 0.9 | T20: 0.9 | U20: 0.9 | V20: 0.9 | W20: 0.9 | X20: 0.9 | Y20: 0.9 | Z20: 0.9 | AA20: 0.9 | AB20: 0.9 | AC20: 0.9
E21: Sunday | F21: 0.9 | G21: 0.9 | H21: 0.9 | I21: 0.9 | J21: 0.9 | K21: 0.9 | L21: 0.9 | M21: 0.9 | N21: 0.9 | O21: 0.9 | P21: 0.9 | Q21: 0.9 | R21: 0.9 | S21: 0.9 | T21: 0.9 | U21: 0.9 | V21: 0.9 | W21: 0.9 | X21: 0.9 | Y21: 0.9 | Z21: 0.9 | AA21: 0.9 | AB21: 0.9 | AC21: 0.9
A22: All Zones at level 2 and 4 | B22: Health | C22: Infiltration | D22: T24 2022 - Appendix 5.4B, [Health] | E22: Weekday | F22: =IF(F25=1,0.25,1) -> 1 | G22: =IF(G25=1,0.25,1) -> 1 | H22: =IF(H25=1,0.25,1) -> 1 | I22: =IF(I25=1,0.25,1) -> 1 | J22: =IF(J25=1,0.25,1) -> 1 | K22: =IF(K25=1,0.25,1) -> 1 | L22: =IF(L25=1,0.25,1) -> 0.25 | M22: =IF(M25=1,0.25,1) -> 0.25 | ... AC22: =IF(AC25=1,0.25,1) -> 1
E23: Saturday | F23: =IF(F26=1,0.25,1) -> 1 | G23: =IF(G26=1,0.25,1) -> 1 | H23: =IF(H26=1,0.25,1) -> 1 | I23: =IF(I26=1,0.25,1) -> 1 | J23: =IF(J26=1,0.25,1) -> 1 | K23: =IF(K26=1,0.25,1) -> 1 | L23: =IF(L26=1,0.25,1) -> 0.25 | M23: =IF(M26=1,0.25,1) -> 0.25 | ... AC23: =IF(AC26=1,0.25,1) -> 1
E24: Sunday | F24: =IF(F27=1,0.25,1) -> 1 | G24: =IF(G27=1,0.25,1) -> 1 | H24: =IF(H27=1,0.25,1) -> 1 | I24: =IF(I27=1,0.25,1) -> 1 | J24: =IF(J27=1,0.25,1) -> 1 | K24: =IF(K27=1,0.25,1) -> 1 | L24: =IF(L27=1,0.25,1) -> 1 | M24: =IF(M27=1,0.25,1) -> 0.25 | ... AC24: =IF(AC27=1,0.25,1) -> 1
A25: All Zones at level 2 and 3 | B25: Health | C25: HVACAvail | D25: T24 2022 - Appendix 5.4B, [Health] | E25: Weekday | F25: 0 | G25: 0 | H25: 0 | I25: 0 | J25: 0 | K25: 0 | L25: 1 | M25: 1 | N25: 1 | O25: 1 | P25: 1 | Q25: 1 | R25: 1 | S25: 1 | T25: 1 | U25: 1 | V25: 1 | W25: 1 | X25: 1 | Y25: 1 | Z25: 1 | AA25: 1 | AB25: 0 | AC25: 0
E26: Saturday | F26: 0 | G26: 0 | H26: 0 | I26: 0 | J26: 0 | K26: 0 | L26: 1 | M26: 1 | N26: 1 | O26: 1 | P26: 1 | Q26: 1 | R26: 1 | S26: 1 | T26: 1 | U26: 1 | V26: 1 | W26: 1 | X26: 1 | Y26: 0 | Z26: 0 | AA26: 0 | AB26: 0 | AC26: 0
E27: Sunday | F27: 0 | G27: 0 | H27: 0 | I27: 0 | J27: 0 | K27: 0 | L27: 0 | M27: 1 | N27: 1 | O27: 1 | P27: 1 | Q27: 1 | R27: 1 | S27: 1 | T27: 1 | U27: 1 | V27: 0 | W27: 0 | X27: 0 | Y27: 0 | Z27: 0 | AA27: 0 | AB27: 0 | AC27: 0
A28: All the zones | B28: Health | C28: HtgSetpt | E28: Weekday | F28: =IF(F25=1,Thermostat!$B$3,Thermostat!$B$4) -> 70 | G28: =IF(G25=1,Thermostat!$B$3,Thermostat!$B$4) -> 70 | H28: =IF(H25=1,Thermostat!$B$3,Thermostat!$B$4) -> 70 | I28: =IF(I25=1,Thermostat!$B$3,Thermostat!$B$4) -> 70 | J28: =IF(J25=1,Thermostat!$B$3,Thermostat!$B$4) -> 70 | K28: =IF(K25=1,Thermostat!$B$3,Thermostat!$B$4) -> 70 | L28: =IF(L25=1,Thermostat!$B$3,Thermostat!$B$4) -> 70 | M28: =IF(M25=1,Thermostat!$B$3,Thermostat!$B$4) -> 70 | ... AC28: =IF(AC25=1,Thermostat!$B$3,Thermostat!$B$4) -> 70
E29: Saturday | F29: =IF(F26=1,Thermostat!$B$3,Thermostat!$B$4) -> 70 | G29: =IF(G26=1,Thermostat!$B$3,Thermostat!$B$4) -> 70 | H29: =IF(H26=1,Thermostat!$B$3,Thermostat!$B$4) -> 70 | I29: =IF(I26=1,Thermostat!$B$3,Thermostat!$B$4) -> 70 | J29: =IF(J26=1,Thermostat!$B$3,Thermostat!$B$4) -> 70 | K29: =IF(K26=1,Thermostat!$B$3,Thermostat!$B$4) -> 70 | L29: =IF(L26=1,Thermostat!$B$3,Thermostat!$B$4) -> 70 | M29: =IF(M26=1,Thermostat!$B$3,Thermostat!$B$4) -> 70 | ... AC29: =IF(AC26=1,Thermostat!$B$3,Thermostat!$B$4) -> 70
E30: Sunday | F30: =IF(F27=1,Thermostat!$B$3,Thermostat!$B$4) -> 70 | G30: =IF(G27=1,Thermostat!$B$3,Thermostat!$B$4) -> 70 | H30: =IF(H27=1,Thermostat!$B$3,Thermostat!$B$4) -> 70 | I30: =IF(I27=1,Thermostat!$B$3,Thermostat!$B$4) -> 70 | J30: =IF(J27=1,Thermostat!$B$3,Thermostat!$B$4) -> 70 | K30: =IF(K27=1,Thermostat!$B$3,Thermostat!$B$4) -> 70 | L30: =IF(L27=1,Thermostat!$B$3,Thermostat!$B$4) -> 70 | M30: =IF(M27=1,Thermostat!$B$3,Thermostat!$B$4) -> 70 | ... AC30: =IF(AC27=1,Thermostat!$B$3,Thermostat!$B$4) -> 70
A31: All the zones | B31: Health | C31: ClgSetpt | E31: Weekday | F31: =IF(F25=1,Thermostat!$B$5,Thermostat!$B$6) -> 75 | G31: =IF(G25=1,Thermostat!$B$5,Thermostat!$B$6) -> 75 | H31: =IF(H25=1,Thermostat!$B$5,Thermostat!$B$6) -> 75 | I31: =IF(I25=1,Thermostat!$B$5,Thermostat!$B$6) -> 75 | J31: =IF(J25=1,Thermostat!$B$5,Thermostat!$B$6) -> 75 | K31: =IF(K25=1,Thermostat!$B$5,Thermostat!$B$6) -> 75 | L31: =IF(L25=1,Thermostat!$B$5,Thermostat!$B$6) -> 75 | M31: =IF(M25=1,Thermostat!$B$5,Thermostat!$B$6) -> 75 | ... AC31: =IF(AC25=1,Thermostat!$B$5,Thermostat!$B$6) -> 75
E32: Saturday | F32: =IF(F26=1,Thermostat!$B$5,Thermostat!$B$6) -> 75 | G32: =IF(G26=1,Thermostat!$B$5,Thermostat!$B$6) -> 75 | H32: =IF(H26=1,Thermostat!$B$5,Thermostat!$B$6) -> 75 | I32: =IF(I26=1,Thermostat!$B$5,Thermostat!$B$6) -> 75 | J32: =IF(J26=1,Thermostat!$B$5,Thermostat!$B$6) -> 75 | K32: =IF(K26=1,Thermostat!$B$5,Thermostat!$B$6) -> 75 | L32: =IF(L26=1,Thermostat!$B$5,Thermostat!$B$6) -> 75 | M32: =IF(M26=1,Thermostat!$B$5,Thermostat!$B$6) -> 75 | ... AC32: =IF(AC26=1,Thermostat!$B$5,Thermostat!$B$6) -> 75
E33: Sunday | F33: =IF(F27=1,Thermostat!$B$5,Thermostat!$B$6) -> 75 | G33: =IF(G27=1,Thermostat!$B$5,Thermostat!$B$6) -> 75 | H33: =IF(H27=1,Thermostat!$B$5,Thermostat!$B$6) -> 75 | I33: =IF(I27=1,Thermostat!$B$5,Thermostat!$B$6) -> 75 | J33: =IF(J27=1,Thermostat!$B$5,Thermostat!$B$6) -> 75 | K33: =IF(K27=1,Thermostat!$B$5,Thermostat!$B$6) -> 75 | L33: =IF(L27=1,Thermostat!$B$5,Thermostat!$B$6) -> 75 | M33: =IF(M27=1,Thermostat!$B$5,Thermostat!$B$6) -> 75 | ... AC33: =IF(AC27=1,Thermostat!$B$5,Thermostat!$B$6) -> 75
A34: Office | C34: Other
A35: Office | B35: Office | C35: Occupancy | D35: T24 2022 - Appendix 5.4B, [Office] Updated base on Plug load and schedules project with CEC, 2025 | E35: Weekday | F35: 0 | G35: 0 | H35: 0 | I35: 0 | J35: 0 | K35: 0 | L35: 0.1 | M35: 0.2 | N35: 0.95 | O35: 0.95 | P35: 0.95 | Q35: 0.95 | R35: 0.5 | S35: 0.95 | T35: 0.95 | U35: 0.95 | V35: 0.95 | W35: 0.3 | X35: 0.1 | Y35: 0.1 | Z35: 0.1 | AA35: 0.1 | AB35: 0.05 | AC35: 0.05
E36: Saturday | F36: 0 | G36: 0 | H36: 0 | I36: 0 | J36: 0 | K36: 0 | L36: 0.05 | M36: 0.05 | N36: 0.05 | O36: 0.05 | P36: 0.05 | Q36: 0.05 | R36: 0.05 | S36: 0.05 | T36: 0.05 | U36: 0.05 | V36: 0.05 | W36: 0.05 | X36: 0 | Y36: 0 | Z36: 0 | AA36: 0 | AB36: 0 | AC36: 0
E37: Sunday | F37: 0 | G37: 0 | H37: 0 | I37: 0 | J37: 0 | K37: 0 | L37: 0.05 | M37: 0.05 | N37: 0.05 | O37: 0.05 | P37: 0.05 | Q37: 0.05 | R37: 0.05 | S37: 0.05 | T37: 0.05 | U37: 0.05 | V37: 0.05 | W37: 0.05 | X37: 0 | Y37: 0 | Z37: 0 | AA37: 0 | AB37: 0 | AC37: 0
A38: Office | B38: Office | C38: Lights | D38: T24 2022 - Appendix 5.4B, [Office] | E38: Weekday | F38: 0.05 | G38: 0.05 | H38: 0.05 | I38: 0.05 | J38: 0.05 | K38: 0.1 | L38: 0.1 | M38: 0.3 | N38: 0.65 | O38: 0.65 | P38: 0.65 | Q38: 0.65 | R38: 0.65 | S38: 0.65 | T38: 0.65 | U38: 0.65 | V38: 0.65 | W38: 0.35 | X38: 0.3 | Y38: 0.3 | Z38: 0.2 | AA38: 0.2 | AB38: 0.1 | AC38: 0.05
E39: Saturday | F39: 0.05 | G39: 0.05 | H39: 0.05 | I39: 0.05 | J39: 0.05 | K39: 0.05 | L39: 0.05 | M39: 0.05 | N39: 0.05 | O39: 0.05 | P39: 0.05 | Q39: 0.05 | R39: 0.05 | S39: 0.05 | T39: 0.05 | U39: 0.05 | V39: 0.05 | W39: 0.05 | X39: 0.05 | Y39: 0.05 | Z39: 0.05 | AA39: 0.05 | AB39: 0.05 | AC39: 0.05
E40: Sunday | F40: 0.05 | G40: 0.05 | H40: 0.05 | I40: 0.05 | J40: 0.05 | K40: 0.05 | L40: 0.05 | M40: 0.05 | N40: 0.05 | O40: 0.05 | P40: 0.05 | Q40: 0.05 | R40: 0.05 | S40: 0.05 | T40: 0.05 | U40: 0.05 | V40: 0.05 | W40: 0.05 | X40: 0.05 | Y40: 0.05 | Z40: 0.05 | AA40: 0.05 | AB40: 0.05 | AC40: 0.05
A41: Office | B41: Office | C41: ElecEquipment | D41: Plug load and schedules project with CEC, 2025 | E41: Weekday | F41: 0.45 | G41: 0.45 | H41: 0.45 | I41: 0.45 | J41: 0.45 | K41: 0.45 | L41: 0.45 | M41: 0.74 | N41: 0.87 | O41: 0.9 | P41: 0.9 | Q41: 0.9 | R41: 0.9 | S41: 0.9 | T41: 0.9 | U41: 0.9 | V41: 0.9 | W41: 0.7 | X41: 0.5 | Y41: 0.5 | Z41: 0.5 | AA41: 0.45 | AB41: 0.45 | AC41: 0.45
E42: Saturday | F42: 0.43 | G42: 0.43 | H42: 0.43 | I42: 0.43 | J42: 0.43 | K42: 0.43 | L42: 0.43 | M42: 0.43 | N42: 0.43 | O42: 0.43 | P42: 0.43 | Q42: 0.43 | R42: 0.43 | S42: 0.43 | T42: 0.43 | U42: 0.43 | V42: 0.43 | W42: 0.43 | X42: 0.43 | Y42: 0.43 | Z42: 0.43 | AA42: 0.43 | AB42: 0.43 | AC42: 0.43
E43: Sunday | F43: 0.43 | G43: 0.43 | H43: 0.43 | I43: 0.43 | J43: 0.43 | K43: 0.43 | L43: 0.43 | M43: 0.43 | N43: 0.43 | O43: 0.43 | P43: 0.43 | Q43: 0.43 | R43: 0.43 | S43: 0.43 | T43: 0.43 | U43: 0.43 | V43: 0.43 | W43: 0.43 | X43: 0.43 | Y43: 0.43 | Z43: 0.43 | AA43: 0.43 | AB43: 0.43 | AC43: 0.43
A44: Office | B44: Office | C44: HVACAvail | D44: T24 2022 - Appendix 5.4B, [Office] Updated base on Plug load and schedules project with CEC, 202 | E44: Weekday | F44: 0 | G44: 0 | H44: 0 | I44: 0 | J44: 0 | K44: 1 | L44: 1 | M44: 1 | N44: 1 | O44: 1 | P44: 1 | Q44: 1 | R44: 1 | S44: 1 | T44: 1 | U44: 1 | V44: 1 | W44: 1 | X44: 1 | Y44: 1 | Z44: 1 | AA44: 1 | AB44: 1 | AC44: 1
E45: Saturday | F45: 0 | G45: 0 | H45: 0 | I45: 0 | J45: 0 | K45: 0 | L45: 0 | M45: 0 | N45: 0 | O45: 0 | P45: 0 | Q45: 0 | R45: 0 | S45: 0 | T45: 0 | U45: 0 | V45: 0 | W45: 0 | X45: 0 | Y45: 0 | Z45: 0 | AA45: 0 | AB45: 0 | AC45: 0
E46: Sunday | F46: 0 | G46: 0 | H46: 0 | I46: 0 | J46: 0 | K46: 0 | L46: 0 | M46: 0 | N46: 0 | O46: 0 | P46: 0 | Q46: 0 | R46: 0 | S46: 0 | T46: 0 | U46: 0 | V46: 0 | W46: 0 | X46: 0 | Y46: 0 | Z46: 0 | AA46: 0 | AB46: 0 | AC46: 0
A47: Office | B47: Office | C47: ServiceHotWater | D47: T24 2022 - Appendix 5.4B, [Office] | E47: Weekday | F47: 0.05 | G47: 0.05 | H47: 0.05 | I47: 0.05 | J47: 0.05 | K47: 0.08 | L47: 0.07 | M47: 0.19 | N47: 0.35 | O47: 0.38 | P47: 0.39 | Q47: 0.47 | R47: 0.57 | S47: 0.54 | T47: 0.34 | U47: 0.33 | V47: 0.44 | W47: 0.26 | X47: 0.21 | Y47: 0.15 | Z47: 0.17 | AA47: 0.08 | AB47: 0.05 | AC47: 0.05
E48: Saturday | F48: 0.05 | G48: 0.05 | H48: 0.05 | I48: 0.05 | J48: 0.05 | K48: 0.08 | L48: 0.07 | M48: 0.11 | N48: 0.15 | O48: 0.21 | P48: 0.19 | Q48: 0.23 | R48: 0.2 | S48: 0.19 | T48: 0.15 | U48: 0.12 | V48: 0.14 | W48: 0.07 | X48: 0.07 | Y48: 0.07 | Z48: 0.07 | AA48: 0.09 | AB48: 0.05 | AC48: 0.05
E49: Sunday | F49: 0.04 | G49: 0.04 | H49: 0.04 | I49: 0.04 | J49: 0.04 | K49: 0.07 | L49: 0.04 | M49: 0.04 | N49: 0.04 | O49: 0.04 | P49: 0.04 | Q49: 0.06 | R49: 0.06 | S49: 0.09 | T49: 0.06 | U49: 0.04 | V49: 0.04 | W49: 0.04 | X49: 0.04 | Y49: 0.04 | Z49: 0.04 | AA49: 0.07 | AB49: 0.04 | AC49: 0.04
A50: Office | B50: Office | C50: Infiltration | D50: T24 2022 - Appendix 5.4B, [Office] Updated base on Plug load and schedules project with CEC, 202 | E50: Weekday | F50: 1 | G50: 1 | H50: 1 | I50: 1 | J50: 1 | K50: 0.25 | L50: 0.25 | M50: 0.25 | N50: 0.25 | O50: 0.25 | P50: 0.25 | Q50: 0.25 | R50: 0.25 | S50: 0.25 | T50: 0.25 | U50: 0.25 | V50: 0.25 | W50: 0.25 | X50: 0.25 | Y50: 0.25 | Z50: 0.25 | AA50: 0.25 | AB50: 0.25 | AC50: 0.25
E51: Saturday | F51: 1 | G51: 1 | H51: 1 | I51: 1 | J51: 1 | K51: 1 | L51: 1 | M51: 1 | N51: 1 | O51: 1 | P51: 1 | Q51: 1 | R51: 1 | S51: 1 | T51: 1 | U51: 1 | V51: 1 | W51: 1 | X51: 1 | Y51: 1 | Z51: 1 | AA51: 1 | AB51: 1 | AC51: 1
E52: Sunday | F52: 1 | G52: 1 | H52: 1 | I52: 1 | J52: 1 | K52: 1 | L52: 1 | M52: 1 | N52: 1 | O52: 1 | P52: 1 | Q52: 1 | R52: 1 | S52: 1 | T52: 1 | U52: 1 | V52: 1 | W52: 1 | X52: 1 | Y52: 1 | Z52: 1 | AA52: 1 | AB52: 1 | AC52: 1
A53: Office | B53: Office | C53: HtgSetpt | D53: Honeywell-INNCOM e7 Thermostat User Guide & Engineering Judgement | E53: Weekday | F53: =IF((F44=1),Thermostat!$B$3,Thermostat!$B$4) -> 70 | G53: =IF((G44=1),Thermostat!$B$3,Thermostat!$B$4) -> 70 | H53: =IF((H44=1),Thermostat!$B$3,Thermostat!$B$4) -> 70 | I53: =IF((I44=1),Thermostat!$B$3,Thermostat!$B$4) -> 70 | J53: =IF((J44=1),Thermostat!$B$3,Thermostat!$B$4) -> 70 | K53: =IF((K44=1),Thermostat!$B$3,Thermostat!$B$4) -> 70 | L53: =IF((L44=1),Thermostat!$B$3,Thermostat!$B$4) -> 70 | M53: =IF((M44=1),Thermostat!$B$3,Thermostat!$B$4) -> 70 | ... AC53: =IF((AC44=1),Thermostat!$B$3,Thermostat!$B$4) -> 70
E54: Saturday | F54: =IF((F45=1),Thermostat!$B$3,Thermostat!$B$4) -> 70 | G54: =IF((G45=1),Thermostat!$B$3,Thermostat!$B$4) -> 70 | H54: =IF((H45=1),Thermostat!$B$3,Thermostat!$B$4) -> 70 | I54: =IF((I45=1),Thermostat!$B$3,Thermostat!$B$4) -> 70 | J54: =IF((J45=1),Thermostat!$B$3,Thermostat!$B$4) -> 70 | K54: =IF((K45=1),Thermostat!$B$3,Thermostat!$B$4) -> 70 | L54: =IF((L45=1),Thermostat!$B$3,Thermostat!$B$4) -> 70 | M54: =IF((M45=1),Thermostat!$B$3,Thermostat!$B$4) -> 70 | ... AC54: =IF((AC45=1),Thermostat!$B$3,Thermostat!$B$4) -> 70
E55: Sunday | F55: =IF((F46=1),Thermostat!$B$3,Thermostat!$B$4) -> 70 | G55: =IF((G46=1),Thermostat!$B$3,Thermostat!$B$4) -> 70 | H55: =IF((H46=1),Thermostat!$B$3,Thermostat!$B$4) -> 70 | I55: =IF((I46=1),Thermostat!$B$3,Thermostat!$B$4) -> 70 | J55: =IF((J46=1),Thermostat!$B$3,Thermostat!$B$4) -> 70 | K55: =IF((K46=1),Thermostat!$B$3,Thermostat!$B$4) -> 70 | L55: =IF((L46=1),Thermostat!$B$3,Thermostat!$B$4) -> 70 | M55: =IF((M46=1),Thermostat!$B$3,Thermostat!$B$4) -> 70 | ... AC55: =IF((AC46=1),Thermostat!$B$3,Thermostat!$B$4) -> 70
A56: Office | B56: Office | C56: ClgSetpt | D56: Honeywell-INNCOM e7 Thermostat User Guide & Engineering Judgement | E56: Weekday | F56: =IF((F44=1),Thermostat!$B$5,Thermostat!$B$6) -> 75 | G56: =IF((G44=1),Thermostat!$B$5,Thermostat!$B$6) -> 75 | H56: =IF((H44=1),Thermostat!$B$5,Thermostat!$B$6) -> 75 | I56: =IF((I44=1),Thermostat!$B$5,Thermostat!$B$6) -> 75 | J56: =IF((J44=1),Thermostat!$B$5,Thermostat!$B$6) -> 75 | K56: =IF((K44=1),Thermostat!$B$5,Thermostat!$B$6) -> 75 | L56: =IF((L44=1),Thermostat!$B$5,Thermostat!$B$6) -> 75 | M56: =IF((M44=1),Thermostat!$B$5,Thermostat!$B$6) -> 75 | ... AC56: =IF((AC44=1),Thermostat!$B$5,Thermostat!$B$6) -> 75
E57: Saturday | F57: =IF((F45=1),Thermostat!$B$5,Thermostat!$B$6) -> 75 | G57: =IF((G45=1),Thermostat!$B$5,Thermostat!$B$6) -> 75 | H57: =IF((H45=1),Thermostat!$B$5,Thermostat!$B$6) -> 75 | I57: =IF((I45=1),Thermostat!$B$5,Thermostat!$B$6) -> 75 | J57: =IF((J45=1),Thermostat!$B$5,Thermostat!$B$6) -> 75 | K57: =IF((K45=1),Thermostat!$B$5,Thermostat!$B$6) -> 75 | L57: =IF((L45=1),Thermostat!$B$5,Thermostat!$B$6) -> 75 | M57: =IF((M45=1),Thermostat!$B$5,Thermostat!$B$6) -> 75 | ... AC57: =IF((AC45=1),Thermostat!$B$5,Thermostat!$B$6) -> 75
E58: Sunday | F58: =IF((F46=1),Thermostat!$B$5,Thermostat!$B$6) -> 75 | G58: =IF((G46=1),Thermostat!$B$5,Thermostat!$B$6) -> 75 | H58: =IF((H46=1),Thermostat!$B$5,Thermostat!$B$6) -> 75 | I58: =IF((I46=1),Thermostat!$B$5,Thermostat!$B$6) -> 75 | J58: =IF((J46=1),Thermostat!$B$5,Thermostat!$B$6) -> 75 | K58: =IF((K46=1),Thermostat!$B$5,Thermostat!$B$6) -> 75 | L58: =IF((L46=1),Thermostat!$B$5,Thermostat!$B$6) -> 75 | M58: =IF((M46=1),Thermostat!$B$5,Thermostat!$B$6) -> 75 | ... AC58: =IF((AC46=1),Thermostat!$B$5,Thermostat!$B$6) -> 75
A59: Other | C59: Other
B60: Building | C60: Elevator | D60: T24 2022 - Appendix 5.4B, [Health] | E60: Weekday | F60: 0 | G60: 0 | H60: 0 | I60: 0 | J60: 0 | K60: 0 | L60: 0 | M60: 0.02 | N60: 0.75 | O60: 1 | P60: 1 | Q60: 1 | R60: 0.75 | S60: 1 | T60: 1 | U60: 1 | V60: 1 | W60: 1 | X60: 0.52 | Y60: 0.52 | Z60: 0.52 | AA60: 0.28 | AB60: 0 | AC60: 0
E61: Saturday | F61: 0 | G61: 0 | H61: 0 | I61: 0 | J61: 0 | K61: 0 | L61: 0 | M61: 0.02 | N61: 0.46 | O61: 0.7 | P61: 0.7 | Q61: 0.7 | R61: 0.51 | S61: 0.51 | T61: 0.51 | U61: 0.51 | V61: 0.51 | W61: 0.25 | X61: 0.02 | Y61: 0 | Z61: 0 | AA61: 0 | AB61: 0 | AC61: 0
E62: Sunday | F62: 0 | G62: 0 | H62: 0 | I62: 0 | J62: 0 | K62: 0 | L62: 0 | M62: 0 | N62: 0.02 | O62: 0.02 | P62: 0.02 | Q62: 0.02 | R62: 0.02 | S62: 0.02 | T62: 0.02 | U62: 0.02 | V62: 0 | W62: 0 | X62: 0 | Y62: 0 | Z62: 0 | AA62: 0 | AB62: 0 | AC62: 0
B63: Building | C63: ExtLightingNonMotionCtrl | D63: PNNL Hospital Prototype (2022) | E63: Weekday | F63: 1 | G63: 1 | H63: 1 | I63: 1 | J63: 1 | K63: 1 | L63: 1 | M63: 1 | N63: 1 | O63: 1 | P63: 1 | Q63: 1 | R63: 1 | S63: 1 | T63: 1 | U63: 1 | V63: 1 | W63: 1 | X63: 1 | Y63: 1 | Z63: 1 | AA63: 1 | AB63: 1 | AC63: 1
E64: Saturday | F64: 1 | G64: 1 | H64: 1 | I64: 1 | J64: 1 | K64: 1 | L64: 1 | M64: 1 | N64: 1 | O64: 1 | P64: 1 | Q64: 1 | R64: 1 | S64: 1 | T64: 1 | U64: 1 | V64: 1 | W64: 1 | X64: 1 | Y64: 1 | Z64: 1 | AA64: 1 | AB64: 1 | AC64: 1
E65: Sunday | F65: 1 | G65: 1 | H65: 1 | I65: 1 | J65: 1 | K65: 1 | L65: 1 | M65: 1 | N65: 1 | O65: 1 | P65: 1 | Q65: 1 | R65: 1 | S65: 1 | T65: 1 | U65: 1 | V65: 1 | W65: 1 | X65: 1 | Y65: 1 | Z65: 1 | AA65: 1 | AB65: 1 | AC65: 1
B66: Building | C66: ExtLightingMotionCtrl | D66: PNNL Hospital Prototype (2022) Modified to 0 for 11 pm to 5 am during weekday and 12 am to 5 am during weekend | E66: Weekday | F66: 0 | G66: 0 | H66: 0 | I66: 0 | J66: 0 | K66: 1 | L66: 1 | M66: 1 | N66: 1 | O66: 1 | P66: 1 | Q66: 1 | R66: 1 | S66: 1 | T66: 1 | U66: 1 | V66: 1 | W66: 1 | X66: 1 | Y66: 1 | Z66: 1 | AA66: 1 | AB66: 0 | AC66: 0
E67: Saturday | F67: 0 | G67: 0 | H67: 0 | I67: 0 | J67: 0 | K67: 1 | L67: 1 | M67: 1 | N67: 1 | O67: 1 | P67: 1 | Q67: 1 | R67: 1 | S67: 1 | T67: 1 | U67: 1 | V67: 1 | W67: 1 | X67: 1 | Y67: 1 | Z67: 1 | AA67: 1 | AB67: 1 | AC67: 1
E68: Sunday | F68: 0 | G68: 0 | H68: 0 | I68: 0 | J68: 0 | K68: 1 | L68: 1 | M68: 1 | N68: 1 | O68: 1 | P68: 1 | Q68: 1 | R68: 1 | S68: 1 | T68: 1 | U68: 1 | V68: 1 | W68: 1 | X68: 1 | Y68: 1 | Z68: 1 | AA68: 1 | AB68: 1 | AC68: 1
A69: Office, Exam Room,Nurse Station, Recovery Room,Operating Room. Patient Room,Physical Therapy, Imaging Room, Medical Supply Room | B69: Building | C69: FunctionalAreaPeopleActivityLevel | D69: CEC Hospital Prototype | E69: Weekday | F69: 131.9 | G69: 131.9 | H69: 131.9 | I69: 131.9 | J69: 131.9 | K69: 131.9 | L69: 131.9 | M69: 131.9 | N69: 131.9 | O69: 131.9 | P69: 131.9 | Q69: 131.9 | R69: 131.9 | S69: 131.9 | T69: 131.9 | U69: 131.9 | V69: 131.9 | W69: 131.9 | X69: 131.9 | Y69: 131.9 | Z69: 131.9 | AA69: 131.9 | AB69: 131.9 | AC69: 131.9
E70: Saturday | F70: 131.9 | G70: 131.9 | H70: 131.9 | I70: 131.9 | J70: 131.9 | K70: 131.9 | L70: 131.9 | M70: 131.9 | N70: 131.9 | O70: 131.9 | P70: 131.9 | Q70: 131.9 | R70: 131.9 | S70: 131.9 | T70: 131.9 | U70: 131.9 | V70: 131.9 | W70: 131.9 | X70: 131.9 | Y70: 131.9 | Z70: 131.9 | AA70: 131.9 | AB70: 131.9 | AC70: 131.9
E71: Sunday | F71: 131.9 | G71: 131.9 | H71: 131.9 | I71: 131.9 | J71: 131.9 | K71: 131.9 | L71: 131.9 | M71: 131.9 | N71: 131.9 | O71: 131.9 | P71: 131.9 | Q71: 131.9 | R71: 131.9 | S71: 131.9 | T71: 131.9 | U71: 131.9 | V71: 131.9 | W71: 131.9 | X71: 131.9 | Y71: 131.9 | Z71: 131.9 | AA71: 131.9 | AB71: 131.9 | AC71: 131.9
A72: Corridor, Lobby, Restroom, Mechanical Room, Elevator, Stairwell, Reception rea, Lounge and Breakroom | B72: Building | C72: CommonAreaPeopleActivityLevel | D72: CEC Hospital Prototype | E72: Weekday | F72: 146.5 | G72: 146.5 | H72: 146.5 | I72: 146.5 | J72: 146.5 | K72: 146.5 | L72: 146.5 | M72: 146.5 | N72: 146.5 | O72: 146.5 | P72: 146.5 | Q72: 146.5 | R72: 146.5 | S72: 146.5 | T72: 146.5 | U72: 146.5 | V72: 146.5 | W72: 146.5 | X72: 146.5 | Y72: 146.5 | Z72: 146.5 | AA72: 146.5 | AB72: 146.5 | AC72: 146.5
E73: Saturday | F73: 146.5 | G73: 146.5 | H73: 146.5 | I73: 146.5 | J73: 146.5 | K73: 146.5 | L73: 146.5 | M73: 146.5 | N73: 146.5 | O73: 146.5 | P73: 146.5 | Q73: 146.5 | R73: 146.5 | S73: 146.5 | T73: 146.5 | U73: 146.5 | V73: 146.5 | W73: 146.5 | X73: 146.5 | Y73: 146.5 | Z73: 146.5 | AA73: 146.5 | AB73: 146.5 | AC73: 146.5
E74: Sunday | F74: 146.5 | G74: 146.5 | H74: 146.5 | I74: 146.5 | J74: 146.5 | K74: 146.5 | L74: 146.5 | M74: 146.5 | N74: 146.5 | O74: 146.5 | P74: 146.5 | Q74: 146.5 | R74: 146.5 | S74: 146.5 | T74: 146.5 | U74: 146.5 | V74: 146.5 | W74: 146.5 | X74: 146.5 | Y74: 146.5 | Z74: 146.5 | AA74: 146.5 | AB74: 146.5 | AC74: 146.5
A75: Dining | B75: Building | C75: DiningAreaPeopleActivityLevel | D75: CEC Hospital Prototype | E75: Weekday | F75: 161.2 | G75: 161.2 | H75: 161.2 | I75: 161.2 | J75: 161.2 | K75: 161.2 | L75: 161.2 | M75: 161.2 | N75: 161.2 | O75: 161.2 | P75: 161.2 | Q75: 161.2 | R75: 161.2 | S75: 161.2 | T75: 161.2 | U75: 161.2 | V75: 161.2 | W75: 161.2 | X75: 161.2 | Y75: 161.2 | Z75: 161.2 | AA75: 161.2 | AB75: 161.2 | AC75: 161.2
E76: Saturday | F76: 161.2 | G76: 161.2 | H76: 161.2 | I76: 161.2 | J76: 161.2 | K76: 161.2 | L76: 161.2 | M76: 161.2 | N76: 161.2 | O76: 161.2 | P76: 161.2 | Q76: 161.2 | R76: 161.2 | S76: 161.2 | T76: 161.2 | U76: 161.2 | V76: 161.2 | W76: 161.2 | X76: 161.2 | Y76: 161.2 | Z76: 161.2 | AA76: 161.2 | AB76: 161.2 | AC76: 161.2
E77: Sunday | F77: 161.2 | G77: 161.2 | H77: 161.2 | I77: 161.2 | J77: 161.2 | K77: 161.2 | L77: 161.2 | M77: 161.2 | N77: 161.2 | O77: 161.2 | P77: 161.2 | Q77: 161.2 | R77: 161.2 | S77: 161.2 | T77: 161.2 | U77: 161.2 | V77: 161.2 | W77: 161.2 | X77: 161.2 | Y77: 161.2 | Z77: 161.2 | AA77: 161.2 | AB77: 161.2 | AC77: 161.2
A78: Kitchen | B78: Building | C78: KitchenPeopleActivityLevel | D78: CEC Hospital Prototype | E78: Weekday | F78: 219.8 | G78: 219.8 | H78: 219.8 | I78: 219.8 | J78: 219.8 | K78: 219.8 | L78: 219.8 | M78: 219.8 | N78: 219.8 | O78: 219.8 | P78: 219.8 | Q78: 219.8 | R78: 219.8 | S78: 219.8 | T78: 219.8 | U78: 219.8 | V78: 219.8 | W78: 219.8 | X78: 219.8 | Y78: 219.8 | Z78: 219.8 | AA78: 219.8 | AB78: 219.8 | AC78: 219.8
E79: Saturday | F79: 219.8 | G79: 219.8 | H79: 219.8 | I79: 219.8 | J79: 219.8 | K79: 219.8 | L79: 219.8 | M79: 219.8 | N79: 219.8 | O79: 219.8 | P79: 219.8 | Q79: 219.8 | R79: 219.8 | S79: 219.8 | T79: 219.8 | U79: 219.8 | V79: 219.8 | W79: 219.8 | X79: 219.8 | Y79: 219.8 | Z79: 219.8 | AA79: 219.8 | AB79: 219.8 | AC79: 219.8
E80: Sunday | F80: 219.8 | G80: 219.8 | H80: 219.8 | I80: 219.8 | J80: 219.8 | K80: 219.8 | L80: 219.8 | M80: 219.8 | N80: 219.8 | O80: 219.8 | P80: 219.8 | Q80: 219.8 | R80: 219.8 | S80: 219.8 | T80: 219.8 | U80: 219.8 | V80: 219.8 | W80: 219.8 | X80: 219.8 | Y80: 219.8 | Z80: 219.8 | AA80: 219.8 | AB80: 219.8 | AC80: 219.8
A81: Locker room | B81: Building | C81: LockerRoomPeopleActivityLevel | D81: CEC Hospital Prototype | E81: Weekday | F81: 213.9 | G81: 213.9 | H81: 213.9 | I81: 213.9 | J81: 213.9 | K81: 213.9 | L81: 213.9 | M81: 213.9 | N81: 213.9 | O81: 213.9 | P81: 213.9 | Q81: 213.9 | R81: 213.9 | S81: 213.9 | T81: 213.9 | U81: 213.9 | V81: 213.9 | W81: 213.9 | X81: 213.9 | Y81: 213.9 | Z81: 213.9 | AA81: 213.9 | AB81: 213.9 | AC81: 213.9
E82: Saturday | F82: 213.9 | G82: 213.9 | H82: 213.9 | I82: 213.9 | J82: 213.9 | K82: 213.9 | L82: 213.9 | M82: 213.9 | N82: 213.9 | O82: 213.9 | P82: 213.9 | Q82: 213.9 | R82: 213.9 | S82: 213.9 | T82: 213.9 | U82: 213.9 | V82: 213.9 | W82: 213.9 | X82: 213.9 | Y82: 213.9 | Z82: 213.9 | AA82: 213.9 | AB82: 213.9 | AC82: 213.9
E83: Sunday | F83: 213.9 | G83: 213.9 | H83: 213.9 | I83: 213.9 | J83: 213.9 | K83: 213.9 | L83: 213.9 | M83: 213.9 | N83: 213.9 | O83: 213.9 | P83: 213.9 | Q83: 213.9 | R83: 213.9 | S83: 213.9 | T83: 213.9 | U83: 213.9 | V83: 213.9 | W83: 213.9 | X83: 213.9 | Y83: 213.9 | Z83: 213.9 | AA83: 213.9 | AB83: 213.9 | AC83: 213.9
A91: Background Data [To be deleted prior to publication]
A95: Restaurant
A96: Dining and Café | B96: Restaurant | C96: Occupancy | D96: PNNL,ASHRAE 90.1, 2022 Fast Food Restaurant prototype (It has higher occupancy rate during morning compared to T24 2022 - Appendix 5.4B) | E96: Weekday | F96: 0.05 | G96: 0 | H96: 0 | I96: 0 | J96: 0 | K96: 0.05 | L96: 0.1 | M96: 0.4 | N96: 0.4 | O96: 0.4 | P96: 0.2 | Q96: 0.5 | R96: 0.8 | S96: 0.7 | T96: 0.4 | U96: 0.2 | V96: 0.25 | W96: 0.5 | X96: 0.8 | Y96: 0.8 | Z96: 0.8 | AA96: 0.5 | AB96: 0.35 | AC96: 0.2
E97: Saturday | F97: 0.05 | G97: 0 | H97: 0 | I97: 0 | J97: 0 | K97: 0 | L97: 0.05 | M97: 0.5 | N97: 0.5 | O97: 0.4 | P97: 0.2 | Q97: 0.45 | R97: 0.5 | S97: 0.5 | T97: 0.35 | U97: 0.3 | V97: 0.3 | W97: 0.3 | X97: 0.7 | Y97: 0.9 | Z97: 0.7 | AA97: 0.65 | AB97: 0.55 | AC97: 0.35
E98: Sunday | F98: 0.05 | G98: 0 | H98: 0 | I98: 0 | J98: 0 | K98: 0 | L98: 0.05 | M98: 0.5 | N98: 0.5 | O98: 0.2 | P98: 0.2 | Q98: 0.3 | R98: 0.5 | S98: 0.5 | T98: 0.3 | U98: 0.2 | V98: 0.25 | W98: 0.35 | X98: 0.55 | Y98: 0.65 | Z98: 0.7 | AA98: 0.35 | AB98: 0.2 | AC98: 0.2
A99: =A96 -> Dining and Café | B99: Restaurant | C99: Lights | D99: T24 2022 - Appendix 5.4B Updated based on the equipment schedule from the plug load and schedule project with CEC | E99: Weekday | F99: 0.15 | G99: 0.15 | H99: 0.15 | I99: 0.15 | J99: 0.15 | K99: 0.2 | L99: 0.3 | M99: =M102-5% -> 0.67 | N99: =N102-5% -> 0.73 | O99: =O102-5% -> 0.75 | P99: =P102-5% -> 0.85 | Q99: =Q102-5% -> 0.85 | R99: =R102-5% -> 0.85 | S99: =S102-5% -> 0.83 | T99: =T102-5% -> 0.72 | ... AB99: =AB102-5% -> 0.57 | AC99: 0.3
E100: Saturday | F100: =F103 -> 0.15 | G100: 0.15 | H100: 0.15 | I100: 0.15 | J100: 0.15 | K100: =K103 -> 0.2 | L100: 0.3 | M100: =M103-5% -> 0.67 | N100: =N103-5% -> 0.73 | O100: =O103-5% -> 0.75 | P100: =P103-5% -> 0.85 | Q100: =Q103-5% -> 0.85 | R100: =R103-5% -> 0.85 | S100: =S103-5% -> 0.83 | T100: =T103-5% -> 0.72 | ... AB100: =AB103-5% -> 0.57 | AC100: 0.3
E101: Sunday | F101: 0.2 | G101: 0.15 | H101: 0.15 | I101: 0.15 | J101: 0.15 | K101: 0.15 | L101: 0.3 | M101: =M104-5% -> 0.67 | N101: =N104-5% -> 0.73 | O101: =O104-5% -> 0.75 | P101: =P104-5% -> 0.85 | Q101: =Q104-5% -> 0.85 | R101: =R104-5% -> 0.85 | S101: =S104-5% -> 0.83 | T101: =T104-5% -> 0.72 | ... AB101: =AB104-5% -> 0.57 | AC101: 0.3
A102: =A96 -> Dining and Café | B102: Restaurant | C102: ElecEuipment | D102: Plug load and schedules project with CEC, 2025 | E102: Weekday | F102: 0.15 | G102: 0.15 | H102: 0.15 | I102: 0.15 | J102: 0.15 | K102: 0.2 | L102: 0.3 | M102: 0.72 | N102: 0.78 | O102: 0.8 | P102: 0.9 | Q102: 0.9 | R102: 0.9 | S102: 0.88 | T102: 0.77 | U102: 0.7 | V102: 0.72 | W102: 0.8 | X102: 0.9 | Y102: 0.9 | Z102: 0.9 | AA102: 0.8 | AB102: 0.62 | AC102: 0.3
E103: Saturday | F103: 0.15 | G103: 0.15 | H103: 0.15 | I103: 0.15 | J103: 0.15 | K103: 0.2 | L103: 0.3 | M103: 0.72 | N103: 0.78 | O103: 0.8 | P103: 0.9 | Q103: 0.9 | R103: 0.9 | S103: 0.88 | T103: 0.77 | U103: 0.7 | V103: 0.72 | W103: 0.8 | X103: 0.9 | Y103: 0.9 | Z103: 0.9 | AA103: 0.8 | AB103: 0.62 | AC103: 0.3
E104: Sunday | F104: 0.2 | G104: 0.15 | H104: 0.15 | I104: 0.15 | J104: 0.15 | K104: 0.15 | L104: 0.3 | M104: 0.72 | N104: 0.78 | O104: 0.8 | P104: 0.9 | Q104: 0.9 | R104: 0.9 | S104: 0.88 | T104: 0.77 | U104: 0.7 | V104: 0.72 | W104: 0.8 | X104: 0.9 | Y104: 0.9 | Z104: 0.9 | AA104: 0.8 | AB104: 0.62 | AC104: 0.3
A105: =A96 -> Dining and Café | B105: Restaurant | C105: HVACAvail | D105: T24 2022 - Appendix 5.4B Updated based on the adopted PNNL occupancy | E105: Weekday | F105: 1 | G105: 0 | H105: 0 | I105: 0 | J105: 1 | K105: 1 | L105: 1 | M105: 1 | N105: 1 | O105: 1 | P105: 1 | Q105: 1 | R105: 1 | S105: 1 | T105: 1 | U105: 1 | V105: 1 | W105: 1 | X105: 1 | Y105: 1 | Z105: 1 | AA105: 1 | AB105: 1 | AC105: 1
E106: Saturday | F106: 1 | G106: 0 | H106: 0 | I106: 0 | J106: 0 | K106: 1 | L106: 1 | M106: 1 | N106: 1 | O106: 1 | P106: 1 | Q106: 1 | R106: 1 | S106: 1 | T106: 1 | U106: 1 | V106: 1 | W106: 1 | X106: 1 | Y106: 1 | Z106: 1 | AA106: 1 | AB106: 1 | AC106: 1
E107: Sunday | F107: 1 | G107: 0 | H107: 0 | I107: 0 | J107: 0 | K107: 1 | L107: 1 | M107: 1 | N107: 1 | O107: 1 | P107: 1 | Q107: 1 | R107: 1 | S107: 1 | T107: 1 | U107: 1 | V107: 1 | W107: 1 | X107: 1 | Y107: 1 | Z107: 1 | AA107: 1 | AB107: 1 | AC107: 1
A108: =A96 -> Dining and Café | B108: Restaurant | C108: ServiceHotWater | D108: T24 2022 - Appendix 5.4B Updated based on the adopted PNNL occupancy | E108: Weekday | F108: 0.2 | G108: 0 | H108: 0 | I108: 0 | J108: 0 | K108: 0.6 | L108: 0.6 | M108: 0.6 | N108: 0.55 | O108: 0.45 | P108: 0.4 | Q108: 0.45 | R108: 0.4 | S108: 0.35 | T108: 0.3 | U108: 0.3 | V108: 0.3 | W108: 0.4 | X108: 0.55 | Y108: 0.6 | Z108: 0.5 | AA108: 0.55 | AB108: 0.45 | AC108: 0.25
E109: Saturday | F109: 0.2 | G109: 0 | H109: 0 | I109: 0 | J109: 0 | K109: 0 | L109: 0.5 | M109: 0.5 | N109: 0.5 | O109: 0.5 | P109: 0.45 | Q109: 0.5 | R109: 0.5 | S109: 0.45 | T109: 0.4 | U109: 0.4 | V109: 0.35 | W109: 0.4 | X109: 0.55 | Y109: 0.55 | Z109: 0.5 | AA109: 0.55 | AB109: 0.4 | AC109: 0.3
E110: Sunday | F110: 0.25 | G110: 0 | H110: 0 | I110: 0 | J110: 0 | K110: 0 | L110: 0.5 | M110: 0.5 | N110: 0.5 | O110: 0.5 | P110: 0.5 | Q110: 0.5 | R110: 0.4 | S110: 0.4 | T110: 0.3 | U110: 0.3 | V110: 0.3 | W110: 0.4 | X110: 0.5 | Y110: 0.5 | Z110: 0.4 | AA110: 0.5 | AB110: 0.4 | AC110: 0.2
...

Sheet Energy Usage
A1: CalBEM Energy Consumption - Outpatient | O1: ="Energy Consumption - "&Prototype!A2 -> Energy Consumption - Outpatient
A2: Prototype | B2: CZ | C2: CalBEM Electricity EUI (KBTU/ft²) | D2: CalBEM Gas EUI (KBTU/ft²) | E2: CalBEM Total EUI (KBTU/ft²) | F2: New Construction Electricity EUI (KBTU/ft²) | G2: New Construction Gas EUI (KBTU/ft²) | H2: New Construction Total EUI (KBTU/ft²) | I2: National Average | J2: Acceptable Range (25% Higher) | K2: Acceptable Range (25% Lower) | L2: National Average Acceptable EUI Range | O2: Prototype | P2: CZ | Q2: Total Floorspace (Thousand of ft²) | R2: CEUS 2023 Electricity EUI (kBtu/ft²) | S2: CEUS 2023 Gas EUI (kBtu/ft²) | T2: CEUS 2023 Total EUI (kBtu/ft²) | U2: Acceptable Range (25% Higher) | V2: Acceptable Range (25% Lower) | W2: CEUS 2022 Acceptable EUI Range
A3: Outpatient | B3: 1 | C3: 49.4 | D3: 39 | E3: 88.4 | F3: 29.1 | G3: 28.5 | H3: 57.7 | I3: 108 | J3: =I3*1.25 -> 135 | K3: =I3*0.75 -> 81 | L3: =J3-K3 -> 54 | O3: =A3 -> Outpatient | P3: 1 | Q3: 7059 | R3: 70.980212 | S3: 51.157709 | T3: =R3+S3 -> 122.13792 | U3: =T3*1.25 -> 152.6724 | V3: =T3*0.75 -> 91.603441 | W3: =U3-V3 -> 61.068961
B4: 2 | C4: 57.6 | D4: 32.5 | E4: 90.2 | F4: 32.1 | G4: 23 | H4: 55.2 | I4: 106.4 | J4: =I4*1.25 -> 133 | K4: =I4*0.75 -> 79.8 | L4: =J4-K4 -> 53.2 | P4: 2 | Q4: 14514 | R4: 45.631221 | S4: 53.475471 | T4: =R4+S4 -> 99.106692 | U4: =T4*1.25 -> 123.88337 | V4: =T4*0.75 -> 74.330019 | W4: =U4-V4 -> 49.553346
B5: 3 | C5: 55.2 | D5: 28.2 | E5: 83.4 | F5: 30.8 | G5: 20.9 | H5: 51.7 | I5: 104.6 | J5: =I5*1.25 -> 130.75 | K5: =I5*0.75 -> 78.45 | L5: =J5-K5 -> 52.3 | P5: 3 | Q5: 56689 | R5: 53.487683 | S5: 48.160548 | T5: =R5+S5 -> 101.64823 | U5: =T5*1.25 -> 127.06029 | V5: =T5*0.75 -> 76.236173 | W5: =U5-V5 -> 50.824115
B6: 4 | C6: 62.2 | D6: 30.9 | E6: 93.1 | F6: 33.8 | G6: 21.2 | H6: 55 | I6: 111.8 | J6: =I6*1.25 -> 139.75 | K6: =I6*0.75 -> 83.85 | L6: =J6-K6 -> 55.9 | P6: 4 | Q6: 29372 | R6: 54.755926 | S6: 50.159319 | T6: =R6+S6 -> 104.91525 | U6: =T6*1.25 -> 131.14406 | V6: =T6*0.75 -> 78.686434 | W6: =U6-V6 -> 52.457623
B7: 5 | C7: 56.2 | D7: 28.3 | E7: 84.5 | F7: 31.4 | G7: 20.3 | H7: 51.7 | I7: 103.8 | J7: =I7*1.25 -> 129.75 | K7: =I7*0.75 -> 77.85 | L7: =J7-K7 -> 51.9 | P7: 5 | Q7: 5067 | R7: 39.828203 | S7: 24.816476 | T7: =R7+S7 -> 64.644678 | U7: =T7*1.25 -> 80.805848 | V7: =T7*0.75 -> 48.483509 | W7: =U7-V7 -> 32.322339
B8: 6 | C8: 59.7 | D8: 17 | E8: 76.6 | F8: 32.8 | G8: 12.1 | H8: 44.9 | I8: 107.3 | J8: =I8*1.25 -> 134.125 | K8: =I8*0.75 -> 80.475 | L8: =J8-K8 -> 53.65 | P8: 6 | Q8: 32891 | R8: 54.932125 | S8: 75.476366 | T8: =R8+S8 -> 130.40849 | U8: =T8*1.25 -> 163.01061 | V8: =T8*0.75 -> 97.806368 | W8: =U8-V8 -> 65.204245
B9: 7 | C9: 58.9 | D9: 14.7 | E9: 73.7 | F9: 33 | G9: 10.8 | H9: 43.7 | I9: 108.5 | J9: =I9*1.25 -> 135.625 | K9: =I9*0.75 -> 81.375 | L9: =J9-K9 -> 54.25 | P9: 7 | Q9: 31754 | R9: 74.843716 | S9: 45.486109 | T9: =R9+S9 -> 120.32983 | U9: =T9*1.25 -> 150.41228 | V9: =T9*0.75 -> 90.247369 | W9: =U9-V9 -> 60.164913
B10: 8 | C10: 65.2 | D10: 17.6 | E10: 82.8 | F10: 34.5 | G10: 11.7 | H10: 46.2 | I10: 113.6 | J10: =I10*1.25 -> 142 | K10: =I10*0.75 -> 85.2 | L10: =J10-K10 -> 56.8 | P10: 8 | Q10: 50355 | R10: 56.543942 | S10: 86.91147 | T10: =R10+S10 -> 143.45541 | U10: =T10*1.25 -> 179.31926 | V10: =T10*0.75 -> 107.59156 | W10: =U10-V10 -> 71.727706
B11: 9 | C11: 65.8 | D11: 19.5 | E11: 85.4 | F11: 34.8 | G11: 12.8 | H11: 47.5 | I11: 113.1 | J11: =I11*1.25 -> 141.375 | K11: =I11*0.75 -> 84.825 | L11: =J11-K11 -> 56.55 | P11: 9 | Q11: 72118 | R11: 45.225686 | S11: 63.372652 | T11: =R11+S11 -> 108.59834 | U11: =T11*1.25 -> 135.74792 | V11: =T11*0.75 -> 81.448754 | W11: =U11-V11 -> 54.299169
B12: 10 | C12: 65.3 | D12: 19.2 | E12: 84.5 | F12: 35.9 | G12: 13.1 | H12: 49 | I12: 110.1 | J12: =I12*1.25 -> 137.625 | K12: =I12*0.75 -> 82.575 | L12: =J12-K12 -> 55.05 | P12: 10 | Q12: 55175 | R12: 66.772264 | S12: 63.833987 | T12: =R12+S12 -> 130.60625 | U12: =T12*1.25 -> 163.25781 | V12: =T12*0.75 -> 97.954688 | W12: =U12-V12 -> 65.303125
B13: 11 | C13: 64.1 | D13: 28.7 | E13: 92.8 | F13: 35.8 | G13: 20.4 | H13: 56.2 | I13: 119.3 | J13: =I13*1.25 -> 149.125 | K13: =I13*0.75 -> 89.475 | L13: =J13-K13 -> 59.65 | P13: 11 | Q13: 20961 | R13: 67.713582 | S13: 42.220508 | T13: =R13+S13 -> 109.93409 | U13: =T13*1.25 -> 137.41761 | V13: =T13*0.75 -> 82.450567 | W13: =U13-V13 -> 54.967045
B14: 12 | C14: 59.5 | D14: 28.2 | E14: 87.7 | F14: 33.5 | G14: 20.2 | H14: 53.6 | I14: 115.6 | J14: =I14*1.25 -> 144.5 | K14: =I14*0.75 -> 86.7 | L14: =J14-K14 -> 57.8 | P14: 12 | Q14: 93863 | R14: 69.337543 | S14: 42.635038 | T14: =R14+S14 -> 111.97258 | U14: =T14*1.25 -> 139.96573 | V14: =T14*0.75 -> 83.979436 | W14: =U14-V14 -> 55.986291
B15: 13 | C15: 62.2 | D15: 23 | E15: 85.2 | F15: 35.3 | G15: 16.8 | H15: 52.1 | I15: 121.5 | J15: =I15*1.25 -> 151.875 | K15: =I15*0.75 -> 91.125 | L15: =J15-K15 -> 60.75 | P15: 13 | Q15: 30306 | R15: 75.593439 | S15: 48.302176 | T15: =R15+S15 -> 123.89561 | U15: =T15*1.25 -> 154.86952 | V15: =T15*0.75 -> 92.921711 | W15: =U15-V15 -> 61.947807
... B18: 16 | C18: 57.9 | D18: 39 | E18: 96.9 | F18: 34.3 | G18: 27.1 | H18: 61.4 | I18: 113.1 | J18: =I18*1.25 -> 141.375 | K18: =I18*0.75 -> 84.825 | L18: =J18-K18 -> 56.55 | P18: 16 | Q18: 57915 | R18: 72.268087 | S18: 64.383249 | T18: =R18+S18 -> 136.65134 | U18: =T18*1.25 -> 170.81417 | V18: =T18*0.75 -> 102.4885 | W18: =U18-V18 -> 68.325668
O20: Ref: CEUS 2022 Report
O21: And converted FZ level data to CZ level
O22: CEUS has only one category for healthcare.
O25: Background Data [To be deleted prior to publication]

Sheet Weights
A1: ="% of Floor Area per CZ and Vintage Bin - "&Prototype!A2 -> % of Floor Area per CZ and Vintage Bin - Outpatient | J1: ="% of Floor Area per CZ and Vintage Bin - "&Prototype!A2 -> % of Floor Area per CZ and Vintage Bin - Outpatient
A2: Prototype | B2: CZ | C2: Vintage Bin | J2: Prototype | K2: Vintage Bin | L2: CZ
C3: Pre-1978 | D3: 1978-1997 | E3: 1998-2007 | F3: 2008-2018 | G3: Not available | L3: 1 | M3: 2 | N3: 3 | O3: 4 | P3: 5 | Q3: 6 | R3: 7 | S3: 8 | T3: 9 | U3: 10 | V3: 11 | W3: 12 | X3: 13 | Y3: 14 | Z3: 15 | AA3: 16
A4: Outpatient | B4: 1 | C4: 0.36 | D4: 0.16 | E4: 0.17 | F4: 0.26 | G4: 0.05 | H4: =SUM(C4:G4) -> 1 | J4: Outpatient | K4: Pre-1978 | L4: 0.01 | M4: 0.03 | N4: 0.07 | O4: 0.04 | P4: 0 | Q4: 0.08 | R4: 0.05 | S4: 0.12 | T4: 0.19 | U4: 0.08 | V4: 0.03 | W4: 0.13 | X4: 0.04 | Y4: 0.02 | Z4: 0.03 | AA4: 0.08 | AB4: =SUM(L4:AA4) -> 1
B5: 2 | C5: 0.46 | D5: 0.19 | E5: 0.15 | F5: 0.18 | G5: 0.03 | H5: =SUM(C5:G5) -> 1.01 | K5: 1978-1997 | L5: 0.01 | M5: 0.02 | N5: 0.13 | O5: 0.07 | P5: 0.02 | Q5: 0.05 | R5: 0.08 | S5: 0.06 | T5: 0.08 | U5: 0.12 | V5: 0.03 | W5: 0.15 | X5: 0.03 | Y5: 0.02 | Z5: 0.05 | AA5: 0.09 | AB5: =SUM(L5:AA5) -> 1.01
B6: 3 | C6: 0.27 | D6: 0.37 | E6: 0.2 | F6: 0.1 | G6: 0.06 | H6: =SUM(C6:G6) -> 1 | K6: 1998-2007 | L6: 0.01 | M6: 0.03 | N6: 0.14 | O6: 0.07 | P6: 0.02 | Q6: 0.06 | R6: 0.05 | S6: 0.09 | T6: 0.07 | U6: 0.05 | V6: 0.04 | W6: 0.21 | X6: 0.06 | Y6: 0.02 | Z6: 0 | AA6: 0.08 | AB6: =SUM(L6:AA6) -> 1
B7: 4 | C7: 0.28 | D7: 0.37 | E7: 0.19 | F7: 0.1 | G7: 0.06 | H7: =SUM(C7:G7) -> 1 | K7: 2008-2018 | L7: 0.02 | M7: 0.03 | N7: 0.07 | O7: 0.04 | P7: 0 | Q7: 0.01 | R7: 0.03 | S7: 0.01 | T7: 0.05 | U7: 0.11 | V7: 0.06 | W7: 0.23 | X7: 0.1 | Y7: 0.02 | Z7: 0.06 | AA7: 0.16 | AB7: =SUM(L7:AA7) -> 1
B8: 5 | C8: 0.1 | D8: 0.51 | E8: 0.33 | F8: 0.06 | G8: 0 | H8: =SUM(C8:G8) -> 1 | K8: Not available | L8: 0.01 | M8: 0.01 | N8: 0.07 | O8: 0.04 | P8: 0 | Q8: 0.04 | R8: 0.01 | S8: 0.09 | T8: 0.15 | U8: 0.12 | V8: 0.02 | W8: 0.1 | X8: 0.09 | Y8: 0.03 | Z8: 0.1 | AA8: 0.11 | AB8: =SUM(L8:AA8) -> 0.99
B9: 6 | C9: 0.53 | D9: 0.24 | E9: 0.15 | F9: 0.03 | G9: 0.06 | H9: =SUM(C9:G9) -> 1.01 | K9: Total | L9: 0.01 | M9: 0.02 | N9: 0.1 | O9: 0.05 | P9: 0.01 | Q9: 0.06 | R9: 0.05 | S9: 0.08 | T9: 0.12 | U9: 0.09 | V9: 0.04 | W9: 0.16 | X9: 0.05 | Y9: 0.02 | Z9: 0.04 | AA9: 0.1
B10: 7 | C10: 0.35 | D10: 0.43 | E10: 0.14 | F10: 0.08 | G10: 0.01 | H10: =SUM(C10:G10) -> 1.01
B11: 8 | C11: 0.55 | D11: 0.21 | E11: 0.15 | F11: 0.02 | G11: 0.08 | H11: =SUM(C11:G11) -> 1.01
B12: 9 | C12: 0.59 | D12: 0.18 | E12: 0.08 | F12: 0.06 | G12: 0.09 | H12: =SUM(C12:G12) -> 1
B13: 10 | C13: 0.32 | D13: 0.35 | E13: 0.07 | F13: 0.16 | G13: 0.1 | H13: =SUM(C13:G13) -> 1
B14: 11 | C14: 0.33 | D14: 0.23 | E14: 0.18 | F14: 0.22 | G14: 0.05 | H14: =SUM(C14:G14) -> 1.01
B15: 12 | C15: 0.32 | D15: 0.26 | E15: 0.19 | F15: 0.19 | G15: 0.05 | H15: =SUM(C15:G15) -> 1.01
B16: 13 | C16: 0.3 | D16: 0.14 | E16: 0.18 | F16: 0.26 | G16: 0.13 | H16: =SUM(C16:G16) -> 1.01
B17: 14 | C17: 0.4 | D17: 0.26 | E17: 0.12 | F17: 0.12 | G17: 0.1 | H17: =SUM(C17:G17) -> 1
B18: 15 | C18: 0.27 | D18: 0.36 | E18: 0.01 | F18: 0.19 | G18: 0.18 | H18: =SUM(C18:G18) -> 1.01
B19: 16 | C19: 0.33 | D19: 0.24 | E19: 0.12 | F19: 0.23 | G19: 0.08 | H19: =SUM(C19:G19) -> 1
B20: Statewide | C20: 0.4 | D20: 0.29 | E20: 0.15 | F20: 0.1 | G20: 0.07
A22: Ref: CEUS 2022 dataset
A23: And converted FZ level data to CZ level
A24: CEUS has only one category for healthcare.
A29: Background Data [To be deleted prior to publication]

Sheet PV
A1: ="PV - "&Prototype!A2 -> PV - Outpatient
A2: TBD

Sheet EV Charger
A1: ="EV Charger - "&Prototype!A2 -> EV Charger - Outpatient
A2: TBD
A11: Background Data [To be deleted prior to publication]

Sheet Data
A1: Space Function | B1: Electric Equipment Load Intensity | C1: Electric Equipment Load Intensity | D1: LPD
A2: Aging Eye/Low-vision (Corridor Area) | D2: 2013 | E2: 2016 | F2: 2019 | G2: 2025
A3: Aging Eye/Low-vision (Dining)
A4: Aging Eye/Low-vision (Lobby, Main Entry)
A5: Aging Eye/Low-vision (Lounge/Waiting Area)
A6: Aging Eye/Low-vision (Multipurpose Room)
A7: Aging Eye/Low-vision (Religious Worship Area)
A8: Aging Eye/Low-vision (Restroom)
A9: Aging Eye/Low-vision (Stairwell)
A10: Audience Seating Area
A11: Auditorium Area
A12: Auto Repair / Maintenance Area
A13: Barber, Beauty Salon, Spa Area
A14: Civic Meeting Place Area
... A83: Server Room (EPD 45)
