Workbook
Name nonparticipating_forecastzone_scale_factor: #REF!
Name nonparticipating_forecastzone_scale_factor: #REF!
Name nonparticipating_forecastzone_scale_factor: 'Energy Usage'!#REF!
Name Space_Function: Data!$A$2:$A$76

Sheet Notes
A1: Data Sources
A2: Dataset | B2: Dodge 2023
B3: Commercial End-Use Survey (CEUS) 2022 | C3: https://www.energy.ca.gov/publications/2023/2022-california-commercial-end-use-survey-ceus-final-report
B4: Commercial Buildings Energy Consumption Survey (CBECS) 2018 | C4: https://www.eia.gov/consumption/commercial/data/2018/
B5: ComStock 2023 | C5: https://comstock.nlr.gov/page/datasets
A7: Prototype | B7: California Energy Commission (CEC) Hospital prototype (CBECC 2022.3.1) | C7: https://bees.noresco.com/software2022.html
B8: Pacific Northwest National Laboratory (PNNL) Hospital prototype (90.1-2022, 2019, 2013) | C8: https://www.energycodes.gov/prototype-building-models#Commercial
B9: Database for Energy Efficient Resources (DEER) Hospital prototype (June 2023) | C9: https://github.com/sound-data/DEER-Prototypes-EnergyPlus
A11: Codes | B11: Title 24, part 6, referred to as T24 (1984, 1992,1998, 2001, 2005, 2008, 2013, 2016,2019, 2022, 2025) | C11: https://www.energy.ca.gov/publications/2025/2025-building-energy-efficiency-standards-residential-and-nonresidential | D11: 2025
C12: https://codes.iccsafe.org/codes/united-states/california | D12: 2010+
B13: American Society of Heating, Refrigerating and Air-Conditioning Engineers (ASHRAE) 90.1 (2022) | C13: https://www.ashrae.org/technical-resources/standards-and-guidelines/read-only-versions-of-ashrae-standards
B14: ASHRAE 62.1 (2022) | C14: https://codes.iccsafe.org/content/ASHRAE6212022P1
B15: Code of Federal Regulations (CFR) Title 10 ( 2010) | C15: https://www.govinfo.gov/content/pkg/FR-2009-03-23/pdf/FR-2009-03-23.pdf
B16: 10 CFR Part 431 (2025) | C16: https://www.ecfr.gov/current/title-10/chapter-II/subchapter-D/part-431/subpart E/subject-group-ECFR0f6eefb37f6d425/section-431.87
B17: ASHRAE 170/OSHPD | C17: https://www.ashrae.org/technical-resources/bookstore/health-care-facilities-resources
B18: California Department of Health Care Access and Information (OSHPD) | C18: https://hcai.ca.gov/
B19: 2022 California Mechanical Code (Title 24, Part 4) | C19: https://up.codes/viewer/california/ca-mechanical-code-2022
A21: Others | B21: Alternative Calculation Method (ACM) (2022) | C21: https://www.energy.ca.gov/publications/2022/2022-nonresidential-and-multifamily-alternative-calculation-method-reference
B22: Nonres ACM 2022, Appendix 5.4A and Appendix 5.4B | C22: https://www.energy.ca.gov/publications/2022/2022-nonresidential-and-multifamily-alternative-calculation-method-reference
B23: 2022 Reduced infiltration CASE report | C23: https://title24stakeholders.com/wp-content/uploads/2020/10/2022-T24-Final-CASE-Report_Reduce-Infiltration.pdf
B24: 2019 Outdoor Lighting CASE Report | C24: https://title24stakeholders.com/wp-content/uploads/2016/10/T24-2019-CASE-Study-Results-Report-Outdoor-Sources_Final_with-Attachments.pdf
B25: PNNL 20405, 2011 | C25: https://www.pnnl.gov/main/publications/external/technical_reports/PNNL-20405.pdf
B26: Air leakage Memo, NORESCO, 2025 | C26: https://2050partners.sharepoint.com/:w:/r/sites/CalBEMCollaborativeEfforts/Shared%20Documents/Working%20Group%201%20-%20Streamlined%20Process/D%20-%20Complexity%20of%20Compliance/Prototype%20Unification/Project%20Development/Phase%202%20(Collect%20Inputs)%20Development/NR/Air%20Leakage%20Memo/Infiltration_rate_report_14May2025-Short-Version.docx?d=w3bef8f747fac44f2a70cd76617660066&csf=1&web=1&e=wh5Dm4
B27: 2019 High Efficiency Fume Hoods in Laboratory Spaces CASE Report | C27: https://title24stakeholders.com/wp-content/uploads/2017/09/2019-T24-CASE-Report_Fume-Hoods_Final_September-2017.pdf?
B28: Targeting 100! Envisioning the High Performance Hospital: Implications for a New, Low Energy, High Performance Prototype | C28: https://idl.be.uw.edu/wp-content/uploads/sites/32/2017/08/Targeting100_FullReport_063010.pdf
B29: ASHRAE's Advanced Energy Design Guide for Large Hospitals-50% (AEDG) | C29: https://www.ashrae.org/technical-resources/aedgs/50-percent-aedg-free-download
B30: American Hospital Association (AHA) Statistics data for Hospital | C30: https://www.ahadata.com/aha-hospital-statistics
B31: Yousefi, F., Athalye, R., (2025), "Determining Vintage Bins for Prototype Development: An Analysis of California Commercial Buildings," ASHRAE Annual Conference | C31: https://www.thefreelibrary.com/Determining+Vintage+Bins+for+Prototype+Development%3a+An+Analysis+of...-a0879271125
B32: ENERGY STAR certified commercial water heaters | C32: https://www.energystar.gov/productfinder/product/certified-commercial-water-heaters/results?fuel_filter=Gas&markets_filter=United+States
B33: Grainger gas tank water heaters (sizes below commercial, e.g. 30–75 kBtu/h) | C33: https://www.grainger.com/category/plumbing/water-heaters/gas-tank-water-heaters
B34: Grainger electric tank water heaters | C34: https://www.grainger.com/category/plumbing/water-heaters/electric-tank-water-heaters
A38: Construction Rate
B51: Source:Dodge Construction Data, 2023 ( NEW hospital built after 1967) (STC refers to building types in Dodge terminology).
A52: Notes
A53: Hospital | B53: A hospital, as defined across CEC, PNNL, and CPUC prototypes, is a large, full-service inpatient healthcare facility that operates 24/7, providing acute medical care, surgical services, and diagnostic treatment. It includes patient rooms, operating suites, labs, and support areas, and is typically served by 100% outdoor air HVAC systems with strict ventilation and pressurization controls.
A54: EIA, 2018 CBECS | B54: On average, hospitals were 264,800 square feet per building, but outpatient health care buildings averaged 13,700 square feet.
A55: Source | B55: https://www.eia.gov/consumption/commercial/

Sheet Prototype
A1: NORESCO, Updated September 2026
A2: Hospital
A3: Characteristic | B3: Value | C3: Data Sources
A4: Building Type | B4: Hospital
A5: Building Category | B5: Nonresidential
A6: Version | B6: v2-0
A7: Vintages | B7: 4 Vintages: Pre-1978 , 1978-1997 ,1998-2007 , 2008-2018 New Construction (2019+) | C7: Based on the vintage bin analysis. A summary of the findings is presented in the following paper, with a link provided in the Notes tab: Yousefi, F., Athalye, R. (2025). “Determining Vintage Bins for Prototype Development: An Analysis of California Commercial Buildings.” ASHRAE Annual Conference.
A8: Shape | C8: The analysis uses prototype geometry originally developed by PNNL. The CEC prototypes also adopt this geometry as a foundation.
A9: Total Floor Area (ft²) | B9: 241,521 (230 ft x 175 ft for each floor) | C9: Assumption: same as CEC and PNNL
A10: Number of Beds | B10: 100 | C10: Assumption: 2,400 ft² per bed ( typical in CA)
A11: Aspect Ratio | B11: 1.31 | C11: Assumption: same as CEC and PNNL
A12: Number of Floors | B12: 6 (5 floors + basement) | C12: Assumption: same as CEC and PNNL
A13: Roof type | B13: Flat roof | C13: Typical for hospitals
A14: WWR | B14: North: 23%, East: 24%, South: 28%, West: 48%. Average Total: 30%. | C14: Assumption: same as CEC and PNNL
A15: Shading Geometry | B15: Fixed entrance/ER canopies (12 ft) + S/E/W window overhangs PF=0.5 (~60% of window area). North unshaded. | C15: Assumption
A16: Floor to floor height (feet) | B16: Basement floor: 8 ft Upper floors: 14 ft | C16: Assumption; typical floor height of hospital buildings.
A17: Floor to ceiling height (feet) | B17: No ceiling; plenum is not modeled
A18: Glazing sill height (feet) | B18: 3 ft (4 ft high windows) | C18: Assumption; typical sill height for windows.
A21: Above grade wall area (ft²) | B21: 56720
A22: Gross wall area (ft²) | B22: 63203
A23: Roof area (ft²) | B23: 40254
A24: Underground Gross Wall Area (ft²) | B24: 6482

Sheet Zones
A1: ="Proposed Layout - "&Prototype!A2 -> Proposed Layout - Hospital
A2: Building | B2: Space/Thermal Zone | C2: Space Type [Primarily from: T24, 2022 Appendix 5.4A] - See Notes column | D2: HVAC System Name / AHU Name | E2: Schedule Category | F2: Conditioned (Y/N) | G2: Area Fraction | H2: Area (ft²) | I2: Volume (ft³) | J2: Multipliers | K2: Total Area (ft²) | L2: Number of People | M2: People (Persons/1,000 ft²) [T24, 2025,Table 120.1-A] | N2: Notes
A3: Hospital | B3: MechElec_Basement | C3: Electrical, Mechanical, Telephone Rooms | D3: VAV Basement | E3: Ancillary | F3: Yes | G3: =K3/$K$62 -> 0.086658962 | H3: 20930 | I3: 167489 | J3: 1 | K3: =J3*H3 -> 20930 | L3: =ROUND(H3*M3/1000,0) -> 0 | M3: 0
A4: Hospital | B4: SoiledUtil_Basement | C4: Laundry Area | D4: VAV Basement | E4: Assembly | F4: Yes | G4: =K4/$K$62 -> 0.029997333 | H4: 7245 | I4: 57977 | J4: 1 | K4: =J4*H4 -> 7245 | L4: =ROUND(H4*M4/1000,0) -> 36 | M4: 5
A5: Hospital | B5: Corridor_Basement | C5: Corridor Area | D5: VAV Basement | E5: Assembly | F5: Yes | G5: =K5/$K$62 -> 0.024999848 | H5: 6038 | I5: 48318 | J5: 1 | K5: =J5*H5 -> 6038 | L5: =ROUND(H5*M5/1000,0) -> 0 | M5: 0 | N5: (transient traffic only)
A6: Hospital | B6: IDF_Basement | C6: Computer Room (EPD 20) | D6: CRAC | E6: Data | F6: Yes | G6: =K6/$K$62 -> 0.013332148 | H6: 3220 | I6: 25768 | J6: 1 | K6: =J6*H6 -> 3220 | L6: =ROUND(H6*M6/1000,0) -> 16 | M6: 5
A7: Hospital | B7: MedSupply_Basement | C7: Healthcare Facility and Hospitals (Medical Supply Room) | D7: VAV Basement | E7: Assembly | F7: Yes | G7: =K7/$K$62 -> 0.0116677 | H7: 2818 | I7: 22551 | J7: 1 | K7: =J7*H7 -> 2818 | L7: =ROUND(H7*M7/1000,0) -> 14 | M7: 5
A8: Hospital | B8: Corridor_flr_1 | C8: Corridor Area | D8: VAV Clinical | E8: Health | F8: Yes | G8: =K8/$K$62 -> 0.025362549 | H8: 6125.6 | I8: 85784.61 | J8: 1 | K8: =J8*H8 -> 6125.6 | L8: =ROUND(H8*M8/1000,0) -> 0 | M8: 0 | N8: (transient traffic only)
A9: Hospital | B9: Corridor_flr_2 | C9: Corridor Area | D9: VAV Clinical | E9: Health | F9: Yes | G9: =K9/$K$62 -> 0.025362549 | H9: 6125.6 | I9: 85784.61 | J9: 1 | K9: =J9*H9 -> 6125.6 | L9: =ROUND(H9*M9/1000,0) -> 0 | M9: 0 | N9: (transient traffic only)
A10: Hospital | B10: Corridor_flr_5 | C10: Corridor Area | D10: VAV Clinical | E10: Health | F10: Yes | G10: =K10/$K$62 -> 0.022360455 | H10: 5400.53 | I10: 75630.51 | J10: 1 | K10: =J10*H10 -> 5400.53 | L10: =ROUND(H10*M10/1000,0) -> 0 | M10: 0 | N10: (transient traffic only)
A11: Hospital | B11: Corridor_nw_flr_3 | C11: Corridor Area | D11: VAV Clinical | E11: Health | F11: Yes | G11: =K11/$K$62 -> 0.025259038 | H11: 6100.6 | I11: 85434.47 | J11: 1 | K11: =J11*H11 -> 6100.6 | L11: =ROUND(H11*M11/1000,0) -> 0 | M11: 0 | N11: (transient traffic only)
A12: Hospital | B12: Corridor_nw_flr_4 | C12: Corridor Area | D12: VAV Clinical | E12: Health | F12: Yes | G12: =K12/$K$62 -> 0.025259038 | H12: 6100.6 | I12: 85434.47 | J12: 1 | K12: =J12*H12 -> 6100.6 | L12: =ROUND(H12*M12/1000,0) -> 0 | M12: 0 | N12: (transient traffic only)
A13: Hospital | B13: Corridor_se_flr_3 | C13: Corridor Area | D13: VAV Clinical | E13: Health | F13: Yes | G13: =K13/$K$62 -> 0.025259038 | H13: 6100.6 | I13: 85434.47 | J13: 1 | K13: =J13*H13 -> 6100.6 | L13: =ROUND(H13*M13/1000,0) -> 0 | M13: 0 | N13: (transient traffic only)
A14: Hospital | B14: Corridor_se_flr_4 | C14: Corridor Area | D14: VAV Clinical | E14: Health | F14: Yes | G14: =K14/$K$62 -> 0.025259038 | H14: 6100.6 | I14: 85434.47 | J14: 1 | K14: =J14*H14 -> 6100.6 | L14: =ROUND(H14*M14/1000,0) -> 0 | M14: 0 | N14: (transient traffic only)
A15: Hospital | B15: Dining_flr_5 | C15: Dining Area (Cafeteria/Fast Food) | D15: VAV Dining | E15: Restaurant | F15: Yes | G15: =K15/$K$62 -> 0.031056162 | H15: 7500.73 | I15: 105042.38 | J15: 1 | K15: =J15*H15 -> 7500.73 | L15: =ROUND(H15*M15/1000,0) -> 248 | M15: 33
A16: Hospital | B16: Er_exam1_mult4_flr_1 | C16: Healthcare Facility and Hospitals (Exam/Treatment Room) | D16: VAV ER | E16: Health24/7 | F16: Yes | G16: =K16/$K$62 -> 0.0049689992 | H16: 300.03 | I16: 4201.7 | J16: 4 | K16: =J16*H16 -> 1200.12 | L16: =ROUND(H16*M16/1000,0) -> 2 | M16: 5 | N16: Table 120.1-A- 2025 T24-Misc-All Other
A17: Hospital | B17: Er_exam3_mult4_flr_1 | C17: Healthcare Facility and Hospitals (Exam/Treatment Room) | D17: VAV ER | E17: Health24/7 | F17: Yes | G17: =K17/$K$62 -> 0.0049689992 | H17: 300.03 | I17: 4201.7 | J17: 4 | K17: =J17*H17 -> 1200.12 | L17: =ROUND(H17*M17/1000,0) -> 2 | M17: 5
A18: Hospital | B18: Er_nursestn_lobby_flr_1 | C18: Healthcare Facility and Hospitals (Nurse's Station) | D18: VAV Clinical | E18: Health24/7 | F18: Yes | G18: =K18/$K$62 -> 0.055072951 | H18: 13301.3 | I18: 186275.15 | J18: 1 | K18: =J18*H18 -> 13301.3 | L18: =ROUND(H18*M18/1000,0) -> 20 | M18: 1.5 | N18: 1 nurse per bed
A19: Hospital | B19: Er_trauma1_flr_1 | C19: Healthcare Facility and Hospitals (Exam/Treatment Room) | D19: VAV ER | E19: Health24/7 | F19: Yes | G19: =K19/$K$62 -> 0.0012422498 | H19: 300.03 | I19: 4201.7 | J19: 1 | K19: =J19*H19 -> 300.03 | L19: =ROUND(H19*M19/1000,0) -> 2 | M19: 5
A20: Hospital | B20: Er_trauma2_flr_1 | C20: Healthcare Facility and Hospitals (Exam/Treatment Room) | D20: VAV ER | E20: Health24/7 | F20: Yes | G20: =K20/$K$62 -> 0.0012422498 | H20: 300.03 | I20: 4201.7 | J20: 1 | K20: =J20*H20 -> 300.03 | L20: =ROUND(H20*M20/1000,0) -> 2 | M20: 5
A21: Hospital | B21: Er_triage_mult4_flr_1 | C21: Healthcare Facility and Hospitals (Exam/Treatment Room) | D21: VAV ER | E21: Health24/7 | F21: Yes | G21: =K21/$K$62 -> 0.0049689992 | H21: 300.03 | I21: 4201.7 | J21: 4 | K21: =J21*H21 -> 1200.12 | L21: =ROUND(H21*M21/1000,0) -> 2 | M21: 5
A22: Hospital | B22: Icu_flr_2 | C22: Healthcare Facility and Hospitals (Recovery Room) | D22: VAV ICU | E22: Health24/7 | F22: Yes | G22: =K22/$K$62 -> 0.027543555 | H22: 6652.36 | I22: 93161.52 | J22: 1 | K22: =J22*H22 -> 6652.36 | L22: =ROUND(H22*M22/1000,0) -> 33 | M22: 5 | N22: Intensive Care Unit, for lighting we can go with the general lighting for the patient room but for other EPD and ventilation refer to the CA mechanical code
A23: Hospital | B23: Icu_nursestn_lobby_flr_2 | C23: Healthcare Facility and Hospitals (Nurse's Station) | D23: VAV Clinical | E23: Health24/7 | F23: Yes | G23: =K23/$K$62 -> 0.02980795 | H23: 7199.26 | I23: 100820.51 | J23: 1 | K23: =J23*H23 -> 7199.26 | L23: =ROUND(H23*M23/1000,0) -> 11 | M23: 1.5 | N23: 1 nurse per bed
A24: Hospital | B24: Ic_patroom1_mult5_flr_2 | C24: Healthcare Facility and Hospitals (Recovery Room) | D24: VAV ICU | E24: Health24/7 | F24: Yes | G24: =K24/$K$62 -> 0.004658385 | H24: 225.02 | I24: 3151.27 | J24: 5 | K24: =J24*H24 -> 1125.1 | L24: =ROUND(H24*M24/1000,0) -> 1 | M24: 5
A25: Hospital | B25: Ic_patroom2_flr_2 | C25: Healthcare Facility and Hospitals (Recovery Room) | D25: VAV ICU | E25: Health24/7 | F25: Yes | G25: =K25/$K$62 -> 0.0012422498 | H25: 300.03 | I25: 4201.7 | J25: 1 | K25: =J25*H25 -> 300.03 | L25: =ROUND(H25*M25/1000,0) -> 2 | M25: 5
A26: Hospital | B26: Ic_patroom3_mult6_flr_2 | C26: Healthcare Facility and Hospitals (Recovery Room) | D26: VAV ICU | E26: Health24/7 | F26: Yes | G26: =K26/$K$62 -> 0.005590062 | H26: 225.02 | I26: 3151.27 | J26: 6 | K26: =J26*H26 -> 1350.12 | L26: =ROUND(H26*M26/1000,0) -> 1 | M26: 5
A27: Hospital | B27: Kitchen_flr_5 | C27: Kitchen/Food Preparation Area | D27: CAV Kitchen | E27: Kitchen | F27: Yes | G27: =K27/$K$62 -> 0.041408244 | H27: 10000.98 | I27: 140056.5 | J27: 1 | K27: =J27*H27 -> 10000.98 | L27: =ROUND(H27*M27/1000,0) -> 30 | M27: 3
A28: Hospital | B28: Lab_flr_3 | C28: Laboratory, Scientific | D28: VAV Laboratory | E28: Health | F28: Yes | G28: =K28/$K$62 -> 0.011801352 | H28: 2850.28 | I28: 39916.1 | J28: 1 | K28: =J28*H28 -> 2850.28 | L28: =ROUND(H28*M28/1000,0) -> 14 | M28: 5 | N28: Change it back to 5 same as CEC and PNNL
A29: Hospital | B29: Lab_flr_4 | C29: Laboratory, Scientific | D29: VAV Laboratory | E29: Health | F29: Yes | G29: =K29/$K$62 -> 0.011801352 | H29: 2850.28 | I29: 39916.1 | J29: 1 | K29: =J29*H29 -> 2850.28 | L29: =ROUND(H29*M29/1000,0) -> 14 | M29: 5
A30: Hospital | B30: Lobby_records_flr_1 | C30: Lobby, Main Entry | D30: VAV Admin | E30: Health | F30: Yes | G30: =K30/$K$62 -> 0.065734446 | H30: 15876.28 | I30: 222335.92 | J30: 1 | K30: =J30*H30 -> 15876.28 | L30: =ROUND(H30*M30/1000,0) -> 79 | M30: 5 | N30: For the hospital lobby,5 persons per 1,000 ft² was used considering the size of the lobby, consistent with T24 assumption for reception areas. ASHRAE 62.1 (Table 6‑1) and T24, specify 10 and 33 persons per 1,000 ft² for main entry lobbies, respectively.
A31: Hospital | B31: Nursestn_lobby_flr_3 | C31: Healthcare Facility and Hospitals (Nurse's Station) | D31: VAV Clinical | E31: Health24/7 | F31: Yes | G31: =K31/$K$62 -> 0.040373015 | H31: 9750.95 | I31: 136555.09 | J31: 1 | K31: =J31*H31 -> 9750.95 | L31: =ROUND(H31*M31/1000,0) -> 15 | M31: 1.5 | N31: 1 nurse per bed
A32: Hospital | B32: Nursestn_lobby_flr_4 | C32: Healthcare Facility and Hospitals (Nurse's Station) | D32: VAV Clinical | E32: Health24/7 | F32: Yes | G32: =K32/$K$62 -> 0.040373015 | H32: 9750.95 | I32: 136555.09 | J32: 1 | K32: =J32*H32 -> 9750.95 | L32: =ROUND(H32*M32/1000,0) -> 15 | M32: 1.5 | N32: 1 nurse per bed
A33: Hospital | B33: Nursestn_lobby_flr_5 | C33: Healthcare Facility and Hospitals (Nurse's Station) | D33: VAV Clinical | E33: Health24/7 | F33: Yes | G33: =K33/$K$62 -> 0.046377202 | H33: 11201.09 | I33: 156863.28 | J33: 1 | K33: =J33*H33 -> 11201.09 | L33: =ROUND(H33*M33/1000,0) -> 17 | M33: 1.5 | N33: 1 nurse per bed
A34: Hospital | B34: Office1_flr_5 | C34: Office Area (>250 square feet) | D34: VAV Admin | E34: Office | F34: Yes | G34: =K34/$K$62 -> 0.0031064319 | H34: 750.27 | I34: 10507.01 | J34: 1 | K34: =J34*H34 -> 750.27 | L34: =ROUND(H34*M34/1000,0) -> 4 | M34: 5
A35: Hospital | B35: Office1_mult5_flr_1 | C35: Office Area (<250 square feet) | D35: VAV Admin | E35: Office | F35: Yes | G35: =K35/$K$62 -> 0.003105521 | H35: 150.01 | I35: 2100.85 | J35: 5 | K35: =J35*H35 -> 750.05 | L35: =ROUND(H35*M35/1000,0) -> 1 | M35: 5
A36: Hospital | B36: Office2_mult5_flr_5 | C36: Office Area (>250 square feet) | D36: VAV Admin | E36: Office | F36: Yes | G36: =K36/$K$62 -> 0.015528019 | H36: 750.07 | I36: 10502.39 | J36: 5 | K36: =J36*H36 -> 3750.35 | L36: =ROUND(H36*M36/1000,0) -> 4 | M36: 5
A37: Hospital | B37: Office3_flr_5 | C37: Office Area (>250 square feet) | D37: VAV Admin | E37: Office | F37: Yes | G37: =K37/$K$62 -> 0.0031056038 | H37: 750.07 | I37: 10504.24 | J37: 1 | K37: =J37*H37 -> 750.07 | L37: =ROUND(H37*M37/1000,0) -> 4 | M37: 5
A38: Hospital | B38: Office4_mult6_flr_5 | C38: Office Area (<250 square feet) | D38: VAV Admin | E38: Office | F38: Yes | G38: =K38/$K$62 -> 0.0037266252 | H38: 150.01 | I38: 2100.85 | J38: 6 | K38: =J38*H38 -> 900.06 | L38: =ROUND(H38*M38/1000,0) -> 1 | M38: 5
A39: Hospital | B39: Or1_flr_2 | C39: Healthcare Facility and Hospitals (Operating Room) | D39: VAV OR | E39: HealthOR | F39: Yes | G39: =K39/$K$62 -> 0.0024844996 | H39: 600.06 | I39: 8403.39 | J39: 1 | K39: =J39*H39 -> 600.06 | L39: =ROUND(H39*M39/1000,0) -> 3 | M39: 5
A40: Hospital | B40: Or2_mult5_flr_2 | C40: Healthcare Facility and Hospitals (Operating Room) | D40: VAV OR | E40: HealthOR | F40: Yes | G40: =K40/$K$62 -> 0.012422498 | H40: 600.06 | I40: 8403.39 | J40: 5 | K40: =J40*H40 -> 3000.3 | L40: =ROUND(H40*M40/1000,0) -> 3 | M40: 5
A41: Hospital | B41: Or3_flr_2 | C41: Healthcare Facility and Hospitals (Operating Room) | D41: VAV OR | E41: HealthOR | F41: Yes | G41: =K41/$K$62 -> 0.0024844996 | H41: 600.06 | I41: 8403.39 | J41: 1 | K41: =J41*H41 -> 600.06 | L41: =ROUND(H41*M41/1000,0) -> 3 | M41: 5
A42: Hospital | B42: Or4_flr_2 | C42: Healthcare Facility and Hospitals (Operating Room) | D42: VAV OR | E42: HealthOR | F42: Yes | G42: =K42/$K$62 -> 0.0099379571 | H42: 2400.23 | I42: 33613.56 | J42: 1 | K42: =J42*H42 -> 2400.23 | L42: =ROUND(H42*M42/1000,0) -> 12 | M42: 5
A43: Hospital | B43: Or_nursestn_lobby_flr_2 | C43: Healthcare Facility and Hospitals (Nurse's Station) | D43: VAV Clinical | E43: Health24/7 | F43: Yes | G43: =K43/$K$62 -> 0.045134952 | H43: 10901.06 | I43: 152661.59 | J43: 1 | K43: =J43*H43 -> 10901.06 | L43: =ROUND(H43*M43/1000,0) -> 16 | M43: 1.5 | N43: 1 nurse per bed
A44: Hospital | B44: Patroom1_mult10_flr_3 | C44: Healthcare Facility and Hospitals (Patient Room) | D44: VAV Patient Room | E44: Patient24/7 | F44: Yes | G44: =K44/$K$62 -> 0.0093167701 | H44: 225.02 | I44: 3151.27 | J44: 10 | K44: =J44*H44 -> 2250.2 | L44: =ROUND(H44*M44/1000,0) -> 2 | M44: 10 | N44: Raised Zones peak people from ~1/bed to 2/bed (or ~10 people/1,000 ft²) to account for the visitors at the peak time.
A45: Hospital | B45: Patroom1_mult10_flr_4 | C45: Healthcare Facility and Hospitals (Patient Room) | D45: VAV Patient Room | E45: Patient24/7 | F45: Yes | G45: =K45/$K$62 -> 0.0093167701 | H45: 225.02 | I45: 3151.27 | J45: 10 | K45: =J45*H45 -> 2250.2 | L45: =ROUND(H45*M45/1000,0) -> 2 | M45: 10
A46: Hospital | B46: Patroom2_flr_3 | C46: Healthcare Facility and Hospitals (Patient Room) | D46: VAV Patient Room | E46: Patient24/7 | F46: Yes | G46: =K46/$K$62 -> 0.0015528226 | H46: 375.04 | I46: 5252.12 | J46: 1 | K46: =J46*H46 -> 375.04 | L46: 2 | M46: 10
A47: Hospital | B47: Patroom2_flr_4 | C47: Healthcare Facility and Hospitals (Patient Room) | D47: VAV Patient Room | E47: Patient24/7 | F47: Yes | G47: =K47/$K$62 -> 0.0015528226 | H47: 375.04 | I47: 5252.12 | J47: 1 | K47: =J47*H47 -> 375.04 | L47: 2 | M47: 10
A48: Hospital | B48: Patroom3_mult10_flr_3 | C48: Healthcare Facility and Hospitals (Patient Room) | D48: VAV Patient Room | E48: Patient24/7 | F48: Yes | G48: =K48/$K$62 -> 0.0090070667 | H48: 217.54 | I48: 3046.5 | J48: 10 | K48: =J48*H48 -> 2175.4 | L48: =ROUND(H48*M48/1000,0) -> 2 | M48: 10
A49: Hospital | B49: Patroom3_mult10_flr_4 | C49: Healthcare Facility and Hospitals (Patient Room) | D49: VAV Patient Room | E49: Patient24/7 | F49: Yes | G49: =K49/$K$62 -> 0.0090070667 | H49: 217.54 | I49: 3046.5 | J49: 10 | K49: =J49*H49 -> 2175.4 | L49: =ROUND(H49*M49/1000,0) -> 2 | M49: 10
A50: Hospital | B50: Patroom4_flr_3 | C50: Healthcare Facility and Hospitals (Patient Room) | D50: VAV Patient Room | E50: Patient24/7 | F50: Yes | G50: =K50/$K$62 -> 0.0015528226 | H50: 375.04 | I50: 5252.12 | J50: 1 | K50: =J50*H50 -> 375.04 | L50: 2 | M50: 10
A51: Hospital | B51: Patroom4_flr_4 | C51: Healthcare Facility and Hospitals (Patient Room) | D51: VAV Patient Room | E51: Patient24/7 | F51: Yes | G51: =K51/$K$62 -> 0.0015528226 | H51: 375.04 | I51: 5252.12 | J51: 1 | K51: =J51*H51 -> 375.04 | L51: 2 | M51: 10
A52: Hospital | B52: Patroom5_mult10_flr_3 | C52: Healthcare Facility and Hospitals (Patient Room) | D52: VAV Patient Room | E52: Patient24/7 | F52: Yes | G52: =K52/$K$62 -> 0.0093167701 | H52: 225.02 | I52: 3151.27 | J52: 10 | K52: =J52*H52 -> 2250.2 | L52: =ROUND(H52*M52/1000,0) -> 2 | M52: 10
A53: Hospital | B53: Patroom5_mult10_flr_4 | C53: Healthcare Facility and Hospitals (Patient Room) | D53: VAV Patient Room | E53: Patient24/7 | F53: Yes | G53: =K53/$K$62 -> 0.0093167701 | H53: 225.02 | I53: 3151.27 | J53: 10 | K53: =J53*H53 -> 2250.2 | L53: =ROUND(H53*M53/1000,0) -> 2 | M53: 10
A54: Hospital | B54: Patroom6_flr_3 | C54: Healthcare Facility and Hospitals (Patient Room) | D54: VAV Patient Room | E54: Patient24/7 | F54: Yes | G54: =K54/$K$62 -> 0.0012422498 | H54: 300.03 | I54: 4201.7 | J54: 1 | K54: =J54*H54 -> 300.03 | L54: 2 | M54: 10
A55: Hospital | B55: Patroom6_flr_4 | C55: Healthcare Facility and Hospitals (Patient Room) | D55: VAV Patient Room | E55: Patient24/7 | F55: Yes | G55: =K55/$K$62 -> 0.0012422498 | H55: 300.03 | I55: 4201.7 | J55: 1 | K55: =J55*H55 -> 300.03 | L55: 2 | M55: 10
A56: Hospital | B56: Patroom7_mult10_flr_3 | C56: Healthcare Facility and Hospitals (Patient Room) | D56: VAV Patient Room | E56: Patient24/7 | F56: Yes | G56: =K56/$K$62 -> 0.0090070667 | H56: 217.54 | I56: 3046.5 | J56: 10 | K56: =J56*H56 -> 2175.4 | L56: =ROUND(H56*M56/1000,0) -> 2 | M56: 10
A57: Hospital | B57: Patroom7_mult10_flr_4 | C57: Healthcare Facility and Hospitals (Patient Room) | D57: VAV Patient Room | E57: Patient24/7 | F57: Yes | G57: =K57/$K$62 -> 0.0090070667 | H57: 217.54 | I57: 3046.5 | J57: 10 | K57: =J57*H57 -> 2175.4 | L57: =ROUND(H57*M57/1000,0) -> 2 | M57: 10
A58: Hospital | B58: Patroom8_flr_3 | C58: Healthcare Facility and Hospitals (Patient Room) | D58: VAV Patient Room | E58: Patient24/7 | F58: Yes | G58: =K58/$K$62 -> 0.0012422498 | H58: 300.03 | I58: 4201.7 | J58: 1 | K58: =J58*H58 -> 300.03 | L58: 2 | M58: 10
A59: Hospital | B59: Patroom8_flr_4 | C59: Healthcare Facility and Hospitals (Patient Room) | D59: VAV Patient Room | E59: Patient24/7 | F59: Yes | G59: =K59/$K$62 -> 0.0012422498 | H59: 300.03 | I59: 4201.7 | J59: 1 | K59: =J59*H59 -> 300.03 | L59: 2 | M59: 10
A60: Hospital | B60: Phystherapy_flr_3 | C60: Healthcare Facility and Hospitals (Physical Therapy Room) | D60: VAV Clinical | E60: Health | F60: Yes | G60: =K60/$K$62 -> 0.02173931 | H60: 5250.51 | I60: 73529.66 | J60: 1 | K60: =J60*H60 -> 5250.51 | L60: =ROUND(H60*M60/1000,0) -> 26 | M60: 5
A61: Hospital | B61: Radiology_flr_4 | C61: Healthcare Facility and Hospitals (Imaging Room) | D61: VAV Imaging | E61: Health | F61: Yes | G61: =K61/$K$62 -> 0.02173931 | H61: 5250.51 | I61: 73529.66 | J61: 1 | K61: =J61*H61 -> 5250.51 | L61: =ROUND(H61*M61/1000,0) -> 26 | M61: 5
A62: Total (1 Building) | B62: Total ( 162 spaces) | C62: Total (18 Space types) | D62: Total ( 11 Thermal Zones) | F62: Total ( 162 Conditioned zones) | K62: =SUM(K3:K61) -> 241521.47 | L62: =SUM(L3:L61) -> 711
A65: Occupancy rate of the patient rooms: | B65: 0.55
A66: Source: A report published by California Health Care Foundation, 2022
A67: https://www.chcf.org/wp-content/uploads/2022/07/CAHospitalsAlmanac2022QRG.pdf?utm_source=chatgpt.com
A69: Background Data [To be deleted prior to publication]
A76: Background Data [To be deleted prior to publication]

Sheet Envelope
A1: ="Envelope - "&Prototype!A2 -> Envelope - Hospital
A2: Element | B2: Prototype | C2: Assembly Type | D2: Construction | E2: Thermal Properties | F2: Vintage | G2: Selected T24 | H2: Notes | I2: CZ1 | J2: CZ2 | K2: CZ3 | L2: CZ4 | M2: CZ5 | N2: CZ6 | O2: CZ7 | P2: CZ8 | Q2: CZ9 | R2: CZ10 | S2: CZ11 | T2: CZ12 | U2: CZ13 | V2: CZ14 | W2: CZ15 | X2: CZ16
A3: External Wall | B3: Hospital | C3: ExtWall_MetalFramed_NonRes | D3: Metal framed wall: Metal frame + insulation + gypsum board (Same as CEC and DEER. PNNL has Mass wall)) | E3: U-factor IP | F3: Pre 1978 | G3: N/A | H3: Using DOE pre-1980 U-values and a 11.7% cumulative wall renovation rate through 2028, based on the average annual rate from CBECS 2003 and 2012 projected over 48 years. | I3: =I43*$I$45+I44*(1-$I$45) -> 0.211907 | J3: =J43*$I$45+J44*(1-$I$45) -> 0.207695 | K3: =K43*$I$45+K44*(1-$I$45) -> 0.210035 | L3: =L43*$I$45+L44*(1-$I$45) -> 0.207695 | M3: =M43*$I$45+M44*(1-$I$45) -> 0.207695 | N3: =N43*$I$45+N44*(1-$I$45) -> 0.211907 | O3: =O43*$I$45+O44*(1-$I$45) -> 0.211907 | P3: =P43*$I$45+P44*(1-$I$45) -> 0.207695 | ... X3: =X43*$I$45+X44*(1-$I$45) -> 0.207695
F4: 1978-1997 | G4: 1986 | H4: Copied from High-rise office alternative requirements (Table 2-53W): Package A with heat capacity between 0-3.99 (Btu/F-ft²) *T24, 1986, Table 2-53BB presents U-factors less than the next vintage (for wall density of 26-40 lb/ft² & Degree day<3500)! | I4: =1/7.4 -> 0.13513514 | J4: =1/7.4 -> 0.13513514 | K4: =1/7.4 -> 0.13513514 | L4: =1/7.4 -> 0.13513514 | M4: =1/7.4 -> 0.13513514 | N4: =1/7.4 -> 0.13513514 | O4: =1/7.4 -> 0.13513514 | P4: =1/7.4 -> 0.13513514 | ... X4: =1/7.4 -> 0.13513514 | Y4: These values have better performance than the next vintage
F5: 1998-2007 | G5: 2001 | H5: Table 1-H | I5: 0.182 | J5: 0.182 | K5: 0.189 | L5: 0.189 | M5: 0.189 | N5: 0.189 | O5: 0.189 | P5: 0.189 | Q5: 0.189 | R5: 0.182 | S5: 0.182 | T5: 0.182 | U5: 0.182 | V5: 0.182 | W5: 0.182 | X5: 0.182
F6: 2008-2018 | G6: 2013 | H6: Table 140.3-B | I6: 0.098 | J6: 0.062 | K6: 0.082 | L6: 0.062 | M6: 0.062 | N6: 0.098 | O6: 0.098 | P6: 0.062 | Q6: 0.062 | R6: 0.062 | S6: 0.062 | T6: 0.062 | U6: 0.062 | V6: 0.062 | W6: 0.062 | X6: 0.062
F7: Existing | H7: Weighted average of all 4 vintages | I7: {=_xlfn.BYCOL(TRANSPOSE(Weights!$C$4:$F$19)*I3:X6,_xlfn.LAMBDA(_xlpm.c,SUM(_xlpm.c)))} -> 0.16187763 | J7: 0.16310368 | K7: 0.16339285 | L7: 0.16031756 | M7: 0.15637833 | N7: 0.18572548 | O7: 0.16626504 | P7: 0.18598769 | Q7: 0.18241738 | R7: 0.15166686 | S7: 0.15240736 | T7: 0.15385144 | U7: 0.14821958 | V7: 0.16398086 | W7: 0.14229482 | X7: 0.14964586
F8: 2019+ | G8: 2025 | H8: Table 140.3-B | I8: 0.06 | J8: 0.055 | K8: 0.071 | L8: 0.055 | M8: 0.055 | N8: 0.06 | O8: 0.06 | P8: 0.055 | Q8: 0.055 | R8: 0.055 | S8: 0.055 | T8: 0.055 | U8: 0.055 | V8: 0.055 | W8: 0.055 | X8: 0.055
A9: Roof | B9: Hospital | C9: FlatRoof_WoodFramedAndOther_NonRes | D9: Metal deck roof: Roof membrane + roof insulation + metal decking (Same as PNNL and DEER-Metal roof- CEC has wood-framed roof) | E9: U-factor IP | F9: Pre 1978 | G9: N/A | H9: Considering 30 years for roof/ insulation replacement. | I9: 0.057 | J9: 0.057 | K9: 0.057 | L9: 0.057 | M9: 0.057 | N9: 0.078 | O9: 0.078 | P9: 0.078 | Q9: 0.078 | R9: 0.078 | S9: 0.057 | T9: 0.057 | U9: 0.057 | V9: 0.057 | W9: 0.057 | X9: 0.057
F10: 1978-1997 | G10: 1992 | I10: 0.057 | J10: 0.057 | K10: 0.057 | L10: 0.057 | M10: 0.057 | N10: 0.078 | O10: 0.078 | P10: 0.078 | Q10: 0.078 | R10: 0.078 | S10: 0.057 | T10: 0.057 | U10: 0.057 | V10: 0.057 | W10: 0.057 | X10: 0.057
F11: 1998-2007 | G11: 2001 | H11: Table 1-H | I11: 0.057 | J11: 0.057 | K11: 0.057 | L11: 0.057 | M11: 0.057 | N11: 0.078 | O11: 0.078 | P11: 0.078 | Q11: 0.078 | R11: 0.057 | S11: 0.057 | T11: 0.057 | U11: 0.057 | V11: 0.057 | W11: 0.057 | X11: 0.057
F12: 2008-2018 | G12: 2013 | H12: Table 140.3-B | I12: 0.049 | J12: 0.039 | K12: 0.039 | L12: 0.039 | M12: 0.049 | N12: 0.075 | O12: 0.067 | P12: 0.067 | Q12: 0.039 | R12: 0.039 | S12: 0.039 | T12: 0.039 | U12: 0.039 | V12: 0.039 | W12: 0.039 | X12: 0.039
F13: Existing | H13: Weighted average of all 4 vintages | I13: {=_xlfn.BYCOL(TRANSPOSE(Weights!$C$4:$F$19)*I9:X12,_xlfn.LAMBDA(_xlpm.c,SUM(_xlpm.c)))} -> 0.05476 | J13: 0.05376 | K13: 0.0552 | L13: 0.055120291 | M13: 0.056560454 | N13: 0.077907311 | O13: 0.077078645 | P13: 0.077806986 | Q13: 0.075502822 | R13: 0.069452266 | S13: 0.052931788 | T13: 0.053371863 | U13: 0.051703815 | V13: 0.05459971 | W13: 0.052859554 | X13: 0.05258624
F14: 2019+ | G14: 2025 | H14: Table 140.3-B | I14: 0.038 | J14: 0.038 | K14: 0.038 | L14: 0.038 | M14: 0.038 | N14: 0.038 | O14: 0.038 | P14: 0.038 | Q14: 0.038 | R14: 0.038 | S14: 0.038 | T14: 0.038 | U14: 0.038 | V14: 0.038 | W14: 0.038 | X14: 0.038
A15: Windows | B15: Hospital | C15: FixedWindow_NonRes | D15: Single pane | E15: U-factor IP | F15: Pre 1978 | G15: N/A | H15: ASHRAE Handbook of Fundamentals (Table 4-Ch15) for single pane & T24, 2013 for double pane(33%-67%)* | I15: =0.338*1.12+0.67*0.36 -> 0.61976 | J15: =0.338*1.12+0.67*0.36 -> 0.61976 | K15: =0.338*1.12+0.67*0.36 -> 0.61976 | L15: =0.338*1.12+0.67*0.36 -> 0.61976 | M15: =0.338*1.12+0.67*0.36 -> 0.61976 | N15: =0.338*1.12+0.67*0.36 -> 0.61976 | O15: =0.338*1.12+0.67*0.36 -> 0.61976 | P15: =0.338*1.12+0.67*0.36 -> 0.61976 | ... X15: =0.338*1.12+0.67*0.36 -> 0.61976
F16: 1978-1997 | G16: N/A | I16: =0.338*1.12+0.67*0.36 -> 0.61976 | J16: =0.338*1.12+0.67*0.36 -> 0.61976 | K16: =0.338*1.12+0.67*0.36 -> 0.61976 | L16: =0.338*1.12+0.67*0.36 -> 0.61976 | M16: =0.338*1.12+0.67*0.36 -> 0.61976 | N16: =0.338*1.12+0.67*0.36 -> 0.61976 | O16: =0.338*1.12+0.67*0.36 -> 0.61976 | P16: =0.338*1.12+0.67*0.36 -> 0.61976 | ... X16: =0.338*1.12+0.67*0.36 -> 0.61976
D17: Double pane | F17: 1998-2007 | G17: 2001 | H17: Table 1-H | I17: 0.49 | J17: 0.49 | K17: 0.81 | L17: 0.81 | M17: 0.81 | N17: 0.81 | O17: 0.81 | P17: 0.81 | Q17: 0.81 | R17: 0.49 | S17: 0.49 | T17: 0.49 | U17: 0.49 | V17: 0.49 | W17: 0.49 | X17: 0.49
F18: 2008-2018 | G18: 2013 | H18: Table 140.3-B | I18: 0.36 | J18: 0.36 | K18: 0.36 | L18: 0.36 | M18: 0.36 | N18: 0.36 | O18: 0.36 | P18: 0.36 | Q18: 0.36 | R18: 0.36 | S18: 0.36 | T18: 0.36 | U18: 0.36 | V18: 0.36 | W18: 0.36 | X18: 0.36
F19: Existing | H19: Weighted average of all 4 vintages | I19: {=_xlfn.BYCOL(TRANSPOSE(Weights!$C$4:$F$19)*I15:X18,_xlfn.LAMBDA(_xlpm.c,SUM(_xlpm.c)))} -> 0.524968 | J19: 0.5535392 | K19: 0.6356368 | L19: 0.63197128 | M19: 0.66912126 | N19: 0.64101457 | O19: 0.62463207 | P19: 0.64535946 | Q19: 0.62065311 | R19: 0.56363583 | S19: 0.53681852 | T19: 0.54214252 | U19: 0.51730204 | V19: 0.56791165 | W19: 0.55817991 | X19: 0.5391426
F20: 2019+ | G20: 2025 | H20: Table 140.3-B | I20: 0.36 | J20: 0.36 | K20: 0.36 | L20: 0.36 | M20: 0.36 | N20: 0.36 | O20: 0.36 | P20: 0.36 | Q20: 0.34 | R20: 0.36 | S20: 0.34 | T20: 0.34 | U20: 0.34 | V20: 0.34 | W20: 0.34 | X20: 0.36
B21: Hospital | C21: FixedWindow_NonRes | D21: Single pane | E21: SHGC | F21: Pre 1978 | G21: N/A | H21: ASHRAE Handbook of Fundamentals (Table 10-Ch15) for single pane & T24, 2013 for double pane(33%-67%)* | I21: =0.79*0.33+0.67*I24 -> 0.4282 | J21: =0.79*0.33+0.67*J24 -> 0.4282 | K21: =0.79*0.33+0.67*K24 -> 0.4282 | L21: =0.79*0.33+0.67*L24 -> 0.4282 | M21: =0.79*0.33+0.67*M24 -> 0.4282 | N21: =0.79*0.33+0.67*N24 -> 0.4282 | O21: =0.79*0.33+0.67*O24 -> 0.4282 | P21: =0.79*0.33+0.67*P24 -> 0.4282 | ... X21: =0.79*0.33+0.67*X24 -> 0.4282
F22: 1978-1997 | G22: N/A | I22: =0.79*0.33+0.67*I24 -> 0.4282 | J22: =0.79*0.33+0.67*J24 -> 0.4282 | K22: =0.79*0.33+0.67*K24 -> 0.4282 | L22: =0.79*0.33+0.67*L24 -> 0.4282 | M22: =0.79*0.33+0.67*M24 -> 0.4282 | N22: =0.79*0.33+0.67*N24 -> 0.4282 | O22: =0.79*0.33+0.67*O24 -> 0.4282 | P22: =0.79*0.33+0.67*P24 -> 0.4282 | ... X22: =0.79*0.33+0.67*X24 -> 0.4282
D23: Double pane | F23: 1998-2007 | G23: 2001 | H23: Table 1-H (Non North, WWR:11-20% ) | I23: 0.43 | J23: 0.36 | K23: 0.55 | L23: 0.55 | M23: 0.55 | N23: 0.61 | O23: 0.61 | P23: 0.61 | Q23: 0.61 | R23: 0.36 | S23: 0.36 | T23: 0.36 | U23: 0.36 | V23: 0.36 | W23: 0.36 | X23: 0.43
F24: 2008-2018 | G24: 2013 | H24: Table 140.3-B | I24: 0.25 | J24: 0.25 | K24: 0.25 | L24: 0.25 | M24: 0.25 | N24: 0.25 | O24: 0.25 | P24: 0.25 | Q24: 0.25 | R24: 0.25 | S24: 0.25 | T24: 0.25 | U24: 0.25 | V24: 0.25 | W24: 0.25 | X24: 0.25
F25: Existing | H25: Weighted average of all 4 vintages | I25: {=_xlfn.BYCOL(TRANSPOSE(Weights!$C$4:$F$19)*I21:X24,_xlfn.LAMBDA(_xlpm.c,SUM(_xlpm.c)))} -> 0.37861 | J25: 0.385894 | K25: 0.437176 | L25: 0.43477652 | M25: 0.45914996 | N25: 0.4506753 | O25: 0.43872208 | P25: 0.45389267 | Q25: 0.43353789 | R25: 0.39136171 | S25: 0.37518836 | T25: 0.37900544 | U25: 0.36208776 | V25: 0.39539207 | W25: 0.38624836 | X25: 0.38473851
F26: 2019+ | G26: 2025 | H26: Table 140.3-B | I26: 0.25 | J26: 0.25 | K26: 0.25 | L26: 0.25 | M26: 0.25 | N26: 0.25 | O26: 0.25 | P26: 0.25 | Q26: 0.22 | R26: 0.25 | S26: 0.22 | T26: 0.22 | U26: 0.22 | V26: 0.22 | W26: 0.22 | X26: 0.25
C29: Infiltration
D30: Building | E30: Zones | F30: Vintage | G30: I_75 6-sdied Infiltration rate @ 75 pa | H30: Note | I30: I-design (cfm/ft²) (4-sided Infiltration rate at normal pressure) (Design flow rate approach and Flow/Exterior Wall Area calculation method)
C31: Infiltration | D31: Hospital | F31: Pre 1978 | G31: 1.1 | H31: 2022 CASE report (Table 38) | I31: 0.3121
F32: 1978-1997 | G32: 1.1 | H32: 2022 CASE report (Table 38) | I32: 0.3121
F33: 1998-2007 | G33: 1.1 | H33: 2022 CASE report (Table 38) | I33: 0.3121
F34: 2008-2018 | G34: 1 | H34: 2022 CASE report (Table 38) & T24, 2008-2016 (Table 140.3-B)--Air barrier is required in CZ 10-16 | I34: 0.2856
F35: Existing | H35: Same as Pre 2008 because of their higher weights | I35: =I33 -> 0.3121
F36: 2019+ | G36: 0.6 | H36: 2022 CASE report (Table 38) & T24, 2025 (Table 140.3-B)-Air barrier is required in all CZs | I36: 0.1703
E37: Source: Title 24 air barrier requirements (all editions) and the standardized infiltration rate reported in the 2022 CASE report and Dodge 2023 data
E38: Air Leakage Memo: | G38: Infiltration_rate_report_14May2025-Short-Version.docx
A41: Pre-1978 exterior wall U value calculation
A42: External Wall | B42: Hospital | C42: ExtWall_MetalFramed_NonRes | D42: Metal framed wall: Metal frame + insulation + gypsum board (Same as CEC and DEER. PNNL has Mass wall)) | E42: U-factor IP | F42: Pre 1978 | G42: N/A | H42: ASHRAE 90.1, 2022 Table A3.4.3.1, 3.5", R-0 | I42: 0.292 | J42: 0.292 | K42: 0.292 | L42: 0.292 | M42: 0.292 | N42: 0.292 | O42: 0.292 | P42: 0.292 | Q42: 0.292 | R42: 0.292 | S42: 0.292 | T42: 0.292 | U42: 0.292 | V42: 0.292 | W42: 0.292 | X42: 0.292
H43: T24 (2008 U value) | I43: 0.098 | J43: 0.062 | K43: 0.082 | L43: 0.062 | M43: 0.062 | N43: 0.098 | O43: 0.098 | P43: 0.062 | Q43: 0.062 | R43: 0.062 | S43: 0.062 | T43: 0.062 | U43: 0.062 | V43: 0.062 | W43: 0.062 | X43: 0.062
H44: DOE pre 1980 prototype LA (U value) | I44: 0.227 | J44: 0.227 | K44: 0.227 | L44: 0.227 | M44: 0.227 | N44: 0.227 | O44: 0.227 | P44: 0.227 | Q44: 0.227 | R44: 0.227 | S44: 0.227 | T44: 0.227 | U44: 0.227 | V44: 0.227 | W44: 0.227 | X44: 0.227
H45: Renovation rate since 1980 (yearly renovation rate was calculated from CBECS 2003 and 2012 and then projected over 48 years) | I45: 0.117

Sheet HVAC System
A1: ="HVAC system - "&Prototype!A2 -> HVAC system - Hospital
A2: Vintage | B2: Zones | C2: Heating | D2: Cooling | E2: Air Distribution | F2: Other Systems | G2: Source | H2: Note
A3: Existing | B3: Kitchen | C3: Gas Boiler | D3: Chiller | E3: CAV | F3: CAV exhaust system with rooftop makeup air units, no energy recovery and no Demand Control | G3: CEUS 2022(Other system based on T24 and Engineering judgement)
B4: All other conditioned zones | C4: Gas Boiler | D4: Chiller | E4: CAV + Hydronic Reheat | G4: CEUS 2022(Other system based on T24 and Engineering judgement)
A5: New Construction | B5: Kitchen | C5: Gas Boiler | D5: Chiller | E5: VAV | F5: A VAV dedicated MAU with tempered outside air, with exhaust hood and demand control ventilation and Heat Recovery | G5: T24 2025 ACM 2025, Table 2 and 3 | H5: System 13 a - Built-up kitchen MAU
B6: All other conditioned zones (ER, ICU, Labs, OR, Patient Rms) | C6: Gas Boiler | D6: Chiller | E6: VAV + Hydronic Reheat | F6: With Heat Recovery | G6: T24 2025 ACM 2025, Table 2 and 3 | H6: System 6 – VAV
A11: Efficiency of HVAC System (Efficiency is capacity-dependent. The following table provides a general estimate of system efficiency based on preliminary simulations in one climate zone, or assuming cooling load based on rule of thumb)
B12: Upgrade/Installed year | C12: Water Cooled Chiller | D12: Gas Boiler | E12: Heat Rejection (Cooling Tower) | F12: Sources | G12: Note
A13: Pre 1978 | B13: 2008 | C13: Water Cooled, Electrically Operated, Centrifugal--≥ 300 tons and < 600 tons - 5.55 COP 5.90 IPLV | D13: 80% Ec | E13: Axial fan Open-circuit cooling tower--95°F entering water 85°F leaving water 75°F entering air wb--≥ 38.2 gpm/hp | F13: T24, 2008, Table 112-D (for chiller COP) , Title 24-2008 §111 / Title 20 Table E-3 (and 10 CFR 431.87 as in effect through March 1, 2012) for Boiler Efficiency. Table 112-G (Performance Requirements for Heat Rejection Equipment)
A14: 1978-1997
A15: 1998-2007
A16: 2008-2018 | B16: 2013 | C16: Water Cooled, Electrically Operated, Centrifugal--≥ 300 tons and < 600 tons --≤ 0.576 kW/ton ≤ 0.549 IPLV (Path A) | D16: Gas-Fired Boiler > 300,000 Btu/h and ≤2,500,000 Btu/h-- 80% Et Gas-Fired Boiler > 2,500,000 Btu/h -- 82% Ec | E16: Axial fan Open-circuit cooling tower--95°F entering water 85°F leaving water 75°F entering air wb--≥ 42.1 gpm/hp | F16: T24, 2013 , Table 110.2-D (for chiller COP) - Table 110.2-K (for Boiler thermal efficiency). Table 110.2-G (Performance Requirements for Heat Rejection Equipment)
A17: New Construction | B17: 2025 | C17: Water Cooled, Electrically Operated, Centrifugal--≥ 300 tons and < 400 tons--≤ 0.560 kW/ton ≤ 0.520 IPLV (Path A) | D17: Gas-Fired Boiler > 300,000 Btu/h and ≤2,500,000 Btu/h-- 80% Et Gas-Fired Boiler > 2,500,000 Btu/h -- 82% Ec | E17: Axial fan Open-circuit cooling tower--95°F entering water 85°F leaving water 75°F entering air wb--≥ 42.1 gpm/hp | F17: T24, 2025 , Table 110.2-D (for chiller COP) - 10 CFR 431.86 , section § 431.87 Table 1 (for Boiler thermal efficiency). Table 110.2-E (Performance Requirements for Heat Rejection Equipment)
C19: * Ec = combustion efficiency
A24: Fan power
A25: Vintage | B25: Approach | C25: System | D25: Total Static Pressure (TSP) in w.c. | E25: Fan Efficiency [ACM, 2025] | F25: Motor Efficiency | G25: Fan Power Index (W/cfm) | H25: Data Source | I25: Note
A26: Existing | B26: PNNL 90.1-2011, TSP | C26: Kitchen System CAVMAU | D26: 4.09 | E26: 0.65 | F26: ASHRAE 90.1, 2004, Table 10.8 * | H26: Fan power formula: PNNL 20405, 2010, section 5.2.2.5 TSP and fan efficiency: PNNL 20405, 2010, Table 5.11, 90.1-04ac values Motor efficiency: ASHRAE 90.1, 2004, Table 10.8
C27: All other zones, CAV + hydronic reheat | D27: 2.5 below 7,437 cfm; 4.09 at or above 7,437 cfm
A28: Brake horsepower (bhp) = (Supply cfm × TSP in w.c.) / (6356 × fan efficiency)
A29: Fan power (w/cfm) = (bhp × 746) / ( supply cfm × motor efficiency )
A30: New Construction | B30: ACM 2025 | C30: Kitchen System 13a, >5,000 and <=10,000 cfm | D30: TSP = fan power × motor efficiency × fan efficiency × 6356 / 746 | E30: 0.65 | F30: 2025 ACM Table 12 ** | G30: 0.586 | H30: Fan power index: [ACM 2025, Table 13] Motor efficiency: [ ACM 2025, Table 12]
C31: All other zones, System 6 VAV, >10,000 cfm | D31: TSP = fan power × motor efficiency × fan efficiency × 6356 / 746 | G31: 0.947
C32: All other zones, System 6 VAV, >5,000 and <=10,000 cfm | D32: TSP = fan power × motor efficiency × fan efficiency × 6356 / 746 | G32: 1.013
A33: * According to PNNL 20405 section 5.2.2.5, the full-load efficiency of the motor serving the fan is taken from ASHRAE 90.1, 2004, Table 10.8, based on motor nameplate and assuming enclosed motors operating at 1,800 rotations per minute (rpm) Motor nameplate size (bhp) = brake horsepower (bhp) × 1.1 ( using a 10% oversizing factor)
A34: ** The full‑load efficiency of the motor serving the fan is taken from ACM 2025 Table 12 based on the motor nameplate horsepower. Brake horsepower (bhp) = (Supply cfm from sizing run × fan power in W/cfm) / 746.

Sheet Ventilation
A1: =O1 -> Outdoor Airflow Rate - Hospital | O1: ="Outdoor Airflow Rate - "&Prototype!A2 -> Outdoor Airflow Rate - Hospital
A2: Space Type | B2: Space/Thermal Zone | C2: Number of People | D2: Floor Area (ft²) | E2: cfm/person [T24, 2025, Equation 120.1-F and Table 120.1-A] | F2: cfm/ft² [T24, 2025, Equation 120.1-F and Table 120.1-A] | G2: Required exhaust rate (cfm/ft) [T24, 2025, Table 120.1-B – minimum exhaust rates] | H2: Min OA Ventilation Requirement (cfm/ft) [Table 4-A, 2022 California Mechanical Code] | I2: Total cfm driven by people | J2: Total cfm driven by area | K2: Total cfm driven by exhaust | L2: Total cfm | M2: Note | N2: ACH | O2: Space Type | P2: Total Area (ft²) | Q2: Min. occupancy load (persons/1000 ft²) | R2: Total Number of Occupants | S2: cfm/ft² (Table 120.1-A – Minimum Ventilation Rates) | T2: Required Exhaust Rate-cfm/ft² (Table 120.1-B – Minimum Exhaust Rates) | U2: Min OA Ventilation Requirement-ACH-(Table 4-A, 2022 California Mechanical Code) | V2: Min OA Ventilation Requirement-cfm/ft²-(Table 4-A, 2022 California Mechanical Code) | W2: cfm
A3: Electrical, Mechanical, Telephone Rooms | B3: =Zones!B3 -> MechElec_Basement | C3: =Zones!L3 -> 0 | D3: =Zones!K3 -> 20930 | E3: 15 | F3: =VLOOKUP(A3,O$2:S$20,5) -> 0.15 | H3: 0 | I3: =E3*C3 -> 0 | J3: =F3*D3 -> 3139.5 | K3: =G3*D3 -> 0 | L3: =MAX(I3:K3) -> 3139.5 | O3: =Zones!C3 -> Electrical, Mechanical, Telephone Rooms | P3: =SUMIF(Zones!C$3:C$61, "*Office Area (>250 square feet)*", Zones!K$3:K$61) -> 5250.69 | Q3: =Zones!M3 -> 0 | R3: =(P3/1000)*Q3 -> 0 | S3: 0.15 | T3: 0 | W3: =MAX(R3*15,P3*S3,P3*T3,P3*V3) -> 787.6035
A4: Laundry Area | B4: =Zones!B4 -> SoiledUtil_Basement | C4: =Zones!L4 -> 36 | D4: =Zones!K4 -> 7245 | E4: 15 | F4: 0.15 | G4: 1 | H4: 0 | I4: =E4*C4 -> 540 | J4: =F4*D4 -> 1086.75 | K4: =G4*D4 -> 7245 | L4: =MAX(I4:K4) -> 7245 | O4: =Zones!C4 -> Laundry Area | P4: =SUMIF(Zones!C$3:C$61, "*Laundry Area *", Zones!K$3:K$61) -> 7245 | Q4: =Zones!M4 -> 5 | R4: =(P4/1000)*Q4 -> 36.225 | S4: 0.15 | T4: 1 | W4: =MAX(R4*15,P4*S4,P4*T4,P4*V4) -> 7245
A5: Corridor Area | B5: =Zones!B5 -> Corridor_Basement | C5: =Zones!L5 -> 0 | D5: =Zones!K5 -> 6038 | E5: 15 | F5: 0.15 | H5: 0 | I5: =E5*C5 -> 0 | J5: =F5*D5 -> 905.7 | K5: =G5*D5 -> 0 | L5: =MAX(I5:K5) -> 905.7 | O5: =Zones!C6 -> Computer Room (EPD 20) | P5: =SUMIF(Zones!C$3:C$61, "*Computer Room (EPD 20)*", Zones!K$3:K$61) -> 3220 | Q5: =Zones!M6 -> 5 | R5: =(P5/1000)*Q5 -> 16.1 | S5: 0.15 | T5: 0 | W5: =MAX(R5*15,P5*S5,P5*T5,P5*V5) -> 483
A6: Computer Room (EPD 20) | B6: =Zones!B6 -> IDF_Basement | C6: =Zones!L6 -> 16 | D6: =Zones!K6 -> 3220 | E6: 15 | F6: 0.15 | H6: 0 | I6: =E6*C6 -> 240 | J6: =F6*D6 -> 483 | K6: =G6*D6 -> 0 | L6: =MAX(I6:K6) -> 483 | O6: =Zones!C7 -> Healthcare Facility and Hospitals (Medical Supply Room) | P6: =SUMIF(Zones!C$3:C$61, "*Healthcare Facility and Hospitals (Medical Supply Room)*", Zones!K$3:K$61) -> 2818 | Q6: =Zones!M7 -> 5 | R6: =(P6/1000)*Q6 -> 14.09 | S6: 0.15 | T6: 0 | W6: =MAX(R6*15,P6*S6,P6*T6,P6*V6) -> 422.7
A7: Healthcare Facility and Hospitals (Medical Supply Room) | B7: =Zones!B7 -> MedSupply_Basement | C7: =Zones!L7 -> 14 | D7: =Zones!K7 -> 2818 | E7: 15 | F7: 0.15 | H7: 0 | I7: =E7*C7 -> 210 | J7: =F7*D7 -> 422.7 | K7: =G7*D7 -> 0 | L7: =MAX(I7:K7) -> 422.7 | O7: =Zones!C34 -> Office Area (>250 square feet) | P7: =SUMIF(Zones!C$3:C$61, "*Office Area (>250 square feet)*", Zones!K$3:K$61) -> 5250.69 | Q7: =Zones!M34 -> 5 | R7: =(P7/1000)*Q7 -> 26.25345 | S7: 0.15 | W7: =MAX(R7*15,P7*S7,P7*T7,P7*V7) -> 787.6035 | X7: *Negative pressure
A8: Corridor Area | B8: Corridor_flr_1 | C8: =Zones!L8 -> 0 | D8: =Zones!K8 -> 6125.6 | E8: 15 | F8: 0.15 | H8: 0 | I8: =E8*C8 -> 0 | J8: =F8*D8 -> 918.84 | K8: =G8*D8 -> 0 | L8: =MAX(I8:K8) -> 918.84 | O8: =Zones!C35 -> Office Area (<250 square feet) | P8: =SUMIF(Zones!C$3:C$61, "*Office Area (<250 square feet)*", Zones!K$3:K$61) -> 1650.11 | Q8: =Zones!M35 -> 5 | R8: =(P8/1000)*Q8 -> 8.25055 | S8: 0.15 | T8: 0 | W8: =MAX(R8*15,P8*S8,P8*T8,P8*V8) -> 247.5165 | X8: *Positive, No recirculation
A9: Corridor Area | B9: Corridor_flr_2 | C9: =Zones!L9 -> 0 | D9: =Zones!K9 -> 6125.6 | E9: 15 | F9: 0.15 | H9: 0 | I9: =E9*C9 -> 0 | J9: =F9*D9 -> 918.84 | K9: =G9*D9 -> 0 | L9: =MAX(I9:K9) -> 918.84 | O9: =Zones!C8 -> Corridor Area | P9: =SUMIF(Zones!C$3:C$61, "*Corridor Area*", Zones!K$3:K$61) -> 48092.13 | Q9: =Zones!M8 -> 0 | R9: =(P9/1000)*Q9 -> 0 | S9: 0.15 | T9: 0 | W9: =MAX(R9*15,P9*S9,P9*T9,P9*V9) -> 7213.8195 | X9: *Negative pressure
A10: Corridor Area | B10: Corridor_flr_5 | C10: =Zones!L10 -> 0 | D10: =Zones!K10 -> 5400.53 | E10: 15 | F10: 0.15 | H10: 0 | I10: =E10*C10 -> 0 | J10: =F10*D10 -> 810.0795 | K10: =G10*D10 -> 0 | L10: =MAX(I10:K10) -> 810.0795 | O10: =Zones!C15 -> Dining Area (Cafeteria/Fast Food) | P10: =SUMIF(Zones!C$3:C$61, "*Dining Area (Cafeteria/Fast Food)*", Zones!K$3:K$61) -> 7500.73 | Q10: =Zones!M15 -> 33 | R10: =(P10/1000)*Q10 -> 247.52409 | S10: 0.15 | T10: 0 | W10: =MAX(R10*15,P10*S10,P10*T10,P10*V10) -> 3712.8614
A11: Corridor Area | B11: Corridor_nw_flr_3 | C11: =Zones!L11 -> 0 | D11: =Zones!K11 -> 6100.6 | E11: 15 | F11: 0.15 | H11: 0 | I11: =E11*C11 -> 0 | J11: =F11*D11 -> 915.09 | K11: =G11*D11 -> 0 | L11: =MAX(I11:K11) -> 915.09 | O11: =Zones!C16 -> Healthcare Facility and Hospitals (Exam/Treatment Room) | P11: =SUMIF(Zones!C$3:C$61, "*Healthcare Facility and Hospitals (Exam/Treatment Room)*", Zones!K$3:K$61) -> 4200.42 | Q11: =Zones!M16 -> 5 | R11: =(P11/1000)*Q11 -> 21.0021 | T11: 0 | U11: 2 | V11: =(U11*14)/60 -> 0.46666667 | W11: =MAX(R11*15,P11*S11,P11*T11,P11*V11) -> 1960.196
A12: Corridor Area | B12: Corridor_nw_flr_4 | C12: =Zones!L12 -> 0 | D12: =Zones!K12 -> 6100.6 | E12: 15 | F12: 0.15 | H12: 0 | I12: =E12*C12 -> 0 | J12: =F12*D12 -> 915.09 | K12: =G12*D12 -> 0 | L12: =MAX(I12:K12) -> 915.09 | O12: =Zones!C18 -> Healthcare Facility and Hospitals (Nurse's Station) | P12: =SUMIF(Zones!C$3:C$61, "*Healthcare Facility and Hospitals (Nurse's Station)*", Zones!K$3:K$61) -> 62104.61 | Q12: =Zones!M18 -> 1.5 | R12: =(P12/1000)*Q12 -> 93.156915 | T12: 0 | U12: 2 | V12: =(U12*14)/60 -> 0.46666667 | W12: =MAX(R12*15,P12*S12,P12*T12,P12*V12)+3137 -> 32119.151
A13: Corridor Area | B13: Corridor_se_flr_3 | C13: =Zones!L13 -> 0 | D13: =Zones!K13 -> 6100.6 | E13: 15 | F13: 0.15 | H13: 0 | I13: =E13*C13 -> 0 | J13: =F13*D13 -> 915.09 | K13: =G13*D13 -> 0 | L13: =MAX(I13:K13) -> 915.09 | O13: =Zones!C22 -> Healthcare Facility and Hospitals (Recovery Room) | P13: =SUMIF(Zones!C$3:C$61, "*Healthcare Facility and Hospitals (Recovery Room)*", Zones!K$3:K$61) -> 9427.61 | Q13: =Zones!M22 -> 5 | R13: =(P13/1000)*Q13 -> 47.13805 | T13: 0 | U13: 2 | V13: =(U13*14)/60 -> 0.46666667 | W13: =MAX(R13*15,P13*S13,P13*T13,P13*V13) -> 4399.5513
A14: Corridor Area | B14: Corridor_se_flr_4 | C14: =Zones!L14 -> 0 | D14: =Zones!K14 -> 6100.6 | E14: 15 | F14: 0.15 | H14: 0 | I14: =E14*C14 -> 0 | J14: =F14*D14 -> 915.09 | K14: =G14*D14 -> 0 | L14: =MAX(I14:K14) -> 915.09 | O14: =Zones!C28 -> Laboratory, Scientific | P14: =SUMIF(Zones!C$3:C$61, "*Laboratory, Scientific*", Zones!K$3:K$61) -> 5700.56 | Q14: =Zones!M28 -> 5 | R14: =(P14/1000)*Q14 -> 28.5028 | T14: 1 | U14: 2 | V14: =(U14*14)/60 -> 0.46666667 | W14: =MAX(R14*15,P14*S14,P14*T14,P14*V14)+E71+E72 -> 8700.56
A15: Dining Area (Cafeteria/Fast Food) | B15: Dining_flr_5 | C15: =Zones!L15 -> 248 | D15: =Zones!K15 -> 7500.73 | E15: 15 | F15: 0.15 | H15: 0 | I15: =E15*C15 -> 3720 | J15: =F15*D15 -> 1125.1095 | K15: =G15*D15 -> 0 | L15: =MAX(I15:K15) -> 3720 | O15: =Zones!C39 -> Healthcare Facility and Hospitals (Operating Room) | P15: =SUMIF(Zones!C$3:C$61, "*Healthcare Facility and Hospitals (Operating Room)*", Zones!K$3:K$61) -> 6600.65 | Q15: =Zones!M39 -> 5 | R15: =(P15/1000)*Q15 -> 33.00325 | U15: 4 | V15: =(U15*14)/60 -> 0.93333333 | W15: =MAX(R15*15,P15*S15,P15*T15,P15*V15) -> 6160.6067
A16: Healthcare Facility and Hospitals (Exam/Treatment Room) | B16: Er_exam1_mult4_flr_1 | C16: =Zones!L16 -> 2 | D16: =Zones!K16 -> 1200.12 | E16: 15 | F16: =VLOOKUP(A16,O$2:S$20,5) -> 0 | H16: 0.46666667 | I16: =E16*C16 -> 30 | J16: =H16*D16 -> 560.056 | K16: =G16*D16 -> 0 | L16: =MAX(I16:K16) -> 560.056 | O16: =Zones!C60 -> Healthcare Facility and Hospitals (Physical Therapy Room) | P16: =SUMIF(Zones!C$3:C$61, "*Healthcare Facility and Hospitals (Physical Therapy Room)*", Zones!K$3:K$61) -> 5250.51 | Q16: =Zones!M60 -> 5 | R16: =(P16/1000)*Q16 -> 26.25255 | U16: 2 | V16: =(U16*14)/60 -> 0.46666667 | W16: =MAX(R16*15,P16*S16,P16*T16,P16*V16) -> 2450.238
A17: Healthcare Facility and Hospitals (Exam/Treatment Room) | B17: Er_exam3_mult4_flr_1 | C17: =Zones!L17 -> 2 | D17: =Zones!K17 -> 1200.12 | E17: 15 | F17: =VLOOKUP(A17,O$2:S$20,5) -> 0 | H17: 0.46666667 | I17: =E17*C17 -> 30 | J17: =H17*D17 -> 560.056 | K17: =G17*D17 -> 0 | L17: =MAX(I17:K17) -> 560.056 | O17: =Zones!C61 -> Healthcare Facility and Hospitals (Imaging Room) | P17: =SUMIF(Zones!C$3:C$61, "*Healthcare Facility and Hospitals (Imaging Room)*", Zones!K$3:K$61) -> 5250.51 | Q17: =Zones!M61 -> 5 | R17: =(P17/1000)*Q17 -> 26.25255 | U17: 2 | V17: =(U17*14)/60 -> 0.46666667 | W17: =MAX(R17*15,P17*S17,P17*T17,P17*V17) -> 2450.238
A18: Healthcare Facility and Hospitals (Nurse's Station) | B18: Er_nursestn_lobby_flr_1 | C18: =Zones!L18 -> 20 | D18: =Zones!K18 -> 13301.3 | E18: 15 | F18: =VLOOKUP(A18,O$2:S$20,5) -> 0 | H18: 0.46666667 | I18: =E18*C18 -> 300 | J18: =H18*D18 -> 6207.2733 | K18: =G18*D18 -> 0 | L18: =MAX(I18:K18) -> 6207.2733 | O18: =Zones!C44 -> Healthcare Facility and Hospitals (Patient Room) | P18: =SUMIF(Zones!C$3:C$61, "*Healthcare Facility and Hospitals (Patient Room)*", Zones!K$3:K$61) -> 20402.68 | Q18: 5 | R18: =(P18/1000)*Q18 -> 102.0134 | U18: 2 | V18: =(U18*14)/60 -> 0.46666667 | W18: =MAX(R18*15,P18*S18,P18*T18,P18*V18) -> 9521.2507
A19: Healthcare Facility and Hospitals (Exam/Treatment Room) | B19: Er_trauma1_flr_1 | C19: =Zones!L19 -> 2 | D19: =Zones!K19 -> 300.03 | E19: 15 | F19: =VLOOKUP(A19,O$2:S$20,5) -> 0 | H19: 0.7 | I19: =E19*C19 -> 30 | J19: =H19*D19 -> 210.021 | K19: =G19*D19 -> 0 | L19: =MAX(I19:K19) -> 210.021 | O19: =Zones!C30 -> Lobby, Main Entry | P19: =SUMIF(Zones!C$3:C$61, "*Lobby, Main Entry*", Zones!K$3:K$61) -> 15876.28 | Q19: =Zones!M30 -> 5 | R19: =(P19/1000)*Q19 -> 79.3814 | S19: 0.15 | W19: =MAX(R19*15,P19*S19,P19*T19,P19*V19) -> 2381.442
A20: Healthcare Facility and Hospitals (Exam/Treatment Room) | B20: Er_trauma2_flr_1 | C20: =Zones!L20 -> 2 | D20: =Zones!K20 -> 300.03 | E20: 15 | F20: =VLOOKUP(A20,O$2:S$20,5) -> 0 | H20: 0.7 | I20: =E20*C20 -> 30 | J20: =H20*D20 -> 210.021 | K20: =G20*D20 -> 0 | L20: =MAX(I20:K20) -> 210.021 | O20: =Zones!C27 -> Kitchen/Food Preparation Area | P20: =SUMIF(Zones!C$3:C$61, "*Kitchen/Food Preparation Area*", Zones!K$3:K$61) -> 10000.98 | Q20: =Zones!M27 -> 3 | R20: =(P20/1000)*Q20 -> 30.00294 | S20: 0.15 | T20: 0.7 | W20: =MAX(R20*15,P20*S20,P20*T20,P20*V20) -> 7000.686
A21: Healthcare Facility and Hospitals (Exam/Treatment Room) | B21: Er_triage_mult4_flr_1 | C21: =Zones!L21 -> 2 | D21: =Zones!K21 -> 1200.12 | E21: 15 | F21: =VLOOKUP(A21,O$2:S$20,5) -> 0 | G21: =3697/D21 -> 3.0805253 | H21: 0.46666667 | I21: =E21*C21 -> 30 | J21: =H21*D21 -> 560.056 | K21: =G21*D21 -> 3697 | L21: =MAX(I21:K21) -> 3697 | M21: According to CEC model, exhaust required | O21: Total | P21: =SUM(P3:P20) -> 225842.16 | R21: =SUM(R3:R20) -> 835.14905 | W21: =SUM(W3:W20) -> 98044.024
A22: Healthcare Facility and Hospitals (Recovery Room) | B22: Icu_flr_2 | C22: =Zones!L22 -> 33 | D22: =Zones!K22 -> 6652.36 | E22: 15 | F22: =VLOOKUP(A22,O$2:S$20,5) -> 0 | H22: 0.46666667 | I22: =E22*C22 -> 495 | J22: =H22*D22 -> 3104.4347 | L22: =MAX(I22:K22) -> 3104.4347
A23: Healthcare Facility and Hospitals (Nurse's Station) | B23: Icu_nursestn_lobby_flr_2 | C23: =Zones!L23 -> 11 | D23: =Zones!K23 -> 7199.26 | E23: 15 | F23: =VLOOKUP(A23,O$2:S$20,5) -> 0 | H23: 0.46666667 | I23: =E23*C23 -> 165 | J23: =H23*D23 -> 3359.6547 | L23: =MAX(I23:K23) -> 3359.6547
A24: Healthcare Facility and Hospitals (Recovery Room) | B24: Ic_patroom1_mult5_flr_2 | C24: =Zones!L24 -> 1 | D24: =Zones!K24 -> 1125.1 | E24: 15 | F24: =VLOOKUP(A24,O$2:S$20,5) -> 0 | H24: 0.46666667 | I24: =E24*C24 -> 15 | J24: =H24*D24 -> 525.04667 | L24: =MAX(I24:K24) -> 525.04667
A25: Healthcare Facility and Hospitals (Recovery Room) | B25: Ic_patroom2_flr_2 | C25: =Zones!L25 -> 2 | D25: =Zones!K25 -> 300.03 | E25: 15 | F25: =VLOOKUP(A25,O$2:S$20,5) -> 0 | H25: 0.46666667 | I25: =E25*C25 -> 30 | J25: =H25*D25 -> 140.014 | L25: =MAX(I25:K25) -> 140.014
A26: Healthcare Facility and Hospitals (Recovery Room) | B26: Ic_patroom3_mult6_flr_2 | C26: =Zones!L26 -> 1 | D26: =Zones!K26 -> 1350.12 | E26: 15 | F26: =VLOOKUP(A26,O$2:S$20,5) -> 0 | H26: 0.46666667 | I26: =E26*C26 -> 15 | J26: =H26*D26 -> 630.056 | L26: =MAX(I26:K26) -> 630.056
A27: Kitchen/Food Preparation Area | B27: Kitchen_flr_5 | C27: =Zones!L27 -> 30 | D27: =Zones!K27 -> 10000.98 | E27: 15 | F27: 0.15 | G27: 0.7 | I27: =E27*C27 -> 450 | J27: =F27*D27 -> 1500.147 | K27: =G27*D27 -> 7000.686 | L27: =MAX(I27:K27) -> 7000.686 | M27: Exhaust required according to Code
A28: Laboratory, Scientific | B28: Lab_flr_3 | C28: =Zones!L28 -> 14 | D28: =Zones!K28 -> 2850.28 | E28: 15 | F28: =VLOOKUP(A28,O$2:S$20,5) -> 0 | G28: 1 | H28: 0.46666667 | I28: =E28*C28 -> 210 | J28: =H28*D28 -> 1330.1307 | K28: =G28*D28 -> 2850.28 | L28: =MAX(I28:K28)+E71 -> 4350.28 | M28: Exhaust required according to Code Per ASHRAE 62.1: Table 6.5-General Lab Exhaust
A29: Laboratory, Scientific | B29: Lab_flr_4 | C29: =Zones!L29 -> 14 | D29: =Zones!K29 -> 2850.28 | E29: 15 | F29: =VLOOKUP(A29,O$2:S$20,5) -> 0 | G29: 1 | H29: 0.46666667 | I29: =E29*C29 -> 210 | J29: =H29*D29 -> 1330.1307 | K29: =G29*D29 -> 2850.28 | L29: =MAX(I29:K29)+E72 -> 4350.28 | M29: Exhaust required according to Code Per ASHRAE 62.1: Table 6.5-General Lab Exhaust
A30: Lobby, Main Entry | B30: Lobby_records_flr_1 | C30: =Zones!L30 -> 79 | D30: =Zones!K30 -> 15876.28 | E30: 15 | F30: =VLOOKUP(A30,O$2:S$20,5) -> 0.15 | H30: =VLOOKUP(A30,O$2:V$20,8) -> 0 | I30: =E30*C30 -> 1185 | J30: =F30*D30 -> 2381.442 | K30: =G30*D30 -> 0 | L30: =MAX(I30:K30) -> 2381.442
A31: Healthcare Facility and Hospitals (Nurse's Station) | B31: Nursestn_lobby_flr_3 | C31: =Zones!L31 -> 15 | D31: =Zones!K31 -> 9750.95 | E31: 15 | F31: =VLOOKUP(A31,O$2:S$20,5) -> 0 | G31: =4551/D31 -> 0.46672376 | H31: 0.46666667 | I31: =E31*C31 -> 225 | J31: =H31*D31 -> 4550.4433 | K31: =G31*D31 -> 4551 | L31: =MAX(I31:K31) -> 4551 | M31: According to CEC Model
A32: Healthcare Facility and Hospitals (Nurse's Station) | B32: Nursestn_lobby_flr_4 | C32: =Zones!L32 -> 15 | D32: =Zones!K32 -> 9750.95 | E32: 15 | F32: =VLOOKUP(A32,O$2:S$20,5) -> 0 | G32: =4551/D32 -> 0.46672376 | H32: 0.46666667 | I32: =E32*C32 -> 225 | J32: =H32*D32 -> 4550.4433 | K32: =G32*D32 -> 4551 | L32: =MAX(I32:K32) -> 4551 | M32: According to CEC Model
A33: Healthcare Facility and Hospitals (Nurse's Station) | B33: Nursestn_lobby_flr_5 | C33: =Zones!L33 -> 17 | D33: =Zones!K33 -> 11201.09 | E33: 15 | F33: =VLOOKUP(A33,O$2:S$20,5) -> 0 | H33: 0.46666667 | I33: =E33*C33 -> 255 | J33: =H33*D33 -> 5227.1753 | K33: =G33*D33 -> 0 | L33: =MAX(I33:K33) -> 5227.1753
A34: Office Area (>250 square feet) | B34: Office1_flr_5 | C34: =Zones!L34 -> 4 | D34: =Zones!K34 -> 750.27 | E34: 15 | F34: =VLOOKUP(A34,O$2:S$20,5) -> 0.15 | H34: =VLOOKUP(A34,O$2:V$20,8) -> 0 | I34: =E34*C34 -> 60 | J34: =F34*D34 -> 112.5405 | K34: =G34*D34 -> 0 | L34: =MAX(I34:K34) -> 112.5405
A35: Office Area (<250 square feet) | B35: Office1_mult5_flr_1 | C35: =Zones!L35 -> 1 | D35: =Zones!K35 -> 750.05 | E35: 15 | F35: =VLOOKUP(A35,O$2:S$20,5) -> 0.15 | H35: =VLOOKUP(A35,O$2:V$20,8) -> 0 | I35: =E35*C35 -> 15 | J35: =F35*D35 -> 112.5075 | K35: =G35*D35 -> 0 | L35: =MAX(I35:K35) -> 112.5075
A36: Office Area (>250 square feet) | B36: Office2_mult5_flr_5 | C36: =Zones!L36 -> 4 | D36: =Zones!K36 -> 3750.35 | E36: 15 | F36: =VLOOKUP(A36,O$2:S$20,5) -> 0.15 | H36: =VLOOKUP(A36,O$2:V$20,8) -> 0 | I36: =E36*C36 -> 60 | J36: =F36*D36 -> 562.5525 | K36: =G36*D36 -> 0 | L36: =MAX(I36:K36) -> 562.5525
A37: Office Area (>250 square feet) | B37: Office3_flr_5 | C37: =Zones!L37 -> 4 | D37: =Zones!K37 -> 750.07 | E37: 15 | F37: =VLOOKUP(A37,O$2:S$20,5) -> 0.15 | H37: =VLOOKUP(A37,O$2:V$20,8) -> 0 | I37: =E37*C37 -> 60 | J37: =F37*D37 -> 112.5105 | K37: =G37*D37 -> 0 | L37: =MAX(I37:K37) -> 112.5105
A38: Office Area (<250 square feet) | B38: Office4_mult6_flr_5 | C38: =Zones!L38 -> 1 | D38: =Zones!K38 -> 900.06 | E38: 15 | F38: =VLOOKUP(A38,O$2:S$20,5) -> 0.15 | H38: =VLOOKUP(A38,O$2:V$20,8) -> 0 | I38: =E38*C38 -> 15 | J38: =F38*D38 -> 135.009 | K38: =G38*D38 -> 0 | L38: =MAX(I38:K38) -> 135.009
A39: Healthcare Facility and Hospitals (Operating Room) | B39: Or1_flr_2 | C39: =Zones!L39 -> 3 | D39: =Zones!K39 -> 600.06 | E39: 15 | F39: =VLOOKUP(A39,O$2:S$20,5) -> 0 | H39: 0.9333333 | I39: =E39*C39 -> 45 | J39: =H39*D39 -> 560.05598 | K39: =G39*D39 -> 0 | L39: =MAX(I39:K39) -> 560.05598
A40: Healthcare Facility and Hospitals (Operating Room) | B40: Or2_mult5_flr_2 | C40: =Zones!L40 -> 3 | D40: =Zones!K40 -> 3000.3 | E40: 15 | F40: =VLOOKUP(A40,O$2:S$20,5) -> 0 | H40: 0.9333333 | I40: =E40*C40 -> 45 | J40: =H40*D40 -> 2800.2799 | K40: =G40*D40 -> 0 | L40: =MAX(I40:K40) -> 2800.2799
A41: Healthcare Facility and Hospitals (Operating Room) | B41: Or3_flr_2 | C41: =Zones!L41 -> 3 | D41: =Zones!K41 -> 600.06 | E41: 15 | F41: =VLOOKUP(A41,O$2:S$20,5) -> 0 | H41: 0.9333333 | I41: =E41*C41 -> 45 | J41: =H41*D41 -> 560.05598 | K41: =G41*D41 -> 0 | L41: =MAX(I41:K41) -> 560.05598
A42: Healthcare Facility and Hospitals (Operating Room) | B42: Or4_flr_2 | C42: =Zones!L42 -> 12 | D42: =Zones!K42 -> 2400.23 | E42: 15 | F42: =VLOOKUP(A42,O$2:S$20,5) -> 0 | H42: 0.9333333 | I42: =E42*C42 -> 180 | J42: =H42*D42 -> 2240.2146 | K42: =G42*D42 -> 0 | L42: =MAX(I42:K42) -> 2240.2146
A43: Healthcare Facility and Hospitals (Nurse's Station) | B43: Or_nursestn_lobby_flr_2 | C43: =Zones!L43 -> 16 | D43: =Zones!K43 -> 10901.06 | E43: 15 | F43: =VLOOKUP(A43,O$2:S$20,5) -> 0 | H43: 0.46666667 | I43: =E43*C43 -> 240 | J43: =H43*D43 -> 5087.1613 | K43: =G43*D43 -> 0 | L43: =MAX(I43:K43) -> 5087.1613
A44: Healthcare Facility and Hospitals (Patient Room) | B44: Patroom1_mult10_flr_3 | C44: =Zones!L44 -> 2 | D44: =Zones!K44 -> 2250.2 | E44: 15 | F44: =VLOOKUP(A44,O$2:S$20,5) -> 0 | H44: 0.46666667 | I44: =E44*C44 -> 30 | J44: =H44*D44 -> 1050.0933 | K44: =G44*D44 -> 0 | L44: =MAX(I44:K44) -> 1050.0933
A45: Healthcare Facility and Hospitals (Patient Room) | B45: Patroom1_mult10_flr_4 | C45: =Zones!L45 -> 2 | D45: =Zones!K45 -> 2250.2 | E45: 15 | F45: =VLOOKUP(A45,O$2:S$20,5) -> 0 | H45: 0.46666667 | I45: =E45*C45 -> 30 | J45: =H45*D45 -> 1050.0933 | K45: =G45*D45 -> 0 | L45: =MAX(I45:K45) -> 1050.0933
A46: Healthcare Facility and Hospitals (Patient Room) | B46: Patroom2_flr_3 | C46: =Zones!L46 -> 2 | D46: =Zones!K46 -> 375.04 | E46: 15 | F46: =VLOOKUP(A46,O$2:S$20,5) -> 0 | H46: 0.46666667 | I46: =E46*C46 -> 30 | J46: =H46*D46 -> 175.01867 | K46: =G46*D46 -> 0 | L46: =MAX(I46:K46) -> 175.01867
A47: Healthcare Facility and Hospitals (Patient Room) | B47: Patroom2_flr_4 | C47: =Zones!L47 -> 2 | D47: =Zones!K47 -> 375.04 | E47: 15 | F47: =VLOOKUP(A47,O$2:S$20,5) -> 0 | H47: 0.46666667 | I47: =E47*C47 -> 30 | J47: =H47*D47 -> 175.01867 | K47: =G47*D47 -> 0 | L47: =MAX(I47:K47) -> 175.01867
A48: Healthcare Facility and Hospitals (Patient Room) | B48: Patroom3_mult10_flr_3 | C48: =Zones!L48 -> 2 | D48: =Zones!K48 -> 2175.4 | E48: 15 | F48: =VLOOKUP(A48,O$2:S$20,5) -> 0 | H48: 0.46666667 | I48: =E48*C48 -> 30 | J48: =H48*D48 -> 1015.1867 | K48: =G48*D48 -> 0 | L48: =MAX(I48:K48) -> 1015.1867
A49: Healthcare Facility and Hospitals (Patient Room) | B49: Patroom3_mult10_flr_4 | C49: =Zones!L49 -> 2 | D49: =Zones!K49 -> 2175.4 | E49: 15 | F49: =VLOOKUP(A49,O$2:S$20,5) -> 0 | H49: 0.46666667 | I49: =E49*C49 -> 30 | J49: =H49*D49 -> 1015.1867 | K49: =G49*D49 -> 0 | L49: =MAX(I49:K49) -> 1015.1867
A50: Healthcare Facility and Hospitals (Patient Room) | B50: Patroom4_flr_3 | C50: =Zones!L50 -> 2 | D50: =Zones!K50 -> 375.04 | E50: 15 | F50: =VLOOKUP(A50,O$2:S$20,5) -> 0 | H50: 0.46666667 | I50: =E50*C50 -> 30 | J50: =H50*D50 -> 175.01867 | K50: =G50*D50 -> 0 | L50: =MAX(I50:K50) -> 175.01867
... A59: Healthcare Facility and Hospitals (Patient Room) | B59: Patroom8_flr_4 | C59: =Zones!L59 -> 2 | D59: =Zones!K59 -> 300.03 | E59: 15 | F59: =VLOOKUP(A59,O$2:S$20,5) -> 0 | H59: 0.46666667 | I59: =E59*C59 -> 30 | J59: =H59*D59 -> 140.014 | K59: =G59*D59 -> 0 | L59: =MAX(I59:K59) -> 140.014
A60: Healthcare Facility and Hospitals (Physical Therapy Room) | B60: Phystherapy_flr_3 | C60: =Zones!L60 -> 26 | D60: =Zones!K60 -> 5250.51 | E60: 15 | F60: =VLOOKUP(A60,O$2:S$20,5) -> 0 | G60: =735/D60 -> 0.1399864 | H60: 0.46666667 | I60: =E60*C60 -> 390 | J60: =H60*D60 -> 2450.238 | K60: =G60*D60 -> 735 | L60: =MAX(I60:K60) -> 2450.238 | M60: According to CEC Model
A61: Healthcare Facility and Hospitals (Imaging Room) | B61: Radiology_flr_4 | C61: =Zones!L61 -> 26 | D61: =Zones!K61 -> 5250.51 | E61: 15 | F61: =VLOOKUP(A61,O$2:S$20,5) -> 0 | H61: 0.46666667 | I61: =E61*C61 -> 390 | J61: =H61*D61 -> 2450.238 | K61: =G61*D61 -> 0 | L61: =MAX(I61:K61) -> 2450.238
A62: Total (18 Space types) | B62: Total ( 162 spaces) | C62: =SUM(C3:C61) -> 711 | D62: =SUM(D3:D61) -> 241521.47 | L62: =SUM(L3:L61) -> 100544.13
A65: **The CPUC Hospital prototype does not include any exhaust fans modeled in any of the spaces.
A68: Exhaust Hood
A69: Type of hood | B69: Space | C69: Max Exhaust Flow Rate (cfm/ft) [T24, 2025, Table 140.9-C] | D69: Hood length (ft) | E69: Hood Exhaust Rate (cfm) | F69: Note | G69: Source
A70: Type I , wall-mounted canopy hoods | B70: =A27 -> Kitchen/Food Preparation Area | C70: 210 | D70: =E70/C70 -> 33.3366 | E70: =L27 -> 7000.686 | G70: T 24 2025, Table 140.9-C
A71: Fume Hood | B71: =A28 -> Laboratory, Scientific | C71: =E71/D71 -> 250 | D71: 6 | E71: 1500 | F71: ~1 fume hood per 2,500–3,000 ft² for hospital/clinical-type labs | G71: 2019 High Efficiency Fume Hoods in Laboratory Spaces CASE Report
A72: Fume Hood | B72: =A29 -> Laboratory, Scientific | C72: =E72/D72 -> 250 | D72: 6 | E72: 1500
A74: *Efficiency of exhaust fan is 50% (according to ACM, 2025, section 5.7.3)
A78: Background Data [To be deleted prior to publication]

Sheet Thermostat
A1: ="Thermostat Setpoints - "&Prototype!A2 -> Thermostat Setpoints - Hospital
A2: Setpoint | B2: CZ1 | C2: CZ2 | D2: CZ3 | E2: CZ4 | F2: CZ5 | G2: CZ6 | H2: CZ7 | I2: CZ8 | J2: CZ9 | K2: CZ10 | L2: CZ11 | M2: CZ12 | N2: CZ13 | O2: CZ14 | P2: CZ15 | Q2: CZ16 | R2: Source | S2: Note
A3: Health Heating Setpoint (F) | B3: 70 | C3: 70 | D3: 70 | E3: 70 | F3: 70 | G3: 70 | H3: 70 | I3: 70 | J3: 70 | K3: 70 | L3: 70 | M3: 70 | N3: 70 | O3: 70 | P3: 70 | Q3: 70 | R3: T24 2022 - Appendix 5.4B | S3: CEC and PNNL Healthcare-Hospital prototypes use the same setpoints without setbacks; however, the DEER model applies a 10° F setback from midnight to 5:00 AM.
A4: Health Heating Setback (F) | B4: 70 | C4: 70 | D4: 70 | E4: 70 | F4: 70 | G4: 70 | H4: 70 | I4: 70 | J4: 70 | K4: 70 | L4: 70 | M4: 70 | N4: 70 | O4: 70 | P4: 70 | Q4: 70
A5: Health Cooling Setpoint (F) | B5: 75 | C5: 75 | D5: 75 | E5: 75 | F5: 75 | G5: 75 | H5: 75 | I5: 75 | J5: 75 | K5: 75 | L5: 75 | M5: 75 | N5: 75 | O5: 75 | P5: 75 | Q5: 75
A6: Health Cooling Setback (F) | B6: 75 | C6: 75 | D6: 75 | E6: 75 | F6: 75 | G6: 75 | H6: 75 | I6: 75 | J6: 75 | K6: 75 | L6: 75 | M6: 75 | N6: 75 | O6: 75 | P6: 75 | Q6: 75
A7: Kitchen Heating Setpoint (F) | B7: 66 | C7: 66 | D7: 66 | E7: 66 | F7: 66 | G7: 66 | H7: 66 | I7: 66 | J7: 66 | K7: 66 | L7: 66 | M7: 66 | N7: 66 | O7: 66 | P7: 66 | Q7: 66 | R7: PNNL 09.1, 2022 Restaurant prototype
A8: Kitchen Heating Setback (F) | B8: 60 | C8: 60 | D8: 60 | E8: 60 | F8: 60 | G8: 60 | H8: 60 | I8: 60 | J8: 60 | K8: 60 | L8: 60 | M8: 60 | N8: 60 | O8: 60 | P8: 60 | Q8: 60
A9: Kitchen Cooling Setpoint (F) | B9: 79 | C9: 79 | D9: 79 | E9: 79 | F9: 79 | G9: 79 | H9: 79 | I9: 79 | J9: 79 | K9: 79 | L9: 79 | M9: 79 | N9: 79 | O9: 79 | P9: 79 | Q9: 79
A10: Kitchen Cooling Setback (F) | B10: 86 | C10: 86 | D10: 86 | E10: 86 | F10: 86 | G10: 86 | H10: 86 | I10: 86 | J10: 86 | K10: 86 | L10: 86 | M10: 86 | N10: 86 | O10: 86 | P10: 86 | Q10: 86
A11: UnOccupied Heating Setpoint (F) | B11: =B3-4 -> 66 | C11: =C3-4 -> 66 | D11: =D3-4 -> 66 | E11: =E3-4 -> 66 | F11: =F3-4 -> 66 | G11: =G3-4 -> 66 | H11: =H3-4 -> 66 | I11: =I3-4 -> 66 | ... Q11: =Q3-4 -> 66 | R11: T24 2022 - Appendix 5.4B
A12: UnOccupied Heating Setback (F) | B12: =B4-4 -> 66 | C12: =C4-4 -> 66 | D12: =D4-4 -> 66 | E12: =E4-4 -> 66 | F12: =F4-4 -> 66 | G12: =G4-4 -> 66 | H12: =H4-4 -> 66 | I12: =I4-4 -> 66 | ... Q12: =Q4-4 -> 66
A13: UnOccupied Cooling Setpoint (F) | B13: =B5+4 -> 79 | C13: =C5+4 -> 79 | D13: =D5+4 -> 79 | E13: =E5+4 -> 79 | F13: =F5+4 -> 79 | G13: =G5+4 -> 79 | H13: =H5+4 -> 79 | I13: =I5+4 -> 79 | ... Q13: =Q5+4 -> 79
A14: UnOccupied Cooling Setback (F) | B14: =B6+4 -> 79 | C14: =C6+4 -> 79 | D14: =D6+4 -> 79 | E14: =E6+4 -> 79 | F14: =F6+4 -> 79 | G14: =G6+4 -> 79 | H14: =H6+4 -> 79 | I14: =I6+4 -> 79 | ... Q14: =Q6+4 -> 79
A15: Mechanical Heating Setpoint (F) | B15: 60 | C15: 60 | D15: 60 | E15: 60 | F15: 60 | G15: 60 | H15: 60 | I15: 60 | J15: 60 | K15: 60 | L15: 60 | M15: 60 | N15: 60 | O15: 60 | P15: 60 | Q15: 60 | R15: Engineering Judgment
A16: Mechanical Heating Setback (F) | B16: 60 | C16: 60 | D16: 60 | E16: 60 | F16: 60 | G16: 60 | H16: 60 | I16: 60 | J16: 60 | K16: 60 | L16: 60 | M16: 60 | N16: 60 | O16: 60 | P16: 60 | Q16: 60
A17: Mechanical Cooling Setpoint (F) | B17: 85 | C17: 85 | D17: 85 | E17: 85 | F17: 85 | G17: 85 | H17: 85 | I17: 85 | J17: 85 | K17: 85 | L17: 85 | M17: 85 | N17: 85 | O17: 85 | P17: 85 | Q17: 85
A18: Mechanical Cooling Setback (F) | B18: 85 | C18: 85 | D18: 85 | E18: 85 | F18: 85 | G18: 85 | H18: 85 | I18: 85 | J18: 85 | K18: 85 | L18: 85 | M18: 85 | N18: 85 | O18: 85 | P18: 85 | Q18: 85
A19: Assembly Heating Setpoint (F) | B19: 70 | C19: 70 | D19: 70 | E19: 70 | F19: 70 | G19: 70 | H19: 70 | I19: 70 | J19: 70 | K19: 70 | L19: 70 | M19: 70 | N19: 70 | O19: 70 | P19: 70 | Q19: 70 | R19: T24 2022 - Appendix 5.4B - “Assembly” tab
A20: Assembly Heating Setback (F) | B20: 60 | C20: 60 | D20: 60 | E20: 60 | F20: 60 | G20: 60 | H20: 60 | I20: 60 | J20: 60 | K20: 60 | L20: 60 | M20: 60 | N20: 60 | O20: 60 | P20: 60 | Q20: 60
A21: Assembly Cooling Setpoint (F) | B21: 75 | C21: 75 | D21: 75 | E21: 75 | F21: 75 | G21: 75 | H21: 75 | I21: 75 | J21: 75 | K21: 75 | L21: 75 | M21: 75 | N21: 75 | O21: 75 | P21: 75 | Q21: 75
A22: Assembly Cooling Setback (F) | B22: 85 | C22: 85 | D22: 85 | E22: 85 | F22: 85 | G22: 85 | H22: 85 | I22: 85 | J22: 85 | K22: 85 | L22: 85 | M22: 85 | N22: 85 | O22: 85 | P22: 85 | Q22: 85
A23: Computer Room Cooling Setpoint (F)* | B23: 80 | C23: 80 | D23: 80 | E23: 80 | F23: 80 | G23: 80 | H23: 80 | I23: 80 | J23: 80 | K23: 80 | L23: 80 | M23: 80 | N23: 80 | O23: 80 | P23: 80 | Q23: 80 | R23: Title 24, Part 6, 2025, section 140.9 (a) and PNNL ASHRAE 90.1 2022 Large Office prototype
A24: Computer Room Heating setpoint (F)* | B24: *The computer room with over 12 W/ft2 load doesn't require heating system as the equipment constantly generate enough heat.
A30: Background Data [To be deleted prior to publication]
B31: Heating | E31: Cooling
B32: Weekday | C32: Saturday | D32: Sunday | E32: Weekday | F32: Saturday | G32: Sunday
A33: DEER | B33: 0:00 to 5:00 | C33: 0:00 to 5:00 | D33: 0:00 to 24:00 | E33: 0:00 to 5:00 | F33: 0:00 to 5:00 | G33: 0:00 to 24:00
B34: 15.56 | C34: 15.56 | D34: 15.56 | E34: 29.22 | F34: 29.22 | G34: 29.22
B35: 5:00 to 24:00 | C35: 5:00 to 19:00 | E35: 5:00 to 24:00 | F35: 5:00 to 19:00
B36: 21.11 | C36: 21.11 | E36: 23.88 | F36: 23.88
A39: T24, Appendix JA5-4 : Occupant Controlled Smart Thermostat (OCST)
A56: Kitchen Heating Setpoint (F) | B56: 66 | C56: 66 | D56: 66 | E56: 66 | F56: 66 | G56: 66 | H56: 66 | I56: 66 | J56: 66 | K56: 66 | L56: 66 | M56: 66 | N56: 66 | O56: 66 | P56: 66 | Q56: 66 | R56: PNNL 09.1, 2022 Restaurant prototype
A57: Kitchen Heating Setback (F) | B57: 60 | C57: 60 | D57: 60 | E57: 60 | F57: 60 | G57: 60 | H57: 60 | I57: 60 | J57: 60 | K57: 60 | L57: 60 | M57: 60 | N57: 60 | O57: 60 | P57: 60 | Q57: 60
A58: Kitchen Cooling Setpoint (F) | B58: 79 | C58: 79 | D58: 79 | E58: 79 | F58: 79 | G58: 79 | H58: 79 | I58: 79 | J58: 79 | K58: 79 | L58: 79 | M58: 79 | N58: 79 | O58: 79 | P58: 79 | Q58: 79
A59: Kitchen Cooling Setback (F) | B59: 86 | C59: 86 | D59: 86 | E59: 86 | F59: 86 | G59: 86 | H59: 86 | I59: 86 | J59: 86 | K59: 86 | L59: 86 | M59: 86 | N59: 86 | O59: 86 | P59: 86 | Q59: 86
A64: Space | B64: Heat | C64: Cool | D64: RH min | E64: RH max | F64: Notes
A65: General clinical / patient rooms | B65: 70 | C65: 75 | D65: — | E65: — | F65: Current assumption
A66: Operating rooms | B66: 68 | C66: 68 | D66: 40 | E66: 60 | F66: ASHRAE 170 design band is 68–75°F / 20–60% RH. Use 68°F occupied. AEDG 50% is also 68F
A67: Imaging / radiology | B67: 70 | C67: 75 | D67: — | E67: — | F67: 170-typical; no dedicated RH loop in the model
A68: ICU / ER (critical) | B68: 70 | C68: 75 | D68: 40 | E68: 60 | F68: Matches NC humidistats
A69: Labs | B69: 70 | C69: 75 | D69: 40 | E69: 60 | F69: Humidifier object exists in the dif file
A70: Burn / wound ICU | B70: n/a | C70: n/a | D70: n/a | E70: n/a | F70: Not in this prototype (~100 beds, no burn unit)

Sheet Water Heater
A1: ="Water Heater - "&Prototype!A2 -> Water Heater - Hospital
A2: Vintage | B2: WH Type | C2: Efficiency | D2: Number of WH | E2: Tank Volume (gal) | F2: Tank Loss | G2: Source
A3: Existing | B3: Gas | C3: 0.8 | D3: =B72 -> 2 | E3: See table below for CZ-specific values: Climate Zone Water Heater Sizing and Loss Coefficients, Storage Volume column (col F) | F3: See table below: Climate Zone Water Heater Sizing and Loss Coefficients, Standby Loss column (col G) | G3: See table below for sources: Climate Zone Water Heater Sizing and Loss Coefficients
A4: New Construction | B4: Gas | C4: 0.8 | D4: =B72 -> 2 | E4: =E3 -> See table below for CZ-specific values: Climate Zone Water Heater Sizing and Loss Coefficients, Storage Volume column (col F) | F4: =F3 -> See table below: Climate Zone Water Heater Sizing and Loss Coefficients, Standby Loss column (col G) | G4: =G3 -> See table below for sources: Climate Zone Water Heater Sizing and Loss Coefficients
A5: *Domestic hot water is modeled as a separate gas storage water heater for both existing and new-construction vintages. This matches the CEC/PNNL/DEER hospital prototype convention and the scorecard HVAC plant, which uses gas hot-water boilers for space heating/reheat rather than a year-round central steam plant for sterilization. In real hospitals with steam plants, DHW is often generated indirectly through steam-to-water or boiler-water heat exchangers; that configuration is not represented here and is noted as a prototype simplification.
A7: Peak Hot Water Consumption
A8: Space Name | B8: Baseline WH Type [CEUS 2022] | C8: Total Area (ft²) | E8: Number of People | F8: Hot Water Usage Specification (gal/hr per person) [T24, 2022, Appendix 5.4A , sheet: "2022 SpaceFuncData-Input"] | G8: Peak Hot Water Usage (gal/hr) | H8: Peak Hot Water Usage (gal/min) | I8: Note
A9: MechElec_Basement | B9: Gas | C9: =Zones!H3 -> 20930 | E9: =Zones!L3 -> 0 | F9: =VLOOKUP(Zones!C3,'Water Heater'!$A$182:$F$200,6,FALSE) -> 0.18 | G9: =F9*E9 -> 0 | H9: =G9/60 -> 0 | I9: For space types marked with an asterisk (the ‘*’ symbol), the water‑heater type is listed as electric in Appendix 5.4A, sheet ‘2022 SpaceFuncData‑Input.’ However, we modified the value based on CEUS data, which indicates that gas is the primary fuel type.
A10: SoiledUtil_Basement | B10: Gas | C10: =Zones!H4 -> 7245 | E10: =Zones!L4 -> 36 | F10: =VLOOKUP(Zones!C4,'Water Heater'!$A$182:$F$200,6,FALSE) -> 0.578 | G10: =F10*E10 -> 20.808 | H10: =G10/60 -> 0.3468
A11: Corridor_Basement | B11: Gas | C11: =Zones!H5 -> 6038 | E11: =Zones!L5 -> 0 | F11: =VLOOKUP(Zones!C5,'Water Heater'!$A$182:$F$200,6,FALSE) -> 0 | G11: =F11*E11 -> 0 | H11: =G11/60 -> 0
A12: IDF_Basement | B12: Gas | C12: =Zones!H6 -> 3220 | E12: =Zones!L6 -> 16 | F12: =VLOOKUP(Zones!C6,'Water Heater'!$A$182:$F$200,6,FALSE) -> 0.18 | G12: =F12*E12 -> 2.88 | H12: =G12/60 -> 0.048
A13: MedSupply_Basement | B13: Gas | C13: =Zones!H7 -> 2818 | E13: =Zones!L7 -> 14 | F13: =VLOOKUP(Zones!C7,'Water Heater'!$A$182:$F$200,6,FALSE) -> 0.24 | G13: =F13*E13 -> 3.36 | H13: =G13/60 -> 0.056
A14: Corridor_flr_1 | B14: Gas | C14: =Zones!H8 -> 6125.6 | E14: =Zones!L8 -> 0 | F14: =VLOOKUP(Zones!C8,'Water Heater'!$A$182:$F$200,6,FALSE) -> 0 | G14: =F14*E14 -> 0 | H14: =G14/60 -> 0
A15: Corridor_flr_2 | B15: Gas | C15: =Zones!H9 -> 6125.6 | E15: =Zones!L9 -> 0 | F15: =VLOOKUP(Zones!C9,'Water Heater'!$A$182:$F$200,6,FALSE) -> 0 | G15: =F15*E15 -> 0 | H15: =G15/60 -> 0
A16: Corridor_flr_5 | B16: Gas | C16: =Zones!H10 -> 5400.53 | E16: =Zones!L10 -> 0 | F16: =VLOOKUP(Zones!C10,'Water Heater'!$A$182:$F$200,6,FALSE) -> 0 | G16: =F16*E16 -> 0 | H16: =G16/60 -> 0
A17: Corridor_nw_flr_3 | B17: Gas | C17: =Zones!H11 -> 6100.6 | E17: =Zones!L11 -> 0 | F17: =VLOOKUP(Zones!C11,'Water Heater'!$A$182:$F$200,6,FALSE) -> 0 | G17: =F17*E17 -> 0 | H17: =G17/60 -> 0
A18: Corridor_nw_flr_4 | B18: Gas | C18: =Zones!H12 -> 6100.6 | E18: =Zones!L12 -> 0 | F18: =VLOOKUP(Zones!C12,'Water Heater'!$A$182:$F$200,6,FALSE) -> 0 | G18: =F18*E18 -> 0 | H18: =G18/60 -> 0
A19: Corridor_se_flr_3 | B19: Gas | C19: =Zones!H13 -> 6100.6 | E19: =Zones!L13 -> 0 | F19: =VLOOKUP(Zones!C13,'Water Heater'!$A$182:$F$200,6,FALSE) -> 0 | G19: =F19*E19 -> 0 | H19: =G19/60 -> 0
A20: Corridor_se_flr_4 | B20: Gas | C20: =Zones!H14 -> 6100.6 | E20: =Zones!L14 -> 0 | F20: =VLOOKUP(Zones!C14,'Water Heater'!$A$182:$F$200,6,FALSE) -> 0 | G20: =F20*E20 -> 0 | H20: =G20/60 -> 0
A21: Dining_flr_5 | B21: Gas | C21: =Zones!H15 -> 7500.73 | E21: =Zones!L15 -> 248 | F21: =VLOOKUP(Zones!C15,'Water Heater'!$A$182:$F$200,6,FALSE) -> 0.578 | G21: =F21*E21 -> 143.344 | H21: =G21/60 -> 2.3890667
... A40: Office1_flr_5 | B40: Gas | C40: =Zones!H34 -> 750.27 | E40: =Zones!L34 -> 4 | F40: =VLOOKUP(Zones!C34,'Water Heater'!$A$182:$F$200,6,FALSE) -> 0.18 | G40: =F40*E40 -> 0.72 | H40: =G40/60 -> 0.012
A41: Office1_mult5_flr_1 | B41: Gas | C41: =Zones!H35 -> 150.01 | E41: =Zones!L35 -> 1 | F41: 0.18 | G41: =F41*E41 -> 0.18 | H41: =G41/60 -> 0.003
A42: Office2_mult5_flr_5 | B42: Gas | C42: =Zones!H36 -> 750.07 | E42: =Zones!L36 -> 4 | F42: =VLOOKUP(Zones!C36,'Water Heater'!$A$182:$F$200,6,FALSE) -> 0.18 | G42: =F42*E42 -> 0.72 | H42: =G42/60 -> 0.012
A43: Office3_flr_5 | B43: Gas | C43: =Zones!H37 -> 750.07 | E43: =Zones!L37 -> 4 | F43: =VLOOKUP(Zones!C37,'Water Heater'!$A$182:$F$200,6,FALSE) -> 0.18 | G43: =F43*E43 -> 0.72 | H43: =G43/60 -> 0.012
A44: Office4_mult6_flr_5 | B44: Gas | C44: =Zones!H38 -> 150.01 | E44: =Zones!L38 -> 1 | F44: 0.18 | G44: =F44*E44 -> 0.18 | H44: =G44/60 -> 0.003
A45: Or1_flr_2 | B45: Gas | C45: =Zones!H39 -> 600.06 | E45: =Zones!L39 -> 3 | F45: =VLOOKUP(Zones!C39,'Water Heater'!$A$182:$F$200,6,FALSE) -> 0.24 | G45: =F45*E45 -> 0.72 | H45: =G45/60 -> 0.012
A46: Or2_mult5_flr_2 | B46: Gas | C46: =Zones!H40 -> 600.06 | E46: =Zones!L40 -> 3 | F46: =VLOOKUP(Zones!C40,'Water Heater'!$A$182:$F$200,6,FALSE) -> 0.24 | G46: =F46*E46 -> 0.72 | H46: =G46/60 -> 0.012
A47: Or3_flr_2 | B47: Gas | C47: =Zones!H41 -> 600.06 | E47: =Zones!L41 -> 3 | F47: =VLOOKUP(Zones!C41,'Water Heater'!$A$182:$F$200,6,FALSE) -> 0.24 | G47: =F47*E47 -> 0.72 | H47: =G47/60 -> 0.012
A48: Or4_flr_2 | B48: Gas | C48: =Zones!H42 -> 2400.23 | E48: =Zones!L42 -> 12 | F48: =VLOOKUP(Zones!C42,'Water Heater'!$A$182:$F$200,6,FALSE) -> 0.24 | G48: =F48*E48 -> 2.88 | H48: =G48/60 -> 0.048
A49: Or_nursestn_lobby_flr_2 | B49: Gas | C49: =Zones!H43 -> 10901.06 | E49: =Zones!L43 -> 16 | F49: =VLOOKUP(Zones!C43,'Water Heater'!$A$182:$F$200,6,FALSE) -> 0.24 | G49: =F49*E49 -> 3.84 | H49: =G49/60 -> 0.064
A50: Patroom1_mult10_flr_3 | B50: Gas | C50: =Zones!H44 -> 225.02 | E50: =Zones!L44 -> 2 | F50: =VLOOKUP(Zones!C44,'Water Heater'!$A$182:$F$200,6,FALSE) -> 0.24 | G50: =F50*E50 -> 0.48 | H50: =G50/60 -> 0.008
A51: Patroom1_mult10_flr_4 | B51: Gas | C51: =Zones!H45 -> 225.02 | E51: =Zones!L45 -> 2 | F51: =VLOOKUP(Zones!C45,'Water Heater'!$A$182:$F$200,6,FALSE) -> 0.24 | G51: =F51*E51 -> 0.48 | H51: =G51/60 -> 0.008
A52: Patroom2_flr_3 | B52: Gas | C52: =Zones!H46 -> 375.04 | E52: =Zones!L46 -> 2 | F52: =VLOOKUP(Zones!C46,'Water Heater'!$A$182:$F$200,6,FALSE) -> 0.24 | G52: =F52*E52 -> 0.48 | H52: =G52/60 -> 0.008
A53: Patroom2_flr_4 | B53: Gas | C53: =Zones!H47 -> 375.04 | E53: =Zones!L47 -> 2 | F53: =VLOOKUP(Zones!C47,'Water Heater'!$A$182:$F$200,6,FALSE) -> 0.24 | G53: =F53*E53 -> 0.48 | H53: =G53/60 -> 0.008
A54: Patroom3_mult10_flr_3 | B54: Gas | C54: =Zones!H48 -> 217.54 | E54: =Zones!L48 -> 2 | F54: =VLOOKUP(Zones!C48,'Water Heater'!$A$182:$F$200,6,FALSE) -> 0.24 | G54: =F54*E54 -> 0.48 | H54: =G54/60 -> 0.008
A55: Patroom3_mult10_flr_4 | B55: Gas | C55: =Zones!H49 -> 217.54 | E55: =Zones!L49 -> 2 | F55: =VLOOKUP(Zones!C49,'Water Heater'!$A$182:$F$200,6,FALSE) -> 0.24 | G55: =F55*E55 -> 0.48 | H55: =G55/60 -> 0.008
A56: Patroom4_flr_3 | B56: Gas | C56: =Zones!H50 -> 375.04 | E56: =Zones!L50 -> 2 | F56: =VLOOKUP(Zones!C50,'Water Heater'!$A$182:$F$200,6,FALSE) -> 0.24 | G56: =F56*E56 -> 0.48 | H56: =G56/60 -> 0.008
... A67: Radiology_flr_4 | B67: Gas | C67: =Zones!H61 -> 5250.51 | E67: =Zones!L61 -> 26 | F67: =VLOOKUP(Zones!C61,'Water Heater'!$A$182:$F$200,6,FALSE) -> 0.24 | G67: =F67*E67 -> 6.24 | H67: =G67/60 -> 0.104
A68: Sanitation / SPD (Not a zone) | B68: Gas | C68: n/a | E68: n/a | F68: 2 | G68: =F68*100 -> 200 | H68: =G68/60 -> 3.3333333
A69: Total | B69: Gas storage | G69: =_xlfn.LET( _xlpm.g,SUMIF($B$9:$B$68,"Gas*",$G$9:$G$68), _xlpm.e,SUMIF($B$9:$B$68,"Electric*",$G$9:$G$68), IF(AND(_xlpm.g>0,_xlpm.e>0),_xlpm.g,IF(_xlpm.g>0,MAX(75,_xlpm.g),0))) -> 461.442 | I69: Minimum peak hot water usage is 75 gal according to ACM 2025
A70: Total | B70: Electric resistance | G70: =_xlfn.LET( _xlpm.g,SUMIF($B$9:$B$68,"Gas*",$G$9:$G$68), _xlpm.e,SUMIF($B$9:$B$68,"Electric*",$G$9:$G$68), IF(AND(_xlpm.g>0,_xlpm.e>0),_xlpm.e,IF(_xlpm.e>0,MAX(75,_xlpm.e),0))) -> 0
A72: Number of identical water heaters | B72: =MAX(1,ROUNDUP(MAX(30,$G$69*$B$78)/MAX($F$102:$F$120),0)) -> 2
A75: Design supply temperature (°F) | B75: 135 | C75: CEC-400-2022-009-CMF-REV2-AP5.4B
A76: WH system factor | B76: 0.6 | C76: 2025 ACM §5.9.2 Rated Capacity
A77: Water mass conversion (lb/gal) | B77: 8.2877 | C77: 2025 ACM §5.9.2 Rated Capacity
A78: Reheat multiplier | B78: 0.4 | C78: 2025 ACM §5.9.2 Storage Volume
A79: Climate Zone Water Heater Sizing and Loss Coefficients
A80: Climate Zone | B80: Minimum Monthly Mains Temp (°F) [T24 2022 - Appendix 5.4B] | C80: Heat Output (Btu/hr) [ACM, 2025, 5.9.2: Rated capacity section] | E80: WH Capacity (Btu/hr) [ACM, 2025, 5.9.2: Rated capacity section] | F80: Required Energy Input (Btu/hr) | G80: Storage Volume (gal) | H80: Standby Loss [Title 20, §1605.1 Table F-4; Appendix B: Water Heating Calculation Method] | J80: Off/On Cycle Loss Coefficient to Ambient Temp | L80: Source/Note
A81: CZ01 | B81: 47.9 | C81: =$G$69/$B$72*($B$75-B81)*$B$77 -> 166547.95 | E81: =C81*$B$76 -> 99928.773 | F81: =_xlfn.LET(_xlpm.x,_xlfn.XLOOKUP(E81/$C$3,$A$102:$A$132,$A$102:$A$132,"",1),IF(_xlpm.x="",ROUNDUP(E81/$C$3,0),_xlpm.x)) -> 125000 | G81: =_xlfn.LET(_xlpm.v,MAX(30,$G$69/$B$72*$B$78),_xlpm.x,_xlfn.XLOOKUP(_xlpm.v,$F$102:$F$120,$F$102:$F$120,"",1),IF(_xlpm.x="",ROUNDUP(_xlpm.v,0),_xlpm.x)) -> 100 | H81: =(F81/800)+110*SQRT(G81) -> 1256.25 | I81: Btu/hr | J81: =H81/70 -> 17.946429 | K81: Btu/h·°F | L81: Required Energy Input: vendor/available catalog size (Market data table). Storage Volume: standard/available catalog tank size (Market data table).
A82: CZ02 | B82: 50.8 | C82: =$G$69/$B$72*($B$75-B82)*$B$77 -> 161002.73 | E82: =C82*$B$76 -> 96601.638 | F82: =_xlfn.LET(_xlpm.x,_xlfn.XLOOKUP(E82/$C$3,$A$102:$A$132,$A$102:$A$132,"",1),IF(_xlpm.x="",ROUNDUP(E82/$C$3,0),_xlpm.x)) -> 125000 | G82: =_xlfn.LET(_xlpm.v,MAX(30,$G$69/$B$72*$B$78),_xlpm.x,_xlfn.XLOOKUP(_xlpm.v,$F$102:$F$120,$F$102:$F$120,"",1),IF(_xlpm.x="",ROUNDUP(_xlpm.v,0),_xlpm.x)) -> 100 | H82: =(F82/800)+110*SQRT(G82) -> 1256.25 | I82: Btu/hr | J82: =H82/70 -> 17.946429 | K82: Btu/h·°F
A83: CZ03 | B83: 52.2 | C83: =$G$69/$B$72*($B$75-B83)*$B$77 -> 158325.72 | E83: =C83*$B$76 -> 94995.435 | F83: =_xlfn.LET(_xlpm.x,_xlfn.XLOOKUP(E83/$C$3,$A$102:$A$132,$A$102:$A$132,"",1),IF(_xlpm.x="",ROUNDUP(E83/$C$3,0),_xlpm.x)) -> 120000 | G83: =_xlfn.LET(_xlpm.v,MAX(30,$G$69/$B$72*$B$78),_xlpm.x,_xlfn.XLOOKUP(_xlpm.v,$F$102:$F$120,$F$102:$F$120,"",1),IF(_xlpm.x="",ROUNDUP(_xlpm.v,0),_xlpm.x)) -> 100 | H83: =(F83/800)+110*SQRT(G83) -> 1250 | I83: Btu/hr | J83: =H83/70 -> 17.857143 | K83: Btu/h·°F
A84: CZ04 | B84: 52.7 | C84: =$G$69/$B$72*($B$75-B84)*$B$77 -> 157369.65 | E84: =C84*$B$76 -> 94421.791 | F84: =_xlfn.LET(_xlpm.x,_xlfn.XLOOKUP(E84/$C$3,$A$102:$A$132,$A$102:$A$132,"",1),IF(_xlpm.x="",ROUNDUP(E84/$C$3,0),_xlpm.x)) -> 120000 | G84: =_xlfn.LET(_xlpm.v,MAX(30,$G$69/$B$72*$B$78),_xlpm.x,_xlfn.XLOOKUP(_xlpm.v,$F$102:$F$120,$F$102:$F$120,"",1),IF(_xlpm.x="",ROUNDUP(_xlpm.v,0),_xlpm.x)) -> 100 | H84: =(F84/800)+110*SQRT(G84) -> 1250 | I84: Btu/hr | J84: =H84/70 -> 17.857143 | K84: Btu/h·°F
A85: CZ05 | B85: 51.6 | C85: =$G$69/$B$72*($B$75-B85)*$B$77 -> 159473.01 | E85: =C85*$B$76 -> 95683.807 | F85: =_xlfn.LET(_xlpm.x,_xlfn.XLOOKUP(E85/$C$3,$A$102:$A$132,$A$102:$A$132,"",1),IF(_xlpm.x="",ROUNDUP(E85/$C$3,0),_xlpm.x)) -> 120000 | G85: =_xlfn.LET(_xlpm.v,MAX(30,$G$69/$B$72*$B$78),_xlpm.x,_xlfn.XLOOKUP(_xlpm.v,$F$102:$F$120,$F$102:$F$120,"",1),IF(_xlpm.x="",ROUNDUP(_xlpm.v,0),_xlpm.x)) -> 100 | H85: =(F85/800)+110*SQRT(G85) -> 1250 | I85: Btu/hr | J85: =H85/70 -> 17.857143 | K85: Btu/h·°F
A86: CZ06 | B86: 56.8 | C86: =$G$69/$B$72*($B$75-B86)*$B$77 -> 149529.85 | E86: =C86*$B$76 -> 89717.911 | F86: =_xlfn.LET(_xlpm.x,_xlfn.XLOOKUP(E86/$C$3,$A$102:$A$132,$A$102:$A$132,"",1),IF(_xlpm.x="",ROUNDUP(E86/$C$3,0),_xlpm.x)) -> 120000 | G86: =_xlfn.LET(_xlpm.v,MAX(30,$G$69/$B$72*$B$78),_xlpm.x,_xlfn.XLOOKUP(_xlpm.v,$F$102:$F$120,$F$102:$F$120,"",1),IF(_xlpm.x="",ROUNDUP(_xlpm.v,0),_xlpm.x)) -> 100 | H86: =(F86/800)+110*SQRT(G86) -> 1250 | I86: Btu/hr | J86: =H86/70 -> 17.857143 | K86: Btu/h·°F
A87: CZ07 | B87: 58.4 | C87: =$G$69/$B$72*($B$75-B87)*$B$77 -> 146470.42 | E87: =C87*$B$76 -> 87882.25 | F87: =_xlfn.LET(_xlpm.x,_xlfn.XLOOKUP(E87/$C$3,$A$102:$A$132,$A$102:$A$132,"",1),IF(_xlpm.x="",ROUNDUP(E87/$C$3,0),_xlpm.x)) -> 120000 | G87: =_xlfn.LET(_xlpm.v,MAX(30,$G$69/$B$72*$B$78),_xlpm.x,_xlfn.XLOOKUP(_xlpm.v,$F$102:$F$120,$F$102:$F$120,"",1),IF(_xlpm.x="",ROUNDUP(_xlpm.v,0),_xlpm.x)) -> 100 | H87: =(F87/800)+110*SQRT(G87) -> 1250 | I87: Btu/hr | J87: =H87/70 -> 17.857143 | K87: Btu/h·°F
A88: CZ08 | B88: 58.4 | C88: =$G$69/$B$72*($B$75-B88)*$B$77 -> 146470.42 | E88: =C88*$B$76 -> 87882.25 | F88: =_xlfn.LET(_xlpm.x,_xlfn.XLOOKUP(E88/$C$3,$A$102:$A$132,$A$102:$A$132,"",1),IF(_xlpm.x="",ROUNDUP(E88/$C$3,0),_xlpm.x)) -> 120000 | G88: =_xlfn.LET(_xlpm.v,MAX(30,$G$69/$B$72*$B$78),_xlpm.x,_xlfn.XLOOKUP(_xlpm.v,$F$102:$F$120,$F$102:$F$120,"",1),IF(_xlpm.x="",ROUNDUP(_xlpm.v,0),_xlpm.x)) -> 100 | H88: =(F88/800)+110*SQRT(G88) -> 1250 | I88: Btu/hr | J88: =H88/70 -> 17.857143 | K88: Btu/h·°F
A89: CZ09 | B89: 57.6 | C89: =$G$69/$B$72*($B$75-B89)*$B$77 -> 148000.13 | E89: =C89*$B$76 -> 88800.08 | F89: =_xlfn.LET(_xlpm.x,_xlfn.XLOOKUP(E89/$C$3,$A$102:$A$132,$A$102:$A$132,"",1),IF(_xlpm.x="",ROUNDUP(E89/$C$3,0),_xlpm.x)) -> 120000 | G89: =_xlfn.LET(_xlpm.v,MAX(30,$G$69/$B$72*$B$78),_xlpm.x,_xlfn.XLOOKUP(_xlpm.v,$F$102:$F$120,$F$102:$F$120,"",1),IF(_xlpm.x="",ROUNDUP(_xlpm.v,0),_xlpm.x)) -> 100 | H89: =(F89/800)+110*SQRT(G89) -> 1250 | I89: Btu/hr | J89: =H89/70 -> 17.857143 | K89: Btu/h·°F
A90: CZ10 | B90: 57.1 | C90: =$G$69/$B$72*($B$75-B90)*$B$77 -> 148956.21 | E90: =C90*$B$76 -> 89373.724 | F90: =_xlfn.LET(_xlpm.x,_xlfn.XLOOKUP(E90/$C$3,$A$102:$A$132,$A$102:$A$132,"",1),IF(_xlpm.x="",ROUNDUP(E90/$C$3,0),_xlpm.x)) -> 120000 | G90: =_xlfn.LET(_xlpm.v,MAX(30,$G$69/$B$72*$B$78),_xlpm.x,_xlfn.XLOOKUP(_xlpm.v,$F$102:$F$120,$F$102:$F$120,"",1),IF(_xlpm.x="",ROUNDUP(_xlpm.v,0),_xlpm.x)) -> 100 | H90: =(F90/800)+110*SQRT(G90) -> 1250 | I90: Btu/hr | J90: =H90/70 -> 17.857143 | K90: Btu/h·°F
A91: CZ11 | B91: 50.5 | C91: =$G$69/$B$72*($B$75-B91)*$B$77 -> 161576.37 | E91: =C91*$B$76 -> 96945.824 | F91: =_xlfn.LET(_xlpm.x,_xlfn.XLOOKUP(E91/$C$3,$A$102:$A$132,$A$102:$A$132,"",1),IF(_xlpm.x="",ROUNDUP(E91/$C$3,0),_xlpm.x)) -> 125000 | G91: =_xlfn.LET(_xlpm.v,MAX(30,$G$69/$B$72*$B$78),_xlpm.x,_xlfn.XLOOKUP(_xlpm.v,$F$102:$F$120,$F$102:$F$120,"",1),IF(_xlpm.x="",ROUNDUP(_xlpm.v,0),_xlpm.x)) -> 100 | H91: =(F91/800)+110*SQRT(G91) -> 1256.25 | I91: Btu/hr | J91: =H91/70 -> 17.946429 | K91: Btu/h·°F
A92: CZ12 | B92: 51.4 | C92: =$G$69/$B$72*($B$75-B92)*$B$77 -> 159855.44 | E92: =C92*$B$76 -> 95913.265 | F92: =_xlfn.LET(_xlpm.x,_xlfn.XLOOKUP(E92/$C$3,$A$102:$A$132,$A$102:$A$132,"",1),IF(_xlpm.x="",ROUNDUP(E92/$C$3,0),_xlpm.x)) -> 120000 | G92: =_xlfn.LET(_xlpm.v,MAX(30,$G$69/$B$72*$B$78),_xlpm.x,_xlfn.XLOOKUP(_xlpm.v,$F$102:$F$120,$F$102:$F$120,"",1),IF(_xlpm.x="",ROUNDUP(_xlpm.v,0),_xlpm.x)) -> 100 | H92: =(F92/800)+110*SQRT(G92) -> 1250 | I92: Btu/hr | J92: =H92/70 -> 17.857143 | K92: Btu/h·°F
A93: CZ13 | B93: 51.7 | C93: =$G$69/$B$72*($B$75-B93)*$B$77 -> 159281.8 | E93: =C93*$B$76 -> 95569.079 | F93: =_xlfn.LET(_xlpm.x,_xlfn.XLOOKUP(E93/$C$3,$A$102:$A$132,$A$102:$A$132,"",1),IF(_xlpm.x="",ROUNDUP(E93/$C$3,0),_xlpm.x)) -> 120000 | G93: =_xlfn.LET(_xlpm.v,MAX(30,$G$69/$B$72*$B$78),_xlpm.x,_xlfn.XLOOKUP(_xlpm.v,$F$102:$F$120,$F$102:$F$120,"",1),IF(_xlpm.x="",ROUNDUP(_xlpm.v,0),_xlpm.x)) -> 100 | H93: =(F93/800)+110*SQRT(G93) -> 1250 | I93: Btu/hr | J93: =H93/70 -> 17.857143 | K93: Btu/h·°F
... A96: CZ16 | B96: 41.4 | C96: =$G$69/$B$72*($B$75-B96)*$B$77 -> 178976.91 | E96: =C96*$B$76 -> 107386.14 | F96: =_xlfn.LET(_xlpm.x,_xlfn.XLOOKUP(E96/$C$3,$A$102:$A$132,$A$102:$A$132,"",1),IF(_xlpm.x="",ROUNDUP(E96/$C$3,0),_xlpm.x)) -> 145000 | G96: =_xlfn.LET(_xlpm.v,MAX(30,$G$69/$B$72*$B$78),_xlpm.x,_xlfn.XLOOKUP(_xlpm.v,$F$102:$F$120,$F$102:$F$120,"",1),IF(_xlpm.x="",ROUNDUP(_xlpm.v,0),_xlpm.x)) -> 100 | H96: =(F96/800)+110*SQRT(G96) -> 1281.25 | I96: Btu/hr | J96: =H96/70 -> 18.303571 | K96: Btu/h·°F
A100: Market data
A101: Catalog gas input (Btu/h) | B101: Input source | C101: Elec resistance tank (kW) | E101: Elec resistance (Btu/h) | F101: Catalog gas tank (gal) | G101: Tank source | H101: Elec tank (gal) | I101: Elec tank source | J101: =HYPERLINK("#'Note'!A1","Sources and links → Note tab") -> Sources and links → Note tab
A102: 60000 | B102: Grainger | C102: 1.5 | E102: 5118 | F102: 34 | G102: ENERGY STAR | H102: 6 | I102: Grainger
A103: 75100 | B103: Grainger | C103: 2 | E103: 6824 | F103: 35 | G103: Grainger | H103: 10 | I103: Grainger
A104: 76000 | B104: Both | C104: 3 | E104: 10236 | F104: 48 | G104: Grainger | H104: 15 | I104: Grainger
A105: 80000 | B105: Grainger | C105: 4.5 | E105: 15355 | F105: 50 | G105: Both | H105: 20 | I105: Grainger
A106: 99900 | B106: ENERGY STAR | C106: 6 | E106: 20473 | F106: 55 | G106: ENERGY STAR | H106: 28 | I106: Grainger
A107: 100000 | B107: Both | C107: 8 | E107: 27297 | F107: 60 | G107: ENERGY STAR | H107: 30 | I107: Grainger
A108: 120000 | B108: ENERGY STAR | C108: 9 | E108: 30709 | F108: 65 | G108: Both | H108: 36 | I108: Grainger
A109: 125000 | B109: Both | C109: 10 | E109: 34121 | F109: 72 | G109: Grainger | H109: 40 | I109: Grainger
A110: 130000 | B110: Both | C110: 12 | E110: 40946 | F110: 75 | G110: Both | H110: 47
A111: 145000 | B111: ENERGY STAR | C111: 12.1 | E111: 41287 | F111: 76 | G111: Grainger | H111: 50
A112: 150000 | B112: ENERGY STAR | C112: 18 | E112: 61419 | F112: 80 | G112: Both | H112: 65
A113: 156000 | B113: Grainger | C113: 24 | E113: 81891 | F113: 82 | G113: Grainger | H113: 80
A114: 160000 | B114: Both | C114: 27 | E114: 92128 | F114: 85 | G114: Grainger | H114: 85
A115: 175000 | B115: ENERGY STAR | C115: 36 | E115: 122837 | F115: 90 | G115: Both | H115: 105
A116: 180000 | B116: Grainger | C116: 54 | E116: 184256 | F116: 91 | G116: Grainger | H116: 120
A117: 199000 | B117: ENERGY STAR | F117: 100 | G117: Both
A118: 199900 | B118: Both | F118: 110 | G118: ENERGY STAR
A119: 200000 | B119: ENERGY STAR | F119: 119 | G119: Both
A120: 250000 | B120: Both | F120: 125 | G120: ENERGY STAR
A121: 251000 | B121: ENERGY STAR
A122: 270000 | B122: Grainger
A123: 285000 | B123: ENERGY STAR
A124: 300000 | B124: Both
A125: 320000 | B125: ENERGY STAR
A126: 360000 | B126: Grainger
A127: 398000 | B127: ENERGY STAR
A128: 399000 | B128: ENERGY STAR
A129: 399900 | B129: Both
A130: 499900 | B130: Grainger
A131: 550000 | B131: Grainger
A132: 715000 | B132: Grainger
A180: Peak Hot Water Consumption
A181: Space Type | B181: Baseline WH Type [T24, 2022, Appendix 5.4A , sheet: "2022 SpaceFuncData-Input"] | C181: Total Area (ft²) | E181: Number of People | F181: Hot Water Usage Specification (gal/hr per person) [T24, 2022, Appendix 5.4A , sheet: "2022 SpaceFuncData-Input"] | G181: Peak Hot Water Usage (gal/hr) | H181: Peak Hot Water Usage (gal/min)
A182: =Ventilation!O3 -> Electrical, Mechanical, Telephone Rooms | B182: Electric | C182: =Ventilation!P3 -> 5250.69 | E182: =Ventilation!R3 -> 0 | F182: 0.18 | G182: =F182*E182 -> 0 | H182: =G182/60 -> 0
A183: =Ventilation!O9 -> Corridor Area | B183: Electric | C183: =Ventilation!P9 -> 48092.13 | E183: =Ventilation!R9 -> 0 | F183: 0 | G183: =F183*E183 -> 0 | H183: =G183/60 -> 0
A184: =Ventilation!O10 -> Dining Area (Cafeteria/Fast Food) | B184: Gas | C184: =Ventilation!P10 -> 7500.73 | E184: =Ventilation!R10 -> 247.52409 | F184: 0.578 | G184: =F184*E184 -> 143.06892 | H184: =G184/60 -> 2.3844821
...

Sheet Interior Lights
A1: ="Interior Lighting - "&Prototype!B4 -> Interior Lighting - Hospital
A2: Space Type | B2: New Construction | E2: Existing | H2: Note
B3: LPD (W/ft²) | C3: Additional LPD for Portable Lighting (W/ft²) | D3: Source | E3: LPD (W/ft²) | F3: Additional LPD for Portable Lighting (W/ft²) | G3: Source
A4: =Ventilation!O3 -> Electrical, Mechanical, Telephone Rooms | B4: 0.6 | D4: T24, 2025, Table 140.6-C (Area category method), IT Room Source: ASHRAE 90.1 2022, Table 9.5.2.1-1, computer room space type | E4: 1 | G4: T24, 2016, Table 140.6-C (Area category method)
A5: =Ventilation!O9 -> Corridor Area | B5: 0.4 | C5: =0.25 -> 0.25 | E5: 0.6 | H5: Additional lighting for: decorative/display,
A6: =Ventilation!O10 -> Dining Area (Cafeteria/Fast Food) | B6: 0.45 | C6: =0.25*0.5 -> 0.125 | E6: 1 | F6: =0.5*0.5 -> 0.25 | H6: Additional lighting for: decorative/display ( Ornamental), It is assumed that 50% of the additional allowance lighting is in use.
A7: =Ventilation!O11 -> Healthcare Facility and Hospitals (Exam/Treatment Room) | B7: 1.15 | E7: 1.2
A8: =Ventilation!O12 -> Healthcare Facility and Hospitals (Nurse's Station) | B8: 0.85 | C8: 0.2 | E8: 1.2 | H8: Additional lighting for: decorative/display
A9: =Ventilation!O13 -> Healthcare Facility and Hospitals (Recovery Room) | B9: 0.9 | C9: 0.1 | E9: 1.2 | H9: Additional lighting for: tunable white or dim-to-warm
A10: =Ventilation!O14 -> Laboratory, Scientific | B10: 0.9 | C10: 0.35 | E10: 1.4 | F10: 0.1 | H10: Additional lighting for: specialized Task Work
A11: =Ventilation!O15 -> Healthcare Facility and Hospitals (Operating Room) | B11: 1.9 | E11: 1.2
A12: =Ventilation!O16 -> Healthcare Facility and Hospitals (Physical Therapy Room) | B12: 0.75 | C12: 0.1 | E12: 1.2 | H12: Additional lighting for: tunable white or dim-to-warm
A13: =Ventilation!O17 -> Healthcare Facility and Hospitals (Imaging Room) | B13: 0.6 | C13: 0.2 | E13: 1.2 | H13: Additional lighting for: decorative/display
A14: =Ventilation!O18 -> Healthcare Facility and Hospitals (Patient Room) | B14: 0.7 | C14: 0.15 | E14: 1.2 | H14: Additional lighting for: detailed task work
A15: =Zones!C7 -> Healthcare Facility and Hospitals (Medical Supply Room) | B15: 0.55 | E15: 1.2
A16: =Ventilation!O19 -> Lobby, Main Entry | B16: 0.7 | C16: 0.25 | E16: 0.95 | F16: 0.5 | H16: Additional lighting for: decorative/display (Ornamental)
A17: =Ventilation!O20 -> Kitchen/Food Preparation Area | B17: 0.95 | E17: 1.2
A18: =Zones!C35 -> Office Area (<250 square feet) | B18: 0.65 | C18: =0.2*0.5 -> 0.1 | E18: 1 | H18: Additional lighting for: decorative/display It is assumed that 50% of the additional allowance lighting is in use.
A19: =Zones!C34 -> Office Area (>250 square feet) | B19: 0.6 | C19: =0.2*0.5 -> 0.1 | E19: 0.75 | H19: Additional lighting for: decorative/display It is assumed that 50% of the additional allowance lighting is in use.
A20: =Zones!C4 -> Laundry Area | B20: 0.45 | E20: 0.7
A21: =Zones!C6 -> Computer Room (EPD 20) | B21: 0.75 | E21: 1.71

Sheet Ext Lighting
A1: ="Exterior Lighting - "&Prototype!A2 -> Exterior Lighting - Hospital
A2: Motion Controlled Luminaires (W) | B2: Non-motion Controlled Luminaires (W) | C2: Total (W) | D2: Source
A3: =G14 -> 9070.7233 | B3: =G15 -> 2379.45 | C3: =A3+B3 -> 11450.173 | D3: T24, 2022 & 2025 2019 Outdoor Lighting CASE report PNNL 90.1-2010 TSD
A6: ="Exterior Lighting " -> Exterior Lighting
A7: Items (Assume LZ2) | B7: Assumptions [2019 Outdoor Lighting CASE Report & PNNL 90.1-2010 TSD] | D7: Unit | E7: Lighting Power Allowance [T24, 2025, Table 140.7-A & 140.7-B] | F7: Unit | G7: Exterior Lighting Power (W)
A8: IWA (Initial Wattage Allowance) | B8: Lighting Zone 3 | E8: 350 | F8: (W) | G8: =$E8 -> 350
A9: Parking area | B9: 400 ft² for every parking space [2019 Lighting CASE report, Appendix H] 1 parking space per 360 ft² of gross building area [2019 Lighting CASE report,Table 38] | C9: =241500/360*400 -> 268333.33 | D9: (ft²) | E9: 0.025 | F9: (W/ft²) | G9: =$E9*C9 -> 6708.3333
A10: Building Entrance | B10: 17 building entrance per the Hospital Geometry | C10: 17 | D10: (count) | E10: 19 | F10: (W/ea) | G10: =E10*C10 -> 323
A11: Hardscape Ornamental Light | B11: 0.1 ft² per 1 ft² of gross building area [2019 Lighting CASE report,Table 36] | C11: 24150 | D11: (ft²) | E11: 0.013 | F11: (W/ft²) | G11: =E11*C11 -> 313.95
A12: Building façade | B12: 0.1 W per 1 ft² of facade area Façade Area = Perimeter × 0.5 × 30 ft (30 ft is the max height that is lit) * The 0.5 factor assumes that only half of the perimeter walls are lit. -Formula is developed based on the 2019 Outdoor Lighting CASE report | C12: =B21*0.5*30 -> 12150 | D12: (ft²) | E12: 0.17 | F12: (W/ft²) | G12: =E12*C12 -> 2065.5
A13: Non-sales canopy | C13: 6257 | D13: (ft²) | E13: 0.27 | F13: (W/ft²) | G13: =E13*C13 -> 1689.39
A14: Motion Controlled Luminaires (W) | G14: =G9+G8+G13+G10 -> 9070.7233
A15: Non-motion-controlled Luminaires | G15: =G11+G12 -> 2379.45
A16: Total | G16: =G14+G15 -> 11450.173
C19: =6257/100 -> 62.57
A20: Total floor area (ft²) | B20: =Prototype!B9 -> 241,521 (230 ft x 175 ft for each floor) | C20: =0.1*241521/6 -> 4025.35
A21: Perimeter | B21: 810
A22: Floors | B22: 5
A25: Canopy (Added to the Hospital geometry) | B25: Area
A26: Main Entrance South | B26: 1,140 ft²
A27: Main Entrance West | B27: 2,021 ft²
A28: ER Entrance South | B28: 1,185 ft²
A29: ER Entrance East | B29: 1,910 ft²
A30: Total | B30: 6,257 ft²

Sheet Equipment
A1: ="Equipment - "&Prototype!A2 -> Equipment - Hospital
A2: Space Type | B2: Plug load Power Density (W/ft²) | C2: Gas Power Density (Btu/hr-ft²) | D2: Refrigeration Power Density (W/ft²) | E2: Source | F2: Note
A3: =Ventilation!O3 -> Electrical, Mechanical, Telephone Rooms | B3: 0.7 | E3: T24 2022 - Appendix 5.4A, DOE / PNNL Commercial Prototype Building Models, AEDG 50% | F3: Plug load and schedules project with CEC, 2025
A4: =Ventilation!O9 -> Corridor Area | B4: 0
A5: =Ventilation!O10 -> Dining Area (Cafeteria/Fast Food) | B5: 0.5 | D5: 0.25 | F5: CEC: Refrig Load = 0.25 w/ft²
A6: =Ventilation!O11 -> Healthcare Facility and Hospitals (Exam/Treatment Room) | B6: 1.5 | C6: 1.1259 | F6: Appendix 5.4A: Gas equipment=1.1259 Btu/h-ft²--CEC model (Hospital) has the Gas equipment for 3.59 Btu/h-ft²
A7: =Ventilation!O12 -> Healthcare Facility and Hospitals (Nurse's Station) | B7: 1.5
A8: =Ventilation!O13 -> Healthcare Facility and Hospitals (Recovery Room) | B8: 1.5
A9: =Ventilation!O14 -> Laboratory, Scientific | B9: 2 | F9: Appendix 5.4A: Gas equipment=13 Btu/h-ft²--CEC model (Hospital) has the Gas equipment for 51.7 Btu/h-ft²
A10: =Ventilation!O15 -> Healthcare Facility and Hospitals (Operating Room) | B10: 4 | F10: AEDG 50%
A11: =Ventilation!O16 -> Healthcare Facility and Hospitals (Physical Therapy Room) | B11: 1.5
A12: =Ventilation!O17 -> Healthcare Facility and Hospitals (Imaging Room) | B12: 10 | F12: PNNL has EPD=10 for Imaging room
A13: =Ventilation!O18 -> Healthcare Facility and Hospitals (Patient Room) | B13: 1.5
A14: =Zones!C7 -> Healthcare Facility and Hospitals (Medical Supply Room) | B14: 1.5
A15: =Ventilation!O19 -> Lobby, Main Entry | B15: 0.5
A16: =Ventilation!O20 -> Kitchen/Food Preparation Area | B16: 1.5 | C16: 17.54 | D16: 1.12 | F16: Appendix 5.4A: Gas equipment=17.53768 --CEC model (Hospital) has the Gas equipment for 35.4 Btu/h-ft²) -- Btu/h-ft² CEC: Refrig Load = 1.12 W/ft²
A17: =Zones!C35 -> Office Area (<250 square feet) | B17: 0.7
A18: =Zones!C34 -> Office Area (>250 square feet) | B18: 0.7
A19: =Zones!C4 -> Laundry Area | B19: 3 | C19: 0.75064
A20: =Zones!C6 -> Computer Room (EPD 20) | B20: 20
A22: Elevator
A23: Vintage | B23: Class | C23: Number of elevators (ne) | D23: Cab Lighting Power Limit (W/ft2) | E23: Fan Power Limit (W/CFM) | F23: Cab Ventilation Fan & Lighting Shutoff | G23: Design Motor Load (W) | H23: Fan Load (W) | I23: Lighting Load (W) | J23: Total (W) | K23: Note
A24: Existing | B24: F/G | C24: 8 | D24: 1.14 | E24: 0.33 | F24: When stopped and unoccupied with doors closed for over 15 minutes, cab interior lighting and ventilation shall be de-energized until required for operation. | G24: =ROUND(INDEX($C:$C,MATCH("Annual energy consumption of the elevator - Existing",$B:$B,0))/INDEX($C:$C,MATCH("Equivalent full load hours",$B:$B,0))*1000,2) -> 83546.04 | H24: =ROUND(C24*INDEX($C:$C,MATCH("Cab fan airflow",$B:$B,0))*E24,2) -> 792 | I24: =ROUND(C24*INDEX($C:$C,MATCH("Cab floor area",$B:$B,0))*D24,2) -> 376.66 | J24: =ROUND(SUM(G24:I24),2) -> 84714.7 | K24: Design load is calculated according to ISO 25745-2 method using Class F/G. Cab lighting and fan requirements are based on ASHRAE 90.1 2013.
A25: New Construction | B25: E | C25: 8 | D25: 0.6 | E25: 0.33 | F25: When the elevator cab is stopped and unoccupied with doors closed for over 15 minutes, the cab interior lighting and ventilation fans shall be switched off until elevator cab operation resumes. | G25: =ROUND(INDEX($C:$C,MATCH("Annual energy consumption of the elevator - New Construction",$B:$B,0))/INDEX($C:$C,MATCH("Equivalent full load hours",$B:$B,0))*1000,2) -> 50878.38 | H25: =ROUND(C25*INDEX($C:$C,MATCH("Cab fan airflow",$B:$B,0))*E25,2) -> 792 | I25: =ROUND(C25*INDEX($C:$C,MATCH("Cab floor area",$B:$B,0))*D25,2) -> 198.24 | J25: =ROUND(SUM(G25:I25),2) -> 51868.62 | K25: Design load is calculated according to ISO 25745-2 method using Class E. Cab lighting and fan requirements are based on T24 2025 §120.6 (f).
A28: Hospital Elevator Calculations
A29: Symbol | B29: Definition | C29: Value | D29: Units | E29: Source
A30: E | B30: Annual energy consumption of the elevator - Existing | C30: 278223.36 | D30: kWh/year | E30: Calculated
B31: Annual energy consumption of the elevator - New Construction | C31: 169434.16 | D31: kWh/year | E31: Calculated
A32: C1 | B32: Running-energy coefficient | C32: 3.65 for Class E; 5.47 for Class F | D32: Coefficient | E32: ISO 25745-2 Table 7
A33: C2 | B33: Idle/standby coefficient | C33: 800 for Class E; 1,600 for Class F | D33: Coefficient | E33: ISO 25745-2 Table 7
A34: Q | B34: Rated load of elevator | C34: 1361 | D34: kg | E34: Assumed for all prototypes
A35: Elevator Size | B35: Cab floor area | C35: 41.3 | D35: ft^2 | E35: W=5.67 ft, L=7.29 ft; assumed based on representative manufacturer
A36: CFM | B36: Cab fan airflow | C36: 300 | D36: cfm | E36: Assumed for the Hospital prototype
A37: cat | B37: Usage category | C37: 4 | D37: - | E37: ISO 25745-2 Table A.1
A38: d | B38: Operating days per year | C38: 360 | D38: days/year | E38: ISO 25745-2 Table A.1
A39: nf | B39: Number of floors | C39: 6 | D39: floors | E39: Prototype assumptions
A40: h | B40: Floor-to-floor height | C40: 4.27 | D40: m | E40: Prototype assumptions
A41: v | B41: Elevator lift speed | C41: 2.5 | D41: m/s | E41: ISO 25745-2 Table A.1
A42: nd | B42: Number of trips per day | C42: 750 | D42: trips/day | E42: ISO 25745-2 Table A.1
A43: S_pct | B43: Percent of average travel distance | C43: 0.44 | D43: % | E43: ISO 25745-2 Table 2
A44: a | B44: Acceleration | C44: 1 | D44: m/s^2 | E44: Annex B of ISO 25745-2
A45: j | B45: Jerk | C45: 1.25 | D45: m/s^3 | E45: Annex B of ISO 25745-2
... A51: Total light level | B51: Total light level | C51: 40 | D51: lm/ft2 | E51: PNNL Prototypes
A52: EFLH | B52: Equivalent full load hours | C52: =Schedules!AD203 -> 3330.18 | D52: hours | E52: Calculated using the elevator schedule

Sheet Schedules
A1: ="Schedules - "&Prototype!A2 -> Schedules - Hospital
A2: Zone | B2: Schedule Category | C2: Schedule | D2: Source | E2: Type | F2: Hour
F3: 1 | G3: 2 | H3: 3 | I3: 4 | J3: 5 | K3: 6 | L3: 7 | M3: 8 | N3: 9 | O3: 10 | P3: 11 | Q3: 12 | R3: 13 | S3: 14 | T3: 15 | U3: 16 | V3: 17 | W3: 18 | X3: 19 | Y3: 20 | Z3: 21 | AA3: 22 | AB3: 23 | AC3: 24 | AM3: PNNL
A4: Corridor, Lab, Lobby, Physical Therapy Room, Imaging Room, Medical Supply Room | B4: Health | C4: Occupancy | D4: T24 2022 - Appendix 5.4B, [Health] | E4: Weekday | F4: 0 | G4: 0 | H4: 0 | I4: 0 | J4: 0 | K4: 0 | L4: 0 | M4: 0.1 | N4: 0.5 | O4: 0.8 | P4: 0.8 | Q4: 0.8 | R4: 0.8 | S4: 0.8 | T4: 0.8 | U4: 0.8 | V4: 0.8 | W4: 0.5 | X4: 0.3 | Y4: 0.3 | Z4: 0.2 | AA4: 0.2 | AB4: 0 | AC4: 0 | AN4: 0.349 | AO4: 0.349 | AP4: 0.349 | AQ4: 0.349 | AR4: 0.349 | AS4: 0.349 | AT4: 0.349 | AU4: 0.682 | AV4: 0.877 | AW4: 0.877 | AX4: 0.877 | AY4: 0.877 | AZ4: 0.877 | BA4: 0.877 | BB4: 0.877 | BC4: 0.877 | BD4: 0.584 | BE4: 0.584 | BF4: 0.584 | BG4: 0.584 | BH4: 0.584 | BI4: 0.584 | BJ4: 0.524 | BK4: 0.349
E5: Saturday | F5: 0 | G5: 0 | H5: 0 | I5: 0 | J5: 0 | K5: 0 | L5: 0 | M5: 0.1 | N5: 0.3 | O5: 0.4 | P5: 0.4 | Q5: 0.4 | R5: 0.4 | S5: 0.4 | T5: 0.4 | U5: 0.4 | V5: 0.4 | W5: 0.1 | X5: 0.1 | Y5: 0 | Z5: 0 | AA5: 0 | AB5: 0 | AC5: 0 | AN5: 0.349 | AO5: 0.349 | AP5: 0.349 | AQ5: 0.349 | AR5: 0.349 | AS5: 0.349 | AT5: 0.349 | AU5: 0.487 | AV5: 0.633 | AW5: 0.633 | AX5: 0.633 | AY5: 0.633 | AZ5: 0.633 | BA5: 0.633 | BB5: 0.633 | BC5: 0.633 | BD5: 0.633 | BE5: 0.633 | BF5: 0.349 | BG5: 0.349 | BH5: 0.349 | BI5: 0.349 | BJ5: 0.349 | BK5: 0.349
E6: Sunday | F6: 0 | G6: 0 | H6: 0 | I6: 0 | J6: 0 | K6: 0 | L6: 0 | M6: 0 | N6: 0.05 | O6: 0.05 | P6: 0.05 | Q6: 0.05 | R6: 0.05 | S6: 0.05 | T6: 0.05 | U6: 0.05 | V6: 0 | W6: 0 | X6: 0 | Y6: 0 | Z6: 0 | AA6: 0 | AB6: 0 | AC6: 0 | AN6: 0.262 | AO6: 0.262 | AP6: 0.262 | AQ6: 0.262 | AR6: 0.262 | AS6: 0.262 | AT6: 0.262 | AU6: 0.262 | AV6: 0.349 | AW6: 0.349 | AX6: 0.349 | AY6: 0.349 | AZ6: 0.349 | BA6: 0.349 | BB6: 0.349 | BC6: 0.349 | BD6: 0.262 | BE6: 0.262 | BF6: 0.262 | BG6: 0.262 | BH6: 0.262 | BI6: 0.262 | BJ6: 0.262 | BK6: 0.262
A7: Corridor, Lab, Lobby, Physical Therapy Room, Imaging Room, Medical Supply Room | B7: Health | C7: Lights | D7: T24 2022 - Appendix 5.4B, [Health] | E7: Weekday | F7: 0.1 | G7: 0.1 | H7: 0.1 | I7: 0.1 | J7: 0.1 | K7: 0.1 | L7: 0.1 | M7: 0.45 | N7: 0.8 | O7: 0.8 | P7: 0.8 | Q7: 0.8 | R7: 0.8 | S7: 0.8 | T7: 0.8 | U7: 0.8 | V7: 0.3 | W7: 0.3 | X7: 0.3 | Y7: 0.3 | Z7: 0.3 | AA7: 0.3 | AB7: 0.3 | AC7: 0.1
E8: Saturday | F8: 0.1 | G8: 0.1 | H8: 0.1 | I8: 0.1 | J8: 0.1 | K8: 0.1 | L8: 0.1 | M8: 0.2 | N8: 0.35 | O8: 0.35 | P8: 0.35 | Q8: 0.35 | R8: 0.35 | S8: 0.35 | T8: 0.35 | U8: 0.35 | V8: 0.35 | W8: 0.35 | X8: 0.1 | Y8: 0.1 | Z8: 0.1 | AA8: 0.1 | AB8: 0.1 | AC8: 0.1
E9: Sunday | F9: 0.05 | G9: 0.05 | H9: 0.05 | I9: 0.05 | J9: 0.05 | K9: 0.05 | L9: 0.05 | M9: 0.05 | N9: 0.1 | O9: 0.1 | P9: 0.1 | Q9: 0.1 | R9: 0.1 | S9: 0.1 | T9: 0.1 | U9: 0.1 | V9: 0.05 | W9: 0.05 | X9: 0.05 | Y9: 0.05 | Z9: 0.05 | AA9: 0.05 | AB9: 0.05 | AC9: 0.05
A10: Corridor, Lab, Lobby, Physical Therapy Room, Imaging Room, Medical Supply Room | B10: Health | C10: ElecEquipment | D10: T24 2022 - Appendix 5.4B, [Health] | E10: Weekday | F10: 0.1 | G10: 0.1 | H10: 0.1 | I10: 0.1 | J10: 0.1 | K10: 0.1 | L10: 0.1 | M10: 0.5 | N10: 0.9 | O10: 0.9 | P10: 0.9 | Q10: 0.9 | R10: 0.9 | S10: 0.9 | T10: 0.9 | U10: 0.9 | V10: 0.3 | W10: 0.3 | X10: 0.3 | Y10: 0.3 | Z10: 0.3 | AA10: 0.3 | AB10: 0.3 | AC10: 0.1 | AN10: 0.349 | AO10: 0.349 | AP10: 0.349 | AQ10: 0.349 | AR10: 0.349 | AS10: 0.349 | AT10: 0.349 | AU10: 0.682 | AV10: 0.877 | AW10: 0.877 | AX10: 0.877 | AY10: 0.877 | AZ10: 0.877 | BA10: 0.877 | BB10: 0.877 | BC10: 0.877 | BD10: 0.584 | BE10: 0.584 | BF10: 0.584 | BG10: 0.584 | BH10: 0.584 | BI10: 0.584 | BJ10: 0.524 | BK10: 0.349
E11: Saturday | F11: 0.1 | G11: 0.1 | H11: 0.1 | I11: 0.1 | J11: 0.1 | K11: 0.1 | L11: 0.1 | M11: 0.2 | N11: 0.4 | O11: 0.4 | P11: 0.4 | Q11: 0.4 | R11: 0.4 | S11: 0.4 | T11: 0.4 | U11: 0.4 | V11: 0.4 | W11: 0.4 | X11: 0.1 | Y11: 0.1 | Z11: 0.1 | AA11: 0.1 | AB11: 0.1 | AC11: 0.1 | AN11: 0.349 | AO11: 0.349 | AP11: 0.349 | AQ11: 0.349 | AR11: 0.349 | AS11: 0.349 | AT11: 0.349 | AU11: 0.487 | AV11: 0.633 | AW11: 0.633 | AX11: 0.633 | AY11: 0.633 | AZ11: 0.633 | BA11: 0.633 | BB11: 0.633 | BC11: 0.633 | BD11: 0.633 | BE11: 0.633 | BF11: 0.349 | BG11: 0.349 | BH11: 0.349 | BI11: 0.349 | BJ11: 0.349 | BK11: 0.349
E12: Sunday | F12: 0.05 | G12: 0.05 | H12: 0.05 | I12: 0.05 | J12: 0.05 | K12: 0.05 | L12: 0.05 | M12: 0.05 | N12: 0.1 | O12: 0.1 | P12: 0.1 | Q12: 0.1 | R12: 0.1 | S12: 0.1 | T12: 0.1 | U12: 0.1 | V12: 0.05 | W12: 0.05 | X12: 0.05 | Y12: 0.05 | Z12: 0.05 | AA12: 0.05 | AB12: 0.05 | AC12: 0.05 | AN12: 0.262 | AO12: 0.262 | AP12: 0.262 | AQ12: 0.262 | AR12: 0.262 | AS12: 0.262 | AT12: 0.262 | AU12: 0.262 | AV12: 0.349 | AW12: 0.349 | AX12: 0.349 | AY12: 0.349 | AZ12: 0.349 | BA12: 0.349 | BB12: 0.349 | BC12: 0.349 | BD12: 0.262 | BE12: 0.262 | BF12: 0.262 | BG12: 0.262 | BH12: 0.262 | BI12: 0.262 | BJ12: 0.262 | BK12: 0.262
A13: Corridor, Lab, Lobby, Physical Therapy Room, Imaging Room, Medical Supply Room | B13: Health | C13: ServiceHotWater | D13: T24 2022 - Appendix 5.4B, [Health] | E13: Weekday | F13: 0.01 | G13: 0.01 | H13: 0.01 | I13: 0.01 | J13: 0.01 | K13: 0.01 | L13: 0.01 | M13: 0.17 | N13: 0.58 | O13: 0.66 | P13: 0.78 | Q13: 0.82 | R13: 0.71 | S13: 0.82 | T13: 0.78 | U13: 0.74 | V13: 0.63 | W13: 0.41 | X13: 0.18 | Y13: 0.18 | Z13: 0.18 | AA13: 0.1 | AB13: 0.01 | AC13: 0.01
E14: Saturday | F14: 0.01 | G14: 0.01 | H14: 0.01 | I14: 0.01 | J14: 0.01 | K14: 0.01 | L14: 0.01 | M14: 0.01 | N14: 0.2 | O14: 0.28 | P14: 0.3 | Q14: 0.3 | R14: 0.24 | S14: 0.24 | T14: 0.23 | U14: 0.23 | V14: 0.23 | W14: 0.1 | X14: 0.01 | Y14: 0.01 | Z14: 0.01 | AA14: 0.01 | AB14: 0.01 | AC14: 0.01
E15: Sunday | F15: 0.01 | G15: 0.01 | H15: 0.01 | I15: 0.01 | J15: 0.01 | K15: 0.01 | L15: 0.01 | M15: 0.01 | N15: 0.01 | O15: 0.01 | P15: 0.01 | Q15: 0.01 | R15: 0.01 | S15: 0.01 | T15: 0.01 | U15: 0.01 | V15: 0.01 | W15: 0.01 | X15: 0.01 | Y15: 0.01 | Z15: 0.01 | AA15: 0.01 | AB15: 0.01 | AC15: 0.01
A16: Corridor, Lab, Lobby, Physical Therapy Room, Imaging Room, Medical Supply Room | B16: Health | C16: GasEquipment | D16: T24 2022 - Appendix 5.4B, [Health] | E16: Weekday | F16: 0 | G16: 0 | H16: 0 | I16: 0 | J16: 0 | K16: 0 | L16: 0 | M16: 0.75 | N16: 0.9 | O16: 0.9 | P16: 0.9 | Q16: 0.9 | R16: 0.9 | S16: 0.9 | T16: 0.9 | U16: 0.9 | V16: 0.9 | W16: 0.75 | X16: 0.2 | Y16: 0.1 | Z16: 0 | AA16: 0 | AB16: 0 | AC16: 0
E17: Saturday | F17: 0 | G17: 0 | H17: 0 | I17: 0 | J17: 0 | K17: 0 | L17: 0 | M17: 0.3 | N17: 0.5 | O17: 0.5 | P17: 0.5 | Q17: 0.5 | R17: 0.5 | S17: 0.5 | T17: 0.5 | U17: 0.5 | V17: 0.5 | W17: 0.3 | X17: 0 | Y17: 0 | Z17: 0 | AA17: 0 | AB17: 0 | AC17: 0
E18: Sunday | F18: 0 | G18: 0 | H18: 0 | I18: 0 | J18: 0 | K18: 0 | L18: 0 | M18: 0 | N18: 0 | O18: 0 | P18: 0 | Q18: 0 | R18: 0 | S18: 0 | T18: 0 | U18: 0 | V18: 0 | W18: 0 | X18: 0 | Y18: 0 | Z18: 0 | AA18: 0 | AB18: 0 | AC18: 0
A19: Corridor, Lab, Lobby, Physical Therapy Room, Imaging Room, Medical Supply Room | B19: Health | C19: Refrigeration | D19: T24 2022 - Appendix 5.4B, [Health] | E19: Weekday | F19: 0.9 | G19: 0.9 | H19: 0.9 | I19: 0.9 | J19: 0.9 | K19: 0.9 | L19: 0.9 | M19: 0.9 | N19: 0.9 | O19: 0.9 | P19: 0.9 | Q19: 0.9 | R19: 0.9 | S19: 0.9 | T19: 0.9 | U19: 0.9 | V19: 0.9 | W19: 0.9 | X19: 0.9 | Y19: 0.9 | Z19: 0.9 | AA19: 0.9 | AB19: 0.9 | AC19: 0.9
E20: Saturday | F20: 0.9 | G20: 0.9 | H20: 0.9 | I20: 0.9 | J20: 0.9 | K20: 0.9 | L20: 0.9 | M20: 0.9 | N20: 0.9 | O20: 0.9 | P20: 0.9 | Q20: 0.9 | R20: 0.9 | S20: 0.9 | T20: 0.9 | U20: 0.9 | V20: 0.9 | W20: 0.9 | X20: 0.9 | Y20: 0.9 | Z20: 0.9 | AA20: 0.9 | AB20: 0.9 | AC20: 0.9
E21: Sunday | F21: 0.9 | G21: 0.9 | H21: 0.9 | I21: 0.9 | J21: 0.9 | K21: 0.9 | L21: 0.9 | M21: 0.9 | N21: 0.9 | O21: 0.9 | P21: 0.9 | Q21: 0.9 | R21: 0.9 | S21: 0.9 | T21: 0.9 | U21: 0.9 | V21: 0.9 | W21: 0.9 | X21: 0.9 | Y21: 0.9 | Z21: 0.9 | AA21: 0.9 | AB21: 0.9 | AC21: 0.9
A22: Corridor, Lab, Lobby, Physical Therapy Room, Imaging Room, Medical Supply Room | B22: Health | C22: Infiltration | D22: T24 2022 - Appendix 5.4B, [Health] | E22: Weekday | F22: =IF(F4=0,1,0.25) -> 1 | G22: =IF(G4=0,1,0.25) -> 1 | H22: =IF(H4=0,1,0.25) -> 1 | I22: =IF(I4=0,1,0.25) -> 1 | J22: =IF(J4=0,1,0.25) -> 1 | K22: =IF(K4=0,1,0.25) -> 1 | L22: =IF(L4=0,1,0.25) -> 1 | M22: =IF(M4=0,1,0.25) -> 0.25 | ... AC22: =IF(AC4=0,1,0.25) -> 1
E23: Saturday | F23: =IF(F5=0,1,0.25) -> 1 | G23: =IF(G5=0,1,0.25) -> 1 | H23: =IF(H5=0,1,0.25) -> 1 | I23: =IF(I5=0,1,0.25) -> 1 | J23: =IF(J5=0,1,0.25) -> 1 | K23: =IF(K5=0,1,0.25) -> 1 | L23: =IF(L5=0,1,0.25) -> 1 | M23: =IF(M5=0,1,0.25) -> 0.25 | ... AC23: =IF(AC5=0,1,0.25) -> 1
E24: Sunday | F24: =IF(F6=0,1,0.25) -> 1 | G24: =IF(G6=0,1,0.25) -> 1 | H24: =IF(H6=0,1,0.25) -> 1 | I24: =IF(I6=0,1,0.25) -> 1 | J24: =IF(J6=0,1,0.25) -> 1 | K24: =IF(K6=0,1,0.25) -> 1 | L24: =IF(L6=0,1,0.25) -> 1 | M24: =IF(M6=0,1,0.25) -> 1 | ... AC24: =IF(AC6=0,1,0.25) -> 1
A25: Corridor, Lab, Lobby, Physical Therapy Room, Imaging Room, Medical Supply Room | B25: Health | C25: HVACAvail | D25: T24 2022 - Appendix 5.4B, [Health] | E25: Weekday | F25: 0 | G25: 0 | H25: 0 | I25: 0 | J25: 0 | K25: 0 | L25: 1 | M25: 1 | N25: 1 | O25: 1 | P25: 1 | Q25: 1 | R25: 1 | S25: 1 | T25: 1 | U25: 1 | V25: 1 | W25: 1 | X25: 1 | Y25: 1 | Z25: 1 | AA25: 1 | AB25: 0 | AC25: 0
E26: Saturday | F26: 0 | G26: 0 | H26: 0 | I26: 0 | J26: 0 | K26: 0 | L26: 1 | M26: 1 | N26: 1 | O26: 1 | P26: 1 | Q26: 1 | R26: 1 | S26: 1 | T26: 1 | U26: 1 | V26: 1 | W26: 1 | X26: 1 | Y26: 0 | Z26: 0 | AA26: 0 | AB26: 0 | AC26: 0
E27: Sunday | F27: 0 | G27: 0 | H27: 0 | I27: 0 | J27: 0 | K27: 0 | L27: 0 | M27: 1 | N27: 1 | O27: 1 | P27: 1 | Q27: 1 | R27: 1 | S27: 1 | T27: 1 | U27: 1 | V27: 0 | W27: 0 | X27: 0 | Y27: 0 | Z27: 0 | AA27: 0 | AB27: 0 | AC27: 0
A28: Corridor, Lab, Lobby, Physical Therapy Room, Imaging Room, Medical Supply Room | B28: Health | C28: HtgSetpt | E28: Weekday | F28: =IF(F25=0,Thermostat!$B$4,Thermostat!$B$3) -> 70 | G28: =IF(G25=0,Thermostat!$B$4,Thermostat!$B$3) -> 70 | H28: =IF(H25=0,Thermostat!$B$4,Thermostat!$B$3) -> 70 | I28: =IF(I25=0,Thermostat!$B$4,Thermostat!$B$3) -> 70 | J28: =IF(J25=0,Thermostat!$B$4,Thermostat!$B$3) -> 70 | K28: =IF(K25=0,Thermostat!$B$4,Thermostat!$B$3) -> 70 | L28: =IF(L25=0,Thermostat!$B$4,Thermostat!$B$3) -> 70 | M28: =IF(M25=0,Thermostat!$B$4,Thermostat!$B$3) -> 70 | ... AC28: =IF(AC25=0,Thermostat!$B$4,Thermostat!$B$3) -> 70
E29: Saturday | F29: =IF(F26=0,Thermostat!$B$4,Thermostat!$B$3) -> 70 | G29: =IF(G26=0,Thermostat!$B$4,Thermostat!$B$3) -> 70 | H29: =IF(H26=0,Thermostat!$B$4,Thermostat!$B$3) -> 70 | I29: =IF(I26=0,Thermostat!$B$4,Thermostat!$B$3) -> 70 | J29: =IF(J26=0,Thermostat!$B$4,Thermostat!$B$3) -> 70 | K29: =IF(K26=0,Thermostat!$B$4,Thermostat!$B$3) -> 70 | L29: =IF(L26=0,Thermostat!$B$4,Thermostat!$B$3) -> 70 | M29: =IF(M26=0,Thermostat!$B$4,Thermostat!$B$3) -> 70 | ... AC29: =IF(AC26=0,Thermostat!$B$4,Thermostat!$B$3) -> 70
E30: Sunday | F30: =IF(F27=0,Thermostat!$B$4,Thermostat!$B$3) -> 70 | G30: =IF(G27=0,Thermostat!$B$4,Thermostat!$B$3) -> 70 | H30: =IF(H27=0,Thermostat!$B$4,Thermostat!$B$3) -> 70 | I30: =IF(I27=0,Thermostat!$B$4,Thermostat!$B$3) -> 70 | J30: =IF(J27=0,Thermostat!$B$4,Thermostat!$B$3) -> 70 | K30: =IF(K27=0,Thermostat!$B$4,Thermostat!$B$3) -> 70 | L30: =IF(L27=0,Thermostat!$B$4,Thermostat!$B$3) -> 70 | M30: =IF(M27=0,Thermostat!$B$4,Thermostat!$B$3) -> 70 | ... AC30: =IF(AC27=0,Thermostat!$B$4,Thermostat!$B$3) -> 70
A31: Corridor, Lab, Lobby, Physical Therapy Room, Imaging Room, Medical Supply Room | B31: Health | C31: ClgSetpt | E31: Weekday | F31: =IF(F25=1,Thermostat!$B$5,Thermostat!$B$6) -> 75 | G31: =IF(G25=1,Thermostat!$B$5,Thermostat!$B$6) -> 75 | H31: =IF(H25=1,Thermostat!$B$5,Thermostat!$B$6) -> 75 | I31: =IF(I25=1,Thermostat!$B$5,Thermostat!$B$6) -> 75 | J31: =IF(J25=1,Thermostat!$B$5,Thermostat!$B$6) -> 75 | K31: =IF(K25=1,Thermostat!$B$5,Thermostat!$B$6) -> 75 | L31: =IF(L25=1,Thermostat!$B$5,Thermostat!$B$6) -> 75 | M31: =IF(M25=1,Thermostat!$B$5,Thermostat!$B$6) -> 75 | ... AC31: =IF(AC25=1,Thermostat!$B$5,Thermostat!$B$6) -> 75
E32: Saturday | F32: =IF(F26=1,Thermostat!$B$5,Thermostat!$B$6) -> 75 | G32: =IF(G26=1,Thermostat!$B$5,Thermostat!$B$6) -> 75 | H32: =IF(H26=1,Thermostat!$B$5,Thermostat!$B$6) -> 75 | I32: =IF(I26=1,Thermostat!$B$5,Thermostat!$B$6) -> 75 | J32: =IF(J26=1,Thermostat!$B$5,Thermostat!$B$6) -> 75 | K32: =IF(K26=1,Thermostat!$B$5,Thermostat!$B$6) -> 75 | L32: =IF(L26=1,Thermostat!$B$5,Thermostat!$B$6) -> 75 | M32: =IF(M26=1,Thermostat!$B$5,Thermostat!$B$6) -> 75 | ... AC32: =IF(AC26=1,Thermostat!$B$5,Thermostat!$B$6) -> 75
E33: Sunday | F33: =IF(F27=1,Thermostat!$B$5,Thermostat!$B$6) -> 75 | G33: =IF(G27=1,Thermostat!$B$5,Thermostat!$B$6) -> 75 | H33: =IF(H27=1,Thermostat!$B$5,Thermostat!$B$6) -> 75 | I33: =IF(I27=1,Thermostat!$B$5,Thermostat!$B$6) -> 75 | J33: =IF(J27=1,Thermostat!$B$5,Thermostat!$B$6) -> 75 | K33: =IF(K27=1,Thermostat!$B$5,Thermostat!$B$6) -> 75 | L33: =IF(L27=1,Thermostat!$B$5,Thermostat!$B$6) -> 75 | M33: =IF(M27=1,Thermostat!$B$5,Thermostat!$B$6) -> 75 | ... AC33: =IF(AC27=1,Thermostat!$B$5,Thermostat!$B$6) -> 75
A34: Health24/7 | C34: Other
A35: Nurse's Station, Exam/Treatment Room, Recovery Room | B35: Health24/7 | C35: Occupancy | D35: PNNL 2022 Hospital prototype | E35: Weekday | F35: 0.4 | G35: 0.4 | H35: 0.4 | I35: 0.4 | J35: 0.4 | K35: 0.4 | L35: 0.4 | M35: 0.5 | N35: 0.6 | O35: 0.8 | P35: 0.8 | Q35: 0.8 | R35: 0.8 | S35: 0.8 | T35: 0.8 | U35: 0.8 | V35: 0.8 | W35: 0.6 | X35: 0.5 | Y35: 0.5 | Z35: 0.4 | AA35: 0.4 | AB35: 0.4 | AC35: 0.4
E36: Saturday | F36: 0.4 | G36: 0.4 | H36: 0.4 | I36: 0.4 | J36: 0.4 | K36: 0.4 | L36: 0.4 | M36: 0.5 | N36: 0.6 | O36: 0.6 | P36: 0.6 | Q36: 0.6 | R36: 0.6 | S36: 0.6 | T36: 0.6 | U36: 0.6 | V36: 0.6 | W36: 0.5 | X36: 0.5 | Y36: 0.4 | Z36: 0.4 | AA36: 0.4 | AB36: 0.4 | AC36: 0.4
E37: Sunday | F37: 0.4 | G37: 0.4 | H37: 0.4 | I37: 0.4 | J37: 0.4 | K37: 0.4 | L37: 0.4 | M37: 0.4 | N37: 0.6 | O37: 0.6 | P37: 0.6 | Q37: 0.6 | R37: 0.6 | S37: 0.6 | T37: 0.6 | U37: 0.6 | V37: 0.4 | W37: 0.4 | X37: 0.4 | Y37: 0.4 | Z37: 0.4 | AA37: 0.4 | AB37: 0.4 | AC37: 0.4
A38: Nurse's Station, Exam/Treatment Room, Recovery Room | B38: Health24/7 | C38: Lights | D38: PNNL 2022 Hospital prototype | E38: Weekday | F38: 0.45 | G38: 0.45 | H38: 0.45 | I38: 0.45 | J38: 0.45 | K38: 0.45 | L38: 0.45 | M38: 0.45 | N38: 0.81 | O38: 0.81 | P38: 0.81 | Q38: 0.81 | R38: 0.81 | S38: 0.81 | T38: 0.81 | U38: 0.81 | V38: 0.45 | W38: 0.45 | X38: 0.45 | Y38: 0.45 | Z38: 0.45 | AA38: 0.45 | AB38: 0.45 | AC38: 0.45
E39: Saturday | F39: 0.45 | G39: 0.45 | H39: 0.45 | I39: 0.45 | J39: 0.45 | K39: 0.45 | L39: 0.45 | M39: 0.45 | N39: 0.72 | O39: 0.72 | P39: 0.72 | Q39: 0.72 | R39: 0.72 | S39: 0.72 | T39: 0.72 | U39: 0.72 | V39: 0.72 | W39: 0.72 | X39: 0.45 | Y39: 0.45 | Z39: 0.45 | AA39: 0.45 | AB39: 0.45 | AC39: 0.45
E40: Sunday | F40: 0.45 | G40: 0.45 | H40: 0.45 | I40: 0.45 | J40: 0.45 | K40: 0.45 | L40: 0.45 | M40: 0.45 | N40: 0.63 | O40: 0.63 | P40: 0.63 | Q40: 0.63 | R40: 0.63 | S40: 0.63 | T40: 0.63 | U40: 0.63 | V40: 0.45 | W40: 0.45 | X40: 0.45 | Y40: 0.45 | Z40: 0.45 | AA40: 0.45 | AB40: 0.45 | AC40: 0.45
A41: Nurse's Station, Exam/Treatment Room, Recovery Room | B41: Health24/7 | C41: ElecEquipment | D41: PNNL 2022 Hospital prototype | E41: Weekday | F41: 0.4 | G41: 0.4 | H41: 0.4 | I41: 0.4 | J41: 0.4 | K41: 0.4 | L41: 0.4 | M41: 0.7 | N41: 0.9 | O41: 0.9 | P41: 0.9 | Q41: 0.9 | R41: 0.9 | S41: 0.9 | T41: 0.9 | U41: 0.9 | V41: 0.6 | W41: 0.6 | X41: 0.6 | Y41: 0.6 | Z41: 0.6 | AA41: 0.6 | AB41: 0.6 | AC41: 0.4
E42: Saturday | F42: 0.4 | G42: 0.4 | H42: 0.4 | I42: 0.4 | J42: 0.4 | K42: 0.4 | L42: 0.4 | M42: 0.8 | N42: 0.65 | O42: 0.65 | P42: 0.65 | Q42: 0.65 | R42: 0.65 | S42: 0.65 | T42: 0.65 | U42: 0.65 | V42: 0.65 | W42: 0.65 | X42: 0.4 | Y42: 0.4 | Z42: 0.4 | AA42: 0.4 | AB42: 0.4 | AC42: 0.4
E43: Sunday | F43: 0.4 | G43: 0.4 | H43: 0.4 | I43: 0.4 | J43: 0.4 | K43: 0.4 | L43: 0.4 | M43: 0.4 | N43: 0.6 | O43: 0.6 | P43: 0.6 | Q43: 0.6 | R43: 0.6 | S43: 0.6 | T43: 0.6 | U43: 0.6 | V43: 0.4 | W43: 0.4 | X43: 0.4 | Y43: 0.4 | Z43: 0.4 | AA43: 0.4 | AB43: 0.4 | AC43: 0.4
A44: Nurse's Station, Exam/Treatment Room, Recovery Room | B44: Health24/7 | C44: ServiceHotWater | D44: PNNL 2022 Hospital prototype | E44: Weekday | F44: 0.3 | G44: 0.3 | H44: 0.3 | I44: 0.3 | J44: 0.3 | K44: 0.3 | L44: 0.5 | M44: 0.58 | N44: 0.66 | O44: 0.78 | P44: 0.82 | Q44: 0.71 | R44: 0.82 | S44: 0.78 | T44: 0.74 | U44: 0.63 | V44: 0.41 | W44: 0.35 | X44: 0.35 | Y44: 0.35 | Z44: 0.3 | AA44: 0.3 | AB44: 0.3 | AC44: 0.3
E45: Saturday | F45: 0.3 | G45: 0.3 | H45: 0.3 | I45: 0.3 | J45: 0.3 | K45: 0.3 | L45: 0.3 | M45: 0.4 | N45: 0.5 | O45: 0.6 | P45: 0.6 | Q45: 0.6 | R45: 0.6 | S45: 0.6 | T45: 0.6 | U45: 0.6 | V45: 0.5 | W45: 0.3 | X45: 0.3 | Y45: 0.3 | Z45: 0.3 | AA45: 0.3 | AB45: 0.3 | AC45: 0.3
E46: Sunday | F46: 0.3 | G46: 0.3 | H46: 0.3 | I46: 0.3 | J46: 0.3 | K46: 0.3 | L46: 0.3 | M46: 0.4 | N46: 0.5 | O46: 0.6 | P46: 0.6 | Q46: 0.6 | R46: 0.6 | S46: 0.6 | T46: 0.6 | U46: 0.6 | V46: 0.5 | W46: 0.3 | X46: 0.3 | Y46: 0.3 | Z46: 0.3 | AA46: 0.3 | AB46: 0.3 | AC46: 0.3
A47: Nurse's Station, Exam/Treatment Room, Recovery Room | B47: Health24/7 | C47: GasEquipment | D47: CEC Hospital Update with changing 0 to 0.1 Or PNNL Gas Equip that is similar Elec? | E47: Weekday | F47: 0.1 | G47: 0.1 | H47: 0.1 | I47: 0.1 | J47: 0.1 | K47: 0.1 | L47: 0.1 | M47: 0.75 | N47: 0.9 | O47: 0.9 | P47: 0.9 | Q47: 0.9 | R47: 0.9 | S47: 0.9 | T47: 0.9 | U47: 0.9 | V47: 0.9 | W47: 0.75 | X47: 0.2 | Y47: 0.1 | Z47: 0.1 | AA47: 0.1 | AB47: 0.1 | AC47: 0.1 | AN47: 0.4 | AO47: 0.4 | AP47: 0.4 | AQ47: 0.4 | AR47: 0.4 | AS47: 0.4 | AT47: 0.4 | AU47: 0.7 | AV47: 0.9 | AW47: 0.9 | AX47: 0.9 | AY47: 0.9 | AZ47: 0.9 | BA47: 0.9 | BB47: 0.9 | BC47: 0.9 | BD47: 0.6 | BE47: 0.6 | BF47: 0.6 | BG47: 0.6 | BH47: 0.6 | BI47: 0.6 | BJ47: 0.6 | BK47: 0.4
E48: Saturday | F48: 0.1 | G48: 0.1 | H48: 0.1 | I48: 0.1 | J48: 0.1 | K48: 0.1 | L48: 0.1 | M48: 0.3 | N48: 0.5 | O48: 0.5 | P48: 0.5 | Q48: 0.5 | R48: 0.5 | S48: 0.5 | T48: 0.5 | U48: 0.5 | V48: 0.5 | W48: 0.3 | X48: 0.1 | Y48: 0.1 | Z48: 0.1 | AA48: 0.1 | AB48: 0.1 | AC48: 0.1 | AN48: 0.4 | AO48: 0.4 | AP48: 0.4 | AQ48: 0.4 | AR48: 0.4 | AS48: 0.4 | AT48: 0.4 | AU48: 0.8 | AV48: 0.65 | AW48: 0.65 | AX48: 0.65 | AY48: 0.65 | AZ48: 0.65 | BA48: 0.65 | BB48: 0.65 | BC48: 0.65 | BD48: 0.65 | BE48: 0.65 | BF48: 0.4 | BG48: 0.4 | BH48: 0.4 | BI48: 0.4 | BJ48: 0.4 | BK48: 0.4
E49: Sunday | F49: 0.1 | G49: 0.1 | H49: 0.1 | I49: 0.1 | J49: 0.1 | K49: 0.1 | L49: 0.1 | M49: 0.3 | N49: 0.5 | O49: 0.5 | P49: 0.5 | Q49: 0.5 | R49: 0.5 | S49: 0.5 | T49: 0.5 | U49: 0.5 | V49: 0.5 | W49: 0.3 | X49: 0.1 | Y49: 0.1 | Z49: 0.1 | AA49: 0.1 | AB49: 0.1 | AC49: 0.1 | AN49: 0.4 | AO49: 0.4 | AP49: 0.4 | AQ49: 0.4 | AR49: 0.4 | AS49: 0.4 | AT49: 0.4 | AU49: 0.4 | AV49: 0.6 | AW49: 0.6 | AX49: 0.6 | AY49: 0.6 | AZ49: 0.6 | BA49: 0.6 | BB49: 0.6 | BC49: 0.6 | BD49: 0.4 | BE49: 0.4 | BF49: 0.4 | BG49: 0.4 | BH49: 0.4 | BI49: 0.4 | BJ49: 0.4 | BK49: 0.4
A50: Nurse's Station, Exam/Treatment Room, Recovery Room | B50: Health24/7 | C50: Infiltration | D50: Based on occupancy | E50: Weekday | F50: 0.25 | G50: 0.25 | H50: 0.25 | I50: 0.25 | J50: 0.25 | K50: 0.25 | L50: 0.25 | M50: 0.25 | N50: 0.25 | O50: 0.25 | P50: 0.25 | Q50: 0.25 | R50: 0.25 | S50: 0.25 | T50: 0.25 | U50: 0.25 | V50: 0.25 | W50: 0.25 | X50: 0.25 | Y50: 0.25 | Z50: 0.25 | AA50: 0.25 | AB50: 0.25 | AC50: 0.25
E51: Saturday | F51: 0.25 | G51: 0.25 | H51: 0.25 | I51: 0.25 | J51: 0.25 | K51: 0.25 | L51: 0.25 | M51: 0.25 | N51: 0.25 | O51: 0.25 | P51: 0.25 | Q51: 0.25 | R51: 0.25 | S51: 0.25 | T51: 0.25 | U51: 0.25 | V51: 0.25 | W51: 0.25 | X51: 0.25 | Y51: 0.25 | Z51: 0.25 | AA51: 0.25 | AB51: 0.25 | AC51: 0.25
E52: Sunday | F52: 0.25 | G52: 0.25 | H52: 0.25 | I52: 0.25 | J52: 0.25 | K52: 0.25 | L52: 0.25 | M52: 0.25 | N52: 0.25 | O52: 0.25 | P52: 0.25 | Q52: 0.25 | R52: 0.25 | S52: 0.25 | T52: 0.25 | U52: 0.25 | V52: 0.25 | W52: 0.25 | X52: 0.25 | Y52: 0.25 | Z52: 0.25 | AA52: 0.25 | AB52: 0.25 | AC52: 0.25
A53: Nurse's Station, Exam/Treatment Room, Recovery Room | B53: Health24/7 | C53: HVACAvail | D53: PNNL 2022 Hospital prototype | E53: Weekday | F53: 1 | G53: 1 | H53: 1 | I53: 1 | J53: 1 | K53: 1 | L53: 1 | M53: 1 | N53: 1 | O53: 1 | P53: 1 | Q53: 1 | R53: 1 | S53: 1 | T53: 1 | U53: 1 | V53: 1 | W53: 1 | X53: 1 | Y53: 1 | Z53: 1 | AA53: 1 | AB53: 1 | AC53: 1
E54: Saturday | F54: 1 | G54: 1 | H54: 1 | I54: 1 | J54: 1 | K54: 1 | L54: 1 | M54: 1 | N54: 1 | O54: 1 | P54: 1 | Q54: 1 | R54: 1 | S54: 1 | T54: 1 | U54: 1 | V54: 1 | W54: 1 | X54: 1 | Y54: 1 | Z54: 1 | AA54: 1 | AB54: 1 | AC54: 1
E55: Sunday | F55: 1 | G55: 1 | H55: 1 | I55: 1 | J55: 1 | K55: 1 | L55: 1 | M55: 1 | N55: 1 | O55: 1 | P55: 1 | Q55: 1 | R55: 1 | S55: 1 | T55: 1 | U55: 1 | V55: 1 | W55: 1 | X55: 1 | Y55: 1 | Z55: 1 | AA55: 1 | AB55: 1 | AC55: 1
A56: Nurse's Station, Exam/Treatment Room, Recovery Room | B56: Health24/7 | C56: HtgSetpt | E56: Weekday | F56: =IF(F53=1,Thermostat!$B$3,Thermostat!$B$4) -> 70 | G56: =IF(G53=1,Thermostat!$B$3,Thermostat!$B$4) -> 70 | H56: =IF(H53=1,Thermostat!$B$3,Thermostat!$B$4) -> 70 | I56: =IF(I53=1,Thermostat!$B$3,Thermostat!$B$4) -> 70 | J56: =IF(J53=1,Thermostat!$B$3,Thermostat!$B$4) -> 70 | K56: =IF(K53=1,Thermostat!$B$3,Thermostat!$B$4) -> 70 | L56: =IF(L53=1,Thermostat!$B$3,Thermostat!$B$4) -> 70 | M56: =IF(M53=1,Thermostat!$B$3,Thermostat!$B$4) -> 70 | ... AC56: =IF(AC53=1,Thermostat!$B$3,Thermostat!$B$4) -> 70
E57: Saturday | F57: =IF(F54=1,Thermostat!$B$3,Thermostat!$B$4) -> 70 | G57: =IF(G54=1,Thermostat!$B$3,Thermostat!$B$4) -> 70 | H57: =IF(H54=1,Thermostat!$B$3,Thermostat!$B$4) -> 70 | I57: =IF(I54=1,Thermostat!$B$3,Thermostat!$B$4) -> 70 | J57: =IF(J54=1,Thermostat!$B$3,Thermostat!$B$4) -> 70 | K57: =IF(K54=1,Thermostat!$B$3,Thermostat!$B$4) -> 70 | L57: =IF(L54=1,Thermostat!$B$3,Thermostat!$B$4) -> 70 | M57: =IF(M54=1,Thermostat!$B$3,Thermostat!$B$4) -> 70 | ... AC57: =IF(AC54=1,Thermostat!$B$3,Thermostat!$B$4) -> 70
E58: Sunday | F58: =IF(F55=1,Thermostat!$B$3,Thermostat!$B$4) -> 70 | G58: =IF(G55=1,Thermostat!$B$3,Thermostat!$B$4) -> 70 | H58: =IF(H55=1,Thermostat!$B$3,Thermostat!$B$4) -> 70 | I58: =IF(I55=1,Thermostat!$B$3,Thermostat!$B$4) -> 70 | J58: =IF(J55=1,Thermostat!$B$3,Thermostat!$B$4) -> 70 | K58: =IF(K55=1,Thermostat!$B$3,Thermostat!$B$4) -> 70 | L58: =IF(L55=1,Thermostat!$B$3,Thermostat!$B$4) -> 70 | M58: =IF(M55=1,Thermostat!$B$3,Thermostat!$B$4) -> 70 | ... AC58: =IF(AC55=1,Thermostat!$B$3,Thermostat!$B$4) -> 70
A59: Nurse's Station, Exam/Treatment Room, Recovery Room | B59: Health24/7 | C59: ClgSetpt | E59: Weekday | F59: =IF(F53=1,Thermostat!$B$5,Thermostat!$B$6) -> 75 | G59: =IF(G53=1,Thermostat!$B$5,Thermostat!$B$6) -> 75 | H59: =IF(H53=1,Thermostat!$B$5,Thermostat!$B$6) -> 75 | I59: =IF(I53=1,Thermostat!$B$5,Thermostat!$B$6) -> 75 | J59: =IF(J53=1,Thermostat!$B$5,Thermostat!$B$6) -> 75 | K59: =IF(K53=1,Thermostat!$B$5,Thermostat!$B$6) -> 75 | L59: =IF(L53=1,Thermostat!$B$5,Thermostat!$B$6) -> 75 | M59: =IF(M53=1,Thermostat!$B$5,Thermostat!$B$6) -> 75 | ... AC59: =IF(AC53=1,Thermostat!$B$5,Thermostat!$B$6) -> 75
E60: Saturday | F60: =IF(F54=1,Thermostat!$B$5,Thermostat!$B$6) -> 75 | G60: =IF(G54=1,Thermostat!$B$5,Thermostat!$B$6) -> 75 | H60: =IF(H54=1,Thermostat!$B$5,Thermostat!$B$6) -> 75 | I60: =IF(I54=1,Thermostat!$B$5,Thermostat!$B$6) -> 75 | J60: =IF(J54=1,Thermostat!$B$5,Thermostat!$B$6) -> 75 | K60: =IF(K54=1,Thermostat!$B$5,Thermostat!$B$6) -> 75 | L60: =IF(L54=1,Thermostat!$B$5,Thermostat!$B$6) -> 75 | M60: =IF(M54=1,Thermostat!$B$5,Thermostat!$B$6) -> 75 | ... AC60: =IF(AC54=1,Thermostat!$B$5,Thermostat!$B$6) -> 75
E61: Sunday | F61: =IF(F55=1,Thermostat!$B$5,Thermostat!$B$6) -> 75 | G61: =IF(G55=1,Thermostat!$B$5,Thermostat!$B$6) -> 75 | H61: =IF(H55=1,Thermostat!$B$5,Thermostat!$B$6) -> 75 | I61: =IF(I55=1,Thermostat!$B$5,Thermostat!$B$6) -> 75 | J61: =IF(J55=1,Thermostat!$B$5,Thermostat!$B$6) -> 75 | K61: =IF(K55=1,Thermostat!$B$5,Thermostat!$B$6) -> 75 | L61: =IF(L55=1,Thermostat!$B$5,Thermostat!$B$6) -> 75 | M61: =IF(M55=1,Thermostat!$B$5,Thermostat!$B$6) -> 75 | ... AC61: =IF(AC55=1,Thermostat!$B$5,Thermostat!$B$6) -> 75
A62: Patient24/7
A63: Patient Room | B63: Patient24/7 | C63: Occupancy | D63: PNNL 2022 Hospital prototype | E63: Weekday | F63: 0.3 | G63: 0.3 | H63: 0.3 | I63: 0.3 | J63: 0.3 | K63: 0.3 | L63: 0.43 | M63: 0.48 | N63: 0.48 | O63: 0.48 | P63: 0.65 | Q63: 0.65 | R63: 0.65 | S63: 0.65 | T63: 0.65 | U63: 0.65 | V63: 0.78 | W63: 0.78 | X63: 0.78 | Y63: 0.78 | Z63: 0.53 | AA63: 0.4 | AB63: 0.33 | AC63: 0.33
E64: Saturday | F64: 0.3 | G64: 0.3 | H64: 0.3 | I64: 0.3 | J64: 0.3 | K64: 0.3 | L64: 0.43 | M64: 0.48 | N64: 0.48 | O64: 0.48 | P64: 0.65 | Q64: 0.65 | R64: 0.65 | S64: 0.65 | T64: 0.65 | U64: 0.65 | V64: 0.78 | W64: 0.78 | X64: 0.78 | Y64: 0.78 | Z64: 0.53 | AA64: 0.4 | AB64: 0.33 | AC64: 0.33
E65: Sunday | F65: 0.3 | G65: 0.3 | H65: 0.3 | I65: 0.3 | J65: 0.3 | K65: 0.3 | L65: 0.43 | M65: 0.48 | N65: 0.48 | O65: 0.48 | P65: 0.65 | Q65: 0.65 | R65: 0.65 | S65: 0.65 | T65: 0.65 | U65: 0.65 | V65: 0.78 | W65: 0.78 | X65: 0.78 | Y65: 0.78 | Z65: 0.53 | AA65: 0.4 | AB65: 0.33 | AC65: 0.33
A66: Patient Room | B66: Patient24/7 | C66: Lights | D66: PNNL 2022 Hospital prototype Modified by changing night load from 0.45 to 0.05 (almost off) | E66: Weekday | F66: 0.05 | G66: 0.05 | H66: 0.05 | I66: 0.05 | J66: 0.05 | K66: 0.05 | L66: 0.45 | M66: 0.45 | N66: 0.81 | O66: 0.81 | P66: 0.81 | Q66: 0.81 | R66: 0.81 | S66: 0.81 | T66: 0.81 | U66: 0.81 | V66: 0.45 | W66: 0.45 | X66: 0.45 | Y66: 0.45 | Z66: 0.45 | AA66: 0.3 | AB66: 0.05 | AC66: 0.05 | AM66: Weekday | AN66: 0.45 | AO66: 0.45 | AP66: 0.45 | AQ66: 0.45 | AR66: 0.45 | AS66: 0.45 | AT66: 0.45 | AU66: 0.45 | AV66: 0.81 | AW66: 0.81 | AX66: 0.81 | AY66: 0.81 | AZ66: 0.81 | BA66: 0.81 | BB66: 0.81 | BC66: 0.81 | BD66: 0.45 | BE66: 0.45 | BF66: 0.45 | BG66: 0.45 | BH66: 0.45 | BI66: 0.45 | BJ66: 0.45 | BK66: 0.45
E67: Saturday | F67: 0.05 | G67: 0.05 | H67: 0.05 | I67: 0.05 | J67: 0.05 | K67: 0.05 | L67: 0.45 | M67: 0.45 | N67: 0.72 | O67: 0.72 | P67: 0.72 | Q67: 0.72 | R67: 0.72 | S67: 0.72 | T67: 0.72 | U67: 0.72 | V67: 0.72 | W67: 0.72 | X67: 0.45 | Y67: 0.45 | Z67: 0.45 | AA67: 0.3 | AB67: 0.05 | AC67: 0.05 | AM67: Saturday | AN67: 0.45 | AO67: 0.45 | AP67: 0.45 | AQ67: 0.45 | AR67: 0.45 | AS67: 0.45 | AT67: 0.45 | AU67: 0.45 | AV67: 0.72 | AW67: 0.72 | AX67: 0.72 | AY67: 0.72 | AZ67: 0.72 | BA67: 0.72 | BB67: 0.72 | BC67: 0.72 | BD67: 0.72 | BE67: 0.72 | BF67: 0.45 | BG67: 0.45 | BH67: 0.45 | BI67: 0.45 | BJ67: 0.45 | BK67: 0.45
E68: Sunday | F68: 0.05 | G68: 0.05 | H68: 0.05 | I68: 0.05 | J68: 0.05 | K68: 0.05 | L68: 0.45 | M68: 0.45 | N68: 0.63 | O68: 0.63 | P68: 0.63 | Q68: 0.63 | R68: 0.63 | S68: 0.63 | T68: 0.63 | U68: 0.63 | V68: 0.45 | W68: 0.45 | X68: 0.45 | Y68: 0.45 | Z68: 0.45 | AA68: 0.3 | AB68: 0.05 | AC68: 0.05 | AM68: AllOtherDays (incl. Sunday & Holidays) | AN68: 0.45 | AO68: 0.45 | AP68: 0.45 | AQ68: 0.45 | AR68: 0.45 | AS68: 0.45 | AT68: 0.45 | AU68: 0.45 | AV68: 0.63 | AW68: 0.63 | AX68: 0.63 | AY68: 0.63 | AZ68: 0.63 | BA68: 0.63 | BB68: 0.63 | BC68: 0.63 | BD68: 0.45 | BE68: 0.45 | BF68: 0.45 | BG68: 0.45 | BH68: 0.45 | BI68: 0.45 | BJ68: 0.45 | BK68: 0.45
A69: Patient Room | B69: Patient24/7 | C69: ElecEquipment | D69: PNNL 2022 Hospital prototype | E69: Weekday | F69: 0.4 | G69: 0.4 | H69: 0.4 | I69: 0.4 | J69: 0.4 | K69: 0.4 | L69: 0.4 | M69: 0.7 | N69: 0.9 | O69: 0.9 | P69: 0.9 | Q69: 0.9 | R69: 0.9 | S69: 0.9 | T69: 0.9 | U69: 0.9 | V69: 0.6 | W69: 0.6 | X69: 0.6 | Y69: 0.6 | Z69: 0.6 | AA69: 0.6 | AB69: 0.6 | AC69: 0.4
E70: Saturday | F70: 0.4 | G70: 0.4 | H70: 0.4 | I70: 0.4 | J70: 0.4 | K70: 0.4 | L70: 0.4 | M70: 0.8 | N70: 0.65 | O70: 0.65 | P70: 0.65 | Q70: 0.65 | R70: 0.65 | S70: 0.65 | T70: 0.65 | U70: 0.65 | V70: 0.65 | W70: 0.65 | X70: 0.4 | Y70: 0.4 | Z70: 0.4 | AA70: 0.4 | AB70: 0.4 | AC70: 0.4
E71: Sunday | F71: 0.4 | G71: 0.4 | H71: 0.4 | I71: 0.4 | J71: 0.4 | K71: 0.4 | L71: 0.4 | M71: 0.4 | N71: 0.6 | O71: 0.6 | P71: 0.6 | Q71: 0.6 | R71: 0.6 | S71: 0.6 | T71: 0.6 | U71: 0.6 | V71: 0.4 | W71: 0.4 | X71: 0.4 | Y71: 0.4 | Z71: 0.4 | AA71: 0.4 | AB71: 0.4 | AC71: 0.4
A72: Patient Room | B72: Patient24/7 | C72: ServiceHotWater | D72: PNNL 2022 Hospital prototype | E72: Weekday | F72: 0.3 | G72: 0.3 | H72: 0.3 | I72: 0.3 | J72: 0.3 | K72: 0.3 | L72: 0.5 | M72: 0.58 | N72: 0.66 | O72: 0.78 | P72: 0.82 | Q72: 0.71 | R72: 0.82 | S72: 0.78 | T72: 0.74 | U72: 0.63 | V72: 0.41 | W72: 0.35 | X72: 0.35 | Y72: 0.35 | Z72: 0.3 | AA72: 0.3 | AB72: 0.3 | AC72: 0.3
E73: Saturday | F73: 0.3 | G73: 0.3 | H73: 0.3 | I73: 0.3 | J73: 0.3 | K73: 0.3 | L73: 0.3 | M73: 0.4 | N73: 0.5 | O73: 0.6 | P73: 0.6 | Q73: 0.6 | R73: 0.6 | S73: 0.6 | T73: 0.6 | U73: 0.6 | V73: 0.5 | W73: 0.3 | X73: 0.3 | Y73: 0.3 | Z73: 0.3 | AA73: 0.3 | AB73: 0.3 | AC73: 0.3
E74: Sunday | F74: 0.3 | G74: 0.3 | H74: 0.3 | I74: 0.3 | J74: 0.3 | K74: 0.3 | L74: 0.3 | M74: 0.4 | N74: 0.5 | O74: 0.6 | P74: 0.6 | Q74: 0.6 | R74: 0.6 | S74: 0.6 | T74: 0.6 | U74: 0.6 | V74: 0.5 | W74: 0.3 | X74: 0.3 | Y74: 0.3 | Z74: 0.3 | AA74: 0.3 | AB74: 0.3 | AC74: 0.3
A75: Patient Room | B75: Patient24/7 | C75: Infiltration | D75: Based on occupancy | E75: Weekday | F75: 0.25 | G75: 0.25 | H75: 0.25 | I75: 0.25 | J75: 0.25 | K75: 0.25 | L75: 0.25 | M75: 0.25 | N75: 0.25 | O75: 0.25 | P75: 0.25 | Q75: 0.25 | R75: 0.25 | S75: 0.25 | T75: 0.25 | U75: 0.25 | V75: 0.25 | W75: 0.25 | X75: 0.25 | Y75: 0.25 | Z75: 0.25 | AA75: 0.25 | AB75: 0.25 | AC75: 0.25
E76: Saturday | F76: 0.25 | G76: 0.25 | H76: 0.25 | I76: 0.25 | J76: 0.25 | K76: 0.25 | L76: 0.25 | M76: 0.25 | N76: 0.25 | O76: 0.25 | P76: 0.25 | Q76: 0.25 | R76: 0.25 | S76: 0.25 | T76: 0.25 | U76: 0.25 | V76: 0.25 | W76: 0.25 | X76: 0.25 | Y76: 0.25 | Z76: 0.25 | AA76: 0.25 | AB76: 0.25 | AC76: 0.25
E77: Sunday | F77: 0.25 | G77: 0.25 | H77: 0.25 | I77: 0.25 | J77: 0.25 | K77: 0.25 | L77: 0.25 | M77: 0.25 | N77: 0.25 | O77: 0.25 | P77: 0.25 | Q77: 0.25 | R77: 0.25 | S77: 0.25 | T77: 0.25 | U77: 0.25 | V77: 0.25 | W77: 0.25 | X77: 0.25 | Y77: 0.25 | Z77: 0.25 | AA77: 0.25 | AB77: 0.25 | AC77: 0.25
A78: Patient Room | B78: Patient24/7 | C78: HVACAvail | D78: PNNL 2022 Hospital prototype | E78: Weekday | F78: 1 | G78: 1 | H78: 1 | I78: 1 | J78: 1 | K78: 1 | L78: 1 | M78: 1 | N78: 1 | O78: 1 | P78: 1 | Q78: 1 | R78: 1 | S78: 1 | T78: 1 | U78: 1 | V78: 1 | W78: 1 | X78: 1 | Y78: 1 | Z78: 1 | AA78: 1 | AB78: 1 | AC78: 1
E79: Saturday | F79: 1 | G79: 1 | H79: 1 | I79: 1 | J79: 1 | K79: 1 | L79: 1 | M79: 1 | N79: 1 | O79: 1 | P79: 1 | Q79: 1 | R79: 1 | S79: 1 | T79: 1 | U79: 1 | V79: 1 | W79: 1 | X79: 1 | Y79: 1 | Z79: 1 | AA79: 1 | AB79: 1 | AC79: 1
E80: Sunday | F80: 1 | G80: 1 | H80: 1 | I80: 1 | J80: 1 | K80: 1 | L80: 1 | M80: 1 | N80: 1 | O80: 1 | P80: 1 | Q80: 1 | R80: 1 | S80: 1 | T80: 1 | U80: 1 | V80: 1 | W80: 1 | X80: 1 | Y80: 1 | Z80: 1 | AA80: 1 | AB80: 1 | AC80: 1
A81: Patient Room | B81: =B63 -> Patient24/7 | C81: HtgSetpt | E81: Weekday | F81: =IF(F78=1,Thermostat!$B$3,Thermostat!$B$4) -> 70 | G81: =IF(G78=1,Thermostat!$B$3,Thermostat!$B$4) -> 70 | H81: =IF(H78=1,Thermostat!$B$3,Thermostat!$B$4) -> 70 | I81: =IF(I78=1,Thermostat!$B$3,Thermostat!$B$4) -> 70 | J81: =IF(J78=1,Thermostat!$B$3,Thermostat!$B$4) -> 70 | K81: =IF(K78=1,Thermostat!$B$3,Thermostat!$B$4) -> 70 | L81: =IF(L78=1,Thermostat!$B$3,Thermostat!$B$4) -> 70 | M81: =IF(M78=1,Thermostat!$B$3,Thermostat!$B$4) -> 70 | ... AC81: =IF(AC78=1,Thermostat!$B$3,Thermostat!$B$4) -> 70
E82: Saturday | F82: =IF(F79=1,Thermostat!$B$3,Thermostat!$B$4) -> 70 | G82: =IF(G79=1,Thermostat!$B$3,Thermostat!$B$4) -> 70 | H82: =IF(H79=1,Thermostat!$B$3,Thermostat!$B$4) -> 70 | I82: =IF(I79=1,Thermostat!$B$3,Thermostat!$B$4) -> 70 | J82: =IF(J79=1,Thermostat!$B$3,Thermostat!$B$4) -> 70 | K82: =IF(K79=1,Thermostat!$B$3,Thermostat!$B$4) -> 70 | L82: =IF(L79=1,Thermostat!$B$3,Thermostat!$B$4) -> 70 | M82: =IF(M79=1,Thermostat!$B$3,Thermostat!$B$4) -> 70 | ... AC82: =IF(AC79=1,Thermostat!$B$3,Thermostat!$B$4) -> 70
E83: Sunday | F83: =IF(F80=1,Thermostat!$B$3,Thermostat!$B$4) -> 70 | G83: =IF(G80=1,Thermostat!$B$3,Thermostat!$B$4) -> 70 | H83: =IF(H80=1,Thermostat!$B$3,Thermostat!$B$4) -> 70 | I83: =IF(I80=1,Thermostat!$B$3,Thermostat!$B$4) -> 70 | J83: =IF(J80=1,Thermostat!$B$3,Thermostat!$B$4) -> 70 | K83: =IF(K80=1,Thermostat!$B$3,Thermostat!$B$4) -> 70 | L83: =IF(L80=1,Thermostat!$B$3,Thermostat!$B$4) -> 70 | M83: =IF(M80=1,Thermostat!$B$3,Thermostat!$B$4) -> 70 | ... AC83: =IF(AC80=1,Thermostat!$B$3,Thermostat!$B$4) -> 70
A84: Patient Room | B84: =B63 -> Patient24/7 | C84: ClgSetpt | E84: Weekday | F84: =IF(F78=1,Thermostat!$B$5,Thermostat!$B$6) -> 75 | G84: =IF(G78=1,Thermostat!$B$5,Thermostat!$B$6) -> 75 | H84: =IF(H78=1,Thermostat!$B$5,Thermostat!$B$6) -> 75 | I84: =IF(I78=1,Thermostat!$B$5,Thermostat!$B$6) -> 75 | J84: =IF(J78=1,Thermostat!$B$5,Thermostat!$B$6) -> 75 | K84: =IF(K78=1,Thermostat!$B$5,Thermostat!$B$6) -> 75 | L84: =IF(L78=1,Thermostat!$B$5,Thermostat!$B$6) -> 75 | M84: =IF(M78=1,Thermostat!$B$5,Thermostat!$B$6) -> 75 | ... AC84: =IF(AC78=1,Thermostat!$B$5,Thermostat!$B$6) -> 75
E85: Saturday | F85: =IF(F79=1,Thermostat!$B$5,Thermostat!$B$6) -> 75 | G85: =IF(G79=1,Thermostat!$B$5,Thermostat!$B$6) -> 75 | H85: =IF(H79=1,Thermostat!$B$5,Thermostat!$B$6) -> 75 | I85: =IF(I79=1,Thermostat!$B$5,Thermostat!$B$6) -> 75 | J85: =IF(J79=1,Thermostat!$B$5,Thermostat!$B$6) -> 75 | K85: =IF(K79=1,Thermostat!$B$5,Thermostat!$B$6) -> 75 | L85: =IF(L79=1,Thermostat!$B$5,Thermostat!$B$6) -> 75 | M85: =IF(M79=1,Thermostat!$B$5,Thermostat!$B$6) -> 75 | ... AC85: =IF(AC79=1,Thermostat!$B$5,Thermostat!$B$6) -> 75
E86: Sunday | F86: =IF(F80=1,Thermostat!$B$5,Thermostat!$B$6) -> 75 | G86: =IF(G80=1,Thermostat!$B$5,Thermostat!$B$6) -> 75 | H86: =IF(H80=1,Thermostat!$B$5,Thermostat!$B$6) -> 75 | I86: =IF(I80=1,Thermostat!$B$5,Thermostat!$B$6) -> 75 | J86: =IF(J80=1,Thermostat!$B$5,Thermostat!$B$6) -> 75 | K86: =IF(K80=1,Thermostat!$B$5,Thermostat!$B$6) -> 75 | L86: =IF(L80=1,Thermostat!$B$5,Thermostat!$B$6) -> 75 | M86: =IF(M80=1,Thermostat!$B$5,Thermostat!$B$6) -> 75 | ... AC86: =IF(AC80=1,Thermostat!$B$5,Thermostat!$B$6) -> 75
A87: Unoccupied | C87: Other
B88: Unoccupied | C88: Occupancy | E88: Weekday | F88: 0 | G88: 0 | H88: 0 | I88: 0 | J88: 0 | K88: 0 | L88: 0 | M88: 0 | N88: 0 | O88: 0 | P88: 0 | Q88: 0 | R88: 0 | S88: 0 | T88: 0 | U88: 0 | V88: 0 | W88: 0 | X88: 0 | Y88: 0 | Z88: 0 | AA88: 0 | AB88: 0 | AC88: 0
E89: Saturday | F89: 0 | G89: 0 | H89: 0 | I89: 0 | J89: 0 | K89: 0 | L89: 0 | M89: 0 | N89: 0 | O89: 0 | P89: 0 | Q89: 0 | R89: 0 | S89: 0 | T89: 0 | U89: 0 | V89: 0 | W89: 0 | X89: 0 | Y89: 0 | Z89: 0 | AA89: 0 | AB89: 0 | AC89: 0
E90: Sunday | F90: 0 | G90: 0 | H90: 0 | I90: 0 | J90: 0 | K90: 0 | L90: 0 | M90: 0 | N90: 0 | O90: 0 | P90: 0 | Q90: 0 | R90: 0 | S90: 0 | T90: 0 | U90: 0 | V90: 0 | W90: 0 | X90: 0 | Y90: 0 | Z90: 0 | AA90: 0 | AB90: 0 | AC90: 0
B91: =B88 -> Unoccupied | C91: Lights | E91: Weekday | F91: 0 | G91: 0 | H91: 0 | I91: 0 | J91: 0 | K91: 0 | L91: 0 | M91: 0 | N91: 0 | O91: 0 | P91: 0 | Q91: 0 | R91: 0 | S91: 0 | T91: 0 | U91: 0 | V91: 0 | W91: 0 | X91: 0 | Y91: 0 | Z91: 0 | AA91: 0 | AB91: 0 | AC91: 0 | AM91: Weekday | AN91: 0.45 | AO91: 0.45 | AP91: 0.45 | AQ91: 0.45 | AR91: 0.45 | AS91: 0.45 | AT91: 0.45 | AU91: 0.45 | AV91: 0.81 | AW91: 0.81 | AX91: 0.81 | AY91: 0.81 | AZ91: 0.81 | BA91: 0.81 | BB91: 0.81 | BC91: 0.81 | BD91: 0.45 | BE91: 0.45 | BF91: 0.45 | BG91: 0.45 | BH91: 0.45 | BI91: 0.45 | BJ91: 0.45 | BK91: 0.45
E92: Saturday | F92: 0 | G92: 0 | H92: 0 | I92: 0 | J92: 0 | K92: 0 | L92: 0 | M92: 0 | N92: 0 | O92: 0 | P92: 0 | Q92: 0 | R92: 0 | S92: 0 | T92: 0 | U92: 0 | V92: 0 | W92: 0 | X92: 0 | Y92: 0 | Z92: 0 | AA92: 0 | AB92: 0 | AC92: 0 | AM92: Saturday | AN92: 0.45 | AO92: 0.45 | AP92: 0.45 | AQ92: 0.45 | AR92: 0.45 | AS92: 0.45 | AT92: 0.45 | AU92: 0.45 | AV92: 0.72 | AW92: 0.72 | AX92: 0.72 | AY92: 0.72 | AZ92: 0.72 | BA92: 0.72 | BB92: 0.72 | BC92: 0.72 | BD92: 0.72 | BE92: 0.72 | BF92: 0.45 | BG92: 0.45 | BH92: 0.45 | BI92: 0.45 | BJ92: 0.45 | BK92: 0.45
E93: Sunday | F93: 0 | G93: 0 | H93: 0 | I93: 0 | J93: 0 | K93: 0 | L93: 0 | M93: 0 | N93: 0 | O93: 0 | P93: 0 | Q93: 0 | R93: 0 | S93: 0 | T93: 0 | U93: 0 | V93: 0 | W93: 0 | X93: 0 | Y93: 0 | Z93: 0 | AA93: 0 | AB93: 0 | AC93: 0 | AM93: AllOtherDays (incl. Sunday & Holidays) | AN93: 0.45 | AO93: 0.45 | AP93: 0.45 | AQ93: 0.45 | AR93: 0.45 | AS93: 0.45 | AT93: 0.45 | AU93: 0.45 | AV93: 0.63 | AW93: 0.63 | AX93: 0.63 | AY93: 0.63 | AZ93: 0.63 | BA93: 0.63 | BB93: 0.63 | BC93: 0.63 | BD93: 0.45 | BE93: 0.45 | BF93: 0.45 | BG93: 0.45 | BH93: 0.45 | BI93: 0.45 | BJ93: 0.45 | BK93: 0.45
B94: =B88 -> Unoccupied | C94: ElecEquipment | E94: Weekday | F94: 0.2 | G94: 0.2 | H94: 0.2 | I94: 0.2 | J94: 0.2 | K94: 0.2 | L94: 0.2 | M94: 0.2 | N94: 0.2 | O94: 0.2 | P94: 0.2 | Q94: 0.2 | R94: 0.2 | S94: 0.2 | T94: 0.2 | U94: 0.2 | V94: 0.2 | W94: 0.2 | X94: 0.2 | Y94: 0.2 | Z94: 0.2 | AA94: 0.2 | AB94: 0.2 | AC94: 0.2
E95: Saturday | F95: 0.2 | G95: 0.2 | H95: 0.2 | I95: 0.2 | J95: 0.2 | K95: 0.2 | L95: 0.2 | M95: 0.2 | N95: 0.2 | O95: 0.2 | P95: 0.2 | Q95: 0.2 | R95: 0.2 | S95: 0.2 | T95: 0.2 | U95: 0.2 | V95: 0.2 | W95: 0.2 | X95: 0.2 | Y95: 0.2 | Z95: 0.2 | AA95: 0.2 | AB95: 0.2 | AC95: 0.2
E96: Sunday | F96: 0.2 | G96: 0.2 | H96: 0.2 | I96: 0.2 | J96: 0.2 | K96: 0.2 | L96: 0.2 | M96: 0.2 | N96: 0.2 | O96: 0.2 | P96: 0.2 | Q96: 0.2 | R96: 0.2 | S96: 0.2 | T96: 0.2 | U96: 0.2 | V96: 0.2 | W96: 0.2 | X96: 0.2 | Y96: 0.2 | Z96: 0.2 | AA96: 0.2 | AB96: 0.2 | AC96: 0.2
B97: =B88 -> Unoccupied | C97: ServiceHotWater | E97: Weekday | F97: 0 | G97: 0 | H97: 0 | I97: 0 | J97: 0 | K97: 0 | L97: 0 | M97: 0 | N97: 0 | O97: 0 | P97: 0 | Q97: 0 | R97: 0 | S97: 0 | T97: 0 | U97: 0 | V97: 0 | W97: 0 | X97: 0 | Y97: 0 | Z97: 0 | AA97: 0 | AB97: 0 | AC97: 0
E98: Saturday | F98: 0 | G98: 0 | H98: 0 | I98: 0 | J98: 0 | K98: 0 | L98: 0 | M98: 0 | N98: 0 | O98: 0 | P98: 0 | Q98: 0 | R98: 0 | S98: 0 | T98: 0 | U98: 0 | V98: 0 | W98: 0 | X98: 0 | Y98: 0 | Z98: 0 | AA98: 0 | AB98: 0 | AC98: 0
E99: Sunday | F99: 0 | G99: 0 | H99: 0 | I99: 0 | J99: 0 | K99: 0 | L99: 0 | M99: 0 | N99: 0 | O99: 0 | P99: 0 | Q99: 0 | R99: 0 | S99: 0 | T99: 0 | U99: 0 | V99: 0 | W99: 0 | X99: 0 | Y99: 0 | Z99: 0 | AA99: 0 | AB99: 0 | AC99: 0
B100: =B91 -> Unoccupied | C100: Infiltration | D100: Based on occupancy | E100: Weekday | F100: 0.25 | G100: 0.25 | H100: 0.25 | I100: 0.25 | J100: 0.25 | K100: 0.25 | L100: 0.25 | M100: 0.25 | N100: 0.25 | O100: 0.25 | P100: 0.25 | Q100: 0.25 | R100: 0.25 | S100: 0.25 | T100: 0.25 | U100: 0.25 | V100: 0.25 | W100: 0.25 | X100: 0.25 | Y100: 0.25 | Z100: 0.25 | AA100: 0.25 | AB100: 0.25 | AC100: 0.25
...

Sheet Energy Usage
A1: CalBEM Energy Consumption - Hospital | N1: ="Energy Consumption - "&Prototype!A2 -> Energy Consumption - Hospital
A2: Prototype | B2: CZ | C2: CalBEM Electricity EUI (KBTU/ft²) | D2: CalBEM Gas EUI (KBTU/ft²) | E2: CalBEM Total EUI (KBTU/ft²) | F2: New Construction Electricity EUI (KBTU/ft²) | G2: New Construction Gas EUI (KBTU/ft²) | H2: New Construction Total EUI (KBTU/ft²) | I2: National Average | J2: Acceptable Range (25% Higher) | K2: Acceptable Range (25% Lower) | L2: National Average Acceptable EUI Range | N2: Prototype | O2: CZ | P2: Total Floorspace (Thousand of ft²) | Q2: CEUS 2023 Electricity EUI (kBtu/ft²) | R2: CEUS 2023 Gas EUI (kBtu/ft²) | S2: CEUS 2023 Total EUI (kBtu/ft²) | T2: Acceptable Range (25% Higher) | U2: Acceptable Range (25% Lower) | V2: CEUS 2022 Acceptable EUI Range
A3: Hospital | B3: 1 | I3: 200.3 | J3: =(I3*1.25) -> 250.375 | K3: =(I3*0.75) -> 150.225 | L3: =J3-K3 -> 100.15 | N3: Hospital | O3: 1 | P3: 7059 | Q3: 70.980212 | R3: 51.157709 | S3: =Q3+R3 -> 122.13792 | T3: =S3*1.25 -> 152.6724 | U3: =S3*0.75 -> 91.603441 | V3: =T3-U3 -> 61.068961
B4: 2 | I4: 201.2 | J4: =(I4*1.25) -> 251.5 | K4: =(I4*0.75) -> 150.9 | L4: =J4-K4 -> 100.6 | O4: 2 | P4: 14514 | Q4: 45.631221 | R4: 53.475471 | S4: =Q4+R4 -> 99.106692 | T4: =S4*1.25 -> 123.88337 | U4: =S4*0.75 -> 74.330019 | V4: =T4-U4 -> 49.553346
B5: 3 | I5: 198.6 | J5: =(I5*1.25) -> 248.25 | K5: =(I5*0.75) -> 148.95 | L5: =J5-K5 -> 99.3 | O5: 3 | P5: 56689 | Q5: 53.487683 | R5: 48.160548 | S5: =Q5+R5 -> 101.64823 | T5: =S5*1.25 -> 127.06029 | U5: =S5*0.75 -> 76.236173 | V5: =T5-U5 -> 50.824115
B6: 4 | I6: 206.8 | J6: =(I6*1.25) -> 258.5 | K6: =(I6*0.75) -> 155.1 | L6: =J6-K6 -> 103.4 | O6: 4 | P6: 29372 | Q6: 54.755926 | R6: 50.159319 | S6: =Q6+R6 -> 104.91525 | T6: =S6*1.25 -> 131.14406 | U6: =S6*0.75 -> 78.686434 | V6: =T6-U6 -> 52.457623
B7: 5 | I7: 198.3 | J7: =(I7*1.25) -> 247.875 | K7: =(I7*0.75) -> 148.725 | L7: =J7-K7 -> 99.15 | O7: 5 | P7: 5067 | Q7: 39.828203 | R7: 24.816476 | S7: =Q7+R7 -> 64.644678 | T7: =S7*1.25 -> 80.805848 | U7: =S7*0.75 -> 48.483509 | V7: =T7-U7 -> 32.322339
B8: 6 | I8: 203.5 | J8: =(I8*1.25) -> 254.375 | K8: =(I8*0.75) -> 152.625 | L8: =J8-K8 -> 101.75 | O8: 6 | P8: 32891 | Q8: 54.932125 | R8: 75.476366 | S8: =Q8+R8 -> 130.40849 | T8: =S8*1.25 -> 163.01061 | U8: =S8*0.75 -> 97.806368 | V8: =T8-U8 -> 65.204245
B9: 7 | I9: 205 | J9: =(I9*1.25) -> 256.25 | K9: =(I9*0.75) -> 153.75 | L9: =J9-K9 -> 102.5 | O9: 7 | P9: 31754 | Q9: 74.843716 | R9: 45.486109 | S9: =Q9+R9 -> 120.32983 | T9: =S9*1.25 -> 150.41228 | U9: =S9*0.75 -> 90.247369 | V9: =T9-U9 -> 60.164913
B10: 8 | I10: 210.8 | J10: =(I10*1.25) -> 263.5 | K10: =(I10*0.75) -> 158.1 | L10: =J10-K10 -> 105.4 | O10: 8 | P10: 50355 | Q10: 56.543942 | R10: 86.91147 | S10: =Q10+R10 -> 143.45541 | T10: =S10*1.25 -> 179.31926 | U10: =S10*0.75 -> 107.59156 | V10: =T10-U10 -> 71.727706
B11: 9 | I11: 209.8 | J11: =(I11*1.25) -> 262.25 | K11: =(I11*0.75) -> 157.35 | L11: =J11-K11 -> 104.9 | O11: 9 | P11: 72118 | Q11: 45.225686 | R11: 63.372652 | S11: =Q11+R11 -> 108.59834 | T11: =S11*1.25 -> 135.74792 | U11: =S11*0.75 -> 81.448754 | V11: =T11-U11 -> 54.299169
B12: 10 | I12: 213.4 | J12: =(I12*1.25) -> 266.75 | K12: =(I12*0.75) -> 160.05 | L12: =J12-K12 -> 106.7 | O12: 10 | P12: 55175 | Q12: 66.772264 | R12: 63.833987 | S12: =Q12+R12 -> 130.60625 | T12: =S12*1.25 -> 163.25781 | U12: =S12*0.75 -> 97.954688 | V12: =T12-U12 -> 65.303125
B13: 11 | I13: 215.5 | J13: =(I13*1.25) -> 269.375 | K13: =(I13*0.75) -> 161.625 | L13: =J13-K13 -> 107.75 | O13: 11 | P13: 20961 | Q13: 67.713582 | R13: 42.220508 | S13: =Q13+R13 -> 109.93409 | T13: =S13*1.25 -> 137.41761 | U13: =S13*0.75 -> 82.450567 | V13: =T13-U13 -> 54.967045
B14: 12 | I14: 209.5 | J14: =(I14*1.25) -> 261.875 | K14: =(I14*0.75) -> 157.125 | L14: =J14-K14 -> 104.75 | O14: 12 | P14: 93863 | Q14: 69.337543 | R14: 42.635038 | S14: =Q14+R14 -> 111.97258 | T14: =S14*1.25 -> 139.96573 | U14: =S14*0.75 -> 83.979436 | V14: =T14-U14 -> 55.986291
B15: 13 | I15: 218.3 | J15: =(I15*1.25) -> 272.875 | K15: =(I15*0.75) -> 163.725 | L15: =J15-K15 -> 109.15 | O15: 13 | P15: 30306 | Q15: 75.593439 | R15: 48.302176 | S15: =Q15+R15 -> 123.89561 | T15: =S15*1.25 -> 154.86952 | U15: =S15*0.75 -> 92.921711 | V15: =T15-U15 -> 61.947807
... B18: 16 | I18: 204.9 | J18: =(I18*1.25) -> 256.125 | K18: =(I18*0.75) -> 153.675 | L18: =J18-K18 -> 102.45 | O18: 16 | P18: 57915 | Q18: 72.268087 | R18: 64.383249 | S18: =Q18+R18 -> 136.65134 | T18: =S18*1.25 -> 170.81417 | U18: =S18*0.75 -> 102.4885 | V18: =T18-U18 -> 68.325668
N20: Ref: CEUS 2022 Report
N21: And converted FZ level data to CZ level
N25: Background Data [To be deleted prior to publication]

Sheet Weights
A1: ="% of Floor Area per CZ and Vintage Bin - "&Prototype!A2 -> % of Floor Area per CZ and Vintage Bin - Hospital | J1: ="% of Floor Area per CZ and Vintage Bin - "&Prototype!A2 -> % of Floor Area per CZ and Vintage Bin - Hospital
A2: Prototype | B2: CZ | C2: Vintage Bin | J2: Prototype | K2: Vintage Bin | L2: CZ
C3: Pre-1978 | D3: 1978-1997 | E3: 1998-2007 | F3: 2008-2018 | L3: 1 | M3: 2 | N3: 3 | O3: 4 | P3: 5 | Q3: 6 | R3: 7 | S3: 8 | T3: 9 | U3: 10 | V3: 11 | W3: 12 | X3: 13 | Y3: 14 | Z3: 15 | AA3: 16
A4: Hospital | B4: 1 | C4: 0.38 | D4: 0.17 | E4: 0.17 | F4: 0.28 | H4: =SUM(C4:G4) -> 1 | J4: Hospital | K4: Pre-1978 | L4: 0.010931 | M4: 0.027877 | N4: 0.06683 | O4: 0.035772 | P4: 0.002062 | Q4: 0.075862 | R4: 0.045013 | S4: 0.123308 | T4: 0.190395 | U4: 0.079546 | V4: 0.029489 | W4: 0.128286 | X4: 0.042898 | Y4: 0.024372 | Z4: 0.031707 | AA4: 0.085652 | AB4: =SUM(L4:AA4) -> 1
B5: 2 | C5: 0.47 | D5: 0.2 | E5: 0.15 | F5: 0.18 | H5: =SUM(C5:G5) -> 1 | K5: 1978-1997 | L5: 0.006844 | M5: 0.016387 | N5: 0.128437 | O5: 0.065969 | P5: 0.014904 | Q5: 0.047214 | R5: 0.078359 | S5: 0.064692 | T5: 0.081428 | U5: 0.12398 | V5: 0.02921 | W5: 0.145067 | X5: 0.027546 | Y5: 0.022203 | Z5: 0.06056 | AA5: 0.0872 | AB5: =SUM(L5:AA5) -> 1
B6: 3 | C6: 0.29 | D6: 0.39 | E6: 0.22 | F6: 0.1 | H6: =SUM(C6:G6) -> 1 | K6: 1998-2007 | L6: 0.013727 | M6: 0.024412 | N6: 0.135831 | O6: 0.067576 | P6: 0.018858 | Q6: 0.05632 | R6: 0.049456 | S6: 0.08881 | T6: 0.073916 | U6: 0.049063 | V6: 0.043546 | W6: 0.203267 | X6: 0.067627 | Y6: 0.019772 | Z6: 0.003795 | AA6: 0.084022 | AB6: =SUM(L6:AA6) -> 0.999998
B7: 4 | C7: 0.2988112 | D7: 0.3899818 | E7: 0.2067787 | F7: 0.1044283 | H7: =SUM(C7:G7) -> 1 | K7: 2008-2018 | L7: 0.022527 | M7: 0.030369 | N7: 0.066662 | O7: 0.035365 | P7: 0.00321 | Q7: 0.011715 | R7: 0.030666 | S7: 0.010187 | T7: 0.053238 | U7: 0.112042 | V7: 0.054612 | W7: 0.218105 | X7: 0.102797 | Y7: 0.0206 | Z7: 0.064191 | AA7: 0.163714 | AB7: =SUM(L7:AA7) -> 1
B8: 5 | C8: 0.0998381 | D8: 0.5107291 | E8: 0.3344896 | F8: 0.0549432 | H8: =SUM(C8:G8) -> 1
B9: 6 | C9: 0.5659277 | D9: 0.2492696 | E9: 0.1539088 | F9: 0.0308938 | H9: =SUM(C9:G9) -> 0.9999999 | K9: Total | L9: 0.01185 | M9: 0.024367 | N9: 0.095179 | O9: 0.049315 | P9: 0.008508 | Q9: 0.05522 | R9: 0.053316 | S9: 0.08454 | T9: 0.121077 | U9: 0.092632 | V9: 0.035187 | W9: 0.157573 | X9: 0.050876 | Y9: 0.022496 | Z9: 0.040637 | AA9: 0.097225 | AB9: =SUM(L9:AA9) -> 0.999998
B10: 7 | C10: 0.3477892 | D10: 0.4284732 | E10: 0.1399781 | F10: 0.0837595 | H10: =SUM(C10:G10) -> 1
B11: 8 | C11: 0.6008421 | D11: 0.2230871 | E11: 0.1585235 | F11: 0.0175474 | H11: =SUM(C11:G11) -> 1.0000001
B12: 9 | C12: 0.6477806 | D12: 0.1960656 | E12: 0.0921236 | F12: 0.0640302 | H12: =SUM(C12:G12) -> 1
B13: 10 | C13: 0.3537441 | D13: 0.3901939 | E13: 0.0799269 | F13: 0.1761351 | H13: =SUM(C13:G13) -> 1
B14: 11 | C14: 0.345227 | D14: 0.2420114 | E14: 0.1867498 | F14: 0.2260118 | H14: =SUM(C14:G14) -> 1
B15: 12 | C15: 0.3353759 | D15: 0.2683982 | E15: 0.1946625 | F15: 0.2015635 | H15: =SUM(C15:G15) -> 1.0000001
B16: 13 | C16: 0.3473366 | D16: 0.1578443 | E16: 0.2005868 | F16: 0.2942322 | H16: =SUM(C16:G16) -> 0.9999999
B17: 14 | C17: 0.4462901 | D17: 0.2877349 | E17: 0.1326258 | F17: 0.1333491 | H17: =SUM(C17:G17) -> 0.9999999
B18: 15 | C18: 0.3214182 | D18: 0.4344629 | E18: 0.0140941 | F18: 0.2300248 | H18: =SUM(C18:G18) -> 1
B19: 16 | C19: 0.362907 | D19: 0.2614746 | E19: 0.1304095 | F19: 0.2452089 | H19: =SUM(C19:G19) -> 1
B20: Statewide | C20: 0.4119405 | D20: 0.291535 | E20: 0.1509023 | F20: 0.1456222 | H20: =SUM(C20:G20) -> 1
A22: Ref: CEUS 2022 dataset: Healthcare group. CEUS has only one category for healthcare.
A23: And converted FZ level data to CZ level

Sheet PV
A1: ="PV - "&Prototype!A2 -> PV - Hospital
A2: TBD

Sheet EV Charger
A1: ="EV Charger - "&Prototype!A2 -> EV Charger - Hospital
A2: TBD
A11: Background Data [To be deleted prior to publication]

Sheet Data
A1: Space Function | B1: Electric Equipment Load Intensity | C1: Electric Equipment Load Intensity | D1: LPD
A2: Aging Eye/Low-vision (Corridor Area) | D2: 2013 | E2: 2016 | F2: 2019 | G2: 2025
A3: Aging Eye/Low-vision (Dining)
A4: Aging Eye/Low-vision (Lobby, Main Entry)
A5: Aging Eye/Low-vision (Lounge/Waiting Area)
A6: Aging Eye/Low-vision (Multipurpose Room)
A7: Aging Eye/Low-vision (Religious Worship Area)
A8: Aging Eye/Low-vision (Restroom)
A9: Aging Eye/Low-vision (Stairwell)
A10: Audience Seating Area
A11: Auditorium Area
A12: Auto Repair / Maintenance Area
A13: Barber, Beauty Salon, Spa Area
A14: Civic Meeting Place Area
... A83: Server Room (EPD 45)
