Workbook
Name nonparticipating_forecastzone_scale_factor: #REF!
Name nonparticipating_forecastzone_scale_factor: 'Energy Usage'!#REF!
Name Space_Function: Data!$A$2:$A$76

Sheet Notes
A1: Data Sources
A2: Dataset | B2: Dodge 2023
B3: Commercial End-Use Survey (CEUS) 2022 | C3: https://www.energy.ca.gov/publications/2023/2022-california-commercial-end-use-survey-ceus-final-report
B4: Commercial Buildings Energy Consumption Survey (CBECS) 2018 | C4: https://www.eia.gov/consumption/commercial/data/2018/index.php?view=microdata
B5: Comstock 2023 | C5: https://data.openei.org/s3_viewer?bucket=oedi-data-lake&prefix=nrel-pds-building-stock%2Fend-use-load-profiles-for-us-building-stock%2F2023%2Fcomstock_amy2018_release_2%2Fmetadata_and_annual_results%2Fby_state%2Fstate%3DCA%2F
A6: Prototype | B6: Pacific Northwest National Laboratory (PNNL) Large Hotel prototype (ASHRAE 90.1-2022) | C6: https://www.energycodes.gov/prototype-building-models#Commercial
B7: Database for Energy Efficient Resources (DEER) Hotel prototype (June 2024) | C7: https://github.com/sound-data/DEER-Prototypes-EnergyPlus
B8: California Energy Commission (CEC) Small Hotel prototype (CBECC 2022.3.1) | C8: https://bees.noresco.com/software2022.html
A10: Codes | B10: Title 24, part 6, referred to as T24 (1984, 1992,1998, 2001, 2005, 2008, 2013, 2016,2019, 2022, 2025) | C10: https://www.energy.ca.gov/publications/2025/2025-building-energy-efficiency-standards-residential-and-nonresidential | D10: 2025
C11: https://codes.iccsafe.org/codes/united-states/california | D11: 2010+
B12: American Society of Heating, Refrigerating and Air-Conditioning Engineers (ASHRAE) 90.1 (2022) | C12: https://www.ashrae.org/technical-resources/standards-and-guidelines/read-only-versions-of-ashrae-standards
B13: Code of Federal Regulations (CFR) Title 10 (2009) | C13: https://www.govinfo.gov/content/pkg/FR-2009-03-23/pdf/FR-2009-03-23.pdf
B14: CFR Title 10 ( 2013) | C14: https://www.govinfo.gov/content/pkg/CFR-2013-title10-vol3/pdf/CFR-2013-title10-vol3-part431.pdf
B15: CFR Title 10 ( 2024) | C15: https://www.govinfo.gov/content/pkg/CFR-2024-title10-vol3/pdf/CFR-2024-title10-vol3-part431-subpartF.pdf
A17: Others | B17: Alternative Calculation Method (ACM) (2022) | C17: https://www.energy.ca.gov/publications/2022/2022-nonresidential-and-multifamily-alternative-calculation-method-reference
B18: ACM (2025) | C18: https://www.energy.ca.gov/publications/2025/2025-nonresidential-and-multifamily-alternative-calculation-method-reference
B19: Nonres ACM 2022, Appendix 5.4A and Appendix 5.4B | C19: https://www.energy.ca.gov/publications/2022/2022-nonresidential-and-multifamily-alternative-calculation-method-reference
B20: 2022 Reduced infiltration Codes and Standards Enhancement (CASE) report | C20: https://title24stakeholders.com/wp-content/uploads/2020/10/2022-T24-Final-CASE-Report_Reduce-Infiltration.pdf
B21: Honeywell, INNCOM e7 Thermostat User Guide, 2017 | C21: https://prod-edam.honeywell.com/content/dam/honeywell-edam/hbt/en-us/documents/manuals-and-guides/installation-guides/inncom/hbt-bms-INNCOM-e7-USER-GUIDE.pdf?download=false
B22: 2019 Outdoor Lighting CASE Report | C22: https://title24stakeholders.com/wp-content/uploads/2016/10/T24-2019-CASE-Study-Results-Report-Outdoor-Sources_Final_with-Attachments.pdf
B23: 2025 State of the Industry Report | C23: https://www.ahla.com/sites/default/files/25_SOTI.pdf
B24: PNNL 20405, 2011 | C24: https://www.pnnl.gov/main/publications/external/technical_reports/PNNL-20405.pdf
B25: Air leakage Memo, NORESCO, 2025 | C25: Infiltration_rate_report_14May2025-Short-Version.docx
B26: Yousefi, F., Athalye, R., (2025), "Determining Vintage Bins for Prototype Development: An Analysis of California Commercial Buildings," ASHRAE Annual Conference | C26: https://www.thefreelibrary.com/Determining+Vintage+Bins+for+Prototype+Development%3a+An+Analysis+of...-a0879271125
B27: Proposed Updates to Equipment Power Densities and Building Schedules for the 2028 Energy Code, referred to as "Plug load and schedules project with CEC, 2025" (Docket Number =25-BSTD-03 & TN=265693) | C27: https://efiling.energy.ca.gov/GetDocument.aspx?tn=265693&DocumentContentId=102545
B28: ENERGY STAR certified commercial water heaters | C28: https://www.energystar.gov/productfinder/product/certified-commercial-water-heaters/results?fuel_filter=Gas&markets_filter=United+States
B29: Grainger gas tank water heaters (sizes below commercial, e.g. 30–75 kBtu/h) | C29: https://www.grainger.com/category/plumbing/water-heaters/gas-tank-water-heaters
B30: Grainger electric tank water heaters | C30: https://www.grainger.com/category/plumbing/water-heaters/electric-tank-water-heaters
A35: Construction Rate
A48: Notes
A49: HotelSmall | B49: The HotelSmall prototype was developed to represent California small hotels with floor areas below 60,000 ft², regardless of the number of stories. According to Dodge (2023), the average small hotel in California is described as a 3‑story building with a total floor area of about 26,000 ft². In comparison, the CEC and PNNL small hotel prototype is characterized as a 4‑story building with a total floor area of 43,200 ft² and a 10,800‑ft² footprint. Because the CEC and PNNL prototype is considered well established and has defined zoning, it is selected as the basis for the model and modified by removing one floor. With this modification, the geometry aligns more closely with findings from the California building stock assessment.
A50: Dodge 2023
A63: "NUMPRO=1" refers to Dodge records with only one building per record, while "All extended" includes all the records.
A64: Source:Dodge Construction Data, 2023 ( NEW Hotels above 60,000 sf built after 1967) (STC refers to building types in Dodge terminology).
A66: EIA, 2018 CBECS | B66: Approximately 42% of lodging buildings were between 1,001 ft² and 10,000 ft². On average, lodging buildings were among the largest commercial building types (33,700 ft² per building). More than one-half (56%) of lodging buildings were on a campus or complex. The majority of lodging buildings were not tall—only 2% of lodging buildings had 10 or more floors. Buildings that had one or two floors accounted for 71% of all lodging buildings.

Sheet Prototype
A1: NORESCO, Updated September 2026
A2: HotelSmall
A3: Characteristic | B3: Value | C3: Data Sources
A4: Building Type | B4: Small Hotel
A5: Building Category | B5: Nonresidential
A6: Version | B6: v2-0
A7: Vintages | B7: 4 Vintages: Pre-1978 , 1978-1997 ,1998-2007 , 2008-2018 New Construction (2019+) | C7: Based on the vintage bin analysis. A summary of the findings is presented in the following paper, with a link provided in the Notes tab: Yousefi, F., Athalye, R. (2025). “Determining Vintage Bins for Prototype Development: An Analysis of California Commercial Buildings.” ASHRAE Annual Conference.
A8: Shape | C8: Same as CEC and PNNL, except CalBEM is three stories whereas CEC and PNNL have four stories. Number of stories, are supported by Dodge 2023 data
A9: Total Floor Area (ft²) | B9: 32,400 (180 ft x 60 ft) | C9: Footprint same as CEC and PNNL, but total floor area was adjusted based on Dodge 2023 data
A10: Aspect Ratio | B10: 3 | C10: Assumption: same as CEC and PNNL
A11: Number of Floors | B11: 3 | C11: Based on Dodge 2023 data (Average number of stories)
A12: Number of Guestrooms | B12: 53 (accounting for about 58% of the total floor area)
A13: Roof type | B13: Flat Wood-Framed Roof for Guest rooms of Hotel/Motel | C13: Based on typical small hotel structure
A14: WWR | B14: South: 15.2%, East: 3.1%, North: 11.4%, West: 4.0% Average Total: 10.9% Size of the guest room windows: 3.7 ft × 4.7 ft
A15: Shading Geometry | B15: No Shades
A16: Floor to floor height (ft) | B16: Ground floor: 11 ft Upper floors: 9 ft | C16: Typical small hotel's height, also same as CEC and PNNL
A17: Floor to ceiling height (ft) | B17: Same as above | C17: Typical small hotel's height, also same as CEC and PNNL
A18: Glazing sill height (ft) | B18: 3 ft in ground floor, 2 ft. in upper floors | C18: Assumption: same as CEC and PNNL

Sheet Zones
A1: Proposed Layout - HotelSmall | Q1: N
A2: Building | B2: Space/Thermal Zone | C2: Space Type Primarily from [T24, 2022 Appendix 5.4A] - See Notes column | D2: HVAC Zone | E2: Schedule Category | F2: Conditioned [Y/N] | G2: Area Fraction | H2: Area (ft²) | I2: Volume [ft³] | J2: Multipliers | K2: People | L2: People (Persons/1,000 ft²) [T24, 2025,Table 120.1-A] | M2: Notes
A3: HotelSmall | B3: Corridor_FloorG | C3: Corridor Area | D3: BaseAirSys5 | E3: ResidentialCommon | F3: Yes | G3: =H3/$H$51 -> 0.054998656 | H3: 1782.21 | I3: 19605.24 | J3: 1 | K3: =(H3/1000)*L3 -> 8.91105 | L3: 5
A4: HotelSmall | B4: Corridor_FloorM | C4: Corridor Area | D4: BaseAirSys5-2 | E4: ResidentialCommon | F4: Yes | G4: =H4/$H$51 -> 0.046664965 | H4: 1512.16 | I4: 13610.11 | J4: 1 | K4: =(H4/1000)*L4 -> 7.5608 | L4: 5
A5: HotelSmall | B5: Corridor_FloorT | C5: Corridor Area | D5: BaseAirSys5-3 | E5: ResidentialCommon | F5: Yes | G5: =H5/$H$51 -> 0.046664965 | H5: 1512.16 | I5: 13610.11 | J5: 1 | K5: =(H5/1000)*L5 -> 7.5608 | L5: 5
A6: HotelSmall | B6: Lounge_FloorG | C6: Lounge, Breakroom, or Waiting Area | D6: BaseAirSys5 | E6: ResidentialCommon | F6: Yes | G6: =H6/$G$51 -> 0 | H6: 351.03 | I6: 3861.57 | J6: 1 | K6: =(H6/1000)*L6 -> 11.58399 | L6: 33
A7: HotelSmall | B7: Gym_FloorG | C7: Exercise/Fitness Center and Gymnasium Areas | D7: BaseAirSys5 | E7: Assembly | F7: Yes | G7: =H7/$H$51 -> 0.010832718 | H7: 351.03 | I7: 3861.57 | J7: 1 | K7: =(H7/1000)*L7 -> 3.5103 | L7: 10
A8: HotelSmall | B8: Front_Lounge_FloorG | C8: Lounge, Breakroom, or Waiting Area | D8: BaseAirSys5 | E8: ResidentialCommon | F8: Yes | G8: =H8/$H$51 -> 0.054168219 | H8: 1755.3 | I8: 19309.26 | J8: 1 | K8: =(H8/1000)*L8 -> 26.3295 | L8: 15 | M8: NonRes ACM 2005, Appendix 5.4A assigns 2.5 occupants to kitchenette spaces, but because this room serves as a combined break/kitchenette area—and break rooms assume 33 occupants—we applied a midpoint value. The lounge overlaps functionally with the break area, so its occupant count (33) was reduced to 15 to keep overall loads balanced.
A9: HotelSmall | B9: Front_Office_FloorG | C9: Office Area (>250 square feet) | D9: BaseAirSys5 | E9: Office | F9: Yes | G9: =H9/$H$51 -> 0.043331489 | H9: 1404.14 | I9: 15446.26 | J9: 1 | K9: =(H9/1000)*L9 -> 7.0207 | L9: 5
A10: HotelSmall | B10: Front_Stair_FloorG | C10: Stairwell | D10: BaseAirSys5 | E10: AncillaryResidentialCommon | F10: Yes | G10: =H10/$H$51 -> 0.0066663354 | H10: 216.02 | I10: 2376.35 | J10: 1 | K10: =(H10/1000)*L10 -> 0 | L10: 0 | P10: Ground floor (FloorG)
A11: HotelSmall | B11: Front_Stair_FloorM | C11: Stairwell | D11: BaseAirSys5-2 | E11: AncillaryResidentialCommon | F11: Yes | G11: =H11/$H$51 -> 0.0066663354 | H11: 216.02 | I11: 1944.29 | J11: 1 | K11: =(H11/1000)*L11 -> 0 | L11: 0
A12: HotelSmall | B12: Front_Stair_FloorT | C12: Stairwell | D12: BaseAirSys5-3 | E12: AncillaryResidentialCommon | F12: Yes | G12: =H12/$H$51 -> 0.0066663354 | H12: 216.02 | I12: 1944.29 | J12: 1 | K12: =(H12/1000)*L12 -> 0 | L12: 0
A13: HotelSmall | B13: Front_Storage_FloorG | C13: Storage (General) | D13: BaseAirSys5 | E13: Assembly | F13: Yes | G13: =H13/$H$51 -> 0.0041663825 | H13: 135.01 | I13: 1485.22 | J13: 1 | K13: =(H13/1000)*L13 -> 0.27002 | L13: 2
A14: HotelSmall | B14: Front_Storage_FloorM | C14: Storage (General) | D14: BaseAirSys5-2 | E14: Assembly | F14: Yes | G14: =H14/$H$51 -> 0.0041663825 | H14: 135.01 | I14: 1215.18 | J14: 1 | K14: =(H14/1000)*L14 -> 0.27002 | L14: 2
A15: HotelSmall | B15: Front_Storage_FloorT | C15: Storage (General) | D15: BaseAirSys5-3 | E15: Assembly | F15: Yes | G15: =H15/$H$51 -> 0.0041663825 | H15: 135.01 | I15: 1215.18 | J15: 1 | K15: =(H15/1000)*L15 -> 0.27002 | L15: 2
A16: HotelSmall | B16: GuestRoom_1_FloorG | C16: Hotel/Motel Guest Room | D16: BaseZnSys1 | E16: ResidentialLiving | F16: Yes | G16: =H16/$H$51 -> 0.010833644 | H16: 351.06 | I16: 3861.85 | J16: 1 | K16: =(H16/1000)*L16 -> 1.05318 | L16: 3
A17: HotelSmall | B17: GuestRoom_2_FloorG | C17: Hotel/Motel Guest Room | D17: BaseZnSys1-2 | E17: ResidentialLiving | F17: Yes | G17: =H17/$H$51 -> 0.010833644 | H17: 351.06 | I17: 3861.85 | J17: 1 | K17: =(H17/1000)*L17 -> 1.05318 | L17: 3
A18: HotelSmall | B18: GuestRoom_3_FloorG | C18: Hotel/Motel Guest Room | D18: BaseZnSys1-3 | E18: ResidentialLiving | F18: Yes | G18: =H18/$H$51 -> 0.010833644 | H18: 351.06 | I18: 3861.85 | J18: 1 | K18: =(H18/1000)*L18 -> 1.05318 | L18: 3
A19: HotelSmall | B19: GuestRoom_4_FloorG | C19: Hotel/Motel Guest Room | D19: BaseZnSys1-4 | E19: ResidentialLiving | F19: Yes | G19: =H19/$H$51 -> 0.010832718 | H19: 351.03 | I19: 3861.57 | J19: 1 | K19: =(H19/1000)*L19 -> 1.05309 | L19: 3
A20: HotelSmall | B20: GuestRoom_5_FloorG | C20: Hotel/Motel Guest Room | D20: BaseZnSys1-5 | E20: ResidentialLiving | F20: Yes | G20: =H20/$H$51 -> 0.010832718 | H20: 351.03 | I20: 3861.57 | J20: 1 | K20: =(H20/1000)*L20 -> 1.05309 | L20: 3
A21: HotelSmall | B21: GuestRoom_1_FloorM | C21: Hotel/Motel Guest Room | D21: BaseZnSys1-6 | E21: ResidentialLiving | F21: Yes | G21: =H21/$H$51 -> 0.010833644 | H21: 351.06 | I21: 3159.7 | J21: 1 | K21: =(H21/1000)*L21 -> 1.05318 | L21: 3
A22: HotelSmall | B22: GuestRoom_2_5_FloorM | C22: Hotel/Motel Guest Room | D22: BaseZnSys1-7 | E22: ResidentialLiving | F22: Yes | G22: =H22/$H$51 -> 0.043334575 | H22: 1404.24 | I22: 12638.78 | J22: 1 | K22: =(H22/1000)*L22 -> 4.21272 | L22: 3
... A24: HotelSmall | B24: GuestRoom_9_12_FloorM | C24: Hotel/Motel Guest Room | D24: BaseZnSys1-9 | E24: ResidentialLiving | F24: Yes | G24: =H24/$H$51 -> 0.043334575 | H24: 1404.24 | I24: 12638.78 | J24: 1 | K24: =(H24/1000)*L24 -> 4.21272 | L24: 3
A25: HotelSmall | B25: GuestRoom_13_FloorM | C25: Hotel/Motel Guest Room | D25: BaseZnSys1-10 | E25: ResidentialLiving | F25: Yes | G25: =H25/$H$51 -> 0.010833644 | H25: 351.06 | I25: 3159.7 | J25: 1 | K25: =(H25/1000)*L25 -> 1.05318 | L25: 3 | P25: Middle floor and top floor (FloorM, FloorT)
A26: HotelSmall | B26: GuestRoom_14_FloorM | C26: Hotel/Motel Guest Room | D26: BaseZnSys1-11 | E26: ResidentialLiving | F26: Yes | G26: =H26/$H$51 -> 0.010832718 | H26: 351.03 | I26: 3159.46 | J26: 1 | K26: =(H26/1000)*L26 -> 1.05309 | L26: 3
A27: HotelSmall | B27: GuestRoom_15_18_FloorM | C27: Hotel/Motel Guest Room | D27: BaseZnSys1-12 | E27: ResidentialLiving | F27: Yes | G27: =H27/$H$51 -> 0.043331489 | H27: 1404.14 | I27: 12637.85 | J27: 1 | K27: =(H27/1000)*L27 -> 4.21242 | L27: 3
A28: HotelSmall | B28: GuestRoom_19_FloorM | C28: Hotel/Motel Guest Room | D28: BaseZnSys1-13 | E28: ResidentialLiving | F28: Yes | G28: =H28/$H$51 -> 0.010833027 | H28: 351.04 | I28: 3159.51 | J28: 1 | K28: =(H28/1000)*L28 -> 1.05312 | L28: 3 | O28: Space | P28: Floor area (ft2) | Q28: Fraction
A29: HotelSmall | B29: GuestRoom_20_23_FloorM | C29: Hotel/Motel Guest Room | D29: BaseZnSys1-14 | E29: ResidentialLiving | F29: Yes | G29: =H29/$H$51 -> 0.043331489 | H29: 1404.14 | I29: 12637.85 | J29: 1 | K29: =(H29/1000)*L29 -> 4.21242 | L29: 3 | O29: Guest Room | P29: =SUMIFS($H$3:$H$50, $C$3:$C$50, "*Guest Room*") -> 18767.6 | Q29: =P29/$H$51 -> 0.57916451
A30: HotelSmall | B30: GuestRoom_24_FloorM | C30: Hotel/Motel Guest Room | D30: BaseZnSys1-15 | E30: ResidentialLiving | F30: Yes | G30: =H30/$H$51 -> 0.010832718 | H30: 351.03 | I30: 3159.46 | J30: 1 | K30: =(H30/1000)*L30 -> 1.05309 | L30: 3 | O30: Lounge | P30: =SUMIFS($H$3:$H$50, $C$3:$C$50, "*Lounge*") -> 2106.33 | Q30: =P30/$H$51 -> 0.065000937
A31: HotelSmall | B31: GuestRoom_1_FloorT | C31: Hotel/Motel Guest Room | D31: BaseZnSys1-16 | E31: ResidentialLiving | F31: Yes | G31: =H31/$H$51 -> 0.010833644 | H31: 351.06 | I31: 3159.7 | J31: 1 | K31: =(H31/1000)*L31 -> 1.05318 | L31: 3 | O31: Corridor | P31: =SUMIFS($H$3:$H$50, $C$3:$C$50, "*Corridor*") -> 4806.53 | Q31: =P31/$H$51 -> 0.14832859
A32: HotelSmall | B32: GuestRoom_2_5_FloorT | C32: Hotel/Motel Guest Room | D32: BaseZnSys1-17 | E32: ResidentialLiving | F32: Yes | G32: =H32/$H$51 -> 0.043334575 | H32: 1404.24 | I32: 12638.78 | J32: 1 | K32: =(H32/1000)*L32 -> 4.21272 | L32: 3 | O32: Office | P32: =SUMIFS($H$3:$H$50, $C$3:$C$50, "*Office*") -> 1404.14 | Q32: =P32/$H$51 -> 0.043331489
A33: HotelSmall | B33: GuestRoom_6_8_FloorT | C33: Hotel/Motel Guest Room | D33: BaseZnSys1-18 | E33: ResidentialLiving | F33: Yes | G33: =H33/$H$51 -> 0.035001193 | H33: 1134.2 | I33: 10208.3 | J33: 1 | K33: =(H33/1000)*L33 -> 3.4026 | L33: 3 | O33: Exercise/Gym | P33: =SUMIFS($H$3:$H$50, $C$3:$C$50, "*Exercise*") -> 351.03 | Q33: =P33/$H$51 -> 0.010832718
A34: HotelSmall | B34: GuestRoom_9_12_FloorT | C34: Hotel/Motel Guest Room | D34: BaseZnSys1-19 | E34: ResidentialLiving | F34: Yes | G34: =H34/$H$51 -> 0.043334575 | H34: 1404.24 | I34: 12638.78 | J34: 1 | K34: =(H34/1000)*L34 -> 4.21272 | L34: 3 | O34: Conference | P34: =SUMIFS($H$3:$H$50, $C$3:$C$50, "*Conference*") -> 864.15 | Q34: =P34/$H$51 -> 0.026667502
A35: HotelSmall | B35: GuestRoom_13_FloorT | C35: Hotel/Motel Guest Room | D35: BaseZnSys1-20 | E35: ResidentialLiving | F35: Yes | G35: =H35/$H$51 -> 0.010833644 | H35: 351.06 | I35: 3159.7 | J35: 1 | K35: =(H35/1000)*L35 -> 1.05318 | L35: 3 | O35: Mechanical | P35: =SUMIFS($H$3:$H$50, $C$3:$C$50, "*Mechanical*") -> 351.06 | Q35: =P35/$H$51 -> 0.010833644
A36: HotelSmall | B36: GuestRoom_14_FloorT | C36: Hotel/Motel Guest Room | D36: BaseZnSys1-21 | E36: ResidentialLiving | F36: Yes | G36: =H36/$H$51 -> 0.010832718 | H36: 351.03 | I36: 3159.46 | J36: 1 | K36: =(H36/1000)*L36 -> 1.05309 | L36: 3 | O36: Laundry | P36: =SUMIFS($H$3:$H$50, $C$3:$C$50, "*Laundry*") -> 1053.11 | Q36: =P36/$H$51 -> 0.032498771
A37: HotelSmall | B37: GuestRoom_15_18_FloorT | C37: Hotel/Motel Guest Room | D37: BaseZnSys1-22 | E37: ResidentialLiving | F37: Yes | G37: =H37/$H$51 -> 0.043331489 | H37: 1404.14 | I37: 12637.85 | J37: 1 | K37: =(H37/1000)*L37 -> 4.21242 | L37: 3 | O37: Storage | P37: =SUMIFS($H$3:$H$50, $C$3:$C$50, "*Storage*") -> 1053.3 | Q37: =P37/$H$51 -> 0.032504634
A38: HotelSmall | B38: GuestRoom_19_FloorT | C38: Hotel/Motel Guest Room | D38: BaseZnSys1-23 | E38: ResidentialLiving | F38: Yes | G38: =H38/$H$51 -> 0.010833027 | H38: 351.04 | I38: 3159.51 | J38: 1 | K38: =(H38/1000)*L38 -> 1.05312 | L38: 3 | O38: Restroom | P38: =SUMIFS($H$3:$H$50, $C$3:$C$50, "*Restroom*") -> 351.06 | Q38: =P38/$H$51 -> 0.010833644
A39: HotelSmall | B39: GuestRoom_20_23_FloorT | C39: Hotel/Motel Guest Room | D39: BaseZnSys1-24 | E39: ResidentialLiving | F39: Yes | G39: =H39/$H$51 -> 0.043331489 | H39: 1404.14 | I39: 12637.85 | J39: 1 | K39: =(H39/1000)*L39 -> 4.21242 | L39: 3 | O39: Stairs | P39: =SUMIFS($H$3:$H$50, $C$3:$C$50, "*Stair*") -> 1296.3 | Q39: =P39/$H$51 -> 0.040003567
A40: HotelSmall | B40: GuestRoom_24_FloorT | C40: Hotel/Motel Guest Room | D40: BaseZnSys1-25 | E40: ResidentialLiving | F40: Yes | G40: =H40/$H$51 -> 0.010832718 | H40: 351.03 | I40: 3159.46 | J40: 1 | K40: =(H40/1000)*L40 -> 1.05309 | L40: 3
A41: HotelSmall | B41: Laundry_FloorG | C41: Laundry Area | D41: BaseAirSys5 | E41: Assembly | F41: Yes | G41: =H41/$H$51 -> 0.032498771 | H41: 1053.11 | I41: 11584.76 | J41: 1 | K41: =(H41/1000)*L41 -> 5.26555 | L41: 5
A42: HotelSmall | B42: Mech_FloorG | C42: Electrical, Mechanical, Telephone Rooms | D42: BaseAirSys5 | E42: AncillaryAssembly | F42: Yes | G42: =H42/$H$51 -> 0.010833644 | H42: 351.06 | I42: 3861.85 | J42: 1 | K42: =(H42/1000)*L42 -> 0 | L42: 0
A43: HotelSmall | B43: Conference_FloorG | C43: Convention, Conference, Multipurpose and Meeting Area | D43: BaseAirSys5 | E43: Assembly | F43: Yes | G43: =H43/$H$51 -> 0.026667502 | H43: 864.15 | I43: 9506.15 | J43: 1 | K43: =(H43/1000)*L43 -> 28.51695 | L43: 33
A44: HotelSmall | B44: Rear_Stair_FloorG | C44: Stairwell | D44: BaseAirSys5 | E44: AncillaryResidentialCommon | F44: Yes | G44: =H44/$H$51 -> 0.006668187 | H44: 216.08 | I44: 2376.94 | J44: 1 | K44: =(H44/1000)*L44 -> 1.0804 | L44: 5
A45: HotelSmall | B45: Rear_Stair_FloorT | C45: Stairwell | D45: BaseAirSys5-2 | E45: AncillaryResidentialCommon | F45: Yes | G45: =H45/$H$51 -> 0.006668187 | H45: 216.08 | I45: 1944.77 | J45: 1 | K45: =(H45/1000)*L45 -> 1.0804 | L45: 5
A46: HotelSmall | B46: Rear_Stair_FloorM | C46: Stairwell | D46: BaseAirSys5-3 | E46: AncillaryResidentialCommon | F46: Yes | G46: =H46/$H$51 -> 0.006668187 | H46: 216.08 | I46: 1944.77 | J46: 1 | K46: =(H46/1000)*L46 -> 1.0804 | L46: 5
A47: HotelSmall | B47: Rear_Storage_FloorG | C47: Storage (General) | D47: BaseAirSys5 | E47: Assembly | F47: Yes | G47: =H47/$H$51 -> 0.0066684956 | H47: 216.09 | I47: 2377.12 | J47: 1 | K47: =(H47/1000)*L47 -> 0.43218 | L47: 2
A48: HotelSmall | B48: Rear_Storage_FloorM | C48: Storage (General) | D48: BaseAirSys5-2 | E48: Assembly | F48: Yes | G48: =H48/$H$51 -> 0.0066684956 | H48: 216.09 | I48: 1944.91 | J48: 1 | K48: =(H48/1000)*L48 -> 0.43218 | L48: 2
A49: HotelSmall | B49: Rear_Storage_FloorT | C49: Storage (General) | D49: BaseAirSys5-3 | E49: Assembly | F49: Yes | G49: =H49/$H$51 -> 0.0066684956 | H49: 216.09 | I49: 1944.91 | J49: 1 | K49: =(H49/1000)*L49 -> 0.43218 | L49: 2
A50: HotelSmall | B50: Restroom_FloorG | C50: Restrooms | E50: ResidentialCommon | F50: Yes | G50: =H50/$H$51 -> 0.010833644 | H50: 351.06 | I50: 3861.85 | J50: 1 | K50: =(H50/1000)*L50 -> 1.7553 | L50: 5 | M50: Indirectly conditioned
A51: Total (1 Building) | B51: Total (48 spaces/Thermal zones) | C51: Total (11 Space types) | D51: Total (28 HVAC Zones) | E51: Total (4 Schedule Categories) | F51: Total (48 Conditioned zones) | G51: =SUM(G3:G50) -> 1 | H51: =SUM(H3:H50) -> 32404.61 | K51: =SUM(K3:K50) -> 169.66554 | L51: 0
B53: Ref: Geometry and zones: PNNL 2022 small hotel prototype
A55: Occupancy Rate
A56: % of occupied guest rooms | B56: Source
A57: 0.65 | B57: California Lodging Forecast (April 2025)
B58: 2025 State of the industry report
B61: Number of Guest room- adjusted for aggregated room representation | C61: =5+24+24 -> 53
B62: Guest room (ft²) | C62: =SUM(H16:H40) -> 18767.6
B63: Average size of guest rooms - adjusted for aggregated room representation (ft) | C63: =C62/C61 -> 354.10566
B64: Guest room % | C64: =C62/H51 -> 0.57916451

Sheet Envelope
A1: Envelope - HotelSmall
A2: Element | B2: Prototype | C2: Assembly Type | D2: Construction | E2: Thermal Properties | F2: Vintage | G2: Selected T24 | H2: Notes | I2: CZ1 | J2: CZ2 | K2: CZ3 | L2: CZ4 | M2: CZ5 | N2: CZ6 | O2: CZ7 | P2: CZ8 | Q2: CZ9 | R2: CZ10 | S2: CZ11 | T2: CZ12 | U2: CZ13 | V2: CZ14 | W2: CZ15 | X2: CZ16
A3: External Wall_Guest Room | B3: HotelSmall | C3: ExtWall_MetalFramed_GuestRooms | D3: Metal framed wall: Stucco + Metal-frame (2x4 16 in. OC) + insulation + Gypsum board | E3: U-factor IP | F3: Pre 1978 | G3: N/A | H3: ASHRAE 90.1, 2022, Table A3.3.3.1, 3.5", R-0 | I3: 0.352 | J3: 0.352 | K3: 0.352 | L3: 0.352 | M3: 0.352 | N3: 0.352 | O3: 0.352 | P3: 0.352 | Q3: 0.352 | R3: 0.352 | S3: 0.352 | T3: 0.352 | U3: 0.352 | V3: 0.352 | W3: 0.352 | X3: 0.352
F4: 1978-1997 | G4: 1986 | H4: Copied from High-rise office alternative requirements (Table 2-53W): Package A with heat capacity between 10-14.99 (Btu/F-ft²) *T24, 1986, Table 2-53BB presents U-factors less than the next vintage (for wall density of 26-40 lb/ft² & Degree day<3500)! | I4: =1/4.7 -> 0.21276596 | J4: =1/4.4 -> 0.22727273 | K4: =1/4.4 -> 0.22727273 | L4: =1/4.6 -> 0.2173913 | M4: =1/3.9 -> 0.25641026 | N4: =1/3.9 -> 0.25641026 | O4: =1/3.9 -> 0.25641026 | P4: =1/3.9 -> 0.25641026 | Q4: =1/3.9 -> 0.25641026 | R4: =1/3.9 -> 0.25641026 | S4: =1/4.2 -> 0.23809524 | T4: =1/4.2 -> 0.23809524 | U4: =1/4.2 -> 0.23809524 | V4: =1/4.8 -> 0.20833333 | W4: =1/4.8 -> 0.20833333 | X4: =1/4.7 -> 0.21276596
F5: 1998-2007 | G5: 2001 | H5: Table 1-I-Guest rooms of Hotel/Motel | I5: 0.14 | J5: 0.175 | K5: 0.181 | L5: 0.181 | M5: 0.181 | N5: 0.181 | O5: 0.181 | P5: 0.181 | Q5: 0.181 | R5: 0.175 | S5: 0.175 | T5: 0.175 | U5: 0.175 | V5: 0.175 | W5: 0.175 | X5: 0.14
F6: 2008-2018 | G6: 2013 | H6: Table 140.3-C-Guest rooms of Hotel/Motel | I6: 0.105 | J6: 0.105 | K6: 0.105 | L6: 0.105 | M6: 0.105 | N6: 0.105 | O6: 0.105 | P6: 0.105 | Q6: 0.105 | R6: 0.105 | S6: 0.105 | T6: 0.105 | U6: 0.105 | V6: 0.105 | W6: 0.105 | X6: 0.105
F7: 2019+ | G7: 2025 | H7: Table 140.3-C-Guest rooms of Hotel/Motel | I7: 0.069 | J7: 0.069 | K7: 0.069 | L7: 0.069 | M7: 0.069 | N7: 0.069 | O7: 0.105 | P7: 0.069 | Q7: 0.069 | R7: 0.069 | S7: 0.069 | T7: 0.069 | U7: 0.069 | V7: 0.069 | W7: 0.048 | X7: 0.069
A8: External Wall_Nonres | B8: HotelSmall | C8: ExtWall_MetalFramed_NonRes | D8: Metal framed wall : Stucco + Metal frame (2x4 16 in. OC) + insulation + Gypsum board | E8: U-factor IP | F8: Pre 1978 | G8: N/A | H8: ASHRAE 90.1, 2022, Table A3.3.3.1, 3.5", R-0 | I8: 0.352 | J8: 0.352 | K8: 0.352 | L8: 0.352 | M8: 0.352 | N8: 0.352 | O8: 0.352 | P8: 0.352 | Q8: 0.352 | R8: 0.352 | S8: 0.352 | T8: 0.352 | U8: 0.352 | V8: 0.352 | W8: 0.352 | X8: 0.352
F9: 1978-1997 | G9: 1986 | H9: Copied from High-rise office alternative requirements (Table 2-53W): Package A with heat capacity between 10-14.99 (Btu/F-ft²) *T24, 1986, Table 2-53BB presents U-factors less than the next vintage (for wall density of 26-40 lb/ft² & Degree day<3500)! | I9: 0.21276596 | J9: 0.22727273 | K9: 0.22727273 | L9: 0.2173913 | M9: 0.25641026 | N9: 0.25641026 | O9: 0.25641026 | P9: 0.25641026 | Q9: 0.25641026 | R9: 0.25641026 | S9: 0.23809524 | T9: 0.23809524 | U9: 0.23809524 | V9: 0.20833333 | W9: 0.20833333 | X9: 0.21276596
F10: 1998-2007 | G10: 2001 | H10: Table 1-H-NonRes Bldgs | I10: 0.182 | J10: 0.182 | K10: 0.189 | L10: 0.189 | M10: 0.189 | N10: 0.189 | O10: 0.189 | P10: 0.189 | Q10: 0.189 | R10: 0.182 | S10: 0.182 | T10: 0.182 | U10: 0.182 | V10: 0.182 | W10: 0.182 | X10: 0.182
F11: 2008-2018 | G11: 2013 | H11: Table 140.3-B-NonRes Bldgs | I11: 0.098 | J11: 0.062 | K11: 0.082 | L11: 0.062 | M11: 0.062 | N11: 0.098 | O11: 0.098 | P11: 0.062 | Q11: 0.062 | R11: 0.062 | S11: 0.062 | T11: 0.062 | U11: 0.062 | V11: 0.062 | W11: 0.062 | X11: 0.062
F12: 2019+ | G12: 2025 | H12: Table 140.3-B-NonRes Bldgs | I12: 0.06 | J12: 0.055 | K12: 0.071 | L12: 0.055 | M12: 0.055 | N12: 0.06 | O12: 0.06 | P12: 0.055 | Q12: 0.055 | R12: 0.055 | S12: 0.055 | T12: 0.055 | U12: 0.055 | V12: 0.055 | W12: 0.055 | X12: 0.055
A13: Roof_Guest Room | B13: HotelSmall | C13: FlatRoof_WoodFramedAndOther_GuestRooms | D13: Metal deck roof: Roof membrane or shingles + roof insulation + metal decking/sheathing + framing | E13: U-factor IP | F13: Pre 1978 | G13: N/A | H13: Considering 30 years for roof/ insulation replacement. | I13: 0.037 | J13: 0.051 | K13: 0.051 | L13: 0.051 | M13: 0.051 | N13: 0.051 | O13: 0.051 | P13: 0.051 | Q13: 0.051 | R13: 0.051 | S13: 0.037 | T13: 0.037 | U13: 0.037 | V13: 0.037 | W13: 0.037 | X13: 0.037
F14: 1978-1997 | G14: N/A | I14: 0.037 | J14: 0.051 | K14: 0.051 | L14: 0.051 | M14: 0.051 | N14: 0.051 | O14: 0.051 | P14: 0.051 | Q14: 0.051 | R14: 0.051 | S14: 0.037 | T14: 0.037 | U14: 0.037 | V14: 0.037 | W14: 0.037 | X14: 0.037
F15: 1998-2007 | G15: 2001 | H15: Table 1-I-Guest rooms of Hotel/Motel | I15: 0.037 | J15: 0.037 | K15: 0.051 | L15: 0.051 | M15: 0.051 | N15: 0.051 | O15: 0.051 | P15: 0.051 | Q15: 0.051 | R15: 0.037 | S15: 0.037 | T15: 0.037 | U15: 0.037 | V15: 0.037 | W15: 0.037 | X15: 0.037
F16: 2008-2018 | G16: 2013 | H16: Table 140.3-C-Guest rooms of Hotel/Motel | I16: 0.034 | J16: 0.028 | K16: 0.039 | L16: 0.028 | M16: 0.039 | N16: 0.039 | O16: 0.039 | P16: 0.028 | Q16: 0.028 | R16: 0.028 | S16: 0.028 | T16: 0.028 | U16: 0.028 | V16: 0.028 | W16: 0.028 | X16: 0.028
F17: 2019+ | G17: 2025 | H17: Table 140.3-C-Guest rooms of Hotel/Motel | I17: 0.028 | J17: 0.028 | K17: 0.034 | L17: 0.028 | M17: 0.034 | N17: 0.034 | O17: 0.039 | P17: 0.028 | Q17: 0.028 | R17: 0.028 | S17: 0.028 | T17: 0.028 | U17: 0.028 | V17: 0.028 | W17: 0.028 | X17: 0.028
A18: Windows_ Guest Room | B18: HotelSmall | C18: FixedWindow_GuestRoom | D18: Single pane | E18: U-factor IP | F18: Pre 1978 | G18: N/A | H18: ASHRAE Handbook of Fundamentals (Table 4-Ch15) for single pane & T24, 2013 for double pane(33%-67%)* | I18: =0.33*1.12+0.67*0.36 -> 0.6108 | J18: =0.33*1.12+0.67*0.36 -> 0.6108 | K18: =0.33*1.12+0.67*0.36 -> 0.6108 | L18: =0.33*1.12+0.67*0.36 -> 0.6108 | M18: =0.33*1.12+0.67*0.36 -> 0.6108 | N18: =0.33*1.12+0.67*0.36 -> 0.6108 | O18: =0.33*1.12+0.67*0.36 -> 0.6108 | P18: =0.33*1.12+0.67*0.36 -> 0.6108 | ... X18: =0.33*1.12+0.67*0.36 -> 0.6108
F19: 1978-1997 | G19: N/A | I19: =0.33*1.12+0.67*0.36 -> 0.6108 | J19: =0.33*1.12+0.67*0.36 -> 0.6108 | K19: =0.33*1.12+0.67*0.36 -> 0.6108 | L19: =0.33*1.12+0.67*0.36 -> 0.6108 | M19: =0.33*1.12+0.67*0.36 -> 0.6108 | N19: =0.33*1.12+0.67*0.36 -> 0.6108 | O19: =0.33*1.12+0.67*0.36 -> 0.6108 | P19: =0.33*1.12+0.67*0.36 -> 0.6108 | ... X19: =0.33*1.12+0.67*0.36 -> 0.6108
D20: Double pane | F20: 1998-2007 | G20: 2001 | H20: Table 1-I-Guest rooms of Hotel/Motel | I20: 0.49 | J20: 0.49 | K20: 0.49 | L20: 0.49 | M20: 0.49 | N20: 0.49 | O20: 0.49 | P20: 0.49 | Q20: 0.49 | R20: 0.49 | S20: 0.49 | T20: 0.49 | U20: 0.49 | V20: 0.49 | W20: 0.49 | X20: 0.49
F21: 2008-2018 | G21: 2013 | H21: Table 140.3-C-Guest rooms of Hotel/Motel | I21: 0.36 | J21: 0.36 | K21: 0.36 | L21: 0.36 | M21: 0.36 | N21: 0.36 | O21: 0.36 | P21: 0.36 | Q21: 0.36 | R21: 0.36 | S21: 0.36 | T21: 0.36 | U21: 0.36 | V21: 0.36 | W21: 0.36 | X21: 0.36
F22: 2019+ | G22: 2025 | H22: Table 140.3-C-Guest rooms of Hotel/Motel | I22: 0.36 | J22: 0.36 | K22: 0.36 | L22: 0.36 | M22: 0.36 | N22: 0.36 | O22: 0.36 | P22: 0.36 | Q22: 0.36 | R22: 0.36 | S22: 0.36 | T22: 0.36 | U22: 0.36 | V22: 0.36 | W22: 0.36 | X22: 0.36
D23: Single pane | E23: SHGC | F23: Pre 1978 | G23: N/A | H23: ASHRAE Handbook of Fundamentals (Table 10-Ch15) for single pane & T24, 2013 for double pane(33%-67%)* | I23: =0.79*0.33+0.67*I36 -> 0.4282 | J23: =0.79*0.33+0.67*J36 -> 0.4282 | K23: =0.79*0.33+0.67*K36 -> 0.4282 | L23: =0.79*0.33+0.67*L36 -> 0.4282 | M23: =0.79*0.33+0.67*M36 -> 0.4282 | N23: =0.79*0.33+0.67*N36 -> 0.4282 | O23: =0.79*0.33+0.67*O36 -> 0.4282 | P23: =0.79*0.33+0.67*P36 -> 0.4282 | ... X23: =0.79*0.33+0.67*X36 -> 0.4282
F24: 1978-1997 | G24: N/A | I24: =0.79*0.33+0.67*I26 -> 0.4282 | J24: =0.79*0.33+0.67*J26 -> 0.4282 | K24: =0.79*0.33+0.67*K26 -> 0.4282 | L24: =0.79*0.33+0.67*L26 -> 0.4282 | M24: =0.79*0.33+0.67*M26 -> 0.4282 | N24: =0.79*0.33+0.67*N26 -> 0.4282 | O24: =0.79*0.33+0.67*O26 -> 0.4282 | P24: =0.79*0.33+0.67*P26 -> 0.4282 | ... X24: =0.79*0.33+0.67*X26 -> 0.4282
D25: Double pane | F25: 1998-2007 | G25: 2001 | H25: Table 1-I-Guest rooms of Hotel/Motel (WWR:10-20% / SHGC Non-north) | I25: 0.46 | J25: 0.36 | K25: 0.4 | L25: 0.4 | M25: 0.4 | N25: 0.4 | O25: 0.4 | P25: 0.4 | Q25: 0.4 | R25: 0.36 | S25: 0.36 | T25: 0.36 | U25: 0.36 | V25: 0.31 | W25: 0.31 | X25: 0.46
F26: 2008-2018 | G26: 2013 | H26: Table 140.3-C-Guest rooms of Hotel/Motel | I26: 0.25 | J26: 0.25 | K26: 0.25 | L26: 0.25 | M26: 0.25 | N26: 0.25 | O26: 0.25 | P26: 0.25 | Q26: 0.25 | R26: 0.25 | S26: 0.25 | T26: 0.25 | U26: 0.25 | V26: 0.25 | W26: 0.25 | X26: 0.25
F27: 2019+ | G27: 2025 | H27: Table 140.3-C-Guest rooms of Hotel/Motel | I27: 0.25 | J27: 0.25 | K27: 0.25 | L27: 0.25 | M27: 0.25 | N27: 0.25 | O27: 0.25 | P27: 0.25 | Q27: 0.25 | R27: 0.25 | S27: 0.25 | T27: 0.25 | U27: 0.25 | V27: 0.25 | W27: 0.25 | X27: 0.25
A28: Windows_ Nonres | B28: HotelSmall | C28: FixedWindow_NonRes | D28: Single pane | E28: U-factor IP | F28: Pre 1978 | G28: N/A | H28: ASHRAE Handbook of Fundamentals (Table 4-Ch15) for single pane & T24, 2013 for double pane(33%-67%)* | I28: =0.338*1.12+0.67*0.36 -> 0.61976 | J28: =0.338*1.12+0.67*0.36 -> 0.61976 | K28: =0.338*1.12+0.67*0.36 -> 0.61976 | L28: =0.338*1.12+0.67*0.36 -> 0.61976 | M28: =0.338*1.12+0.67*0.36 -> 0.61976 | N28: =0.338*1.12+0.67*0.36 -> 0.61976 | O28: =0.338*1.12+0.67*0.36 -> 0.61976 | P28: =0.338*1.12+0.67*0.36 -> 0.61976 | ... X28: =0.338*1.12+0.67*0.36 -> 0.61976
F29: 1978-1997 | G29: N/A | I29: =0.338*1.12+0.67*0.36 -> 0.61976 | J29: =0.338*1.12+0.67*0.36 -> 0.61976 | K29: =0.338*1.12+0.67*0.36 -> 0.61976 | L29: =0.338*1.12+0.67*0.36 -> 0.61976 | M29: =0.338*1.12+0.67*0.36 -> 0.61976 | N29: =0.338*1.12+0.67*0.36 -> 0.61976 | O29: =0.338*1.12+0.67*0.36 -> 0.61976 | P29: =0.338*1.12+0.67*0.36 -> 0.61976 | ... X29: =0.338*1.12+0.67*0.36 -> 0.61976
D30: Double pane | F30: 1998-2007 | G30: 2001 | H30: Table 1-H-NonRes Bldgs | I30: 0.49 | J30: 0.49 | K30: 0.81 | L30: 0.81 | M30: 0.81 | N30: 0.81 | O30: 0.81 | P30: 0.81 | Q30: 0.81 | R30: 0.49 | S30: 0.49 | T30: 0.49 | U30: 0.49 | V30: 0.49 | W30: 0.49 | X30: 0.49
F31: 2008-2018 | G31: 2013 | H31: Table 140.3-B-NonRes Bldgs | I31: 0.36 | J31: 0.36 | K31: 0.36 | L31: 0.36 | M31: 0.36 | N31: 0.36 | O31: 0.36 | P31: 0.36 | Q31: 0.36 | R31: 0.36 | S31: 0.36 | T31: 0.36 | U31: 0.36 | V31: 0.36 | W31: 0.36 | X31: 0.36
F32: 2019+ | G32: 2025 | H32: Table 140.3-B-NonRes Bldgs | I32: 0.36 | J32: 0.36 | K32: 0.36 | L32: 0.36 | M32: 0.36 | N32: 0.36 | O32: 0.36 | P32: 0.36 | Q32: 0.34 | R32: 0.36 | S32: 0.34 | T32: 0.34 | U32: 0.34 | V32: 0.34 | W32: 0.34 | X32: 0.36
D33: Single pane | E33: SHGC | F33: Pre 1978 | G33: N/A | H33: ASHRAE Handbook of Fundamentals (Table 10-Ch15) for single pane & T24, 2013 for double pane(33%-67%)* | I33: =0.79*0.33+0.67*I36 -> 0.4282 | J33: =0.79*0.33+0.67*J36 -> 0.4282 | K33: =0.79*0.33+0.67*K36 -> 0.4282 | L33: =0.79*0.33+0.67*L36 -> 0.4282 | M33: =0.79*0.33+0.67*M36 -> 0.4282 | N33: =0.79*0.33+0.67*N36 -> 0.4282 | O33: =0.79*0.33+0.67*O36 -> 0.4282 | P33: =0.79*0.33+0.67*P36 -> 0.4282 | ... X33: =0.79*0.33+0.67*X36 -> 0.4282
F34: 1978-1997 | G34: N/A | I34: =0.79*0.33+0.67*I36 -> 0.4282 | J34: =0.79*0.33+0.67*J36 -> 0.4282 | K34: =0.79*0.33+0.67*K36 -> 0.4282 | L34: =0.79*0.33+0.67*L36 -> 0.4282 | M34: =0.79*0.33+0.67*M36 -> 0.4282 | N34: =0.79*0.33+0.67*N36 -> 0.4282 | O34: =0.79*0.33+0.67*O36 -> 0.4282 | P34: =0.79*0.33+0.67*P36 -> 0.4282 | ... X34: =0.79*0.33+0.67*X36 -> 0.4282
D35: Double pane | F35: 1998-2007 | G35: 2001 | H35: Table 1-H-NonRes Bldgs (WWR:10-20% / SHGC Non-north) | I35: 0.43 | J35: 0.36 | K35: 0.55 | L35: 0.55 | M35: 0.55 | N35: 0.61 | O35: 0.61 | P35: 0.61 | Q35: 0.61 | R35: 0.36 | S35: 0.36 | T35: 0.36 | U35: 0.36 | V35: 0.36 | W35: 0.36 | X35: 0.43
F36: 2008-2018 | G36: 2013 | H36: Table 140.3-B-NonRes Bldgs | I36: 0.25 | J36: 0.25 | K36: 0.25 | L36: 0.25 | M36: 0.25 | N36: 0.25 | O36: 0.25 | P36: 0.25 | Q36: 0.25 | R36: 0.25 | S36: 0.25 | T36: 0.25 | U36: 0.25 | V36: 0.25 | W36: 0.25 | X36: 0.25
F37: 2019+ | G37: 2025 | H37: Table 140.3-B-NonRes Bldgs | I37: 0.25 | J37: 0.25 | K37: 0.25 | L37: 0.25 | M37: 0.25 | N37: 0.25 | O37: 0.25 | P37: 0.25 | Q37: 0.22 | R37: 0.25 | S37: 0.22 | T37: 0.22 | U37: 0.22 | V37: 0.22 | W37: 0.22 | X37: 0.25
C39: Infiltration
D40: Building | E40: Zones | F40: Vintage | G40: I_75 (cfm/ft²) 6-sdied Infiltration rate @ 75 pa | H40: Source | I40: I-design (cfm/ft²) (4-sided Infiltration rate at normal pressure) (Design flow rate approach and Flow/Exterior Wall Area calculation method)
C41: Infiltration | D41: HotelSmall | F41: Pre 1978 | G41: 1.1 | H41: 2022 CASE report (Table 38) | I41: 0.3144
F42: 1978-1997 | G42: 1.1 | H42: 2022 CASE report (Table 38) | I42: 0.3144
F43: 1998-2007 | G43: 1.1 | H43: 2022 CASE report (Table 38) | I43: 0.3144
F44: 2008-2018 | G44: 1* | H44: 2022 CASE report (Table 38) & T24, 2008-2016 (Table 140.3-C) | I44: 0.2877
F45: 2019+ | G45: 0.6** | H45: 2022 CASE report (Table 38) & T24,140.3(a)9Cii & T24, 2025 (Table 140.3-C) | I45: 0.1715
E46: Infiltration_rate_report_14May2025-Short-Version.docx
E47: * An air barrier was not required for guest rooms under T24, until the 2019 edition. However, to reflect typical construction practices, we assumed that all exterior walls are equipped with an air barrier where it was required for nonresidential walls.
E48: *** T24 require 0.4 cfm/ft² for tested condition but it also in section 140.3(a)9Cii says that if the air leakage requirements are not met, a visual inspection and diagnostic evaluation shall be completed , all observed leaks shall be sealed where such sealing can be made without destruction of existing building components, and buildings where the tested leakage rate exceeded 0.6 cfm/ft² of building shell area at 75 Pa have been retested to confirm leakage is below 0.6 cfm/ft² of building shell at 75 Pa. Although T24,2025 does not require guest rooms in Climate Zone 7 to have an air barrier, we assumed that all CZs are equipped with one. According to Dodge 2023 CAS data CZ 7 accounts for ~ 6% of hotel floor area in CA. Therefore, we have decided to ignore the exemption for CZ7 and treated all CZs as having an air barrier for consistency and ease of simulation.
E50: ACM 2025, 5.4.2: For Standard Design, I-design shall be 0.2352 cfm/ft². .Hotel/Motel Buildings in climate zone 7 and for relocatable public school buildings I-design shall be 0.3696 cfm/ft²

Sheet HVAC System
A1: ="HVAC system - "&Prototype!A2 -> HVAC system - HotelSmall
A2: Vintage | B2: Zones | C2: Heating | D2: Cooling | E2: Air Distribution | F2: Source | G2: Note
A3: Existing | B3: Guest Rooms | C3: Electric resistance | D3: PTAC | F3: CEUS 2022 + engineering judgement
B4: All other conditioned zones | C4: Electric resistance | D4: PTAC | F4: CEUS 2022 + engineering judgement
A6: New Construction | B6: Guest Rooms | C6: PTHP | D6: PTHP | F6: Engineering Judgement | G6: The guestroom system was originally System 1 (RAC) based on Title 24 Tables 2 and 3. However, after several discussions and consultations with experts and engineers, we realized that for new buildings, each room should instead use a PTHP system. We updated the HVAC accordingly.
B7: All other conditioned zones | C7: Gas Boiler | D7: PVAV | E7: VAV + Hydronic Reheat | F7: T24 2025 ACM 2025, Table 2 and 3 | G7: Packaged VAV-System5
A11: Efficiency of HVAC System (Efficiency is capacity-dependent. The following table provides a general estimate of system efficiency based on preliminary simulations in one climate zone, or assuming cooling load based on rule of thumb)
A12: Vintage | B12: Upgrade/Installed year | C12: DX Cooling-Guest Rooms | D12: DX Cooling-All Other Conditioned Zones | E12: Gas Boiler- Guest rooms and All Other Conditioned Zones | F12: Sources | G12: Note
A13: Pre 1978 | B13: 2008 | C13: EER=9 (<65,000 Btu/h) | D13: - | E13: - | F13: CFR Energy 2008 (for DX Cooling)
A14: 1978-1997
A15: 1998-2007
A16: 2008-2018 | B16: 2013 | C16: EER=9 (<65,000 Btu/h) | D16: - | E16: - | F16: CFR Energy 2010:Title 10- Table 9 (for DX Cooling)
A17: New Construction | B17: 2025 | C17: EER=9 (<65,000 Btu/h) | D17: EER=10 (≥ 240,000 Btu/h and < 760,000 Btu/h) and EER=9 (<65,000 Btu/h) | E17: Thermal Efficiency (Et) of 84% | F17: CFR Energy 2025, Table 12 (for DX Coils) T24, 2022 ,Table 110.2-J (for Boiler thermal efficiency) | G17: Deduct 0.2 from the required EERs and IEERs for units with a heating section other than electric resistance heat.
A21: Fan power
A22: Vintage | B22: Approach | C22: System | D22: Total Static Pressure (TSP) | E22: Fan Efficiency [ACM 2025] | F22: Motor Efficiency | G22: Fan Power Index (W/cfm) | H22: Data Source
A23: Existing | B23: PNNL 90.1-2011, TSP | C23: PTAC, PTHP | D23: 1.33 | E23: 0.65 | F23: ASHRAE 90.1, 2004, Table 10.8 * | H23: Fan power formula: PNNL 20405, 2010, section 5.2.2.5 TSP and fan efficiency: PNNL 20405, 2010, Table 5.11, 90.1-04ac values Motor efficiency: ASHRAE 90.1, 2004, Table 10.8
A24: Brake horse power (bhp)=(Supply cfm*TSP in w.c.)/(6356*Fan efficiency)
A25: Fan power (w/cfm) = bhp/motor and drive efficiency *746
A26: cfm = supply fan airflow as determined by EnergyPlus sizing runs
A27: Nameplate horsepower = brake horsepower × (1+10% oversizing factor)
A28: Motor nameplate horsepower will be determined based of NEMA standards
A29: New Construction | B29: ACM 2025 | C29: System 3b-SZHP, <5000 | D29: TSP = fan power × motor efficiency × fan efficiency × 6356 / 746 | E29: 0.65 | F29: 2025 ACM Table 12 ** | G29: 0.744 | H29: Fan power index: [ACM 2025, Table 13] Motor efficiency: [ACM 2025, Table 12]
C30: PVAV System >10,000 cfm | D30: TSP = fan power × motor efficiency × fan efficiency × 6356 / 746 | G30: 0.964
A32: * According to PNNL 20405 section 5.2.2.5, the full-load efficiency of the motor serving the fan is taken from ASHRAE 90.1, 2004, Table 10.8, based on motor nameplate and assuming enclosed motors operating at 1,800 rotations per minute (rpm) Motor nameplate size (bhp) = brake horsepower (bhp) × 1.1 ( using a 10% oversizing factor)
A33: ** The full‑load efficiency of the motor serving the fan is taken from ACM 2025 Table 12 based on the cfm of the fan. Brake horsepower (bhp) = (Supply cfm from sizing run × fan power in W/cfm) / 746.

Sheet Ventilation
A1: Outdoor Airflow Rate - HotelSmall
A2: Space Name | B2: Number of People | C2: Floor Area (ft²) | D2: cfm/person (T24, 2025, Equation 120.1-F and Table 120.1-A) (ASHRAE 62.1, 2022, Table 6-1) for guest rooms | E2: cfm/ft² (T24, 2025, Equation 120.1-F and Table 120.1-A) (ASHRAE 62.1, 2022, Table 6-1) for guest rooms | F2: Required Exhaust Rate (T24, 2025, Table 120.1-B – Minimum Exhaust Rates) | G2: Total cfm Driven by People | H2: Total cfm Driven by Area | I2: Total cfm Driven by Exhaust | J2: Total cfm | K2: Notes
A3: =Zones!B3 -> Corridor_FloorG | B3: =Zones!K3 -> 8.91105 | C3: =Zones!H3 -> 1782.21 | D3: 15 | E3: 0.15 | G3: =B3*D3 -> 133.66575 | H3: =C3*E3 -> 267.3315 | J3: =MAX(G3:I3) -> 267.3315
A4: =Zones!B4 -> Corridor_FloorM | B4: =Zones!K4 -> 7.5608 | C4: =Zones!H4 -> 1512.16 | D4: 15 | E4: 0.15 | G4: =B4*D4 -> 113.412 | H4: =C4*E4 -> 226.824 | J4: =MAX(G4:I4) -> 226.824
A5: =Zones!B5 -> Corridor_FloorT | B5: =Zones!K5 -> 7.5608 | C5: =Zones!H5 -> 1512.16 | D5: 15 | E5: 0.15 | G5: =B5*D5 -> 113.412 | H5: =C5*E5 -> 226.824 | J5: =MAX(G5:I5) -> 226.824
A6: =Zones!B6 -> Lounge_FloorG | B6: =Zones!K6 -> 11.58399 | C6: =Zones!H6 -> 351.03 | D6: 15 | E6: 0.15 | G6: =B6*D6 -> 173.75985 | H6: =C6*E6 -> 52.6545 | J6: =MAX(G6:I6) -> 173.75985
A7: =Zones!B7 -> Gym_FloorG | B7: =Zones!K7 -> 3.5103 | C7: =Zones!H7 -> 351.03 | D7: 15 | E7: 0.15 | G7: =B7*D7 -> 52.6545 | H7: =C7*E7 -> 52.6545 | J7: =MAX(G7:I7) -> 52.6545
A8: =Zones!B8 -> Front_Lounge_FloorG | B8: =Zones!K8 -> 26.3295 | C8: =Zones!H8 -> 1755.3 | D8: 15 | E8: 0.15 | G8: =B8*D8 -> 394.9425 | H8: =C8*E8 -> 263.295 | J8: =MAX(G8:I8) -> 394.9425
A9: =Zones!B9 -> Front_Office_FloorG | B9: =Zones!K9 -> 7.0207 | C9: =Zones!H9 -> 1404.14 | D9: 15 | E9: 0.15 | G9: =B9*D9 -> 105.3105 | H9: =C9*E9 -> 210.621 | J9: =MAX(G9:I9) -> 210.621
A10: =Zones!B10 -> Front_Stair_FloorG | B10: =Zones!K10 -> 0 | C10: =Zones!H10 -> 216.02 | D10: 15 | E10: 0.15 | G10: =B10*D10 -> 0 | H10: =C10*E10 -> 32.403 | J10: =MAX(G10:I10) -> 32.403
A11: =Zones!B11 -> Front_Stair_FloorM | B11: =Zones!K11 -> 0 | C11: =Zones!H11 -> 216.02 | D11: 15 | E11: 0.15 | G11: =B11*D11 -> 0 | H11: =C11*E11 -> 32.403 | J11: =MAX(G11:I11) -> 32.403
A12: =Zones!B12 -> Front_Stair_FloorT | B12: =Zones!K12 -> 0 | C12: =Zones!H12 -> 216.02 | D12: 15 | E12: 0.15 | G12: =B12*D12 -> 0 | H12: =C12*E12 -> 32.403 | J12: =MAX(G12:I12) -> 32.403
A13: =Zones!B13 -> Front_Storage_FloorG | B13: =Zones!K13 -> 0.27002 | C13: =Zones!H13 -> 135.01 | D13: 15 | E13: 0.15 | G13: =B13*D13 -> 4.0503 | H13: =C13*E13 -> 20.2515 | J13: =MAX(G13:I13) -> 20.2515
A14: =Zones!B14 -> Front_Storage_FloorM | B14: =Zones!K14 -> 0.27002 | C14: =Zones!H14 -> 135.01 | D14: 15 | E14: 0.15 | G14: =B14*D14 -> 4.0503 | H14: =C14*E14 -> 20.2515 | J14: =MAX(G14:I14) -> 20.2515
A15: =Zones!B15 -> Front_Storage_FloorT | B15: =Zones!K15 -> 0.27002 | C15: =Zones!H15 -> 135.01 | D15: 15 | E15: 0.15 | G15: =B15*D15 -> 4.0503 | H15: =C15*E15 -> 20.2515 | J15: =MAX(G15:I15) -> 20.2515
A16: =Zones!B16 -> GuestRoom_1_FloorG | B16: =Zones!K16 -> 1.05318 | C16: =Zones!H16 -> 351.06 | D16: =5*10/3 -> 16.666667 | E16: 0.06 | F16: 20/50 cfm/unit per shower head | G16: =B16*D16 -> 17.553 | H16: =C16*E16 -> 21.0636 | I16: =50 -> 50 | J16: =MAX(G16+H16,I16) -> 50 | K16: Several guestrooms are bundled together. for those, it's assumed for each person, there is one shower, that's why the exhaust rate are multiplied by people. Ventilation for guest rooms is calculated using the ASHRAE 62.1, as T24's occupancy-only baseline does not capture realistic ventilation design. The total outdoor airflow is calculated as: Ventilation = (Occupancy per 1,000 ft² × cfm/person) + (Floor area in ft² × cfm/ft²) To maintain simulation consistency across tabs and fo ease of automation, we retained the T24 occupant rate of 3 occupants per 1,000 sq ft rather than adopting ASHRAE's higher rate of 10 occupants per 1,000 sq ft. To compensate for this, we scaled ASHRAE’s per-person airflow requirement (5 cfm/person) by a factor of 10/3. Although the occupant-based portion of the ventilation load remains almost equivalent across both codes, incorporating ASHRAE’s area-based ventilation component represents the key difference in overall outdoor air rates. Ventilation air for this occupancy category shall be permitted to be reduced to zero when the space is in occupied-standby mode
A17: =Zones!B17 -> GuestRoom_2_FloorG | B17: =Zones!K17 -> 1.05318 | C17: =Zones!H17 -> 351.06 | D17: =5*10/3 -> 16.666667 | E17: 0.06 | F17: 20/50 cfm/unit per shower head | G17: =B17*D17 -> 17.553 | H17: =C17*E17 -> 21.0636 | I17: =50 -> 50 | J17: =MAX(G17+H17,I17) -> 50
A18: =Zones!B18 -> GuestRoom_3_FloorG | B18: =Zones!K18 -> 1.05318 | C18: =Zones!H18 -> 351.06 | D18: =5*10/3 -> 16.666667 | E18: 0.06 | F18: 20/50 cfm/unit per shower head | G18: =B18*D18 -> 17.553 | H18: =C18*E18 -> 21.0636 | I18: =50 -> 50 | J18: =MAX(G18+H18,I18) -> 50
A19: =Zones!B19 -> GuestRoom_4_FloorG | B19: =Zones!K19 -> 1.05309 | C19: =Zones!H19 -> 351.03 | D19: =5*10/3 -> 16.666667 | E19: 0.06 | F19: 20/50 cfm/unit per shower head | G19: =B19*D19 -> 17.5515 | H19: =C19*E19 -> 21.0618 | I19: =50 -> 50 | J19: =MAX(G19+H19,I19) -> 50
A20: =Zones!B20 -> GuestRoom_5_FloorG | B20: =Zones!K20 -> 1.05309 | C20: =Zones!H20 -> 351.03 | D20: =5*10/3 -> 16.666667 | E20: 0.06 | F20: 20/50 cfm/unit per shower head | G20: =B20*D20 -> 17.5515 | H20: =C20*E20 -> 21.0618 | I20: =50 -> 50 | J20: =MAX(G20+H20,I20) -> 50
A21: =Zones!B21 -> GuestRoom_1_FloorM | B21: =Zones!K21 -> 1.05318 | C21: =Zones!H21 -> 351.06 | D21: =5*10/3 -> 16.666667 | E21: 0.06 | F21: 20/50 cfm/unit per shower head | G21: =B21*D21 -> 17.553 | H21: =C21*E21 -> 21.0636 | I21: =50 -> 50 | J21: =MAX(G21+H21,I21) -> 50
A22: =Zones!B22 -> GuestRoom_2_5_FloorM | B22: =Zones!K22 -> 4.21272 | C22: =Zones!H22 -> 1404.24 | D22: =5*10/3 -> 16.666667 | E22: 0.06 | F22: 20/50 cfm/unit per shower head | G22: =B22*D22 -> 70.212 | H22: =C22*E22 -> 84.2544 | I22: =50*B22 -> 210.636 | J22: =MAX(G22+H22,I22) -> 210.636
A23: =Zones!B23 -> GuestRoom_6_8_FloorM | B23: =Zones!K23 -> 3.4026 | C23: =Zones!H23 -> 1134.2 | D23: =5*10/3 -> 16.666667 | E23: 0.06 | F23: 20/50 cfm/unit per shower head | G23: =B23*D23 -> 56.71 | H23: =C23*E23 -> 68.052 | I23: =50*B23 -> 170.13 | J23: =MAX(G23+H23,I23) -> 170.13
A24: =Zones!B24 -> GuestRoom_9_12_FloorM | B24: =Zones!K24 -> 4.21272 | C24: =Zones!H24 -> 1404.24 | D24: =5*10/3 -> 16.666667 | E24: 0.06 | F24: 20/50 cfm/unit per shower head | G24: =B24*D24 -> 70.212 | H24: =C24*E24 -> 84.2544 | I24: =50*B24 -> 210.636 | J24: =MAX(G24+H24,I24) -> 210.636
A25: =Zones!B25 -> GuestRoom_13_FloorM | B25: =Zones!K25 -> 1.05318 | C25: =Zones!H25 -> 351.06 | D25: =5*10/3 -> 16.666667 | E25: 0.06 | F25: 20/50 cfm/unit per shower head | G25: =B25*D25 -> 17.553 | H25: =C25*E25 -> 21.0636 | I25: =50*B25 -> 52.659 | J25: =MAX(G25+H25,I25) -> 52.659
A26: =Zones!B26 -> GuestRoom_14_FloorM | B26: =Zones!K26 -> 1.05309 | C26: =Zones!H26 -> 351.03 | D26: =5*10/3 -> 16.666667 | E26: 0.06 | F26: 20/50 cfm/unit per shower head | G26: =B26*D26 -> 17.5515 | H26: =C26*E26 -> 21.0618 | I26: =50*B26 -> 52.6545 | J26: =MAX(G26+H26,I26) -> 52.6545
A27: =Zones!B27 -> GuestRoom_15_18_FloorM | B27: =Zones!K27 -> 4.21242 | C27: =Zones!H27 -> 1404.14 | D27: =5*10/3 -> 16.666667 | E27: 0.06 | F27: 20/50 cfm/unit per shower head | G27: =B27*D27 -> 70.207 | H27: =C27*E27 -> 84.2484 | I27: =50*B27 -> 210.621 | J27: =MAX(G27+H27,I27) -> 210.621
A28: =Zones!B28 -> GuestRoom_19_FloorM | B28: =Zones!K28 -> 1.05312 | C28: =Zones!H28 -> 351.04 | D28: =5*10/3 -> 16.666667 | E28: 0.06 | F28: 20/50 cfm/unit per shower head | G28: =B28*D28 -> 17.552 | H28: =C28*E28 -> 21.0624 | I28: =50*B28 -> 52.656 | J28: =MAX(G28+H28,I28) -> 52.656
A29: =Zones!B29 -> GuestRoom_20_23_FloorM | B29: =Zones!K29 -> 4.21242 | C29: =Zones!H29 -> 1404.14 | D29: =5*10/3 -> 16.666667 | E29: 0.06 | F29: 20/50 cfm/unit per shower head | G29: =B29*D29 -> 70.207 | H29: =C29*E29 -> 84.2484 | I29: =50*B29 -> 210.621 | J29: =MAX(G29+H29,I29) -> 210.621
A30: =Zones!B30 -> GuestRoom_24_FloorM | B30: =Zones!K30 -> 1.05309 | C30: =Zones!H30 -> 351.03 | D30: =5*10/3 -> 16.666667 | E30: 0.06 | F30: 20/50 cfm/unit per shower head | G30: =B30*D30 -> 17.5515 | H30: =C30*E30 -> 21.0618 | I30: =50*B30 -> 52.6545 | J30: =MAX(G30+H30,I30) -> 52.6545
A31: =Zones!B31 -> GuestRoom_1_FloorT | B31: =Zones!K31 -> 1.05318 | C31: =Zones!H31 -> 351.06 | D31: =5*10/3 -> 16.666667 | E31: 0.06 | F31: 20/50 cfm/unit per shower head | G31: =B31*D31 -> 17.553 | H31: =C31*E31 -> 21.0636 | I31: =50*B31 -> 52.659 | J31: =MAX(G31+H31,I31) -> 52.659
A32: =Zones!B32 -> GuestRoom_2_5_FloorT | B32: =Zones!K32 -> 4.21272 | C32: =Zones!H32 -> 1404.24 | D32: =5*10/3 -> 16.666667 | E32: 0.06 | F32: 20/50 cfm/unit per shower head | G32: =B32*D32 -> 70.212 | H32: =C32*E32 -> 84.2544 | I32: =50*B32 -> 210.636 | J32: =MAX(G32+H32,I32) -> 210.636
A33: =Zones!B33 -> GuestRoom_6_8_FloorT | B33: =Zones!K33 -> 3.4026 | C33: =Zones!H33 -> 1134.2 | D33: =5*10/3 -> 16.666667 | E33: 0.06 | F33: 20/50 cfm/unit per shower head | G33: =B33*D33 -> 56.71 | H33: =C33*E33 -> 68.052 | I33: =50*B33 -> 170.13 | J33: =MAX(G33+H33,I33) -> 170.13
... A40: =Zones!B40 -> GuestRoom_24_FloorT | B40: =Zones!K40 -> 1.05309 | C40: =Zones!H40 -> 351.03 | D40: =5*10/3 -> 16.666667 | E40: 0.06 | F40: 20/50 cfm/unit per shower head | G40: =B40*D40 -> 17.5515 | H40: =C40*E40 -> 21.0618 | I40: =50*B40 -> 52.6545 | J40: =MAX(G40+H40,I40) -> 52.6545
A41: =Zones!B41 -> Laundry_FloorG | B41: =Zones!K41 -> 5.26555 | C41: =Zones!H41 -> 1053.11 | D41: 15 | E41: 0.15 | F41: 1 cfm/ft2 for Soiled laundry storage rooms | G41: =B41*D41 -> 78.98325 | H41: =C41*E41 -> 157.9665 | I41: =1*0.2*C41 -> 210.622 | J41: =MAX(G41:I41) -> 210.622 | K41: Only 20% of the laundry space is assumed as "Solied laundry storage room"
A42: =Zones!B42 -> Mech_FloorG | B42: =Zones!K42 -> 0 | C42: =Zones!H42 -> 351.06 | D42: 15 | E42: 0.15 | G42: =B42*D42 -> 0 | H42: =C42*E42 -> 52.659 | J42: =MAX(G42:I42) -> 52.659
A43: =Zones!B43 -> Conference_FloorG | B43: =Zones!K43 -> 28.51695 | C43: =Zones!H43 -> 864.15 | D43: 15 | E43: 0.15 | G43: =B43*D43 -> 427.75425 | H43: =C43*E43 -> 129.6225 | J43: =MAX(G43:I43) -> 427.75425
A44: =Zones!B44 -> Rear_Stair_FloorG | B44: =Zones!K44 -> 1.0804 | C44: =Zones!H44 -> 216.08 | D44: 15 | E44: 0.15 | G44: =B44*D44 -> 16.206 | H44: =C44*E44 -> 32.412 | J44: =MAX(G44:I44) -> 32.412
A45: =Zones!B45 -> Rear_Stair_FloorT | B45: =Zones!K45 -> 1.0804 | C45: =Zones!H45 -> 216.08 | D45: 15 | E45: 0.15 | G45: =B45*D45 -> 16.206 | H45: =C45*E45 -> 32.412 | J45: =MAX(G45:I45) -> 32.412
A46: =Zones!B46 -> Rear_Stair_FloorM | B46: =Zones!K46 -> 1.0804 | C46: =Zones!H46 -> 216.08 | D46: 15 | E46: 0.15 | G46: =B46*D46 -> 16.206 | H46: =C46*E46 -> 32.412 | J46: =MAX(G46:I46) -> 32.412
A47: =Zones!B47 -> Rear_Storage_FloorG | B47: =Zones!K47 -> 0.43218 | C47: =Zones!H47 -> 216.09 | D47: 15 | E47: 0.15 | G47: =B47*D47 -> 6.4827 | H47: =C47*E47 -> 32.4135 | J47: =MAX(G47:I47) -> 32.4135
A48: =Zones!B48 -> Rear_Storage_FloorM | B48: =Zones!K48 -> 0.43218 | C48: =Zones!H48 -> 216.09 | D48: 15 | E48: 0.15 | G48: =B48*D48 -> 6.4827 | H48: =C48*E48 -> 32.4135 | J48: =MAX(G48:I48) -> 32.4135
A49: =Zones!B49 -> Rear_Storage_FloorT | B49: =Zones!K49 -> 0.43218 | C49: =Zones!H49 -> 216.09 | D49: 15 | E49: 0.15 | G49: =B49*D49 -> 6.4827 | H49: =C49*E49 -> 32.4135 | J49: =MAX(G49:I49) -> 32.4135
A50: =Zones!B50 -> Restroom_FloorG | B50: =Zones!K50 -> 1.7553 | C50: =Zones!H50 -> 351.06 | D50: 15 | E50: 0.15 | F50: 50/70 cfm/unit | G50: =B50*D50 -> 26.3295 | H50: =C50*E50 -> 52.659 | I50: =50*B50 -> 87.765 | J50: =MAX(G50:I50) -> 87.765
A52: The CEC model has separate exhaust fans for each guest room with no minimum outdoor air requirement. However, PNNL and DEER specify an outdoor air requirement for each zone, which is the approach we follow here.

Sheet Thermostat
A1: Thermostat Setpoints - HotelSmall
A2: Setpoint | B2: CZ1 | C2: CZ2 | D2: CZ3 | E2: CZ4 | F2: CZ5 | G2: CZ6 | H2: CZ7 | I2: CZ8 | J2: CZ9 | K2: CZ10 | L2: CZ11 | M2: CZ12 | N2: CZ13 | O2: CZ14 | P2: CZ15 | Q2: CZ16 | R2: Source
A3: Assembly and Office Heating Setpoint (F) | B3: 70 | C3: 70 | D3: 70 | E3: 70 | F3: 70 | G3: 70 | H3: 70 | I3: 70 | J3: 70 | K3: 70 | L3: 70 | M3: 70 | N3: 70 | O3: 70 | P3: 70 | Q3: 70 | R3: T24 2022 - Appendix 5.4B, [Assembly]
A4: Assembly and Office Heating Setback (F) | B4: 60 | C4: 60 | D4: 60 | E4: 60 | F4: 60 | G4: 60 | H4: 60 | I4: 60 | J4: 60 | K4: 60 | L4: 60 | M4: 60 | N4: 60 | O4: 60 | P4: 60 | Q4: 60
A5: Assembly and Office Cooling Setpoint (F) | B5: 75 | C5: 75 | D5: 75 | E5: 75 | F5: 75 | G5: 75 | H5: 75 | I5: 75 | J5: 75 | K5: 75 | L5: 75 | M5: 75 | N5: 75 | O5: 75 | P5: 75 | Q5: 75
A6: Assembly and Office Cooling Setback (F) | B6: 85 | C6: 85 | D6: 85 | E6: 85 | F6: 85 | G6: 85 | H6: 85 | I6: 85 | J6: 85 | K6: 85 | L6: 85 | M6: 85 | N6: 85 | O6: 85 | P6: 85 | Q6: 85
A7: ResidentialCommon Heating Setpoint (F) | B7: 68 | C7: 68 | D7: 68 | E7: 68 | F7: 68 | G7: 68 | H7: 68 | I7: 68 | J7: 68 | K7: 68 | L7: 68 | M7: 68 | N7: 68 | O7: 68 | P7: 68 | Q7: 68 | R7: T24 2022 - Appendix 5.4B, [ResidentialCommon]
A8: ResidentialCommon Heating Setback (F) | B8: 68 | C8: 68 | D8: 68 | E8: 68 | F8: 68 | G8: 68 | H8: 68 | I8: 68 | J8: 68 | K8: 68 | L8: 68 | M8: 68 | N8: 68 | O8: 68 | P8: 68 | Q8: 68
A9: ResidentialCommon Cooling Setpoint (F) | B9: 78 | C9: 78 | D9: 78 | E9: 78 | F9: 78 | G9: 78 | H9: 78 | I9: 78 | J9: 78 | K9: 78 | L9: 78 | M9: 78 | N9: 78 | O9: 78 | P9: 78 | Q9: 78
A10: ResidentialCommon Cooling Setback (F) | B10: 78 | C10: 78 | D10: 78 | E10: 78 | F10: 78 | G10: 78 | H10: 78 | I10: 78 | J10: 78 | K10: 78 | L10: 78 | M10: 78 | N10: 78 | O10: 78 | P10: 78 | Q10: 78
A11: ResidentialLiving Heating Setpoint (F) | B11: 70 | C11: 70 | D11: 70 | E11: 70 | F11: 70 | G11: 70 | H11: 70 | I11: 70 | J11: 70 | K11: 70 | L11: 70 | M11: 70 | N11: 70 | O11: 70 | P11: 70 | Q11: 70
A12: ResidentialLiving Heating Setback (F) | B12: 70 | C12: 70 | D12: 70 | E12: 70 | F12: 70 | G12: 70 | H12: 70 | I12: 70 | J12: 70 | K12: 70 | L12: 70 | M12: 70 | N12: 70 | O12: 70 | P12: 70 | Q12: 70
A13: ResidentialLiving Cooling Setpoint (F) | B13: 72 | C13: 72 | D13: 72 | E13: 72 | F13: 72 | G13: 72 | H13: 72 | I13: 72 | J13: 72 | K13: 72 | L13: 72 | M13: 72 | N13: 72 | O13: 72 | P13: 72 | Q13: 72 | R13: Honeywell-INNCOM e7 Thermostat User Guide
A14: ResidentialLiving Cooling Setback (F) | B14: 72 | C14: 72 | D14: 72 | E14: 72 | F14: 72 | G14: 72 | H14: 72 | I14: 72 | J14: 72 | K14: 72 | L14: 72 | M14: 72 | N14: 72 | O14: 72 | P14: 72 | Q14: 72 | R14: & Engineering Judgment
A15: Ancillary Heating Setpoint (F) | B15: 60 | C15: 60 | D15: 60 | E15: 60 | F15: 60 | G15: 60 | H15: 60 | I15: 60 | J15: 60 | K15: 60 | L15: 60 | M15: 60 | N15: 60 | O15: 60 | P15: 60 | Q15: 60 | R15: Based on engineering judgment (semi‑conditioned space)
A16: Ancillary Heating Setback (F) | B16: 60 | C16: 60 | D16: 60 | E16: 60 | F16: 60 | G16: 60 | H16: 60 | I16: 60 | J16: 60 | K16: 60 | L16: 60 | M16: 60 | N16: 60 | O16: 60 | P16: 60 | Q16: 60
A17: Ancillary Cooling Setpoint (F) | B17: 85 | C17: 85 | D17: 85 | E17: 85 | F17: 85 | G17: 85 | H17: 85 | I17: 85 | J17: 85 | K17: 85 | L17: 85 | M17: 85 | N17: 85 | O17: 85 | P17: 85 | Q17: 85
A18: Ancillary Cooling Setback (F) | B18: 85 | C18: 85 | D18: 85 | E18: 85 | F18: 85 | G18: 85 | H18: 85 | I18: 85 | J18: 85 | K18: 85 | L18: 85 | M18: 85 | N18: 85 | O18: 85 | P18: 85 | Q18: 85
A21: PNNL had 70F for both cooling and heating setpoint without setback.
A22: 72F is the default setting for one of the most prominent thermostats (Inncom) in California hotels.
A23: It has a limit by which a hotel guest can override the default setting. For instance: if the default cooling setpoint is 72, the coolest that a user can set the cooling setpoint is 72-5 = 67F.
A24: Ref: https://prod-edam.honeywell.com/content/dam/honeywell-edam/hbt/en-us/documents/manuals-and-guides/installation-guides/inncom/hbt-bms-INNCOM-e7-USER-GUIDE.pdf

Sheet Water Heater
A1: Water Heater - HotelSmall
A2: Vintage | B2: WH Type | C2: Efficiency | D2: Number of WH | E2: Tank Volume (gal) | F2: Tank Loss | G2: Source
A3: Existing | B3: Gas | C3: 0.8 | D3: 1 | E3: See table below for CZ-specific values: Climate Zone Water Heater Sizing and Loss Coefficients, Storage Volume column (col G) | F3: See table below: Climate Zone Water Heater Sizing and Loss Coefficients, Standby Loss column (col H) | G3: See table below for sources: Climate Zone Water Heater Sizing and Loss Coefficients
A4: New Construction | B4: Gas | C4: 0.8 | D4: 1 | E4: See table below for CZ-specific values: Climate Zone Water Heater Sizing and Loss Coefficients, Storage Volume column (col G) | F4: See table below: Climate Zone Water Heater Sizing and Loss Coefficients, Standby Loss column (col H) | G4: See table below for sources: Climate Zone Water Heater Sizing and Loss Coefficients
A6: Peak Hot Water Consumption
A7: Space Name | B7: Baseline WH Type [CEUS 2022] | C7: Total Area (ft²) | D7: Number of People | E7: Hot Water Usage Specification (gal/hr per person) [T24, 2022, Appendix 5.4A , sheet: "2022 SpaceFuncData-Input"] | F7: Peak Hot Water Usage (gal/hr) | G7: Peak Hot Water Usage (gal/min) | H7: Note
A8: =Zones!B3 -> Corridor_FloorG | B8: Gas | C8: =Zones!H3 -> 1782.21 | D8: =Zones!K3 -> 8.91105 | E8: 0 | F8: =E8*D8 -> 0 | G8: =F8/60 -> 0 | H8: For space types marked with an asterisk (the ‘*’ symbol), the water‑heater type is listed as electric in Appendix 5.4A, sheet ‘2022 SpaceFuncData‑Input.’ However, we modified the value based on CEUS data, which indicates that gas is the primary fuel type.
A9: =Zones!B4 -> Corridor_FloorM | B9: Gas | C9: =Zones!H4 -> 1512.16 | D9: =Zones!K4 -> 7.5608 | E9: 0 | F9: =E9*D9 -> 0 | G9: =F9/60 -> 0
A10: =Zones!B5 -> Corridor_FloorT | B10: Gas | C10: =Zones!H5 -> 1512.16 | D10: =Zones!K5 -> 7.5608 | E10: 0 | F10: =E10*D10 -> 0 | G10: =F10/60 -> 0
A11: =Zones!B6 -> Lounge_FloorG | B11: Gas | C11: =Zones!H6 -> 351.03 | D11: =Zones!K6 -> 11.58399 | E11: 0.09 | F11: =E11*D11 -> 1.0425591 | G11: =F11/60 -> 0.017375985
A12: =Zones!B7 -> Gym_FloorG | B12: Gas | C12: 351.03 | D12: 3.5103 | E12: 0.18 | F12: =E12*D12 -> 0.631854 | G12: =F12/60 -> 0.0105309
A13: =Zones!B8 -> Front_Lounge_FloorG | B13: Gas | C13: 1755.3 | D13: 57.9249 | E13: 0.09 | F13: =E13*D13 -> 5.213241 | G13: =F13/60 -> 0.08688735
A14: =Zones!B9 -> Front_Office_FloorG | B14: Gas | C14: 1404.14 | D14: 7.0207 | E14: 0.18 | F14: =E14*D14 -> 1.263726 | G14: =F14/60 -> 0.0210621
A15: =Zones!B10 -> Front_Stair_FloorG | B15: Gas | C15: =Zones!H10 -> 216.02 | D15: =Zones!K10 -> 0 | E15: 0 | F15: =E15*D15 -> 0 | G15: =F15/60 -> 0
A16: =Zones!B11 -> Front_Stair_FloorM | B16: Gas | C16: =Zones!H11 -> 216.02 | D16: =Zones!K11 -> 0 | E16: 0 | F16: =E16*D16 -> 0 | G16: =F16/60 -> 0
A17: =Zones!B12 -> Front_Stair_FloorT | B17: Gas | C17: =Zones!H12 -> 216.02 | D17: =Zones!K12 -> 0 | E17: 0 | F17: =E17*D17 -> 0 | G17: =F17/60 -> 0
A18: =Zones!B13 -> Front_Storage_FloorG | B18: Gas | C18: =Zones!H13 -> 135.01 | D18: =Zones!K13 -> 0.27002 | E18: 0 | F18: =E18*D18 -> 0 | G18: =F18/60 -> 0
A19: =Zones!B14 -> Front_Storage_FloorM | B19: Gas | C19: =Zones!H14 -> 135.01 | D19: =Zones!K14 -> 0.27002 | E19: 0 | F19: =E19*D19 -> 0 | G19: =F19/60 -> 0
A20: =Zones!B15 -> Front_Storage_FloorT | B20: Gas | C20: =Zones!H15 -> 135.01 | D20: =Zones!K15 -> 0.27002 | E20: 0 | F20: =E20*D20 -> 0 | G20: =F20/60 -> 0
A21: =Zones!B16 -> GuestRoom_1_FloorG | B21: Gas | C21: 351.06 | D21: 1.05318 | E21: 4.48 | F21: =E21*D21 -> 4.7182464 | G21: =F21/60 -> 0.07863744
A22: =Zones!B17 -> GuestRoom_2_FloorG | B22: Gas | C22: 351.06 | D22: 1.05318 | E22: 4.48 | F22: =E22*D22 -> 4.7182464 | G22: =F22/60 -> 0.07863744
A23: =Zones!B18 -> GuestRoom_3_FloorG | B23: Gas | C23: 351.06 | D23: 1.05318 | E23: 4.48 | F23: =E23*D23 -> 4.7182464 | G23: =F23/60 -> 0.07863744
A24: =Zones!B19 -> GuestRoom_4_FloorG | B24: Gas | C24: 351.03 | D24: 1.05309 | E24: 4.48 | F24: =E24*D24 -> 4.7178432 | G24: =F24/60 -> 0.07863072
A25: =Zones!B20 -> GuestRoom_5_FloorG | B25: Gas | C25: 351.03 | D25: 1.05309 | E25: 4.48 | F25: =E25*D25 -> 4.7178432 | G25: =F25/60 -> 0.07863072
A26: =Zones!B21 -> GuestRoom_1_FloorM | B26: Gas | C26: 351.06 | D26: 1.05318 | E26: 4.48 | F26: =E26*D26 -> 4.7182464 | G26: =F26/60 -> 0.07863744
A27: =Zones!B22 -> GuestRoom_2_5_FloorM | B27: Gas | C27: 1404.24 | D27: 4.21272 | E27: 4.48 | F27: =E27*D27 -> 18.872986 | G27: =F27/60 -> 0.31454976
A28: =Zones!B23 -> GuestRoom_6_8_FloorM | B28: Gas | C28: 1134.2 | D28: 3.4026 | E28: 4.48 | F28: =E28*D28 -> 15.243648 | G28: =F28/60 -> 0.2540608
A29: =Zones!B24 -> GuestRoom_9_12_FloorM | B29: Gas | C29: 1404.24 | D29: 4.21272 | E29: 4.48 | F29: =E29*D29 -> 18.872986 | G29: =F29/60 -> 0.31454976
A30: =Zones!B25 -> GuestRoom_13_FloorM | B30: Gas | C30: 351.06 | D30: 1.05318 | E30: 4.48 | F30: =E30*D30 -> 4.7182464 | G30: =F30/60 -> 0.07863744
A31: =Zones!B26 -> GuestRoom_14_FloorM | B31: Gas | C31: 351.03 | D31: 1.05309 | E31: 4.48 | F31: =E31*D31 -> 4.7178432 | G31: =F31/60 -> 0.07863072
A32: =Zones!B27 -> GuestRoom_15_18_FloorM | B32: Gas | C32: 1404.14 | D32: 4.21242 | E32: 4.48 | F32: =E32*D32 -> 18.871642 | G32: =F32/60 -> 0.31452736
... A46: =Zones!B41 -> Laundry_FloorG | B46: Gas | C46: 1053.11 | D46: 5.26555 | E46: 0.578 | F46: =E46*D46 -> 3.0434879 | G46: =F46/60 -> 0.050724798
A47: =Zones!B42 -> Mech_FloorG | B47: Gas | C47: =Zones!H42 -> 351.06 | D47: =Zones!K42 -> 0 | E47: 0.18 | F47: =E47*D47 -> 0 | G47: =F47/60 -> 0
A48: =Zones!B43 -> Conference_FloorG | B48: Gas | C48: 864.15 | D48: 28.51695 | E48: 0.09 | F48: =E48*D48 -> 2.5665255 | G48: =F48/60 -> 0.042775425
A49: =Zones!B44 -> Rear_Stair_FloorG | B49: Gas | C49: =Zones!H44 -> 216.08 | D49: =Zones!K44 -> 1.0804 | E49: 0 | F49: =E49*D49 -> 0 | G49: =F49/60 -> 0
A50: =Zones!B45 -> Rear_Stair_FloorT | B50: Gas | C50: =Zones!H45 -> 216.08 | D50: =Zones!K45 -> 1.0804 | E50: 0 | F50: =E50*D50 -> 0 | G50: =F50/60 -> 0
A51: =Zones!B46 -> Rear_Stair_FloorM | B51: Gas | C51: =Zones!H46 -> 216.08 | D51: =Zones!K46 -> 1.0804 | E51: 0 | F51: =E51*D51 -> 0 | G51: =F51/60 -> 0
A52: =Zones!B47 -> Rear_Storage_FloorG | B52: Gas | C52: =Zones!H47 -> 216.09 | D52: =Zones!K47 -> 0.43218 | E52: 0 | F52: =E52*D52 -> 0 | G52: =F52/60 -> 0
A53: =Zones!B48 -> Rear_Storage_FloorM | B53: Gas | C53: =Zones!H48 -> 216.09 | D53: =Zones!K48 -> 0.43218 | E53: 0 | F53: =E53*D53 -> 0 | G53: =F53/60 -> 0
A54: =Zones!B49 -> Rear_Storage_FloorT | B54: Gas | C54: =Zones!H49 -> 216.09 | D54: =Zones!K49 -> 0.43218 | E54: 0 | F54: =E54*D54 -> 0 | G54: =F54/60 -> 0
A55: =Zones!B50 -> Restroom_FloorG | B55: Gas | C55: =Zones!H50 -> 351.06 | D55: =Zones!K50 -> 1.7553 | E55: 0 | F55: =E55*D55 -> 0 | G55: =F55/60 -> 0
A56: Total | B56: Gas storage | F56: =SUM(F8:F55) -> 265.99794 | H56: Minimum peak hot water usage is 75 gal according to ACM 2025
A57: Total | B57: Electric resistance | F57: 0
A59: Number of WH | B59: =MAX(1,ROUNDUP(MAX(30,$F$56*$B$64)/MAX($E$88:$E$106),0)) -> 1
A61: Design supply temperature (°F) | B61: 135 | C61: CEC-400-2022-009-CMF-REV2-AP5.4B
A62: WH system factor | B62: 0.6 | C62: 2025 ACM §5.9.2 Rated Capacity | G62: {=_xlfn.LET( _xlpm.g,SUMIF($B$8:$B$55,"Gas*",$F$8:$F$55), _xlpm.e,SUMIF($B$8:$B$55,"Electric*",$F$8:$F$55), IF(AND(_xlpm.g>0,_xlpm.e>0),_xlpm.g,IF(_xlpm.g>0,MAX(75,_xlpm.g),0)))} -> 265.99794
A63: Water mass conversion (lb/gal) | B63: 8.2877 | C63: 2025 ACM §5.9.2 Rated Capacity
A64: Reheat multiplier | B64: 0.4 | C64: 2025 ACM §5.9.2 Storage Volume
A65: Climate Zone Water Heater Sizing and Loss Coefficients
A66: Climate Zone | B66: Minimum Monthly Mains Temp (°F) [T24 2022 - Appendix 5.4B] | C66: Heat Output (Btu/hr) [ACM, 2025, 5.9.2: Rated capacity section] | D66: WH Capacity (Btu/hr) [ACM, 2025, 5.9.2: Rated capacity section] | E66: Required Energy Input (Btu/hr) | F66: Storage Volume (gal) | G66: Standby Loss [Title 20, §1605.1 Table F-4; Appendix B: Water Heating Calculation Method] | I66: Off/On Cycle Loss Coefficient to Ambient Temp | K66: Source/Note
A67: CZ01 | B67: 47.9 | C67: =$F$56*($B$61-B67)*$B$63 -> 192012.92 | D67: =C67*$B$62 -> 115207.75 | E67: =_xlfn.LET(_xlpm.x,_xlfn.XLOOKUP(D67/$C$3,$A$88:$A$118,$A$88:$A$118,"",1),IF(_xlpm.x="",ROUNDUP(D67/$C$3,0),_xlpm.x)) -> 145000 | F67: =_xlfn.LET(_xlpm.v,MAX(30,$F$56*$B$64),_xlpm.x,_xlfn.XLOOKUP(_xlpm.v,$E$88:$E$106,$E$88:$E$106,"",1),IF(_xlpm.x="",ROUNDUP(_xlpm.v,0),_xlpm.x)) -> 110 | G67: =(E67/800)+110*SQRT(F67) -> 1334.9397 | H67: Btu/hr | I67: =G67/70 -> 19.070568 | J67: Btu/h·°F | K67: Required Energy Input: vendor/available catalog size (Market data table). Storage Volume: standard/available catalog tank size (Market data table).
A68: CZ02 | B68: 50.8 | C68: =$F$56*($B$61-B68)*$B$63 -> 185619.84 | D68: =C68*$B$62 -> 111371.9 | E68: =_xlfn.LET(_xlpm.x,_xlfn.XLOOKUP(D68/$C$3,$A$88:$A$118,$A$88:$A$118,"",1),IF(_xlpm.x="",ROUNDUP(D68/$C$3,0),_xlpm.x)) -> 145000 | F68: =_xlfn.LET(_xlpm.v,MAX(30,$F$56*$B$64),_xlpm.x,_xlfn.XLOOKUP(_xlpm.v,$E$88:$E$106,$E$88:$E$106,"",1),IF(_xlpm.x="",ROUNDUP(_xlpm.v,0),_xlpm.x)) -> 110 | G68: =(E68/800)+110*SQRT(F68) -> 1334.9397 | H68: Btu/hr | I68: =G68/70 -> 19.070568 | J68: Btu/h·°F
A69: CZ03 | B69: 52.2 | C69: =$F$56*($B$61-B69)*$B$63 -> 182533.52 | D69: =C69*$B$62 -> 109520.11 | E69: =_xlfn.LET(_xlpm.x,_xlfn.XLOOKUP(D69/$C$3,$A$88:$A$118,$A$88:$A$118,"",1),IF(_xlpm.x="",ROUNDUP(D69/$C$3,0),_xlpm.x)) -> 145000 | F69: =_xlfn.LET(_xlpm.v,MAX(30,$F$56*$B$64),_xlpm.x,_xlfn.XLOOKUP(_xlpm.v,$E$88:$E$106,$E$88:$E$106,"",1),IF(_xlpm.x="",ROUNDUP(_xlpm.v,0),_xlpm.x)) -> 110 | G69: =(E69/800)+110*SQRT(F69) -> 1334.9397 | H69: Btu/hr | I69: =G69/70 -> 19.070568 | J69: Btu/h·°F
A70: CZ04 | B70: 52.7 | C70: =$F$56*($B$61-B70)*$B$63 -> 181431.26 | D70: =C70*$B$62 -> 108858.76 | E70: =_xlfn.LET(_xlpm.x,_xlfn.XLOOKUP(D70/$C$3,$A$88:$A$118,$A$88:$A$118,"",1),IF(_xlpm.x="",ROUNDUP(D70/$C$3,0),_xlpm.x)) -> 145000 | F70: =_xlfn.LET(_xlpm.v,MAX(30,$F$56*$B$64),_xlpm.x,_xlfn.XLOOKUP(_xlpm.v,$E$88:$E$106,$E$88:$E$106,"",1),IF(_xlpm.x="",ROUNDUP(_xlpm.v,0),_xlpm.x)) -> 110 | G70: =(E70/800)+110*SQRT(F70) -> 1334.9397 | H70: Btu/hr | I70: =G70/70 -> 19.070568 | J70: Btu/h·°F
A71: CZ05 | B71: 51.6 | C71: =$F$56*($B$61-B71)*$B$63 -> 183856.23 | D71: =C71*$B$62 -> 110313.74 | E71: =_xlfn.LET(_xlpm.x,_xlfn.XLOOKUP(D71/$C$3,$A$88:$A$118,$A$88:$A$118,"",1),IF(_xlpm.x="",ROUNDUP(D71/$C$3,0),_xlpm.x)) -> 145000 | F71: =_xlfn.LET(_xlpm.v,MAX(30,$F$56*$B$64),_xlpm.x,_xlfn.XLOOKUP(_xlpm.v,$E$88:$E$106,$E$88:$E$106,"",1),IF(_xlpm.x="",ROUNDUP(_xlpm.v,0),_xlpm.x)) -> 110 | G71: =(E71/800)+110*SQRT(F71) -> 1334.9397 | H71: Btu/hr | I71: =G71/70 -> 19.070568 | J71: Btu/h·°F
A72: CZ06 | B72: 56.8 | C72: =$F$56*($B$61-B72)*$B$63 -> 172392.77 | D72: =C72*$B$62 -> 103435.66 | E72: =_xlfn.LET(_xlpm.x,_xlfn.XLOOKUP(D72/$C$3,$A$88:$A$118,$A$88:$A$118,"",1),IF(_xlpm.x="",ROUNDUP(D72/$C$3,0),_xlpm.x)) -> 130000 | F72: =_xlfn.LET(_xlpm.v,MAX(30,$F$56*$B$64),_xlpm.x,_xlfn.XLOOKUP(_xlpm.v,$E$88:$E$106,$E$88:$E$106,"",1),IF(_xlpm.x="",ROUNDUP(_xlpm.v,0),_xlpm.x)) -> 110 | G72: =(E72/800)+110*SQRT(F72) -> 1316.1897 | H72: Btu/hr | I72: =G72/70 -> 18.80271 | J72: Btu/h·°F
A73: CZ07 | B73: 58.4 | C73: =$F$56*($B$61-B73)*$B$63 -> 168865.55 | D73: =C73*$B$62 -> 101319.33 | E73: =_xlfn.LET(_xlpm.x,_xlfn.XLOOKUP(D73/$C$3,$A$88:$A$118,$A$88:$A$118,"",1),IF(_xlpm.x="",ROUNDUP(D73/$C$3,0),_xlpm.x)) -> 130000 | F73: =_xlfn.LET(_xlpm.v,MAX(30,$F$56*$B$64),_xlpm.x,_xlfn.XLOOKUP(_xlpm.v,$E$88:$E$106,$E$88:$E$106,"",1),IF(_xlpm.x="",ROUNDUP(_xlpm.v,0),_xlpm.x)) -> 110 | G73: =(E73/800)+110*SQRT(F73) -> 1316.1897 | H73: Btu/hr | I73: =G73/70 -> 18.80271 | J73: Btu/h·°F
A74: CZ08 | B74: 58.4 | C74: =$F$56*($B$61-B74)*$B$63 -> 168865.55 | D74: =C74*$B$62 -> 101319.33 | E74: =_xlfn.LET(_xlpm.x,_xlfn.XLOOKUP(D74/$C$3,$A$88:$A$118,$A$88:$A$118,"",1),IF(_xlpm.x="",ROUNDUP(D74/$C$3,0),_xlpm.x)) -> 130000 | F74: =_xlfn.LET(_xlpm.v,MAX(30,$F$56*$B$64),_xlpm.x,_xlfn.XLOOKUP(_xlpm.v,$E$88:$E$106,$E$88:$E$106,"",1),IF(_xlpm.x="",ROUNDUP(_xlpm.v,0),_xlpm.x)) -> 110 | G74: =(E74/800)+110*SQRT(F74) -> 1316.1897 | H74: Btu/hr | I74: =G74/70 -> 18.80271 | J74: Btu/h·°F
A75: CZ09 | B75: 57.6 | C75: =$F$56*($B$61-B75)*$B$63 -> 170629.16 | D75: =C75*$B$62 -> 102377.5 | E75: =_xlfn.LET(_xlpm.x,_xlfn.XLOOKUP(D75/$C$3,$A$88:$A$118,$A$88:$A$118,"",1),IF(_xlpm.x="",ROUNDUP(D75/$C$3,0),_xlpm.x)) -> 130000 | F75: =_xlfn.LET(_xlpm.v,MAX(30,$F$56*$B$64),_xlpm.x,_xlfn.XLOOKUP(_xlpm.v,$E$88:$E$106,$E$88:$E$106,"",1),IF(_xlpm.x="",ROUNDUP(_xlpm.v,0),_xlpm.x)) -> 110 | G75: =(E75/800)+110*SQRT(F75) -> 1316.1897 | H75: Btu/hr | I75: =G75/70 -> 18.80271 | J75: Btu/h·°F
A76: CZ10 | B76: 57.1 | C76: =$F$56*($B$61-B76)*$B$63 -> 171731.42 | D76: =C76*$B$62 -> 103038.85 | E76: =_xlfn.LET(_xlpm.x,_xlfn.XLOOKUP(D76/$C$3,$A$88:$A$118,$A$88:$A$118,"",1),IF(_xlpm.x="",ROUNDUP(D76/$C$3,0),_xlpm.x)) -> 130000 | F76: =_xlfn.LET(_xlpm.v,MAX(30,$F$56*$B$64),_xlpm.x,_xlfn.XLOOKUP(_xlpm.v,$E$88:$E$106,$E$88:$E$106,"",1),IF(_xlpm.x="",ROUNDUP(_xlpm.v,0),_xlpm.x)) -> 110 | G76: =(E76/800)+110*SQRT(F76) -> 1316.1897 | H76: Btu/hr | I76: =G76/70 -> 18.80271 | J76: Btu/h·°F
A77: CZ11 | B77: 50.5 | C77: =$F$56*($B$61-B77)*$B$63 -> 186281.19 | D77: =C77*$B$62 -> 111768.71 | E77: =_xlfn.LET(_xlpm.x,_xlfn.XLOOKUP(D77/$C$3,$A$88:$A$118,$A$88:$A$118,"",1),IF(_xlpm.x="",ROUNDUP(D77/$C$3,0),_xlpm.x)) -> 145000 | F77: =_xlfn.LET(_xlpm.v,MAX(30,$F$56*$B$64),_xlpm.x,_xlfn.XLOOKUP(_xlpm.v,$E$88:$E$106,$E$88:$E$106,"",1),IF(_xlpm.x="",ROUNDUP(_xlpm.v,0),_xlpm.x)) -> 110 | G77: =(E77/800)+110*SQRT(F77) -> 1334.9397 | H77: Btu/hr | I77: =G77/70 -> 19.070568 | J77: Btu/h·°F
A78: CZ12 | B78: 51.4 | C78: =$F$56*($B$61-B78)*$B$63 -> 184297.13 | D78: =C78*$B$62 -> 110578.28 | E78: =_xlfn.LET(_xlpm.x,_xlfn.XLOOKUP(D78/$C$3,$A$88:$A$118,$A$88:$A$118,"",1),IF(_xlpm.x="",ROUNDUP(D78/$C$3,0),_xlpm.x)) -> 145000 | F78: =_xlfn.LET(_xlpm.v,MAX(30,$F$56*$B$64),_xlpm.x,_xlfn.XLOOKUP(_xlpm.v,$E$88:$E$106,$E$88:$E$106,"",1),IF(_xlpm.x="",ROUNDUP(_xlpm.v,0),_xlpm.x)) -> 110 | G78: =(E78/800)+110*SQRT(F78) -> 1334.9397 | H78: Btu/hr | I78: =G78/70 -> 19.070568 | J78: Btu/h·°F
A79: CZ13 | B79: 51.7 | C79: =$F$56*($B$61-B79)*$B$63 -> 183635.78 | D79: =C79*$B$62 -> 110181.47 | E79: =_xlfn.LET(_xlpm.x,_xlfn.XLOOKUP(D79/$C$3,$A$88:$A$118,$A$88:$A$118,"",1),IF(_xlpm.x="",ROUNDUP(D79/$C$3,0),_xlpm.x)) -> 145000 | F79: =_xlfn.LET(_xlpm.v,MAX(30,$F$56*$B$64),_xlpm.x,_xlfn.XLOOKUP(_xlpm.v,$E$88:$E$106,$E$88:$E$106,"",1),IF(_xlpm.x="",ROUNDUP(_xlpm.v,0),_xlpm.x)) -> 110 | G79: =(E79/800)+110*SQRT(F79) -> 1334.9397 | H79: Btu/hr | I79: =G79/70 -> 19.070568 | J79: Btu/h·°F
... A82: CZ16 | B82: 41.4 | C82: =$F$56*($B$61-B82)*$B$63 -> 206342.24 | D82: =C82*$B$62 -> 123805.34 | E82: =_xlfn.LET(_xlpm.x,_xlfn.XLOOKUP(D82/$C$3,$A$88:$A$118,$A$88:$A$118,"",1),IF(_xlpm.x="",ROUNDUP(D82/$C$3,0),_xlpm.x)) -> 156000 | F82: =_xlfn.LET(_xlpm.v,MAX(30,$F$56*$B$64),_xlpm.x,_xlfn.XLOOKUP(_xlpm.v,$E$88:$E$106,$E$88:$E$106,"",1),IF(_xlpm.x="",ROUNDUP(_xlpm.v,0),_xlpm.x)) -> 110 | G82: =(E82/800)+110*SQRT(F82) -> 1348.6897 | H82: Btu/hr | I82: =G82/70 -> 19.266996 | J82: Btu/h·°F
A86: Market data
A87: Catalog gas input (Btu/h) | B87: Input source | C87: Elec resistance tank (kW) | D87: Elec resistance (Btu/h) | E87: Catalog gas tank (gal) | F87: Tank source | G87: Elec tank (gal) | H87: Elec tank source | I87: =HYPERLINK("#'Note'!A1","Sources and links → Note tab") -> Sources and links → Note tab
A88: 60000 | B88: Grainger | C88: 1.5 | D88: 5118 | E88: 34 | F88: ENERGY STAR | G88: 6 | H88: Grainger
A89: 75100 | B89: Grainger | C89: 2 | D89: 6824 | E89: 35 | F89: Grainger | G89: 10 | H89: Grainger
A90: 76000 | B90: Both | C90: 3 | D90: 10236 | E90: 48 | F90: Grainger | G90: 15 | H90: Grainger
A91: 80000 | B91: Grainger | C91: 4.5 | D91: 15355 | E91: 50 | F91: Both | G91: 20 | H91: Grainger
A92: 99900 | B92: ENERGY STAR | C92: 6 | D92: 20473 | E92: 55 | F92: ENERGY STAR | G92: 28 | H92: Grainger
A93: 100000 | B93: Both | C93: 8 | D93: 27297 | E93: 60 | F93: ENERGY STAR | G93: 30 | H93: Grainger
A94: 120000 | B94: ENERGY STAR | C94: 9 | D94: 30709 | E94: 65 | F94: Both | G94: 36 | H94: Grainger
A95: 125000 | B95: Both | C95: 10 | D95: 34121 | E95: 72 | F95: Grainger | G95: 40 | H95: Grainger
A96: 130000 | B96: Both | C96: 12 | D96: 40946 | E96: 75 | F96: Both | G96: 47
A97: 145000 | B97: ENERGY STAR | C97: 12.1 | D97: 41287 | E97: 76 | F97: Grainger | G97: 50
A98: 150000 | B98: ENERGY STAR | C98: 18 | D98: 61419 | E98: 80 | F98: Both | G98: 65
A99: 156000 | B99: Grainger | C99: 24 | D99: 81891 | E99: 82 | F99: Grainger | G99: 80
A100: 160000 | B100: Both | C100: 27 | D100: 92128 | E100: 85 | F100: Grainger | G100: 85
A101: 175000 | B101: ENERGY STAR | C101: 36 | D101: 122837 | E101: 90 | F101: Both | G101: 105
A102: 180000 | B102: Grainger | C102: 54 | D102: 184256 | E102: 91 | F102: Grainger | G102: 120
A103: 199000 | B103: ENERGY STAR | E103: 100 | F103: Both
A104: 199900 | B104: Both | E104: 110 | F104: ENERGY STAR
A105: 200000 | B105: ENERGY STAR | E105: 119 | F105: Both
A106: 250000 | B106: Both | E106: 125 | F106: ENERGY STAR
A107: 251000 | B107: ENERGY STAR
A108: 270000 | B108: Grainger
A109: 285000 | B109: ENERGY STAR
A110: 300000 | B110: Both
A111: 320000 | B111: ENERGY STAR
A112: 360000 | B112: Grainger
A113: 398000 | B113: ENERGY STAR
A114: 399000 | B114: ENERGY STAR
A115: 399900 | B115: Both
A116: 499900 | B116: Grainger
A117: 550000 | B117: Grainger
A118: 715000 | B118: Grainger

Sheet Interior Lights
A1: Interior Lighting - HotelSmall
A2: Space Type | B2: New Construction | E2: Existing | H2: Note
B3: LPD (W/ft²) | C3: Additional LPD for Portable Lighting (W/ft²) | D3: Source | E3: LPD (W/ft²) | F3: Additional LPD for Portable Lighting (W/ft²) | G3: Source
A4: Corridor Area | B4: 0.4 | D4: T24, 2025, Table 140.6-C PNNL ASHRAE 90.1 2022 for Guest Room, same as ASHRAE 90.1 2025 (Area category method) | E4: 0.6 | G4: T24, 2019*, Table 140.6-C (Area category method) Guest rooms: ASHRAE 90.1 2016, Table 9.6.1 (It's been assumed that guest rooms have a longer lighting replacement cycle compared to other space types)
A5: Lounge, Breakroom, or Waiting Area | B5: 0.55 | C5: =0.25*0.5 -> 0.125 | E5: 0.85 | F5: 0.25
A6: Exercise/Fitness Center and Gymnasium Areas | B6: 0.5 | E6: 0.5
A7: Office Area (>250 square feet) | B7: 0.6 | C7: 0.1 | E7: 0.7
A8: Stairwell | B8: 0.6 | E8: 0.5
A9: Storage (General) | B9: 0.4 | E9: 0.4
A10: Hotel/Motel Guest Room | B10: 0.41 | E10: 0.77
A11: Laundry Area | B11: 0.45 | E11: 0.45
A12: Electrical, Mechanical, Telephone Rooms | B12: 0.4 | E12: 0.4
A13: Convention, Conference, Multipurpose and Meeting Area | B13: 0.75 | C13: =0.25*0.5 -> 0.125 | E13: 0.85 | F13: 0.25
A14: Restrooms | B14: 0.65 | E14: 0.65
A16: Comply with 130.1(c)8: Hotel/motel guest rooms shall be controlled with one of the following controls such that, no longer than 20 minutes after the guest room has been vacated, lighting power is switched off: i. Captive card key controls; or ii. Occupant sensing controls; or iii. Other automatic controls.
A22: Background Data [To be deleted prior to publication]

Sheet Ext Lighting
A1: Exterior Lighting - HotelSmall
A2: Motion Controlled Luminaires (W) | B2: Non-motion Controlled Luminaires (W) | C2: Total (W) | D2: Source
A3: =G16 -> 979.85732 | B3: =G17 -> 742.68323 | C3: =A3+B3 -> 1722.5405 | D3: T24, 2025
A8: Exterior Lighting
A9: Items (Assume LZ2) | B9: Assumptions [2019 Outdoor Lighting CASE Report & PNNL 90.1-2010 TSD] | D9: Unit | E9: Lighting Power Allowance [T24, 2025, Table 140.7-A & 140.7-B] | F9: Unit | G9: Exterior Lighting Power (W)
A10: IWA (Initial Wage Allowance) | E10: 200 | F10: (W) | G10: =$E10 -> 200
A11: Parking area | B11: 400 ft² for every parking space [2019 Lighting CASE report, Appendix H] 1 parking space per 360 ft² of gross building area [2019 Lighting CASE report,Table 38] | C11: =B23/360*400 -> 36005.122 | D11: (ft²) | E11: 0.019 | F11: (W/ft²) | G11: =$E11*C11 -> 684.09732
A12: Building Entrance | B12: 2 building entrance (1 per 10,000 ft² footprint) | C12: =2 -> 2 | D12: (count) | E12: 15 | F12: (W/ea) | G12: =E12*2 -> 30
A13: Hardscape Ornamental Light | B13: 0.1 ft² per 1 ft² of gross building area [2019 Lighting CASE report,Table 36] | C13: =B23*0.1 -> 3240.461 | D13: (ft²) | E13: 0.007 | F13: (W/ft²) | G13: =E13*C13 -> 22.683227
A14: Building façade | B14: 0.1 W per 1 ft² of facade area Façade Area = Perimeter × 0.5 × 29 ft (30 ft is the max height that is lit) * The 0.5 factor assumes that only half of the perimeter walls are lit. -Formula ia developed based on the 2019 Outdoor Lighting CASE report | C14: =B22*0.5*30 -> 7200 | D14: (ft²) | E14: 0.1 | F14: (W/ft²) | G14: =E14*C14 -> 720
A15: Non-sales canopy | B15: Size of the canopy is 40 ft* 12 ft according to the geometry | C15: =(40*12) -> 480 | D15: (ft²) | E15: 0.137 | F15: (W/ft²) | G15: =E15*C15 -> 65.76
A16: \ | G16: =G11+G10+G15+G12 -> 979.85732
A17: Non-motion-controlled Luminaires | G17: =G13+G14 -> 742.68323
A18: Total | G18: =G16+G17 -> 1722.5405
A20: *Developed based on 2019 Outdoor Lighting CASE Report
A22: Perimeter (ft) | B22: =(180+60)*2 -> 480
A23: Total floor area (ft²) | B23: =Zones!H51 -> 32404.61
A24: Floors | B24: 3

Sheet Equipment
A1: Equipment - HotelSmall
A2: Space Type | B2: Plug load Power Density (W/ft²) | C2: Gas Power Density (Btu/hr-ft²) | D2: Refrigeration Power Density (W/ft²) | E2: Source | F2: Note
A3: Corridor Area | B3: 0 | E3: T24 2022 - Appendix 5.4A
A4: Lounge, Breakroom, or Waiting Area | B4: 1
A5: Exercise/Fitness Center and Gymnasium Areas | B5: 0.5
A6: Office Area (>250 square feet) | B6: 0.7 | E6: Plug load and schedules project with CEC, 2025
A7: Stairwell | B7: 0 | E7: T24 2022 - Appendix 5.4A
A8: Storage (General) | B8: 0.2
A9: Hotel/Motel Guest Room | B9: 0.5 | E9: Plug load and schedules project with CEC, 2025
A10: Laundry Area | B10: 3 | C10: 0.75 | E10: T24 2022 - Appendix 5.4A | F10: Appendix 5.4A: Gas equipment=0.75 Btu/hr-ft² (CEC model (small Hotel) has the Gas equipment for 3.6 Btu/hr-ft²)
A11: Electrical, Mechanical, Telephone Rooms | B11: 3
A12: Convention, Conference, Multipurpose and Meeting Area | B12: 1
A13: Restrooms | B13: 0
A16: Elevator
A17: Vintage | B17: Class | C17: Number of elevators (ne) | D17: Cab Lighting Power Limit (W/ft2) | E17: Fan Power Limit (W/CFM) | F17: Cab Ventilation Fan & Lighting Shutoff | G17: Design Motor Load (W) | H17: Fan Load (W) | I17: Lighting Load (W) | J17: Total (W) | K17: Note
A18: Existing | B18: F/G | C18: 2 | D18: 1.14 | E18: 0.33 | F18: When stopped and unoccupied with doors closed for over 15 minutes, cab interior lighting and ventilation shall be de-energized until required for operation. | G18: =ROUND(INDEX($C:$C,MATCH("Annual energy consumption of the elevator - Existing",$B:$B,0))/INDEX($C:$C,MATCH("Equivalent full load hours",$B:$B,0))*1000,2) -> 16434.2 | H18: =ROUND(C18*INDEX($C:$C,MATCH("Cab fan airflow",$B:$B,0))*E18,2) -> 165 | I18: =ROUND(C18*INDEX($C:$C,MATCH("Cab floor area",$B:$B,0))*D18,2) -> 68.17 | J18: =ROUND(SUM(G18:I18),2) -> 16667.37 | K18: Design load is calculated according to ISO 25745-2 method using Class F/G. Cab lighting and fan requirements are based on ASHRAE 90.1 2013.
A19: New Construction | B19: E | C19: 2 | D19: 0.6 | E19: 0.33 | F19: When the elevator cab is stopped and unoccupied with doors closed for over 15 minutes, the cab interior lighting and ventilation fans shall be switched off until elevator cab operation resumes. | G19: =ROUND(INDEX($C:$C,MATCH("Annual energy consumption of the elevator - New Construction",$B:$B,0))/INDEX($C:$C,MATCH("Equivalent full load hours",$B:$B,0))*1000,2) -> 8753.88 | H19: =ROUND(C19*INDEX($C:$C,MATCH("Cab fan airflow",$B:$B,0))*E19,2) -> 165 | I19: =ROUND(C19*INDEX($C:$C,MATCH("Cab floor area",$B:$B,0))*D19,2) -> 35.88 | J19: =ROUND(SUM(G19:I19),2) -> 8954.76 | K19: Design load is calculated according to ISO 25745-2 method using Class E. Cab lighting and fan requirements are based on T24 2025 §120.6 (f).
A22: Small Hotel Elevator Calculations
A23: Symbol | B23: Definition | C23: Value | D23: Units | E23: Source
A24: E | B24: Annual energy consumption of the elevator - Existing | C24: 33291.59 | D24: kWh/year | E24: Calculated
B25: Annual energy consumption of the elevator - New Construction | C25: 17733.18 | D25: kWh/year | E25: Calculated
A26: C1 | B26: Running-energy coefficient | C26: 3.65 for Class E; 5.47 for Class F | D26: Coefficient | E26: ISO 25745-2 Table 7
A27: C2 | B27: Idle/standby coefficient | C27: 800 for Class E; 1,600 for Class F | D27: Coefficient | E27: ISO 25745-2 Table 7
A28: Q | B28: Rated load of elevator | C28: 1361 | D28: kg | E28: Assumed for all prototypes
A29: Elevator Size | B29: Cab floor area | C29: 29.9 | D29: ft^2 | E29: W=6.781 ft, L=4.406 ft; assumed based on representative manufacturer
A30: CFM | B30: Cab fan airflow | C30: 250 | D30: cfm | E30: Assumed for multifamily and commercial prototypes
A31: cat | B31: Usage category | C31: 3 | D31: - | E31: ISO 25745-2 Table A.1
A32: d | B32: Operating days per year | C32: 360 | D32: days/year | E32: ISO 25745-2 Table A.1
A33: nf | B33: Number of floors | C33: 3 | D33: floors | E33: Prototype assumptions
A34: h | B34: Floor-to-floor height | C34: 2.75 | D34: m | E34: Prototype assumptions
A35: v | B35: Elevator lift speed | C35: 1.6 | D35: m/s | E35: ISO 25745-2 Table A.1
A36: nd | B36: Number of trips per day | C36: 300 | D36: trips/day | E36: ISO 25745-2 Table A.1
A37: S_pct | B37: Percent of average travel distance | C37: 0.49 | D37: % | E37: ISO 25745-2 Table 2
A38: a | B38: Acceleration | C38: 1 | D38: m/s^2 | E38: Annex B of ISO 25745-2
A39: j | B39: Jerk | C39: 1.25 | D39: m/s^3 | E39: Annex B of ISO 25745-2
... A45: Total light level | B45: Total light level | C45: 40 | D45: lm/ft2 | E45: PNNL Prototypes
A46: EFLH | B46: Equivalent full load hours | C46: =Schedules!AD107 -> 2025.75 | D46: hours | E46: Calculated using the elevator schedule
A83: Background Data [To be deleted prior to publication]
C84: Equipment (Plug load)
C85: Zones | D85: floor area (ft²) | E85: Plug load Intensity (W/ft²) | F85: Total equipment load (W)
C86: Open_Office_N | D86: 913.68642 | E86: 1.5 | F86: =E86*D86/SUM($D$86:$D$95) -> 0.24918721
C87: Closed_Office_W | D87: 909.75659 | E87: 1.5 | F87: =E87*D87/SUM($D$86:$D$95) -> 0.24811543
C88: Closed_Office_E | D88: 909.75659 | E88: 1.5 | F88: =E88*D88/SUM($D$86:$D$95) -> 0.24811543
C89: Conference | D89: 456.84321 | E89: 1 | F89: =E89*D89/SUM($D$86:$D$95) -> 0.083062402
C90: Lobby + Lounge | D90: 456.84321 | E90: 0.5 | F90: =E90*D90/SUM($D$86:$D$95) -> 0.041531201
C91: Storage | D91: 763.37881 | E91: 0.2 | F91: =E91*D91/SUM($D$86:$D$95) -> 0.027759229
C92: Mechanical/Electrical | D92: 118.61264 | E92: 3 | F92: =E92*D92/SUM($D$86:$D$95) -> 0.064697806
C93: Restroom | D93: 237.22529 | E93: 0 | F93: =E93*D93/SUM($D$86:$D$95) -> 0
C94: Break/Copy Room | D94: 118.61264 | E94: 1 | F94: =E94*D94/SUM($D$86:$D$95) -> 0.021565935
C95: Corridor | D95: 615.2846 | E95: 0 | F95: =E95*D95/SUM($D$86:$D$95) -> 0
F96: =SUM(F86:F95) -> 0.98403464
B99: Equipment (Plug Load )- Prototypes comparison
B100: Unit | C100: CEC OffSml | D100: DEER OFS | E100: PNNL | F100: ComStock | G100: Note
B101: W/m2 | C101: 16.145866 | D101: 16.145866 | E101: 6.78 | G101: PNNL considers higher load for electric equipment
B102: Yearly Load multiplier | C102: =B145*249+C145*52+D145*(364-249-52) -> 2835.7 | D102: =K145*249+L145*52+M145*(364-249-52) -> 2835.7 | E102: =F145*249+G145*52+I145*(364-249-52) -> 3837.815 | K102: =D101*D102 -> 45784.831 | L102: =E101*E102 -> 26020.386
F119: PNNL 2022 | K119: DEER 2024
B120: CEC-Weekday | C120: CEC-Saturday | D120: CEC-Sunday | F120: PNNL-Weekday | G120: PNNL-Saturday | I120: PNNL-Sunday | K120: DEER-Weekday | L120: DEER-Saturday | M120: DEER-OtherDays
A121: 1 | B121: 0.05 | C121: 0.05 | D121: 0.05 | F121: 0.40947756 | G121: 0.16379102 | I121: 0.16379102 | K121: 0.05 | L121: 0.05 | M121: 0.05
A122: =A121+1 -> 2 | B122: 0.05 | C122: 0.05 | D122: 0.05 | F122: 0.40947756 | G122: 0.16379102 | I122: 0.16379102 | K122: 0.05 | L122: 0.05 | M122: 0.05
A123: =A122+1 -> 3 | B123: 0.05 | C123: 0.05 | D123: 0.05 | F123: 0.40947756 | G123: 0.16379102 | I123: 0.16379102 | K123: 0.05 | L123: 0.05 | M123: 0.05
A124: =A123+1 -> 4 | B124: 0.05 | C124: 0.05 | D124: 0.05 | F124: 0.40947756 | G124: 0.16379102 | I124: 0.16379102 | K124: 0.05 | L124: 0.05 | M124: 0.05
A125: =A124+1 -> 5 | B125: 0.05 | C125: 0.05 | D125: 0.05 | F125: 0.40947756 | G125: 0.16379102 | I125: 0.16379102 | K125: 0.05 | L125: 0.05 | M125: 0.05
A126: =A125+1 -> 6 | B126: 0.1 | C126: 0.05 | D126: 0.05 | F126: 0.40947756 | G126: 0.16379102 | I126: 0.16379102 | K126: 0.1 | L126: 0.05 | M126: 0.05
A127: =A126+1 -> 7 | B127: 0.1 | C127: 0.1 | D127: 0.05 | F127: 0.47975263 | G127: 0.16379102 | I127: 0.16379102 | K127: 0.1 | L127: 0.1 | M127: 0.05
A128: =A127+1 -> 8 | B128: 0.3 | C128: 0.1 | D128: 0.05 | F128: 0.47975263 | G128: 0.16379102 | I128: 0.16379102 | K128: 0.3 | L128: 0.1 | M128: 0.05
A129: =A128+1 -> 9 | B129: 0.9 | C129: 0.3 | D129: 0.05 | F129: 0.95950527 | G129: 0.16379102 | I129: 0.16379102 | K129: 0.9 | L129: 0.3 | M129: 0.05
A130: =A129+1 -> 10 | B130: 0.9 | C130: 0.3 | D130: 0.05 | F130: 0.95950527 | G130: 0.16379102 | I130: 0.16379102 | K130: 0.9 | L130: 0.3 | M130: 0.05
A131: =A130+1 -> 11 | B131: 0.9 | C131: 0.3 | D131: 0.05 | F131: 0.95950527 | G131: 0.16379102 | I131: 0.16379102 | K131: 0.9 | L131: 0.3 | M131: 0.05
A132: =A131+1 -> 12 | B132: 0.9 | C132: 0.3 | D132: 0.05 | F132: 0.95950527 | G132: 0.16379102 | I132: 0.16379102 | K132: 0.9 | L132: 0.3 | M132: 0.05
A133: =A132+1 -> 13 | B133: 0.9 | C133: 0.15 | D133: 0.05 | F133: 0.90193495 | G133: 0.16379102 | I133: 0.16379102 | K133: 0.9 | L133: 0.15 | M133: 0.05
... A144: =A143+1 -> 24 | B144: 0.05 | C144: 0.05 | D144: 0.05 | F144: 0.16379102 | G144: 0.16379102 | I144: 0.16379102 | K144: 0.05 | L144: 0.05 | M144: 0.05
B145: =SUM(B121:B144) -> 10.5 | C145: =SUM(C121:C144) -> 2.8 | D145: =SUM(D121:D144) -> 1.2 | F145: =SUM(F121:F144) -> 13.597397 | G145: =SUM(G121:G144) -> 3.9309845 | I145: =SUM(I121:I144) -> 3.9309845 | K145: =SUM(K121:K144) -> 10.5 | L145: =SUM(L121:L144) -> 2.8 | M145: =SUM(M121:M144) -> 1.2
M146: =SUM(K145:M145) -> 14.5
A148: DEER 2024 (Old model rebuilt in E+)
A150: Schedule:Compact,
B151: EL1
B152: Interval,
B153: 12/31,
B154: SummerDesignDay,
B155: 24:00,1.0,
B156: WinterDesignDay,
B157: 24:00,0.0,
B158: Weekdays,
B159: 05:00,0.05,
B160: 07:00,0.10,
B161: 08:00,0.30,
B162: 17:00,0.90,
... B175: 24:00,0.05;
A180: PNNL 2022
A185: Schedule:Compact,
A186: BLDG_EQUIP_SCH, !- Name
A187: Fraction, !- Schedule Type Limits Name
A188: Through: 12/31, !- Field 1
A189: For: WeekDays, !- Field 2
A190: Until: 6:00,0.4094775565,!- Field 3
A191: Until: 8:00,0.4797526335,!- Field 5
A192: Until: 12:00,0.959505267,!- Field 7
A193: Until: 13:00,0.90193495098, !- Field 9
A194: Until: 17:00,0.959505267,!- Field 11
A195: Until: 18:00,0.4797526335, !- Field 13
...

Sheet Schedules
A1: Schedules - HotelSmall
A2: Zone | B2: Schedule Category | C2: Schedule | D2: Source | E2: Day | F2: Hour
F3: 1 | G3: 2 | H3: 3 | I3: 4 | J3: 5 | K3: 6 | L3: 7 | M3: 8 | N3: 9 | O3: 10 | P3: 11 | Q3: 12 | R3: 13 | S3: 14 | T3: 15 | U3: 16 | V3: 17 | W3: 18 | X3: 19 | Y3: 20 | Z3: 21 | AA3: 22 | AB3: 23 | AC3: 24
A4: Gym,Storage,Laundry,Mech,Conferences | B4: Assembly | C4: Occupancy | D4: T24 2022 - Appendix 5.4B, [Assembly] | E4: Weekday | F4: 0 | G4: 0 | H4: 0 | I4: 0 | J4: 0 | K4: 0 | L4: 0 | M4: 0 | N4: 0.2 | O4: 0.2 | P4: 0.2 | Q4: 0.8 | R4: 0.8 | S4: 0.8 | T4: 0.8 | U4: 0.8 | V4: 0.8 | W4: 0.8 | X4: 0.2 | Y4: 0.2 | Z4: 0.2 | AA4: 0.2 | AB4: 0.1 | AC4: 0
E5: Saturday | F5: 0 | G5: 0 | H5: 0 | I5: 0 | J5: 0 | K5: 0 | L5: 0 | M5: 0 | N5: 0.2 | O5: 0.2 | P5: 0.2 | Q5: 0.6 | R5: 0.6 | S5: 0.6 | T5: 0.6 | U5: 0.6 | V5: 0.6 | W5: 0.6 | X5: 0.6 | Y5: 0.6 | Z5: 0.6 | AA5: 0.8 | AB5: 0.1 | AC5: 0
E6: Sunday | F6: 0 | G6: 0 | H6: 0 | I6: 0 | J6: 0 | K6: 0 | L6: 0 | M6: 0 | N6: 0.1 | O6: 0.1 | P6: 0.1 | Q6: 0.1 | R6: 0.1 | S6: 0.7 | T6: 0.7 | U6: 0.7 | V6: 0.7 | W6: 0.7 | X6: 0.7 | Y6: 0.7 | Z6: 0.7 | AA6: 0.7 | AB6: 0.2 | AC6: 0
A7: Gym,Laundry,Mech,Conference | B7: Assembly | C7: Lights | D7: T24 2022 - Appendix 5.4B, [Assembly] | E7: Weekday | F7: 0.05 | G7: 0.05 | H7: 0.05 | I7: 0.05 | J7: 0.05 | K7: 0.05 | L7: 0.35 | M7: 0.35 | N7: 0.35 | O7: 0.65 | P7: 0.65 | Q7: 0.65 | R7: 0.65 | S7: 0.65 | T7: 0.65 | U7: 0.65 | V7: 0.65 | W7: 0.65 | X7: 0.65 | Y7: 0.65 | Z7: 0.65 | AA7: 0.65 | AB7: 0.25 | AC7: 0.05
E8: Saturday | F8: 0.05 | G8: 0.05 | H8: 0.05 | I8: 0.05 | J8: 0.05 | K8: 0.05 | L8: 0.05 | M8: 0.3 | N8: 0.3 | O8: 0.4 | P8: 0.4 | Q8: 0.4 | R8: 0.4 | S8: 0.4 | T8: 0.4 | U8: 0.4 | V8: 0.4 | W8: 0.4 | X8: 0.4 | Y8: 0.4 | Z8: 0.4 | AA8: 0.4 | AB8: 0.4 | AC8: 0.05
E9: Sunday | F9: 0.05 | G9: 0.05 | H9: 0.05 | I9: 0.05 | J9: 0.05 | K9: 0.05 | L9: 0.05 | M9: 0.3 | N9: 0.3 | O9: 0.3 | P9: 0.3 | Q9: 0.3 | R9: 0.55 | S9: 0.55 | T9: 0.55 | U9: 0.55 | V9: 0.55 | W9: 0.55 | X9: 0.55 | Y9: 0.55 | Z9: 0.55 | AA9: 0.55 | AB9: 0.05 | AC9: 0.05
A10: Gym,Storage,Laundry,Mech,Conference | B10: Assembly | C10: ElecEquipment | D10: T24 2022 - Appendix 5.4B, [Assembly] | E10: Weekday | F10: 0.05 | G10: 0.05 | H10: 0.05 | I10: 0.05 | J10: 0.05 | K10: 0.05 | L10: 0.4 | M10: 0.4 | N10: 0.4 | O10: 0.75 | P10: 0.75 | Q10: 0.75 | R10: 0.75 | S10: 0.75 | T10: 0.75 | U10: 0.75 | V10: 0.75 | W10: 0.75 | X10: 0.75 | Y10: 0.75 | Z10: 0.75 | AA10: 0.75 | AB10: 0.25 | AC10: 0.05
E11: Saturday | F11: 0.05 | G11: 0.05 | H11: 0.05 | I11: 0.05 | J11: 0.05 | K11: 0.05 | L11: 0.05 | M11: 0.3 | N11: 0.3 | O11: 0.5 | P11: 0.5 | Q11: 0.5 | R11: 0.5 | S11: 0.5 | T11: 0.5 | U11: 0.5 | V11: 0.5 | W11: 0.5 | X11: 0.5 | Y11: 0.5 | Z11: 0.5 | AA11: 0.5 | AB11: 0.5 | AC11: 0.05
E12: Sunday | F12: 0.05 | G12: 0.05 | H12: 0.05 | I12: 0.05 | J12: 0.05 | K12: 0.05 | L12: 0.05 | M12: 0.3 | N12: 0.3 | O12: 0.3 | P12: 0.3 | Q12: 0.3 | R12: 0.65 | S12: 0.65 | T12: 0.65 | U12: 0.65 | V12: 0.65 | W12: 0.65 | X12: 0.65 | Y12: 0.65 | Z12: 0.65 | AA12: 0.65 | AB12: 0.05 | AC12: 0.05
A13: Gym,Storage,Laundry,Mech,Conference | B13: Assembly | C13: HVACAvail | D13: T24 2022 - Appendix 5.4B, [Assembly] | E13: Weekday | F13: 0 | G13: 0 | H13: 0 | I13: 0 | J13: 0 | K13: 0 | L13: 0 | M13: 1 | N13: 1 | O13: 1 | P13: 1 | Q13: 1 | R13: 1 | S13: 1 | T13: 1 | U13: 1 | V13: 1 | W13: 1 | X13: 1 | Y13: 1 | Z13: 1 | AA13: 1 | AB13: 1 | AC13: 0
E14: Saturday | F14: 0 | G14: 0 | H14: 0 | I14: 0 | J14: 0 | K14: 0 | L14: 0 | M14: 1 | N14: 1 | O14: 1 | P14: 1 | Q14: 1 | R14: 1 | S14: 1 | T14: 1 | U14: 1 | V14: 1 | W14: 1 | X14: 1 | Y14: 1 | Z14: 1 | AA14: 1 | AB14: 1 | AC14: 0
E15: Sunday | F15: 0 | G15: 0 | H15: 0 | I15: 0 | J15: 0 | K15: 0 | L15: 0 | M15: 1 | N15: 1 | O15: 1 | P15: 1 | Q15: 1 | R15: 1 | S15: 1 | T15: 1 | U15: 1 | V15: 1 | W15: 1 | X15: 1 | Y15: 1 | Z15: 1 | AA15: 1 | AB15: 1 | AC15: 0
A16: Gym,Storage,Laundry,Mech,Conference | B16: Assembly | C16: ServiceHotWater | D16: T24 2022 - Appendix 5.4B, [Assembly] | E16: Weekday | F16: 0 | G16: 0 | H16: 0 | I16: 0 | J16: 0 | K16: 0 | L16: 0 | M16: 0 | N16: 0 | O16: 0.05 | P16: 0.05 | Q16: 0.35 | R16: 0.05 | S16: 0.05 | T16: 0.05 | U16: 0.05 | V16: 0.05 | W16: 0 | X16: 0 | Y16: 0 | Z16: 0 | AA16: 0 | AB16: 0 | AC16: 0
E17: Saturday | F17: 0 | G17: 0 | H17: 0 | I17: 0 | J17: 0 | K17: 0 | L17: 0 | M17: 0 | N17: 0 | O17: 0.05 | P17: 0.05 | Q17: 0.2 | R17: 0 | S17: 0 | T17: 0 | U17: 0 | V17: 0 | W17: 0 | X17: 0 | Y17: 0.65 | Z17: 0.3 | AA17: 0 | AB17: 0 | AC17: 0
E18: Sunday | F18: 0 | G18: 0 | H18: 0 | I18: 0 | J18: 0 | K18: 0 | L18: 0 | M18: 0 | N18: 0 | O18: 0.05 | P18: 0.05 | Q18: 0.1 | R18: 0 | S18: 0 | T18: 0 | U18: 0 | V18: 0 | W18: 0 | X18: 0 | Y18: 0.65 | Z18: 0.3 | AA18: 0 | AB18: 0 | AC18: 0
A19: Gym,Storage,Laundry,Mech,Conference | B19: Assembly | C19: Infiltration | D19: T24 2022 - Appendix 5.4B, [Assembly] | E19: Weekday | F19: 1 | G19: 1 | H19: 1 | I19: 1 | J19: 1 | K19: 1 | L19: 1 | M19: 0.25 | N19: 0.25 | O19: 0.25 | P19: 0.25 | Q19: 0.25 | R19: 0.25 | S19: 0.25 | T19: 0.25 | U19: 0.25 | V19: 0.25 | W19: 0.25 | X19: 0.25 | Y19: 0.25 | Z19: 0.25 | AA19: 0.25 | AB19: 0.25 | AC19: 1
E20: Saturday | F20: 1 | G20: 1 | H20: 1 | I20: 1 | J20: 1 | K20: 1 | L20: 1 | M20: 0.25 | N20: 0.25 | O20: 0.25 | P20: 0.25 | Q20: 0.25 | R20: 0.25 | S20: 0.25 | T20: 0.25 | U20: 0.25 | V20: 0.25 | W20: 0.25 | X20: 0.25 | Y20: 0.25 | Z20: 0.25 | AA20: 0.25 | AB20: 0.25 | AC20: 1
E21: Sunday | F21: 1 | G21: 1 | H21: 1 | I21: 1 | J21: 1 | K21: 1 | L21: 1 | M21: 0.25 | N21: 0.25 | O21: 0.25 | P21: 0.25 | Q21: 0.25 | R21: 0.25 | S21: 0.25 | T21: 0.25 | U21: 0.25 | V21: 0.25 | W21: 0.25 | X21: 0.25 | Y21: 0.25 | Z21: 0.25 | AA21: 0.25 | AB21: 0.25 | AC21: 1
A22: Laundry | B22: Assembly | C22: GasEquipment | D22: T24 2022 - Appendix 5.4B, [Assembly] | E22: Weekday | F22: 0 | G22: 0 | H22: 0 | I22: 0 | J22: 0 | K22: 0 | L22: 0 | M22: 0 | N22: 0.3 | O22: 0.3 | P22: 0.2 | Q22: 0.9 | R22: 0.9 | S22: 0.9 | T22: 0.2 | U22: 0.2 | V22: 0.2 | W22: 0.5 | X22: 0.5 | Y22: 0.1 | Z22: 0.1 | AA22: 0.1 | AB22: 0 | AC22: 0
E23: Saturday | F23: 0 | G23: 0 | H23: 0 | I23: 0 | J23: 0 | K23: 0 | L23: 0 | M23: 0 | N23: 0.3 | O23: 0.3 | P23: 0.2 | Q23: 0.7 | R23: 0.7 | S23: 0.7 | T23: 0.2 | U23: 0.2 | V23: 0.2 | W23: 0.4 | X23: 0.4 | Y23: 0.1 | Z23: 0.1 | AA23: 0.1 | AB23: 0 | AC23: 0
E24: Sunday | F24: 0 | G24: 0 | H24: 0 | I24: 0 | J24: 0 | K24: 0 | L24: 0 | M24: 0 | N24: 0.2 | O24: 0.2 | P24: 0.1 | Q24: 0.1 | R24: 0.3 | S24: 0.8 | T24: 0.2 | U24: 0.2 | V24: 0.2 | W24: 0.5 | X24: 0.5 | Y24: 0.1 | Z24: 0.1 | AA24: 0.1 | AB24: 0 | AC24: 0
A25: Gym,Storage,Laundry,Mech,Conference | B25: Assembly | C25: HtgSetpt | D25: Honeywell-INNCOM e7 Thermostat User Guide & Engineering Judgement | E25: Weekday | F25: =IF((F13=1),Thermostat!$B$3,Thermostat!$B$4) -> 60 | G25: =IF((G13=1),Thermostat!$B$3,Thermostat!$B$4) -> 60 | H25: =IF((H13=1),Thermostat!$B$3,Thermostat!$B$4) -> 60 | I25: =IF((I13=1),Thermostat!$B$3,Thermostat!$B$4) -> 60 | J25: =IF((J13=1),Thermostat!$B$3,Thermostat!$B$4) -> 60 | K25: =IF((K13=1),Thermostat!$B$3,Thermostat!$B$4) -> 60 | L25: =IF((L13=1),Thermostat!$B$3,Thermostat!$B$4) -> 60 | M25: =IF((M13=1),Thermostat!$B$3,Thermostat!$B$4) -> 70 | ... AC25: =IF((AC13=1),Thermostat!$B$3,Thermostat!$B$4) -> 60
E26: Saturday | F26: =IF((F14=1),Thermostat!$B$3,Thermostat!$B$4) -> 60 | G26: =IF((G14=1),Thermostat!$B$3,Thermostat!$B$4) -> 60 | H26: =IF((H14=1),Thermostat!$B$3,Thermostat!$B$4) -> 60 | I26: =IF((I14=1),Thermostat!$B$3,Thermostat!$B$4) -> 60 | J26: =IF((J14=1),Thermostat!$B$3,Thermostat!$B$4) -> 60 | K26: =IF((K14=1),Thermostat!$B$3,Thermostat!$B$4) -> 60 | L26: =IF((L14=1),Thermostat!$B$3,Thermostat!$B$4) -> 60 | M26: =IF((M14=1),Thermostat!$B$3,Thermostat!$B$4) -> 70 | ... AC26: =IF((AC14=1),Thermostat!$B$3,Thermostat!$B$4) -> 60
E27: Sunday | F27: =IF((F15=1),Thermostat!$B$3,Thermostat!$B$4) -> 60 | G27: =IF((G15=1),Thermostat!$B$3,Thermostat!$B$4) -> 60 | H27: =IF((H15=1),Thermostat!$B$3,Thermostat!$B$4) -> 60 | I27: =IF((I15=1),Thermostat!$B$3,Thermostat!$B$4) -> 60 | J27: =IF((J15=1),Thermostat!$B$3,Thermostat!$B$4) -> 60 | K27: =IF((K15=1),Thermostat!$B$3,Thermostat!$B$4) -> 60 | L27: =IF((L15=1),Thermostat!$B$3,Thermostat!$B$4) -> 60 | M27: =IF((M15=1),Thermostat!$B$3,Thermostat!$B$4) -> 70 | ... AC27: =IF((AC15=1),Thermostat!$B$3,Thermostat!$B$4) -> 60
A28: Gym,Storage,Laundry,Mech,Conference | B28: Assembly | C28: ClgSetpt | D28: Honeywell-INNCOM e7 Thermostat User Guide & Engineering Judgement | E28: Weekday | F28: =IF((F13=1),Thermostat!$B$5,Thermostat!$B$6) -> 85 | G28: =IF((G13=1),Thermostat!$B$5,Thermostat!$B$6) -> 85 | H28: =IF((H13=1),Thermostat!$B$5,Thermostat!$B$6) -> 85 | I28: =IF((I13=1),Thermostat!$B$5,Thermostat!$B$6) -> 85 | J28: =IF((J13=1),Thermostat!$B$5,Thermostat!$B$6) -> 85 | K28: =IF((K13=1),Thermostat!$B$5,Thermostat!$B$6) -> 85 | L28: =IF((L13=1),Thermostat!$B$5,Thermostat!$B$6) -> 85 | M28: =IF((M13=1),Thermostat!$B$5,Thermostat!$B$6) -> 75 | ... AC28: =IF((AC13=1),Thermostat!$B$5,Thermostat!$B$6) -> 85
E29: Saturday | F29: =IF((F14=1),Thermostat!$B$5,Thermostat!$B$6) -> 85 | G29: =IF((G14=1),Thermostat!$B$5,Thermostat!$B$6) -> 85 | H29: =IF((H14=1),Thermostat!$B$5,Thermostat!$B$6) -> 85 | I29: =IF((I14=1),Thermostat!$B$5,Thermostat!$B$6) -> 85 | J29: =IF((J14=1),Thermostat!$B$5,Thermostat!$B$6) -> 85 | K29: =IF((K14=1),Thermostat!$B$5,Thermostat!$B$6) -> 85 | L29: =IF((L14=1),Thermostat!$B$5,Thermostat!$B$6) -> 85 | M29: =IF((M14=1),Thermostat!$B$5,Thermostat!$B$6) -> 75 | ... AC29: =IF((AC14=1),Thermostat!$B$5,Thermostat!$B$6) -> 85
E30: Sunday | F30: =IF((F15=1),Thermostat!$B$5,Thermostat!$B$6) -> 85 | G30: =IF((G15=1),Thermostat!$B$5,Thermostat!$B$6) -> 85 | H30: =IF((H15=1),Thermostat!$B$5,Thermostat!$B$6) -> 85 | I30: =IF((I15=1),Thermostat!$B$5,Thermostat!$B$6) -> 85 | J30: =IF((J15=1),Thermostat!$B$5,Thermostat!$B$6) -> 85 | K30: =IF((K15=1),Thermostat!$B$5,Thermostat!$B$6) -> 85 | L30: =IF((L15=1),Thermostat!$B$5,Thermostat!$B$6) -> 85 | M30: =IF((M15=1),Thermostat!$B$5,Thermostat!$B$6) -> 75 | ... AC30: =IF((AC15=1),Thermostat!$B$5,Thermostat!$B$6) -> 85
A31: ResidentialCommon
A32: Corridors, Stairwells, Lounges,Restrooms | B32: ResidentialCommon | C32: Occupancy | D32: T24 2022 - Appendix 5.4B, [ResidentialCommon] | E32: Weekday | F32: 0.1 | G32: 0.1 | H32: 0.1 | I32: 0.1 | J32: 0.1 | K32: 0.3 | L32: 0.45 | M32: 0.45 | N32: 0.45 | O32: 0.45 | P32: 0.3 | Q32: 0.3 | R32: 0.3 | S32: 0.3 | T32: 0.3 | U32: 0.3 | V32: 0.3 | W32: 0.3 | X32: 0.6 | Y32: 0.8 | Z32: 0.9 | AA32: 0.8 | AB32: 0.6 | AC32: 0.3
E33: Saturday | F33: 0.1 | G33: 0.1 | H33: 0.1 | I33: 0.1 | J33: 0.1 | K33: 0.3 | L33: 0.45 | M33: 0.45 | N33: 0.45 | O33: 0.45 | P33: 0.3 | Q33: 0.3 | R33: 0.3 | S33: 0.3 | T33: 0.3 | U33: 0.3 | V33: 0.3 | W33: 0.3 | X33: 0.6 | Y33: 0.8 | Z33: 0.9 | AA33: 0.8 | AB33: 0.6 | AC33: 0.3
E34: Sunday | F34: 0.1 | G34: 0.1 | H34: 0.1 | I34: 0.1 | J34: 0.1 | K34: 0.3 | L34: 0.45 | M34: 0.45 | N34: 0.45 | O34: 0.45 | P34: 0.3 | Q34: 0.3 | R34: 0.3 | S34: 0.3 | T34: 0.3 | U34: 0.3 | V34: 0.3 | W34: 0.3 | X34: 0.6 | Y34: 0.8 | Z34: 0.9 | AA34: 0.8 | AB34: 0.6 | AC34: 0.3
A35: Corridors, Stairwells, Lounges,Restrooms | B35: ResidentialCommon | C35: Lights | D35: T24 2022 - Appendix 5.4B, [ResidentialCommon] | E35: Weekday | F35: 1 | G35: 1 | H35: 1 | I35: 1 | J35: 1 | K35: 1 | L35: 1 | M35: 1 | N35: 1 | O35: 1 | P35: 1 | Q35: 1 | R35: 1 | S35: 1 | T35: 1 | U35: 1 | V35: 1 | W35: 1 | X35: 1 | Y35: 1 | Z35: 1 | AA35: 1 | AB35: 1 | AC35: 1
E36: Saturday | F36: 1 | G36: 1 | H36: 1 | I36: 1 | J36: 1 | K36: 1 | L36: 1 | M36: 1 | N36: 1 | O36: 1 | P36: 1 | Q36: 1 | R36: 1 | S36: 1 | T36: 1 | U36: 1 | V36: 1 | W36: 1 | X36: 1 | Y36: 1 | Z36: 1 | AA36: 1 | AB36: 1 | AC36: 1
E37: Sunday | F37: 1 | G37: 1 | H37: 1 | I37: 1 | J37: 1 | K37: 1 | L37: 1 | M37: 1 | N37: 1 | O37: 1 | P37: 1 | Q37: 1 | R37: 1 | S37: 1 | T37: 1 | U37: 1 | V37: 1 | W37: 1 | X37: 1 | Y37: 1 | Z37: 1 | AA37: 1 | AB37: 1 | AC37: 1
A38: Corridors, Stairwells, Lounges,Restrooms | B38: ResidentialCommon | C38: ElecEquipment | D38: T24 2022 - Appendix 5.4B, [ResidentialCommon] | E38: Weekday | F38: 0.1 | G38: 0.1 | H38: 0.1 | I38: 0.1 | J38: 0.1 | K38: 0.3 | L38: 0.45 | M38: 0.45 | N38: 0.45 | O38: 0.45 | P38: 0.3 | Q38: 0.3 | R38: 0.3 | S38: 0.3 | T38: 0.3 | U38: 0.3 | V38: 0.3 | W38: 0.3 | X38: 0.6 | Y38: 0.8 | Z38: 0.9 | AA38: 0.8 | AB38: 0.6 | AC38: 0.3
E39: Saturday | F39: 0.1 | G39: 0.1 | H39: 0.1 | I39: 0.1 | J39: 0.1 | K39: 0.3 | L39: 0.45 | M39: 0.45 | N39: 0.45 | O39: 0.45 | P39: 0.3 | Q39: 0.3 | R39: 0.3 | S39: 0.3 | T39: 0.3 | U39: 0.3 | V39: 0.3 | W39: 0.3 | X39: 0.6 | Y39: 0.8 | Z39: 0.9 | AA39: 0.8 | AB39: 0.6 | AC39: 0.3
E40: Sunday | F40: 0.1 | G40: 0.1 | H40: 0.1 | I40: 0.1 | J40: 0.1 | K40: 0.3 | L40: 0.45 | M40: 0.45 | N40: 0.45 | O40: 0.45 | P40: 0.3 | Q40: 0.3 | R40: 0.3 | S40: 0.3 | T40: 0.3 | U40: 0.3 | V40: 0.3 | W40: 0.3 | X40: 0.6 | Y40: 0.8 | Z40: 0.9 | AA40: 0.8 | AB40: 0.6 | AC40: 0.3
A41: Corridors, Stairwells, Lounges,Restrooms | B41: ResidentialCommon | C41: HVACAvail | D41: T24 2022 - Appendix 5.4B, [ResidentialCommon] | E41: Weekday | F41: 1 | G41: 1 | H41: 1 | I41: 1 | J41: 1 | K41: 1 | L41: 1 | M41: 1 | N41: 1 | O41: 1 | P41: 1 | Q41: 1 | R41: 1 | S41: 1 | T41: 1 | U41: 1 | V41: 1 | W41: 1 | X41: 1 | Y41: 1 | Z41: 1 | AA41: 1 | AB41: 1 | AC41: 1
E42: Saturday | F42: 1 | G42: 1 | H42: 1 | I42: 1 | J42: 1 | K42: 1 | L42: 1 | M42: 1 | N42: 1 | O42: 1 | P42: 1 | Q42: 1 | R42: 1 | S42: 1 | T42: 1 | U42: 1 | V42: 1 | W42: 1 | X42: 1 | Y42: 1 | Z42: 1 | AA42: 1 | AB42: 1 | AC42: 1
E43: Sunday | F43: 1 | G43: 1 | H43: 1 | I43: 1 | J43: 1 | K43: 1 | L43: 1 | M43: 1 | N43: 1 | O43: 1 | P43: 1 | Q43: 1 | R43: 1 | S43: 1 | T43: 1 | U43: 1 | V43: 1 | W43: 1 | X43: 1 | Y43: 1 | Z43: 1 | AA43: 1 | AB43: 1 | AC43: 1
A44: Corridors, Stairwells, Lounges,Restrooms | B44: ResidentialCommon | C44: ServiceHotWater | D44: T24 2022 - Appendix 5.4B, [ResidentialCommon] | E44: Weekday | F44: 0 | G44: 0 | H44: 0 | I44: 0.05 | J44: 0.05 | K44: 0.05 | L44: 0.8 | M44: 0.7 | N44: 0.5 | O44: 0.4 | P44: 0.25 | Q44: 0.25 | R44: 0.25 | S44: 0.25 | T44: 0.5 | U44: 0.6 | V44: 0.7 | W44: 0.7 | X44: 0.4 | Y44: 0.25 | Z44: 0.2 | AA44: 0.2 | AB44: 0.05 | AC44: 0.05
E45: Saturday | F45: 0 | G45: 0 | H45: 0 | I45: 0.05 | J45: 0.05 | K45: 0.05 | L45: 0.8 | M45: 0.7 | N45: 0.5 | O45: 0.4 | P45: 0.25 | Q45: 0.25 | R45: 0.25 | S45: 0.25 | T45: 0.5 | U45: 0.6 | V45: 0.7 | W45: 0.7 | X45: 0.4 | Y45: 0.25 | Z45: 0.2 | AA45: 0.2 | AB45: 0.05 | AC45: 0.05
E46: Sunday | F46: 0 | G46: 0 | H46: 0 | I46: 0.05 | J46: 0.05 | K46: 0.05 | L46: 0.8 | M46: 0.7 | N46: 0.5 | O46: 0.4 | P46: 0.25 | Q46: 0.25 | R46: 0.25 | S46: 0.25 | T46: 0.5 | U46: 0.6 | V46: 0.7 | W46: 0.7 | X46: 0.4 | Y46: 0.25 | Z46: 0.2 | AA46: 0.2 | AB46: 0.05 | AC46: 0.05
A47: Corridors, Stairwells, Lounges,Restrooms | B47: ResidentialCommon | C47: Infiltration | D47: T24 2022 - Appendix 5.4B, [ResidentialCommon] | E47: Weekday | F47: 0.25 | G47: 0.25 | H47: 0.25 | I47: 0.25 | J47: 0.25 | K47: 0.25 | L47: 0.25 | M47: 0.25 | N47: 0.25 | O47: 0.25 | P47: 0.25 | Q47: 0.25 | R47: 0.25 | S47: 0.25 | T47: 0.25 | U47: 0.25 | V47: 0.25 | W47: 0.25 | X47: 0.25 | Y47: 0.25 | Z47: 0.25 | AA47: 0.25 | AB47: 0.25 | AC47: 0.25
E48: Saturday | F48: 0.25 | G48: 0.25 | H48: 0.25 | I48: 0.25 | J48: 0.25 | K48: 0.25 | L48: 0.25 | M48: 0.25 | N48: 0.25 | O48: 0.25 | P48: 0.25 | Q48: 0.25 | R48: 0.25 | S48: 0.25 | T48: 0.25 | U48: 0.25 | V48: 0.25 | W48: 0.25 | X48: 0.25 | Y48: 0.25 | Z48: 0.25 | AA48: 0.25 | AB48: 0.25 | AC48: 0.25
E49: Sunday | F49: 0.25 | G49: 0.25 | H49: 0.25 | I49: 0.25 | J49: 0.25 | K49: 0.25 | L49: 0.25 | M49: 0.25 | N49: 0.25 | O49: 0.25 | P49: 0.25 | Q49: 0.25 | R49: 0.25 | S49: 0.25 | T49: 0.25 | U49: 0.25 | V49: 0.25 | W49: 0.25 | X49: 0.25 | Y49: 0.25 | Z49: 0.25 | AA49: 0.25 | AB49: 0.25 | AC49: 0.25
A50: Corridors, Stairwells, Lounges,Restrooms | B50: ResidentialCommon | C50: HtgSetpt | D50: Honeywell-INNCOM e7 Thermostat User Guide & Engineering Judgement | E50: Weekday | F50: =IF((F41=1),Thermostat!$B$7,Thermostat!$B$8) -> 68 | G50: =IF((G41=1),Thermostat!$B$7,Thermostat!$B$8) -> 68 | H50: =IF((H41=1),Thermostat!$B$7,Thermostat!$B$8) -> 68 | I50: =IF((I41=1),Thermostat!$B$7,Thermostat!$B$8) -> 68 | J50: =IF((J41=1),Thermostat!$B$7,Thermostat!$B$8) -> 68 | K50: =IF((K41=1),Thermostat!$B$7,Thermostat!$B$8) -> 68 | L50: =IF((L41=1),Thermostat!$B$7,Thermostat!$B$8) -> 68 | M50: =IF((M41=1),Thermostat!$B$7,Thermostat!$B$8) -> 68 | ... AC50: =IF((AC41=1),Thermostat!$B$7,Thermostat!$B$8) -> 68
E51: Saturday | F51: =IF((F42=1),Thermostat!$B$7,Thermostat!$B$8) -> 68 | G51: =IF((G42=1),Thermostat!$B$7,Thermostat!$B$8) -> 68 | H51: =IF((H42=1),Thermostat!$B$7,Thermostat!$B$8) -> 68 | I51: =IF((I42=1),Thermostat!$B$7,Thermostat!$B$8) -> 68 | J51: =IF((J42=1),Thermostat!$B$7,Thermostat!$B$8) -> 68 | K51: =IF((K42=1),Thermostat!$B$7,Thermostat!$B$8) -> 68 | L51: =IF((L42=1),Thermostat!$B$7,Thermostat!$B$8) -> 68 | M51: =IF((M42=1),Thermostat!$B$7,Thermostat!$B$8) -> 68 | ... AC51: =IF((AC42=1),Thermostat!$B$7,Thermostat!$B$8) -> 68
E52: Sunday | F52: =IF((F43=1),Thermostat!$B$7,Thermostat!$B$8) -> 68 | G52: =IF((G43=1),Thermostat!$B$7,Thermostat!$B$8) -> 68 | H52: =IF((H43=1),Thermostat!$B$7,Thermostat!$B$8) -> 68 | I52: =IF((I43=1),Thermostat!$B$7,Thermostat!$B$8) -> 68 | J52: =IF((J43=1),Thermostat!$B$7,Thermostat!$B$8) -> 68 | K52: =IF((K43=1),Thermostat!$B$7,Thermostat!$B$8) -> 68 | L52: =IF((L43=1),Thermostat!$B$7,Thermostat!$B$8) -> 68 | M52: =IF((M43=1),Thermostat!$B$7,Thermostat!$B$8) -> 68 | ... AC52: =IF((AC43=1),Thermostat!$B$7,Thermostat!$B$8) -> 68
A53: Corridors, Stairwells, Lounges,Restrooms | B53: ResidentialCommon | C53: ClgSetpt | D53: Honeywell-INNCOM e7 Thermostat User Guide & Engineering Judgement | E53: Weekday | F53: =IF((F41=1),Thermostat!$B$9,Thermostat!$B$10) -> 78 | G53: =IF((G41=1),Thermostat!$B$9,Thermostat!$B$10) -> 78 | H53: =IF((H41=1),Thermostat!$B$9,Thermostat!$B$10) -> 78 | I53: =IF((I41=1),Thermostat!$B$9,Thermostat!$B$10) -> 78 | J53: =IF((J41=1),Thermostat!$B$9,Thermostat!$B$10) -> 78 | K53: =IF((K41=1),Thermostat!$B$9,Thermostat!$B$10) -> 78 | L53: =IF((L41=1),Thermostat!$B$9,Thermostat!$B$10) -> 78 | M53: =IF((M41=1),Thermostat!$B$9,Thermostat!$B$10) -> 78 | ... AC53: =IF((AC41=1),Thermostat!$B$9,Thermostat!$B$10) -> 78
E54: Saturday | F54: =IF((F42=1),Thermostat!$B$9,Thermostat!$B$10) -> 78 | G54: =IF((G42=1),Thermostat!$B$9,Thermostat!$B$10) -> 78 | H54: =IF((H42=1),Thermostat!$B$9,Thermostat!$B$10) -> 78 | I54: =IF((I42=1),Thermostat!$B$9,Thermostat!$B$10) -> 78 | J54: =IF((J42=1),Thermostat!$B$9,Thermostat!$B$10) -> 78 | K54: =IF((K42=1),Thermostat!$B$9,Thermostat!$B$10) -> 78 | L54: =IF((L42=1),Thermostat!$B$9,Thermostat!$B$10) -> 78 | M54: =IF((M42=1),Thermostat!$B$9,Thermostat!$B$10) -> 78 | ... AC54: =IF((AC42=1),Thermostat!$B$9,Thermostat!$B$10) -> 78
E55: Sunday | F55: =IF((F43=1),Thermostat!$B$9,Thermostat!$B$10) -> 78 | G55: =IF((G43=1),Thermostat!$B$9,Thermostat!$B$10) -> 78 | H55: =IF((H43=1),Thermostat!$B$9,Thermostat!$B$10) -> 78 | I55: =IF((I43=1),Thermostat!$B$9,Thermostat!$B$10) -> 78 | J55: =IF((J43=1),Thermostat!$B$9,Thermostat!$B$10) -> 78 | K55: =IF((K43=1),Thermostat!$B$9,Thermostat!$B$10) -> 78 | L55: =IF((L43=1),Thermostat!$B$9,Thermostat!$B$10) -> 78 | M55: =IF((M43=1),Thermostat!$B$9,Thermostat!$B$10) -> 78 | ... AC55: =IF((AC43=1),Thermostat!$B$9,Thermostat!$B$10) -> 78
A56: ResidentialLiving | C56: Guest rooms
A57: Guest Rooms | B57: ResidentialLiving | C57: Occupancy | D57: T24 2022 - Appendix 5.4B, [ResidentialLiving] | E57: Weekday | F57: 0.9 | G57: 0.9 | H57: 0.9 | I57: 0.9 | J57: 0.9 | K57: 0.9 | L57: 0.7 | M57: 0.4 | N57: 0.4 | O57: 0.2 | P57: 0.2 | Q57: 0.2 | R57: 0.2 | S57: 0.2 | T57: 0.2 | U57: 0.3 | V57: 0.5 | W57: 0.5 | X57: 0.5 | Y57: 0.7 | Z57: 0.7 | AA57: 0.8 | AB57: 0.9 | AC57: 0.9
E58: Saturday | F58: 0.9 | G58: 0.9 | H58: 0.9 | I58: 0.9 | J58: 0.9 | K58: 0.9 | L58: 0.7 | M58: 0.4 | N58: 0.4 | O58: 0.2 | P58: 0.2 | Q58: 0.2 | R58: 0.2 | S58: 0.2 | T58: 0.2 | U58: 0.3 | V58: 0.5 | W58: 0.5 | X58: 0.5 | Y58: 0.7 | Z58: 0.7 | AA58: 0.8 | AB58: 0.9 | AC58: 0.9
E59: Sunday | F59: 0.9 | G59: 0.9 | H59: 0.9 | I59: 0.9 | J59: 0.9 | K59: 0.9 | L59: 0.7 | M59: 0.4 | N59: 0.4 | O59: 0.2 | P59: 0.2 | Q59: 0.2 | R59: 0.2 | S59: 0.2 | T59: 0.2 | U59: 0.3 | V59: 0.5 | W59: 0.5 | X59: 0.5 | Y59: 0.7 | Z59: 0.7 | AA59: 0.8 | AB59: 0.9 | AC59: 0.9
A60: =A57 -> Guest Rooms | B60: ResidentialLiving | C60: Lights | D60: T24 2022 - Appendix 5.4B, [ResidentialLiving] | E60: Weekday | F60: 0.1 | G60: 0.1 | H60: 0.1 | I60: 0.1 | J60: 0.1 | K60: 0.3 | L60: 0.45 | M60: 0.45 | N60: 0.45 | O60: 0.45 | P60: 0.3 | Q60: 0.3 | R60: 0.3 | S60: 0.3 | T60: 0.3 | U60: 0.3 | V60: 0.3 | W60: 0.3 | X60: 0.6 | Y60: 0.8 | Z60: 0.9 | AA60: 0.8 | AB60: 0.6 | AC60: 0.3
E61: Saturday | F61: 0.1 | G61: 0.1 | H61: 0.1 | I61: 0.1 | J61: 0.1 | K61: 0.3 | L61: 0.45 | M61: 0.45 | N61: 0.45 | O61: 0.45 | P61: 0.3 | Q61: 0.3 | R61: 0.3 | S61: 0.3 | T61: 0.3 | U61: 0.3 | V61: 0.3 | W61: 0.3 | X61: 0.6 | Y61: 0.8 | Z61: 0.9 | AA61: 0.8 | AB61: 0.6 | AC61: 0.3
E62: Sunday | F62: 0.1 | G62: 0.1 | H62: 0.1 | I62: 0.1 | J62: 0.1 | K62: 0.3 | L62: 0.45 | M62: 0.45 | N62: 0.45 | O62: 0.45 | P62: 0.3 | Q62: 0.3 | R62: 0.3 | S62: 0.3 | T62: 0.3 | U62: 0.3 | V62: 0.3 | W62: 0.3 | X62: 0.6 | Y62: 0.8 | Z62: 0.9 | AA62: 0.8 | AB62: 0.6 | AC62: 0.3
A63: =A57 -> Guest Rooms | B63: ResidentialLiving | C63: ElecEquipment | D63: Plug load and schedules project with CEC, 2025 | E63: Weekday | F63: 0.1 | G63: 0.1 | H63: 0.1 | I63: 0.1 | J63: 0.1 | K63: 0.3 | L63: 0.45 | M63: 0.45 | N63: 0.45 | O63: 0.45 | P63: 0.2 | Q63: 0.2 | R63: 0.2 | S63: 0.2 | T63: 0.2 | U63: 0.2 | V63: 0.2 | W63: 0.2 | X63: 0.4 | Y63: 0.5 | Z63: 0.6 | AA63: 0.5 | AB63: 0.4 | AC63: 0.25
E64: Saturday | F64: =F63 -> 0.1 | G64: =G63 -> 0.1 | H64: =H63 -> 0.1 | I64: =I63 -> 0.1 | J64: =J63 -> 0.1 | K64: =K63 -> 0.3 | L64: =L63 -> 0.45 | M64: =M63 -> 0.45 | ... AC64: =AC63 -> 0.25
E65: Sunday | F65: =F63 -> 0.1 | G65: =G63 -> 0.1 | H65: =H63 -> 0.1 | I65: =I63 -> 0.1 | J65: =J63 -> 0.1 | K65: =K63 -> 0.3 | L65: =L63 -> 0.45 | M65: =M63 -> 0.45 | ... AC65: =AC63 -> 0.25
A66: =A57 -> Guest Rooms | B66: ResidentialLiving | C66: HVACAvail | D66: T24 2022 - Appendix 5.4B, [ResidentialLiving] | E66: Weekday | F66: 1 | G66: 1 | H66: 1 | I66: 1 | J66: 1 | K66: 1 | L66: 1 | M66: 1 | N66: 1 | O66: 1 | P66: 1 | Q66: 1 | R66: 1 | S66: 1 | T66: 1 | U66: 1 | V66: 1 | W66: 1 | X66: 1 | Y66: 1 | Z66: 1 | AA66: 1 | AB66: 1 | AC66: 1
E67: Saturday | F67: 1 | G67: 1 | H67: 1 | I67: 1 | J67: 1 | K67: 1 | L67: 1 | M67: 1 | N67: 1 | O67: 1 | P67: 1 | Q67: 1 | R67: 1 | S67: 1 | T67: 1 | U67: 1 | V67: 1 | W67: 1 | X67: 1 | Y67: 1 | Z67: 1 | AA67: 1 | AB67: 1 | AC67: 1
E68: Sunday | F68: 1 | G68: 1 | H68: 1 | I68: 1 | J68: 1 | K68: 1 | L68: 1 | M68: 1 | N68: 1 | O68: 1 | P68: 1 | Q68: 1 | R68: 1 | S68: 1 | T68: 1 | U68: 1 | V68: 1 | W68: 1 | X68: 1 | Y68: 1 | Z68: 1 | AA68: 1 | AB68: 1 | AC68: 1
A69: =A57 -> Guest Rooms | B69: ResidentialLiving | C69: ServiceHotWater | D69: T24 2022 - Appendix 5.4B, [ResidentialLiving] | E69: Weekday | F69: 0.131 | G69: 0.075 | H69: 0.084 | I69: 0.103 | J69: 0.187 | K69: 0.411 | L69: 0.832 | M69: 1 | N69: 0.832 | O69: 0.617 | P69: 0.486 | Q69: 0.355 | R69: 0.336 | S69: 0.308 | T69: 0.299 | U69: 0.243 | V69: 0.393 | W69: 0.449 | X69: 0.486 | Y69: 0.439 | Z69: 0.393 | AA69: 0.364 | AB69: 0.336 | AC69: 0.206
E70: Saturday | F70: 0.217 | G70: 0.12 | H70: 0.108 | I70: 0.096 | J70: 0.181 | K70: 0.277 | L70: 0.313 | M70: 0.566 | N70: 0.928 | O70: 1 | P70: 0.892 | Q70: 0.735 | R70: 0.614 | S70: 0.518 | T70: 0.47 | U70: 0.47 | V70: 0.627 | W70: 0.699 | X70: 0.675 | Y70: 0.627 | Z70: 0.566 | AA70: 0.53 | AB70: 0.482 | AC70: 0.337
E71: Sunday | F71: 0.217 | G71: 0.12 | H71: 0.108 | I71: 0.096 | J71: 0.181 | K71: 0.277 | L71: 0.313 | M71: 0.566 | N71: 0.928 | O71: 1 | P71: 0.892 | Q71: 0.735 | R71: 0.614 | S71: 0.518 | T71: 0.47 | U71: 0.47 | V71: 0.627 | W71: 0.699 | X71: 0.675 | Y71: 0.627 | Z71: 0.566 | AA71: 0.53 | AB71: 0.482 | AC71: 0.337
A72: =A57 -> Guest Rooms | B72: ResidentialLiving | C72: Infiltration | D72: T24 2022 - Appendix 5.4B, [ResidentialLiving] | E72: Weekday | F72: 1 | G72: 1 | H72: 1 | I72: 1 | J72: 1 | K72: 1 | L72: 1 | M72: 1 | N72: 1 | O72: 1 | P72: 1 | Q72: 1 | R72: 1 | S72: 1 | T72: 1 | U72: 1 | V72: 1 | W72: 1 | X72: 1 | Y72: 1 | Z72: 1 | AA72: 1 | AB72: 1 | AC72: 1
E73: Saturday | F73: 1 | G73: 1 | H73: 1 | I73: 1 | J73: 1 | K73: 1 | L73: 1 | M73: 1 | N73: 1 | O73: 1 | P73: 1 | Q73: 1 | R73: 1 | S73: 1 | T73: 1 | U73: 1 | V73: 1 | W73: 1 | X73: 1 | Y73: 1 | Z73: 1 | AA73: 1 | AB73: 1 | AC73: 1
E74: Sunday | F74: 1 | G74: 1 | H74: 1 | I74: 1 | J74: 1 | K74: 1 | L74: 1 | M74: 1 | N74: 1 | O74: 1 | P74: 1 | Q74: 1 | R74: 1 | S74: 1 | T74: 1 | U74: 1 | V74: 1 | W74: 1 | X74: 1 | Y74: 1 | Z74: 1 | AA74: 1 | AB74: 1 | AC74: 1
A75: =A57 -> Guest Rooms | B75: ResidentialLiving | C75: HtgSetpt | D75: Honeywell-INNCOM e7 Thermostat User Guide & Engineering Judgement | E75: Weekday | F75: =IF((F66=1),Thermostat!$B$11,Thermostat!$B$12) -> 70 | G75: =IF((G66=1),Thermostat!$B$11,Thermostat!$B$12) -> 70 | H75: =IF((H66=1),Thermostat!$B$11,Thermostat!$B$12) -> 70 | I75: =IF((I66=1),Thermostat!$B$11,Thermostat!$B$12) -> 70 | J75: =IF((J66=1),Thermostat!$B$11,Thermostat!$B$12) -> 70 | K75: =IF((K66=1),Thermostat!$B$11,Thermostat!$B$12) -> 70 | L75: =IF((L66=1),Thermostat!$B$11,Thermostat!$B$12) -> 70 | M75: =IF((M66=1),Thermostat!$B$11,Thermostat!$B$12) -> 70 | ... AC75: =IF((AC66=1),Thermostat!$B$11,Thermostat!$B$12) -> 70
E76: Saturday | F76: =IF((F67=1),Thermostat!$B$11,Thermostat!$B$12) -> 70 | G76: =IF((G67=1),Thermostat!$B$11,Thermostat!$B$12) -> 70 | H76: =IF((H67=1),Thermostat!$B$11,Thermostat!$B$12) -> 70 | I76: =IF((I67=1),Thermostat!$B$11,Thermostat!$B$12) -> 70 | J76: =IF((J67=1),Thermostat!$B$11,Thermostat!$B$12) -> 70 | K76: =IF((K67=1),Thermostat!$B$11,Thermostat!$B$12) -> 70 | L76: =IF((L67=1),Thermostat!$B$11,Thermostat!$B$12) -> 70 | M76: =IF((M67=1),Thermostat!$B$11,Thermostat!$B$12) -> 70 | ... AC76: =IF((AC67=1),Thermostat!$B$11,Thermostat!$B$12) -> 70
E77: Sunday | F77: =IF((F68=1),Thermostat!$B$11,Thermostat!$B$12) -> 70 | G77: =IF((G68=1),Thermostat!$B$11,Thermostat!$B$12) -> 70 | H77: =IF((H68=1),Thermostat!$B$11,Thermostat!$B$12) -> 70 | I77: =IF((I68=1),Thermostat!$B$11,Thermostat!$B$12) -> 70 | J77: =IF((J68=1),Thermostat!$B$11,Thermostat!$B$12) -> 70 | K77: =IF((K68=1),Thermostat!$B$11,Thermostat!$B$12) -> 70 | L77: =IF((L68=1),Thermostat!$B$11,Thermostat!$B$12) -> 70 | M77: =IF((M68=1),Thermostat!$B$11,Thermostat!$B$12) -> 70 | ... AC77: =IF((AC68=1),Thermostat!$B$11,Thermostat!$B$12) -> 70
A78: =A57 -> Guest Rooms | B78: ResidentialLiving | C78: ClgSetpt | D78: Honeywell-INNCOM e7 Thermostat User Guide & Engineering Judgement | E78: Weekday | F78: =IF((F66=1),Thermostat!$B$13,Thermostat!$B$14) -> 72 | G78: =IF((G66=1),Thermostat!$B$13,Thermostat!$B$14) -> 72 | H78: =IF((H66=1),Thermostat!$B$13,Thermostat!$B$14) -> 72 | I78: =IF((I66=1),Thermostat!$B$13,Thermostat!$B$14) -> 72 | J78: =IF((J66=1),Thermostat!$B$13,Thermostat!$B$14) -> 72 | K78: =IF((K66=1),Thermostat!$B$13,Thermostat!$B$14) -> 72 | L78: =IF((L66=1),Thermostat!$B$13,Thermostat!$B$14) -> 72 | M78: =IF((M66=1),Thermostat!$B$13,Thermostat!$B$14) -> 72 | ... AC78: =IF((AC66=1),Thermostat!$B$13,Thermostat!$B$14) -> 72
E79: Saturday | F79: =IF((F67=1),Thermostat!$B$13,Thermostat!$B$14) -> 72 | G79: =IF((G67=1),Thermostat!$B$13,Thermostat!$B$14) -> 72 | H79: =IF((H67=1),Thermostat!$B$13,Thermostat!$B$14) -> 72 | I79: =IF((I67=1),Thermostat!$B$13,Thermostat!$B$14) -> 72 | J79: =IF((J67=1),Thermostat!$B$13,Thermostat!$B$14) -> 72 | K79: =IF((K67=1),Thermostat!$B$13,Thermostat!$B$14) -> 72 | L79: =IF((L67=1),Thermostat!$B$13,Thermostat!$B$14) -> 72 | M79: =IF((M67=1),Thermostat!$B$13,Thermostat!$B$14) -> 72 | ... AC79: =IF((AC67=1),Thermostat!$B$13,Thermostat!$B$14) -> 72
E80: Sunday | F80: =IF((F68=1),Thermostat!$B$13,Thermostat!$B$14) -> 72 | G80: =IF((G68=1),Thermostat!$B$13,Thermostat!$B$14) -> 72 | H80: =IF((H68=1),Thermostat!$B$13,Thermostat!$B$14) -> 72 | I80: =IF((I68=1),Thermostat!$B$13,Thermostat!$B$14) -> 72 | J80: =IF((J68=1),Thermostat!$B$13,Thermostat!$B$14) -> 72 | K80: =IF((K68=1),Thermostat!$B$13,Thermostat!$B$14) -> 72 | L80: =IF((L68=1),Thermostat!$B$13,Thermostat!$B$14) -> 72 | M80: =IF((M68=1),Thermostat!$B$13,Thermostat!$B$14) -> 72 | ... AC80: =IF((AC68=1),Thermostat!$B$13,Thermostat!$B$14) -> 72
A81: Office | C81: Other
A82: Office | B82: Office | C82: Occupancy | D82: T24 2022 - Appendix 5.4B, [Office] | E82: Weekday | F82: 0 | G82: 0 | H82: 0 | I82: 0 | J82: 0 | K82: 0 | L82: 0.1 | M82: 0.2 | N82: 0.95 | O82: 0.95 | P82: 0.95 | Q82: 0.95 | R82: 0.5 | S82: 0.95 | T82: 0.95 | U82: 0.95 | V82: 0.95 | W82: 0.3 | X82: 0.1 | Y82: 0.1 | Z82: 0.1 | AA82: 0.1 | AB82: 0.05 | AC82: 0.05
E83: Saturday | F83: 0 | G83: 0 | H83: 0 | I83: 0 | J83: 0 | K83: 0 | L83: 0.05 | M83: 0.05 | N83: 0.05 | O83: 0.05 | P83: 0.05 | Q83: 0.05 | R83: 0.05 | S83: 0.05 | T83: 0.05 | U83: 0.05 | V83: 0.05 | W83: 0.05 | X83: 0 | Y83: 0 | Z83: 0 | AA83: 0 | AB83: 0 | AC83: 0
E84: Sunday | F84: 0 | G84: 0 | H84: 0 | I84: 0 | J84: 0 | K84: 0 | L84: 0.05 | M84: 0.05 | N84: 0.05 | O84: 0.05 | P84: 0.05 | Q84: 0.05 | R84: 0.05 | S84: 0.05 | T84: 0.05 | U84: 0.05 | V84: 0.05 | W84: 0.05 | X84: 0 | Y84: 0 | Z84: 0 | AA84: 0 | AB84: 0 | AC84: 0
A85: Office | B85: Office | C85: Lights | D85: T24 2022 - Appendix 5.4B, [Office] | E85: Weekday | F85: 0.05 | G85: 0.05 | H85: 0.05 | I85: 0.05 | J85: 0.05 | K85: 0.1 | L85: 0.1 | M85: 0.3 | N85: 0.65 | O85: 0.65 | P85: 0.65 | Q85: 0.65 | R85: 0.65 | S85: 0.65 | T85: 0.65 | U85: 0.65 | V85: 0.65 | W85: 0.35 | X85: 0.3 | Y85: 0.3 | Z85: 0.2 | AA85: 0.2 | AB85: 0.1 | AC85: 0.05
E86: Saturday | F86: 0.05 | G86: 0.05 | H86: 0.05 | I86: 0.05 | J86: 0.05 | K86: 0.05 | L86: 0.1 | M86: 0.1 | N86: 0.3 | O86: 0.3 | P86: 0.3 | Q86: 0.3 | R86: 0.15 | S86: 0.15 | T86: 0.15 | U86: 0.15 | V86: 0.15 | W86: 0.05 | X86: 0.05 | Y86: 0.05 | Z86: 0.05 | AA86: 0.05 | AB86: 0.05 | AC86: 0.05
E87: Sunday | F87: 0.05 | G87: 0.05 | H87: 0.05 | I87: 0.05 | J87: 0.05 | K87: 0.05 | L87: 0.05 | M87: 0.05 | N87: 0.05 | O87: 0.05 | P87: 0.05 | Q87: 0.05 | R87: 0.05 | S87: 0.05 | T87: 0.05 | U87: 0.05 | V87: 0.05 | W87: 0.05 | X87: 0.05 | Y87: 0.05 | Z87: 0.05 | AA87: 0.05 | AB87: 0.05 | AC87: 0.05
A88: Office | B88: Office | C88: ElecEquipment | D88: Plug load and schedules project with CEC, 2025 | E88: Weekday | F88: 0.45 | G88: 0.45 | H88: 0.45 | I88: 0.45 | J88: 0.45 | K88: 0.45 | L88: 0.45 | M88: 0.74 | N88: 0.87 | O88: 0.9 | P88: 0.9 | Q88: 0.9 | R88: 0.9 | S88: 0.9 | T88: 0.9 | U88: 0.9 | V88: 0.9 | W88: 0.7 | X88: 0.5 | Y88: 0.5 | Z88: 0.5 | AA88: 0.45 | AB88: 0.45 | AC88: 0.45
E89: Saturday | F89: 0.43 | G89: 0.43 | H89: 0.43 | I89: 0.43 | J89: 0.43 | K89: 0.43 | L89: 0.43 | M89: 0.43 | N89: 0.43 | O89: 0.43 | P89: 0.43 | Q89: 0.43 | R89: 0.43 | S89: 0.43 | T89: 0.43 | U89: 0.43 | V89: 0.43 | W89: 0.43 | X89: 0.43 | Y89: 0.43 | Z89: 0.43 | AA89: 0.43 | AB89: 0.43 | AC89: 0.43
E90: Sunday | F90: 0.43 | G90: 0.43 | H90: 0.43 | I90: 0.43 | J90: 0.43 | K90: 0.43 | L90: 0.43 | M90: 0.43 | N90: 0.43 | O90: 0.43 | P90: 0.43 | Q90: 0.43 | R90: 0.43 | S90: 0.43 | T90: 0.43 | U90: 0.43 | V90: 0.43 | W90: 0.43 | X90: 0.43 | Y90: 0.43 | Z90: 0.43 | AA90: 0.43 | AB90: 0.43 | AC90: 0.43
A91: Office | B91: Office | C91: HVACAvail | D91: T24 2022 - Appendix 5.4B, [Office] | E91: Weekday | F91: 0 | G91: 0 | H91: 0 | I91: 0 | J91: 0 | K91: 1 | L91: 1 | M91: 1 | N91: 1 | O91: 1 | P91: 1 | Q91: 1 | R91: 1 | S91: 1 | T91: 1 | U91: 1 | V91: 1 | W91: 1 | X91: 1 | Y91: 1 | Z91: 1 | AA91: 1 | AB91: 1 | AC91: 1
E92: Saturday | F92: 0 | G92: 0 | H92: 0 | I92: 0 | J92: 0 | K92: 1 | L92: 1 | M92: 1 | N92: 1 | O92: 1 | P92: 1 | Q92: 1 | R92: 1 | S92: 1 | T92: 1 | U92: 1 | V92: 1 | W92: 1 | X92: 1 | Y92: 0 | Z92: 0 | AA92: 0 | AB92: 0 | AC92: 0
E93: Sunday | F93: 0 | G93: 0 | H93: 0 | I93: 0 | J93: 0 | K93: 0 | L93: 0 | M93: 0 | N93: 0 | O93: 0 | P93: 0 | Q93: 0 | R93: 0 | S93: 0 | T93: 0 | U93: 0 | V93: 0 | W93: 0 | X93: 0 | Y93: 0 | Z93: 0 | AA93: 0 | AB93: 0 | AC93: 0
A94: Office | B94: Office | C94: ServiceHotWater | D94: T24 2022 - Appendix 5.4B, [Office] | E94: Weekday | F94: 0.05 | G94: 0.05 | H94: 0.05 | I94: 0.05 | J94: 0.05 | K94: 0.08 | L94: 0.07 | M94: 0.19 | N94: 0.35 | O94: 0.38 | P94: 0.39 | Q94: 0.47 | R94: 0.57 | S94: 0.54 | T94: 0.34 | U94: 0.33 | V94: 0.44 | W94: 0.26 | X94: 0.21 | Y94: 0.15 | Z94: 0.17 | AA94: 0.08 | AB94: 0.05 | AC94: 0.05
E95: Saturday | F95: 0.05 | G95: 0.05 | H95: 0.05 | I95: 0.05 | J95: 0.05 | K95: 0.08 | L95: 0.07 | M95: 0.11 | N95: 0.15 | O95: 0.21 | P95: 0.19 | Q95: 0.23 | R95: 0.2 | S95: 0.19 | T95: 0.15 | U95: 0.12 | V95: 0.14 | W95: 0.07 | X95: 0.07 | Y95: 0.07 | Z95: 0.07 | AA95: 0.09 | AB95: 0.05 | AC95: 0.05
E96: Sunday | F96: 0.04 | G96: 0.04 | H96: 0.04 | I96: 0.04 | J96: 0.04 | K96: 0.07 | L96: 0.04 | M96: 0.04 | N96: 0.04 | O96: 0.04 | P96: 0.04 | Q96: 0.06 | R96: 0.06 | S96: 0.09 | T96: 0.06 | U96: 0.04 | V96: 0.04 | W96: 0.04 | X96: 0.04 | Y96: 0.04 | Z96: 0.04 | AA96: 0.07 | AB96: 0.04 | AC96: 0.04
A97: Office | B97: Office | C97: Infiltration | D97: T24 2022 - Appendix 5.4B, [Office] | E97: Weekday | F97: 1 | G97: 1 | H97: 1 | I97: 1 | J97: 1 | K97: 0.25 | L97: 0.25 | M97: 0.25 | N97: 0.25 | O97: 0.25 | P97: 0.25 | Q97: 0.25 | R97: 0.25 | S97: 0.25 | T97: 0.25 | U97: 0.25 | V97: 0.25 | W97: 0.25 | X97: 0.25 | Y97: 0.25 | Z97: 0.25 | AA97: 0.25 | AB97: 0.25 | AC97: 0.25
E98: Saturday | F98: 1 | G98: 1 | H98: 1 | I98: 1 | J98: 1 | K98: 0.25 | L98: 0.25 | M98: 0.25 | N98: 0.25 | O98: 0.25 | P98: 0.25 | Q98: 0.25 | R98: 0.25 | S98: 0.25 | T98: 0.25 | U98: 0.25 | V98: 0.25 | W98: 0.25 | X98: 0.25 | Y98: 1 | Z98: 1 | AA98: 1 | AB98: 1 | AC98: 1
E99: Sunday | F99: 1 | G99: 1 | H99: 1 | I99: 1 | J99: 1 | K99: 1 | L99: 1 | M99: 1 | N99: 1 | O99: 1 | P99: 1 | Q99: 1 | R99: 1 | S99: 1 | T99: 1 | U99: 1 | V99: 1 | W99: 1 | X99: 1 | Y99: 1 | Z99: 1 | AA99: 1 | AB99: 1 | AC99: 1
A100: Office | B100: Office | C100: HtgSetpt | D100: Honeywell-INNCOM e7 Thermostat User Guide & Engineering Judgement | E100: Weekday | F100: =IF((F91=1),Thermostat!$B$3,Thermostat!$B$4) -> 60 | G100: =IF((G91=1),Thermostat!$B$3,Thermostat!$B$4) -> 60 | H100: =IF((H91=1),Thermostat!$B$3,Thermostat!$B$4) -> 60 | I100: =IF((I91=1),Thermostat!$B$3,Thermostat!$B$4) -> 60 | J100: =IF((J91=1),Thermostat!$B$3,Thermostat!$B$4) -> 60 | K100: =IF((K91=1),Thermostat!$B$3,Thermostat!$B$4) -> 70 | L100: =IF((L91=1),Thermostat!$B$3,Thermostat!$B$4) -> 70 | M100: =IF((M91=1),Thermostat!$B$3,Thermostat!$B$4) -> 70 | ... AC100: =IF((AC91=1),Thermostat!$B$3,Thermostat!$B$4) -> 70
...

Sheet Energy Usage
A1: CalBEM Energy Consumption - HotelSmall | N1: Energy Consumption - Lodging
A2: Prototype | B2: CZ | C2: CalBEM Electricity EUI (KBTU/ft²) | D2: CalBEM Gas EUI (KBTU/ft²) | E2: CalBEM Total EUI (KBTU/ft²) | F2: New Construction Electricity EUI (KBTU/ft²) | G2: New Construction Gas EUI (KBTU/ft²) | H2: New Construction Total EUI (KBTU/ft²) | I2: National Average | J2: Acceptable Range (25% Higher) | K2: Acceptable Range (25% Lower) | L2: National Average Acceptable EUI Range | N2: Prototype | O2: CZ | P2: Total Floorspace (Thousand of ft²) | Q2: CEUS 2023 Electricity EUI (kWh/ft²) | R2: CEUS 2023 Gas EUI (kWh/ft²) | S2: CEUS 2023 Total EUI (kBtu/ft²) | T2: Acceptable Range (25% Higher) | U2: Acceptable Range (25% Lower) | V2: CEUS 2022 Acceptable EUI Range
A3: HotelSmall | B3: 1 | I3: 63.9 | J3: =(I3*1.25) -> 79.875 | K3: =(I3*0.75) -> 47.925 | L3: =J3-K3 -> 31.95 | N3: Lodging | O3: 1 | P3: 9588 | Q3: 10.07 | R3: 6.41 | S3: =(Q3+R3)*3.412 -> 56.22976 | T3: =S3*1.25 -> 70.2872 | U3: =S3*0.75 -> 42.17232 | V3: =T3-U3 -> 28.11488
B4: 2 | I4: 59.3 | J4: =(I4*1.25) -> 74.125 | K4: =(I4*0.75) -> 44.475 | L4: =J4-K4 -> 29.65 | O4: 2 | P4: 42372 | Q4: 9.11 | R4: 5.42 | S4: =(Q4+R4)*3.412 -> 49.57636 | T4: =S4*1.25 -> 61.97045 | U4: =S4*0.75 -> 37.18227 | V4: =T4-U4 -> 24.78818
B5: 3 | I5: 57.3 | J5: =(I5*1.25) -> 71.625 | K5: =(I5*0.75) -> 42.975 | L5: =J5-K5 -> 28.65 | O5: 3 | P5: 61013 | Q5: 8.06 | R5: 8.35 | S5: =(Q5+R5)*3.412 -> 55.99092 | T5: =S5*1.25 -> 69.98865 | U5: =S5*0.75 -> 41.99319 | V5: =T5-U5 -> 27.99546
B6: 4 | I6: 61.3 | J6: =(I6*1.25) -> 76.625 | K6: =(I6*0.75) -> 45.975 | L6: =J6-K6 -> 30.65 | O6: 4 | P6: 28798 | Q6: 7.94 | R6: 7.84 | S6: =(Q6+R6)*3.412 -> 53.84136 | T6: =S6*1.25 -> 67.3017 | U6: =S6*0.75 -> 40.38102 | V6: =T6-U6 -> 26.92068
B7: 5 | I7: 56.3 | J7: =(I7*1.25) -> 70.375 | K7: =(I7*0.75) -> 42.225 | L7: =J7-K7 -> 28.15 | O7: 5 | P7: 9409 | Q7: 7.94 | R7: 11.86 | S7: =(Q7+R7)*3.412 -> 67.5576 | T7: =S7*1.25 -> 84.447 | U7: =S7*0.75 -> 50.6682 | V7: =T7-U7 -> 33.7788
B8: 6 | I8: 55.7 | J8: =(I8*1.25) -> 69.625 | K8: =(I8*0.75) -> 41.775 | L8: =J8-K8 -> 27.85 | O8: 6 | P8: 34023 | Q8: 9.03 | R8: 10.6 | S8: =(Q8+R8)*3.412 -> 66.97756 | T8: =S8*1.25 -> 83.72195 | U8: =S8*0.75 -> 50.23317 | V8: =T8-U8 -> 33.48878
B9: 7 | I9: 55.9 | J9: =(I9*1.25) -> 69.875 | K9: =(I9*0.75) -> 41.925 | L9: =J9-K9 -> 27.95 | O9: 7 | P9: 37336 | Q9: 11.69 | R9: 8.98 | S9: =(Q9+R9)*3.412 -> 70.52604 | T9: =S9*1.25 -> 88.15755 | U9: =S9*0.75 -> 52.89453 | V9: =T9-U9 -> 35.26302
B10: 8 | I10: 58.5 | J10: =(I10*1.25) -> 73.125 | K10: =(I10*0.75) -> 43.875 | L10: =J10-K10 -> 29.25 | O10: 8 | P10: 50599 | Q10: 8.92 | R10: 10.37 | S10: =(Q10+R10)*3.412 -> 65.81748 | T10: =S10*1.25 -> 82.27185 | U10: =S10*0.75 -> 49.36311 | V10: =T10-U10 -> 32.90874
B11: 9 | I11: 58.9 | J11: =(I11*1.25) -> 73.625 | K11: =(I11*0.75) -> 44.175 | L11: =J11-K11 -> 29.45 | O11: 9 | P11: 56761 | Q11: 8.94 | R11: 9.98 | S11: =(Q11+R11)*3.412 -> 64.55504 | T11: =S11*1.25 -> 80.6938 | U11: =S11*0.75 -> 48.41628 | V11: =T11-U11 -> 32.27752
B12: 10 | I12: 60.6 | J12: =(I12*1.25) -> 75.75 | K12: =(I12*0.75) -> 45.45 | L12: =J12-K12 -> 30.3 | O12: 10 | P12: 48383 | Q12: 10.61 | R12: 13.05 | S12: =(Q12+R12)*3.412 -> 80.72792 | T12: =S12*1.25 -> 100.9099 | U12: =S12*0.75 -> 60.54594 | V12: =T12-U12 -> 40.36396
B13: 11 | I13: 64.7 | J13: =(I13*1.25) -> 80.875 | K13: =(I13*0.75) -> 48.525 | L13: =J13-K13 -> 32.35 | O13: 11 | P13: 13807 | Q13: 13.42 | R13: 12.06 | S13: =(Q13+R13)*3.412 -> 86.93776 | T13: =S13*1.25 -> 108.6722 | U13: =S13*0.75 -> 65.20332 | V13: =T13-U13 -> 43.46888
B14: 12 | I14: 62 | J14: =(I14*1.25) -> 77.5 | K14: =(I14*0.75) -> 46.5 | L14: =J14-K14 -> 31 | O14: 12 | P14: 54244 | Q14: 11.8 | R14: 11.49 | S14: =(Q14+R14)*3.412 -> 79.46548 | T14: =S14*1.25 -> 99.33185 | U14: =S14*0.75 -> 59.59911 | V14: =T14-U14 -> 39.73274
B15: 13 | I15: 65.1 | J15: =(I15*1.25) -> 81.375 | K15: =(I15*0.75) -> 48.825 | L15: =J15-K15 -> 32.55 | O15: 13 | P15: 16296 | Q15: 11.83 | R15: 8.98 | S15: =(Q15+R15)*3.412 -> 71.00372 | T15: =S15*1.25 -> 88.75465 | U15: =S15*0.75 -> 53.25279 | V15: =T15-U15 -> 35.50186
... B18: 16 | I18: 66.6 | J18: =(I18*1.25) -> 83.25 | K18: =(I18*0.75) -> 49.95 | L18: =J18-K18 -> 33.3 | O18: 16 | P18: 33483 | Q18: 12.32 | R18: 13.6 | S18: =(Q18+R18)*3.412 -> 88.43904 | T18: =S18*1.25 -> 110.5488 | U18: =S18*0.75 -> 66.32928 | V18: =T18-U18 -> 44.21952
A20: Ref: CEUS 2022 Report
A21: And converted FZ level data to CZ level
A22: CEUS has only one category for Lodging buildings

Sheet Weights
A1: % of floor area per CZ and vintage bin - Lodging | J1: % of floor area per CZ and vintage bin - Large Hotel
A2: Prototype | B2: CZ | C2: Vintage Bin | J2: Prototype | K2: Vintage Bin | L2: CZ
C3: Pre-1978 | D3: 1978-1997 | E3: 1998-2007 | F3: 2008-2018 | G3: Not available | L3: 1 | M3: 2 | N3: 3 | O3: 4 | P3: 5 | Q3: 6 | R3: 7 | S3: 8 | T3: 9 | U3: 10 | V3: 11 | W3: 12 | X3: 13 | Y3: 14 | Z3: 15 | AA3: 16
A4: Hotel | B4: 1 | H4: =SUM(C4:F4) -> 0 | J4: Hotel | K4: Pre-1978 | AB4: =SUM(L4:AA4) -> 0
B5: 2 | H5: =SUM(C5:F5) -> 0 | K5: 1978-1997 | AB5: =SUM(L5:AA5) -> 0
B6: 3 | H6: =SUM(C6:F6) -> 0 | K6: 1998-2007 | AB6: =SUM(L6:AA6) -> 0
B7: 4 | H7: =SUM(C7:F7) -> 0 | K7: 2008-2018 | AB7: =SUM(L7:AA7) -> 0
B8: 5 | H8: =SUM(C8:F8) -> 0 | K8: Not available | AB8: =SUM(L8:AA8) -> 0
B9: 6 | H9: =SUM(C9:F9) -> 0 | K9: Total
B10: 7 | H10: =SUM(C10:F10) -> 0
B11: 8 | H11: =SUM(C11:F11) -> 0
B12: 9 | H12: =SUM(C12:F12) -> 0
B13: 10 | H13: =SUM(C13:F13) -> 0
B14: 11 | H14: =SUM(C14:F14) -> 0
B15: 12 | H15: =SUM(C15:F15) -> 0
B16: 13 | H16: =SUM(C16:F16) -> 0
B17: 14 | H17: =SUM(C17:F17) -> 0
B18: 15 | H18: =SUM(C18:F18) -> 0
B19: 16 | H19: =SUM(C19:F19) -> 0
B20: Statewide
A22: Ref: CEUS 2022 dataset
A23: And converted FZ level data to CZ level
A24: CEUS has only one category for Lodging buildings

Sheet PV
A1: ="PV - "&Prototype!A2 -> PV - HotelSmall
A2: TBD

Sheet EV Charger
A1: ="EV Charger - "&Prototype!A2 -> EV Charger - HotelSmall
A2: TBD
A11: Background Data [To be deleted prior to publication]
A14: CEUS 2022 (Base on Survey 2018) | K14: The data presented in this worksheet represents the projected number of EV charger ports, or the number of cars that can be charged at the same time, for the year 2022 (last year of CEUC)
D15: Has EV Chargers | K15: Level 1, 120 volt Charger (No. ports/SqFT) | T15: Level 2, 240 volt Charger (No. ports/SqFT) | AC15: Level 3, DC fast (No. ports/SqFT) | AL15: Charger Type Unkown (No. ports/SqFT) | AU15: All Chargers Totals (No. ports/SqFT)
A16: Calculation Method | B16: Statewide/ Utility/ FCZ | C16: Building Type | D16: No | E16: Yes | F16: Total | I16: Statewide/ Utility/ FCZ | J16: Building Type | K16: Public Only | L16: Public & Employee | M16: Public & Fleet | N16: Employee Only | O16: Employee & Fleet | P16: Fleet Only | Q16: All 3 Types | R16: Unknown | S16: Level 1 Total | T16: Public Only | U16: Public & Employee | V16: Public & Fleet | W16: Employee Only | X16: Employee & Fleet | Y16: Fleet Only | Z16: All 3 Types | AA16: Unknown | AB16: Level 2 Total | AC16: Public Only | AD16: Public & Employee | AE16: Public & Fleet | AF16: Employee Only | AG16: Employee & Fleet | AH16: Fleet Only | AI16: All 3 Types | AJ16: Unknown | AK16: Level 3 Total | AL16: Public Only | AM16: Public & Employee | AN16: Public & Fleet | AO16: Employee Only | AP16: Employee & Fleet | AQ16: Fleet Only | AR16: All 3 Types | AS16: Unknown | AT16: Unkonwn Total | AU16: Public Only | AV16: Public & Employee | AW16: Public & Fleet | AX16: Employee Only | AY16: Employee & Fleet | AZ16: Fleet Only | BA16: All 3 Types | BB16: Unknown | BC16: Total
A17: Floorspace-Based | B17: Statewide | C17: Office, Small | D17: 0.91629084 | E17: 0.083709165 | F17: 1 | I17: Statewide | J17: Office, Small | K17: 234.63109 | L17: 257.26071 | M17: 0 | N17: 514.26458 | O17: 0 | P17: 22.221664 | Q17: 197.98307 | R17: 0 | S17: 1226.3611 | T17: 108.94502 | U17: 831.31992 | V17: 0 | W17: 1332.4399 | X17: 101.16411 | Y17: 78.502373 | Z17: 360.40604 | AA17: 0 | AB17: 2812.7774 | AC17: 21.375883 | AD17: 0 | AE17: 0 | AF17: 15.713801 | AG17: 0 | AH17: 0 | AI17: 0 | AJ17: 0 | AK17: 37.089684 | AL17: 56.94989 | AM17: 42.147584 | AN17: 0 | AO17: 212.11013 | AP17: 0 | AQ17: 25.741961 | AR17: 0 | AS17: 0 | AT17: 336.94956 | AU17: 421.90189 | AV17: 1130.7282 | AW17: 0 | AX17: 2074.5284 | AY17: 101.16411 | AZ17: 126.466 | BA17: 558.38911 | BB17: 0 | BC17: 4413.1778
A18: Floorspace-Based | B18: FCZ01 Tot | C18: Office, Small | D18: 0.88474892 | E18: 0.11525108 | F18: 1 | I18: FCZ01 Tot | J18: Office, Small | K18: 0 | L18: 0 | M18: 0 | N18: 92.114774 | O18: 0 | P18: 0 | Q18: 5.6273317 | R18: 0 | S18: 97.742105 | T18: 0 | U18: 290.15374 | V18: 0 | W18: 73.027737 | X18: 95.664638 | Y18: 65.739866 | Z18: 24.342579 | AA18: 0 | AB18: 548.92857 | AC18: 0 | AD18: 0 | AE18: 0 | AF18: 0 | AG18: 0 | AH18: 0 | AI18: 0 | AJ18: 0 | AK18: 0 | AL18: 0 | AM18: 0 | AN18: 0 | AO18: 27.974785 | AP18: 0 | AQ18: 24.342579 | AR18: 0 | AS18: 0 | AT18: 52.317364 | AU18: 0 | AV18: 290.15374 | AW18: 0 | AX18: 193.1173 | AY18: 95.664638 | AZ18: 90.082445 | BA18: 29.969911 | BB18: 0 | BC18: 698.98803
A19: Floorspace-Based | B19: FCZ02 Tot | C19: Office, Small | D19: 0.87664055 | E19: 0.12335945 | F19: 1 | I19: FCZ02 Tot | J19: Office, Small | K19: 0 | L19: 0 | M19: 0 | N19: 0 | O19: 0 | P19: 21.013652 | Q19: 0 | R19: 0 | S19: 21.013652 | T19: 0 | U19: 189.12287 | V19: 0 | W19: 21.156124 | X19: 0 | Y19: 0 | Z19: 0 | AA19: 0 | AB19: 210.27899 | AC19: 0 | AD19: 0 | AE19: 0 | AF19: 0 | AG19: 0 | AH19: 0 | AI19: 0 | AJ19: 0 | AK19: 0 | AL19: 0 | AM19: 0 | AN19: 0 | AO19: 0 | AP19: 0 | AQ19: 0 | AR19: 0 | AS19: 0 | AT19: 0 | AU19: 0 | AV19: 189.12287 | AW19: 0 | AX19: 21.156124 | AY19: 0 | AZ19: 21.013652 | BA19: 0 | BB19: 0 | BC19: 231.29265
A20: Floorspace-Based | B20: FCZ03 Tot | C20: Office, Small | D20: 0.93389784 | E20: 0.066102161 | F20: 1 | I20: FCZ03 Tot | J20: Office, Small | K20: 0 | L20: 78.750982 | M20: 0 | N20: 0 | O20: 0 | P20: 0 | Q20: 0 | R20: 0 | S20: 78.750982 | T20: 0 | U20: 0 | V20: 0 | W20: 0 | X20: 0 | Y20: 0 | Z20: 0 | AA20: 0 | AB20: 0 | AC20: 0 | AD20: 0 | AE20: 0 | AF20: 0 | AG20: 0 | AH20: 0 | AI20: 0 | AJ20: 0 | AK20: 0 | AL20: 0 | AM20: 12.871851 | AN20: 0 | AO20: 0 | AP20: 0 | AQ20: 0 | AR20: 0 | AS20: 0 | AT20: 12.871851 | AU20: 0 | AV20: 91.622833 | AW20: 0 | AX20: 0 | AY20: 0 | AZ20: 0 | BA20: 0 | BB20: 0 | BC20: 91.622833
A21: Floorspace-Based | B21: FCZ04 Tot | C21: Office, Small | D21: 0.82696529 | E21: 0.17303471 | F21: 1 | I21: FCZ04 Tot | J21: Office, Small | K21: 0 | L21: 0 | M21: 0 | N21: 0 | O21: 0 | P21: 0 | Q21: 0 | R21: 0 | S21: 0 | T21: 0 | U21: 0 | V21: 0 | W21: 44.11001 | X21: 0 | Y21: 0 | Z21: 0 | AA21: 0 | AB21: 44.11001 | AC21: 0 | AD21: 0 | AE21: 0 | AF21: 0 | AG21: 0 | AH21: 0 | AI21: 0 | AJ21: 0 | AK21: 0 | AL21: 0 | AM21: 26.984511 | AN21: 0 | AO21: 0 | AP21: 0 | AQ21: 0 | AR21: 0 | AS21: 0 | AT21: 26.984511 | AU21: 0 | AV21: 26.984511 | AW21: 0 | AX21: 44.11001 | AY21: 0 | AZ21: 0 | BA21: 0 | BB21: 0 | BC21: 71.09452
A22: Floorspace-Based | B22: FCZ05 Tot | C22: Office, Small | D22: 0.96399408 | E22: 0.036005923 | F22: 1 | I22: FCZ05 Tot | J22: Office, Small | K22: 0 | L22: 0 | M22: 0 | N22: 0 | O22: 0 | P22: 0 | Q22: 0 | R22: 0 | S22: 0 | T22: 0 | U22: 0 | V22: 0 | W22: 19.634673 | X22: 0 | Y22: 0 | Z22: 0 | AA22: 0 | AB22: 19.634673 | AC22: 0 | AD22: 0 | AE22: 0 | AF22: 0 | AG22: 0 | AH22: 0 | AI22: 0 | AJ22: 0 | AK22: 0 | AL22: 0 | AM22: 0 | AN22: 0 | AO22: 0 | AP22: 0 | AQ22: 0 | AR22: 0 | AS22: 0 | AT22: 0 | AU22: 0 | AV22: 0 | AW22: 0 | AX22: 19.634673 | AY22: 0 | AZ22: 0 | BA22: 0 | BB22: 0 | BC22: 19.634673
A23: Floorspace-Based | B23: FCZ06 Tot | C23: Office, Small | D23: 0.934083 | E23: 0.065917001 | F23: 1 | I23: FCZ06 Tot | J23: Office, Small | K23: 0 | L23: 0 | M23: 0 | N23: 0 | O23: 0 | P23: 0 | Q23: 0 | R23: 0 | S23: 0 | T23: 0 | U23: 0 | V23: 0 | W23: 0 | X23: 0 | Y23: 0 | Z23: 0 | AA23: 0 | AB23: 0 | AC23: 0 | AD23: 0 | AE23: 0 | AF23: 0 | AG23: 0 | AH23: 0 | AI23: 0 | AJ23: 0 | AK23: 0 | AL23: 0 | AM23: 0 | AN23: 0 | AO23: 50.28477 | AP23: 0 | AQ23: 0 | AR23: 0 | AS23: 0 | AT23: 50.28477 | AU23: 0 | AV23: 0 | AW23: 0 | AX23: 50.28477 | AY23: 0 | AZ23: 0 | BA23: 0 | BB23: 0 | BC23: 50.28477
A24: Floorspace-Based | B24: FCZ07 Tot | C24: Office, Small | D24: 0.9176906 | E24: 0.082309405 | F24: 1 | I24: FCZ07 Tot | J24: Office, Small | K24: 0 | L24: 0 | M24: 0 | N24: 199.1172 | O24: 0 | P24: 0 | Q24: 0 | R24: 0 | S24: 199.1172 | T24: 0 | U24: 229.22225 | V24: 0 | W24: 397.49955 | X24: 0 | Y24: 0 | Z24: 0 | AA24: 0 | AB24: 626.72179 | AC24: 0 | AD24: 0 | AE24: 0 | AF24: 0 | AG24: 0 | AH24: 0 | AI24: 0 | AJ24: 0 | AK24: 0 | AL24: 0 | AM24: 0 | AN24: 0 | AO24: 0 | AP24: 0 | AQ24: 0 | AR24: 0 | AS24: 0 | AT24: 0 | AU24: 0 | AV24: 229.22225 | AW24: 0 | AX24: 596.61674 | AY24: 0 | AZ24: 0 | BA24: 0 | BB24: 0 | BC24: 825.83899
A25: Floorspace-Based | B25: FCZ08 Tot | C25: Office, Small | D25: 0.8671958 | E25: 0.1328042 | F25: 1 | I25: FCZ08 Tot | J25: Office, Small | K25: 0 | L25: 0 | M25: 0 | N25: 0 | O25: 0 | P25: 0 | Q25: 0 | R25: 0 | S25: 0 | T25: 0 | U25: 77.628926 | V25: 0 | W25: 0 | X25: 0 | Y25: 0 | Z25: 0 | AA25: 0 | AB25: 77.628926 | AC25: 0 | AD25: 0 | AE25: 0 | AF25: 14.859569 | AG25: 0 | AH25: 0 | AI25: 0 | AJ25: 0 | AK25: 14.859569 | AL25: 0 | AM25: 0 | AN25: 0 | AO25: 0 | AP25: 0 | AQ25: 0 | AR25: 0 | AS25: 0 | AT25: 0 | AU25: 0 | AV25: 77.628926 | AW25: 0 | AX25: 14.859569 | AY25: 0 | AZ25: 0 | BA25: 0 | BB25: 0 | BC25: 92.488495
A26: Floorspace-Based | B26: FCZ09 Tot | C26: Office, Small | D26: 0.90936489 | E26: 0.090635106 | F26: 1 | I26: FCZ09 Tot | J26: Office, Small | K26: 0 | L26: 0 | M26: 0 | N26: 0 | O26: 0 | P26: 0 | Q26: 0 | R26: 0 | S26: 0 | T26: 0 | U26: 0 | V26: 0 | W26: 0 | X26: 0 | Y26: 0 | Z26: 0 | AA26: 0 | AB26: 0 | AC26: 0 | AD26: 0 | AE26: 0 | AF26: 0 | AG26: 0 | AH26: 0 | AI26: 0 | AJ26: 0 | AK26: 0 | AL26: 0 | AM26: 0 | AN26: 0 | AO26: 0 | AP26: 0 | AQ26: 0 | AR26: 0 | AS26: 0 | AT26: 0 | AU26: 0 | AV26: 0 | AW26: 0 | AX26: 0 | AY26: 0 | AZ26: 0 | BA26: 0 | BB26: 0 | BC26: 0
A27: Floorspace-Based | B27: FCZ10 Tot | C27: Office, Small | D27: 0.95601441 | E27: 0.043985587 | F27: 1 | I27: FCZ10 Tot | J27: Office, Small | K27: 0 | L27: 0 | M27: 0 | N27: 27.526763 | O27: 0 | P27: 0 | Q27: 0 | R27: 0 | S27: 27.526763 | T27: 0 | U27: 0 | V27: 0 | W27: 0 | X27: 0 | Y27: 0 | Z27: 0 | AA27: 0 | AB27: 0 | AC27: 0 | AD27: 0 | AE27: 0 | AF27: 0 | AG27: 0 | AH27: 0 | AI27: 0 | AJ27: 0 | AK27: 0 | AL27: 0 | AM27: 0 | AN27: 0 | AO27: 50.160792 | AP27: 0 | AQ27: 0 | AR27: 0 | AS27: 0 | AT27: 50.160792 | AU27: 0 | AV27: 0 | AW27: 0 | AX27: 77.687555 | AY27: 0 | AZ27: 0 | BA27: 0 | BB27: 0 | BC27: 77.687555
A28: Floorspace-Based | B28: FCZ11 Tot | C28: Office, Small | D28: 0.87588519 | E28: 0.12411481 | F28: 1 | I28: FCZ11 Tot | J28: Office, Small | K28: 0 | L28: 0 | M28: 0 | N28: 0 | O28: 0 | P28: 0 | Q28: 0 | R28: 0 | S28: 0 | T28: 0 | U28: 0 | V28: 0 | W28: 89.176218 | X28: 0 | Y28: 0 | Z28: 0 | AA28: 0 | AB28: 89.176218 | AC28: 0 | AD28: 0 | AE28: 0 | AF28: 0 | AG28: 0 | AH28: 0 | AI28: 0 | AJ28: 0 | AK28: 0 | AL28: 0 | AM28: 0 | AN28: 0 | AO28: 0 | AP28: 0 | AQ28: 0 | AR28: 0 | AS28: 0 | AT28: 0 | AU28: 0 | AV28: 0 | AW28: 0 | AX28: 89.176218 | AY28: 0 | AZ28: 0 | BA28: 0 | BB28: 0 | BC28: 89.176218
... A33: Floorspace-Based | B33: FCZ17 Tot | C33: Office, Small | D33: 0.98526125 | E33: 0.01473875 | F33: 1 | I33: FCZ17 Tot | J33: Office, Small | K33: 0 | L33: 0 | M33: 0 | N33: 0 | O33: 0 | P33: 0 | Q33: 0 | R33: 0 | S33: 0 | T33: 0 | U33: 0 | V33: 0 | W33: 0 | X33: 0 | Y33: 0 | Z33: 0 | AA33: 0 | AB33: 0 | AC33: 0 | AD33: 0 | AE33: 0 | AF33: 0 | AG33: 0 | AH33: 0 | AI33: 0 | AJ33: 0 | AK33: 0 | AL33: 0 | AM33: 0 | AN33: 0 | AO33: 0 | AP33: 0 | AQ33: 0 | AR33: 0 | AS33: 0 | AT33: 0 | AU33: 0 | AV33: 0 | AW33: 0 | AX33: 0 | AY33: 0 | AZ33: 0 | BA33: 0 | BB33: 0 | BC33: 0

Sheet Data
A1: Space Function | B1: Electric Equipment Load Intensity | C1: Electric Equipment Load Intensity | D1: LPD
A2: Aging Eye/Low-vision (Corridor Area) | D2: 2013 | E2: 2016 | F2: 2019 | G2: 2025
A3: Aging Eye/Low-vision (Dining)
A4: Aging Eye/Low-vision (Lobby, Main Entry)
A5: Aging Eye/Low-vision (Lounge/Waiting Area)
A6: Aging Eye/Low-vision (Multipurpose Room)
A7: Aging Eye/Low-vision (Religious Worship Area)
A8: Aging Eye/Low-vision (Restroom)
A9: Aging Eye/Low-vision (Stairwell)
A10: Audience Seating Area
A11: Auditorium Area
A12: Auto Repair / Maintenance Area
A13: Barber, Beauty Salon, Spa Area
A14: Civic Meeting Place Area
... A83: Server Room (EPD 45)
