Workbook
Name nonparticipating_forecastzone_scale_factor: #REF!
Name nonparticipating_forecastzone_scale_factor: 'Energy Usage'!#REF!
Name Space_Function: Data!$A$2:$A$76

Sheet Notes
A1: Data Sources
A2: Dataset | B2: Dodge 2023
B3: Commercial End-Use Survey (CEUS) 2022 | C3: https://www.energy.ca.gov/publications/2023/2022-california-commercial-end-use-survey-ceus-final-report
B4: Commercial Buildings Energy Consumption Survey (CBECS) 2018 | C4: https://www.eia.gov/consumption/commercial/data/2018/
B5: ComStock 2023 | C5: https://comstock.nlr.gov/page/datasets
A6: Prototypes | B6: California Energy Commission (CEC) Small Office prototype (CBECC 2022.3.1) | C6: https://bees.noresco.com/software2022.html
B7: Pacific Northwest National Laboratory (PNNL) Small Office prototype (90.1-2022) | C7: https://www.energycodes.gov/prototype-building-models#Commercial
B8: Database for Energy Efficient Resources (DEER) Small Office prototype (June 2023) | C8: https://github.com/sound-data/DEER-Prototypes-EnergyPlus
B9: Oak Ridge National Laboratory (ORNL) 2019 Small Office prototype zoning | C9: https://web.eecs.utk.edu/~jnew1/publications/2019_IBPSA_OpenStudioOffice.pdf
A10: Codes | B10: Title 24, part 6, referred to as T24 (1984, 1992,1998, 2001, 2005, 2008, 2013, 2016,2019, 2022, 2025) | C10: https://www.energy.ca.gov/publications/2025/2025-building-energy-efficiency-standards-residential-and-nonresidential | D10: 2025
C11: https://codes.iccsafe.org/codes/united-states/california | D11: 2010+
B12: Title 20 | C12: https://govt.westlaw.com/calregs/Document/I270DCA634B4011EFA8F7F119BAF97AD6?viewType=FullText&originationContext=documenttoc&transitionType=CategoryPageItem&contextData=(sc.Default)
B13: American Society of Heating, Refrigerating and Air-Conditioning Engineers (ASHRAE) 90.1 (2022) | C13: https://www.ashrae.org/technical-resources/standards-and-guidelines/read-only-versions-of-ashrae-standards
B14: Code of Federal Regulations (CFR) Title 10 (2010) | C14: https://www.govinfo.gov/content/pkg/FR-2009-03-23/pdf/FR-2009-03-23.pdf
B15: CFR Title 10 (2013) | C15: https://www.govinfo.gov/content/pkg/CFR-2013-title10-vol3/pdf/CFR-2013-title10-vol3-part431.pdf
B16: CFR Title 10 (2024) | C16: https://www.govinfo.gov/content/pkg/CFR-2024-title10-vol3/pdf/CFR-2024-title10-vol3-part431-subpartF.pdf
A17: Others | B17: Massachusetts uses commercial prototype for its stretch code energy analysis and the above ones are the supporting documents for small office prototype | C17: https://www.mass.gov/lists/stretch-energy-code-development-support-documentation
C18: https://www.mass.gov/doc/small-office-prototype-basis-of-design-report/download
B19: Alternative Calculation Method (ACM) (2022) | C19: https://www.energy.ca.gov/publications/2022/2022-nonresidential-and-multifamily-alternative-calculation-method-reference
B20: ACM (2025) | C20: https://www.energy.ca.gov/publications/2025/2025-nonresidential-and-multifamily-alternative-calculation-method-reference
B21: Title 24, 2025, Appendix B: Water Heating Calculation Method | C21: https://www.energy.ca.gov/sites/default/files/2025-11/CEC-400-2025-006-AP-B.pdf
B22: Nonres ACM 2022, Appendix 5.4A and Appendix 5.4B | C22: https://www.energy.ca.gov/publications/2022/2022-nonresidential-and-multifamily-alternative-calculation-method-reference
B23: 2022 Reduced infiltration Codes and Standards Enhancement (CASE) report | C23: https://title24stakeholders.com/wp-content/uploads/2020/10/2022-T24-Final-CASE-Report_Reduce-Infiltration.pdf
B24: 2019 Outdoor Lighting CASE Report | C24: https://title24stakeholders.com/wp-content/uploads/2016/10/T24-2019-CASE-Study-Results-Report-Outdoor-Sources_Final_with-Attachments.pdf
B25: PNNL 20405, 2011 | C25: https://www.pnnl.gov/main/publications/external/technical_reports/PNNL-20405.pdf
B26: Air leakage Memo, NORESCO, 2025 | C26: Infiltration_rate_report_14May2025-Short-Version.docx
B27: Yousefi, F., Athalye, R., (2025), "Determining Vintage Bins for Prototype Development: An Analysis of California Commercial Buildings," ASHRAE Annual Conference | C27: https://www.thefreelibrary.com/Determining+Vintage+Bins+for+Prototype+Development%3a+An+Analysis+of...-a0879271125
B28: Proposed Updates to Equipment Power Densities and Building Schedules for the 2028 Energy Code, referred to as "Plug load and schedules project with CEC, 2025" (Docket Number =25-BSTD-03 & TN=265693) | C28: https://efiling.energy.ca.gov/GetDocument.aspx?tn=265693&DocumentContentId=102545
B29: Yousefi, F., Athalye, R. (2026). "Developing a New Set of Prototypical Models for Office Buildings in California," IBPSA-USA Conference | C29: https://publications.ibpsa.org/conference/paper/?id=simbuild2026_1372
B30: ENERGY STAR certified commercial water heaters | C30: https://www.energystar.gov/productfinder/product/certified-commercial-water-heaters/results?fuel_filter=Gas&markets_filter=United+States
... B32: Grainger electric tank water heaters | C32: https://www.grainger.com/category/plumbing/water-heaters/electric-tank-water-heaters
A35: Construction Rate
F39: 1978-84 | G39: 1985-97 | H39: 1992-1997
E40: Construction rate (Dodge 2023 data for new small offices) | F40: 0.46536943 | G40: 0.53462988 | H40: 0.093651419
B47: Source:Dodge Construction Data, 2023 ( NEW small office built after 1967) (STC refers to building types in Dodge terminology).
A48: Notes
A49: OfficeSmall Prototype | B49: The Small Office prototype was developed to represent California office buildings below 25,000 ft². Based on California construction data, the existing CEC/PNNL Small Office geometry was retained because it aligned well with observed building stock characteristics. The prototype is modeled as a one-story building with a total floor area of 5,502 ft². Its zoning layout was updated using ORNL-based layouts, with modifications to better reflect current design practice and simplify the model. These changes included consolidating spaces, reducing the total number of thermal zones, and incorporating elevator space into the vertical circulation area. The resulting Small Office prototype includes approximately 49.6% office space, 8.3% conference space, 13.5% storage, 12.1% corridor, 8.3% lobby, 4.1% restroom, 2% breakroom, and 2.1% mechanical room. The same geometry and zoning layout are applied across vintages and California climate zones. Information about the geometry and underlying logic of the office prototypes can be found in this paper: "Yousefi, F., Athalye, R. (2026). ‘Developing a New Set of Prototypical Models for Office Buildings in California." IBPSA-USA Conference. The link is provided above in the Data Source section. The floor area was slightly modified in some spaces during the geometry‑drawing phase.
A50: 1986 is the representative year for the 1984-1997 vintage bin | B50: Most offices in this vintage bin were built after 1984 (more than 53% ) and the CA energy code did not noticeably change between 1984 and 1992. Edition 1986 included 6 prescriptive packages per CZ for office buildings compared to 1984 with 3 package per CZ. Also "Heat Capacity" for external wall is considered between 10.0 to 14.99 (BTU/F/ft²) Package A was selected for the thermal properties
A51: 2001 is the representative year for the 1998-2007 vintage bin | B51: Wall and roof prescriptive criteria from 1998 to 2005 remain unchanged except for CZ2 and 6 in 2001 code (the percentage of change is less than 10%). Since the construction rate between 1998-2005 is greater than the 2006-2007 period, the envelope properties of 1998 -2005 were chosen for envelope properties. Since the windows requirement considerably changed in the 2001 code, the nominated year for this vintage is 2001. It should be noticed that, only one Title 24 should be chosen within each vintage bin for building envelope properties since the entire envelope is built at once. We can't choose 1998 for walls and 2001 for windows. Wall and roof prescriptive criteria from 1998 to 2005 remain unchanged except for CZ2 and 6 in 2001 version (the percentage of change is less than 10%).
A52: 2013 is the representative year for the 2008-2018 vintage bin | B52: Wall properties remain unchanged from the 2008 code to the 2016 code but the roof did change. Although the 2016 code introduced improvement for roof in nearly all CZ and for wall in a few CZ, and construction activity surged between 2017 and 2018, the extended period from 2008 to 2016 resulted in a higher construction rate during that time . As a result, it was decided to select the code that was effective during 2008-2016. The 2013 code modified the solar reflectance requirement for low-sloped roof products ( by approximately 15%), and enhanced window properties. Therefore, the 2013 code was chosen as the representative code. Additionally, construction activity from 2014-2018 was higher compared to 2008-2013 period.

Sheet Prototype
A1: NORESCO, Updated September 2026
A2: OfficeSmall
A3: Characteristic | B3: Value | C3: Data Sources
A4: Building Type | B4: Small Office
A5: Building Category | B5: Nonresidential
A6: Version | B6: v2-0
A7: Vintages | B7: 4 Vintages: Pre-1978 , 1978-1997 ,1998-2007 , 2008-2018 New Construction (2019+) | C7: Based on the vintage‑bin analysis. A summary of the findings is presented in the following paper, with a link provided in the Notes tab:: Yousefi, F., Athalye, R. (2025). “Determining Vintage Bins for Prototype Development: An Analysis of California Commercial Buildings.” ASHRAE Annual Conference.
A8: Shape | C8: Assume rectangular shape; supported by CBECS, CEC, and PNNL. The logic behind the geometry of the CalBEM Office prototypes' shell is described in the following paper, with a link provided in the Notes tab: Yousefi, F., & Athalye, R. (2026). "Developing a New Set of Prototypical Models for Office Buildings in California", IBPSA-USA Conference.
A9: Total Floor Area (ft²) | B9: 5502 (90.8 ft x 60.6ft) | C9: Supported by Dodge 2023 data (Same as CEC and PNNL)
A10: Aspect Ratio | B10: 1.5 | C10: Assumption; same as CEC and PNNL Small Office prototype
A11: Number of Floors | B11: 1 | C11: Supported by Dodge 2023 data -(Same as CEC and PNNL) DEER considered two floors
A12: Roof type | B12: Tilted (Steep-Sloped) | C12: Supported by CBECS 2018 data (Same as CEC and PNNL)
A13: WWR | B13: 24.4% for South and 19.8% for the other three orientations | C13: Assumed based on CBECS data as well as CEC and PNNL Small Office prototype. CEC: overall 21.2% same as PNNL DEER: 33% in all directions CBECS: 11-25% (38% of samples have WWR of 11-25%; 33% have WWR 2-10%)
A14: Shading Geometry | B14: No Shades | C14: Assumption; same as CEC and PNNL Small Office prototype
A15: Floor to floor height (feet) | B15: 10 | C15: Assumption, standard ceiling height in office buildings; same as CEC and PNNL Small Office prototype.
A16: Floor to ceiling height (feet) | B16: 10 | C16: Assumption; same as CEC and PNNL Small Office prototype
A17: Glazing sill height (feet) | B17: 3 (top of the window is 8 ft high with 5 ft high glass) | C17: Assumption; same as CEC and PNNL Small Office prototype
A66: Background Data [To be deleted prior to publication]
D72: Equipment (Plug Load )- Prototypes comparison
D73: Unit | E73: CEC OffSml | F73: DEER OFS | G73: PNNL | H73: ComStock | I73: Note
D74: W/ft2 | E74: 1.5 | F74: 1.5 | G74: 0.63 | I74: PNNL considers higher load for electric equipment
D75: Yearly Load multiplier | E75: =SUM(Schedules!#REF!)*249+SUM(Schedules!#REF!)*52+SUM(Schedules!#REF!)*(364-249-52) -> #REF! | F75: =SUM(Schedules!#REF!)*249+SUM(Schedules!#REF!)*52+SUM(Schedules!#REF!)*(364-249-52) -> #REF! | G75: =SUM(Schedules!#REF!)*249+SUM(Schedules!#REF!)*52+SUM(Schedules!#REF!)*(364-249-52) -> #REF!

Sheet Zones
A1: ="Proposed Layout - "&Prototype!A2 -> Proposed Layout - OfficeSmall
A2: Building | B2: Space/Thermal Zone | C2: Space Type [Primarily from: T24, 2022 Appendix 5.4A] - See Notes column | D2: HVAC System Name | E2: Schedule Category | F2: Conditioned (Y/N) | G2: Area Fraction | H2: Area (ft²) | I2: Volume (ft³) | J2: Multipliers | K2: Number of People | L2: People (Persons/1,000 ft²) [T24, 2025,Table 120.1-A] | M2: Notes | O2: Thermal Zone Layout - Each space has its own thermal zone
A3: Office Small | B3: Open_Office_N | C3: Office Area (>250 square feet) | D3: AHU_N | E3: Office | F3: Yes | G3: =H3/$H$17 -> 0.16588271 | H3: 912.6975 | I3: =H3*10 -> 9126.975 | J3: 1 | K3: =L3*H3/1000 -> 4.5634875 | L3: 5
A4: Office Small | B4: Enclosed_Office_W | C4: Office Area (>250 square feet) | D4: AHU_W | E4: Office | F4: Yes | G4: =H4/$H$17 -> 0.16511254 | H4: 908.46 | I4: =H4*10 -> 9084.6 | J4: 1 | K4: =L4*H4/1000 -> 4.5423 | L4: 5
A5: Office Small | B5: Enclosed_Office_E | C5: Office Area (>250 square feet) | D5: AHU_E | E5: Office | F5: Yes | G5: =H5/$H$17 -> 0.16511254 | H5: 908.46 | I5: =H5*10 -> 9084.6 | J5: 1 | K5: =L5*H5/1000 -> 4.5423 | L5: 5
A6: Office Small | B6: Conference | C6: Convention, Conference, Multipurpose and Meeting Area | D6: AHU_S | E6: Office | F6: Yes | G6: =H6/$H$17 -> 0.08294158 | H6: 456.35 | I6: =H6*10 -> 4563.5 | J6: 1 | K6: =L6*H6/1000 -> 15.05955 | L6: 33
A7: Office Small | B7: Lobby_Lounge | C7: Lobby, Main Entry | D7: AHU_S | E7: Office | F7: Yes | G7: =H7/$H$17 -> 0.08294158 | H7: 456.35 | I7: =H7*10 -> 4563.5 | J7: 1 | K7: =L7*H7/1000 -> 4.5635 | L7: 10 | M7: For entrance lobbies, assumed 10 persons/1000 ft² based on ASHRAE 62.1 Table 6-1 T24 assumed 33 persons/1,000 ft² for main Entry lobbies & 5 persons/1000 ft² for reception area
A8: Office Small | B8: Storage | C8: Storage (General) | D8: AHU_W | E8: Office | F8: Yes | G8: =H8/$H$17 -> 0.13520158 | H8: 743.88791 | I8: =H8*10 -> 7438.8791 | J8: 1 | K8: =L8*H8/1000 -> 0 | L8: 0 | M8: Occupant load density for storage is based on T24, 2025, Appendix 5.4A. Conditioned but with higher cooling setpoint
A9: Office Small | B9: Mechanical_Electrical | C9: Electrical, Mechanical, Telephone Rooms | D9: AHU_S | E9: Ancillary | F9: Yes | G9: =H9/$H$17 -> 0.020761294 | H9: 114.23 | I9: =H9*10 -> 1142.3 | J9: 1 | L9: - | M9: Conditioned but with higher cooling setpoint
A10: Office Small | B10: Restroom | C10: Restrooms | E10: Office | F10: Yes | G10: =H10/$H$17 -> 0.040762874 | H10: 224.28 | I10: =H10*10 -> 2242.8 | J10: 1 | L10: - | M10: Indirectly conditioned
A11: Office Small | B11: Break_CopyRoom | C11: Lounge, Breakroom, or Waiting Area | D11: AHU_S | E11: Office | F11: Yes | G11: =H11/$H$17 -> 0.02000158 | H11: 110.05 | I11: =H11*10 -> 1100.5 | J11: 1 | K11: =L11*H11/1000 -> 3.63165 | L11: 33
A12: Office Small | B12: Corridor_W | C12: Corridor Area | D12: AHU_W | E12: Office | F12: Yes | G12: =H12/$H$17 -> 0.022220746 | H12: 122.26 | I12: =H12*10 -> 1222.6 | J12: 1 | K12: =L12*H12/1000 -> 0.6113 | L12: 5
A13: Office Small | B13: Corridor_N | C13: Corridor Area | D13: AHU_N | E13: Office | F13: Yes | G13: =H13/$H$17 -> 0.038420118 | H13: 211.39 | I13: =H13*10 -> 2113.9 | J13: 1 | K13: =L13*H13/1000 -> 1.05695 | L13: 5
A14: Office Small | B14: Corridor_E | C14: Corridor Area | D14: AHU_E | E14: Office | F14: Yes | G14: =H14/$H$17 -> 0.022220746 | H14: 122.26 | I14: =H14*10 -> 1222.6 | J14: 1 | K14: =L14*H14/1000 -> 0.6113 | L14: 5
A15: Office Small | B15: Corridor_S | C15: Corridor Area | D15: AHU_S | E15: Office | F15: Yes | G15: =H15/$H$17 -> 0.038420118 | H15: 211.39 | I15: =H15*10 -> 2113.9 | J15: 1 | K15: =L15*H15/1000 -> 1.05695 | L15: 5
A16: Office Small | B16: Attic | C16: Attic | D16: - | F16: No | G16: 1 | H16: 6114.3047 | I16: 25437.111 | J16: 1 | L16: -
A17: Total ( 1 Building) | B17: Total (14 Space) | C17: Total (9 Space) | D17: Total (4 HVAC system) | E17: Total (1 category) | F17: Total (4 Conditioned zones, 1 Unconditioned Zones) | G17: =SUM(G3:G15) -> 1 | H17: =SUM(H3:H15) -> 5502.0654 | I17: =SUM(I3:I16) -> 80457.765 | J17: 1
B19: Ref: Geometry and zones: ORNL 2019 small office prototype with modification | O19: Area Distribution By Space Type
B20: https://web.eecs.utk.edu/~jnew1/publications/2019_IBPSA_OpenStudioOffice.pdf | O20: Space Type | R20: % Area
B21: https://web.eecs.utk.edu/~jnew1/presentations/2019_IBPSA_OpenStudioOffice.pdf | O21: Office Area (>250 square feet) | R21: =SUM(G3:G5) -> 0.49610779
O22: Convention, Conference, Multipurpose and Meeting Area | R22: =G6 -> 0.08294158
O23: Lobby, Main Entry | R23: =G7 -> 0.08294158
O24: Storage (General) | R24: =G8 -> 0.13520158
O25: Electrical, Mechanical, Telephone Rooms | R25: =G9 -> 0.020761294
O26: Restrooms | R26: =G10 -> 0.040762874
O27: Lounge, Breakroom, or Waiting Area | R27: =G11 -> 0.02000158
O28: Corridor Area | R28: =SUM(G12:G15) -> 0.12128173
O29: Total | R29: =SUM(R21:R28) -> 1

Sheet Envelope
A1: ="Envelope - "&Prototype!A2 -> Envelope - OfficeSmall
A2: Element | B2: Prototype | C2: Assembly Type | D2: Construction | E2: Thermal Properties | F2: Vintage | G2: Selected T24 | H2: Notes | I2: CZ1 | J2: CZ2 | K2: CZ3 | L2: CZ4 | M2: CZ5 | N2: CZ6 | O2: CZ7 | P2: CZ8 | Q2: CZ9 | R2: CZ10 | S2: CZ11 | T2: CZ12 | U2: CZ13 | V2: CZ14 | W2: CZ15 | X2: CZ16
A3: External Wall | B3: OfficeSmall | C3: ExtWall_WoodFramed_NonRes | D3: Wood framed wall: Wood frame + insulation + Gypsum board | E3: U-factor IP | F3: Pre 1978 | G3: N/A | H3: Using ASHRAE 90.1, 2022 Table A3.4.3.1, 3.5", R-1.5 U-values and a 7.4% cumulative wall renovation rate through 2028, based on the average annual rate from CBECS 2003 and 2012 projected over 48 years. | I3: =I42*$I$44+I43*(1-$I$44) -> 0.1946 | J3: =J42*$I$44+J43*(1-$I$44) -> 0.191418 | K3: =K42*$I$44+K43*(1-$I$44) -> 0.195192 | L3: =L42*$I$44+L43*(1-$I$44) -> 0.191418 | M3: =M42*$I$44+M43*(1-$I$44) -> 0.1946 | N3: =N42*$I$44+N43*(1-$I$44) -> 0.195192 | O3: =O42*$I$44+O43*(1-$I$44) -> 0.195192 | P3: =P42*$I$44+P43*(1-$I$44) -> 0.1946 | ... X3: =X42*$I$44+X43*(1-$I$44) -> 0.191418
F4: 1978-1997 | G4: 1986 | H4: Table 2-53V-16: Package A/ Heat Capacity was considered 0-3.99 (BTU/F/ft²) | I4: =1/7.52 -> 0.13297872 | J4: =1/7.52 -> 0.13297872 | K4: =1/7.52 -> 0.13297872 | L4: =1/7.52 -> 0.13297872 | M4: =1/7.52 -> 0.13297872 | N4: =1/7.52 -> 0.13297872 | O4: =1/7.52 -> 0.13297872 | P4: =1/7.52 -> 0.13297872 | ... X4: =1/7.52 -> 0.13297872
F5: 1998-2007 | G5: 2001 | H5: Table 1-H | I5: 0.084 | J5: 0.084 | K5: 0.092 | L5: 0.092 | M5: 0.092 | N5: 0.092 | O5: 0.092 | P5: 0.092 | Q5: 0.092 | R5: 0.084 | S5: 0.084 | T5: 0.084 | U5: 0.084 | V5: 0.084 | W5: 0.084 | X5: 0.084
F6: 2008-2018 | G6: 2013 | H6: Table 140.3-B | I6: 0.102 | J6: 0.059 | K6: 0.11 | L6: 0.059 | M6: 0.102 | N6: 0.11 | O6: 0.11 | P6: 0.102 | Q6: 0.059 | R6: 0.059 | S6: 0.059 | T6: 0.059 | U6: 0.059 | V6: 0.059 | W6: 0.042 | X6: 0.059
F7: Existing | H7: Weighted average of all 4 vintages | I7: {=_xlfn.BYCOL(TRANSPOSE(Weights!$C$4:$F$19)*I3:X6,_xlfn.LAMBDA(_xlpm.c,SUM(_xlpm.c)))} -> 0.14336934 | J7: 0.1505756 | K7: 0.15957316 | L7: 0.15663464 | M7: 0.15606378 | N7: 0.15907356 | O7: 0.14825583 | P7: 0.16481685 | Q7: 0.16286488 | R7: 0.13009248 | S7: 0.12869445 | T7: 0.13262571 | U7: 0.13127339 | V7: 0.14234525 | W7: 0.11736183 | X7: 0.1303404
F8: 2019+ | G8: 2025 | H8: Table 140.3-B | I8: 0.078 | J8: 0.053 | K8: 0.102 | L8: 0.053 | M8: 0.095 | N8: 0.102 | O8: 0.102 | P8: 0.095 | Q8: 0.053 | R8: 0.053 | S8: 0.042 | T8: 0.053 | U8: 0.053 | V8: 0.053 | W8: 0.038 | X8: 0.053
A9: Flat Roof | B9: OfficeSmall | C9: AtticFloor Reversed | D9: Ceiling: Wood-frame roof + insulation + Acoustic tile/Gypsum board (Attic Roof: Asphalt shingle + Plywood) | E9: U-factor IP | F9: Pre 1978 | G9: 1992 | H9: Table 2-53V-16: Considering 30 years for roof/ insulation replacement. | I9: 0.057 | J9: 0.057 | K9: 0.057 | L9: 0.057 | M9: 0.057 | N9: 0.078 | O9: 0.078 | P9: 0.078 | Q9: 0.078 | R9: 0.078 | S9: 0.057 | T9: 0.057 | U9: 0.057 | V9: 0.057 | W9: 0.057 | X9: 0.057
F10: 1978-1997 | G10: 1992 | I10: 0.057 | J10: 0.057 | K10: 0.057 | L10: 0.057 | M10: 0.057 | N10: 0.078 | O10: 0.078 | P10: 0.078 | Q10: 0.078 | R10: 0.078 | S10: 0.057 | T10: 0.057 | U10: 0.057 | V10: 0.057 | W10: 0.057 | X10: 0.057
F11: 1998-2007 | G11: 2001 | H11: Table 1-H | I11: 0.057 | J11: 0.057 | K11: 0.057 | L11: 0.057 | M11: 0.057 | N11: 0.078 | O11: 0.078 | P11: 0.078 | Q11: 0.078 | R11: 0.057 | S11: 0.057 | T11: 0.057 | U11: 0.057 | V11: 0.057 | W11: 0.057 | X11: 0.057
F12: 2008-2018 | G12: 2013 | H12: Table 140.3-B | I12: 0.049 | J12: 0.039 | K12: 0.039 | L12: 0.039 | M12: 0.049 | N12: 0.075 | O12: 0.067 | P12: 0.067 | Q12: 0.039 | R12: 0.039 | S12: 0.039 | T12: 0.039 | U12: 0.039 | V12: 0.039 | W12: 0.039 | X12: 0.039
F13: Existing | H13: Weighted average of all 4 vintages | I13: {=_xlfn.BYCOL(TRANSPOSE(Weights!$C$4:$F$19)*I9:X12,_xlfn.LAMBDA(_xlpm.c,SUM(_xlpm.c)))} -> 0.05636875 | J13: 0.056057075 | K13: 0.056204388 | L13: 0.056203234 | M13: 0.056676628 | N13: 0.077856798 | O13: 0.077610801 | P13: 0.077642422 | Q13: 0.076239747 | R13: 0.069797964 | S13: 0.055605952 | T13: 0.055795735 | U13: 0.055246033 | V13: 0.055808861 | W13: 0.054505895 | X13: 0.055360241
F14: 2019+ | G14: 2025 | H14: Table 140.3-B | I14: 0.028 | J14: 0.028 | K14: 0.028 | L14: 0.028 | M14: 0.028 | N14: 0.047 | O14: 0.047 | P14: 0.047 | Q14: 0.028 | R14: 0.028 | S14: 0.028 | T14: 0.028 | U14: 0.028 | V14: 0.028 | W14: 0.028 | X14: 0.028
A15: Windows | B15: OfficeSmall | C15: FixedWindow_NonRes | D15: Mix Single and Double: CBECS 2018 shows that ~53% of small offices that were built before 2000 are single pane | E15: U-factor IP | F15: Pre 1978 | G15: N/A | H15: ASHRAE Handbook of Fundamentals (Table 10-Ch15) for single pane & T24, 2013 for double pane(53%-47%)* | I15: =1.12*0.53+I$17*0.47 -> 0.8239 | J15: =1.12*0.53+J$17*0.47 -> 0.8239 | K15: =1.12*0.53+K$17*0.47 -> 0.9743 | L15: =1.12*0.53+L$17*0.47 -> 0.9743 | M15: =1.12*0.53+M$17*0.47 -> 0.9743 | N15: =1.12*0.53+N$17*0.47 -> 0.9743 | O15: =1.12*0.53+O$17*0.47 -> 0.9743 | P15: =1.12*0.53+P$17*0.47 -> 0.9743 | ... X15: =1.12*0.53+X$17*0.47 -> 0.8239
F16: 1978-1997 | G16: N/A | I16: =1.12*0.53+I$17*0.47 -> 0.8239 | J16: =1.12*0.53+J$17*0.47 -> 0.8239 | K16: =1.12*0.53+K$17*0.47 -> 0.9743 | L16: =1.12*0.53+L$17*0.47 -> 0.9743 | M16: =1.12*0.53+M$17*0.47 -> 0.9743 | N16: =1.12*0.53+N$17*0.47 -> 0.9743 | O16: =1.12*0.53+O$17*0.47 -> 0.9743 | P16: =1.12*0.53+P$17*0.47 -> 0.9743 | ... X16: =1.12*0.53+X$17*0.47 -> 0.8239
D17: Double pane | F17: 1998-2007 | G17: 2001 | H17: Table 1-H | I17: 0.49 | J17: 0.49 | K17: 0.81 | L17: 0.81 | M17: 0.81 | N17: 0.81 | O17: 0.81 | P17: 0.81 | Q17: 0.81 | R17: 0.49 | S17: 0.49 | T17: 0.49 | U17: 0.49 | V17: 0.49 | W17: 0.49 | X17: 0.49
F18: 2008-2018 | G18: 2013 | H18: Table 140.3-B | I18: 0.36 | J18: 0.36 | K18: 0.36 | L18: 0.36 | M18: 0.36 | N18: 0.36 | O18: 0.36 | P18: 0.36 | Q18: 0.36 | R18: 0.36 | S18: 0.36 | T18: 0.36 | U18: 0.36 | V18: 0.36 | W18: 0.36 | X18: 0.36
F19: Existing | H19: Weighted average of all 4 vintages | I19: {=_xlfn.BYCOL(TRANSPOSE(Weights!$C$4:$F$19)*I15:X18,_xlfn.LAMBDA(_xlpm.c,SUM(_xlpm.c)))} -> 0.721503 | J19: 0.75743588 | K19: 0.92824775 | L19: 0.92940197 | M19: 0.93271218 | N19: 0.932244 | O19: 0.93468982 | P19: 0.94352366 | Q19: 0.93880647 | R19: 0.70774672 | S19: 0.69017369 | T19: 0.70449213 | U19: 0.69611556 | V19: 0.73255375 | W19: 0.66934726 | X19: 0.69598762
F20: 2019+ | G20: 2025 | H20: Table 140.3-B | I20: 0.36 | J20: 0.36 | K20: 0.36 | L20: 0.36 | M20: 0.36 | N20: 0.36 | O20: 0.36 | P20: 0.36 | Q20: 0.34 | R20: 0.36 | S20: 0.34 | T20: 0.34 | U20: 0.34 | V20: 0.34 | W20: 0.34 | X20: 0.36
B21: OfficeSmall | C21: FixedWindow_NonRes | D21: Mix Single and Double: CBECS 2018 shows that ~53% of small offices that were built before 2000 are single pane | E21: SHGC | F21: Pre 1978 | G21: N/A | H21: ASHRAE Handbook of Fundamentals (Table 10-Ch15) for single pane & T24, 2013 for double pane(53%-47%)* | I21: =0.79*0.53+I23*0.47 -> 0.6208 | J21: =0.79*0.53+J23*0.47 -> 0.5879 | K21: =0.79*0.53+K23*0.47 -> 0.6114 | L21: =0.79*0.53+L23*0.47 -> 0.6114 | M21: =0.79*0.53+M23*0.47 -> 0.6114 | N21: =0.79*0.53+N23*0.47 -> 0.602 | O21: =0.79*0.53+O23*0.47 -> 0.602 | P21: =0.79*0.53+P23*0.47 -> 0.602 | ... X21: =0.79*0.53+X23*0.47 -> 0.6208
F22: 1978-1997 | G22: 1986 | I22: =0.79*0.53+I23*0.47 -> 0.6208 | J22: =0.79*0.53+J23*0.47 -> 0.5879 | K22: =0.79*0.53+K23*0.47 -> 0.6114 | L22: =0.79*0.53+L23*0.47 -> 0.6114 | M22: =0.79*0.53+M23*0.47 -> 0.6114 | N22: =0.79*0.53+N23*0.47 -> 0.602 | O22: =0.79*0.53+O23*0.47 -> 0.602 | P22: =0.79*0.53+P23*0.47 -> 0.602 | ... X22: =0.79*0.53+X23*0.47 -> 0.6208
F23: 1998-2007 | G23: 2001 | H23: Table 1-H : WWR:20-30 / SHGC non-north | I23: 0.43 | J23: 0.36 | K23: 0.41 | L23: 0.41 | M23: 0.41 | N23: 0.39 | O23: 0.39 | P23: 0.39 | Q23: 0.39 | R23: 0.36 | S23: 0.36 | T23: 0.36 | U23: 0.36 | V23: 0.36 | W23: 0.36 | X23: 0.43
F24: 2008-2018 | G24: 2013 | H24: Table 140.3-B | I24: 0.25 | J24: 0.25 | K24: 0.25 | L24: 0.25 | M24: 0.25 | N24: 0.25 | O24: 0.25 | P24: 0.25 | Q24: 0.25 | R24: 0.25 | S24: 0.25 | T24: 0.25 | U24: 0.25 | V24: 0.25 | W24: 0.25 | X24: 0.25
F25: Existing | H25: Weighted average of all 4 vintages | I25: {=_xlfn.BYCOL(TRANSPOSE(Weights!$C$4:$F$19)*I21:X24,_xlfn.LAMBDA(_xlpm.c,SUM(_xlpm.c)))} -> 0.55394597 | J25: 0.54142139 | K25: 0.57225848 | L25: 0.57369837 | M25: 0.57625096 | N25: 0.5687679 | O25: 0.56648111 | P25: 0.57661293 | Q25: 0.57609029 | R25: 0.50667911 | S25: 0.4949792 | T25: 0.50497637 | U25: 0.49860946 | V25: 0.52414503 | W25: 0.47946444 | X25: 0.53807688
F26: 2019+ | G26: 2025 | H26: Table 140.3-B | I26: 0.25 | J26: 0.25 | K26: 0.25 | L26: 0.25 | M26: 0.25 | N26: 0.25 | O26: 0.25 | P26: 0.25 | Q26: 0.22 | R26: 0.25 | S26: 0.22 | T26: 0.22 | U26: 0.22 | V26: 0.22 | W26: 0.22 | X26: 0.25
C28: Infiltration
D29: Building | E29: Zones | F29: Vintage | G29: I_75 6-sided Infiltration rate @ 75 pa | H29: Note | I29: I-design (cfm/ft²) (4-sided Infiltration rate at normal pressure) (Design flow rate approach and Flow/Exterior Wall Area calculation method)
C30: Infiltration | D30: OfficeSmall | F30: Pre 1978 | G30: 1.1 | H30: 2022 CASE report (Table 38) | I30: =0.112*G30*$AA$32 -> 0.57095795 | Z30: Building 6 sided area= | AA30: =AA31+(2*AA33) -> 14032.96
F31: 1978-1997 | G31: 1.1 | H31: 2022 CASE report (Table 38) | I31: =0.112*G31*$AA$32 -> 0.57095795 | Z31: Building 4 sided area= | AA31: =AA35 -> 3028
F32: 1998-2007 | G32: 1.1 | H32: 2022 CASE report (Table 38) | I32: =0.112*G32*$AA$32 -> 0.57095795 | Z32: 6 sided /4 sided factor= | AA32: =AA30/AA31 -> 4.6343989
F33: 2008-2018 | G33: 1 | H33: 2022 CASE report (Table 38) & T24, 2008-2016 (Table 140.3-C) | I33: =0.112*G33*$AA$32 -> 0.51905268 | Z33: Floor Area | AA33: =90.8*60.6 -> 5502.48
F34: Existing | G34: 1.1 | H34: Same as Pre 2008 because of their higher weights | I34: =0.112*G34*$AA$32 -> 0.57095795 | Z34: height | AA34: =Prototype!B15 -> 10
F35: 2019+ | G35: 0.6* | H35: 2022 CASE report (Table 38) & T24, 2025 (Table 140.3-C) | I35: =0.112*0.6*$AA$32 -> 0.31143161 | Z35: Wall Area | AA35: =(90.8+60.6)*2*AA34*AA36 -> 3028
E36: Source: Title 24 air barrier requirements (all editions) and the standardized infiltration rate reported in the 2022 CASE report and Dodge 2023 data | Z36: Floor Number | AA36: 1
E37: * Better to consider 0.6 for New construction instead of being very stringent align with the Appendix G of ASHRAE 90.1 (which is almost 0.4)
E38: Air Leakage Memo: | G38: Infiltration_rate_report_14May2025-Short-Version.docx
A40: Pre-1978 U value calculation:
A41: External Wall | B41: OfficeSmall | C41: ExtWall_WoodFramed_NonRes | D41: Wood framed wall: Wood frame + insulation + Gypsum board | E41: U-factor IP | F41: Pre 1978 | G41: N/A | H41: ASHRAE 90.1, 2022 Table A3.4.3.1, 3.5", R-0 | I41: 0.292 | J41: 0.292 | K41: 0.292 | L41: 0.292 | M41: 0.292 | N41: 0.292 | O41: 0.292 | P41: 0.292 | Q41: 0.292 | R41: 0.292 | S41: 0.292 | T41: 0.292 | U41: 0.292 | V41: 0.292 | W41: 0.292 | X41: 0.292
H42: T24 (2008 U value) | I42: 0.102 | J42: 0.059 | K42: 0.11 | L42: 0.059 | M42: 0.102 | N42: 0.11 | O42: 0.11 | P42: 0.102 | Q42: 0.059 | R42: 0.059 | S42: 0.059 | T42: 0.059 | U42: 0.059 | V42: 0.059 | W42: 0.042 | X42: 0.059
H43: ASHRAE 90.1, 2022 Table A3.4.3.1, 3.5", R-1.5 | I43: 0.202 | J43: 0.202 | K43: 0.202 | L43: 0.202 | M43: 0.202 | N43: 0.202 | O43: 0.202 | P43: 0.202 | Q43: 0.202 | R43: 0.202 | S43: 0.202 | T43: 0.202 | U43: 0.202 | V43: 0.202 | W43: 0.202 | X43: 0.202
H44: Office building renovation rate since 1980 (yearly renovation rate was calculated from CBECS 2003 and 2012 and then projected over 48 years) | I44: 0.074
A45: External Wall | B45: OfficeSmall | C45: ExtWall_WoodFramed_NonRes | D45: Wood framed wall: Wood frame + insulation + Gypsum board | E45: U-factor IP | F45: Pre 1978 | G45: N/A | H45: ASHRAE 90.1, 2022, Table A3.4.3.1, 3.5", R-0 | I45: 0.292 | J45: 0.292 | K45: 0.292 | L45: 0.292 | M45: 0.292 | N45: 0.292 | O45: 0.292 | P45: 0.292 | Q45: 0.292 | R45: 0.292 | S45: 0.292 | T45: 0.292 | U45: 0.292 | V45: 0.292 | W45: 0.292 | X45: 0.292
F46: 1978-1997 | G46: 1986

Sheet HVAC System
A1: ="HVAC System - "&Prototype!A2 -> HVAC System - OfficeSmall | H1: HVAC System Layout
A2: Vintage | B2: Heating | C2: Cooling | D2: Air Distribution | E2: Other Systems | F2: Source
A3: Existing | B3: Furnace (Gas) | C3: Packaged (DX) | D3: Single Duct CAV | E3: OA mixing Economizer for Vintage 3 and 4 DCV for 4 (for qualifying high density rooms) | F3: CEUS 2022
A4: New Construction | B4: Packaged SZ HP | C4: Packaged SZ HP | D4: Single Duct CAV | E4: OA mixing Economizer DCV for qualifying high density rooms | F4: T24 2025
A10: Efficiency of HVAC System (Efficiency is capacity-dependent. The following table provides a general estimate of system efficiency based on what we saw in the existing prototype runs, or assuming cooling load based on rule of thumb)
A11: Vintage | B11: Upgrade Code | C11: Heating | D11: Cooling | E11: Source | G11: COP | H11: Source | I11: R (Adjustment factor)
A12: Pre 1978 | B12: 2008 | C12: Efficiency 80% | D12: SEER=13.0 for <65 kBtu/h 10.1 EER for 65-135 kBtu/h 9.5 EER for 135-240 kBtu/h 9.3 EER & 9.7 IPLV for >240 kBtu/h | E12: T24, Table 112-A (2008) 10 CFR § 431.97, Table 1 (2008) California Title 20 Appliance Efficiency Regulations, Table E-4, Standards for Gas- and Oil-Fired Central Furnaces (2008) | G12: =((9-0.2)/3.413+$I$12)/(1-$I$12) -> 3.0663373 | H12: PNNL,2010,"Technical Support Document: 50% Energy Savings for Small Office Buildings" | I12: 0.12
A13: 1978-1997 | G13: =((9-0.2)/3.413+$I$12)/(1-$I$12) -> 3.0663373
A14: 1998-2007 | G14: =((9-0.2)/3.413+$I$12)/(1-$I$12) -> 3.0663373
A15: 2008-2018 | B15: 2013 | C15: Efficiency 80% | D15: SEER 13 for <65 kBtu/h 11 EER & 11.2 IEER for 65-135 kBtu/h 10.8 EER & 11 IEER for 135-240 kBtu/h 9.8 EER & 9.9 IEER for >240 kBtu/h | E15: T24, 2013 Table 110.2-J & Table 110.2-A (2013) 10 CFR § 431.97(b) Table 1 (2013) | G15: =((9-0.2)/3.413+$I$12)/(1-$I$12) -> 3.0663373
A16: New Construction | B16: 2025 | C16: HSPF 8.0 for <65 kBtu/h COP 3.4 for 65-135 kBtu/h COP 3.3 for 135-240 kBtu/h COP 3.2 for >240 kBtu/h | D16: SEER 14 for <65 kBtu/h EER 10.8, IEER 13.9 for 65-135 kBtu/h EER 10.4, IEER = 13.3 135-240 kBtu/h EER 9.3, IEER=12.3 for >240 kBtu/h | E16: 10 CFR § 431.97(b) Table 1 (2025) Title 20 Appliance Efficiency Regulations, Section 1605.1, Table C-5 (2025) T24, Table 110.2-B (2025) | G16: =((-0.0182*13.4^2+1.1088*13.4)/3.413+I12)/(1-I12) -> 3.9952481
A21: Fan power
A22: Vintage | B22: Approach | C22: System | D22: Total Static Pressure (TSP) (in w.c.) | E22: Fan Efficiency [ACM 2025] | F22: Motor Efficiency | G22: Fan Power Index (W/cfm) | H22: Data Source
A23: Existing | B23: PNNL 90.1-2011, TSP | C23: CAV, design airflow < 7,437 cfm | D23: 2.5 | E23: 0.65 | F23: ASHRAE 90.1, 2004, Table 10.8 * | H23: Fan power formula: PNNL 20405, 2010, section 5.2.2.5 TSP and fan efficiency: PNNL 20405, 2010, Table 5.11, 90.1-04ac values Motor and drive efficiency: ASHRAE 90.1, 2004, Table 10.8 | I23: PNNL 20405, 2010, Table 5.11
A24: Brake horsepower (bhp) = (Supply cfm × TSP in w.c.) / (6356 × fan efficiency)
A25: Fan power (w/cfm) = (bhp × 746) / ( supply cfm × motor efficiency )
A26: New Construction | B26: ACM 2025 | C26: Packaged SZHP (System 3b), CAV, ≤5,000 cfm | D26: TSP = fan power × motor efficiency × fan efficiency × 6356 / 746 | E26: 0.65 | F26: 2025 ACM Table 12 ** | G26: 0.744 | H26: Fan power index: [ACM 2025, Table 13] Motor efficiency: [ACM 2025, Table 12]
A28: * According to PNNL 20405 section 5.2.2.5, the full-load efficiency of the motor serving the fan is taken from ASHRAE 90.1, 2004, Table 10.8, based on motor nameplate and assuming enclosed motors operating at 1,800 rotations per minute (rpm) Motor nameplate size (bhp) = brake horsepower (bhp) × 1.1 ( using a 10% oversizing factor)
A29: ** The full‑load efficiency of the motor serving the fan is taken from ACM 2025 Table 12 based on the cfm of the fan. Brake horsepower (bhp) = (Supply cfm from sizing run × fan power in W/cfm) / 746. Note: Same index as Hotel Small System 3b SZHP ≤5,000 cfm.

Sheet Thermostat
A1: ="Thermostat Setpoints - "&Prototype!A2 -> Thermostat Setpoints - OfficeSmall
A2: Spaces/Zones | B2: Setpoint | C2: CZ1 | D2: CZ2 | E2: CZ3 | F2: CZ4 | G2: CZ5 | H2: CZ6 | I2: CZ7 | J2: CZ8 | K2: CZ9 | L2: CZ10 | M2: CZ11 | N2: CZ12 | O2: CZ13 | P2: CZ14 | Q2: CZ15 | R2: CZ16 | S2: Source
A3: All conditioned zones except Storage & Mechanical_Electrical | B3: Heating Setpoint (F) | C3: 70 | D3: 70 | E3: 70 | F3: 70 | G3: 70 | H3: 70 | I3: 70 | J3: 70 | K3: 70 | L3: 70 | M3: 70 | N3: 70 | O3: 70 | P3: 70 | Q3: 70 | R3: 70 | S3: T24 2022 - Appendix 5.4B
B4: Heating Setback (F) | C4: 60 | D4: 60 | E4: 60 | F4: 60 | G4: 60 | H4: 60 | I4: 60 | J4: 60 | K4: 60 | L4: 60 | M4: 60 | N4: 60 | O4: 60 | P4: 60 | Q4: 60 | R4: 60
B5: Cooling Setpoint (F) | C5: 75 | D5: 75 | E5: 75 | F5: 75 | G5: 75 | H5: 75 | I5: 75 | J5: 75 | K5: 75 | L5: 75 | M5: 75 | N5: 75 | O5: 75 | P5: 75 | Q5: 75 | R5: 75
B6: Cooling Setback (F) | C6: 85 | D6: 85 | E6: 85 | F6: 85 | G6: 85 | H6: 85 | I6: 85 | J6: 85 | K6: 85 | L6: 85 | M6: 85 | N6: 85 | O6: 85 | P6: 85 | Q6: 85 | R6: 85
A7: Storage & Mechanical_Electrical | B7: Heating Setpoint (F) | C7: 60 | D7: 60 | E7: 60 | F7: 60 | G7: 60 | H7: 60 | I7: 60 | J7: 60 | K7: 60 | L7: 60 | M7: 60 | N7: 60 | O7: 60 | P7: 60 | Q7: 60 | R7: 60 | S7: Enginnering Judgment
B8: Heating Setback (F) | C8: 60 | D8: 60 | E8: 60 | F8: 60 | G8: 60 | H8: 60 | I8: 60 | J8: 60 | K8: 60 | L8: 60 | M8: 60 | N8: 60 | O8: 60 | P8: 60 | Q8: 60 | R8: 60
B9: Cooling Setpoint (F) | C9: 85 | D9: 85 | E9: 85 | F9: 85 | G9: 85 | H9: 85 | I9: 85 | J9: 85 | K9: 85 | L9: 85 | M9: 85 | N9: 85 | O9: 85 | P9: 85 | Q9: 85 | R9: 85
B10: Cooling Setback (F) | C10: 85 | D10: 85 | E10: 85 | F10: 85 | G10: 85 | H10: 85 | I10: 85 | J10: 85 | K10: 85 | L10: 85 | M10: 85 | N10: 85 | O10: 85 | P10: 85 | Q10: 85 | R10: 85
B12: Note: The Small Office prototypes by CEC and DEER both use the same setpoints.
B13: Note: The Small Office prototype by PNNL also uses the same setpoints, except for one of the perimeter zones, which has a heating setpoint of 69 °F and a cooling setpoint of 76 °F during hours of 10:00-11:00, 12:00-13:00, and 14:00-15:00 .

Sheet Ventilation
A1: ="Outdoor Airflow Rate - "&Prototype!A2 -> Outdoor Airflow Rate - OfficeSmall
A2: Space/Thermal Zone | B2: Number of People | C2: Floor Area (ft²) | D2: cfm/person (T24, 2025, Equation 120.1-F and Table 120.1-A) | E2: cfm/ft² (T24, 2025, Equation 120.1-F and Table 120.1-A) | F2: Required Exhaust Rate (T24, 2025, Table 120.1-B – Minimum Exhaust Rates) | G2: Total cfm Driven by People | H2: Total cfm Driven by Area | I2: Total cfm Driven by Exhaust | J2: Total cfm | K2: Notes
A3: =Zones!B3 -> Open_Office_N | B3: =Zones!K3 -> 4.5634875 | C3: =Zones!H3 -> 912.6975 | D3: 15 | E3: 0.15 | G3: =B3*D3 -> 68.452313 | H3: =C3*E3 -> 136.90462 | J3: =MAX(G3,H3,I3) -> 136.90462 | K3: Office space/Occupancy Category - Office Buildings | N3: AHU | O3: cfm
A4: =Zones!B4 -> Enclosed_Office_W | B4: =Zones!K4 -> 4.5423 | C4: =Zones!H4 -> 908.46 | D4: 15 | E4: 0.15 | G4: =B4*D4 -> 68.1345 | H4: =C4*E4 -> 136.269 | J4: =MAX(G4,H4,I4) -> 136.269 | K4: Office space/Occupancy Category - Office Buildings | N4: AHU_N | O4: =J3+J12 -> 155.24362
A5: =Zones!B5 -> Enclosed_Office_E | B5: =Zones!K5 -> 4.5423 | C5: =Zones!H5 -> 908.46 | D5: 15 | E5: 0.15 | G5: =B5*D5 -> 68.1345 | H5: =C5*E5 -> 136.269 | J5: =MAX(G5,H5,I5) -> 136.269 | K5: Office space/Occupancy Category - Office Buildings | N5: AHU_W | O5: =J4+J8+J12 -> 266.19119
A6: =Zones!B6 -> Conference | B6: =Zones!K6 -> 15.05955 | C6: =Zones!H6 -> 456.35 | D6: 15 | E6: 0.15 | G6: =B6*D6 -> 225.89325 | H6: =C6*E6 -> 68.4525 | J6: =MAX(G6,H6,I6) -> 225.89325 | K6: Conference/meeting/Occupancy Category - General | N6: AHU_E | O6: =J5+J10+J14 -> 204.608
A7: =Zones!B7 -> Lobby_Lounge | B7: =Zones!K7 -> 4.5635 | C7: =Zones!H7 -> 456.35 | D7: 15 | E7: 0.15 | G7: =B7*D7 -> 68.4525 | H7: =C7*E7 -> 68.4525 | J7: =MAX(G7,H7,I7) -> 68.4525 | K7: Main entry lobbies/Occupancy Category - Office Buildings | N7: AHU_S | O7: =J6+J7+J15+J11+J9 -> 397.6635
A8: =Zones!B8 -> Storage | B8: =Zones!K8 -> 0 | C8: =Zones!H8 -> 743.88791 | D8: 15 | E8: 0.15 | G8: =B8*D8 -> 0 | H8: =C8*E8 -> 111.58319 | J8: =MAX(G8,H8,I8) -> 111.58319 | K8: Occupiable storage rooms for dry materials/Occupancy Category - Office Buildings
A9: =Zones!B9 -> Mechanical_Electrical | B9: =Zones!K9 -> 0 | C9: =Zones!H9 -> 114.23 | D9: 15 | E9: 0.15 | G9: =B9*D9 -> 0 | H9: =C9*E9 -> 17.1345 | J9: =MAX(G9,H9,I9) -> 17.1345 | K9: All Other
A10: =Zones!B10 -> Restroom | B10: =Zones!K10 -> 0 | C10: =Zones!H10 -> 224.28 | D10: 15 | E10: 0.15 | F10: 2 * 25/50 per unit | G10: =B10*D10 -> 0 | H10: =C10*E10 -> 33.642 | I10: =2*25 -> 50 | J10: =MAX(G10,H10,I10) -> 50 | K10: All Other
A11: =Zones!B11 -> Break_CopyRoom | B11: =Zones!K11 -> 3.63165 | C11: =Zones!H11 -> 110.05 | D11: 15 | E11: 0.15 | G11: =B11*D11 -> 54.47475 | H11: =C11*E11 -> 16.5075 | J11: =MAX(G11,H11,I11) -> 54.47475 | K11: Breakrooms/Occupancy Category - Office Buildings
A12: =Zones!B12 -> Corridor_W | B12: =Zones!K12 -> 0.6113 | C12: =Zones!H12 -> 122.26 | D12: 15 | E12: 0.15 | G12: =B12*D12 -> 9.1695 | H12: =C12*E12 -> 18.339 | J12: =MAX(G12,H12,I12) -> 18.339 | K12: Corridors /Occupancy Category - General
A13: =Zones!B13 -> Corridor_N | B13: =Zones!K13 -> 1.05695 | C13: =Zones!H13 -> 211.39 | D13: 15 | E13: 0.15 | G13: =B13*D13 -> 15.85425 | H13: =C13*E13 -> 31.7085 | J13: =MAX(G13,H13,I13) -> 31.7085 | K13: Corridors /Occupancy Category - General
A14: =Zones!B14 -> Corridor_E | B14: =Zones!K14 -> 0.6113 | C14: =Zones!H14 -> 122.26 | D14: 15 | E14: 0.15 | G14: =B14*D14 -> 9.1695 | H14: =C14*E14 -> 18.339 | J14: =MAX(G14,H14,I14) -> 18.339 | K14: Corridors /Occupancy Category - General
A15: =Zones!B15 -> Corridor_S | B15: =Zones!K15 -> 1.05695 | C15: =Zones!H15 -> 211.39 | D15: 15 | E15: 0.15 | G15: =B15*D15 -> 15.85425 | H15: =C15*E15 -> 31.7085 | J15: =MAX(G15,H15,I15) -> 31.7085 | K15: Corridors /Occupancy Category - General
A16: =Zones!B16 -> Attic | B16: =Zones!K16 -> 0 | C16: =Zones!H16 -> 6114.3047 | G16: =B16*D16 -> 0 | H16: =C16*E16 -> 0 | J16: =MAX(G16,H16,I16) -> 0

Sheet Water Heater
A1: ="Water Heater - "&Prototype!A2 -> Water Heater - OfficeSmall
A2: Vintage | B2: WH Type | C2: Efficiency | D2: Number of WH | E2: Tank Volume (gal) | F2: Tank Loss | G2: Source
A3: Existing | B3: Gas | C3: 0.8 | D3: 1 | E3: See table below for CZ-specific values: Climate Zone Water Heater Sizing and Loss Coefficients, Storage Volume column (col F) | F3: See table below: Climate Zone Water Heater Sizing and Loss Coefficients, Standby Loss column (col G) | G3: See table below for sources: Climate Zone Water Heater Sizing and Loss Coefficients
A4: New Construction | B4: Gas | C4: 0.8 | D4: 1 | E4: =E3 -> See table below for CZ-specific values: Climate Zone Water Heater Sizing and Loss Coefficients, Storage Volume column (col F) | F4: =F3 -> See table below: Climate Zone Water Heater Sizing and Loss Coefficients, Standby Loss column (col G) | G4: =G3 -> See table below for sources: Climate Zone Water Heater Sizing and Loss Coefficients
A8: Peak Hot Water Consumption
A9: Space Name | B9: Baseline WH Type [T24, 2022, Appendix 5.4A , sheet: "2022 SpaceFuncData-Input"] | C9: Total Area (ft²) | D9: Number of People | E9: Hot Water Usage Specification (gal/hr per person) [T24, 2022, Appendix 5.4A , sheet: "2022 SpaceFuncData-Input"] | F9: Peak Hot Water Usage (gal/hr) | G9: Peak Hot Water Usage (gal/min) | H9: Note
A10: =Zones!B3 -> Open_Office_N | B10: Gas* | C10: =Zones!H3*Zones!J3 -> 912.6975 | D10: =Zones!K3*Zones!J3 -> 4.5634875 | E10: 0.18 | F10: =E10*D10 -> 0.82142775 | G10: =F10/60 -> 0.013690462 | H10: For space types marked with an asterisk (the ‘*’ symbol), the water‑heater type is listed as electric in Appendix 5.4A, sheet ‘2022 SpaceFuncData‑Input.’ However, we modified the value based on CEUS data, which indicates that gas is the primary fuel type.
A11: =Zones!B4 -> Enclosed_Office_W | B11: Gas* | C11: =Zones!H4*Zones!J4 -> 908.46 | D11: =Zones!K4*Zones!J4 -> 4.5423 | E11: 0.18 | F11: =E11*D11 -> 0.817614 | G11: =F11/60 -> 0.0136269
A12: =Zones!B5 -> Enclosed_Office_E | B12: Gas* | C12: =Zones!H5*Zones!J5 -> 908.46 | D12: =Zones!K5*Zones!J5 -> 4.5423 | E12: 0.18 | F12: =E12*D12 -> 0.817614 | G12: =F12/60 -> 0.0136269
A13: =Zones!B6 -> Conference | B13: Gas* | C13: =Zones!H6*Zones!J6 -> 456.35 | D13: =Zones!K6*Zones!J6 -> 15.05955 | E13: 0.09 | F13: =E13*D13 -> 1.3553595 | G13: =F13/60 -> 0.022589325
A14: =Zones!B7 -> Lobby_Lounge | B14: Gas | C14: =Zones!H7*Zones!J7 -> 456.35 | D14: =Zones!K7*Zones!J7 -> 4.5635 | E14: 0.09 | F14: =E14*D14 -> 0.410715 | G14: =F14/60 -> 0.00684525
A15: =Zones!B8 -> Storage | B15: Gas* | C15: =Zones!H8*Zones!J8 -> 743.88791 | D15: =Zones!K8*Zones!J8 -> 0 | E15: 0 | F15: =E15*D15 -> 0 | G15: =F15/60 -> 0
A16: =Zones!B9 -> Mechanical_Electrical | B16: Gas* | C16: =Zones!H9*Zones!J9 -> 114.23 | D16: =Zones!K9*Zones!J9 -> 0 | E16: 0.18 | F16: =E16*D16 -> 0 | G16: =F16/60 -> 0
A17: =Zones!B10 -> Restroom | B17: Gas | C17: =Zones!H10*Zones!J10 -> 224.28 | D17: =Zones!K10*Zones!J10 -> 0 | E17: 0 | F17: =E17*D17 -> 0 | G17: =F17/60 -> 0
A18: =Zones!B11 -> Break_CopyRoom | B18: Gas* | C18: =Zones!H11*Zones!J11 -> 110.05 | D18: =Zones!K11*Zones!J11 -> 3.63165 | E18: 0.09 | F18: =E18*D18 -> 0.3268485 | G18: =F18/60 -> 0.005447475
A19: =Zones!B12 -> Corridor_W | B19: Gas* | C19: =Zones!H12*Zones!J12 -> 122.26 | D19: =Zones!K12*Zones!J12 -> 0.6113 | E19: 0 | F19: =E19*D19 -> 0 | G19: =F19/60 -> 0
A20: =Zones!B13 -> Corridor_N | B20: Gas* | C20: =Zones!H13*Zones!J13 -> 211.39 | D20: =Zones!K13*Zones!J13 -> 1.05695 | E20: 0 | F20: =E20*D20 -> 0 | G20: =F20/60 -> 0
A21: =Zones!B14 -> Corridor_E | B21: Gas* | C21: =Zones!H14*Zones!J14 -> 122.26 | D21: =Zones!K14*Zones!J14 -> 0.6113 | E21: 0 | F21: =E21*D21 -> 0 | G21: =F21/60 -> 0
A22: =Zones!B15 -> Corridor_S | B22: Gas* | C22: =Zones!H15*Zones!J15 -> 211.39 | D22: =Zones!K15*Zones!J15 -> 1.05695 | E22: 0 | F22: =E22*D22 -> 0 | G22: =F22/60 -> 0
A23: =Zones!B16 -> Attic | B23: Gas | C23: =Zones!H16*Zones!J16 -> 6114.3047 | D23: =Zones!K16*Zones!J16 -> 0 | E23: 0 | F23: =E23*D23 -> 0 | G23: =F23/60 -> 0
A24: Total | B24: Gas storage | F24: =_xlfn.LET( _xlpm.g,SUMIF($B$10:$B$23,"Gas*",$F$10:$F$23), _xlpm.e,SUMIF($B$10:$B$23,"Electric*",$F$10:$F$23), IF(AND(_xlpm.g>0,_xlpm.e>0),_xlpm.g,IF(_xlpm.g>0,MAX(75,_xlpm.g),0))) -> 75 | H24: Minimum peak hot water usage is 75 gal according to ACM 2025
A25: Total | B25: Electric resistance | F25: =_xlfn.LET( _xlpm.g,SUMIF($B$10:$B$23,"Gas*",$F$10:$F$23), _xlpm.e,SUMIF($B$10:$B$23,"Electric*",$F$10:$F$23), IF(AND(_xlpm.g>0,_xlpm.e>0),_xlpm.e,IF(_xlpm.e>0,MAX(75,_xlpm.e),0))) -> 0
A29: Design supply temperature (°F) | B29: 135 | C29: Title 24 2022 Reference Appendices, Appendix 5.4B
A30: WH system factor | B30: 0.6 | C30: 2025 ACM §5.9.2 Rated Capacity
A31: Water mass conversion (lb/gal) | B31: 8.2877 | C31: 2025 ACM §5.9.2 Rated Capacity
A32: Reheat multiplier | B32: 0.4 | C32: 2025 ACM §5.9.2 Storage Volume
A33: Climate Zone Water Heater Sizing and Loss Coefficients
A34: Water Heater Name | B34: Climate Zone | C34: Minimum Monthly Mains Temp (°F) [T24 2022 - Appendix 5.4B] | D34: Heat Output (Btu/hr) [ACM, 2025, 5.9.2: Rated capacity section] | E34: WH Capacity (Btu/hr) [ACM, 2025, 5.9.2: Rated capacity section] | F34: Required Energy Input (Btu/hr) | G34: Storage Volume (gal) | H34: Standby Loss [Title 20, §1605.1 Table F-4; Appendix B: Water Heating Calculation Method] | J34: Off/On Cycle Loss Coefficient to Ambient Temp | L34: Source/Note
A35: WH_OfficeSamll | B35: CZ01 | C35: 47.9 | D35: =$F$24*($B$29-C35)*$B$31 -> 54139.4 | E35: =D35*$B$30 -> 32483.64 | F35: =_xlfn.LET(_xlpm.x,_xlfn.XLOOKUP(E35/$C$3,$A$56:$A$86,$A$56:$A$86,"",1),IF(_xlpm.x="",ROUNDUP(E35/$C$3,0),_xlpm.x)) -> 60000 | G35: =_xlfn.LET(_xlpm.v,MAX(30,$F$24*$B$32),_xlpm.x,_xlfn.XLOOKUP(_xlpm.v,$E$56:$E$74,$E$56:$E$74,"",1),IF(_xlpm.x="",ROUNDUP(_xlpm.v,0),_xlpm.x)) -> 34 | H35: =(F35/800)+110*SQRT(G35) -> 716.40471 | I35: Btu/hr | J35: =H35/70 -> 10.234353 | K35: Btu/h·°F | L35: Required Energy Input: vendor/available catalog size (Market data table). Storage Volume: standard/available catalog tank size (Market data table).
A36: WH_OfficeSamll | B36: CZ02 | C36: 50.8 | D36: =$F$24*($B$29-C36)*$B$31 -> 52336.825 | E36: =D36*$B$30 -> 31402.095 | F36: =_xlfn.LET(_xlpm.x,_xlfn.XLOOKUP(E36/$C$3,$A$56:$A$86,$A$56:$A$86,"",1),IF(_xlpm.x="",ROUNDUP(E36/$C$3,0),_xlpm.x)) -> 60000 | G36: =_xlfn.LET(_xlpm.v,MAX(30,$F$24*$B$32),_xlpm.x,_xlfn.XLOOKUP(_xlpm.v,$E$56:$E$74,$E$56:$E$74,"",1),IF(_xlpm.x="",ROUNDUP(_xlpm.v,0),_xlpm.x)) -> 34 | H36: =(F36/800)+110*SQRT(G36) -> 716.40471 | I36: Btu/hr | J36: =H36/70 -> 10.234353 | K36: Btu/h·°F
A37: WH_OfficeSamll | B37: CZ03 | C37: 52.2 | D37: =$F$24*($B$29-C37)*$B$31 -> 51466.617 | E37: =D37*$B$30 -> 30879.97 | F37: =_xlfn.LET(_xlpm.x,_xlfn.XLOOKUP(E37/$C$3,$A$56:$A$86,$A$56:$A$86,"",1),IF(_xlpm.x="",ROUNDUP(E37/$C$3,0),_xlpm.x)) -> 60000 | G37: =_xlfn.LET(_xlpm.v,MAX(30,$F$24*$B$32),_xlpm.x,_xlfn.XLOOKUP(_xlpm.v,$E$56:$E$74,$E$56:$E$74,"",1),IF(_xlpm.x="",ROUNDUP(_xlpm.v,0),_xlpm.x)) -> 34 | H37: =(F37/800)+110*SQRT(G37) -> 716.40471 | I37: Btu/hr | J37: =H37/70 -> 10.234353 | K37: Btu/h·°F
A38: WH_OfficeSamll | B38: CZ04 | C38: 52.7 | D38: =$F$24*($B$29-C38)*$B$31 -> 51155.828 | E38: =D38*$B$30 -> 30693.497 | F38: =_xlfn.LET(_xlpm.x,_xlfn.XLOOKUP(E38/$C$3,$A$56:$A$86,$A$56:$A$86,"",1),IF(_xlpm.x="",ROUNDUP(E38/$C$3,0),_xlpm.x)) -> 60000 | G38: =_xlfn.LET(_xlpm.v,MAX(30,$F$24*$B$32),_xlpm.x,_xlfn.XLOOKUP(_xlpm.v,$E$56:$E$74,$E$56:$E$74,"",1),IF(_xlpm.x="",ROUNDUP(_xlpm.v,0),_xlpm.x)) -> 34 | H38: =(F38/800)+110*SQRT(G38) -> 716.40471 | I38: Btu/hr | J38: =H38/70 -> 10.234353 | K38: Btu/h·°F
A39: WH_OfficeSamll | B39: CZ05 | C39: 51.6 | D39: =$F$24*($B$29-C39)*$B$31 -> 51839.563 | E39: =D39*$B$30 -> 31103.738 | F39: =_xlfn.LET(_xlpm.x,_xlfn.XLOOKUP(E39/$C$3,$A$56:$A$86,$A$56:$A$86,"",1),IF(_xlpm.x="",ROUNDUP(E39/$C$3,0),_xlpm.x)) -> 60000 | G39: =_xlfn.LET(_xlpm.v,MAX(30,$F$24*$B$32),_xlpm.x,_xlfn.XLOOKUP(_xlpm.v,$E$56:$E$74,$E$56:$E$74,"",1),IF(_xlpm.x="",ROUNDUP(_xlpm.v,0),_xlpm.x)) -> 34 | H39: =(F39/800)+110*SQRT(G39) -> 716.40471 | I39: Btu/hr | J39: =H39/70 -> 10.234353 | K39: Btu/h·°F
A40: WH_OfficeSamll | B40: CZ06 | C40: 56.8 | D40: =$F$24*($B$29-C40)*$B$31 -> 48607.36 | E40: =D40*$B$30 -> 29164.416 | F40: =_xlfn.LET(_xlpm.x,_xlfn.XLOOKUP(E40/$C$3,$A$56:$A$86,$A$56:$A$86,"",1),IF(_xlpm.x="",ROUNDUP(E40/$C$3,0),_xlpm.x)) -> 60000 | G40: =_xlfn.LET(_xlpm.v,MAX(30,$F$24*$B$32),_xlpm.x,_xlfn.XLOOKUP(_xlpm.v,$E$56:$E$74,$E$56:$E$74,"",1),IF(_xlpm.x="",ROUNDUP(_xlpm.v,0),_xlpm.x)) -> 34 | H40: =(F40/800)+110*SQRT(G40) -> 716.40471 | I40: Btu/hr | J40: =H40/70 -> 10.234353 | K40: Btu/h·°F
A41: WH_OfficeSamll | B41: CZ07 | C41: 58.4 | D41: =$F$24*($B$29-C41)*$B$31 -> 47612.836 | E41: =D41*$B$30 -> 28567.702 | F41: =_xlfn.LET(_xlpm.x,_xlfn.XLOOKUP(E41/$C$3,$A$56:$A$86,$A$56:$A$86,"",1),IF(_xlpm.x="",ROUNDUP(E41/$C$3,0),_xlpm.x)) -> 60000 | G41: =_xlfn.LET(_xlpm.v,MAX(30,$F$24*$B$32),_xlpm.x,_xlfn.XLOOKUP(_xlpm.v,$E$56:$E$74,$E$56:$E$74,"",1),IF(_xlpm.x="",ROUNDUP(_xlpm.v,0),_xlpm.x)) -> 34 | H41: =(F41/800)+110*SQRT(G41) -> 716.40471 | I41: Btu/hr | J41: =H41/70 -> 10.234353 | K41: Btu/h·°F
A42: WH_OfficeSamll | B42: CZ08 | C42: 58.4 | D42: =$F$24*($B$29-C42)*$B$31 -> 47612.836 | E42: =D42*$B$30 -> 28567.702 | F42: =_xlfn.LET(_xlpm.x,_xlfn.XLOOKUP(E42/$C$3,$A$56:$A$86,$A$56:$A$86,"",1),IF(_xlpm.x="",ROUNDUP(E42/$C$3,0),_xlpm.x)) -> 60000 | G42: =_xlfn.LET(_xlpm.v,MAX(30,$F$24*$B$32),_xlpm.x,_xlfn.XLOOKUP(_xlpm.v,$E$56:$E$74,$E$56:$E$74,"",1),IF(_xlpm.x="",ROUNDUP(_xlpm.v,0),_xlpm.x)) -> 34 | H42: =(F42/800)+110*SQRT(G42) -> 716.40471 | I42: Btu/hr | J42: =H42/70 -> 10.234353 | K42: Btu/h·°F
A43: WH_OfficeSamll | B43: CZ09 | C43: 57.6 | D43: =$F$24*($B$29-C43)*$B$31 -> 48110.098 | E43: =D43*$B$30 -> 28866.059 | F43: =_xlfn.LET(_xlpm.x,_xlfn.XLOOKUP(E43/$C$3,$A$56:$A$86,$A$56:$A$86,"",1),IF(_xlpm.x="",ROUNDUP(E43/$C$3,0),_xlpm.x)) -> 60000 | G43: =_xlfn.LET(_xlpm.v,MAX(30,$F$24*$B$32),_xlpm.x,_xlfn.XLOOKUP(_xlpm.v,$E$56:$E$74,$E$56:$E$74,"",1),IF(_xlpm.x="",ROUNDUP(_xlpm.v,0),_xlpm.x)) -> 34 | H43: =(F43/800)+110*SQRT(G43) -> 716.40471 | I43: Btu/hr | J43: =H43/70 -> 10.234353 | K43: Btu/h·°F
A44: WH_OfficeSamll | B44: CZ10 | C44: 57.1 | D44: =$F$24*($B$29-C44)*$B$31 -> 48420.887 | E44: =D44*$B$30 -> 29052.532 | F44: =_xlfn.LET(_xlpm.x,_xlfn.XLOOKUP(E44/$C$3,$A$56:$A$86,$A$56:$A$86,"",1),IF(_xlpm.x="",ROUNDUP(E44/$C$3,0),_xlpm.x)) -> 60000 | G44: =_xlfn.LET(_xlpm.v,MAX(30,$F$24*$B$32),_xlpm.x,_xlfn.XLOOKUP(_xlpm.v,$E$56:$E$74,$E$56:$E$74,"",1),IF(_xlpm.x="",ROUNDUP(_xlpm.v,0),_xlpm.x)) -> 34 | H44: =(F44/800)+110*SQRT(G44) -> 716.40471 | I44: Btu/hr | J44: =H44/70 -> 10.234353 | K44: Btu/h·°F
A45: WH_OfficeSamll | B45: CZ11 | C45: 50.5 | D45: =$F$24*($B$29-C45)*$B$31 -> 52523.299 | E45: =D45*$B$30 -> 31513.979 | F45: =_xlfn.LET(_xlpm.x,_xlfn.XLOOKUP(E45/$C$3,$A$56:$A$86,$A$56:$A$86,"",1),IF(_xlpm.x="",ROUNDUP(E45/$C$3,0),_xlpm.x)) -> 60000 | G45: =_xlfn.LET(_xlpm.v,MAX(30,$F$24*$B$32),_xlpm.x,_xlfn.XLOOKUP(_xlpm.v,$E$56:$E$74,$E$56:$E$74,"",1),IF(_xlpm.x="",ROUNDUP(_xlpm.v,0),_xlpm.x)) -> 34 | H45: =(F45/800)+110*SQRT(G45) -> 716.40471 | I45: Btu/hr | J45: =H45/70 -> 10.234353 | K45: Btu/h·°F
A46: WH_OfficeSamll | B46: CZ12 | C46: 51.4 | D46: =$F$24*($B$29-C46)*$B$31 -> 51963.879 | E46: =D46*$B$30 -> 31178.327 | F46: =_xlfn.LET(_xlpm.x,_xlfn.XLOOKUP(E46/$C$3,$A$56:$A$86,$A$56:$A$86,"",1),IF(_xlpm.x="",ROUNDUP(E46/$C$3,0),_xlpm.x)) -> 60000 | G46: =_xlfn.LET(_xlpm.v,MAX(30,$F$24*$B$32),_xlpm.x,_xlfn.XLOOKUP(_xlpm.v,$E$56:$E$74,$E$56:$E$74,"",1),IF(_xlpm.x="",ROUNDUP(_xlpm.v,0),_xlpm.x)) -> 34 | H46: =(F46/800)+110*SQRT(G46) -> 716.40471 | I46: Btu/hr | J46: =H46/70 -> 10.234353 | K46: Btu/h·°F
A47: WH_OfficeSamll | B47: CZ13 | C47: 51.7 | D47: =$F$24*($B$29-C47)*$B$31 -> 51777.406 | E47: =D47*$B$30 -> 31066.443 | F47: =_xlfn.LET(_xlpm.x,_xlfn.XLOOKUP(E47/$C$3,$A$56:$A$86,$A$56:$A$86,"",1),IF(_xlpm.x="",ROUNDUP(E47/$C$3,0),_xlpm.x)) -> 60000 | G47: =_xlfn.LET(_xlpm.v,MAX(30,$F$24*$B$32),_xlpm.x,_xlfn.XLOOKUP(_xlpm.v,$E$56:$E$74,$E$56:$E$74,"",1),IF(_xlpm.x="",ROUNDUP(_xlpm.v,0),_xlpm.x)) -> 34 | H47: =(F47/800)+110*SQRT(G47) -> 716.40471 | I47: Btu/hr | J47: =H47/70 -> 10.234353 | K47: Btu/h·°F
... A50: WH_OfficeSamll | B50: CZ16 | C50: 41.4 | D50: =$F$24*($B$29-C50)*$B$31 -> 58179.654 | E50: =D50*$B$30 -> 34907.792 | F50: =_xlfn.LET(_xlpm.x,_xlfn.XLOOKUP(E50/$C$3,$A$56:$A$86,$A$56:$A$86,"",1),IF(_xlpm.x="",ROUNDUP(E50/$C$3,0),_xlpm.x)) -> 60000 | G50: =_xlfn.LET(_xlpm.v,MAX(30,$F$24*$B$32),_xlpm.x,_xlfn.XLOOKUP(_xlpm.v,$E$56:$E$74,$E$56:$E$74,"",1),IF(_xlpm.x="",ROUNDUP(_xlpm.v,0),_xlpm.x)) -> 34 | H50: =(F50/800)+110*SQRT(G50) -> 716.40471 | I50: Btu/hr | J50: =H50/70 -> 10.234353 | K50: Btu/h·°F
A54: Market data
A55: Catalog gas input (Btu/h) | B55: Input source | C55: Elec resistance tank (kW) | D55: Elec resistance (Btu/h) | E55: Catalog gas tank (gal) | F55: Tank source | G55: Elec tank (gal) | H55: Elec tank source | I55: =HYPERLINK("#'Note'!A1","Sources and links → Note tab") -> Sources and links → Note tab
A56: 60000 | B56: Grainger | C56: 1.5 | D56: 5118 | E56: 34 | F56: ENERGY STAR | G56: 6 | H56: Grainger
A57: 75100 | B57: Grainger | C57: 2 | D57: 6824 | E57: 35 | F57: Grainger | G57: 10 | H57: Grainger
A58: 76000 | B58: Both | C58: 3 | D58: 10236 | E58: 48 | F58: Grainger | G58: 15 | H58: Grainger
A59: 80000 | B59: Grainger | C59: 4.5 | D59: 15355 | E59: 50 | F59: Both | G59: 20 | H59: Grainger
A60: 99900 | B60: ENERGY STAR | C60: 6 | D60: 20473 | E60: 55 | F60: ENERGY STAR | G60: 28 | H60: Grainger
A61: 100000 | B61: Both | C61: 8 | D61: 27297 | E61: 60 | F61: ENERGY STAR | G61: 30 | H61: Grainger
A62: 120000 | B62: ENERGY STAR | C62: 9 | D62: 30709 | E62: 65 | F62: Both | G62: 36 | H62: Grainger
A63: 125000 | B63: Both | C63: 10 | D63: 34121 | E63: 72 | F63: Grainger | G63: 40 | H63: Grainger
A64: 130000 | B64: Both | C64: 12 | D64: 40946 | E64: 75 | F64: Both | G64: 47 | H64: Grainger
A65: 145000 | B65: ENERGY STAR | C65: 12.1 | D65: 41287 | E65: 76 | F65: Grainger | G65: 50 | H65: Grainger
A66: 150000 | B66: ENERGY STAR | C66: 18 | D66: 61419 | E66: 80 | F66: Both | G66: 65 | H66: Grainger
A67: 156000 | B67: Grainger | C67: 24 | D67: 81891 | E67: 82 | F67: Grainger | G67: 80 | H67: Grainger
... A70: 180000 | B70: Grainger | C70: 54 | D70: 184256 | E70: 91 | F70: Grainger | G70: 120 | H70: Grainger
A71: 199000 | B71: ENERGY STAR | E71: 100 | F71: Both
A72: 199900 | B72: Both | E72: 110 | F72: ENERGY STAR
A73: 200000 | B73: ENERGY STAR | E73: 119 | F73: Both
A74: 250000 | B74: Both | E74: 125 | F74: ENERGY STAR
A75: 251000 | B75: ENERGY STAR
A76: 270000 | B76: Grainger
A77: 285000 | B77: ENERGY STAR
A78: 300000 | B78: Both
A79: 320000 | B79: ENERGY STAR
A80: 360000 | B80: Grainger
A81: 398000 | B81: ENERGY STAR
A82: 399000 | B82: ENERGY STAR
A83: 399900 | B83: Both
A84: 499900 | B84: Grainger
A85: 550000 | B85: Grainger
A86: 715000 | B86: Grainger
A90: Background Data [To be deleted prior to publication]
A92: Water use: | B92: PNNL (for Core zone) | C92: DEER | D92: CEC
A93: peak flow rate (gal/min) | B93: =6.416*10^-2 -> 0.06416 | C93: 0.0322 for N&S ZN - 0.0192 for E&W ZN | D93: 0.0242 for Core ZN- 0.0109 for two ZN - 0.0183 for two other ZN | E93: NOR Flow rate schedule follows CEC
A94: Target Temperature | B94: 120 | C94: 135 | D94: 135
A95: Sensible Fraction | B95: 0.2 | C95: 0.2 | D95: N/A
A96: Latent Fraction | B96: 0.05 | C96: 0.05 | D96: N/A
A98: CEUS 2022 data | B98: Water Heater
A99: % of total impacted floor area | B99: 0.92962911
A100: Dominated system | B100: Package System / Heat Pump
A101: Fuel and Share | B101: 49.9% Electric and 49.1% Gas

Sheet Interior Lights
A1: ="Interior Lighting - " & Prototype!A2 -> Interior Lighting - OfficeSmall
A2: Space Type | B2: New Construction | E2: Existing | H2: Note
B3: LPD (W/ft²) | C3: Additional LPD for Portable Lighting (W/ft²) | D3: Source | E3: LPD (W/ft²) | F3: Additional LPD for Portable Lighting (W/ft²) | G3: Source
A4: Office Area (>250 square feet) | B4: 0.6 | C4: =0.2*0.5 -> 0.1 | D4: T24, part 6, 2025, Table 140.6 C Technology : LED | E4: 0.75 | F4: - | G4: T24, part 6, 2013, Table 140.6 C Technology: 59% LED, 31% halogen, 7% CFL (Comstock 2023) | H4: It is assumed that 50% of the additional allowance lighting is in use.
A5: Convention, Conference, Multipurpose and Meeting Area | B5: 0.75 | E5: 1.4
A6: Lobby, Main Entry | B6: 0.7 | C6: 0.25 | E6: 1.5 | F6: 0.5
A7: Storage (General) | B7: 0.4 | E7: 0.6
A8: Electrical, Mechanical, Telephone Rooms | B8: 0.4 | E8: 0.7
A9: Restrooms | B9: 0.65 | E9: 0.65
A10: Lounge, Breakroom, or Waiting Area | B10: 0.55 | C10: =0.5*0.25 -> 0.125 | E10: 1.1 | H10: 2013 LPD is for "Lounge" area It is assumed that 50% of the additional allowance lighting is in use.
A11: Corridor Area | B11: 0.4 | E11: 0.6
A12: Attic
A14: According to CEUS, more than 80% of existing small office upgraded their lighting system between 2014-2018 and it conflicts the lighting generation considered by Comstock.
B17: Whole Building method
B18: 2025 | C18: 2013
A19: LPD for Office Building ((W/ft²) | B19: 0.6 | C19: 0.8 | D19: Ref: T24, Table 140.6 B

Sheet Ext Lighting
A1: ="Exterior Lighting - " & Prototype!A2 -> Exterior Lighting - OfficeSmall
A2: Motion Controlled Luminaires (W) | B2: Non-motion Controlled Luminaires (W) | C2: Total (W) | D2: Source
A3: =G12 -> 382.26279 | B3: =G13 -> 155.15145 | C3: =A3+B3 -> 537.41423 | D3: T24, 2022 & 2025 2019 Outdoor Lighting CASE report PNNL 90.1-2010 TSD
A5: Exterior Lighting
A6: Items (Assume LZ2) | B6: Assumptions [2019 Outdoor Lighting CASE Report & PNNL 90.1-2010 TSD] | D6: Unit | E6: Lighting Power Allowance [T24, 2025, Table 140.7-A & 140.7-B] | F6: Unit | G6: Exterior Lighting Power (W)
A7: IWA (Initial Wage Allowance) | E7: 200 | F7: (W) | G7: =$E7 -> 200
A8: Parking area | B8: 400 ft² for every parking space [2019 Lighting CASE report, Appendix H] 1 parking space per 250 ft² of gross building area [2019 Lighting CASE report,Table 38] | C8: =B19/250*400 -> 8803.3047 | D8: (ft²) | E8: 0.019 | F8: (W/ft²) | G8: =$E8*C8 -> 167.26279
A9: Building Entrance | B9: 1 building entrance (1 per 10,000 ft² footprint) | C9: 1 | D9: (count) | E9: 15 | F9: (W/ea) | G9: =E9*C9 -> 15
A10: Hardscape Ornamental Light | B10: 0.1 ft² per 1 ft² of gross building area for hardscape ornamental light [2019 Lighting CASE report,Table 36] | C10: =B19*0.1 -> 550.20654 | D10: (ft²) | E10: 0.007 | F10: (W/ft²) | G10: =E10*C10 -> 3.8514458
A11: Building façade | B11: 0.1 W per ft² of facade area Façade Area* = Perimeter × 0.5 × height (30 ft is the max height that is lit) The 0.5 factor assumes that only half of the perimeter walls are lit. -Formula is developed based on the 2019 Outdoor Lighting CASE report | C11: =B18*0.5*10 -> 1513 | D11: (ft²) | E11: 0.1 | F11: (W/ft²) | G11: =E11*C11 -> 151.3
A12: Motion controlled Luminaires | G12: =G8+G7+G9 -> 382.26279
A13: Non-motion-controlled Luminaires | G13: =G10+G11 -> 155.15145
A14: Total | G14: =G12+G13 -> 537.41423
A16: *Developed based on 2019 Outdoor Lighting CASE Report
A18: Perimeter (ft) | B18: =(90.8+60.5)*2 -> 302.6
A19: Total floor area (ft²) | B19: =Zones!H17 -> 5502.0654
A20: Floors (above ground) | B20: 1

Sheet Equipment
A1: ="Equipment - " & Prototype!A2 -> Equipment - OfficeSmall
A2: Space Name | B2: Plug load Power Density (W/ft²) | C2: Gas Power Density (Btu/hr-ft²) | D2: Refrigeration Power Density (W/ft²) | E2: Source
A3: Office Area (>250 square feet) | B3: 0.7 | E3: Proposed Updates to Equipment Power Densities and Schedules in the 2028 Energy Code Nonresidential and Multifamily Alternative Calculation Method (NRMFACM) Reference Manual, August 7, 2025
A4: Convention, Conference, Multipurpose and Meeting Area | B4: 1 | E4: T24 2022 - Appendix 5.4A
A5: Lobby, Main Entry | B5: 0.5
A6: Storage (General) | B6: 0.2
A7: Electrical, Mechanical, Telephone Rooms | B7: 3
A8: Restrooms | B8: 0
A9: Lounge, Breakroom, or Waiting Area | B9: 1
A10: Corridor Area | B10: 0

Sheet Schedules
A1: ="Schedules - "&Prototype!A2 -> Schedules - OfficeSmall
A2: Zone | B2: Schedule Category | C2: Schedule | D2: Source | E2: Type | F2: Hour
F3: 1 | G3: 2 | H3: 3 | I3: 4 | J3: 5 | K3: 6 | L3: 7 | M3: 8 | N3: 9 | O3: 10 | P3: 11 | Q3: 12 | R3: 13 | S3: 14 | T3: 15 | U3: 16 | V3: 17 | W3: 18 | X3: 19 | Y3: 20 | Z3: 21 | AA3: 22 | AB3: 23 | AC3: 24
A4: All zones excluding Mechanical | B4: Office | C4: Occupancy | D4: T24 2022 - Appendix 5.4B, [Office] Updated based on Plug load and schedules project with CEC, 2025 | E4: Weekday | F4: 0 | G4: 0 | H4: 0 | I4: 0 | J4: 0 | K4: 0 | L4: 0.1 | M4: 0.2 | N4: 0.95 | O4: 0.95 | P4: 0.95 | Q4: 0.95 | R4: 0.5 | S4: 0.95 | T4: 0.95 | U4: 0.95 | V4: 0.95 | W4: 0.3 | X4: 0.1 | Y4: 0.1 | Z4: 0.1 | AA4: 0.1 | AB4: 0.05 | AC4: 0.05
E5: Saturday | F5: 0 | G5: 0 | H5: 0 | I5: 0 | J5: 0 | K5: 0 | L5: 0.05 | M5: 0.05 | N5: 0.05 | O5: 0.05 | P5: 0.05 | Q5: 0.05 | R5: 0.05 | S5: 0.05 | T5: 0.05 | U5: 0.05 | V5: 0.05 | W5: 0.05 | X5: 0 | Y5: 0 | Z5: 0 | AA5: 0 | AB5: 0 | AC5: 0
E6: Sunday | F6: 0 | G6: 0 | H6: 0 | I6: 0 | J6: 0 | K6: 0 | L6: 0.05 | M6: 0.05 | N6: 0.05 | O6: 0.05 | P6: 0.05 | Q6: 0.05 | R6: 0.05 | S6: 0.05 | T6: 0.05 | U6: 0.05 | V6: 0.05 | W6: 0.05 | X6: 0 | Y6: 0 | Z6: 0 | AA6: 0 | AB6: 0 | AC6: 0
A7: =A4 -> All zones excluding Mechanical | B7: Office | C7: Lights | D7: T24 2022 - Appendix 5.4B, [Office] | E7: Weekday | F7: 0.05 | G7: 0.05 | H7: 0.05 | I7: 0.05 | J7: 0.05 | K7: 0.1 | L7: 0.1 | M7: 0.3 | N7: 0.65 | O7: 0.65 | P7: 0.65 | Q7: 0.65 | R7: 0.65 | S7: 0.65 | T7: 0.65 | U7: 0.65 | V7: 0.65 | W7: 0.35 | X7: 0.3 | Y7: 0.3 | Z7: 0.2 | AA7: 0.2 | AB7: 0.1 | AC7: 0.05
E8: Saturday | F8: 0.05 | G8: 0.05 | H8: 0.05 | I8: 0.05 | J8: 0.05 | K8: 0.05 | L8: 0.15 | M8: 0.15 | N8: 0.15 | O8: 0.15 | P8: 0.15 | Q8: 0.15 | R8: 0.15 | S8: 0.15 | T8: 0.15 | U8: 0.15 | V8: 0.15 | W8: 0.15 | X8: 0.05 | Y8: 0.05 | Z8: 0.05 | AA8: 0.05 | AB8: 0.05 | AC8: 0.05
E9: Sunday | F9: 0.05 | G9: 0.05 | H9: 0.05 | I9: 0.05 | J9: 0.05 | K9: 0.05 | L9: 0.15 | M9: 0.15 | N9: 0.15 | O9: 0.15 | P9: 0.15 | Q9: 0.15 | R9: 0.15 | S9: 0.15 | T9: 0.15 | U9: 0.15 | V9: 0.15 | W9: 0.15 | X9: 0.05 | Y9: 0.05 | Z9: 0.05 | AA9: 0.05 | AB9: 0.05 | AC9: 0.05
A10: =A7 -> All zones excluding Mechanical | B10: Office | C10: ElecEquipment | D10: Plug load and schedules project with CEC, 2025 | E10: Weekday | F10: 0.45 | G10: 0.45 | H10: 0.45 | I10: 0.45 | J10: 0.45 | K10: 0.45 | L10: 0.45 | M10: 0.74 | N10: 0.87 | O10: 0.9 | P10: 0.9 | Q10: 0.9 | R10: 0.9 | S10: 0.9 | T10: 0.9 | U10: 0.9 | V10: 0.9 | W10: 0.7 | X10: 0.5 | Y10: 0.5 | Z10: 0.5 | AA10: 0.45 | AB10: 0.45 | AC10: 0.45
E11: Saturday | F11: 0.43 | G11: 0.43 | H11: 0.43 | I11: 0.43 | J11: 0.43 | K11: 0.43 | L11: 0.43 | M11: 0.43 | N11: 0.43 | O11: 0.43 | P11: 0.43 | Q11: 0.43 | R11: 0.43 | S11: 0.43 | T11: 0.43 | U11: 0.43 | V11: 0.43 | W11: 0.43 | X11: 0.43 | Y11: 0.43 | Z11: 0.43 | AA11: 0.43 | AB11: 0.43 | AC11: 0.43
E12: Sunday | F12: 0.43 | G12: 0.43 | H12: 0.43 | I12: 0.43 | J12: 0.43 | K12: 0.43 | L12: 0.43 | M12: 0.43 | N12: 0.43 | O12: 0.43 | P12: 0.43 | Q12: 0.43 | R12: 0.43 | S12: 0.43 | T12: 0.43 | U12: 0.43 | V12: 0.43 | W12: 0.43 | X12: 0.43 | Y12: 0.43 | Z12: 0.43 | AA12: 0.43 | AB12: 0.43 | AC12: 0.43
A13: =A4 -> All zones excluding Mechanical | B13: Office | C13: HVACAvail | D13: T24 2022 - Appendix 5.4B, [Office] | E13: Weekday | F13: 0 | G13: 0 | H13: 0 | I13: 0 | J13: 0 | K13: 1 | L13: 1 | M13: 1 | N13: 1 | O13: 1 | P13: 1 | Q13: 1 | R13: 1 | S13: 1 | T13: 1 | U13: 1 | V13: 1 | W13: 1 | X13: 1 | Y13: 1 | Z13: 1 | AA13: 1 | AB13: 1 | AC13: 1
E14: Saturday | F14: 0 | G14: 0 | H14: 0 | I14: 0 | J14: 0 | K14: 1 | L14: 1 | M14: 1 | N14: 1 | O14: 1 | P14: 1 | Q14: 1 | R14: 1 | S14: 1 | T14: 1 | U14: 1 | V14: 1 | W14: 1 | X14: 1 | Y14: 0 | Z14: 0 | AA14: 0 | AB14: 0 | AC14: 0
E15: Sunday | F15: 0 | G15: 0 | H15: 0 | I15: 0 | J15: 0 | K15: 0 | L15: 0 | M15: 0 | N15: 0 | O15: 0 | P15: 0 | Q15: 0 | R15: 0 | S15: 0 | T15: 0 | U15: 0 | V15: 0 | W15: 0 | X15: 0 | Y15: 0 | Z15: 0 | AA15: 0 | AB15: 0 | AC15: 0
A16: =A4 -> All zones excluding Mechanical | B16: Office | C16: ServiceHotWater | D16: T24 2022 - Appendix 5.4B, [Office] | E16: Weekday | F16: 0.05 | G16: 0.05 | H16: 0.05 | I16: 0.05 | J16: 0.05 | K16: 0.08 | L16: 0.07 | M16: 0.19 | N16: 0.35 | O16: 0.38 | P16: 0.39 | Q16: 0.47 | R16: 0.57 | S16: 0.54 | T16: 0.34 | U16: 0.33 | V16: 0.44 | W16: 0.26 | X16: 0.21 | Y16: 0.15 | Z16: 0.17 | AA16: 0.08 | AB16: 0.05 | AC16: 0.05
E17: Saturday | F17: 0.04 | G17: 0.04 | H17: 0.04 | I17: 0.04 | J17: 0.04 | K17: 0.07 | L17: 0.04 | M17: 0.04 | N17: 0.04 | O17: 0.04 | P17: 0.04 | Q17: 0.06 | R17: 0.06 | S17: 0.09 | T17: 0.06 | U17: 0.04 | V17: 0.04 | W17: 0.04 | X17: 0.04 | Y17: 0.04 | Z17: 0.04 | AA17: 0.07 | AB17: 0.04 | AC17: 0.04
E18: Sunday | F18: 0.04 | G18: 0.04 | H18: 0.04 | I18: 0.04 | J18: 0.04 | K18: 0.07 | L18: 0.04 | M18: 0.04 | N18: 0.04 | O18: 0.04 | P18: 0.04 | Q18: 0.06 | R18: 0.06 | S18: 0.09 | T18: 0.06 | U18: 0.04 | V18: 0.04 | W18: 0.04 | X18: 0.04 | Y18: 0.04 | Z18: 0.04 | AA18: 0.07 | AB18: 0.04 | AC18: 0.04
A19: =A4 -> All zones excluding Mechanical | B19: Office | C19: Infiltration | D19: T24 2022 - Appendix 5.4B, [Office] Updated based on Plug load and schedules project with CEC, 202 | E19: Weekday | F19: 1 | G19: 1 | H19: 1 | I19: 1 | J19: 1 | K19: 0.25 | L19: 0.25 | M19: 0.25 | N19: 0.25 | O19: 0.25 | P19: 0.25 | Q19: 0.25 | R19: 0.25 | S19: 0.25 | T19: 0.25 | U19: 0.25 | V19: 0.25 | W19: 0.25 | X19: 0.25 | Y19: 0.25 | Z19: 0.25 | AA19: 0.25 | AB19: 0.25 | AC19: 0.25
E20: Saturday | F20: 1 | G20: 1 | H20: 1 | I20: 1 | J20: 1 | K20: 1 | L20: 1 | M20: 1 | N20: 1 | O20: 1 | P20: 1 | Q20: 1 | R20: 1 | S20: 1 | T20: 1 | U20: 1 | V20: 1 | W20: 1 | X20: 1 | Y20: 1 | Z20: 1 | AA20: 1 | AB20: 1 | AC20: 1
E21: Sunday | F21: 1 | G21: 1 | H21: 1 | I21: 1 | J21: 1 | K21: 1 | L21: 1 | M21: 1 | N21: 1 | O21: 1 | P21: 1 | Q21: 1 | R21: 1 | S21: 1 | T21: 1 | U21: 1 | V21: 1 | W21: 1 | X21: 1 | Y21: 1 | Z21: 1 | AA21: 1 | AB21: 1 | AC21: 1
A22: =A7 -> All zones excluding Mechanical | B22: Office | C22: HtgSetpt | E22: Weekday | F22: =IF((F13=1),Thermostat!$C$3,Thermostat!$C$4) -> 60 | G22: =IF((G13=1),Thermostat!$C$3,Thermostat!$C$4) -> 60 | H22: =IF((H13=1),Thermostat!$C$3,Thermostat!$C$4) -> 60 | I22: =IF((I13=1),Thermostat!$C$3,Thermostat!$C$4) -> 60 | J22: =IF((J13=1),Thermostat!$C$3,Thermostat!$C$4) -> 60 | K22: =IF((K13=1),Thermostat!$C$3,Thermostat!$C$4) -> 70 | L22: =IF((L13=1),Thermostat!$C$3,Thermostat!$C$4) -> 70 | M22: =IF((M13=1),Thermostat!$C$3,Thermostat!$C$4) -> 70 | ... AC22: =IF((AC13=1),Thermostat!$C$3,Thermostat!$C$4) -> 70
E23: Saturday | F23: =IF((F14=1),Thermostat!$C$3,Thermostat!$C$4) -> 60 | G23: =IF((G14=1),Thermostat!$C$3,Thermostat!$C$4) -> 60 | H23: =IF((H14=1),Thermostat!$C$3,Thermostat!$C$4) -> 60 | I23: =IF((I14=1),Thermostat!$C$3,Thermostat!$C$4) -> 60 | J23: =IF((J14=1),Thermostat!$C$3,Thermostat!$C$4) -> 60 | K23: =IF((K14=1),Thermostat!$C$3,Thermostat!$C$4) -> 70 | L23: =IF((L14=1),Thermostat!$C$3,Thermostat!$C$4) -> 70 | M23: =IF((M14=1),Thermostat!$C$3,Thermostat!$C$4) -> 70 | ... AC23: =IF((AC14=1),Thermostat!$C$3,Thermostat!$C$4) -> 60
E24: Sunday | F24: =IF((F15=1),Thermostat!$C$3,Thermostat!$C$4) -> 60 | G24: =IF((G15=1),Thermostat!$C$3,Thermostat!$C$4) -> 60 | H24: =IF((H15=1),Thermostat!$C$3,Thermostat!$C$4) -> 60 | I24: =IF((I15=1),Thermostat!$C$3,Thermostat!$C$4) -> 60 | J24: =IF((J15=1),Thermostat!$C$3,Thermostat!$C$4) -> 60 | K24: =IF((K15=1),Thermostat!$C$3,Thermostat!$C$4) -> 60 | L24: =IF((L15=1),Thermostat!$C$3,Thermostat!$C$4) -> 60 | M24: =IF((M15=1),Thermostat!$C$3,Thermostat!$C$4) -> 60 | ... AC24: =IF((AC15=1),Thermostat!$C$3,Thermostat!$C$4) -> 60
A25: =A10 -> All zones excluding Mechanical | B25: Office | C25: ClgSetpt | E25: Weekday | F25: =IF((F13=1),Thermostat!$C$5,Thermostat!$C$6) -> 85 | G25: =IF((G13=1),Thermostat!$C$5,Thermostat!$C$6) -> 85 | H25: =IF((H13=1),Thermostat!$C$5,Thermostat!$C$6) -> 85 | I25: =IF((I13=1),Thermostat!$C$5,Thermostat!$C$6) -> 85 | J25: =IF((J13=1),Thermostat!$C$5,Thermostat!$C$6) -> 85 | K25: =IF((K13=1),Thermostat!$C$5,Thermostat!$C$6) -> 75 | L25: =IF((L13=1),Thermostat!$C$5,Thermostat!$C$6) -> 75 | M25: =IF((M13=1),Thermostat!$C$5,Thermostat!$C$6) -> 75 | ... AC25: =IF((AC13=1),Thermostat!$C$5,Thermostat!$C$6) -> 75
E26: Saturday | F26: =IF((F14=1),Thermostat!$C$5,Thermostat!$C$6) -> 85 | G26: =IF((G14=1),Thermostat!$C$5,Thermostat!$C$6) -> 85 | H26: =IF((H14=1),Thermostat!$C$5,Thermostat!$C$6) -> 85 | I26: =IF((I14=1),Thermostat!$C$5,Thermostat!$C$6) -> 85 | J26: =IF((J14=1),Thermostat!$C$5,Thermostat!$C$6) -> 85 | K26: =IF((K14=1),Thermostat!$C$5,Thermostat!$C$6) -> 75 | L26: =IF((L14=1),Thermostat!$C$5,Thermostat!$C$6) -> 75 | M26: =IF((M14=1),Thermostat!$C$5,Thermostat!$C$6) -> 75 | ... AC26: =IF((AC14=1),Thermostat!$C$5,Thermostat!$C$6) -> 85
E27: Sunday | F27: =IF((F15=1),Thermostat!$C$5,Thermostat!$C$6) -> 85 | G27: =IF((G15=1),Thermostat!$C$5,Thermostat!$C$6) -> 85 | H27: =IF((H15=1),Thermostat!$C$5,Thermostat!$C$6) -> 85 | I27: =IF((I15=1),Thermostat!$C$5,Thermostat!$C$6) -> 85 | J27: =IF((J15=1),Thermostat!$C$5,Thermostat!$C$6) -> 85 | K27: =IF((K15=1),Thermostat!$C$5,Thermostat!$C$6) -> 85 | L27: =IF((L15=1),Thermostat!$C$5,Thermostat!$C$6) -> 85 | M27: =IF((M15=1),Thermostat!$C$5,Thermostat!$C$6) -> 85 | ... AC27: =IF((AC15=1),Thermostat!$C$5,Thermostat!$C$6) -> 85
A28: Ancillary
A29: Mechanical room | B29: Ancillary | C29: Occupancy | D29: T24 2022 - Appendix 5.4B Updated based on office schedule | E29: Weekday | F29: 0 | G29: 0 | H29: 0 | I29: 0 | J29: 0 | K29: 0 | L29: 0.1 | M29: 0.2 | N29: 0.95 | O29: 0.95 | P29: 0.95 | Q29: 0.95 | R29: 0.5 | S29: 0.95 | T29: 0.95 | U29: 0.95 | V29: 0.95 | W29: 0.3 | X29: 0.1 | Y29: 0.1 | Z29: 0.1 | AA29: 0.1 | AB29: 0.05 | AC29: 0.05
E30: Saturday | F30: 0 | G30: 0 | H30: 0 | I30: 0 | J30: 0 | K30: 0 | L30: 0.05 | M30: 0.05 | N30: 0.05 | O30: 0.05 | P30: 0.05 | Q30: 0.05 | R30: 0.05 | S30: 0.05 | T30: 0.05 | U30: 0.05 | V30: 0.05 | W30: 0.05 | X30: 0 | Y30: 0 | Z30: 0 | AA30: 0 | AB30: 0 | AC30: 0
E31: Sunday | F31: 0 | G31: 0 | H31: 0 | I31: 0 | J31: 0 | K31: 0 | L31: 0.05 | M31: 0.05 | N31: 0.05 | O31: 0.05 | P31: 0.05 | Q31: 0.05 | R31: 0.05 | S31: 0.05 | T31: 0.05 | U31: 0.05 | V31: 0.05 | W31: 0.05 | X31: 0 | Y31: 0 | Z31: 0 | AA31: 0 | AB31: 0 | AC31: 0
A32: =A29 -> Mechanical room | B32: =B29 -> Ancillary | C32: Lights | D32: T24 2022 - Appendix 5.4B Updated based on office schedule | E32: Weekday | F32: 0.05 | G32: 0.05 | H32: 0.05 | I32: 0.05 | J32: 0.05 | K32: 0.1 | L32: 0.1 | M32: 0.3 | N32: 0.65 | O32: 0.65 | P32: 0.65 | Q32: 0.65 | R32: 0.65 | S32: 0.65 | T32: 0.65 | U32: 0.65 | V32: 0.65 | W32: 0.35 | X32: 0.3 | Y32: 0.3 | Z32: 0.2 | AA32: 0.2 | AB32: 0.1 | AC32: 0.05
E33: Saturday | F33: 0.05 | G33: 0.05 | H33: 0.05 | I33: 0.05 | J33: 0.05 | K33: 0.05 | L33: 0.15 | M33: 0.15 | N33: 0.15 | O33: 0.15 | P33: 0.15 | Q33: 0.15 | R33: 0.15 | S33: 0.15 | T33: 0.15 | U33: 0.15 | V33: 0.15 | W33: 0.15 | X33: 0.05 | Y33: 0.05 | Z33: 0.05 | AA33: 0.05 | AB33: 0.05 | AC33: 0.05
E34: Sunday | F34: 0.05 | G34: 0.05 | H34: 0.05 | I34: 0.05 | J34: 0.05 | K34: 0.05 | L34: 0.15 | M34: 0.15 | N34: 0.15 | O34: 0.15 | P34: 0.15 | Q34: 0.15 | R34: 0.15 | S34: 0.15 | T34: 0.15 | U34: 0.15 | V34: 0.15 | W34: 0.15 | X34: 0.05 | Y34: 0.05 | Z34: 0.05 | AA34: 0.05 | AB34: 0.05 | AC34: 0.05
A35: =A32 -> Mechanical room | B35: =B32 -> Ancillary | C35: ElecEquipment | D35: Plug load and schedules project with CEC, 2025 | E35: Weekday | F35: 0.45 | G35: 0.45 | H35: 0.45 | I35: 0.45 | J35: 0.45 | K35: 0.45 | L35: 0.45 | M35: 0.74 | N35: 0.87 | O35: 0.9 | P35: 0.9 | Q35: 0.9 | R35: 0.9 | S35: 0.9 | T35: 0.9 | U35: 0.9 | V35: 0.9 | W35: 0.7 | X35: 0.5 | Y35: 0.5 | Z35: 0.5 | AA35: 0.45 | AB35: 0.45 | AC35: 0.45
E36: Saturday | F36: 0.43 | G36: 0.43 | H36: 0.43 | I36: 0.43 | J36: 0.43 | K36: 0.43 | L36: 0.43 | M36: 0.43 | N36: 0.43 | O36: 0.43 | P36: 0.43 | Q36: 0.43 | R36: 0.43 | S36: 0.43 | T36: 0.43 | U36: 0.43 | V36: 0.43 | W36: 0.43 | X36: 0.43 | Y36: 0.43 | Z36: 0.43 | AA36: 0.43 | AB36: 0.43 | AC36: 0.43
E37: Sunday | F37: 0.43 | G37: 0.43 | H37: 0.43 | I37: 0.43 | J37: 0.43 | K37: 0.43 | L37: 0.43 | M37: 0.43 | N37: 0.43 | O37: 0.43 | P37: 0.43 | Q37: 0.43 | R37: 0.43 | S37: 0.43 | T37: 0.43 | U37: 0.43 | V37: 0.43 | W37: 0.43 | X37: 0.43 | Y37: 0.43 | Z37: 0.43 | AA37: 0.43 | AB37: 0.43 | AC37: 0.43
A38: =A29 -> Mechanical room | B38: =B29 -> Ancillary | C38: HVACAvail | D38: T24 2022 - Appendix 5.4B | E38: Weekday | F38: 0 | G38: 0 | H38: 0 | I38: 0 | J38: 0 | K38: 1 | L38: 1 | M38: 1 | N38: 1 | O38: 1 | P38: 1 | Q38: 1 | R38: 1 | S38: 1 | T38: 1 | U38: 1 | V38: 1 | W38: 1 | X38: 1 | Y38: 1 | Z38: 1 | AA38: 1 | AB38: 1 | AC38: 1
E39: Saturday | F39: 0 | G39: 0 | H39: 0 | I39: 0 | J39: 0 | K39: 0 | L39: 0 | M39: 0 | N39: 0 | O39: 0 | P39: 0 | Q39: 0 | R39: 0 | S39: 0 | T39: 0 | U39: 0 | V39: 0 | W39: 0 | X39: 0 | Y39: 0 | Z39: 0 | AA39: 0 | AB39: 0 | AC39: 0
E40: Sunday | F40: 0 | G40: 0 | H40: 0 | I40: 0 | J40: 0 | K40: 0 | L40: 0 | M40: 0 | N40: 0 | O40: 0 | P40: 0 | Q40: 0 | R40: 0 | S40: 0 | T40: 0 | U40: 0 | V40: 0 | W40: 0 | X40: 0 | Y40: 0 | Z40: 0 | AA40: 0 | AB40: 0 | AC40: 0
A41: =A29 -> Mechanical room | B41: =B29 -> Ancillary | C41: ServiceHotWater | D41: T24 2022 - Appendix 5.4B | E41: Weekday | F41: 0 | G41: 0 | H41: 0 | I41: 0 | J41: 0 | K41: 0 | L41: 0 | M41: 0 | N41: 0 | O41: 0 | P41: 0 | Q41: 0 | R41: 0 | S41: 0 | T41: 0 | U41: 0 | V41: 0 | W41: 0 | X41: 0 | Y41: 0 | Z41: 0 | AA41: 0 | AB41: 0 | AC41: 0
E42: Saturday | F42: 0 | G42: 0 | H42: 0 | I42: 0 | J42: 0 | K42: 0 | L42: 0 | M42: 0 | N42: 0 | O42: 0 | P42: 0 | Q42: 0 | R42: 0 | S42: 0 | T42: 0 | U42: 0 | V42: 0 | W42: 0 | X42: 0 | Y42: 0 | Z42: 0 | AA42: 0 | AB42: 0 | AC42: 0
E43: Sunday | F43: 0 | G43: 0 | H43: 0 | I43: 0 | J43: 0 | K43: 0 | L43: 0 | M43: 0 | N43: 0 | O43: 0 | P43: 0 | Q43: 0 | R43: 0 | S43: 0 | T43: 0 | U43: 0 | V43: 0 | W43: 0 | X43: 0 | Y43: 0 | Z43: 0 | AA43: 0 | AB43: 0 | AC43: 0
A44: =A29 -> Mechanical room | B44: =B29 -> Ancillary | C44: Infiltration | D44: T24 2022 - Appendix 5.4B | E44: Weekday | F44: 1 | G44: 1 | H44: 1 | I44: 1 | J44: 1 | K44: 0.25 | L44: 0.25 | M44: 0.25 | N44: 0.25 | O44: 0.25 | P44: 0.25 | Q44: 0.25 | R44: 0.25 | S44: 0.25 | T44: 0.25 | U44: 0.25 | V44: 0.25 | W44: 0.25 | X44: 0.25 | Y44: 0.25 | Z44: 0.25 | AA44: 0.25 | AB44: 0.25 | AC44: 0.25
E45: Saturday | F45: 1 | G45: 1 | H45: 1 | I45: 1 | J45: 1 | K45: 1 | L45: 1 | M45: 1 | N45: 1 | O45: 1 | P45: 1 | Q45: 1 | R45: 1 | S45: 1 | T45: 1 | U45: 1 | V45: 1 | W45: 1 | X45: 1 | Y45: 1 | Z45: 1 | AA45: 1 | AB45: 1 | AC45: 1
E46: Sunday | F46: 1 | G46: 1 | H46: 1 | I46: 1 | J46: 1 | K46: 1 | L46: 1 | M46: 1 | N46: 1 | O46: 1 | P46: 1 | Q46: 1 | R46: 1 | S46: 1 | T46: 1 | U46: 1 | V46: 1 | W46: 1 | X46: 1 | Y46: 1 | Z46: 1 | AA46: 1 | AB46: 1 | AC46: 1
A47: =A32 -> Mechanical room | B47: =B32 -> Ancillary | C47: HtgSetpt | D47: Engineering Judgement | E47: Weekday | F47: =IF((F38=1),Thermostat!$C$7,Thermostat!$C$8) -> 60 | G47: =IF((G38=1),Thermostat!$C$7,Thermostat!$C$8) -> 60 | H47: =IF((H38=1),Thermostat!$C$7,Thermostat!$C$8) -> 60 | I47: =IF((I38=1),Thermostat!$C$7,Thermostat!$C$8) -> 60 | J47: =IF((J38=1),Thermostat!$C$7,Thermostat!$C$8) -> 60 | K47: =IF((K38=1),Thermostat!$C$7,Thermostat!$C$8) -> 60 | L47: =IF((L38=1),Thermostat!$C$7,Thermostat!$C$8) -> 60 | M47: =IF((M38=1),Thermostat!$C$7,Thermostat!$C$8) -> 60 | ... AC47: =IF((AC38=1),Thermostat!$C$7,Thermostat!$C$8) -> 60
E48: Saturday | F48: =IF((F39=1),Thermostat!$C$7,Thermostat!$C$8) -> 60 | G48: =IF((G39=1),Thermostat!$C$7,Thermostat!$C$8) -> 60 | H48: =IF((H39=1),Thermostat!$C$7,Thermostat!$C$8) -> 60 | I48: =IF((I39=1),Thermostat!$C$7,Thermostat!$C$8) -> 60 | J48: =IF((J39=1),Thermostat!$C$7,Thermostat!$C$8) -> 60 | K48: =IF((K39=1),Thermostat!$C$7,Thermostat!$C$8) -> 60 | L48: =IF((L39=1),Thermostat!$C$7,Thermostat!$C$8) -> 60 | M48: =IF((M39=1),Thermostat!$C$7,Thermostat!$C$8) -> 60 | ... AC48: =IF((AC39=1),Thermostat!$C$7,Thermostat!$C$8) -> 60
E49: Sunday | F49: =IF((F40=1),Thermostat!$C$7,Thermostat!$C$8) -> 60 | G49: =IF((G40=1),Thermostat!$C$7,Thermostat!$C$8) -> 60 | H49: =IF((H40=1),Thermostat!$C$7,Thermostat!$C$8) -> 60 | I49: =IF((I40=1),Thermostat!$C$7,Thermostat!$C$8) -> 60 | J49: =IF((J40=1),Thermostat!$C$7,Thermostat!$C$8) -> 60 | K49: =IF((K40=1),Thermostat!$C$7,Thermostat!$C$8) -> 60 | L49: =IF((L40=1),Thermostat!$C$7,Thermostat!$C$8) -> 60 | M49: =IF((M40=1),Thermostat!$C$7,Thermostat!$C$8) -> 60 | ... AC49: =IF((AC40=1),Thermostat!$C$7,Thermostat!$C$8) -> 60
A50: =A29 -> Mechanical room | B50: =B29 -> Ancillary | C50: ClgSetpt | D50: Engineering Judgement | E50: Weekday | F50: =IF((F38=1),Thermostat!$C$9,Thermostat!$C$10) -> 85 | G50: =IF((G38=1),Thermostat!$C$9,Thermostat!$C$10) -> 85 | H50: =IF((H38=1),Thermostat!$C$9,Thermostat!$C$10) -> 85 | I50: =IF((I38=1),Thermostat!$C$9,Thermostat!$C$10) -> 85 | J50: =IF((J38=1),Thermostat!$C$9,Thermostat!$C$10) -> 85 | K50: =IF((K38=1),Thermostat!$C$9,Thermostat!$C$10) -> 85 | L50: =IF((L38=1),Thermostat!$C$9,Thermostat!$C$10) -> 85 | M50: =IF((M38=1),Thermostat!$C$9,Thermostat!$C$10) -> 85 | ... AC50: =IF((AC38=1),Thermostat!$C$9,Thermostat!$C$10) -> 85
E51: Saturday | F51: =IF((F39=1),Thermostat!$C$9,Thermostat!$C$10) -> 85 | G51: =IF((G39=1),Thermostat!$C$9,Thermostat!$C$10) -> 85 | H51: =IF((H39=1),Thermostat!$C$9,Thermostat!$C$10) -> 85 | I51: =IF((I39=1),Thermostat!$C$9,Thermostat!$C$10) -> 85 | J51: =IF((J39=1),Thermostat!$C$9,Thermostat!$C$10) -> 85 | K51: =IF((K39=1),Thermostat!$C$9,Thermostat!$C$10) -> 85 | L51: =IF((L39=1),Thermostat!$C$9,Thermostat!$C$10) -> 85 | M51: =IF((M39=1),Thermostat!$C$9,Thermostat!$C$10) -> 85 | ... AC51: =IF((AC39=1),Thermostat!$C$9,Thermostat!$C$10) -> 85
E52: Sunday | F52: =IF((F40=1),Thermostat!$C$9,Thermostat!$C$10) -> 85 | G52: =IF((G40=1),Thermostat!$C$9,Thermostat!$C$10) -> 85 | H52: =IF((H40=1),Thermostat!$C$9,Thermostat!$C$10) -> 85 | I52: =IF((I40=1),Thermostat!$C$9,Thermostat!$C$10) -> 85 | J52: =IF((J40=1),Thermostat!$C$9,Thermostat!$C$10) -> 85 | K52: =IF((K40=1),Thermostat!$C$9,Thermostat!$C$10) -> 85 | L52: =IF((L40=1),Thermostat!$C$9,Thermostat!$C$10) -> 85 | M52: =IF((M40=1),Thermostat!$C$9,Thermostat!$C$10) -> 85 | ... AC52: =IF((AC40=1),Thermostat!$C$9,Thermostat!$C$10) -> 85
A53: Other
B54: Building | C54: ExtLightingNonMotionCtrl | E54: Weekday | F54: 1 | G54: 1 | H54: 1 | I54: 1 | J54: 1 | K54: 1 | L54: 1 | M54: 1 | N54: 1 | O54: 1 | P54: 1 | Q54: 1 | R54: 1 | S54: 1 | T54: 1 | U54: 1 | V54: 1 | W54: 1 | X54: 1 | Y54: 1 | Z54: 1 | AA54: 1 | AB54: 1 | AC54: 1
E55: Saturday | F55: 1 | G55: 1 | H55: 1 | I55: 1 | J55: 1 | K55: 1 | L55: 1 | M55: 1 | N55: 1 | O55: 1 | P55: 1 | Q55: 1 | R55: 1 | S55: 1 | T55: 1 | U55: 1 | V55: 1 | W55: 1 | X55: 1 | Y55: 1 | Z55: 1 | AA55: 1 | AB55: 1 | AC55: 1
E56: Sunday | F56: 1 | G56: 1 | H56: 1 | I56: 1 | J56: 1 | K56: 1 | L56: 1 | M56: 1 | N56: 1 | O56: 1 | P56: 1 | Q56: 1 | R56: 1 | S56: 1 | T56: 1 | U56: 1 | V56: 1 | W56: 1 | X56: 1 | Y56: 1 | Z56: 1 | AA56: 1 | AB56: 1 | AC56: 1
B57: Building | C57: ExtLightingMotionCtrl | E57: Weekday | F57: 0 | G57: 0 | H57: 0 | I57: 0 | J57: 0 | K57: 1 | L57: 1 | M57: 1 | N57: 1 | O57: 1 | P57: 1 | Q57: 1 | R57: 1 | S57: 1 | T57: 1 | U57: 1 | V57: 1 | W57: 1 | X57: 1 | Y57: 1 | Z57: 1 | AA57: 1 | AB57: 0 | AC57: 0
E58: Saturday | F58: 0 | G58: 0 | H58: 0 | I58: 0 | J58: 0 | K58: 1 | L58: 1 | M58: 1 | N58: 1 | O58: 1 | P58: 1 | Q58: 1 | R58: 1 | S58: 1 | T58: 1 | U58: 1 | V58: 1 | W58: 1 | X58: 1 | Y58: 1 | Z58: 1 | AA58: 1 | AB58: 1 | AC58: 1
E59: Sunday | F59: 0 | G59: 0 | H59: 0 | I59: 0 | J59: 0 | K59: 1 | L59: 1 | M59: 1 | N59: 1 | O59: 1 | P59: 1 | Q59: 1 | R59: 1 | S59: 1 | T59: 1 | U59: 1 | V59: 1 | W59: 1 | X59: 1 | Y59: 1 | Z59: 1 | AA59: 1 | AB59: 1 | AC59: 1
A60: Office | B60: Building | C60: FunctionalAreaPeopleActivityLevel | D60: Based on Activity level schedules in CEC Prototypes | E60: Weekday | F60: 131.9 | G60: 131.9 | H60: 131.9 | I60: 131.9 | J60: 131.9 | K60: 131.9 | L60: 131.9 | M60: 131.9 | N60: 131.9 | O60: 131.9 | P60: 131.9 | Q60: 131.9 | R60: 131.9 | S60: 131.9 | T60: 131.9 | U60: 131.9 | V60: 131.9 | W60: 131.9 | X60: 131.9 | Y60: 131.9 | Z60: 131.9 | AA60: 131.9 | AB60: 131.9 | AC60: 131.9
E61: Saturday | F61: 131.9 | G61: 131.9 | H61: 131.9 | I61: 131.9 | J61: 131.9 | K61: 131.9 | L61: 131.9 | M61: 131.9 | N61: 131.9 | O61: 131.9 | P61: 131.9 | Q61: 131.9 | R61: 131.9 | S61: 131.9 | T61: 131.9 | U61: 131.9 | V61: 131.9 | W61: 131.9 | X61: 131.9 | Y61: 131.9 | Z61: 131.9 | AA61: 131.9 | AB61: 131.9 | AC61: 131.9
E62: Sunday | F62: 131.9 | G62: 131.9 | H62: 131.9 | I62: 131.9 | J62: 131.9 | K62: 131.9 | L62: 131.9 | M62: 131.9 | N62: 131.9 | O62: 131.9 | P62: 131.9 | Q62: 131.9 | R62: 131.9 | S62: 131.9 | T62: 131.9 | U62: 131.9 | V62: 131.9 | W62: 131.9 | X62: 131.9 | Y62: 131.9 | Z62: 131.9 | AA62: 131.9 | AB62: 131.9 | AC62: 131.9
A63: Conference room | B63: Building | C63: MeetingAreaPeopleActivityLevel | D63: Based on Activity level schedules in CEC Prototypes | E63: Weekday | F63: 117.2 | G63: 117.2 | H63: 117.2 | I63: 117.2 | J63: 117.2 | K63: 117.2 | L63: 117.2 | M63: 117.2 | N63: 117.2 | O63: 117.2 | P63: 117.2 | Q63: 117.2 | R63: 117.2 | S63: 117.2 | T63: 117.2 | U63: 117.2 | V63: 117.2 | W63: 117.2 | X63: 117.2 | Y63: 117.2 | Z63: 117.2 | AA63: 117.2 | AB63: 117.2 | AC63: 117.2
E64: Saturday | F64: 117.2 | G64: 117.2 | H64: 117.2 | I64: 117.2 | J64: 117.2 | K64: 117.2 | L64: 117.2 | M64: 117.2 | N64: 117.2 | O64: 117.2 | P64: 117.2 | Q64: 117.2 | R64: 117.2 | S64: 117.2 | T64: 117.2 | U64: 117.2 | V64: 117.2 | W64: 117.2 | X64: 117.2 | Y64: 117.2 | Z64: 117.2 | AA64: 117.2 | AB64: 117.2 | AC64: 117.2
E65: Sunday | F65: 117.2 | G65: 117.2 | H65: 117.2 | I65: 117.2 | J65: 117.2 | K65: 117.2 | L65: 117.2 | M65: 117.2 | N65: 117.2 | O65: 117.2 | P65: 117.2 | Q65: 117.2 | R65: 117.2 | S65: 117.2 | T65: 117.2 | U65: 117.2 | V65: 117.2 | W65: 117.2 | X65: 117.2 | Y65: 117.2 | Z65: 117.2 | AA65: 117.2 | AB65: 117.2 | AC65: 117.2
A66: Corridor, Lobby, Restroom, Mech, Storage, Break | B66: Building | C66: CommonAreaPeopleActivityLevel | D66: Based on Activity level schedules in CEC Prototypes | E66: Weekday | F66: 146.5 | G66: 146.5 | H66: 146.5 | I66: 146.5 | J66: 146.5 | K66: 146.5 | L66: 146.5 | M66: 146.5 | N66: 146.5 | O66: 146.5 | P66: 146.5 | Q66: 146.5 | R66: 146.5 | S66: 146.5 | T66: 146.5 | U66: 146.5 | V66: 146.5 | W66: 146.5 | X66: 146.5 | Y66: 146.5 | Z66: 146.5 | AA66: 146.5 | AB66: 146.5 | AC66: 146.5
E67: Saturday | F67: 146.5 | G67: 146.5 | H67: 146.5 | I67: 146.5 | J67: 146.5 | K67: 146.5 | L67: 146.5 | M67: 146.5 | N67: 146.5 | O67: 146.5 | P67: 146.5 | Q67: 146.5 | R67: 146.5 | S67: 146.5 | T67: 146.5 | U67: 146.5 | V67: 146.5 | W67: 146.5 | X67: 146.5 | Y67: 146.5 | Z67: 146.5 | AA67: 146.5 | AB67: 146.5 | AC67: 146.5
E68: Sunday | F68: 146.5 | G68: 146.5 | H68: 146.5 | I68: 146.5 | J68: 146.5 | K68: 146.5 | L68: 146.5 | M68: 146.5 | N68: 146.5 | O68: 146.5 | P68: 146.5 | Q68: 146.5 | R68: 146.5 | S68: 146.5 | T68: 146.5 | U68: 146.5 | V68: 146.5 | W68: 146.5 | X68: 146.5 | Y68: 146.5 | Z68: 146.5 | AA68: 146.5 | AB68: 146.5 | AC68: 146.5

Sheet Energy Usage
A1: CalBEM Energy Consumption - OfficeSmall | I1: National Average (EnergyStar Portfolio Manager) | N1: CEUS Energy Consumption - OfficeSmall
A2: Prototype | B2: CZ | C2: CalBEM Electricity EUI (KBTU/ft²) | D2: CalBEM Gas EUI (KBTU/ft²) | E2: CalBEM Total EUI (KBTU/ft²) | F2: New Construction Electricity EUI (KBTU/ft²) | G2: New Construction Gas EUI (KBTU/ft²) | H2: New Construction Total EUI (KBTU/ft²) | I2: National Average | J2: Acceptable RangeRange (25% Higher) | K2: Acceptable RangeRange (25% Lower) | L2: National Average Acceptable Range | M2: Zip code | N2: Prototype | O2: CZ | P2: Total Floorspace (Thousand of ft2) | Q2: CEUS 2022 Electric Energy Intensity (kWh/ft²) | R2: CEUS 2022 Annual Gas Intensity (kWh/ft²) | S2: CEUS 2022 Total EUI (kBtu/ft²) | T2: Acceptable Range (25% Higher) | U2: Acceptable Range (25% Lower) | V2: CEUS 2022 Acceptable Range
A3: HotelSmall | B3: 1 | I3: 61.7 | J3: =I3*1.25 -> 77.125 | K3: =I3*0.75 -> 46.275 | L3: =J3-K3 -> 30.85 | M3: 95521 | N3: OfficeSmall | O3: 1 | P3: 12266 | Q3: 9.77 | R3: 4.88 | S3: =(Q3+R3)*3.412 -> 49.9858 | T3: =S3*1.25 -> 62.48225 | U3: =S3*0.75 -> 37.48935 | V3: =T3-U3 -> 24.9929
B4: 2 | I4: 67.5 | J4: =I4*1.25 -> 84.375 | K4: =I4*0.75 -> 50.625 | L4: =J4-K4 -> 33.75 | M4: 95476 | O4: 2 | P4: 27044 | Q4: 7.5 | R4: 5.6 | S4: =(Q4+R4)*3.412 -> 44.6972 | T4: =S4*1.25 -> 55.8715 | U4: =S4*0.75 -> 33.5229 | V4: =T4-U4 -> 22.3486
B5: 3 | I5: 64.2 | J5: =I5*1.25 -> 80.25 | K5: =I5*0.75 -> 48.15 | L5: =J5-K5 -> 32.1 | M5: 94612 | O5: 3 | P5: 84735 | Q5: 8.62 | R5: 7.47 | S5: =(Q5+R5)*3.412 -> 54.89908 | T5: =S5*1.25 -> 68.62385 | U5: =S5*0.75 -> 41.17431 | V5: =T5-U5 -> 27.44954
B6: 4 | I6: 69.7 | J6: =I6*1.25 -> 87.125 | K6: =I6*0.75 -> 52.275 | L6: =J6-K6 -> 34.85 | M6: 93446 | O6: 4 | P6: 41723 | Q6: 8.85 | R6: 7.21 | S6: =(Q6+R6)*3.412 -> 54.79672 | T6: =S6*1.25 -> 68.4959 | U6: =S6*0.75 -> 41.09754 | V6: =T6-U6 -> 27.39836
B7: 5 | I7: 61.6 | J7: =I7*1.25 -> 77 | K7: =I7*0.75 -> 46.2 | L7: =J7-K7 -> 30.8 | M7: 93455 | O7: 5 | P7: 11347 | Q7: 6.73 | R7: 10.64 | S7: =(Q7+R7)*3.412 -> 59.26644 | T7: =S7*1.25 -> 74.08305 | U7: =S7*0.75 -> 44.44983 | V7: =T7-U7 -> 29.63322
B8: 6 | I8: 71 | J8: =I8*1.25 -> 88.75 | K8: =I8*0.75 -> 53.25 | L8: =J8-K8 -> 35.5 | M8: 93550 | O8: 6 | P8: 59004 | Q8: 8.01 | R8: 3.98 | S8: =(Q8+R8)*3.412 -> 40.90988 | T8: =S8*1.25 -> 51.13735 | U8: =S8*0.75 -> 30.68241 | V8: =T8-U8 -> 20.45494
B9: 7 | I9: 66.9 | J9: =I9*1.25 -> 83.625 | K9: =I9*0.75 -> 50.175 | L9: =J9-K9 -> 33.45 | M9: 92101 | O9: 7 | P9: 54999 | Q9: 10.61 | R9: 6.8 | S9: =(Q9+R9)*3.412 -> 59.40292 | T9: =S9*1.25 -> 74.25365 | U9: =S9*0.75 -> 44.55219 | V9: =T9-U9 -> 29.70146
B10: 8 | I10: 67.8 | J10: =I10*1.25 -> 84.75 | K10: =I10*0.75 -> 50.85 | L10: =J10-K10 -> 33.9 | M10: 92831 | O10: 8 | P10: 86435 | Q10: 7.9 | R10: 3.79 | S10: =(Q10+R10)*3.412 -> 39.88628 | T10: =S10*1.25 -> 49.85785 | U10: =S10*0.75 -> 29.91471 | V10: =T10-U10 -> 19.94314
B11: 9 | I11: 67.9 | J11: =I11*1.25 -> 84.875 | K11: =I11*0.75 -> 50.925 | L11: =J11-K11 -> 33.95 | M11: 91505 | O11: 9 | P11: 113713 | Q11: 8.3 | R11: 4.16 | S11: =(Q11+R11)*3.412 -> 42.51352 | T11: =S11*1.25 -> 53.1419 | U11: =S11*0.75 -> 31.88514 | V11: =T11-U11 -> 21.25676
B12: 10 | I12: 68.3 | J12: =I12*1.25 -> 85.375 | K12: =I12*0.75 -> 51.225 | L12: =J12-K12 -> 34.15 | M12: 92501 | O12: 10 | P12: 79023 | Q12: 9.01 | R12: 4.25 | S12: =(Q12+R12)*3.412 -> 45.24312 | T12: =S12*1.25 -> 56.5539 | U12: =S12*0.75 -> 33.93234 | V12: =T12-U12 -> 22.62156
B13: 11 | I13: 70.5 | J13: =I13*1.25 -> 88.125 | K13: =I13*0.75 -> 52.875 | L13: =J13-K13 -> 35.25 | M13: 96080 | O13: 11 | P13: 37485 | Q13: 11.12 | R13: 5.05 | S13: =(Q13+R13)*3.412 -> 55.17204 | T13: =S13*1.25 -> 68.96505 | U13: =S13*0.75 -> 41.37903 | V13: =T13-U13 -> 27.58602
B14: 12 | I14: 69.8 | J14: =I14*1.25 -> 87.25 | K14: =I14*0.75 -> 52.35 | L14: =J14-K14 -> 34.9 | M14: 95814 | O14: 12 | P14: 150207 | Q14: 10.53 | R14: 5.82 | S14: =(Q14+R14)*3.412 -> 55.7862 | T14: =S14*1.25 -> 69.73275 | U14: =S14*0.75 -> 41.83965 | V14: =T14-U14 -> 27.8931
B15: 13 | I15: 70.2 | J15: =I15*1.25 -> 87.75 | K15: =I15*0.75 -> 52.65 | L15: =J15-K15 -> 35.1 | M15: 93721 | O15: 13 | P15: 50089 | Q15: 10.6 | R15: 4.34 | S15: =(Q15+R15)*3.412 -> 50.97528 | T15: =S15*1.25 -> 63.7191 | U15: =S15*0.75 -> 38.23146 | V15: =T15-U15 -> 25.48764
... B18: 16 | I18: 72.5 | J18: =I18*1.25 -> 90.625 | K18: =I18*0.75 -> 54.375 | L18: =J18-K18 -> 36.25 | M18: 95715 | O18: 16 | P18: 74950 | Q18: 9.33 | R18: 4.53 | S18: =(Q18+R18)*3.412 -> 47.29032 | T18: =S18*1.25 -> 59.1129 | U18: =S18*0.75 -> 35.46774 | V18: =T18-U18 -> 23.64516
N20: Ref: CEUS 2022 Report
N21: And converted FZ level data to CZ level

Sheet EV Charger
A1: EV Charger - OfficeSmall (TBD)
A3: According To CEUS 2022 and their survey around 2018-2020, almost 92% of small office buildings have no EV charger
A11: Background Data [To be deleted prior to publication]
A14: CEUS 2022 (Base on Survey 2018) | K14: The data presented in this worksheet represents the projected number of EV charger ports, or the number of cars that can be charged at the same time, for the year 2022 (last year of CEUC)
D15: Has EV Chargers | K15: Level 1, 120 volt Charger (No. ports/SqFT) | T15: Level 2, 240 volt Charger (No. ports/SqFT) | AC15: Level 3, DC fast (No. ports/SqFT) | AL15: Charger Type Unknown (No. ports/SqFT) | AU15: All Chargers Totals (No. ports/SqFT)
A16: Calculation Method | B16: Statewide/ Utility/ FCZ | C16: Building Type | D16: No | E16: Yes | F16: Total | I16: Statewide/ Utility/ FCZ | J16: Building Type | K16: Public Only | L16: Public & Employee | M16: Public & Fleet | N16: Employee Only | O16: Employee & Fleet | P16: Fleet Only | Q16: All 3 Types | R16: Unknown | S16: Level 1 Total | T16: Public Only | U16: Public & Employee | V16: Public & Fleet | W16: Employee Only | X16: Employee & Fleet | Y16: Fleet Only | Z16: All 3 Types | AA16: Unknown | AB16: Level 2 Total | AC16: Public Only | AD16: Public & Employee | AE16: Public & Fleet | AF16: Employee Only | AG16: Employee & Fleet | AH16: Fleet Only | AI16: All 3 Types | AJ16: Unknown | AK16: Level 3 Total | AL16: Public Only | AM16: Public & Employee | AN16: Public & Fleet | AO16: Employee Only | AP16: Employee & Fleet | AQ16: Fleet Only | AR16: All 3 Types | AS16: Unknown | AT16: Unkonwn Total | AU16: Public Only | AV16: Public & Employee | AW16: Public & Fleet | AX16: Employee Only | AY16: Employee & Fleet | AZ16: Fleet Only | BA16: All 3 Types | BB16: Unknown | BC16: Total
A17: Floorspace-Based | B17: Statewide | C17: Office, Small | D17: 0.91629084 | E17: 0.083709165 | F17: 1 | I17: Statewide | J17: Office, Small | K17: 234.63109 | L17: 257.26071 | M17: 0 | N17: 514.26458 | O17: 0 | P17: 22.221664 | Q17: 197.98307 | R17: 0 | S17: 1226.3611 | T17: 108.94502 | U17: 831.31992 | V17: 0 | W17: 1332.4399 | X17: 101.16411 | Y17: 78.502373 | Z17: 360.40604 | AA17: 0 | AB17: 2812.7774 | AC17: 21.375883 | AD17: 0 | AE17: 0 | AF17: 15.713801 | AG17: 0 | AH17: 0 | AI17: 0 | AJ17: 0 | AK17: 37.089684 | AL17: 56.94989 | AM17: 42.147584 | AN17: 0 | AO17: 212.11013 | AP17: 0 | AQ17: 25.741961 | AR17: 0 | AS17: 0 | AT17: 336.94956 | AU17: 421.90189 | AV17: 1130.7282 | AW17: 0 | AX17: 2074.5284 | AY17: 101.16411 | AZ17: 126.466 | BA17: 558.38911 | BB17: 0 | BC17: 4413.1778
A18: Floorspace-Based | B18: FCZ01 Tot | C18: Office, Small | D18: 0.88474892 | E18: 0.11525108 | F18: 1 | I18: FCZ01 Tot | J18: Office, Small | K18: 0 | L18: 0 | M18: 0 | N18: 92.114774 | O18: 0 | P18: 0 | Q18: 5.6273317 | R18: 0 | S18: 97.742105 | T18: 0 | U18: 290.15374 | V18: 0 | W18: 73.027737 | X18: 95.664638 | Y18: 65.739866 | Z18: 24.342579 | AA18: 0 | AB18: 548.92857 | AC18: 0 | AD18: 0 | AE18: 0 | AF18: 0 | AG18: 0 | AH18: 0 | AI18: 0 | AJ18: 0 | AK18: 0 | AL18: 0 | AM18: 0 | AN18: 0 | AO18: 27.974785 | AP18: 0 | AQ18: 24.342579 | AR18: 0 | AS18: 0 | AT18: 52.317364 | AU18: 0 | AV18: 290.15374 | AW18: 0 | AX18: 193.1173 | AY18: 95.664638 | AZ18: 90.082445 | BA18: 29.969911 | BB18: 0 | BC18: 698.98803
A19: Floorspace-Based | B19: FCZ02 Tot | C19: Office, Small | D19: 0.87664055 | E19: 0.12335945 | F19: 1 | I19: FCZ02 Tot | J19: Office, Small | K19: 0 | L19: 0 | M19: 0 | N19: 0 | O19: 0 | P19: 21.013652 | Q19: 0 | R19: 0 | S19: 21.013652 | T19: 0 | U19: 189.12287 | V19: 0 | W19: 21.156124 | X19: 0 | Y19: 0 | Z19: 0 | AA19: 0 | AB19: 210.27899 | AC19: 0 | AD19: 0 | AE19: 0 | AF19: 0 | AG19: 0 | AH19: 0 | AI19: 0 | AJ19: 0 | AK19: 0 | AL19: 0 | AM19: 0 | AN19: 0 | AO19: 0 | AP19: 0 | AQ19: 0 | AR19: 0 | AS19: 0 | AT19: 0 | AU19: 0 | AV19: 189.12287 | AW19: 0 | AX19: 21.156124 | AY19: 0 | AZ19: 21.013652 | BA19: 0 | BB19: 0 | BC19: 231.29265
A20: Floorspace-Based | B20: FCZ03 Tot | C20: Office, Small | D20: 0.93389784 | E20: 0.066102161 | F20: 1 | I20: FCZ03 Tot | J20: Office, Small | K20: 0 | L20: 78.750982 | M20: 0 | N20: 0 | O20: 0 | P20: 0 | Q20: 0 | R20: 0 | S20: 78.750982 | T20: 0 | U20: 0 | V20: 0 | W20: 0 | X20: 0 | Y20: 0 | Z20: 0 | AA20: 0 | AB20: 0 | AC20: 0 | AD20: 0 | AE20: 0 | AF20: 0 | AG20: 0 | AH20: 0 | AI20: 0 | AJ20: 0 | AK20: 0 | AL20: 0 | AM20: 12.871851 | AN20: 0 | AO20: 0 | AP20: 0 | AQ20: 0 | AR20: 0 | AS20: 0 | AT20: 12.871851 | AU20: 0 | AV20: 91.622833 | AW20: 0 | AX20: 0 | AY20: 0 | AZ20: 0 | BA20: 0 | BB20: 0 | BC20: 91.622833
A21: Floorspace-Based | B21: FCZ04 Tot | C21: Office, Small | D21: 0.82696529 | E21: 0.17303471 | F21: 1 | I21: FCZ04 Tot | J21: Office, Small | K21: 0 | L21: 0 | M21: 0 | N21: 0 | O21: 0 | P21: 0 | Q21: 0 | R21: 0 | S21: 0 | T21: 0 | U21: 0 | V21: 0 | W21: 44.11001 | X21: 0 | Y21: 0 | Z21: 0 | AA21: 0 | AB21: 44.11001 | AC21: 0 | AD21: 0 | AE21: 0 | AF21: 0 | AG21: 0 | AH21: 0 | AI21: 0 | AJ21: 0 | AK21: 0 | AL21: 0 | AM21: 26.984511 | AN21: 0 | AO21: 0 | AP21: 0 | AQ21: 0 | AR21: 0 | AS21: 0 | AT21: 26.984511 | AU21: 0 | AV21: 26.984511 | AW21: 0 | AX21: 44.11001 | AY21: 0 | AZ21: 0 | BA21: 0 | BB21: 0 | BC21: 71.09452
A22: Floorspace-Based | B22: FCZ05 Tot | C22: Office, Small | D22: 0.96399408 | E22: 0.036005923 | F22: 1 | I22: FCZ05 Tot | J22: Office, Small | K22: 0 | L22: 0 | M22: 0 | N22: 0 | O22: 0 | P22: 0 | Q22: 0 | R22: 0 | S22: 0 | T22: 0 | U22: 0 | V22: 0 | W22: 19.634673 | X22: 0 | Y22: 0 | Z22: 0 | AA22: 0 | AB22: 19.634673 | AC22: 0 | AD22: 0 | AE22: 0 | AF22: 0 | AG22: 0 | AH22: 0 | AI22: 0 | AJ22: 0 | AK22: 0 | AL22: 0 | AM22: 0 | AN22: 0 | AO22: 0 | AP22: 0 | AQ22: 0 | AR22: 0 | AS22: 0 | AT22: 0 | AU22: 0 | AV22: 0 | AW22: 0 | AX22: 19.634673 | AY22: 0 | AZ22: 0 | BA22: 0 | BB22: 0 | BC22: 19.634673
A23: Floorspace-Based | B23: FCZ06 Tot | C23: Office, Small | D23: 0.934083 | E23: 0.065917001 | F23: 1 | I23: FCZ06 Tot | J23: Office, Small | K23: 0 | L23: 0 | M23: 0 | N23: 0 | O23: 0 | P23: 0 | Q23: 0 | R23: 0 | S23: 0 | T23: 0 | U23: 0 | V23: 0 | W23: 0 | X23: 0 | Y23: 0 | Z23: 0 | AA23: 0 | AB23: 0 | AC23: 0 | AD23: 0 | AE23: 0 | AF23: 0 | AG23: 0 | AH23: 0 | AI23: 0 | AJ23: 0 | AK23: 0 | AL23: 0 | AM23: 0 | AN23: 0 | AO23: 50.28477 | AP23: 0 | AQ23: 0 | AR23: 0 | AS23: 0 | AT23: 50.28477 | AU23: 0 | AV23: 0 | AW23: 0 | AX23: 50.28477 | AY23: 0 | AZ23: 0 | BA23: 0 | BB23: 0 | BC23: 50.28477
A24: Floorspace-Based | B24: FCZ07 Tot | C24: Office, Small | D24: 0.9176906 | E24: 0.082309405 | F24: 1 | I24: FCZ07 Tot | J24: Office, Small | K24: 0 | L24: 0 | M24: 0 | N24: 199.1172 | O24: 0 | P24: 0 | Q24: 0 | R24: 0 | S24: 199.1172 | T24: 0 | U24: 229.22225 | V24: 0 | W24: 397.49955 | X24: 0 | Y24: 0 | Z24: 0 | AA24: 0 | AB24: 626.72179 | AC24: 0 | AD24: 0 | AE24: 0 | AF24: 0 | AG24: 0 | AH24: 0 | AI24: 0 | AJ24: 0 | AK24: 0 | AL24: 0 | AM24: 0 | AN24: 0 | AO24: 0 | AP24: 0 | AQ24: 0 | AR24: 0 | AS24: 0 | AT24: 0 | AU24: 0 | AV24: 229.22225 | AW24: 0 | AX24: 596.61674 | AY24: 0 | AZ24: 0 | BA24: 0 | BB24: 0 | BC24: 825.83899
A25: Floorspace-Based | B25: FCZ08 Tot | C25: Office, Small | D25: 0.8671958 | E25: 0.1328042 | F25: 1 | I25: FCZ08 Tot | J25: Office, Small | K25: 0 | L25: 0 | M25: 0 | N25: 0 | O25: 0 | P25: 0 | Q25: 0 | R25: 0 | S25: 0 | T25: 0 | U25: 77.628926 | V25: 0 | W25: 0 | X25: 0 | Y25: 0 | Z25: 0 | AA25: 0 | AB25: 77.628926 | AC25: 0 | AD25: 0 | AE25: 0 | AF25: 14.859569 | AG25: 0 | AH25: 0 | AI25: 0 | AJ25: 0 | AK25: 14.859569 | AL25: 0 | AM25: 0 | AN25: 0 | AO25: 0 | AP25: 0 | AQ25: 0 | AR25: 0 | AS25: 0 | AT25: 0 | AU25: 0 | AV25: 77.628926 | AW25: 0 | AX25: 14.859569 | AY25: 0 | AZ25: 0 | BA25: 0 | BB25: 0 | BC25: 92.488495
A26: Floorspace-Based | B26: FCZ09 Tot | C26: Office, Small | D26: 0.90936489 | E26: 0.090635106 | F26: 1 | I26: FCZ09 Tot | J26: Office, Small | K26: 0 | L26: 0 | M26: 0 | N26: 0 | O26: 0 | P26: 0 | Q26: 0 | R26: 0 | S26: 0 | T26: 0 | U26: 0 | V26: 0 | W26: 0 | X26: 0 | Y26: 0 | Z26: 0 | AA26: 0 | AB26: 0 | AC26: 0 | AD26: 0 | AE26: 0 | AF26: 0 | AG26: 0 | AH26: 0 | AI26: 0 | AJ26: 0 | AK26: 0 | AL26: 0 | AM26: 0 | AN26: 0 | AO26: 0 | AP26: 0 | AQ26: 0 | AR26: 0 | AS26: 0 | AT26: 0 | AU26: 0 | AV26: 0 | AW26: 0 | AX26: 0 | AY26: 0 | AZ26: 0 | BA26: 0 | BB26: 0 | BC26: 0
A27: Floorspace-Based | B27: FCZ10 Tot | C27: Office, Small | D27: 0.95601441 | E27: 0.043985587 | F27: 1 | I27: FCZ10 Tot | J27: Office, Small | K27: 0 | L27: 0 | M27: 0 | N27: 27.526763 | O27: 0 | P27: 0 | Q27: 0 | R27: 0 | S27: 27.526763 | T27: 0 | U27: 0 | V27: 0 | W27: 0 | X27: 0 | Y27: 0 | Z27: 0 | AA27: 0 | AB27: 0 | AC27: 0 | AD27: 0 | AE27: 0 | AF27: 0 | AG27: 0 | AH27: 0 | AI27: 0 | AJ27: 0 | AK27: 0 | AL27: 0 | AM27: 0 | AN27: 0 | AO27: 50.160792 | AP27: 0 | AQ27: 0 | AR27: 0 | AS27: 0 | AT27: 50.160792 | AU27: 0 | AV27: 0 | AW27: 0 | AX27: 77.687555 | AY27: 0 | AZ27: 0 | BA27: 0 | BB27: 0 | BC27: 77.687555
A28: Floorspace-Based | B28: FCZ11 Tot | C28: Office, Small | D28: 0.87588519 | E28: 0.12411481 | F28: 1 | I28: FCZ11 Tot | J28: Office, Small | K28: 0 | L28: 0 | M28: 0 | N28: 0 | O28: 0 | P28: 0 | Q28: 0 | R28: 0 | S28: 0 | T28: 0 | U28: 0 | V28: 0 | W28: 89.176218 | X28: 0 | Y28: 0 | Z28: 0 | AA28: 0 | AB28: 89.176218 | AC28: 0 | AD28: 0 | AE28: 0 | AF28: 0 | AG28: 0 | AH28: 0 | AI28: 0 | AJ28: 0 | AK28: 0 | AL28: 0 | AM28: 0 | AN28: 0 | AO28: 0 | AP28: 0 | AQ28: 0 | AR28: 0 | AS28: 0 | AT28: 0 | AU28: 0 | AV28: 0 | AW28: 0 | AX28: 89.176218 | AY28: 0 | AZ28: 0 | BA28: 0 | BB28: 0 | BC28: 89.176218
... A33: Floorspace-Based | B33: FCZ17 Tot | C33: Office, Small | D33: 0.98526125 | E33: 0.01473875 | F33: 1 | I33: FCZ17 Tot | J33: Office, Small | K33: 0 | L33: 0 | M33: 0 | N33: 0 | O33: 0 | P33: 0 | Q33: 0 | R33: 0 | S33: 0 | T33: 0 | U33: 0 | V33: 0 | W33: 0 | X33: 0 | Y33: 0 | Z33: 0 | AA33: 0 | AB33: 0 | AC33: 0 | AD33: 0 | AE33: 0 | AF33: 0 | AG33: 0 | AH33: 0 | AI33: 0 | AJ33: 0 | AK33: 0 | AL33: 0 | AM33: 0 | AN33: 0 | AO33: 0 | AP33: 0 | AQ33: 0 | AR33: 0 | AS33: 0 | AT33: 0 | AU33: 0 | AV33: 0 | AW33: 0 | AX33: 0 | AY33: 0 | AZ33: 0 | BA33: 0 | BB33: 0 | BC33: 0

Sheet Weights
A1: % of floor area per CZ and vintage bin - OfficeSmall | J1: % of floor area per CZ and vintage bin - OfficeSmall
A2: Prototype | B2: CZ | C2: Vintage Bin | J2: Prototype | K2: Vintage Bin | L2: CZ
C3: Pre-1978 | D3: 1978-1997 | E3: 1998-2007 | F3: 2008-2018 | G3: Not available | L3: 1 | M3: 2 | N3: 3 | O3: 4 | P3: 5 | Q3: 6 | R3: 7 | S3: 8 | T3: 9 | U3: 10 | V3: 11 | W3: 12 | X3: 13 | Y3: 14 | Z3: 15 | AA3: 16
A4: OfficeSmall | B4: 1 | C4: 0.3649054 | D4: 0.359146 | E4: 0.197043 | F4: 0.0789055 | H4: =SUM(C4:F4) -> 0.9999999 | J4: OfficeSmall | K4: Pre-1978 | L4: 0.011772 | M4: 0.033661 | N4: 0.115761 | O4: 0.058843 | P4: 0.01381 | Q4: 0.075715 | R4: 0.047776 | S4: 0.13108 | T4: 0.179908 | U4: 0.052255 | V4: 0.026641 | W4: 0.118703 | X4: 0.039713 | Y4: 0.018462 | Z4: 0.019686 | AA4: 0.056213 | AB4: =SUM(L4:AA4) -> 0.999999
B5: 2 | C5: 0.4732599 | D5: 0.3480815 | E5: 0.1262739 | F5: 0.0523847 | H5: =SUM(C5:F5) -> 1 | K5: 1978-1997 | L5: 0.012766 | M5: 0.027279 | N5: 0.078852 | O5: 0.03766 | P5: 0.012982 | Q5: 0.066083 | R5: 0.083761 | S5: 0.081375 | T5: 0.100779 | U5: 0.0999 | V5: 0.039048 | W5: 0.16017 | X5: 0.051352 | Y5: 0.01827 | Z5: 0.049964 | AA5: 0.079758 | AB5: =SUM(L5:AA5) -> 0.999999
B6: 3 | C6: 0.5195668 | D6: 0.3212008 | E6: 0.1150315 | F6: 0.044201 | H6: =SUM(C6:F6) -> 1.0000001 | K6: 1998-2007 | L6: 0.015376 | M6: 0.021726 | N6: 0.061995 | O6: 0.028597 | P6: 0.007362 | Q6: 0.029079 | R6: 0.038067 | S6: 0.03616 | T6: 0.034192 | U6: 0.111124 | V6: 0.069854 | W6: 0.252917 | X6: 0.078812 | Y6: 0.020469 | Z6: 0.071953 | AA6: 0.122316 | AB6: =SUM(L6:AA6) -> 0.999999
B7: 4 | C7: 0.5363984 | D7: 0.3115695 | E7: 0.1077673 | F7: 0.0442648 | H7: =SUM(C7:F7) -> 1 | K7: 2008-2018 | L7: 0.016137 | M7: 0.02362 | N7: 0.062429 | O7: 0.030782 | P7: 0.007647 | Q7: 0.046937 | R7: 0.032445 | S7: 0.046834 | T7: 0.08555 | U7: 0.120271 | V7: 0.048405 | W7: 0.167549 | X7: 0.081375 | Y7: 0.019544 | Z7: 0.09664 | AA7: 0.113836 | AB7: =SUM(L7:AA7) -> 1.000001
B8: 5 | C8: 0.4627731 | D8: 0.3948158 | E8: 0.1019896 | F8: 0.0404215 | H8: =SUM(C8:F8) -> 1
B9: 6 | C9: 0.4881194 | D9: 0.3866478 | E9: 0.0774989 | F9: 0.0477339 | H9: =SUM(C9:F9) -> 1 | K9: Total | L9: 0.013015 | M9: 0.028695 | N9: 0.089886 | O9: 0.044256 | P9: 0.01204 | Q9: 0.062579 | R9: 0.058357 | S9: 0.091688 | T9: 0.120628 | U9: 0.083847 | V9: 0.039776 | W9: 0.159379 | X9: 0.053147 | Y9: 0.018796 | Z9: 0.044387 | AA9: 0.079526 | AB9: =SUM(L9:AA9) -> 1.000002
B10: 7 | C10: 0.3302893 | D10: 0.5255343 | E10: 0.1087941 | F10: 0.0353824 | H10: =SUM(C10:F10) -> 1.0000001
B11: 8 | C11: 0.5767578 | D11: 0.3249591 | E11: 0.0657754 | F11: 0.0325078 | H11: =SUM(C11:F11) -> 1.0000001
B12: 9 | C12: 0.6016918 | D12: 0.3058985 | E12: 0.047275 | F12: 0.0451347 | H12: =SUM(C12:F12) -> 1
B13: 10 | C13: 0.2514286 | D13: 0.4362446 | E13: 0.2210394 | F13: 0.0912874 | H13: =SUM(C13:F13) -> 1
B14: 11 | C14: 0.2702108 | D14: 0.3594442 | E14: 0.2928977 | F14: 0.0774474 | H14: =SUM(C14:F14) -> 1.0000001
B15: 12 | C15: 0.3004714 | D15: 0.3679611 | E15: 0.2646641 | F15: 0.0669033 | H15: =SUM(C15:F15) -> 0.9999999
B16: 13 | C16: 0.3014559 | D16: 0.3537795 | E16: 0.247322 | F16: 0.0974426 | H16: =SUM(C16:F16) -> 1
B17: 14 | C17: 0.3962793 | D17: 0.3559112 | E17: 0.1816349 | F17: 0.0661747 | H17: =SUM(C17:F17) -> 1.0000001
B18: 15 | C18: 0.1789269 | D18: 0.412149 | E18: 0.2703627 | F18: 0.1385614 | H18: =SUM(C18:F18) -> 1
B19: 16 | C19: 0.285168 | D19: 0.3672139 | E19: 0.2565204 | F19: 0.0910977 | H19: =SUM(C19:F19) -> 1
B20: Statewide | C20: 0.403433 | D20: 0.3661444 | E20: 0.1667816 | F20: 0.063641
A22: Ref: CEUS 2022 dataset: Small Office group

Sheet PV
A1: PV - TBD

Sheet Data
A1: Space Function | B1: Electric Equipment Load Intensity | C1: Electric Equipment Load Intensity | D1: LPD
A2: Aging Eye/Low-vision (Corridor Area) | D2: 2013 | E2: 2016 | F2: 2019 | G2: 2025
A3: Aging Eye/Low-vision (Dining)
A4: Aging Eye/Low-vision (Lobby, Main Entry)
A5: Aging Eye/Low-vision (Lounge/Waiting Area)
A6: Aging Eye/Low-vision (Multipurpose Room)
A7: Aging Eye/Low-vision (Religious Worship Area)
A8: Aging Eye/Low-vision (Restroom)
A9: Aging Eye/Low-vision (Stairwell)
A10: Audience Seating Area
A11: Auditorium Area
A12: Auto Repair / Maintenance Area
A13: Barber, Beauty Salon, Spa Area
A14: Civic Meeting Place Area
... A83: Server Room (EPD 45)
