Workbook
Name nonparticipating_forecastzone_scale_factor: 'Energy Usage'!#REF!
Name Space_Function: Data!$A$2:$A$76

Sheet Notes
A1: Data Sources
A2: Dataset | B2: Dodge 2023
B3: Commercial End-Use Survey (CEUS) 2022 | C3: https://www.energy.ca.gov/publications/2023/2022-california-commercial-end-use-survey-ceus-final-report
B4: Commercial Buildings Energy Consumption Survey (CBECS) 2018 | C4: https://www.eia.gov/consumption/commercial/data/2018/index.php?view=microdata
B5: Comstock 2023 | C5: https://data.openei.org/s3_viewer?bucket=oedi-data-lake&prefix=nrel-pds-building-stock%2Fend-use-load-profiles-for-us-building-stock%2F2023%2Fcomstock_amy2018_release_2%2Fmetadata_and_annual_results%2Fby_state%2Fstate%3DCA%2F
A6: Prototype | B6: California Energy Commission (CEC) Medium Office prototype (CBECC 2022.3.1) | C6: https://bees.noresco.com/software2022.html
B7: Pacific Northwest National Laboratory (PNNL) Medium Office prototype (90.1-2022) | C7: https://www.energycodes.gov/prototype-building-models#Commercial
B8: Database for Energy Efficient Resources (DEER) Large Office prototype (June 2023) | C8: https://github.com/sound-data/DEER-Prototypes-EnergyPlus
B9: Oak Ridge National Laboratory (ORNL) 2019 Medium Office prototype zoning | C9: https://web.eecs.utk.edu/~jnew1/publications/2019_IBPSA_OpenStudioOffice.pdf
A10: Codes | B10: Title 24, part 6, referred to as T24 (1984, 1992,1998, 2001, 2005, 2008, 2013, 2016,2019, 2022, 2025) | C10: https://www.energy.ca.gov/publications/2025/2025-building-energy-efficiency-standards-residential-and-nonresidential | D10: 2025
C11: https://codes.iccsafe.org/codes/united-states/california | D11: 2010+
B12: Title 20 | C12: https://govt.westlaw.com/calregs/Document/I270DCA634B4011EFA8F7F119BAF97AD6?viewType=FullText&originationContext=documenttoc&transitionType=CategoryPageItem&contextData=(sc.Default)
B13: American Society of Heating, Refrigerating and Air-Conditioning Engineers (ASHRAE) 90.1 (2022) | C13: https://www.ashrae.org/technical-resources/standards-and-guidelines/read-only-versions-of-ashrae-standards
B14: Code of Federal Regulations (CFR) Title 10 ( 2024) | C14: https://www.govinfo.gov/content/pkg/CFR-2024-title10-vol3/pdf/CFR-2024-title10-vol3-part431-subpartF.pdf
B15: Alternative Calculation Method (ACM) (2022) | C15: https://www.energy.ca.gov/publications/2022/2022-nonresidential-and-multifamily-alternative-calculation-method-reference
B16: ACM (2025) | C16: https://www.energy.ca.gov/publications/2025/2025-nonresidential-and-multifamily-alternative-calculation-method-reference
B17: Nonres ACM 2022, Appendix 5.4A and Appendix 5.4B | C17: https://www.energy.ca.gov/publications/2022/2022-nonresidential-and-multifamily-alternative-calculation-method-reference
B18: 2022 Reduced infiltration Codes and Standards Enhancement (CASE) report | C18: https://title24stakeholders.com/wp-content/uploads/2020/10/2022-T24-Final-CASE-Report_Reduce-Infiltration.pdf
B19: 2019 Outdoor Lighting CASE Report | C19: https://title24stakeholders.com/wp-content/uploads/2016/10/T24-2019-CASE-Study-Results-Report-Outdoor-Sources_Final_with-Attachments.pdf
B20: PNNL 20405, 2011 | C20: https://www.pnnl.gov/main/publications/external/technical_reports/PNNL-20405.pdf
B21: Air leakage Memo, NORESCO, 2025 | C21: Infiltration_rate_report_14May2025-Short-Version.docx
B22: Yousefi, F., Athalye, R., (2025), "Determining Vintage Bins for Prototype Development: An Analysis of California Commercial Buildings," ASHRAE Annual Conference | C22: https://www.thefreelibrary.com/Determining+Vintage+Bins+for+Prototype+Development%3a+An+Analysis+of...-a0879271125
B23: Proposed Updates to Equipment Power Densities and Building Schedules for the 2028 Energy Code, referred to as "Plug load and schedules project with CEC, 2025" (Docket Number =25-BSTD-03 & TN=265693) | C23: https://efiling.energy.ca.gov/GetDocument.aspx?tn=265693&DocumentContentId=102545
... B27: Grainger electric tank water heaters | C27: https://www.grainger.com/category/plumbing/water-heaters/electric-tank-water-heaters
A31: Construction Rate
F35: 1978-84 | G35: 1985-97 | H35: 1992-1997
E37: Construction rate (Dodge 2023 data for new medium offices) | F37: 0.46189629 | G37: 0.53810371 | H37: 0.12391054
B41: Source:Dodge Construction Data, 2023 ( NEW medium office built after 1967) (STC refers to building types in Dodge terminology).
A42: Notes
A43: OfficeMedium Prototype | B43: The Medium Office prototype was developed to represent California office buildings between 25,000 and 150,000 ft². Based on California construction data, the existing CEC/PNNL Medium Office geometry was retained because it aligned well with observed building stock characteristics. The prototype is modeled as a three-story building with a total floor area of 53,628 ft². Its zoning layout was updated using ORNL-based layouts, with modifications to better reflect current design practice and simplify the model. These changes included consolidating spaces, reducing the total number of thermal zones, and incorporating elevator space into the vertical circulation area. The resulting Medium Office prototype includes approximately 61.8% office space, 6.2% conference space, 5.5% storage, 9% corridor, 5.9% lobby, 3.6% restroom, 3.7% stair/elevator area, and for other 4.3% (server room, mechanical room, breakroom). The same geometry and zoning layout are applied across vintages and California climate zones. Information about the geometry and underlying logic of the office prototypes can be found in this paper: Yousefi, F., Athalye, R. (2026). ‘Developing a New Set of Prototypical Models for Office Buildings in California.’ IBPSA-USA Conference. The link is provided above in the Data Source section. The floor area was slightly modified in some spaces during the geometry‑drawing phase.
A44: 1986 is the representative year for the 1984-1997 vintage bin | B44: Most medium offices in this vintage bin were built after 1984 (more than 54% ) and the CA energy code did not noticeably changed between 1984 to 1992) . Edition 1986 included 6 prescriptive packages per CZ for office buildings compared to 1984 with 3 packages per CZ. Also "Heat Capacity" for external wall is considered between 10.0 to 14.99 (BTU/F/ft2) Package A was selected for the thermal properties Medium office was considered as low rise office
A45: 2001 is the representative year for the 1998-2007 vintage bin | B45: Wall and roof prescriptive criteria from 1998 to 2005 remain unchanged except for CZ2 and 6 in 2001 version (the percentage of change is less than 10%). Since the construction rate between 1998-2005 is greater than the 2006-2007 period, the envelope properties of 1998 -2005 were chosen for envelope properties. The windows requirement considerably changed in the 2001 code and makes this year (2001) as the nominated year for this vintage. It should be noticed that, only one Title 24 should be chosen within each vintage bin for building envelope properties since the entire envelope is built at once. We can't choose 1998 for walls and 2001 for windows. Wall and roof prescriptive criteria from 1998 to 2005 remain unchanged except for CZ2 and 6 in 2001 version (the percentage of change is less than 10%).
A46: 2013 is the representative year for the 2008-2018 vintage bin | B46: Wall properties remain unchanged from the 2008 code to the 2016 code but the roof did changed. Although the 2016 code introduced improvement for roof in nearly all CZ and for wall in a few CZ, and construction activity surged between 2017 and 2018, the extende period from 2008 to 2016 resulted in a higher construction rate during that time . As a result, it was decided to select the code that was effective during 2008-2016. The 2013 code modified the solar reflectance requirement for low-sloped roof products ( by approximately 15%), and enhanced window properties. Therefore, the 2013 code was chosen as the representative code. Additionally, construction activity from 2014-2018 was higher compared to 2008-2013 period.

Sheet Prototype
A1: NORESCO, Updated September 2026
A2: OfficeMedium
A3: Characteristic | B3: Value | C3: Data Sources
A4: Building Type | B4: Medium Office
A5: Building Category | B5: Nonresidential
A6: Version | B6: v2-0
A7: Vintages | B7: 4 Vintages: Pre-1978 , 1978-1997 ,1998-2007 , 2008-2018 New Construction (2019+) | C7: Based on the vintage bin analysis. A summary of the findings is presented in the following paper, with a link provided in the Notes tab: Yousefi, F., Athalye, R. (2025). “Determining Vintage Bins for Prototype Development: An Analysis of California Commercial Buildings.” ASHRAE Annual Conference.
A8: Shape | C8: Assume rectangular shape; supported by CBECS, CEC, and PNNL. The windows have been updated from ribbon style to punched openings. The logic behind the geometry of the CalBEM Office prototypes' shell is described in the following paper, with a link provided in the Notes tab: Yousefi, F., & Athalye, R. (2026). "Developing a New Set of Prototypical Models for Office Buildings in California", IBPSA-USA Conference.
A9: Total Floor Area (ft2) | B9: 53,628 (163.7 ft x 109.2 ft) | C9: Supported by Dodge 2023 data (Same as CEC and PNNL)
A10: Aspect Ratio | B10: 1.5 | C10: Assumption; same as CEC and PNNL Medium Office prototype
A11: Number of Floors | B11: 3 | C11: Supported by Dodge 2023 data (Same as CEC and PNNL) DEER doesn't offer medium office prototype
A12: Roof type | B12: Flat | C12: Supported by CBECS 2018 data (Same as CEC and PNNL)
A13: Window dimensions | B13: 33% | C13: Assumed based on CBECS data; same as CEC and PNNL Medium Office prototype. CBECS: 26-50% Comstock: 26% CEC prototype: 33% same as PNNL DEER: 33% for Large Office prototype | D13: 3 ft from ground, 6*3 feet, 1 ft from ceiling, 2ft from each other.
A14: Shading Geometry | B14: No Shades | C14: Assumption; same as CEC and PNNL Medium Office prototype
A15: Floor to floor height (feet) | B15: 13 | C15: Assumption, standard ceiling height in office buildings; same as CEC and PNNL Medium Office prototype.
A16: Floor to ceiling height (feet) | B16: 9 (4 ft above-ceiling plenum) | C16: Assumption; same as CEC and PNNL Medium Office prototype
A17: Glazing sill height (feet) | B17: 3.35 ft (top of the window is 7.64 ft high with 4.29 ft high glass) | C17: Assumption; same as CEC and PNNL Medium Office prototype

Sheet Zones
A1: Proposed OfficeMedium | Q1: Layout of Spcase (each space has its own thermal zone)
A2: Building | B2: Space/Thermal Zone | C2: Space Type Primarily from [T24, 2022 Appendix 5.4A] - See Notes column | D2: HVAC System Name Vintage 1&2 | E2: HVAC System Name Vintage 3&4 | F2: HVAC System Name New Construction | G2: Schedule Category | H2: Conditioned (Y/N) | I2: Area Fraction | J2: Area (ft²) | K2: Volume (ft³) | L2: Multipliers | M2: Number of People | N2: People (Persons/1,000 ft²) [T24, 2025,Table 120.1-A] | O2: Notes
A3: OfficeMedium | B3: Open_Office_Core_FloorG | C3: Office Area (>250 square feet) | D3: CAV with Reheat_Core | E3: PVAV_FloorG | F3: VRF System_FloorG + DOAS | G3: Office | H3: Yes | I3: =J3/$J$57 -> 0.079864791 | J3: 4283 | K3: =J3*9 -> 38547 | L3: 1 | M3: =IFERROR(N3*J3/1000,0) -> 21.415 | N3: 5
A4: OfficeMedium | B4: Open_Office_N_FloorG | C4: Office Area (>250 square feet) | D4: CAV with Reheat_North | E4: PVAV_FloorG | F4: VRF System_FloorG + DOAS | G4: Office | H4: Yes | I4: =J4/$J$57 -> 0.042850403 | J4: 2297.9873 | K4: =J4*9 -> 20681.886 | L4: 1 | M4: =IFERROR(N4*J4/1000,0) -> 11.489937 | N4: 5
A5: OfficeMedium | B5: Enclosed_Office_W_FloorG | C5: Office Area (>250 square feet) | D5: CAV with Reheat_West | E5: PVAV_FloorG | F5: VRF System_FloorG + DOAS | G5: Office | H5: Yes | I5: =J5/$J$57 -> 0.030541079 | J5: 1637.8612 | K5: =J5*9 -> 14740.75 | L5: 1 | M5: =IFERROR(N5*J5/1000,0) -> 8.1893058 | N5: 5
A6: OfficeMedium | B6: Enclosed_Office_E_FloorG | C6: Office Area (>250 square feet) | D6: CAV with Reheat_East | E6: PVAV_FloorG | F6: VRF System_FloorG + DOAS | G6: Office | H6: Yes | I6: =J6/$J$57 -> 0.030541079 | J6: 1637.8612 | K6: =J6*9 -> 14740.75 | L6: 1 | M6: =IFERROR(N6*J6/1000,0) -> 8.1893058 | N6: 5
A7: OfficeMedium | B7: Open_Office_S_FloorG | C7: Office Area (>250 square feet) | D7: CAV with Reheat_South | E7: PVAV_FloorG | F7: VRF System_FloorG + DOAS | G7: Office | H7: Yes | I7: =J7/$J$57 -> 0.022119126 | J7: 1186.2075 | K7: =J7*9 -> 10675.868 | L7: 1 | M7: =IFERROR(N7*J7/1000,0) -> 5.9310376 | N7: 5
A8: OfficeMedium | B8: Conference_FloorG | C8: Convention, Conference, Multipurpose and Meeting Area | D8: CAV with Reheat_South | E8: PVAV_FloorG | F8: VRF System_FloorG + DOAS | G8: Office | H8: Yes | I8: =J8/$J$57 -> 0.020731278 | J8: 1111.7798 | K8: =J8*9 -> 10006.018 | L8: 1 | M8: =IFERROR(N8*J8/1000,0) -> 36.688734 | N8: 33 | O8: Persons/1,000 ft²: ORNL: 54, T24:33
A9: OfficeMedium | B9: Lobby_FloorG | C9: Lobby, Main Entry | D9: CAV with Reheat_Core_Service | E9: PVAV_FloorG | F9: VRF System_FloorG + DOAS | G9: Office | H9: Yes | I9: =J9/$J$57 -> 0.019750368 | J9: 1059.1755 | K9: =J9*9 -> 9532.5792 | L9: 1 | M9: =IFERROR(N9*J9/1000,0) -> 10.591755 | N9: 10 | O9: For entrance lobbies, assumed 10 persons/1000 ft² based on ASHRAE 62.1 Table 6-1 T24 assumed 33 persons/1,000 ft² for main Entry lobbies & 5 persons/1000 ft² for reception area
A10: OfficeMedium | B10: Storage_FloorG | C10: Storage (General) | D10: CAV with Reheat_Core_Service | E10: PVAV_FloorG | F10: VRF System_FloorG + DOAS | G10: Office | H10: Yes | I10: =J10/$J$57 -> 0.018332841 | J10: 983.15611 | K10: =J10*9 -> 8848.405 | L10: 1 | M10: =IFERROR(N10*J10/1000,0) -> 0 | N10: - | O10: Occupant load density for storage is based on T24, 2025, Appendix 5.4A. Conditioned but with higher cooling setpoint
A11: OfficeMedium | B11: Mechanical/Electrical_FloorG | C11: Electrical, Mechanical, Telephone Rooms | D11: CAV with Reheat_Core_Service | E11: PVAV_FloorG | F11: VRF System_FloorG + DOAS | G11: Ancillary | H11: Yes | I11: =J11/$J$57 -> 0.006663486 | J11: 357.35034 | K11: =J11*9 -> 3216.1531 | L11: 1 | M11: =IFERROR(N11*J11/1000,0) -> 0 | N11: - | O11: Conditioned but with higher cooling setpoint
A12: OfficeMedium | B12: IT-Room_FloorG | C12: IT Room (EPD 12) | D12: CAV with Reheat_Core_Service | E12: PVAV_FloorG | F12: VRF System_FloorG + DOAS | G12: Data | H12: Yes | I12: =J12/$J$57 -> 0.0033366309 | J12: 178.9373 | K12: =J12*9 -> 1610.4357 | L12: 1 | M12: =IFERROR(N12*J12/1000,0) -> 0.26840595 | N12: 1.5 | O12: Nonres ACM 2025, Appendix 5.4A
A13: OfficeMedium | B13: Restroom_FloorG | C13: Restrooms | G13: Office | H13: Yes | I13: =J13/$J$57 -> 0.012000749 | J13: 643.57783 | K13: =J13*9 -> 5792.2004 | L13: 1 | M13: =IFERROR(N13*J13/1000,0) -> 0 | N13: - | O13: Indirectly conditioned
A14: OfficeMedium | B14: BreakRoom/Kitchenette_FloorG | C14: Lounge, Breakroom, or Waiting Area | D14: CAV with Reheat_Core_Service | E14: PVAV_FloorG | F14: VRF System_FloorG + DOAS | G14: Office | H14: Yes | I14: =J14/$J$57 -> 0.0043324823 | J14: 232.34295 | K14: =J14*9 -> 2091.0866 | L14: 1 | M14: =IFERROR(N14*J14/1000,0) -> 7.6673175 | N14: 33 | O14: Number of People: T24: 33 for Breakroom
A15: OfficeMedium | B15: Stairway_FloorG | C15: Stairwell | D15: CAV with Reheat_Core_Service | E15: PVAV_FloorG | F15: VRF System_FloorG + DOAS | G15: Ancillary | H15: Yes | I15: =J15/$J$57 -> 0.012332934 | J15: 661.39226 | K15: =J15*9 -> 5952.5303 | L15: 1 | M15: =IFERROR(N15*J15/1000,0) -> 0 | N15: - | O15: Conditioned but with higher cooling setpoint
A16: OfficeMedium | B16: Corridor_W_FloorG | C16: Corridor Area | D16: CAV with Reheat_West | E16: PVAV_FloorG | F16: VRF System_FloorG + DOAS | G16: Office | H16: Yes | I16: =J16/$J$57 -> 0.0055940783 | J16: 300 | K16: =J16*9 -> 2700 | L16: 1 | M16: =IFERROR(N16*J16/1000,0) -> 1.5 | N16: 5 | R16: First Floor | W16: Second and Third Floor
A17: OfficeMedium | B17: Corridor_N_FloorG | C17: Corridor Area | D17: CAV with Reheat_North | E17: PVAV_FloorG | F17: VRF System_FloorG + DOAS | G17: Office | H17: Yes | I17: =J17/$J$57 -> 0.00937889 | J17: 502.9724 | K17: =J17*9 -> 4526.7516 | L17: 1 | M17: =IFERROR(N17*J17/1000,0) -> 2.514862 | N17: 5
A18: OfficeMedium | B18: Corridor_E_FloorG | C18: Corridor Area | D18: CAV with Reheat_East | E18: PVAV_FloorG | F18: VRF System_FloorG + DOAS | G18: Office | H18: Yes | I18: =J18/$J$57 -> 0.0055793025 | J18: 299.2076 | K18: =J18*9 -> 2692.8684 | L18: 1 | M18: =IFERROR(N18*J18/1000,0) -> 1.496038 | N18: 5
A19: OfficeMedium | B19: Corridor_S_FloorG | C19: Corridor Area | D19: CAV with Reheat_South | E19: PVAV_FloorG | F19: VRF System_FloorG + DOAS | G19: Office | H19: Yes | I19: =J19/$J$57 -> 0.00937889 | J19: 502.9724 | K19: =J19*9 -> 4526.7516 | L19: 1 | M19: =IFERROR(N19*J19/1000,0) -> 2.514862 | N19: 5 | R19: Area Distribution By Space Type
A20: OfficeMedium | B20: Plenum_FloorG | C20: Plenum | D20: - | E20: - | F20: - | G20: Office | H20: No | J20: 17875.932 | K20: =J20*4 -> 71503.73 | L20: 1 | M20: =IFERROR(N20*J20/1000,0) -> 0 | N20: - | R20: Space Type | S20: % Area
A21: OfficeMedium | B21: =LEFT(B3,LEN(B3)-1)&"M" -> Open_Office_Core_FloorM | C21: Office Area (>250 square feet) | D21: CAV with Reheat_Core | E21: PVAV_FloorM | F21: VRF System_FloorM + DOAS | G21: Office | H21: =H3 -> Yes | I21: =J21/$J$57 -> 0.079864791 | J21: 4283 | K21: =K3 -> 38547 | L21: =L3 -> 1 | M21: =IFERROR(N21*J21/1000,0) -> 21.415 | N21: =N3 -> 5 | R21: Office Area (>250 square feet) | S21: =SUM(I3:I7)+SUM(I21:I25)+SUM(I39:I43) -> 0.61774943
A22: OfficeMedium | B22: =LEFT(B4,LEN(B4)-1)&"M" -> Open_Office_N_FloorM | C22: Office Area (>250 square feet) | D22: CAV with Reheat_North | E22: PVAV_FloorM | F22: VRF System_FloorM + DOAS | G22: Office | H22: =H4 -> Yes | I22: =J22/$J$57 -> 0.042850403 | J22: 2297.9873 | K22: =K4 -> 20681.886 | L22: =L4 -> 1 | M22: =IFERROR(N22*J22/1000,0) -> 11.489937 | N22: =N4 -> 5 | R22: Convention, Conference, Multipurpose and Meeting Area | S22: =I8+I26+I44 -> 0.062193833
A23: OfficeMedium | B23: =LEFT(B5,LEN(B5)-1)&"M" -> Enclosed_Office_W_FloorM | C23: Office Area (>250 square feet) | D23: CAV with Reheat_West | E23: PVAV_FloorM | F23: VRF System_FloorM + DOAS | G23: Office | H23: =H5 -> Yes | I23: =J23/$J$57 -> 0.030541079 | J23: 1637.8612 | K23: =K5 -> 14740.75 | L23: =L5 -> 1 | M23: =IFERROR(N23*J23/1000,0) -> 8.1893058 | N23: =N5 -> 5 | R23: Lobby, Main Entry | S23: =I9+I27+I45 -> 0.059251105
A24: OfficeMedium | B24: Enclosed_Office_E_FloorM | C24: Office Area (>250 square feet) | D24: CAV with Reheat_East | E24: PVAV_FloorM | F24: VRF System_FloorM + DOAS | G24: Office | H24: =H6 -> Yes | I24: =J24/$J$57 -> 0.030541079 | J24: 1637.8612 | K24: =K6 -> 14740.75 | L24: =L6 -> 1 | M24: =IFERROR(N24*J24/1000,0) -> 8.1893058 | N24: =N6 -> 5 | R24: Storage (General) | S24: =I10+I46+I28 -> 0.054998523
A25: OfficeMedium | B25: =LEFT(B7,LEN(B7)-1)&"M" -> Open_Office_S_FloorM | C25: Office Area (>250 square feet) | D25: CAV with Reheat_South | E25: PVAV_FloorM | F25: VRF System_FloorM + DOAS | G25: Office | H25: =H7 -> Yes | I25: =J25/$J$57 -> 0.022119126 | J25: 1186.2075 | K25: =K7 -> 10675.868 | L25: =L7 -> 1 | M25: =IFERROR(N25*J25/1000,0) -> 5.9310376 | N25: =N7 -> 5 | R25: Electrical, Mechanical, Telephone Rooms | S25: =I11+I29+I47 -> 0.019990458
A26: OfficeMedium | B26: =LEFT(B8,LEN(B8)-1)&"M" -> Conference_FloorM | C26: Convention, Conference, Multipurpose and Meeting Area | D26: CAV with Reheat_South | E26: PVAV_FloorM | F26: VRF System_FloorM + DOAS | G26: Office | H26: =H8 -> Yes | I26: =J26/$J$57 -> 0.020731278 | J26: 1111.7798 | K26: =K8 -> 10006.018 | L26: =L8 -> 1 | M26: =IFERROR(N26*J26/1000,0) -> 36.688734 | N26: =N8 -> 33 | R26: IT Room (EPD 12) | S26: =I12+I30+I48 -> 0.010009893
A27: OfficeMedium | B27: Lounge_FloorM | C27: Lounge, Breakroom, or Waiting Area | D27: CAV with Reheat_Core_Service | E27: PVAV_FloorM | F27: VRF System_FloorM + DOAS | G27: Office | H27: =H9 -> Yes | I27: =J27/$J$57 -> 0.019750368 | J27: 1059.1755 | K27: =K9 -> 9532.5792 | L27: =L9 -> 1 | M27: =IFERROR(N27*J27/1000,0) -> 15.887632 | N27: 15 | O27: NonRes ACM 2005, Appendix 5.4A assigns 2.5 occupants to kitchenette spaces, but because this room serves as a combined break/kitchenette area—and break rooms assume 33 occupants—we applied a midpoint value. The lounge overlaps functionally with the break area, so its occupant count (33) was reduced to 15 to keep overall loads balanced. | R27: Restrooms | S27: =I13+I31+I49 -> 0.036002248
A28: OfficeMedium | B28: =LEFT(B10,LEN(B10)-1)&"M" -> Storage_FloorM | C28: Storage (General) | D28: CAV with Reheat_Core_Service | E28: PVAV_FloorM | F28: VRF System_FloorM + DOAS | G28: Office | H28: =H10 -> Yes | I28: =J28/$J$57 -> 0.018332841 | J28: 983.15611 | K28: =K10 -> 8848.405 | L28: =L10 -> 1 | M28: =IFERROR(N28*J28/1000,0) -> 0 | N28: =N10 -> - | O28: Conditioned but with higher cooling setpoint | R28: Lounge, Breakroom, or Waiting Area | S28: =I14+I50+I32 -> 0.012997447
A29: OfficeMedium | B29: =LEFT(B11,LEN(B11)-1)&"M" -> Mechanical/Electrical_FloorM | C29: Electrical, Mechanical, Telephone Rooms | D29: CAV with Reheat_Core_Service | E29: PVAV_FloorM | F29: VRF System_FloorM + DOAS | G29: Ancillary | H29: =H11 -> Yes | I29: =J29/$J$57 -> 0.006663486 | J29: 357.35034 | K29: =K11 -> 3216.1531 | L29: =L11 -> 1 | M29: =IFERROR(N29*J29/1000,0) -> 0 | N29: =N11 -> - | O29: Conditioned but with higher cooling setpoint | R29: Stairwell | S29: =I15+I33+I51 -> 0.036998801
A30: OfficeMedium | B30: =LEFT(B12,LEN(B12)-1)&"M" -> IT-Room_FloorM | C30: IT Room (EPD 12) | D30: CAV with Reheat_Core_Service | E30: PVAV_FloorM | F30: VRF System_FloorM + DOAS | G30: Data | H30: =H12 -> Yes | I30: =J30/$J$57 -> 0.0033366309 | J30: 178.9373 | K30: =K12 -> 1610.4357 | L30: =L12 -> 1 | M30: =IFERROR(N30*J30/1000,0) -> 0.26840595 | N30: =N12 -> 1.5 | O30: Nonres ACM 2025, Appendix 5.4A | R30: Corridor Area | S30: =SUM(I16:I19)+SUM(I34:I37)+SUM(I52:I55) -> 0.089808258
A31: OfficeMedium | B31: =LEFT(B13,LEN(B13)-1)&"M" -> Restroom_FloorM | C31: Restrooms | G31: Office | H31: Yes | I31: =J31/$J$57 -> 0.012000749 | J31: 643.57783 | K31: =K13 -> 5792.2004 | L31: =L13 -> 1 | M31: =IFERROR(N31*J31/1000,0) -> 0 | N31: =N13 -> - | O31: Indirectly conditioned | R31: Total | S31: =SUM(B67:D76) -> 0
A32: OfficeMedium | B32: =LEFT(B14,LEN(B14)-1)&"M" -> BreakRoom/Kitchenette_FloorM | C32: Lounge, Breakroom, or Waiting Area | D32: CAV with Reheat_Core_Service | E32: PVAV_FloorM | F32: VRF System_FloorM + DOAS | G32: Office | H32: =H14 -> Yes | I32: =J32/$J$57 -> 0.0043324823 | J32: 232.34295 | K32: =K14 -> 2091.0866 | L32: =L14 -> 1 | M32: =IFERROR(N32*J32/1000,0) -> 7.6673175 | N32: 33 | O32: Number of People: T24: 33 for Breakroom
A33: OfficeMedium | B33: =LEFT(B15,LEN(B15)-1)&"M" -> Stairway_FloorM | C33: Stairwell | D33: CAV with Reheat_Core_Service | E33: PVAV_FloorM | F33: VRF System_FloorM + DOAS | G33: Ancillary | H33: =H15 -> Yes | I33: =J33/$J$57 -> 0.012332934 | J33: 661.39226 | K33: =K15 -> 5952.5303 | L33: =L15 -> 1 | M33: =IFERROR(N33*J33/1000,0) -> 0 | N33: =N15 -> -
A34: OfficeMedium | B34: =LEFT(B16,LEN(B16)-1)&"M" -> Corridor_W_FloorM | C34: Corridor Area | D34: CAV with Reheat_West | E34: PVAV_FloorM | F34: VRF System_FloorM + DOAS | G34: Office | H34: =H16 -> Yes | I34: =J34/$J$57 -> 0.0055940783 | J34: 300 | K34: =K16 -> 2700 | L34: =L16 -> 1 | M34: =IFERROR(N34*J34/1000,0) -> 1.5 | N34: =N16 -> 5
A35: OfficeMedium | B35: =LEFT(B17,LEN(B17)-1)&"M" -> Corridor_N_FloorM | C35: Corridor Area | D35: CAV with Reheat_North | E35: PVAV_FloorM | F35: VRF System_FloorM + DOAS | G35: Office | H35: =H17 -> Yes | I35: =J35/$J$57 -> 0.00937889 | J35: 502.9724 | K35: =K17 -> 4526.7516 | L35: =L17 -> 1 | M35: =IFERROR(N35*J35/1000,0) -> 2.514862 | N35: =N17 -> 5
A36: OfficeMedium | B36: =LEFT(B18,LEN(B18)-1)&"M" -> Corridor_E_FloorM | C36: Corridor Area | D36: CAV with Reheat_East | E36: PVAV_FloorM | F36: VRF System_FloorM + DOAS | G36: Office | H36: =H18 -> Yes | I36: =J36/$J$57 -> 0.0055793025 | J36: 299.2076 | K36: =K18 -> 2692.8684 | L36: =L18 -> 1 | M36: =IFERROR(N36*J36/1000,0) -> 1.496038 | N36: =N18 -> 5
A37: OfficeMedium | B37: =LEFT(B19,LEN(B19)-1)&"M" -> Corridor_S_FloorM | C37: Corridor Area | D37: CAV with Reheat_South | E37: PVAV_FloorM | F37: VRF System_FloorM + DOAS | G37: Office | H37: =H19 -> Yes | I37: =J37/$J$57 -> 0.00937889 | J37: 502.9724 | K37: =K19 -> 4526.7516 | L37: =L19 -> 1 | M37: =IFERROR(N37*J37/1000,0) -> 2.514862 | N37: =N19 -> 5
A38: OfficeMedium | B38: =LEFT(B20,LEN(B20)-1)&"M" -> Plenum_FloorM | C38: Plenum | D38: - | E38: - | F38: - | G38: Office | H38: =H20 -> No | J38: 17875.932 | K38: =K20 -> 71503.73 | L38: =L20 -> 1 | M38: =IFERROR(N38*J38/1000,0) -> 0 | N38: =N20 -> -
A39: OfficeMedium | B39: =LEFT(B3,LEN(B3)-1)&"T" -> Open_Office_Core_FloorT | C39: Office Area (>250 square feet) | D39: CAV with Reheat_Core | E39: PVAV_FloorT | F39: VRF System_FloorT + DOAS | G39: Office | H39: =H3 -> Yes | I39: =J39/$J$57 -> 0.079864791 | J39: 4283 | K39: =K3 -> 38547 | L39: =L3 -> 1 | M39: =IFERROR(N39*J39/1000,0) -> 21.415 | N39: =N3 -> 5
A40: OfficeMedium | B40: =LEFT(B4,LEN(B4)-1)&"T" -> Open_Office_N_FloorT | C40: Office Area (>250 square feet) | D40: CAV with Reheat_North | E40: PVAV_FloorT | F40: VRF System_FloorT + DOAS | G40: Office | H40: =H4 -> Yes | I40: =J40/$J$57 -> 0.042850403 | J40: 2297.9873 | K40: =K4 -> 20681.886 | L40: =L4 -> 1 | M40: =IFERROR(N40*J40/1000,0) -> 11.489937 | N40: =N4 -> 5
A41: OfficeMedium | B41: =LEFT(B5,LEN(B5)-1)&"T" -> Enclosed_Office_W_FloorT | C41: Office Area (>250 square feet) | D41: CAV with Reheat_West | E41: PVAV_FloorT | F41: VRF System_FloorT + DOAS | G41: Office | H41: =H5 -> Yes | I41: =J41/$J$57 -> 0.030541079 | J41: 1637.8612 | K41: =K5 -> 14740.75 | L41: =L5 -> 1 | M41: =IFERROR(N41*J41/1000,0) -> 8.1893058 | N41: =N5 -> 5
A42: OfficeMedium | B42: =LEFT(B6,LEN(B6)-1)&"T" -> Enclosed_Office_E_FloorT | C42: Office Area (>250 square feet) | D42: CAV with Reheat_East | E42: PVAV_FloorT | F42: VRF System_FloorT + DOAS | G42: Office | H42: =H6 -> Yes | I42: =J42/$J$57 -> 0.030541079 | J42: 1637.8612 | K42: =K6 -> 14740.75 | L42: =L6 -> 1 | M42: =IFERROR(N42*J42/1000,0) -> 8.1893058 | N42: =N6 -> 5
A43: OfficeMedium | B43: =LEFT(B7,LEN(B7)-1)&"T" -> Open_Office_S_FloorT | C43: Office Area (>250 square feet) | D43: CAV with Reheat_South | E43: PVAV_FloorT | F43: VRF System_FloorT + DOAS | G43: Office | H43: =H7 -> Yes | I43: =J43/$J$57 -> 0.022119126 | J43: 1186.2075 | K43: =K7 -> 10675.868 | L43: =L7 -> 1 | M43: =IFERROR(N43*J43/1000,0) -> 5.9310376 | N43: =N7 -> 5
A44: OfficeMedium | B44: =LEFT(B8,LEN(B8)-1)&"T" -> Conference_FloorT | C44: Convention, Conference, Multipurpose and Meeting Area | D44: CAV with Reheat_South | E44: PVAV_FloorT | F44: VRF System_FloorT + DOAS | G44: Office | H44: =H8 -> Yes | I44: =J44/$J$57 -> 0.020731278 | J44: 1111.7798 | K44: =K8 -> 10006.018 | L44: =L8 -> 1 | M44: =IFERROR(N44*J44/1000,0) -> 36.688734 | N44: =N8 -> 33
A45: OfficeMedium | B45: Lounge_FloorT | C45: Lounge, Breakroom, or Waiting Area | D45: CAV with Reheat_Core_Service | E45: PVAV_FloorT | F45: VRF System_FloorT + DOAS | G45: Office | H45: =H9 -> Yes | I45: =J45/$J$57 -> 0.019750368 | J45: 1059.1755 | K45: =K9 -> 9532.5792 | L45: =L9 -> 1 | M45: =IFERROR(N45*J45/1000,0) -> 15.887632 | N45: 15 | O45: T24, 2025, Appendix 5.4A assigns 2.5 occupants to kitchenette spaces, but because this room serves as a combined break/kitchenette area—and break rooms assume 33 occupants—we applied a midpoint value. The lounge overlaps functionally with the break area, so its occupant count (33) was reduced to 15 to keep overall loads balanced.
A46: OfficeMedium | B46: =LEFT(B10,LEN(B10)-1)&"T" -> Storage_FloorT | C46: Storage (General) | D46: CAV with Reheat_Core_Service | E46: PVAV_FloorT | F46: VRF System_FloorT + DOAS | G46: Office | H46: =H10 -> Yes | I46: =J46/$J$57 -> 0.018332841 | J46: 983.15611 | K46: =K10 -> 8848.405 | L46: =L10 -> 1 | M46: =IFERROR(N46*J46/1000,0) -> 0 | N46: =N10 -> - | O46: Conditioned but with higher cooling setpoint
A47: OfficeMedium | B47: =LEFT(B11,LEN(B11)-1)&"T" -> Mechanical/Electrical_FloorT | C47: Electrical, Mechanical, Telephone Rooms | D47: CAV with Reheat_Core_Service | E47: PVAV_FloorT | F47: VRF System_FloorT + DOAS | G47: Ancillary | H47: =H11 -> Yes | I47: =J47/$J$57 -> 0.006663486 | J47: 357.35034 | K47: =K11 -> 3216.1531 | L47: =L11 -> 1 | M47: =IFERROR(N47*J47/1000,0) -> 0 | N47: =N11 -> - | O47: Conditioned but with higher cooling setpoint
A48: OfficeMedium | B48: =LEFT(B12,LEN(B12)-1)&"T" -> IT-Room_FloorT | C48: IT Room (EPD 12) | D48: CAV with Reheat_Core_Service | E48: PVAV_FloorT | F48: VRF System_FloorT + DOAS | G48: Data | H48: =H12 -> Yes | I48: =J48/$J$57 -> 0.0033366309 | J48: 178.9373 | K48: =K12 -> 1610.4357 | L48: =L12 -> 1 | M48: =IFERROR(N48*J48/1000,0) -> 0.26840595 | N48: =N12 -> 1.5 | O48: Nonres ACM 2025, Appendix 5.4A
A49: OfficeMedium | B49: =LEFT(B13,LEN(B13)-1)&"T" -> Restroom_FloorT | C49: Restrooms | G49: Office | H49: =H13 -> Yes | I49: =J49/$J$57 -> 0.012000749 | J49: 643.57783 | K49: =K13 -> 5792.2004 | L49: =L13 -> 1 | M49: =IFERROR(N49*J49/1000,0) -> 0 | N49: =N13 -> - | O49: Indirectly conditioned
A50: OfficeMedium | B50: =LEFT(B14,LEN(B14)-1)&"T" -> BreakRoom/Kitchenette_FloorT | C50: Lounge, Breakroom, or Waiting Area | D50: CAV with Reheat_Core_Service | E50: PVAV_FloorT | F50: VRF System_FloorT + DOAS | G50: Office | H50: =H14 -> Yes | I50: =J50/$J$57 -> 0.0043324823 | J50: 232.34295 | K50: =K14 -> 2091.0866 | L50: =L14 -> 1 | M50: =IFERROR(N50*J50/1000,0) -> 7.6673175 | N50: =N14 -> 33 | O50: Number of People: T24: 33 for Breakroom
A51: OfficeMedium | B51: =LEFT(B15,LEN(B15)-1)&"T" -> Stairway_FloorT | C51: Stairwell | D51: CAV with Reheat_Core_Service | E51: PVAV_FloorT | F51: VRF System_FloorT + DOAS | G51: Ancillary | H51: =H15 -> Yes | I51: =J51/$J$57 -> 0.012332934 | J51: 661.39226 | K51: =K15 -> 5952.5303 | L51: =L15 -> 1 | M51: =IFERROR(N51*J51/1000,0) -> 0 | N51: =N15 -> - | O51: Conditioned but with higher cooling setpoint
A52: OfficeMedium | B52: =LEFT(B16,LEN(B16)-1)&"T" -> Corridor_W_FloorT | C52: Corridor Area | D52: CAV with Reheat_West | E52: PVAV_FloorT | F52: VRF System_FloorT + DOAS | G52: Office | H52: =H16 -> Yes | I52: =J52/$J$57 -> 0.0055940783 | J52: 300 | K52: =K16 -> 2700 | L52: =L16 -> 1 | M52: =IFERROR(N52*J52/1000,0) -> 1.5 | N52: =N16 -> 5
A53: OfficeMedium | B53: =LEFT(B17,LEN(B17)-1)&"T" -> Corridor_N_FloorT | C53: Corridor Area | D53: CAV with Reheat_North | E53: PVAV_FloorT | F53: VRF System_FloorT + DOAS | G53: Office | H53: =H17 -> Yes | I53: =J53/$J$57 -> 0.00937889 | J53: 502.9724 | K53: =K17 -> 4526.7516 | L53: =L17 -> 1 | M53: =IFERROR(N53*J53/1000,0) -> 2.514862 | N53: =N17 -> 5
A54: OfficeMedium | B54: =LEFT(B18,LEN(B18)-1)&"T" -> Corridor_E_FloorT | C54: Corridor Area | D54: CAV with Reheat_East | E54: PVAV_FloorT | F54: VRF System_FloorT + DOAS | G54: Office | H54: =H18 -> Yes | I54: =J54/$J$57 -> 0.0055940783 | J54: 300 | K54: =K18 -> 2692.8684 | L54: =L18 -> 1 | M54: =IFERROR(N54*J54/1000,0) -> 1.5 | N54: =N18 -> 5
A55: OfficeMedium | B55: =LEFT(B19,LEN(B19)-1)&"T" -> Corridor_S_FloorT | C55: Corridor Area | D55: CAV with Reheat_South | E55: PVAV_FloorT | F55: VRF System_FloorT + DOAS | G55: Office | H55: =H19 -> Yes | I55: =J55/$J$57 -> 0.00937889 | J55: 502.9724 | K55: =K19 -> 4526.7516 | L55: =L19 -> 1 | M55: =IFERROR(N55*J55/1000,0) -> 2.514862 | N55: =N19 -> 5
A56: OfficeMedium | B56: =LEFT(B20,LEN(B20)-1)&"T" -> Plenum_FloorT | C56: Plenum | D56: - | E56: - | F56: - | G56: Office | H56: =H20 -> No | J56: 17875.932 | K56: =K20 -> 71503.73 | L56: =L20 -> 1 | M56: =IFERROR(N56*J56/1000,0) -> 0 | N56: =N20 -> -
A57: Total ( 1 Building) | B57: Total (54 Space) | C57: Total (11 Space Type) | D57: Total (6 HVAC Systems/Airloops) | E57: Total (3 HVAC Systems/Airloops) | F57: Total (4 HVAC Systems/Airloops) | G57: Total (1 category) | H57: Total (51 Conditioned zones, 3 unconditioned zones) | I57: =SUM(I3:I56) -> 1 | J57: =SUM(J3:J56)-J56*3 -> 53628.137 | K57: =SUM(K4:K56) -> 658610.29
B60: Ref: Geometry and zones: ORNL 2019 medium office prototype with modification. Note that to reduce simulation time, the floor areas of similar spaces in the middle section are combined, and the number of zones is minimized as much as possible.
B61: https://web.eecs.utk.edu/~jnew1/publications/2019_IBPSA_OpenStudioOffice.pdf
B62: https://web.eecs.utk.edu/~jnew1/presentations/2019_IBPSA_OpenStudioOffice.pdf

Sheet Envelope
A1: Envelope - OfficeMedium
A2: Element | B2: Prototype | C2: Assembly Type | D2: Construction | E2: Thermal Properties | F2: Vintage | G2: Selected T24 | H2: Notes | I2: CZ1 | J2: CZ2 | K2: CZ3 | L2: CZ4 | M2: CZ5 | N2: CZ6 | O2: CZ7 | P2: CZ8 | Q2: CZ9 | R2: CZ10 | S2: CZ11 | T2: CZ12 | U2: CZ13 | V2: CZ14 | W2: CZ15 | X2: CZ16
A3: External Wall | B3: OfficeMedium | C3: ExtWall_MetalFramed_NonRes | D3: Metal-frame walls + insulation + Gypsum board | E3: U-factor IP | F3: Pre 1978 | G3: N/A | H3: ASHRAE 90.1, 2022, Table A3.3.3.1, 3.5", R-0 | I3: 0.352 | J3: 0.352 | K3: 0.352 | L3: 0.352 | M3: 0.352 | N3: 0.352 | O3: 0.352 | P3: 0.352 | Q3: 0.352 | R3: 0.352 | S3: 0.352 | T3: 0.352 | U3: 0.352 | V3: 0.352 | W3: 0.352 | X3: 0.352
F4: 1978-1997 | G4: 1986 | H4: Low-rise office: Package A/ Heat Capacity was considered ~10 (BTU/F/ft2) | I4: =1/6.63 -> 0.15082956 | J4: =1/6.35 -> 0.15748031 | K4: =1/6.35 -> 0.15748031 | L4: =1/6.96 -> 0.14367816 | M4: =1/6.96 -> 0.14367816 | N4: =1/4.62 -> 0.21645022 | O4: =1/4.62 -> 0.21645022 | P4: =1/4.62 -> 0.21645022 | Q4: =1/4.62 -> 0.21645022 | R4: =1/4.62 -> 0.21645022 | S4: =1/5.37 -> 0.18621974 | T4: =1/5.37 -> 0.18621974 | U4: =1/5.37 -> 0.18621974 | V4: =1/6.3 -> 0.15873016 | W4: =1/6.3 -> 0.15873016 | X4: =1/6.63 -> 0.15082956
F5: 1998-2007 | G5: 2001 | H5: TABLE 1-H | I5: 0.182 | J5: 0.182 | K5: 0.189 | L5: 0.189 | M5: 0.189 | N5: 0.189 | O5: 0.189 | P5: 0.189 | Q5: 0.189 | R5: 0.182 | S5: 0.182 | T5: 0.182 | U5: 0.182 | V5: 0.182 | W5: 0.182 | X5: 0.182
F6: 2008-2018 | G6: 2013 | H6: TABLE 140.3-B | I6: 0.098 | J6: 0.062 | K6: 0.082 | L6: 0.062 | M6: 0.062 | N6: 0.098 | O6: 0.098 | P6: 0.062 | Q6: 0.062 | R6: 0.062 | S6: 0.062 | T6: 0.062 | U6: 0.062 | V6: 0.062 | W6: 0.062 | X6: 0.062
F7: 2019+ | G7: 2025 | H7: Table 140.3-B (In Nonres Section) | I7: 0.06 | J7: 0.055 | K7: 0.071 | L7: 0.055 | M7: 0.055 | N7: 0.06 | O7: 0.06 | P7: 0.055 | Q7: 0.055 | R7: 0.055 | S7: 0.055 | T7: 0.055 | U7: 0.055 | V7: 0.055 | W7: 0.055 | X7: 0.055
A8: Roof | B8: OfficeMedium | C8: FlatRoof_WoodFramedAndOther_NonRes | D8: Metal-Deck roof + insulation + Roof membrane | E8: U-factor IP | F8: Pre 1978 | G8: N/A | H8: Considering 30 years for roof/ insultation replacement. | I8: 0.057 | J8: 0.057 | K8: 0.057 | L8: 0.057 | M8: 0.057 | N8: 0.078 | O8: 0.078 | P8: 0.078 | Q8: 0.078 | R8: 0.078 | S8: 0.057 | T8: 0.057 | U8: 0.057 | V8: 0.057 | W8: 0.057 | X8: 0.057
F9: 1978-1997 | G9: 1992 | H9: Considering 30 years for roof/ insultation replacement. | I9: 0.057 | J9: 0.057 | K9: 0.057 | L9: 0.057 | M9: 0.057 | N9: 0.078 | O9: 0.078 | P9: 0.078 | Q9: 0.078 | R9: 0.078 | S9: 0.057 | T9: 0.057 | U9: 0.057 | V9: 0.057 | W9: 0.057 | X9: 0.057
F10: 1998-2007 | G10: 2001 | H10: TABLE 1-H | I10: 0.057 | J10: 0.057 | K10: 0.057 | L10: 0.057 | M10: 0.057 | N10: 0.078 | O10: 0.078 | P10: 0.078 | Q10: 0.078 | R10: 0.057 | S10: 0.057 | T10: 0.057 | U10: 0.057 | V10: 0.057 | W10: 0.057 | X10: 0.057
F11: 2008-2018 | G11: 2013 | H11: TABLE 140.3-B | I11: 0.049 | J11: 0.039 | K11: 0.039 | L11: 0.039 | M11: 0.049 | N11: 0.075 | O11: 0.067 | P11: 0.067 | Q11: 0.039 | R11: 0.039 | S11: 0.039 | T11: 0.039 | U11: 0.039 | V11: 0.039 | W11: 0.039 | X11: 0.039
F12: 2019+ | G12: 2025 | H12: Table 140.3-B (In Nonres Section) | I12: 0.028 | J12: 0.028 | K12: 0.028 | L12: 0.028 | M12: 0.028 | N12: 0.047 | O12: 0.047 | P12: 0.047 | Q12: 0.028 | R12: 0.028 | S12: 0.028 | T12: 0.028 | U12: 0.028 | V12: 0.028 | W12: 0.028 | X12: 0.028
A13: Windows | B13: OfficeMedium | C13: FixedWindow_NonRes | D13: CBECS 2018 shows that over 50 % of medium offices that were built before 2000 are single pane | E13: U-factor IP | F13: Pre 1978 | G13: N/A | H13: ASHRAE Handbook of Fundamentals for single pane (Table 4-Ch15) & T24, 2013 for double pane(50%-50%)* | I13: =1.12*0.5+I$16*0.5 -> 0.74 | J13: =1.12*0.5+J$16*0.5 -> 0.74 | K13: =1.12*0.5+K$16*0.5 -> 0.74 | L13: =1.12*0.5+L$16*0.5 -> 0.74 | M13: =1.12*0.5+M$16*0.5 -> 0.74 | N13: =1.12*0.5+N$16*0.5 -> 0.74 | O13: =1.12*0.5+O$16*0.5 -> 0.74 | P13: =1.12*0.5+P$16*0.5 -> 0.74 | ... X13: =1.12*0.5+X$16*0.5 -> 0.74
F14: 1978-1997 | G14: N/A | I14: =1.12*0.5+I$16*0.5 -> 0.74 | J14: =1.12*0.5+J$16*0.5 -> 0.74 | K14: =1.12*0.5+K$16*0.5 -> 0.74 | L14: =1.12*0.5+L$16*0.5 -> 0.74 | M14: =1.12*0.5+M$16*0.5 -> 0.74 | N14: =1.12*0.5+N$16*0.5 -> 0.74 | O14: =1.12*0.5+O$16*0.5 -> 0.74 | P14: =1.12*0.5+P$16*0.5 -> 0.74 | ... X14: =1.12*0.5+X$16*0.5 -> 0.74
D15: Double pane | F15: 1998-2007 | G15: 2001 | H15: TABLE 1-H | I15: 0.49 | J15: 0.49 | K15: 0.81 | L15: 0.81 | M15: 0.81 | N15: 0.81 | O15: 0.81 | P15: 0.81 | Q15: 0.81 | R15: 0.49 | S15: 0.49 | T15: 0.49 | U15: 0.49 | V15: 0.49 | W15: 0.49 | X15: 0.49
F16: 2008-2018 | G16: 2013 | H16: TABLE 140.3-B | I16: 0.36 | J16: 0.36 | K16: 0.36 | L16: 0.36 | M16: 0.36 | N16: 0.36 | O16: 0.36 | P16: 0.36 | Q16: 0.36 | R16: 0.36 | S16: 0.36 | T16: 0.36 | U16: 0.36 | V16: 0.36 | W16: 0.36 | X16: 0.36
F17: 2019+ | G17: 2025 | H17: Table 140.3-B (In Nonres Section) | I17: 0.36 | J17: 0.36 | K17: 0.36 | L17: 0.36 | M17: 0.36 | N17: 0.36 | O17: 0.36 | P17: 0.36 | Q17: 0.34 | R17: 0.36 | S17: 0.34 | T17: 0.34 | U17: 0.34 | V17: 0.34 | W17: 0.34 | X17: 0.36
B18: OfficeMedium | C18: FixedWindow_NonRes | D18: CBECS 2018 shows that over 50% of medium offices that were built before 2000 are single pane | E18: SHGC | F18: Pre 1978 | G18: N/A | H18: ASHRAE Handbook of Fundamentals for single pane (Table 10-Ch15), & T24 2013 for double pane(50%-50%)* | I18: =0.79*0.5+I$20*0.5 -> 0.61 | J18: =0.79*0.5+J$20*0.5 -> 0.55 | K18: =0.79*0.5+K$20*0.5 -> 0.6 | L18: =0.79*0.5+L$20*0.5 -> 0.6 | M18: =0.79*0.5+M$20*0.5 -> 0.6 | N18: =0.79*0.5+N$20*0.5 -> 0.565 | O18: =0.79*0.5+O$20*0.5 -> 0.565 | P18: =0.79*0.5+P$20*0.5 -> 0.565 | ... X18: =0.79*0.5+X$20*0.5 -> 0.61
F19: 1978-1997 | G19: N/A | I19: =I18 -> 0.61 | J19: =J18 -> 0.55 | K19: =K18 -> 0.6 | L19: =L18 -> 0.6 | M19: =M18 -> 0.6 | N19: =N18 -> 0.565 | O19: =O18 -> 0.565 | P19: =P18 -> 0.565 | ... X19: =X18 -> 0.61
D20: Double pane | F20: 1998-2007 | G20: 2001 | H20: WWR:30-40 / SHGC non-north (Non-north SHGC is more stringent than north and is therefore considered for all sides) | I20: 0.43 | J20: 0.31 | K20: 0.41 | L20: 0.41 | M20: 0.41 | N20: 0.34 | O20: 0.34 | P20: 0.34 | Q20: 0.34 | R20: 0.31 | S20: 0.31 | T20: 0.31 | U20: 0.31 | V20: 0.31 | W20: 0.31 | X20: 0.43
F21: 2008-2018 | G21: 2013 | H21: TABLE 140.3-B | I21: 0.25 | J21: 0.25 | K21: 0.25 | L21: 0.25 | M21: 0.25 | N21: 0.25 | O21: 0.25 | P21: 0.25 | Q21: 0.25 | R21: 0.25 | S21: 0.25 | T21: 0.25 | U21: 0.25 | V21: 0.25 | W21: 0.25 | X21: 0.25
F22: 2019+ | G22: 2025 | H22: Table 140.3-B (In Nonres Section) | I22: 0.25 | J22: 0.25 | K22: 0.25 | L22: 0.25 | M22: 0.25 | N22: 0.25 | O22: 0.25 | P22: 0.25 | Q22: 0.22 | R22: 0.25 | S22: 0.22 | T22: 0.22 | U22: 0.22 | V22: 0.22 | W22: 0.22 | X22: 0.25
C24: Infiltration
D25: Building | E25: Zones | F25: Vintage | G25: I_75 (cfm/ft²) 6-sdied Infiltration rate @ 75 pa | H25: Source | I25: I-design (cfm/ft²) (4-sided Infiltration rate at normal pressure) (Design flow rate approach and Flow/Exterior Wall Area calculation method)
C26: Infiltration | D26: OfficeMedium | F26: Pre 1978 | G26: 1.1 | H26: 2022 CASE report (Table 38) | I26: 0.3302
F27: 1978-1997 | G27: 1.1 | H27: 2022 CASE report (Table 38) | I27: 0.3302
F28: 1998-2007 | G28: 1.1 | H28: 2022 CASE report (Table 38) | I28: 0.3302
F29: 2008-2018 | G29: 1.0065* | H29: 2022 CASE report (Table 38) & T24, 2008-2016 (Table 140.3-C) | I29: 0.3021
F30: 2019+ | G30: 0.6** | H30: 2022 CASE report (Table 38) & T24,140.3(a)9Cii & T24, 2025 (Table 140.3-C) | I30: 0.1801
E31: Infiltration_rate_report_14May2025-Short-Version.docx
E32: * An air barrier was not required for guest rooms under T24, until the 2019 edition. However, to reflect typical construction practices, we assumed that all exterior walls are equipped with an air barrier where it was required for nonresidential walls.
E33: *** T24 require 0.4 cfm/ft² for tested condition but it also in section 140.3(a)9Cii says that if the air leakage requirements are not met, a visual inspection and diagnostic evaluation shall be completed , all observed leaks shall be sealed where such sealing can be made without destruction of existing building components, and buildings where the tested leakage rate exceeded 0.6 cfm/ft² of building shell area at 75 Pa have been retested to confirm leakage is below 0.6 cfm/ft² of building shell at 75 Pa.
A35: *Note for windows properties in vintage 1 &2 :
A36: We’ve considered a 50% single-pane and 50% double-pane mix (based on the 2013 requirements) for the window properties in Vintage 1 & 2 (pre-1998 buildings).
A37: Since we don't have California-specific data, the decision is based on the CBECS 2018 data, which indicates:
A38: - 40% of medium offices built before 1978 have mixed windows, while only 6% of offices from the second vintage (1978-1997) have mixed glass.
A39: - Pre-1978: Among those with either single or double-pane windows, 80% have single-pane windows, and 20% have double-pane windows.
A40: - 1978-1997: Among those with either single or double-pane windows, 55% have single-pane windows, and 45% have double-pane windows.
A41: - Pre 1999: Among those with either single or double-pane windows, 61% has single pane windows.
A42: Since we don't have California-specific data and CBECS data is for 2018, it's likely that a percentage of pre-1978 buildings have undergone retrofitting in the past 7 years and upgraded their windows. Based on this, we've decided to apply the 50%-50% mix for the window properties.

Sheet HVAC System
A1: HVAC system - OfficeMedium | I1: HVAC System Layout
A2: Vintage | B2: Space/Thermal Zone | C2: Heating | D2: Cooling | E2: Air Distribution | F2: Other systems | G2: Source
A3: Existing | B3: All Except IT Rooms | C3: Furnace (Gas) | D3: Packaged (DX) | E3: CAV with Reheat for the first two vintages VAV with Reheat for vintage 3 and 4 | F3: OA mix through air handler Economizer for Vintage 3 and 4 DCV for Vintage 4 (for qualifying high density rooms) | G3: CEUS 2022 + Engineering Judgement
B4: IT Room | C4: - | D4: DX Computer Room Air Conditioner (CRAC) | E4: CAV | F4: _ | G4: Engineering Judgement
A5: New Construction | B5: All Except IT Rooms | C5: VRF | D5: VRF | E5: VRF | F5: DOAS Economizer ERV DCV for qualifying high density rooms | G5: T24, 2025
B6: IT Room | C6: - | D6: DX Computer Room Air Conditioner (CRAC) | E6: CAV | F6: _ | G6: T24 2025
I9: First Floor | K9: Second and Third Floor
A10: Efficiency of HVAC System (Efficiency is capacity-dependent. The following table provides a general estimate of system efficiency based on preliminary simulations in one climate zone, or assuming cooling load based on rule of thumb)
A11: Vintage | B11: HVAC System Type | C11: Upgrade/Installed year | D11: DX Computer Room Air Conditioner (CRAC) | E11: Heating | F11: Cooling | G11: Source
A12: Pre 1978 | B12: Packaged CAV - DX with Gas Furnace | C12: 2008 | D12: 11 EER for <65 kBtu/h 10.4 EER for 65-135 kBtu/h 10.2 EER for 135-240 kBtu/h | E12: Thermal efficiency (Et) of 80% | F12: 10.1 EER for 65-135 kBtu/h 9.5 EER for 135-240 kBtu/h 9.3 EER & 9.7 IPLV for >240 kBtu/h | G12: T24, Table 112-A (2008) California Title 20 Appliance Efficiency Regulations, Table E-4, Standards for Gas- and Oil-Fired Central Furnaces (2008) CRAC: California Title 20 Appliance Efficiency Regulations, §1605.3(c)(2), Tables C-9 (2008)
A13: 1978-1997
A14: 1998-2007 | B14: Packaged VAV - DX with Gas Furnace | C14: 2008 | D14: 11 EER for <65 kBtu/h 10.4 EER for 65-135 kBtu/h 10.2 EER for 135-240 kBtu/h | E14: Thermal efficiency (Et) of 80% | F14: 10.1 EER for 65-135 kBtu/h 9.5 EER for 135-240 kBtu/h 9.3 EER & 9.7 IPLV for >240 kBtu/h
A15: 2008-2018 | B15: Packaged VAV - DX with Gas Furnace | C15: 2013 | D15: SCOP= 2.44 for <65 kBtu/h 2.34 for 65-240 kBtu/h 2.24 for >240 kBtu/h | E15: Thermal efficiency (Et) of 80% or 78% AFUE | F15: SEER 13 for <65 kBtu/h 11 EER & 11.2 IEER for 65-135 kBtu/h 10.8 EER & 11 IEER for 135-240 kBtu/h 9.8 EER & 9.9 IEER for >240 kBtu/h | G15: T24, Table 110.2-J & Table 110.2-A (2013) CRAC: 10 CFR §431.97(f)(1), Table 7 (2013)
A16: New Construction | B16: VRF | C16: 2025 | D16: NSenCOP= 2.09 for <65 kBtu/h 1.99 for 65-240 kBtu/h 1,81 for >240 kBtu/h | E16: 7.5 HSPF2 for <65 kBtu/h 3.3 COP for 65-135 kBtu/h 3.2 COP for 135-240 kBtu/h 3.2 COP for >240 kBtu/h | F16: 10.1 EER & 14.4 IEER for 65-135 kBtu/h 9.7 EER & 13.7 IEER for 135-240 kBtu/h 8.9 EER & 12.5 IEER for >240 kBtu/h | G16: T24, Table 110.2-G (2025) 10 CFR § 431.97 Table 16 (2025) CRAC: 10 CFR § 431.97, Table 13 (2025)
A22: Fan power
A23: Vintage | B23: Approach | C23: System | D23: Total Static Pressure (TSP) (in w.c.) | E23: Fan Efficiency [ACM 2025] | F23: Motor Efficiency | G23: Fan Power Index (W/cfm) | H23: Data Source | I23: Note
A24: Existing | B24: PNNL 90 1-2011, TSP | C24: CAV System <7,437 cfm | D24: 2.5 | E24: 0.65 | F24: According to PNNL 20405 section 5.2.2.5, the full-load efficiency of the motor serving the fan is taken from ASHRAE 90.1, 2004, Table 10.8, based on motor nameplate and assuming enclosed motors operating at 1,800 rotations per minute (rpm) Motor nameplate size in hp = brake horsepower (bhp) × 1.1 ( using a 10% oversizing factor) Brake horsepower (bhp) = (Supply cfm from sizing run × TSP in w.c.) / (6356 × fan efficiency) | G24: Fan power in W/cfm = (TSP in w.c. × 746) / (6356 × fan efficiency × motor and drive efficiency | H24: Fan power formula: PNNL 20405, 2010, section 5.2.2.5 TSP and fan efficiecncy: PNNL 20405, 2010, Table 5.11, 90.1-04ac values Motor and drive efficiency: ASHRAE 90.1, 2004, Table 10.8 | J24: PNNL 20405, 2010, Table 5.11
C25: CAV System >7,437 cfm | D25: 4.09 | E25: 0.65
C26: VAV System > 4,648 cfm | D26: 5.58 | E26: 0.65
A27: Brake horsepower (bhp) = (Supply cfm × TSP in w.c.) / (6356 × fan efficiency)
A28: Fan power (w/cfm) = (bhp × 746) / ( supply cfm × motor efficiency )
A29: New Construction | B29: ACM 2025 | C29: Small indoor fan at zone (for VRF) <1,600 cfm | D29: =G29*(0.855*E29)/746*6356 -> 1.6572674 | E29: 0.65 | F29: The full‑load efficiency of the motor serving the fan is taken from ACM 2025 Table 12 based on the cfm of the fan. Motor horsepower in hp = (Supply cfm from sizing run × fan power in W/cfm) / 746. Considering a maximum airflow of 1,600 cfm for the VRF indoor fan (based on the sizing run), the resulting motor power is less than 1 hp. Therefore, motor efficiency is 85.5% according to ACM 2025 Table 12. In larger fan, motor effiiceny is higher. | G29: 0.35 | H29: Fan power index (0.35 w/cfm): [T24, 2025, Section 140.4(a)3 D] Motot efficiency: [ ACM 2025, Table 12] | I29: 0.35 W/CFM is for the indoor unit fan. For main HVAC system fan (if applicable), the fan power must be determined using the 2025 ACM Table 13.
D30: TSP (E+ input) in w.c. = fan power in W/cfm × motor effciency × fan efficiecny × 6356 / 746
B41: 𝜇_𝑚𝑜𝑡𝑜𝑟 : Motor and drive efficiency | E41: (〖Fna power〗_(w/cfm)∗cfm∗μ_motor)/746

Sheet Thermostat
A1: Thermostat Setpoints: OfficeMedium
A2: Spaces/Zones | B2: Setpoint | C2: CZ1 | D2: CZ2 | E2: CZ3 | F2: CZ4 | G2: CZ5 | H2: CZ6 | I2: CZ7 | J2: CZ8 | K2: CZ9 | L2: CZ10 | M2: CZ11 | N2: CZ12 | O2: CZ13 | P2: CZ14 | Q2: CZ15 | R2: CZ16 | S2: Source
A3: All conditioned zones except server rooms, Stairway & Mechanical_Electrical | B3: Heating Setpoint (F) | C3: 70 | D3: 70 | E3: 70 | F3: 70 | G3: 70 | H3: 70 | I3: 70 | J3: 70 | K3: 70 | L3: 70 | M3: 70 | N3: 70 | O3: 70 | P3: 70 | Q3: 70 | R3: 70 | S3: T24 2022 - Appendix 5.4B
B4: Heating Setback (F) | C4: 60 | D4: 60 | E4: 60 | F4: 60 | G4: 60 | H4: 60 | I4: 60 | J4: 60 | K4: 60 | L4: 60 | M4: 60 | N4: 60 | O4: 60 | P4: 60 | Q4: 60 | R4: 60
B5: Cooling Setpoint (F) | C5: 75 | D5: 75 | E5: 75 | F5: 75 | G5: 75 | H5: 75 | I5: 75 | J5: 75 | K5: 75 | L5: 75 | M5: 75 | N5: 75 | O5: 75 | P5: 75 | Q5: 75 | R5: 75
B6: Cooling Setback (F) | C6: 85 | D6: 85 | E6: 85 | F6: 85 | G6: 85 | H6: 85 | I6: 85 | J6: 85 | K6: 85 | L6: 85 | M6: 85 | N6: 85 | O6: 85 | P6: 85 | Q6: 85 | R6: 85
A7: Stairway, and Mechanical_Electrical | B7: Heating Setpoint (F) | C7: 60 | D7: 60 | E7: 60 | F7: 60 | G7: 60 | H7: 60 | I7: 60 | J7: 60 | K7: 60 | L7: 60 | M7: 60 | N7: 60 | O7: 60 | P7: 60 | Q7: 60 | R7: 60 | S7: Enginnering Judgment (Semi‑conditioned space)
B8: Heating Setback (F) | C8: 60 | D8: 60 | E8: 60 | F8: 60 | G8: 60 | H8: 60 | I8: 60 | J8: 60 | K8: 60 | L8: 60 | M8: 60 | N8: 60 | O8: 60 | P8: 60 | Q8: 60 | R8: 60
B9: Cooling Setpoint (F) | C9: 85 | D9: 85 | E9: 85 | F9: 85 | G9: 85 | H9: 85 | I9: 85 | J9: 85 | K9: 85 | L9: 85 | M9: 85 | N9: 85 | O9: 85 | P9: 85 | Q9: 85 | R9: 85
B10: Cooling Setback (F) | C10: 85 | D10: 85 | E10: 85 | F10: 85 | G10: 85 | H10: 85 | I10: 85 | J10: 85 | K10: 85 | L10: 85 | M10: 85 | N10: 85 | O10: 85 | P10: 85 | Q10: 85 | R10: 85
A11: IT rooms | B11: Cooling Setpoint (F)* | C11: 80 | D11: 80 | E11: 80 | F11: 80 | G11: 80 | H11: 80 | I11: 80 | J11: 80 | K11: 80 | L11: 80 | M11: 80 | N11: 80 | O11: 80 | P11: 80 | Q11: 80 | R11: 80 | S11: Title 24, Part 6, 2025, section 140.9 (a) and PNNL ASHRAE 90.1 2022 Large Office prototype
B12: Heating Setpoint (F)* | C12: *The IT room with over 12 W/ft2 load doesn't require heating system as the equipment constantly generate enough heat.
B15: Note: The Medium Office prototype by PNNL also uses the same setpoints, except for one of the perimeter zones, which has a heating setpoint of 69 °F and a cooling setpoint of 76 °F during hours of 10:00-11:00, 12:00-13:00, and 14:00-15:00 .

Sheet Ventilation
A1: Outdoor Airflow Rate - OfficeMedium
A2: Space | B2: Number of People | C2: Floor Area (ft²) | D2: cfm/person (T24, 2025, Equation 120.1-F and Table 120.1-A) | E2: cfm/ft² (T24, 2025, Equation 120.1-F and Table 120.1-A) | F2: Required Exhaust Rate (T24, 2025, Table 120.1-B – Minimum Exhaust Rates) | G2: Total cfm Driven by People | H2: Total cfm Driven by Area | I2: Total cfm Driven by Exhaust | J2: Total cfm | K2: Note
A3: =Zones!B3 -> Open_Office_Core_FloorG | B3: =Zones!M3 -> 21.415 | C3: =Zones!J3 -> 4283 | D3: 15 | E3: 0.15 | G3: =B3*D3 -> 321.225 | H3: =C3*E3 -> 642.45 | I3: =F3 -> 0 | J3: =MAX(G3,H3,I3) -> 642.45 | K3: Office space/Occupancy Category - Office Buildings
A4: =Zones!B4 -> Open_Office_N_FloorG | B4: =Zones!M4 -> 11.489937 | C4: =Zones!J4 -> 2297.9873 | D4: 15 | E4: 0.15 | G4: =B4*D4 -> 172.34905 | H4: =C4*E4 -> 344.6981 | I4: =F4 -> 0 | J4: =MAX(G4,H4,I4) -> 344.6981 | K4: Office space/Occupancy Category - Office Buildings
A5: =Zones!B5 -> Enclosed_Office_W_FloorG | B5: =Zones!M5 -> 8.1893058 | C5: =Zones!J5 -> 1637.8612 | D5: 15 | E5: 0.15 | G5: =B5*D5 -> 122.83959 | H5: =C5*E5 -> 245.67917 | I5: =F5 -> 0 | J5: =MAX(G5,H5,I5) -> 245.67917 | K5: Office space/Occupancy Category - Office Buildings
A6: =Zones!B6 -> Enclosed_Office_E_FloorG | B6: =Zones!M6 -> 8.1893058 | C6: =Zones!J6 -> 1637.8612 | D6: 15 | E6: 0.15 | G6: =B6*D6 -> 122.83959 | H6: =C6*E6 -> 245.67917 | I6: =F6 -> 0 | J6: =MAX(G6,H6,I6) -> 245.67917 | K6: Office space/Occupancy Category - Office Buildings
A7: =Zones!B7 -> Open_Office_S_FloorG | B7: =Zones!M7 -> 5.9310376 | C7: =Zones!J7 -> 1186.2075 | D7: 15 | E7: 0.15 | G7: =B7*D7 -> 88.965563 | H7: =C7*E7 -> 177.93113 | I7: =F7 -> 0 | J7: =MAX(G7,H7,I7) -> 177.93113 | K7: Office space/Occupancy Category - Office Buildings
A8: =Zones!B8 -> Conference_FloorG | B8: =Zones!M8 -> 36.688734 | C8: =Zones!J8 -> 1111.7798 | D8: 15 | E8: 0.15 | G8: =B8*D8 -> 550.33101 | H8: =C8*E8 -> 166.76697 | I8: =F8 -> 0 | J8: =MAX(G8,H8,I8) -> 550.33101 | K8: Conference/meeting/Occupancy Category - General
A9: =Zones!B9 -> Lobby_FloorG | B9: =Zones!M9 -> 10.591755 | C9: =Zones!J9 -> 1059.1755 | D9: 15 | E9: 0.15 | G9: =B9*D9 -> 158.87632 | H9: =C9*E9 -> 158.87632 | I9: =F9 -> 0 | J9: =MAX(G9,H9,I9) -> 158.87632 | K9: Main entry lobbies/Occupancy Category - Office Buildings
A10: =Zones!B10 -> Storage_FloorG | B10: =Zones!M10 -> 0 | C10: =Zones!J10 -> 983.15611 | D10: 15 | E10: 0.15 | H10: =C10*E10 -> 147.47342 | I10: =F10 -> 0 | J10: =MAX(G10,H10,I10) -> 147.47342 | K10: Occupiable storage rooms for dry materials/Occupancy Category - Office Buildings
A11: =Zones!B11 -> Mechanical/Electrical_FloorG | B11: =Zones!M11 -> 0 | C11: =Zones!J11 -> 357.35034 | D11: 15 | E11: 0.15 | H11: =C11*E11 -> 53.602551 | I11: =F11 -> 0 | J11: =MAX(G11,H11,I11) -> 53.602551 | K11: All Other
A12: =Zones!B12 -> IT-Room_FloorG | B12: =Zones!M12 -> 0.26840595 | C12: =Zones!J12 -> 178.9373 | D12: 15 | E12: 0.15 | H12: =C12*E12 -> 26.840595 | I12: =F12 -> 0 | J12: =MAX(G12,H12,I12) -> 26.840595 | K12: Telephone/data entry/Occupancy Category - Office Buildings
A13: =Zones!B13 -> Restroom_FloorG | B13: =Zones!M13 -> 0 | C13: =Zones!J13 -> 643.57783 | D13: 15 | E13: 0.15 | F13: 4*50/70 cfm per unit | H13: =C13*E13 -> 96.536674 | I13: =4*50 -> 200 | J13: =MAX(G13,H13,I13) -> 200 | K13: All Other- Almost 1 unit per 30 occupant for exhaust fan
A14: =Zones!B14 -> BreakRoom/Kitchenette_FloorG | B14: =Zones!M14 -> 7.6673175 | C14: =Zones!J14 -> 232.34295 | D14: 15 | E14: 0.15 | G14: =B14*D14 -> 115.00976 | H14: =C14*E14 -> 34.851443 | I14: =F14 -> 0 | J14: =MAX(G14,H14,I14) -> 115.00976 | K14: Breakrooms/Occupancy Category - Office Buildings
A15: =Zones!B15 -> Stairway_FloorG | B15: =Zones!M15 -> 0 | C15: =Zones!J15 -> 661.39226 | D15: 15 | E15: 0.15 | H15: =C15*E15 -> 99.208839 | I15: =F15 -> 0 | J15: =MAX(G15,H15,I15) -> 99.208839 | K15: All Other
A16: =Zones!B16 -> Corridor_W_FloorG | B16: =Zones!M16 -> 1.5 | C16: =Zones!J16 -> 300 | D16: 15 | E16: 0.15 | G16: =B16*D16 -> 22.5 | H16: =C16*E16 -> 45 | I16: =F16 -> 0 | J16: =MAX(G16,H16,I16) -> 45 | K16: Corridors /Occupancy Category - General
A17: =Zones!B17 -> Corridor_N_FloorG | B17: =Zones!M17 -> 2.514862 | C17: =Zones!J17 -> 502.9724 | D17: 15 | E17: 0.15 | G17: =B17*D17 -> 37.72293 | H17: =C17*E17 -> 75.44586 | I17: =F17 -> 0 | J17: =MAX(G17,H17,I17) -> 75.44586 | K17: Corridors /Occupancy Category - General
A18: =Zones!B18 -> Corridor_E_FloorG | B18: =Zones!M18 -> 1.496038 | C18: =Zones!J18 -> 299.2076 | D18: 15 | E18: 0.15 | G18: =B18*D18 -> 22.44057 | H18: =C18*E18 -> 44.88114 | I18: =F18 -> 0 | J18: =MAX(G18,H18,I18) -> 44.88114 | K18: Corridors /Occupancy Category - General
A19: =Zones!B19 -> Corridor_S_FloorG | B19: =Zones!M19 -> 2.514862 | C19: =Zones!J19 -> 502.9724 | D19: 15 | E19: 0.15 | G19: =B19*D19 -> 37.72293 | H19: =C19*E19 -> 75.44586 | I19: =F19 -> 0 | J19: =MAX(G19,H19,I19) -> 75.44586 | K19: Corridors /Occupancy Category - General
A20: =Zones!B20 -> Plenum_FloorG | B20: =Zones!M20 -> 0 | C20: =Zones!J20 -> 17875.932 | E20: - | I20: =F20 -> 0 | J20: =MAX(G20,H20,I20) -> 0 | K20: -
A21: =Zones!B21 -> Open_Office_Core_FloorM | B21: =Zones!M21 -> 21.415 | C21: =Zones!J21 -> 4283 | D21: =D3 -> 15 | E21: =E3 -> 0.15 | G21: =B21*D21 -> 321.225 | H21: =C21*E21 -> 642.45 | I21: =F21 -> 0 | J21: =MAX(G21,H21,I21) -> 642.45 | K21: Office space/Occupancy Category - Office Buildings
A22: =Zones!B22 -> Open_Office_N_FloorM | B22: =Zones!M22 -> 11.489937 | C22: =Zones!J22 -> 2297.9873 | D22: =D4 -> 15 | E22: =E4 -> 0.15 | G22: =B22*D22 -> 172.34905 | H22: =C22*E22 -> 344.6981 | I22: =F22 -> 0 | J22: =MAX(G22,H22,I22) -> 344.6981 | K22: Office space/Occupancy Category - Office Buildings
A23: =Zones!B23 -> Enclosed_Office_W_FloorM | B23: =Zones!M23 -> 8.1893058 | C23: =Zones!J23 -> 1637.8612 | D23: =D5 -> 15 | E23: =E5 -> 0.15 | G23: =B23*D23 -> 122.83959 | H23: =C23*E23 -> 245.67917 | I23: =F23 -> 0 | J23: =MAX(G23,H23,I23) -> 245.67917 | K23: Office space/Occupancy Category - Office Buildings
A24: =Zones!B24 -> Enclosed_Office_E_FloorM | B24: =Zones!M24 -> 8.1893058 | C24: =Zones!J24 -> 1637.8612 | D24: =D6 -> 15 | E24: =E6 -> 0.15 | G24: =B24*D24 -> 122.83959 | H24: =C24*E24 -> 245.67917 | I24: =F24 -> 0 | J24: =MAX(G24,H24,I24) -> 245.67917 | K24: Office space/Occupancy Category - Office Buildings
A25: =Zones!B25 -> Open_Office_S_FloorM | B25: =Zones!M25 -> 5.9310376 | C25: =Zones!J25 -> 1186.2075 | D25: =D7 -> 15 | E25: =E7 -> 0.15 | G25: =B25*D25 -> 88.965563 | H25: =C25*E25 -> 177.93113 | I25: =F25 -> 0 | J25: =MAX(G25,H25,I25) -> 177.93113 | K25: Office space/Occupancy Category - Office Buildings
A26: =Zones!B26 -> Conference_FloorM | B26: =Zones!M26 -> 36.688734 | C26: =Zones!J26 -> 1111.7798 | D26: =D8 -> 15 | E26: =E8 -> 0.15 | G26: =B26*D26 -> 550.33101 | H26: =C26*E26 -> 166.76697 | I26: =F26 -> 0 | J26: =MAX(G26,H26,I26) -> 550.33101 | K26: Conference/meeting/Occupancy Category - General
A27: =Zones!B27 -> Lounge_FloorM | B27: =Zones!M27 -> 15.887632 | C27: =Zones!J27 -> 1059.1755 | D27: =D9 -> 15 | E27: =E9 -> 0.15 | G27: =B27*D27 -> 238.31448 | H27: =C27*E27 -> 158.87632 | I27: =F27 -> 0 | J27: =MAX(G27,H27,I27) -> 238.31448 | K27: Break rooms /Occupancy Category - Office Buildings
A28: =Zones!B28 -> Storage_FloorM | B28: =Zones!M28 -> 0 | C28: =Zones!J28 -> 983.15611 | D28: =D10 -> 15 | E28: =E10 -> 0.15 | H28: =C28*E28 -> 147.47342 | I28: =F28 -> 0 | J28: =MAX(G28,H28,I28) -> 147.47342 | K28: Occupiable storage rooms for dry materials/Occupancy Category - Office Buildings
A29: =Zones!B29 -> Mechanical/Electrical_FloorM | B29: =Zones!M29 -> 0 | C29: =Zones!J29 -> 357.35034 | D29: =D11 -> 15 | E29: =E11 -> 0.15 | H29: =C29*E29 -> 53.602551 | I29: =F29 -> 0 | J29: =MAX(G29,H29,I29) -> 53.602551 | K29: All Other
A30: =Zones!B30 -> IT-Room_FloorM | B30: =Zones!M30 -> 0.26840595 | C30: =Zones!J30 -> 178.9373 | D30: =D12 -> 15 | E30: =E12 -> 0.15 | H30: =C30*E30 -> 26.840595 | I30: =F30 -> 0 | J30: =MAX(G30,H30,I30) -> 26.840595 | K30: Telephone/data entry/Occupancy Category - Office Buildings
A31: =Zones!B31 -> Restroom_FloorM | B31: =Zones!M31 -> 0 | C31: =Zones!J31 -> 643.57783 | D31: =D13 -> 15 | E31: =E13 -> 0.15 | F31: 4*50/70 cfm per unit | H31: =C31*E31 -> 96.536674 | I31: =4*50 -> 200 | J31: =MAX(G31,H31,I31) -> 200 | K31: All Other
A32: =Zones!B32 -> BreakRoom/Kitchenette_FloorM | B32: =Zones!M32 -> 7.6673175 | C32: =Zones!J32 -> 232.34295 | D32: =D14 -> 15 | E32: =E14 -> 0.15 | G32: =B32*D32 -> 115.00976 | H32: =C32*E32 -> 34.851443 | I32: =F32 -> 0 | J32: =MAX(G32,H32,I32) -> 115.00976 | K32: Breakrooms/Occupancy Category - Office Buildings
A33: =Zones!B33 -> Stairway_FloorM | B33: =Zones!M33 -> 0 | C33: =Zones!J33 -> 661.39226 | D33: =D15 -> 15 | E33: =E15 -> 0.15 | H33: =C33*E33 -> 99.208839 | I33: =F33 -> 0 | J33: =MAX(G33,H33,I33) -> 99.208839 | K33: All Other
A34: =Zones!B34 -> Corridor_W_FloorM | B34: =Zones!M34 -> 1.5 | C34: =Zones!J34 -> 300 | D34: =D16 -> 15 | E34: =E16 -> 0.15 | G34: =B34*D34 -> 22.5 | H34: =C34*E34 -> 45 | I34: =F34 -> 0 | J34: =MAX(G34,H34,I34) -> 45 | K34: Corridors /Occupancy Category - General
A35: =Zones!B35 -> Corridor_N_FloorM | B35: =Zones!M35 -> 2.514862 | C35: =Zones!J35 -> 502.9724 | D35: =D17 -> 15 | E35: =E17 -> 0.15 | G35: =B35*D35 -> 37.72293 | H35: =C35*E35 -> 75.44586 | I35: =F35 -> 0 | J35: =MAX(G35,H35,I35) -> 75.44586 | K35: Corridors /Occupancy Category - General
A36: =Zones!B36 -> Corridor_E_FloorM | B36: =Zones!M36 -> 1.496038 | C36: =Zones!J36 -> 299.2076 | D36: =D18 -> 15 | E36: =E18 -> 0.15 | G36: =B36*D36 -> 22.44057 | H36: =C36*E36 -> 44.88114 | I36: =F36 -> 0 | J36: =MAX(G36,H36,I36) -> 44.88114 | K36: Corridors /Occupancy Category - General
A37: =Zones!B37 -> Corridor_S_FloorM | B37: =Zones!M37 -> 2.514862 | C37: =Zones!J37 -> 502.9724 | D37: =D19 -> 15 | E37: =E19 -> 0.15 | G37: =B37*D37 -> 37.72293 | H37: =C37*E37 -> 75.44586 | I37: =F37 -> 0 | J37: =MAX(G37,H37,I37) -> 75.44586 | K37: Corridors /Occupancy Category - General
A38: =Zones!B38 -> Plenum_FloorM | B38: =Zones!M38 -> 0 | C38: =Zones!J38 -> 17875.932 | D38: =D20 -> 0 | E38: =E20 -> - | I38: =F38 -> 0 | J38: =MAX(G38,H38,I38) -> 0 | K38: -
A39: =Zones!B39 -> Open_Office_Core_FloorT | B39: =Zones!M39 -> 21.415 | C39: =Zones!J39 -> 4283 | D39: =D3 -> 15 | E39: =E3 -> 0.15 | G39: =B39*D39 -> 321.225 | H39: =C39*E39 -> 642.45 | I39: =F39 -> 0 | J39: =MAX(G39,H39,I39) -> 642.45 | K39: Office space/Occupancy Category - Office Buildings
A40: =Zones!B40 -> Open_Office_N_FloorT | B40: =Zones!M40 -> 11.489937 | C40: =Zones!J40 -> 2297.9873 | D40: =D4 -> 15 | E40: =E4 -> 0.15 | G40: =B40*D40 -> 172.34905 | H40: =C40*E40 -> 344.6981 | I40: =F40 -> 0 | J40: =MAX(G40,H40,I40) -> 344.6981 | K40: Office space/Occupancy Category - Office Buildings
A41: =Zones!B41 -> Enclosed_Office_W_FloorT | B41: =Zones!M41 -> 8.1893058 | C41: =Zones!J41 -> 1637.8612 | D41: =D5 -> 15 | E41: =E5 -> 0.15 | G41: =B41*D41 -> 122.83959 | H41: =C41*E41 -> 245.67917 | I41: =F41 -> 0 | J41: =MAX(G41,H41,I41) -> 245.67917 | K41: Office space/Occupancy Category - Office Buildings
A42: =Zones!B42 -> Enclosed_Office_E_FloorT | B42: =Zones!M42 -> 8.1893058 | C42: =Zones!J42 -> 1637.8612 | D42: =D6 -> 15 | E42: =E6 -> 0.15 | G42: =B42*D42 -> 122.83959 | H42: =C42*E42 -> 245.67917 | I42: =F42 -> 0 | J42: =MAX(G42,H42,I42) -> 245.67917 | K42: Office space/Occupancy Category - Office Buildings
A43: =Zones!B43 -> Open_Office_S_FloorT | B43: =Zones!M43 -> 5.9310376 | C43: =Zones!J43 -> 1186.2075 | D43: =D7 -> 15 | E43: =E7 -> 0.15 | G43: =B43*D43 -> 88.965563 | H43: =C43*E43 -> 177.93113 | I43: =F43 -> 0 | J43: =MAX(G43,H43,I43) -> 177.93113 | K43: Office space/Occupancy Category - Office Buildings
A44: =Zones!B44 -> Conference_FloorT | B44: =Zones!M44 -> 36.688734 | C44: =Zones!J44 -> 1111.7798 | D44: =D8 -> 15 | E44: =E8 -> 0.15 | G44: =B44*D44 -> 550.33101 | H44: =C44*E44 -> 166.76697 | I44: =F44 -> 0 | J44: =MAX(G44,H44,I44) -> 550.33101 | K44: Conference/meeting/Occupancy Category - General
A45: =Zones!B45 -> Lounge_FloorT | B45: =Zones!M45 -> 15.887632 | C45: =Zones!J45 -> 1059.1755 | D45: =D9 -> 15 | E45: =E9 -> 0.15 | G45: =B45*D45 -> 238.31448 | H45: =C45*E45 -> 158.87632 | I45: =F45 -> 0 | J45: =MAX(G45,H45,I45) -> 238.31448 | K45: Break rooms /Occupancy Category - Office Buildings
A46: =Zones!B46 -> Storage_FloorT | B46: =Zones!M46 -> 0 | C46: =Zones!J46 -> 983.15611 | D46: =D10 -> 15 | E46: =E10 -> 0.15 | H46: =C46*E46 -> 147.47342 | I46: =F46 -> 0 | J46: =MAX(G46,H46,I46) -> 147.47342 | K46: Occupiable storage rooms for dry materials/Occupancy Category - Office Buildings
A47: =Zones!B47 -> Mechanical/Electrical_FloorT | B47: =Zones!M47 -> 0 | C47: =Zones!J47 -> 357.35034 | D47: =D11 -> 15 | E47: =E11 -> 0.15 | H47: =C47*E47 -> 53.602551 | I47: =F47 -> 0 | J47: =MAX(G47,H47,I47) -> 53.602551 | K47: All Other
A48: =Zones!B48 -> IT-Room_FloorT | B48: =Zones!M48 -> 0.26840595 | C48: =Zones!J48 -> 178.9373 | D48: =D12 -> 15 | E48: =E12 -> 0.15 | H48: =C48*E48 -> 26.840595 | I48: =F48 -> 0 | J48: =MAX(G48,H48,I48) -> 26.840595 | K48: Telephone/data entry/Occupancy Category - Office Buildings
A49: =Zones!B49 -> Restroom_FloorT | B49: =Zones!M49 -> 0 | C49: =Zones!J49 -> 643.57783 | D49: =D13 -> 15 | E49: =E13 -> 0.15 | F49: 4* 50/70 cfm per unit | H49: =C49*E49 -> 96.536674 | I49: =4*50 -> 200 | J49: =MAX(G49,H49,I49) -> 200 | K49: All Other
A50: =Zones!B50 -> BreakRoom/Kitchenette_FloorT | B50: =Zones!M50 -> 7.6673175 | C50: =Zones!J50 -> 232.34295 | D50: =D14 -> 15 | E50: =E14 -> 0.15 | G50: =B50*D50 -> 115.00976 | H50: =C50*E50 -> 34.851443 | I50: =F50 -> 0 | J50: =MAX(G50,H50,I50) -> 115.00976 | K50: Breakrooms/Occupancy Category - Office Buildings
A51: =Zones!B51 -> Stairway_FloorT | B51: =Zones!M51 -> 0 | C51: =Zones!J51 -> 661.39226 | D51: =D15 -> 15 | E51: =E15 -> 0.15 | H51: =C51*E51 -> 99.208839 | I51: =F51 -> 0 | J51: =MAX(G51,H51,I51) -> 99.208839 | K51: All Other
A52: =Zones!B52 -> Corridor_W_FloorT | B52: =Zones!M52 -> 1.5 | C52: =Zones!J52 -> 300 | D52: =D16 -> 15 | E52: =E16 -> 0.15 | G52: =B52*D52 -> 22.5 | H52: =C52*E52 -> 45 | I52: =F52 -> 0 | J52: =MAX(G52,H52,I52) -> 45 | K52: Corridors /Occupancy Category - General
A53: =Zones!B53 -> Corridor_N_FloorT | B53: =Zones!M53 -> 2.514862 | C53: =Zones!J53 -> 502.9724 | D53: =D17 -> 15 | E53: =E17 -> 0.15 | G53: =B53*D53 -> 37.72293 | H53: =C53*E53 -> 75.44586 | I53: =F53 -> 0 | J53: =MAX(G53,H53,I53) -> 75.44586 | K53: Corridors /Occupancy Category - General
A54: =Zones!B54 -> Corridor_E_FloorT | B54: =Zones!M54 -> 1.5 | C54: =Zones!J54 -> 300 | D54: =D18 -> 15 | E54: =E18 -> 0.15 | G54: =B54*D54 -> 22.5 | H54: =C54*E54 -> 45 | I54: =F54 -> 0 | J54: =MAX(G54,H54,I54) -> 45 | K54: Corridors /Occupancy Category - General
A55: =Zones!B55 -> Corridor_S_FloorT | B55: =Zones!M55 -> 2.514862 | C55: =Zones!J55 -> 502.9724 | D55: =D19 -> 15 | E55: =E19 -> 0.15 | G55: =B55*D55 -> 37.72293 | H55: =C55*E55 -> 75.44586 | I55: =F55 -> 0 | J55: =MAX(G55,H55,I55) -> 75.44586 | K55: Corridors /Occupancy Category - General
A56: =Zones!B56 -> Plenum_FloorT | B56: =Zones!M56 -> 0 | C56: =Zones!J56 -> 17875.932 | D56: =D20 -> 0 | E56: =E20 -> - | I56: =F56 -> 0 | J56: =MAX(G56,H56,I56) -> 0 | K56: -
A58: CEUS 2022 Data shows that about 50% of the unconditioned floor area belongs to the first vintage bin (Pre-1978)

Sheet Water Heater
A1: Water Heater - OfficeMedium
A2: Vintage | B2: WH Type | C2: Efficiency | D2: Number of WH | E2: Tank Volume (gal) | F2: Tank Loss | G2: Source
A3: Existing | B3: Gas | C3: 0.8 | D3: 1 | E3: ="See table below for CZ-specific values: "&A73&", Storage Volume column (col F)" -> See table below for CZ-specific values: Climate Zone Water Heater Sizing and Loss Coefficients, Storage Volume column (col F) | F3: ="See table below: "&A73&", Standby Loss column (col G)" -> See table below: Climate Zone Water Heater Sizing and Loss Coefficients, Standby Loss column (col G) | G3: ="See table below for sources: "&A73 -> See table below for sources: Climate Zone Water Heater Sizing and Loss Coefficients
A4: New Construction | B4: Gas | C4: 0.8 | D4: 1 | E4: =E3 -> See table below for CZ-specific values: Climate Zone Water Heater Sizing and Loss Coefficients, Storage Volume column (col F) | F4: =F3 -> See table below: Climate Zone Water Heater Sizing and Loss Coefficients, Standby Loss column (col G) | G4: =G3 -> See table below for sources: Climate Zone Water Heater Sizing and Loss Coefficients
A8: Peak Hot Water Consumption
A9: Space Name | B9: Baseline WH Type [T24, 2022, Appendix 5.4A , sheet: "2022 SpaceFuncData-Input"] | C9: Total Area (ft²) | E9: Number of People | F9: Hot Water Usage Specification (gal/hr per person) [T24, 2022, Appendix 5.4A , sheet: "2022 SpaceFuncData-Input"] | G9: Peak Hot Water Usage (gal/hr) | H9: Peak Hot Water Usage (gal/min) | I9: Note
A10: =Zones!B3 -> Open_Office_Core_FloorG | B10: Gas* | C10: =Zones!J3*Zones!L3 -> 4283 | E10: =Zones!M3*Zones!L3 -> 21.415 | F10: 0.18 | G10: =E10*F10 -> 3.8547 | H10: =G10/60 -> 0.064245 | I10: For space types marked with an asterisk (the ‘*’ symbol), the water‑heater type is listed as electric in Appendix 5.4A, sheet ‘2022 SpaceFuncData‑Input.’ However, we modified the value based on CEUS data, which indicates that gas is the primary fuel type.
A11: =Zones!B4 -> Open_Office_N_FloorG | B11: Gas* | C11: =Zones!J4*Zones!L4 -> 2297.9873 | E11: =Zones!M4*Zones!L4 -> 11.489937 | F11: 0.18 | G11: =E11*F11 -> 2.0681886 | H11: =G11/60 -> 0.03446981
A12: =Zones!B5 -> Enclosed_Office_W_FloorG | B12: Gas* | C12: =Zones!J5*Zones!L5 -> 1637.8612 | E12: =Zones!M5*Zones!L5 -> 8.1893058 | F12: 0.18 | G12: =E12*F12 -> 1.474075 | H12: =G12/60 -> 0.024567917
A13: =Zones!B6 -> Enclosed_Office_E_FloorG | B13: Gas* | C13: =Zones!J6*Zones!L6 -> 1637.8612 | E13: =Zones!M6*Zones!L6 -> 8.1893058 | F13: 0.18 | G13: =E13*F13 -> 1.474075 | H13: =G13/60 -> 0.024567917
A14: =Zones!B7 -> Open_Office_S_FloorG | B14: Gas* | C14: =Zones!J7*Zones!L7 -> 1186.2075 | E14: =Zones!M7*Zones!L7 -> 5.9310376 | F14: 0.18 | G14: =E14*F14 -> 1.0675868 | H14: =G14/60 -> 0.017793113
A15: =Zones!B8 -> Conference_FloorG | B15: Gas* | C15: =Zones!J8*Zones!L8 -> 1111.7798 | E15: =Zones!M8*Zones!L8 -> 36.688734 | F15: 0.09 | G15: =E15*F15 -> 3.301986 | H15: =G15/60 -> 0.055033101
A16: =Zones!B9 -> Lobby_FloorG | B16: Gas | C16: =Zones!J9*Zones!L9 -> 1059.1755 | E16: =Zones!M9*Zones!L9 -> 10.591755 | F16: 0.09 | G16: =E16*F16 -> 0.95325792 | H16: =G16/60 -> 0.015887632
A17: =Zones!B10 -> Storage_FloorG | B17: Gas* | C17: =Zones!J10*Zones!L10 -> 983.15611 | F17: 0 | G17: =E17*F17 -> 0 | H17: =G17/60 -> 0
A18: =Zones!B11 -> Mechanical/Electrical_FloorG | B18: Gas* | C18: =Zones!J11*Zones!L11 -> 357.35034 | F18: 0.18 | G18: =E18*F18 -> 0 | H18: =G18/60 -> 0
A19: =Zones!B12 -> IT-Room_FloorG | B19: Gas* | C19: =Zones!J12*Zones!L12 -> 178.9373 | F19: 0.18 | G19: =E19*F19 -> 0 | H19: =G19/60 -> 0
A20: =Zones!B13 -> Restroom_FloorG | B20: Gas | C20: =Zones!J13*Zones!L13 -> 643.57783 | F20: 0 | G20: =E20*F20 -> 0 | H20: =G20/60 -> 0
A21: =Zones!B14 -> BreakRoom/Kitchenette_FloorG | B21: Gas | C21: =Zones!J14*Zones!L14 -> 232.34295 | E21: =Zones!M14*Zones!L14 -> 7.6673175 | F21: 0.578 | G21: =E21*F21 -> 4.4317095 | H21: =G21/60 -> 0.073861825
A22: =Zones!B15 -> Stairway_FloorG | B22: Gas* | C22: =Zones!J15*Zones!L15 -> 661.39226 | F22: 0 | G22: =E22*F22 -> 0 | H22: =G22/60 -> 0
A23: =Zones!B16 -> Corridor_W_FloorG | B23: Gas* | C23: =Zones!J16*Zones!L16 -> 300 | E23: =Zones!M16*Zones!L16 -> 1.5 | F23: 0 | G23: =E23*F23 -> 0 | H23: =G23/60 -> 0
A24: =Zones!B17 -> Corridor_N_FloorG | B24: Gas* | C24: =Zones!J17*Zones!L17 -> 502.9724 | E24: =Zones!M17*Zones!L17 -> 2.514862 | F24: 0 | G24: =E24*F24 -> 0 | H24: =G24/60 -> 0
A25: =Zones!B18 -> Corridor_E_FloorG | B25: Gas* | C25: =Zones!J18*Zones!L18 -> 299.2076 | E25: =Zones!M18*Zones!L18 -> 1.496038 | F25: 0 | G25: =E25*F25 -> 0 | H25: =G25/60 -> 0
A26: =Zones!B19 -> Corridor_S_FloorG | B26: Gas* | C26: =Zones!J19*Zones!L19 -> 502.9724 | E26: =Zones!M19*Zones!L19 -> 2.514862 | F26: 0 | G26: =E26*F26 -> 0 | H26: =G26/60 -> 0
A27: =Zones!B20 -> Plenum_FloorG | C27: =Zones!J20*Zones!L20 -> 17875.932 | F27: 0 | G27: =E27*F27 -> 0 | H27: =G27/60 -> 0
A28: =Zones!B21 -> Open_Office_Core_FloorM | B28: Gas* | C28: =Zones!J21*Zones!L21 -> 4283 | E28: =Zones!M21*Zones!L21 -> 21.415 | F28: 0.18 | G28: =E28*F28 -> 3.8547 | H28: =G28/60 -> 0.064245
A29: =Zones!B22 -> Open_Office_N_FloorM | B29: Gas* | C29: =Zones!J22*Zones!L22 -> 2297.9873 | E29: =Zones!M22*Zones!L22 -> 11.489937 | F29: 0.18 | G29: =E29*F29 -> 2.0681886 | H29: =G29/60 -> 0.03446981
A30: =Zones!B23 -> Enclosed_Office_W_FloorM | B30: Gas* | C30: =Zones!J23*Zones!L23 -> 1637.8612 | E30: =Zones!M23*Zones!L23 -> 8.1893058 | F30: 0.18 | G30: =E30*F30 -> 1.474075 | H30: =G30/60 -> 0.024567917
A31: =Zones!B24 -> Enclosed_Office_E_FloorM | B31: Gas* | C31: =Zones!J24*Zones!L24 -> 1637.8612 | E31: =Zones!M24*Zones!L24 -> 8.1893058 | F31: 0.18 | G31: =E31*F31 -> 1.474075 | H31: =G31/60 -> 0.024567917
A32: =Zones!B25 -> Open_Office_S_FloorM | B32: Gas* | C32: =Zones!J25*Zones!L25 -> 1186.2075 | E32: =Zones!M25*Zones!L25 -> 5.9310376 | F32: 0.18 | G32: =E32*F32 -> 1.0675868 | H32: =G32/60 -> 0.017793113
A33: =Zones!B26 -> Conference_FloorM | B33: Gas* | C33: =Zones!J26*Zones!L26 -> 1111.7798 | E33: =Zones!M26*Zones!L26 -> 36.688734 | F33: 0.09 | G33: =E33*F33 -> 3.301986 | H33: =G33/60 -> 0.055033101
A34: =Zones!B27 -> Lounge_FloorM | B34: Gas | C34: =Zones!J27*Zones!L27 -> 1059.1755 | E34: =Zones!M27*Zones!L27 -> 15.887632 | F34: 0.09 | G34: =E34*F34 -> 1.4298869 | H34: =G34/60 -> 0.023831448
A35: =Zones!B28 -> Storage_FloorM | B35: - | C35: =Zones!J28*Zones!L28 -> 983.15611 | F35: 0 | G35: =E35*F35 -> 0 | H35: =G35/60 -> 0
A36: =Zones!B29 -> Mechanical/Electrical_FloorM | B36: Gas* | C36: =Zones!J29*Zones!L29 -> 357.35034 | F36: 0.18 | G36: =E36*F36 -> 0 | H36: =G36/60 -> 0
A37: =Zones!B30 -> IT-Room_FloorM | B37: Gas* | C37: =Zones!J30*Zones!L30 -> 178.9373 | F37: 0.18 | G37: =E37*F37 -> 0 | H37: =G37/60 -> 0
A38: =Zones!B31 -> Restroom_FloorM | B38: Gas | C38: =Zones!J31*Zones!L31 -> 643.57783 | F38: 0 | G38: =E38*F38 -> 0 | H38: =G38/60 -> 0
A39: =Zones!B32 -> BreakRoom/Kitchenette_FloorM | B39: Gas | C39: =Zones!J32*Zones!L32 -> 232.34295 | E39: =Zones!M32*Zones!L32 -> 7.6673175 | F39: 0.578 | G39: =E39*F39 -> 4.4317095 | H39: =G39/60 -> 0.073861825
A40: =Zones!B33 -> Stairway_FloorM | B40: Gas* | C40: =Zones!J33*Zones!L33 -> 661.39226 | F40: 0 | G40: =E40*F40 -> 0 | H40: =G40/60 -> 0
A41: =Zones!B34 -> Corridor_W_FloorM | B41: Gas* | C41: =Zones!J34*Zones!L34 -> 300 | E41: =Zones!M34*Zones!L34 -> 1.5 | F41: 0 | G41: =E41*F41 -> 0 | H41: =G41/60 -> 0
A42: =Zones!B35 -> Corridor_N_FloorM | B42: Gas* | C42: =Zones!J35*Zones!L35 -> 502.9724 | E42: =Zones!M35*Zones!L35 -> 2.514862 | F42: 0 | G42: =E42*F42 -> 0 | H42: =G42/60 -> 0
A43: =Zones!B36 -> Corridor_E_FloorM | B43: Gas* | C43: =Zones!J36*Zones!L36 -> 299.2076 | E43: =Zones!M36*Zones!L36 -> 1.496038 | F43: 0 | G43: =E43*F43 -> 0 | H43: =G43/60 -> 0
A44: =Zones!B37 -> Corridor_S_FloorM | B44: Gas* | C44: =Zones!J37*Zones!L37 -> 502.9724 | E44: =Zones!M37*Zones!L37 -> 2.514862 | F44: 0 | G44: =E44*F44 -> 0 | H44: =G44/60 -> 0
A45: =Zones!B38 -> Plenum_FloorM | C45: =Zones!J38*Zones!L38 -> 17875.932 | F45: 0 | G45: =E45*F45 -> 0 | H45: =G45/60 -> 0
A46: =Zones!B39 -> Open_Office_Core_FloorT | B46: Gas* | C46: =Zones!J39*Zones!L39 -> 4283 | E46: =Zones!M39*Zones!L39 -> 21.415 | F46: 0.18 | G46: =E46*F46 -> 3.8547 | H46: =G46/60 -> 0.064245
A47: =Zones!B40 -> Open_Office_N_FloorT | B47: Gas* | C47: =Zones!J40*Zones!L40 -> 2297.9873 | E47: =Zones!M40*Zones!L40 -> 11.489937 | F47: 0.18 | G47: =E47*F47 -> 2.0681886 | H47: =G47/60 -> 0.03446981
A48: =Zones!B41 -> Enclosed_Office_W_FloorT | B48: Gas* | C48: =Zones!J41*Zones!L41 -> 1637.8612 | E48: =Zones!M41*Zones!L41 -> 8.1893058 | F48: 0.18 | G48: =E48*F48 -> 1.474075 | H48: =G48/60 -> 0.024567917
A49: =Zones!B42 -> Enclosed_Office_E_FloorT | B49: Gas* | C49: =Zones!J42*Zones!L42 -> 1637.8612 | E49: =Zones!M42*Zones!L42 -> 8.1893058 | F49: 0.18 | G49: =E49*F49 -> 1.474075 | H49: =G49/60 -> 0.024567917
A50: =Zones!B43 -> Open_Office_S_FloorT | B50: Gas* | C50: =Zones!J43*Zones!L43 -> 1186.2075 | E50: =Zones!M43*Zones!L43 -> 5.9310376 | F50: 0.18 | G50: =E50*F50 -> 1.0675868 | H50: =G50/60 -> 0.017793113
A51: =Zones!B44 -> Conference_FloorT | B51: Gas* | C51: =Zones!J44*Zones!L44 -> 1111.7798 | E51: =Zones!M44*Zones!L44 -> 36.688734 | F51: 0.09 | G51: =E51*F51 -> 3.301986 | H51: =G51/60 -> 0.055033101
A52: =Zones!B45 -> Lounge_FloorT | B52: Gas | C52: =Zones!J45*Zones!L45 -> 1059.1755 | E52: =Zones!M45*Zones!L45 -> 15.887632 | F52: 0.09 | G52: =E52*F52 -> 1.4298869 | H52: =G52/60 -> 0.023831448
A53: =Zones!B46 -> Storage_FloorT | B53: Gas* | C53: =Zones!J46*Zones!L46 -> 983.15611 | F53: 0 | G53: =E53*F53 -> 0 | H53: =G53/60 -> 0
A54: =Zones!B47 -> Mechanical/Electrical_FloorT | B54: Gas* | C54: =Zones!J47*Zones!L47 -> 357.35034 | F54: 0.18 | G54: =E54*F54 -> 0 | H54: =G54/60 -> 0
A55: =Zones!B48 -> IT-Room_FloorT | B55: Gas* | C55: =Zones!J48*Zones!L48 -> 178.9373 | F55: 0.18 | G55: =E55*F55 -> 0 | H55: =G55/60 -> 0
A56: =Zones!B49 -> Restroom_FloorT | B56: Gas | C56: =Zones!J49*Zones!L49 -> 643.57783 | F56: 0 | G56: =E56*F56 -> 0 | H56: =G56/60 -> 0
A57: =Zones!B50 -> BreakRoom/Kitchenette_FloorT | B57: Gas | C57: =Zones!J50*Zones!L50 -> 232.34295 | E57: =Zones!M50*Zones!L50 -> 7.6673175 | F57: 0.578 | G57: =E57*F57 -> 4.4317095 | H57: =G57/60 -> 0.073861825
A58: =Zones!B51 -> Stairway_FloorT | B58: Gas* | C58: =Zones!J51*Zones!L51 -> 661.39226 | F58: 0 | G58: =E58*F58 -> 0 | H58: =G58/60 -> 0
A59: =Zones!B52 -> Corridor_W_FloorT | B59: Gas* | C59: =Zones!J52*Zones!L52 -> 300 | E59: =Zones!M52*Zones!L52 -> 1.5 | F59: 0 | G59: =E59*F59 -> 0 | H59: =G59/60 -> 0
A60: =Zones!B53 -> Corridor_N_FloorT | B60: Gas* | C60: =Zones!J53*Zones!L53 -> 502.9724 | E60: =Zones!M53*Zones!L53 -> 2.514862 | F60: 0 | G60: =E60*F60 -> 0 | H60: =G60/60 -> 0
A61: =Zones!B54 -> Corridor_E_FloorT | B61: Gas* | C61: =Zones!J54*Zones!L54 -> 300 | E61: =Zones!M54*Zones!L54 -> 1.5 | F61: 0 | G61: =E61*F61 -> 0 | H61: =G61/60 -> 0
A62: =Zones!B55 -> Corridor_S_FloorT | B62: Gas* | C62: =Zones!J55*Zones!L55 -> 502.9724 | E62: =Zones!M55*Zones!L55 -> 2.514862 | F62: 0 | G62: =E62*F62 -> 0 | H62: =G62/60 -> 0
A63: =Zones!B56 -> Plenum_FloorT | C63: =Zones!J56*Zones!L56 -> 17875.932 | F63: 0 | G63: =E63*F63 -> 0 | H63: =G63/60 -> 0
A64: Total | B64: Gas storage | G64: =_xlfn.LET( _xlpm.g,SUMIF($B$10:$B$63,"Gas*",$G$10:$G$63), _xlpm.e,SUMIF($B$10:$B$63,"Electric*",$G$10:$G$63), IF(AND(_xlpm.g>0,_xlpm.e>0),_xlpm.g,IF(_xlpm.g>0,MAX(75,_xlpm.g),0))) -> 75 | I64: Minimum peak hot water usage is 75 gal according to ACM 2025
A65: Total | B65: Electric resistance | G65: =_xlfn.LET( _xlpm.g,SUMIF($B$10:$B$63,"Gas*",$G$10:$G$63), _xlpm.e,SUMIF($B$10:$B$63,"Electric*",$G$10:$G$63), IF(AND(_xlpm.g>0,_xlpm.e>0),_xlpm.e,IF(_xlpm.e>0,MAX(75,_xlpm.e),0))) -> 0
A69: Design supply temperature (°F) | B69: 135 | C69: Title 24 2022 Reference Appendices, Appendix 5.4B
A70: WH system factor | B70: 0.6 | C70: 2025 ACM §5.9.2 Rated Capacity
A71: Water mass conversion (lb/gal) | B71: 8.2877 | C71: 2025 ACM §5.9.2 Rated Capacity
A72: Reheat multiplier | B72: 0.4 | C72: 2025 ACM §5.9.2 Storage Volume
A73: Climate Zone Water Heater Sizing and Loss Coefficients
A74: Water Heater Name | B74: Climate Zone | C74: Minimum Monthly Mains Temp (°F) [T24 2022 - Appendix 5.4B] | D74: Heat Output (Btu/hr) [ACM, 2025, 5.9.2: Rated capacity section] | E74: WH Capacity (Btu/hr) [ACM, 2025, 5.9.2: Rated capacity section] | F74: Required Energy Input (Btu/hr) | G74: Storage Volume (gal) | H74: Standby Loss [Title 20, §1605.1 Table F-4; Appendix B: Water Heating Calculation Method] | J74: Off/On Cycle Loss Coefficient to Ambient Temp | L74: Source/Note
A75: WH_OfficeMedium | B75: CZ01 | C75: 47.9 | D75: =$G$64*($B$69-C75)*$B$71 -> 54139.4 | E75: =D75*$B$70 -> 32483.64 | F75: =_xlfn.LET(_xlpm.x,_xlfn.XLOOKUP(E75/$C$3,$A$98:$A$128,$A$98:$A$128,"",1),IF(_xlpm.x="",ROUNDUP(E75/$C$3,0),_xlpm.x)) -> 60000 | G75: =_xlfn.LET(_xlpm.v,MAX(30,$G$64*$B$72),_xlpm.x,_xlfn.XLOOKUP(_xlpm.v,$C$98:$C$116,$C$98:$C$116,"",1),IF(_xlpm.x="",ROUNDUP(_xlpm.v,0),_xlpm.x)) -> 34 | H75: =(F75/800)+110*SQRT(G75) -> 716.40471 | I75: Btu/hr | J75: =H75/70 -> 10.234353 | K75: Btu/h·°F | L75: Required Energy Input: vendor/available catalog size (Market data table). Storage Volume: standard/available catalog tank size (Market data table).
A76: WH_OfficeMedium | B76: CZ02 | C76: 50.8 | D76: =$G$64*($B$69-C76)*$B$71 -> 52336.825 | E76: =D76*$B$70 -> 31402.095 | F76: =_xlfn.LET(_xlpm.x,_xlfn.XLOOKUP(E76/$C$3,$A$98:$A$128,$A$98:$A$128,"",1),IF(_xlpm.x="",ROUNDUP(E76/$C$3,0),_xlpm.x)) -> 60000 | G76: =_xlfn.LET(_xlpm.v,MAX(30,$G$64*$B$72),_xlpm.x,_xlfn.XLOOKUP(_xlpm.v,$C$98:$C$116,$C$98:$C$116,"",1),IF(_xlpm.x="",ROUNDUP(_xlpm.v,0),_xlpm.x)) -> 34 | H76: =(F76/800)+110*SQRT(G76) -> 716.40471 | I76: Btu/hr | J76: =H76/70 -> 10.234353 | K76: Btu/h·°F
A77: WH_OfficeMedium | B77: CZ03 | C77: 52.2 | D77: =$G$64*($B$69-C77)*$B$71 -> 51466.617 | E77: =D77*$B$70 -> 30879.97 | F77: =_xlfn.LET(_xlpm.x,_xlfn.XLOOKUP(E77/$C$3,$A$98:$A$128,$A$98:$A$128,"",1),IF(_xlpm.x="",ROUNDUP(E77/$C$3,0),_xlpm.x)) -> 60000 | G77: =_xlfn.LET(_xlpm.v,MAX(30,$G$64*$B$72),_xlpm.x,_xlfn.XLOOKUP(_xlpm.v,$C$98:$C$116,$C$98:$C$116,"",1),IF(_xlpm.x="",ROUNDUP(_xlpm.v,0),_xlpm.x)) -> 34 | H77: =(F77/800)+110*SQRT(G77) -> 716.40471 | I77: Btu/hr | J77: =H77/70 -> 10.234353 | K77: Btu/h·°F
A78: WH_OfficeMedium | B78: CZ04 | C78: 52.7 | D78: =$G$64*($B$69-C78)*$B$71 -> 51155.828 | E78: =D78*$B$70 -> 30693.497 | F78: =_xlfn.LET(_xlpm.x,_xlfn.XLOOKUP(E78/$C$3,$A$98:$A$128,$A$98:$A$128,"",1),IF(_xlpm.x="",ROUNDUP(E78/$C$3,0),_xlpm.x)) -> 60000 | G78: =_xlfn.LET(_xlpm.v,MAX(30,$G$64*$B$72),_xlpm.x,_xlfn.XLOOKUP(_xlpm.v,$C$98:$C$116,$C$98:$C$116,"",1),IF(_xlpm.x="",ROUNDUP(_xlpm.v,0),_xlpm.x)) -> 34 | H78: =(F78/800)+110*SQRT(G78) -> 716.40471 | I78: Btu/hr | J78: =H78/70 -> 10.234353 | K78: Btu/h·°F
A79: WH_OfficeMedium | B79: CZ05 | C79: 51.6 | D79: =$G$64*($B$69-C79)*$B$71 -> 51839.563 | E79: =D79*$B$70 -> 31103.738 | F79: =_xlfn.LET(_xlpm.x,_xlfn.XLOOKUP(E79/$C$3,$A$98:$A$128,$A$98:$A$128,"",1),IF(_xlpm.x="",ROUNDUP(E79/$C$3,0),_xlpm.x)) -> 60000 | G79: =_xlfn.LET(_xlpm.v,MAX(30,$G$64*$B$72),_xlpm.x,_xlfn.XLOOKUP(_xlpm.v,$C$98:$C$116,$C$98:$C$116,"",1),IF(_xlpm.x="",ROUNDUP(_xlpm.v,0),_xlpm.x)) -> 34 | H79: =(F79/800)+110*SQRT(G79) -> 716.40471 | I79: Btu/hr | J79: =H79/70 -> 10.234353 | K79: Btu/h·°F
A80: WH_OfficeMedium | B80: CZ06 | C80: 56.8 | D80: =$G$64*($B$69-C80)*$B$71 -> 48607.36 | E80: =D80*$B$70 -> 29164.416 | F80: =_xlfn.LET(_xlpm.x,_xlfn.XLOOKUP(E80/$C$3,$A$98:$A$128,$A$98:$A$128,"",1),IF(_xlpm.x="",ROUNDUP(E80/$C$3,0),_xlpm.x)) -> 60000 | G80: =_xlfn.LET(_xlpm.v,MAX(30,$G$64*$B$72),_xlpm.x,_xlfn.XLOOKUP(_xlpm.v,$C$98:$C$116,$C$98:$C$116,"",1),IF(_xlpm.x="",ROUNDUP(_xlpm.v,0),_xlpm.x)) -> 34 | H80: =(F80/800)+110*SQRT(G80) -> 716.40471 | I80: Btu/hr | J80: =H80/70 -> 10.234353 | K80: Btu/h·°F
A81: WH_OfficeMedium | B81: CZ07 | C81: 58.4 | D81: =$G$64*($B$69-C81)*$B$71 -> 47612.836 | E81: =D81*$B$70 -> 28567.702 | F81: =_xlfn.LET(_xlpm.x,_xlfn.XLOOKUP(E81/$C$3,$A$98:$A$128,$A$98:$A$128,"",1),IF(_xlpm.x="",ROUNDUP(E81/$C$3,0),_xlpm.x)) -> 60000 | G81: =_xlfn.LET(_xlpm.v,MAX(30,$G$64*$B$72),_xlpm.x,_xlfn.XLOOKUP(_xlpm.v,$C$98:$C$116,$C$98:$C$116,"",1),IF(_xlpm.x="",ROUNDUP(_xlpm.v,0),_xlpm.x)) -> 34 | H81: =(F81/800)+110*SQRT(G81) -> 716.40471 | I81: Btu/hr | J81: =H81/70 -> 10.234353 | K81: Btu/h·°F
A82: WH_OfficeMedium | B82: CZ08 | C82: 58.4 | D82: =$G$64*($B$69-C82)*$B$71 -> 47612.836 | E82: =D82*$B$70 -> 28567.702 | F82: =_xlfn.LET(_xlpm.x,_xlfn.XLOOKUP(E82/$C$3,$A$98:$A$128,$A$98:$A$128,"",1),IF(_xlpm.x="",ROUNDUP(E82/$C$3,0),_xlpm.x)) -> 60000 | G82: =_xlfn.LET(_xlpm.v,MAX(30,$G$64*$B$72),_xlpm.x,_xlfn.XLOOKUP(_xlpm.v,$C$98:$C$116,$C$98:$C$116,"",1),IF(_xlpm.x="",ROUNDUP(_xlpm.v,0),_xlpm.x)) -> 34 | H82: =(F82/800)+110*SQRT(G82) -> 716.40471 | I82: Btu/hr | J82: =H82/70 -> 10.234353 | K82: Btu/h·°F
A83: WH_OfficeMedium | B83: CZ09 | C83: 57.6 | D83: =$G$64*($B$69-C83)*$B$71 -> 48110.098 | E83: =D83*$B$70 -> 28866.059 | F83: =_xlfn.LET(_xlpm.x,_xlfn.XLOOKUP(E83/$C$3,$A$98:$A$128,$A$98:$A$128,"",1),IF(_xlpm.x="",ROUNDUP(E83/$C$3,0),_xlpm.x)) -> 60000 | G83: =_xlfn.LET(_xlpm.v,MAX(30,$G$64*$B$72),_xlpm.x,_xlfn.XLOOKUP(_xlpm.v,$C$98:$C$116,$C$98:$C$116,"",1),IF(_xlpm.x="",ROUNDUP(_xlpm.v,0),_xlpm.x)) -> 34 | H83: =(F83/800)+110*SQRT(G83) -> 716.40471 | I83: Btu/hr | J83: =H83/70 -> 10.234353 | K83: Btu/h·°F
A84: WH_OfficeMedium | B84: CZ10 | C84: 57.1 | D84: =$G$64*($B$69-C84)*$B$71 -> 48420.887 | E84: =D84*$B$70 -> 29052.532 | F84: =_xlfn.LET(_xlpm.x,_xlfn.XLOOKUP(E84/$C$3,$A$98:$A$128,$A$98:$A$128,"",1),IF(_xlpm.x="",ROUNDUP(E84/$C$3,0),_xlpm.x)) -> 60000 | G84: =_xlfn.LET(_xlpm.v,MAX(30,$G$64*$B$72),_xlpm.x,_xlfn.XLOOKUP(_xlpm.v,$C$98:$C$116,$C$98:$C$116,"",1),IF(_xlpm.x="",ROUNDUP(_xlpm.v,0),_xlpm.x)) -> 34 | H84: =(F84/800)+110*SQRT(G84) -> 716.40471 | I84: Btu/hr | J84: =H84/70 -> 10.234353 | K84: Btu/h·°F
A85: WH_OfficeMedium | B85: CZ11 | C85: 50.5 | D85: =$G$64*($B$69-C85)*$B$71 -> 52523.299 | E85: =D85*$B$70 -> 31513.979 | F85: =_xlfn.LET(_xlpm.x,_xlfn.XLOOKUP(E85/$C$3,$A$98:$A$128,$A$98:$A$128,"",1),IF(_xlpm.x="",ROUNDUP(E85/$C$3,0),_xlpm.x)) -> 60000 | G85: =_xlfn.LET(_xlpm.v,MAX(30,$G$64*$B$72),_xlpm.x,_xlfn.XLOOKUP(_xlpm.v,$C$98:$C$116,$C$98:$C$116,"",1),IF(_xlpm.x="",ROUNDUP(_xlpm.v,0),_xlpm.x)) -> 34 | H85: =(F85/800)+110*SQRT(G85) -> 716.40471 | I85: Btu/hr | J85: =H85/70 -> 10.234353 | K85: Btu/h·°F
A86: WH_OfficeMedium | B86: CZ12 | C86: 51.4 | D86: =$G$64*($B$69-C86)*$B$71 -> 51963.879 | E86: =D86*$B$70 -> 31178.327 | F86: =_xlfn.LET(_xlpm.x,_xlfn.XLOOKUP(E86/$C$3,$A$98:$A$128,$A$98:$A$128,"",1),IF(_xlpm.x="",ROUNDUP(E86/$C$3,0),_xlpm.x)) -> 60000 | G86: =_xlfn.LET(_xlpm.v,MAX(30,$G$64*$B$72),_xlpm.x,_xlfn.XLOOKUP(_xlpm.v,$C$98:$C$116,$C$98:$C$116,"",1),IF(_xlpm.x="",ROUNDUP(_xlpm.v,0),_xlpm.x)) -> 34 | H86: =(F86/800)+110*SQRT(G86) -> 716.40471 | I86: Btu/hr | J86: =H86/70 -> 10.234353 | K86: Btu/h·°F
A87: WH_OfficeMedium | B87: CZ13 | C87: 51.7 | D87: =$G$64*($B$69-C87)*$B$71 -> 51777.406 | E87: =D87*$B$70 -> 31066.443 | F87: =_xlfn.LET(_xlpm.x,_xlfn.XLOOKUP(E87/$C$3,$A$98:$A$128,$A$98:$A$128,"",1),IF(_xlpm.x="",ROUNDUP(E87/$C$3,0),_xlpm.x)) -> 60000 | G87: =_xlfn.LET(_xlpm.v,MAX(30,$G$64*$B$72),_xlpm.x,_xlfn.XLOOKUP(_xlpm.v,$C$98:$C$116,$C$98:$C$116,"",1),IF(_xlpm.x="",ROUNDUP(_xlpm.v,0),_xlpm.x)) -> 34 | H87: =(F87/800)+110*SQRT(G87) -> 716.40471 | I87: Btu/hr | J87: =H87/70 -> 10.234353 | K87: Btu/h·°F
... A90: WH_OfficeMedium | B90: CZ16 | C90: 41.4 | D90: =$G$64*($B$69-C90)*$B$71 -> 58179.654 | E90: =D90*$B$70 -> 34907.792 | F90: =_xlfn.LET(_xlpm.x,_xlfn.XLOOKUP(E90/$C$3,$A$98:$A$128,$A$98:$A$128,"",1),IF(_xlpm.x="",ROUNDUP(E90/$C$3,0),_xlpm.x)) -> 60000 | G90: =_xlfn.LET(_xlpm.v,MAX(30,$G$64*$B$72),_xlpm.x,_xlfn.XLOOKUP(_xlpm.v,$C$98:$C$116,$C$98:$C$116,"",1),IF(_xlpm.x="",ROUNDUP(_xlpm.v,0),_xlpm.x)) -> 34 | H90: =(F90/800)+110*SQRT(G90) -> 716.40471 | I90: Btu/hr | J90: =H90/70 -> 10.234353 | K90: Btu/h·°F
A94: Market data
A95: Gas WH | F95: Elec WH
A96: WH capacity | C96: Tank volume | F96: WH capacity | H96: Tank volume
A97: Catalog gas input (Btu/h) | B97: Input source | C97: Catalog gas tank (gal) | E97: Tank source | F97: Elec resistance tank (kW) | G97: Elec resistance (Btu/h) | H97: Elec tank (gal) | I97: Elec tank source | J97: =HYPERLINK("#'Note'!A1","Sources and links → Note tab") -> Sources and links → Note tab
A98: 60000 | B98: Grainger | C98: 34 | E98: ENERGY STAR | F98: 1.5 | G98: 5118 | H98: 6 | I98: Grainger
A99: 75100 | B99: Grainger | C99: 35 | E99: Grainger | F99: 2 | G99: 6824 | H99: 10 | I99: Grainger
A100: 76000 | B100: Both | C100: 48 | E100: Grainger | F100: 3 | G100: 10236 | H100: 15 | I100: Grainger
A101: 80000 | B101: Grainger | C101: 50 | E101: Both | F101: 4.5 | G101: 15355 | H101: 20 | I101: Grainger
A102: 99900 | B102: ENERGY STAR | C102: 55 | E102: ENERGY STAR | F102: 6 | G102: 20473 | H102: 28 | I102: Grainger
A103: 100000 | B103: Both | C103: 60 | E103: ENERGY STAR | F103: 8 | G103: 27297 | H103: 30 | I103: Grainger
A104: 120000 | B104: ENERGY STAR | C104: 65 | E104: Both | F104: 9 | G104: 30709 | H104: 36 | I104: Grainger
A105: 125000 | B105: Both | C105: 72 | E105: Grainger | F105: 10 | G105: 34121 | H105: 40 | I105: Grainger
A106: 130000 | B106: Both | C106: 75 | E106: Both | F106: 12 | G106: 40946 | H106: 47 | I106: Grainger
A107: 145000 | B107: ENERGY STAR | C107: 76 | E107: Grainger | F107: 12.1 | G107: 41287 | H107: 50 | I107: Grainger
A108: 150000 | B108: ENERGY STAR | C108: 80 | E108: Both | F108: 18 | G108: 61419 | H108: 65 | I108: Grainger
A109: 156000 | B109: Grainger | C109: 82 | E109: Grainger | F109: 24 | G109: 81891 | H109: 80 | I109: Grainger
... A112: 180000 | B112: Grainger | C112: 91 | E112: Grainger | F112: 54 | G112: 184256 | H112: 120 | I112: Grainger
A113: 199000 | B113: ENERGY STAR | C113: 100 | E113: Both
...

Sheet Interior Lights
A1: ="Interior Lighting - " & Prototype!A2 -> Interior Lighting - OfficeMedium
A2: Space Type | B2: New Construction | E2: Existing | H2: Note
B3: LPD (W/ft²) | C3: Additional LPD for Portable Lighting (W/ft²) | D3: Source | E3: LPD (W/ft²) | F3: Additional LPD for Portable Lighting (W/ft²) | G3: Source
A4: Office Area (>250 square feet) | B4: 0.6 | C4: =0.2*0.5 -> 0.1 | D4: T24, part 6, 2025, Table 140.6 C IT Room Source: ASHRAE 90.1 2022, Table 9.5.2.1-1, computer room space type | E4: 0.75 | F4: - | G4: T24, part 6, 2013, Table 140.6 C IT Room Source: ASHRAE 90.1 2013, TABLE9.6.1, computer room space type | H4: It is assumed that 50% of the additional allowance lighting is in use.
A5: Convention, Conference, Multipurpose and Meeting Area | B5: 0.75 | E5: 1.4
A6: Lobby, Main Entry | B6: 0.7 | C6: 0.25 | E6: 1.5 | F6: 0.5
A7: Storage (General) | B7: 0.4 | E7: 0.6
A8: Electrical, Mechanical, Telephone Rooms | B8: 0.4 | E8: 0.7
A9: IT Room (EPD 12) | B9: 0.75 | E9: 1.71
A10: Restrooms | B10: 0.65 | E10: 0.65
A11: Lounge, Breakroom, or Waiting Area | B11: 0.55 | C11: =0.5*0.25 -> 0.125 | E11: 1.1 | F11: =0.5*0.5 -> 0.25 | H11: 2013 LPD is for "Lounge" area It is assumed that 50% of the additional allowance lighting is in use.
A12: Stairwell | B12: 0.6 | E12: 0.6
A13: Corridor Area | B13: 0.4 | E13: 0.6
A14: Plenum | B14: -
B17: Whole Building method
B18: 2025 | C18: 2013
A19: LPD for Office Building ((W/ft²) | B19: 0.6 | C19: 0.8
A20: Ref: T24, Table 140.6 B
A25: Background Data [To be deleted prior to publication]
A27: Ref: Title 24, Part 6- Table 140.6-C (office area >250nSF)
A28: Title 24, part 6 Code cycle | B28: Lighting density for office Buildings: (complete building Method) | C28: Lighting density for office area >250 sf Floor area Method | D28: Table | E28: Note | G28: T24, part 6 2022 | H28: file://carcgl.com/amer/NOR/Groups/CodesStds/Standards/California/2022%20Building%20Energy%20Efficiency%20Standards%20for%20Residential%20and%20Nonresidential%20Buildings.pdf
A29: 2025 | B29: 0.6 | C29: 0.6, 0.2 (additional) | D29: Table 140.6 C | G29: T24, part 6 2019 | H29: file://carcgl.com/amer/NOR/Groups/CodesStds/Standards/California/2016-CEC-400-2015-037-CMF.pdf
A30: 2022 | B30: 0.6 | C30: 0.6, 0.2 (additional) | G30: T24, part 6 2016 | H30: file://carcgl.com/amer/NOR/Groups/CodesStds/Standards/California/2016-CEC-400-2015-037-CMF.pdf
A31: 2019 | B31: 0.65
A32: 2016 | B32: 0.8
A33: 2013 | B33: 0.8 | C33: 0.75
A34: 2010 | B34: 0.85
A35: 2008 | B35: 0.085 | C35: 0.9 | D35: Table 146-E
A36: 2005 | C36: 1.2
A37: TBD: Review the CASE report on 2016 for lighting
A41: Review of existing Medium Office prototype
A42: Prototype/Source | B42: Downloaded on | C42: Zone | D42: Light Intensity | E42: Unit | F42: Total intensity multipliers | G42: Total lighting intensity | H42: Core/Perims area ratio | K42: Working days | L42: =52*5-L45 -> 249
A43: PNNL | B43: 45323 | C43: All | D43: 0.53920766 | E43: W/ft2 | F43: =F91*L42+G91*L43+H91*(L44+L45) -> 1988.2232 | G43: =D43*F43 -> 1072.0652 | H43: =149.66/(511.16-149.66) -> 0.41399723 | K43: Saturday | L43: 52
A44: CEC (CBECC 2023) | B44: 45444 | C44: All | D44: 0.6 | E44: W/ft2 | F44: =B91*L42+C91*L43+D91*(L44+L45) -> 2238.1 | G44: =D44*F44 -> 1342.86 | H44: =149.66/(511.16-149.66) -> 0.41399723 | K44: Sunday | L44: 52
K45: Holiday | L45: 11
A49: Interior lighting Schedules (existing prototypes extracted from the idf files (presented below)
B65: CEC | F65: PNNL
A66: Hour | B66: CEC-Weekday | C66: CEC-Saturday | D66: CEC-Sunday | F66: PNNL-Weekday | G66: PNNL-Saturday | H66: PNNL-Otherday
A67: 1 | B67: 0.05 | C67: 0.05 | D67: 0.05 | F67: 0.03597147 | G67: 0.03597147 | H67: 0.03597147
A68: =1+A67 -> 2 | B68: 0.05 | C68: 0.05 | D68: 0.05 | F68: 0.03597147 | G68: 0.03597147 | H68: 0.03597147
A69: =1+A68 -> 3 | B69: 0.05 | C69: 0.05 | D69: 0.05 | F69: 0.03597147 | G69: 0.03597147 | H69: 0.03597147
A70: =1+A69 -> 4 | B70: 0.05 | C70: 0.05 | D70: 0.05 | F70: 0.03597147 | G70: 0.03597147 | H70: 0.03597147
A71: =1+A70 -> 5 | B71: 0.05 | C71: 0.05 | D71: 0.05 | F71: 0.03597147 | G71: 0.03597147 | H71: 0.03597147
A72: =1+A71 -> 6 | B72: 0.1 | C72: 0.05 | D72: 0.05 | F72: 0.071952789 | G72: 0.03597147 | H72: 0.03597147
A73: =1+A72 -> 7 | B73: 0.1 | C73: 0.1 | D73: 0.05 | F73: 0.071952789 | G73: 0.071952789 | H73: 0.03597147
A74: =1+A73 -> 8 | B74: 0.3 | C74: 0.1 | D74: 0.05 | F74: 0.21585837 | G74: 0.071952789 | H74: 0.03597147
A75: =1+A74 -> 9 | B75: 0.65 | C75: 0.3 | D75: 0.05 | F75: 0.6475751 | G75: 0.21585837 | H75: 0.03597147
A76: =1+A75 -> 10 | B76: 0.65 | C76: 0.3 | D76: 0.05 | F76: 0.6475751 | G76: 0.21585837 | H76: 0.03597147
A77: =1+A76 -> 11 | B77: 0.65 | C77: 0.3 | D77: 0.05 | F77: 0.6475751 | G77: 0.21585837 | H77: 0.03597147
A78: =1+A77 -> 12 | B78: 0.65 | C78: 0.3 | D78: 0.05 | F78: 0.6475751 | G78: 0.21585837 | H78: 0.03597147
A79: =1+A78 -> 13 | B79: 0.65 | C79: 0.15 | D79: 0.05 | F79: 0.6475751 | G79: 0.10792426 | H79: 0.03597147
... A90: =1+A89 -> 24 | B90: 0.05 | C90: 0.05 | D90: 0.05 | F90: 0.03597147 | G90: 0.03597147 | H90: 0.03597147
A91: Sum of intensity multiplier | B91: =SUM(B67:B90) -> 8.1 | C91: =SUM(C67:C90) -> 2.8 | D91: =SUM(D67:D90) -> 1.2 | F91: =SUM(F67:F90) -> 7.5550133 | G91: =SUM(G67:G90) -> 2.0145894 | H91: 0.03597147
B92: Same as Small Office | C92: Same as Small Office | D92: Same as Small Office

Sheet Ext Lighting
A1: ="Exterior Lighting - "&Prototype!A2 -> Exterior Lighting - OfficeMedium
A2: Motion Controlled Luminaires (W) | B2: Non-motion Controlled Luminaires (W) | C2: Total (W) | D2: Source
A3: =G12 -> 1860.2954 | B3: =G13 -> 856.2397 | C3: =B3+A3 -> 2716.5351 | D3: Title 24, 2022
A5: Exterior Lighting
A6: Items (Assume LZ2) | B6: Assumptions [2019 Outdoor Lighting CASE Report & PNNL 90.1-2010 TSD] | D6: Unit | E6: Lighting Power Allowance [T24, 2025, Table 140.7-A & 140.7-B] | F6: Unit | G6: Exterior Lighting Power (W)
A7: IWA (Initial Wage Allowance) | E7: 200 | F7: (W) | G7: =$E7 -> 200
A8: Parking area | B8: 400 ft² for every parking space [2019 Lighting CASE report, Appendix H] 1 parking space per 250 ft² of gross building area [2019 Lighting CASE report,Table 38] | C8: =B19/250*400 -> 85805.02 | D8: (ft²) | E8: 0.019 | F8: (W/ft²) | G8: =$E8*C8 -> 1630.2954
A9: Building Entrance | B9: 2 building entrance (1 per 10,000 ft² footprint) | C9: 2 | D9: (count) | E9: 15 | F9: (W/ea) | G9: =E9*2 -> 30
A10: Hardscape Ornamental Light | B10: 0.1 ft² per 1 ft² of gross building area for hardscape ornamental light [2019 Lighting CASE report,Table 36] | C10: =B19*0.1 -> 5362.8137 | D10: (ft²) | E10: 0.007 | F10: (W/ft²) | G10: =E10*C10 -> 37.539696
A11: Building façade | B11: 0.1 W per ft² of facade area Façade Area* = Perimeter × 0.5 × 30 ft (30 ft is the max height that is lit) The 0.5 factor assumes that only half of the perimeter walls are lit. -Formula is developed based on the 2019 Outdoor Lighting CASE report | C11: =B18*0.5*30 -> 8187 | D11: (ft²) | E11: 0.1 | F11: (W/ft²) | G11: =E11*C11 -> 818.7
A12: Motion controlled Luminaires | G12: =G8+G7+G9 -> 1860.2954
A13: Non-motion-controlled Luminaires | G13: =G10+G11 -> 856.2397
A14: Total | G14: =G12+G13 -> 2716.5351
A16: *Developed based on 2019 Outdoor Lighting CASE Report
A18: Perimeter (ft) | B18: =(163.7+109.2)*2 -> 545.8
A19: Total floor area (ft²) | B19: =Zones!J57 -> 53628.137
A20: Floors (above ground) | B20: 3

Sheet Equipment
A1: ="Equipment - "&Prototype!A2 -> Equipment - OfficeMedium
A2: Space Type | B2: Plug load Power Density (W/ft²) | C2: Gas Power Density (Btu/hr-ft²) | D2: Refrigeration Power Density (W/ft²) | E2: Source
A3: Office Area (>250 square feet) | B3: 0.7 | E3: Proposed Updates to Equipment Power Densities and Schedules in the 2028 Energy Code Nonresidential and Multifamily Alternative Calculation Method (NRMFACM) Reference Manual, August 7, 2025
A4: Convention, Conference, Multipurpose and Meeting Area | B4: 1 | E4: T24 2022 - Appendix 5.4A
A5: Lobby, Main Entry | B5: 0.5
A6: Storage (General) | B6: 0.2
A7: Electrical, Mechanical, Telephone Rooms | B7: 3
A8: IT Room (EPD 12) | B8: 12 | E8: Feedback from TAG team
A9: Restrooms | B9: 0 | E9: T24 2022 - Appendix 5.4A
A10: Lounge, Breakroom, or Waiting Area | B10: 1
A11: Stairwell | B11: 0
A12: Corridor Area | B12: 0
A13: Plenum | B13: 0
A16: Elevator
A17: Vintage | B17: Class | C17: Number of elevators (ne) | D17: Cab Lighting Power Limit (W/ft2) | E17: Fan Power Limit (W/CFM) | F17: Cab Ventilation Fan & Lighting Shutoff | G17: Design Motor Load (W) | H17: Fan Load (W) | I17: Lighting Load (W) | J17: Total (W) | K17: Note
A18: Existing | B18: F/G | C18: 2 | D18: 1.14 | E18: 0.33 | F18: When stopped and unoccupied with doors closed for over 15 minutes, cab interior lighting and ventilation shall be de-energized until required for operation. | G18: =ROUND(INDEX($C:$C,MATCH("Annual energy consumption of the elevator - Existing",$B:$B,0))/INDEX($C:$C,MATCH("Equivalent full load hours",$B:$B,0))*1000,2) -> 21656.57 | H18: =ROUND(C18*INDEX($C:$C,MATCH("Cab fan airflow",$B:$B,0))*E18,2) -> 165 | I18: =ROUND(C18*INDEX($C:$C,MATCH("Cab floor area",$B:$B,0))*D18,2) -> 68.17 | J18: =ROUND(SUM(G18:I18),2) -> 21889.74 | K18: Design load is calculated according to ISO 25745-2 method using Class F/G. Cab lighting and fan requirements are based on ASHRAE 90.1 2013.
A19: New Construction | B19: E | C19: 2 | D19: 0.6 | E19: 0.33 | F19: When the elevator cab is stopped and unoccupied with doors closed for over 15 minutes, the cab interior lighting and ventilation fans shall be switched off until elevator cab operation resumes. | G19: =ROUND(INDEX($C:$C,MATCH("Annual energy consumption of the elevator - New Construction",$B:$B,0))/INDEX($C:$C,MATCH("Equivalent full load hours",$B:$B,0))*1000,2) -> 11273.07 | H19: =ROUND(C19*INDEX($C:$C,MATCH("Cab fan airflow",$B:$B,0))*E19,2) -> 165 | I19: =ROUND(C19*INDEX($C:$C,MATCH("Cab floor area",$B:$B,0))*D19,2) -> 35.88 | J19: =ROUND(SUM(G19:I19),2) -> 11473.95 | K19: Design load is calculated according to ISO 25745-2 method using Class E. Cab lighting and fan requirements are based on T24 2025 §120.6 (f).
A22: Medium Office Elevator Calculations
A23: Symbol | B23: Definition | C23: Value | D23: Units | E23: Source
A24: E | B24: Annual energy consumption of the elevator - Existing | C24: 31370.62 | D24: kWh/year | E24: Calculated
B25: Annual energy consumption of the elevator - New Construction | C25: 16329.61 | D25: kWh/year | E25: Calculated
A26: C1 | B26: Running-energy coefficient | C26: 3.65 for Class E; 5.47 for Class F | D26: Coefficient | E26: ISO 25745-2 Table 7
A27: C2 | B27: Idle/standby coefficient | C27: 800 for Class E; 1,600 for Class F | D27: Coefficient | E27: ISO 25745-2 Table 7
A28: Q | B28: Rated load of elevator | C28: 1361 | D28: kg | E28: Assumed for all prototypes
A29: Elevator Size | B29: Cab floor area | C29: 29.9 | D29: ft^2 | E29: W=6.781 ft, L=4.406 ft; assumed based on representative manufacturer
A30: CFM | B30: Cab fan airflow | C30: 250 | D30: cfm | E30: Assumed for multifamily and commercial prototypes
A31: cat | B31: Usage category | C31: 2 | D31: - | E31: ISO 25745-2 Table A.1
A32: d | B32: Operating days per year | C32: 260 | D32: days/year | E32: ISO 25745-2 Table A.1
A33: nf | B33: Number of floors | C33: 3 | D33: floors | E33: Prototype assumptions
A34: h | B34: Floor-to-floor height | C34: 3.96 | D34: m | E34: Prototype assumptions
A35: v | B35: Elevator lift speed | C35: 1 | D35: m/s | E35: ISO 25745-2 Table A.1
A36: nd | B36: Number of trips per day | C36: 125 | D36: trips/day | E36: ISO 25745-2 Table A.1
A37: S_pct | B37: Percent of average travel distance | C37: 0.67 | D37: % | E37: ISO 25745-2 Table 2
A38: a | B38: Acceleration | C38: 1 | D38: m/s^2 | E38: Annex B of ISO 25745-2
A39: j | B39: Jerk | C39: 1.25 | D39: m/s^3 | E39: Annex B of ISO 25745-2
... A45: Total light level | B45: Total light level | C45: 40 | D45: lm/ft2 | E45: PNNL Protoypes
A46: EFLH | B46: Equivalent full load hours | C46: =Schedules!AD70 -> 1448.55 | D46: hours | E46: Calculated using the elevator schedule
A74: Background Data [To be deleted prior to publication]
D77: Equipment (Plug Load )- Prototypes comparison
E78: CEC | F78: Note
D79: Core Zones | E79: 1.5 W/ft2
D80: Perimeter 3,1
D81: Perimeter 2,4
D82: Elevator | E82: 10000 W
D83: Elevatoir_lights_Fan | G83: =(8517.8+105.3)/(10000+3930) -> 0.61903087
D84: Escalator | E84: 3930 W
C85: Yearly Load multiplier
C88: Office Area | K88: Elevator | T88: Escalator (only CEC) | X88: Lights_Fan (ONLY PNNL)
C103: CEC 2022 | F103: PNNL 2022 | K103: =C103 -> CEC 2022 | O103: PNNL 2022 | T103: =K103 -> CEC 2022 | X103: PNNL 2022
A104: Hour | C104: CEC-Weekday | D104: CEC-Saturday | E104: CEC-Sunday | F104: PNNL-Weekday | G104: PNNL-Saturday | H104: PNNL-Sunday | K104: CEC-Weekday | L104: CEC-Saturday | M104: CEC-Sunday | O104: PNNL-Weekday | P104: PNNL-Saturday | Q104: PNNL-Sunday | T104: CEC-Weekday | U104: CEC-Saturday | V104: CEC-Sunday | X104: PNNL-Weekday | Y104: PNNL-Saturday | Z104: PNNL-Sunday
A105: 1 | C105: 0.05 | D105: 0.05 | E105: 0.05 | F105: 0.30767384 | G105: 0.23075538 | H105: 0.23075538 | K105: 0 | L105: 0 | M105: 0 | O105: 0.12 | P105: 0.12 | Q105: 0 | T105: 0 | U105: 0 | V105: 0 | X105: 0 | Y105: 0 | Z105: 0
A106: =A105+1 -> 2 | C106: 0.05 | D106: 0.05 | E106: 0.05 | F106: 0.30767384 | G106: 0.23075538 | H106: 0.23075538 | K106: 0 | L106: 0 | M106: 0 | O106: 0.12 | P106: 0.12 | Q106: 0 | T106: 0 | U106: 0 | V106: 0 | X106: 0 | Y106: 0 | Z106: 0
A107: =A106+1 -> 3 | C107: 0.05 | D107: 0.05 | E107: 0.05 | F107: 0.30767384 | G107: 0.23075538 | H107: 0.23075538 | K107: 0 | L107: 0 | M107: 0 | O107: 0.12 | P107: 0.12 | Q107: 0 | T107: 0 | U107: 0 | V107: 0 | X107: 0 | Y107: 0 | Z107: 0
A108: =A107+1 -> 4 | C108: 0.05 | D108: 0.05 | E108: 0.05 | F108: 0.30767384 | G108: 0.23075538 | H108: 0.23075538 | K108: 0 | L108: 0 | M108: 0 | O108: 0.12 | P108: 0.12 | Q108: 0 | T108: 0 | U108: 0 | V108: 0 | X108: 0 | Y108: 0 | Z108: 0
A109: =A108+1 -> 5 | C109: 0.05 | D109: 0.05 | E109: 0.05 | F109: 0.30767384 | G109: 0.23075538 | H109: 0.23075538 | K109: 0 | L109: 0 | M109: 0 | O109: 0.12 | P109: 0.12 | Q109: 0 | T109: 0 | U109: 0 | V109: 0 | X109: 0 | Y109: 0 | Z109: 0
A110: =A109+1 -> 6 | C110: 0.1 | D110: 0.05 | E110: 0.05 | F110: 0.30767384 | G110: 0.23075538 | H110: 0.23075538 | K110: 0 | L110: 0 | M110: 0 | O110: 0.12 | P110: 0.12 | Q110: 0 | T110: 1 | U110: 1 | V110: 0 | X110: 0 | Y110: 0 | Z110: 0
A111: =A110+1 -> 7 | C111: 0.1 | D111: 0.1 | E111: 0.05 | F111: 0.3812348 | G111: 0.3812348 | H111: 0.2859261 | K111: 0 | L111: 0 | M111: 0 | O111: 0.12 | P111: 0.12 | Q111: 0 | T111: 1 | U111: 1 | V111: 0 | X111: 0 | Y111: 0 | Z111: 0
A112: =A111+1 -> 8 | C112: 0.3 | D112: 0.1 | E112: 0.05 | F112: 0.3812348 | G112: 0.3812348 | H112: 0.2859261 | K112: 0.35 | L112: 0.16 | M112: 0 | O112: 0.35 | P112: 0.16 | Q112: 0 | T112: 1 | U112: 1 | V112: 0 | X112: 0.35 | Y112: 0.16 | Z112: 0
A113: =A112+1 -> 9 | C113: 0.9 | D113: 0.3 | E113: 0.05 | F113: 0.85777829 | G113: 0.47654349 | H113: 0.2859261 | K113: 0.69 | L113: 0.14 | M113: 0 | O113: 0.69 | P113: 0.14 | Q113: 0 | T113: 1 | U113: 1 | V113: 0 | X113: 0.69 | Y113: 0.14 | Z113: 0
A114: =A113+1 -> 10 | C114: 0.9 | D114: 0.3 | E114: 0.05 | F114: 0.85777829 | G114: 0.47654349 | H114: 0.2859261 | K114: 0.43 | L114: 0.21 | M114: 0 | O114: 0.43 | P114: 0.21 | Q114: 0 | T114: 1 | U114: 1 | V114: 0 | X114: 0.43 | Y114: 0.21 | Z114: 0
A115: =A114+1 -> 11 | C115: 0.9 | D115: 0.3 | E115: 0.05 | F115: 0.85777829 | G115: 0.47654349 | H115: 0.2859261 | K115: 0.37 | L115: 0.18 | M115: 0 | O115: 0.37 | P115: 0.18 | Q115: 0 | T115: 1 | U115: 1 | V115: 0 | X115: 0.37 | Y115: 0.18 | Z115: 0
A116: =A115+1 -> 12 | C116: 0.9 | D116: 0.3 | E116: 0.05 | F116: 0.85777829 | G116: 0.47654349 | H116: 0.2859261 | K116: 0.43 | L116: 0.25 | M116: 0 | O116: 0.43 | P116: 0.25 | Q116: 0 | T116: 1 | U116: 1 | V116: 0 | X116: 0.43 | Y116: 0.25 | Z116: 0
A117: =A116+1 -> 13 | C117: 0.9 | D117: 0.15 | E117: 0.05 | F117: 0.76246959 | G117: 0.33358045 | H117: 0.2859261 | K117: 0.58 | L117: 0.21 | M117: 0 | O117: 0.58 | P117: 0.21 | Q117: 0 | T117: 1 | U117: 1 | V117: 0 | X117: 0.58 | Y117: 0.21 | Z117: 0
... A128: =A127+1 -> 24 | C128: 0.05 | D128: 0.05 | E128: 0.05 | F128: 0.3812348 | G128: 0.23075538 | H128: 0.23075538 | K128: 0 | L128: 0 | M128: 0 | O128: 0.12 | P128: 0.12 | Q128: 0 | T128: 1 | U128: 0 | V128: 0 | X128: 0 | Y128: 0 | Z128: 0
C129: =SUM(C105:C128) -> 10.5 | D129: =SUM(D105:D128) -> 2.8 | E129: =SUM(E105:E128) -> 1.2 | F129: =SUM(F105:F128) -> 12.997161 | G129: =SUM(G105:G128) -> 7.4467072 | H129: =SUM(H105:H128) -> 6.2001777

Sheet Schedules
A1: ="Schedules - "&Prototype!A2 -> Schedules - OfficeMedium
A2: Zone | B2: Schedule Category | C2: Schedule | D2: Source | E2: Type | F2: Hour
F3: 1 | G3: 2 | H3: 3 | I3: 4 | J3: 5 | K3: 6 | L3: 7 | M3: 8 | N3: 9 | O3: 10 | P3: 11 | Q3: 12 | R3: 13 | S3: 14 | T3: 15 | U3: 16 | V3: 17 | W3: 18 | X3: 19 | Y3: 20 | Z3: 21 | AA3: 22 | AB3: 23 | AC3: 24
A4: All zones except for IT Rooms, Stairway, and Mechanical_Electrical | B4: Office | C4: Occupancy | D4: T24 2022 - Appendix 5.4B, [Office] Updated base on Plug load and schedules project with CEC, 2025 | E4: Weekday | F4: 0 | G4: 0 | H4: 0 | I4: 0 | J4: 0 | K4: 0 | L4: 0.1 | M4: 0.2 | N4: 0.95 | O4: 0.95 | P4: 0.95 | Q4: 0.95 | R4: 0.5 | S4: 0.95 | T4: 0.95 | U4: 0.95 | V4: 0.95 | W4: 0.3 | X4: 0.1 | Y4: 0.1 | Z4: 0.1 | AA4: 0.1 | AB4: 0.05 | AC4: 0.05
E5: Saturday | F5: 0 | G5: 0 | H5: 0 | I5: 0 | J5: 0 | K5: 0 | L5: 0.05 | M5: 0.05 | N5: 0.05 | O5: 0.05 | P5: 0.05 | Q5: 0.05 | R5: 0.05 | S5: 0.05 | T5: 0.05 | U5: 0.05 | V5: 0.05 | W5: 0.05 | X5: 0 | Y5: 0 | Z5: 0 | AA5: 0 | AB5: 0 | AC5: 0
E6: Sunday | F6: 0 | G6: 0 | H6: 0 | I6: 0 | J6: 0 | K6: 0 | L6: 0.05 | M6: 0.05 | N6: 0.05 | O6: 0.05 | P6: 0.05 | Q6: 0.05 | R6: 0.05 | S6: 0.05 | T6: 0.05 | U6: 0.05 | V6: 0.05 | W6: 0.05 | X6: 0 | Y6: 0 | Z6: 0 | AA6: 0 | AB6: 0 | AC6: 0
A7: =A4 -> All zones except for IT Rooms, Stairway, and Mechanical_Electrical | B7: Office | C7: Lights | D7: T24 2022 - Appendix 5.4B, [Office] | E7: Weekday | F7: 0.05 | G7: 0.05 | H7: 0.05 | I7: 0.05 | J7: 0.05 | K7: 0.1 | L7: 0.1 | M7: 0.3 | N7: 0.65 | O7: 0.65 | P7: 0.65 | Q7: 0.65 | R7: 0.65 | S7: 0.65 | T7: 0.65 | U7: 0.65 | V7: 0.65 | W7: 0.35 | X7: 0.3 | Y7: 0.3 | Z7: 0.2 | AA7: 0.2 | AB7: 0.1 | AC7: 0.05
E8: Saturday | F8: 0.05 | G8: 0.05 | H8: 0.05 | I8: 0.05 | J8: 0.05 | K8: 0.05 | L8: 0.15 | M8: 0.15 | N8: 0.15 | O8: 0.15 | P8: 0.15 | Q8: 0.15 | R8: 0.15 | S8: 0.15 | T8: 0.15 | U8: 0.15 | V8: 0.15 | W8: 0.15 | X8: 0.05 | Y8: 0.05 | Z8: 0.05 | AA8: 0.05 | AB8: 0.05 | AC8: 0.05
E9: Sunday | F9: 0.05 | G9: 0.05 | H9: 0.05 | I9: 0.05 | J9: 0.05 | K9: 0.05 | L9: 0.15 | M9: 0.15 | N9: 0.15 | O9: 0.15 | P9: 0.15 | Q9: 0.15 | R9: 0.15 | S9: 0.15 | T9: 0.15 | U9: 0.15 | V9: 0.15 | W9: 0.15 | X9: 0.05 | Y9: 0.05 | Z9: 0.05 | AA9: 0.05 | AB9: 0.05 | AC9: 0.05
A10: =A7 -> All zones except for IT Rooms, Stairway, and Mechanical_Electrical | B10: Office | C10: ElecEquipment | D10: Plug load and schedules project with CEC, 2025 | E10: Weekday | F10: 0.45 | G10: 0.45 | H10: 0.45 | I10: 0.45 | J10: 0.45 | K10: 0.45 | L10: 0.45 | M10: 0.74 | N10: 0.87 | O10: 0.9 | P10: 0.9 | Q10: 0.9 | R10: 0.9 | S10: 0.9 | T10: 0.9 | U10: 0.9 | V10: 0.9 | W10: 0.7 | X10: 0.5 | Y10: 0.5 | Z10: 0.5 | AA10: 0.45 | AB10: 0.45 | AC10: 0.45
E11: Saturday | F11: 0.43 | G11: 0.43 | H11: 0.43 | I11: 0.43 | J11: 0.43 | K11: 0.43 | L11: 0.43 | M11: 0.43 | N11: 0.43 | O11: 0.43 | P11: 0.43 | Q11: 0.43 | R11: 0.43 | S11: 0.43 | T11: 0.43 | U11: 0.43 | V11: 0.43 | W11: 0.43 | X11: 0.43 | Y11: 0.43 | Z11: 0.43 | AA11: 0.43 | AB11: 0.43 | AC11: 0.43
E12: Sunday | F12: 0.43 | G12: 0.43 | H12: 0.43 | I12: 0.43 | J12: 0.43 | K12: 0.43 | L12: 0.43 | M12: 0.43 | N12: 0.43 | O12: 0.43 | P12: 0.43 | Q12: 0.43 | R12: 0.43 | S12: 0.43 | T12: 0.43 | U12: 0.43 | V12: 0.43 | W12: 0.43 | X12: 0.43 | Y12: 0.43 | Z12: 0.43 | AA12: 0.43 | AB12: 0.43 | AC12: 0.43
A13: =A4 -> All zones except for IT Rooms, Stairway, and Mechanical_Electrical | B13: Office | C13: HVACAvail | D13: T24 2022 - Appendix 5.4B, [Office] Updated base on Plug load and schedules project with CEC, 2025 | E13: Weekday | F13: 0 | G13: 0 | H13: 0 | I13: 0 | J13: 0 | K13: 1 | L13: 1 | M13: 1 | N13: 1 | O13: 1 | P13: 1 | Q13: 1 | R13: 1 | S13: 1 | T13: 1 | U13: 1 | V13: 1 | W13: 1 | X13: 1 | Y13: 1 | Z13: 1 | AA13: 1 | AB13: 1 | AC13: 1
E14: Saturday | F14: 0 | G14: 0 | H14: 0 | I14: 0 | J14: 0 | K14: 0 | L14: 0 | M14: 0 | N14: 0 | O14: 0 | P14: 0 | Q14: 0 | R14: 0 | S14: 0 | T14: 0 | U14: 0 | V14: 0 | W14: 0 | X14: 0 | Y14: 0 | Z14: 0 | AA14: 0 | AB14: 0 | AC14: 0
E15: Sunday | F15: 0 | G15: 0 | H15: 0 | I15: 0 | J15: 0 | K15: 0 | L15: 0 | M15: 0 | N15: 0 | O15: 0 | P15: 0 | Q15: 0 | R15: 0 | S15: 0 | T15: 0 | U15: 0 | V15: 0 | W15: 0 | X15: 0 | Y15: 0 | Z15: 0 | AA15: 0 | AB15: 0 | AC15: 0
A16: =A4 -> All zones except for IT Rooms, Stairway, and Mechanical_Electrical | B16: Office | C16: ServiceHotWater | D16: T24 2022 - Appendix 5.4B, [Office] | E16: Weekday | F16: 0.05 | G16: 0.05 | H16: 0.05 | I16: 0.05 | J16: 0.05 | K16: 0.08 | L16: 0.07 | M16: 0.19 | N16: 0.35 | O16: 0.38 | P16: 0.39 | Q16: 0.47 | R16: 0.57 | S16: 0.54 | T16: 0.34 | U16: 0.33 | V16: 0.44 | W16: 0.26 | X16: 0.21 | Y16: 0.15 | Z16: 0.17 | AA16: 0.08 | AB16: 0.05 | AC16: 0.05
E17: Saturday | F17: 0.04 | G17: 0.04 | H17: 0.04 | I17: 0.04 | J17: 0.04 | K17: 0.07 | L17: 0.04 | M17: 0.04 | N17: 0.04 | O17: 0.04 | P17: 0.04 | Q17: 0.06 | R17: 0.06 | S17: 0.09 | T17: 0.06 | U17: 0.04 | V17: 0.04 | W17: 0.04 | X17: 0.04 | Y17: 0.04 | Z17: 0.04 | AA17: 0.07 | AB17: 0.04 | AC17: 0.04
E18: Sunday | F18: 0.04 | G18: 0.04 | H18: 0.04 | I18: 0.04 | J18: 0.04 | K18: 0.07 | L18: 0.04 | M18: 0.04 | N18: 0.04 | O18: 0.04 | P18: 0.04 | Q18: 0.06 | R18: 0.06 | S18: 0.09 | T18: 0.06 | U18: 0.04 | V18: 0.04 | W18: 0.04 | X18: 0.04 | Y18: 0.04 | Z18: 0.04 | AA18: 0.07 | AB18: 0.04 | AC18: 0.04
A19: =A4 -> All zones except for IT Rooms, Stairway, and Mechanical_Electrical | B19: Office | C19: Infiltration | D19: T24 2022 - Appendix 5.4B, [Office] Updated base on Plug load and schedules project with CEC, 202 | E19: Weekday | F19: 1 | G19: 1 | H19: 1 | I19: 1 | J19: 1 | K19: 0.25 | L19: 0.25 | M19: 0.25 | N19: 0.25 | O19: 0.25 | P19: 0.25 | Q19: 0.25 | R19: 0.25 | S19: 0.25 | T19: 0.25 | U19: 0.25 | V19: 0.25 | W19: 0.25 | X19: 0.25 | Y19: 0.25 | Z19: 0.25 | AA19: 0.25 | AB19: 0.25 | AC19: 0.25
E20: Saturday | F20: 1 | G20: 1 | H20: 1 | I20: 1 | J20: 1 | K20: 1 | L20: 1 | M20: 1 | N20: 1 | O20: 1 | P20: 1 | Q20: 1 | R20: 1 | S20: 1 | T20: 1 | U20: 1 | V20: 1 | W20: 1 | X20: 1 | Y20: 1 | Z20: 1 | AA20: 1 | AB20: 1 | AC20: 1
E21: Sunday | F21: 1 | G21: 1 | H21: 1 | I21: 1 | J21: 1 | K21: 1 | L21: 1 | M21: 1 | N21: 1 | O21: 1 | P21: 1 | Q21: 1 | R21: 1 | S21: 1 | T21: 1 | U21: 1 | V21: 1 | W21: 1 | X21: 1 | Y21: 1 | Z21: 1 | AA21: 1 | AB21: 1 | AC21: 1
A22: =A7 -> All zones except for IT Rooms, Stairway, and Mechanical_Electrical | B22: Office | C22: HtgSetpt | E22: Weekday | F22: =IF((F13=1),Thermostat!$C$3,Thermostat!$C$4) -> 60 | G22: =IF((G13=1),Thermostat!$C$3,Thermostat!$C$4) -> 60 | H22: =IF((H13=1),Thermostat!$C$3,Thermostat!$C$4) -> 60 | I22: =IF((I13=1),Thermostat!$C$3,Thermostat!$C$4) -> 60 | J22: =IF((J13=1),Thermostat!$C$3,Thermostat!$C$4) -> 60 | K22: =IF((K13=1),Thermostat!$C$3,Thermostat!$C$4) -> 70 | L22: =IF((L13=1),Thermostat!$C$3,Thermostat!$C$4) -> 70 | M22: =IF((M13=1),Thermostat!$C$3,Thermostat!$C$4) -> 70 | ... AC22: =IF((AC13=1),Thermostat!$C$3,Thermostat!$C$4) -> 70
E23: Saturday | F23: =IF((F14=1),Thermostat!$C$3,Thermostat!$C$4) -> 60 | G23: =IF((G14=1),Thermostat!$C$3,Thermostat!$C$4) -> 60 | H23: =IF((H14=1),Thermostat!$C$3,Thermostat!$C$4) -> 60 | I23: =IF((I14=1),Thermostat!$C$3,Thermostat!$C$4) -> 60 | J23: =IF((J14=1),Thermostat!$C$3,Thermostat!$C$4) -> 60 | K23: =IF((K14=1),Thermostat!$C$3,Thermostat!$C$4) -> 60 | L23: =IF((L14=1),Thermostat!$C$3,Thermostat!$C$4) -> 60 | M23: =IF((M14=1),Thermostat!$C$3,Thermostat!$C$4) -> 60 | ... AC23: =IF((AC14=1),Thermostat!$C$3,Thermostat!$C$4) -> 60
E24: Sunday | F24: =IF((F15=1),Thermostat!$C$3,Thermostat!$C$4) -> 60 | G24: =IF((G15=1),Thermostat!$C$3,Thermostat!$C$4) -> 60 | H24: =IF((H15=1),Thermostat!$C$3,Thermostat!$C$4) -> 60 | I24: =IF((I15=1),Thermostat!$C$3,Thermostat!$C$4) -> 60 | J24: =IF((J15=1),Thermostat!$C$3,Thermostat!$C$4) -> 60 | K24: =IF((K15=1),Thermostat!$C$3,Thermostat!$C$4) -> 60 | L24: =IF((L15=1),Thermostat!$C$3,Thermostat!$C$4) -> 60 | M24: =IF((M15=1),Thermostat!$C$3,Thermostat!$C$4) -> 60 | ... AC24: =IF((AC15=1),Thermostat!$C$3,Thermostat!$C$4) -> 60
A25: =A10 -> All zones except for IT Rooms, Stairway, and Mechanical_Electrical | B25: Office | C25: ClgSetpt | E25: Weekday | F25: =IF((F13=1),Thermostat!$C$5,Thermostat!$C$6) -> 85 | G25: =IF((G13=1),Thermostat!$C$5,Thermostat!$C$6) -> 85 | H25: =IF((H13=1),Thermostat!$C$5,Thermostat!$C$6) -> 85 | I25: =IF((I13=1),Thermostat!$C$5,Thermostat!$C$6) -> 85 | J25: =IF((J13=1),Thermostat!$C$5,Thermostat!$C$6) -> 85 | K25: =IF((K13=1),Thermostat!$C$5,Thermostat!$C$6) -> 75 | L25: =IF((L13=1),Thermostat!$C$5,Thermostat!$C$6) -> 75 | M25: =IF((M13=1),Thermostat!$C$5,Thermostat!$C$6) -> 75 | ... AC25: =IF((AC13=1),Thermostat!$C$5,Thermostat!$C$6) -> 75
E26: Saturday | F26: =IF((F14=1),Thermostat!$C$5,Thermostat!$C$6) -> 85 | G26: =IF((G14=1),Thermostat!$C$5,Thermostat!$C$6) -> 85 | H26: =IF((H14=1),Thermostat!$C$5,Thermostat!$C$6) -> 85 | I26: =IF((I14=1),Thermostat!$C$5,Thermostat!$C$6) -> 85 | J26: =IF((J14=1),Thermostat!$C$5,Thermostat!$C$6) -> 85 | K26: =IF((K14=1),Thermostat!$C$5,Thermostat!$C$6) -> 85 | L26: =IF((L14=1),Thermostat!$C$5,Thermostat!$C$6) -> 85 | M26: =IF((M14=1),Thermostat!$C$5,Thermostat!$C$6) -> 85 | ... AC26: =IF((AC14=1),Thermostat!$C$5,Thermostat!$C$6) -> 85
E27: Sunday | F27: =IF((F15=1),Thermostat!$C$5,Thermostat!$C$6) -> 85 | G27: =IF((G15=1),Thermostat!$C$5,Thermostat!$C$6) -> 85 | H27: =IF((H15=1),Thermostat!$C$5,Thermostat!$C$6) -> 85 | I27: =IF((I15=1),Thermostat!$C$5,Thermostat!$C$6) -> 85 | J27: =IF((J15=1),Thermostat!$C$5,Thermostat!$C$6) -> 85 | K27: =IF((K15=1),Thermostat!$C$5,Thermostat!$C$6) -> 85 | L27: =IF((L15=1),Thermostat!$C$5,Thermostat!$C$6) -> 85 | M27: =IF((M15=1),Thermostat!$C$5,Thermostat!$C$6) -> 85 | ... AC27: =IF((AC15=1),Thermostat!$C$5,Thermostat!$C$6) -> 85
A28: Data
A29: IT room | B29: Data | C29: Occupancy | D29: T24 2022 - Appendix 5.4B, [Data] Updated base on office schedule | E29: Weekday | F29: 0 | G29: 0 | H29: 0 | I29: 0 | J29: 0.05 | K29: 0.1 | L29: 0.25 | M29: 0.65 | N29: 0.65 | O29: 0.65 | P29: 0.65 | Q29: 0.6 | R29: 0.6 | S29: 0.65 | T29: 0.65 | U29: 0.65 | V29: 0.65 | W29: 0.4 | X29: 0.25 | Y29: 0.1 | Z29: 0.05 | AA29: 0.05 | AB29: 0.05 | AC29: 0
E30: Saturday | F30: 0 | G30: 0 | H30: 0 | I30: 0 | J30: 0 | K30: 0 | L30: 0 | M30: 0.05 | N30: 0.05 | O30: 0.05 | P30: 0.05 | Q30: 0.05 | R30: 0.05 | S30: 0.05 | T30: 0.05 | U30: 0.05 | V30: 0.05 | W30: 0.05 | X30: 0.05 | Y30: 0.05 | Z30: 0 | AA30: 0 | AB30: 0 | AC30: 0
E31: Sunday | F31: 0 | G31: 0 | H31: 0 | I31: 0 | J31: 0 | K31: 0 | L31: 0 | M31: 0.05 | N31: 0.05 | O31: 0.05 | P31: 0.05 | Q31: 0.05 | R31: 0.05 | S31: 0.05 | T31: 0.05 | U31: 0.05 | V31: 0.05 | W31: 0.05 | X31: 0.05 | Y31: 0.05 | Z31: 0 | AA31: 0 | AB31: 0 | AC31: 0
A32: =A29 -> IT room | B32: =B29 -> Data | C32: Lights | D32: T24 2022 - Appendix 5.4B, [Data] Updated base on office schedule | E32: Weekday | F32: 0.05 | G32: 0.05 | H32: 0.05 | I32: 0.05 | J32: 0.1 | K32: 0.2 | L32: 0.4 | M32: 0.7 | N32: 0.8 | O32: 0.85 | P32: 0.85 | Q32: 0.85 | R32: 0.85 | S32: 0.85 | T32: 0.85 | U32: 0.85 | V32: 0.85 | W32: 0.8 | X32: 0.35 | Y32: 0.1 | Z32: 0.1 | AA32: 0.1 | AB32: 0.1 | AC32: 0.1
E33: Saturday | F33: 0.05 | G33: 0.05 | H33: 0.05 | I33: 0.05 | J33: 0.05 | K33: 0.1 | L33: 0.1 | M33: 0.15 | N33: 0.15 | O33: 0.15 | P33: 0.15 | Q33: 0.15 | R33: 0.15 | S33: 0.15 | T33: 0.15 | U33: 0.15 | V33: 0.15 | W33: 0.1 | X33: 0.1 | Y33: 0.1 | Z33: 0.05 | AA33: 0.05 | AB33: 0.05 | AC33: 0.05
E34: Sunday | F34: 0.05 | G34: 0.05 | H34: 0.05 | I34: 0.05 | J34: 0.05 | K34: 0.1 | L34: 0.1 | M34: 0.15 | N34: 0.15 | O34: 0.15 | P34: 0.15 | Q34: 0.15 | R34: 0.15 | S34: 0.15 | T34: 0.15 | U34: 0.15 | V34: 0.15 | W34: 0.1 | X34: 0.1 | Y34: 0.1 | Z34: 0.05 | AA34: 0.05 | AB34: 0.05 | AC34: 0.05
A35: =A29 -> IT room | B35: =B29 -> Data | C35: HVACAvail | D35: T24 2022 - Appendix 5.4B, [Data] | E35: Weekday | F35: 1 | G35: 1 | H35: 1 | I35: 1 | J35: 1 | K35: 1 | L35: 1 | M35: 1 | N35: 1 | O35: 1 | P35: 1 | Q35: 1 | R35: 1 | S35: 1 | T35: 1 | U35: 1 | V35: 1 | W35: 1 | X35: 1 | Y35: 1 | Z35: 1 | AA35: 1 | AB35: 1 | AC35: 1
E36: Saturday | F36: 1 | G36: 1 | H36: 1 | I36: 1 | J36: 1 | K36: 1 | L36: 1 | M36: 1 | N36: 1 | O36: 1 | P36: 1 | Q36: 1 | R36: 1 | S36: 1 | T36: 1 | U36: 1 | V36: 1 | W36: 1 | X36: 1 | Y36: 1 | Z36: 1 | AA36: 1 | AB36: 1 | AC36: 1
E37: Sunday | F37: 1 | G37: 1 | H37: 1 | I37: 1 | J37: 1 | K37: 1 | L37: 1 | M37: 1 | N37: 1 | O37: 1 | P37: 1 | Q37: 1 | R37: 1 | S37: 1 | T37: 1 | U37: 1 | V37: 1 | W37: 1 | X37: 1 | Y37: 1 | Z37: 1 | AA37: 1 | AB37: 1 | AC37: 1
A38: =A29 -> IT room | B38: =B29 -> Data | C38: ServiceHotWater | D38: T24 2022 - Appendix 5.4B, [Data] | E38: Weekday | F38: 0 | G38: 0 | H38: 0 | I38: 0 | J38: 0.1 | K38: 0.1 | L38: 0.5 | M38: 0.5 | N38: 0.5 | O38: 0.5 | P38: 0.7 | Q38: 0.9 | R38: 0.9 | S38: 0.5 | T38: 0.5 | U38: 0.7 | V38: 0.5 | W38: 0.5 | X38: 0.5 | Y38: 0.1 | Z38: 0.1 | AA38: 0.1 | AB38: 0.1 | AC38: 0
E39: Saturday | F39: 0 | G39: 0 | H39: 0 | I39: 0 | J39: 0 | K39: 0 | L39: 0 | M39: 0 | N39: 0 | O39: 0 | P39: 0 | Q39: 0 | R39: 0 | S39: 0 | T39: 0 | U39: 0 | V39: 0 | W39: 0 | X39: 0 | Y39: 0 | Z39: 0 | AA39: 0 | AB39: 0 | AC39: 0
E40: Sunday | F40: 0 | G40: 0 | H40: 0 | I40: 0 | J40: 0 | K40: 0 | L40: 0 | M40: 0 | N40: 0 | O40: 0 | P40: 0 | Q40: 0 | R40: 0 | S40: 0 | T40: 0 | U40: 0 | V40: 0 | W40: 0 | X40: 0 | Y40: 0 | Z40: 0 | AA40: 0 | AB40: 0 | AC40: 0
A41: =A29 -> IT room | B41: =B29 -> Data | C41: Infiltration | D41: T24 2022 - Appendix 5.4B, [Data] | E41: Weekday | F41: 0.25 | G41: 0.25 | H41: 0.25 | I41: 0.25 | J41: 0.25 | K41: 0.25 | L41: 0.25 | M41: 0.25 | N41: 0.25 | O41: 0.25 | P41: 0.25 | Q41: 0.25 | R41: 0.25 | S41: 0.25 | T41: 0.25 | U41: 0.25 | V41: 0.25 | W41: 0.25 | X41: 0.25 | Y41: 0.25 | Z41: 0.25 | AA41: 0.25 | AB41: 0.25 | AC41: 0.25
E42: Saturday | F42: 0.25 | G42: 0.25 | H42: 0.25 | I42: 0.25 | J42: 0.25 | K42: 0.25 | L42: 0.25 | M42: 0.25 | N42: 0.25 | O42: 0.25 | P42: 0.25 | Q42: 0.25 | R42: 0.25 | S42: 0.25 | T42: 0.25 | U42: 0.25 | V42: 0.25 | W42: 0.25 | X42: 0.25 | Y42: 0.25 | Z42: 0.25 | AA42: 0.25 | AB42: 0.25 | AC42: 0.25
E43: Sunday | F43: 0.25 | G43: 0.25 | H43: 0.25 | I43: 0.25 | J43: 0.25 | K43: 0.25 | L43: 0.25 | M43: 0.25 | N43: 0.25 | O43: 0.25 | P43: 0.25 | Q43: 0.25 | R43: 0.25 | S43: 0.25 | T43: 0.25 | U43: 0.25 | V43: 0.25 | W43: 0.25 | X43: 0.25 | Y43: 0.25 | Z43: 0.25 | AA43: 0.25 | AB43: 0.25 | AC43: 0.25
A44: =A29 -> IT room | B44: =B29 -> Data | C44: ClgSetpt | D44: Based on Activity level and thermostat setpoint | E44: Weekday | F44: =Thermostat!$C$11 -> 80 | G44: =Thermostat!$C$11 -> 80 | H44: =Thermostat!$C$11 -> 80 | I44: =Thermostat!$C$11 -> 80 | J44: =Thermostat!$C$11 -> 80 | K44: =Thermostat!$C$11 -> 80 | L44: =Thermostat!$C$11 -> 80 | M44: =Thermostat!$C$11 -> 80 | ... AC44: =Thermostat!$C$11 -> 80
E45: Saturday | F45: =Thermostat!$C$11 -> 80 | G45: =Thermostat!$C$11 -> 80 | H45: =Thermostat!$C$11 -> 80 | I45: =Thermostat!$C$11 -> 80 | J45: =Thermostat!$C$11 -> 80 | K45: =Thermostat!$C$11 -> 80 | L45: =Thermostat!$C$11 -> 80 | M45: =Thermostat!$C$11 -> 80 | ... AC45: =Thermostat!$C$11 -> 80
E46: Sunday | F46: =Thermostat!$C$11 -> 80 | G46: =Thermostat!$C$11 -> 80 | H46: =Thermostat!$C$11 -> 80 | I46: =Thermostat!$C$11 -> 80 | J46: =Thermostat!$C$11 -> 80 | K46: =Thermostat!$C$11 -> 80 | L46: =Thermostat!$C$11 -> 80 | M46: =Thermostat!$C$11 -> 80 | ... AC46: =Thermostat!$C$11 -> 80
A47: Stairway and Mechanical_Electrical
A48: Stairway, and Mechanical_Electrical | B48: Ancillary | C48: Occupancy | D48: T24 2022 - Appendix 5.4B, [Data] Updated base on office schedule | E48: Weekday | F48: 0 | G48: 0 | H48: 0 | I48: 0 | J48: 0 | K48: 0 | L48: 0.1 | M48: 0.2 | N48: 0.95 | O48: 0.95 | P48: 0.95 | Q48: 0.95 | R48: 0.5 | S48: 0.95 | T48: 0.95 | U48: 0.95 | V48: 0.95 | W48: 0.3 | X48: 0.1 | Y48: 0.1 | Z48: 0.1 | AA48: 0.1 | AB48: 0.05 | AC48: 0.05
E49: Saturday | F49: 0 | G49: 0 | H49: 0 | I49: 0 | J49: 0 | K49: 0 | L49: 0.05 | M49: 0.05 | N49: 0.05 | O49: 0.05 | P49: 0.05 | Q49: 0.05 | R49: 0.05 | S49: 0.05 | T49: 0.05 | U49: 0.05 | V49: 0.05 | W49: 0.05 | X49: 0 | Y49: 0 | Z49: 0 | AA49: 0 | AB49: 0 | AC49: 0
E50: Sunday | F50: 0 | G50: 0 | H50: 0 | I50: 0 | J50: 0 | K50: 0 | L50: 0.05 | M50: 0.05 | N50: 0.05 | O50: 0.05 | P50: 0.05 | Q50: 0.05 | R50: 0.05 | S50: 0.05 | T50: 0.05 | U50: 0.05 | V50: 0.05 | W50: 0.05 | X50: 0 | Y50: 0 | Z50: 0 | AA50: 0 | AB50: 0 | AC50: 0
A51: =A48 -> Stairway, and Mechanical_Electrical | B51: Ancillary | C51: Lights | D51: T24 2022 - Appendix 5.4B, [Data] Updated base on office schedule | E51: Weekday | F51: 0.05 | G51: 0.05 | H51: 0.05 | I51: 0.05 | J51: 0.05 | K51: 0.1 | L51: 0.1 | M51: 0.3 | N51: 0.65 | O51: 0.65 | P51: 0.65 | Q51: 0.65 | R51: 0.65 | S51: 0.65 | T51: 0.65 | U51: 0.65 | V51: 0.65 | W51: 0.35 | X51: 0.3 | Y51: 0.3 | Z51: 0.2 | AA51: 0.2 | AB51: 0.1 | AC51: 0.05
E52: Saturday | F52: 0.05 | G52: 0.05 | H52: 0.05 | I52: 0.05 | J52: 0.05 | K52: 0.05 | L52: 0.15 | M52: 0.15 | N52: 0.15 | O52: 0.15 | P52: 0.15 | Q52: 0.15 | R52: 0.15 | S52: 0.15 | T52: 0.15 | U52: 0.15 | V52: 0.15 | W52: 0.15 | X52: 0.05 | Y52: 0.05 | Z52: 0.05 | AA52: 0.05 | AB52: 0.05 | AC52: 0.05
E53: Sunday | F53: 0.05 | G53: 0.05 | H53: 0.05 | I53: 0.05 | J53: 0.05 | K53: 0.05 | L53: 0.15 | M53: 0.15 | N53: 0.15 | O53: 0.15 | P53: 0.15 | Q53: 0.15 | R53: 0.15 | S53: 0.15 | T53: 0.15 | U53: 0.15 | V53: 0.15 | W53: 0.15 | X53: 0.05 | Y53: 0.05 | Z53: 0.05 | AA53: 0.05 | AB53: 0.05 | AC53: 0.05
A54: =A48 -> Stairway, and Mechanical_Electrical | B54: =B48 -> Ancillary | C54: HVACAvail | D54: T24 2022 - Appendix 5.4B, [Data] | E54: Weekday | F54: 0 | G54: 0 | H54: 0 | I54: 0 | J54: 0 | K54: 1 | L54: 1 | M54: 1 | N54: 1 | O54: 1 | P54: 1 | Q54: 1 | R54: 1 | S54: 1 | T54: 1 | U54: 1 | V54: 1 | W54: 1 | X54: 1 | Y54: 1 | Z54: 1 | AA54: 1 | AB54: 1 | AC54: 1
E55: Saturday | F55: 0 | G55: 0 | H55: 0 | I55: 0 | J55: 0 | K55: 0 | L55: 0 | M55: 0 | N55: 0 | O55: 0 | P55: 0 | Q55: 0 | R55: 0 | S55: 0 | T55: 0 | U55: 0 | V55: 0 | W55: 0 | X55: 0 | Y55: 0 | Z55: 0 | AA55: 0 | AB55: 0 | AC55: 0
E56: Sunday | F56: 0 | G56: 0 | H56: 0 | I56: 0 | J56: 0 | K56: 0 | L56: 0 | M56: 0 | N56: 0 | O56: 0 | P56: 0 | Q56: 0 | R56: 0 | S56: 0 | T56: 0 | U56: 0 | V56: 0 | W56: 0 | X56: 0 | Y56: 0 | Z56: 0 | AA56: 0 | AB56: 0 | AC56: 0
A57: =A48 -> Stairway, and Mechanical_Electrical | B57: =B48 -> Ancillary | C57: ServiceHotWater | D57: T24 2022 - Appendix 5.4B, [Data] | E57: Weekday | F57: 0 | G57: 0 | H57: 0 | I57: 0 | J57: 0 | K57: 0 | L57: 0 | M57: 0 | N57: 0 | O57: 0 | P57: 0 | Q57: 0 | R57: 0 | S57: 0 | T57: 0 | U57: 0 | V57: 0 | W57: 0 | X57: 0 | Y57: 0 | Z57: 0 | AA57: 0 | AB57: 0 | AC57: 0
E58: Saturday | F58: 0 | G58: 0 | H58: 0 | I58: 0 | J58: 0 | K58: 0 | L58: 0 | M58: 0 | N58: 0 | O58: 0 | P58: 0 | Q58: 0 | R58: 0 | S58: 0 | T58: 0 | U58: 0 | V58: 0 | W58: 0 | X58: 0 | Y58: 0 | Z58: 0 | AA58: 0 | AB58: 0 | AC58: 0
E59: Sunday | F59: 0 | G59: 0 | H59: 0 | I59: 0 | J59: 0 | K59: 0 | L59: 0 | M59: 0 | N59: 0 | O59: 0 | P59: 0 | Q59: 0 | R59: 0 | S59: 0 | T59: 0 | U59: 0 | V59: 0 | W59: 0 | X59: 0 | Y59: 0 | Z59: 0 | AA59: 0 | AB59: 0 | AC59: 0
A60: =A48 -> Stairway, and Mechanical_Electrical | B60: =B48 -> Ancillary | C60: Infiltration | D60: T24 2022 - Appendix 5.4B, [Data] | E60: Weekday | F60: 1 | G60: 1 | H60: 1 | I60: 1 | J60: 1 | K60: 0.25 | L60: 0.25 | M60: 0.25 | N60: 0.25 | O60: 0.25 | P60: 0.25 | Q60: 0.25 | R60: 0.25 | S60: 0.25 | T60: 0.25 | U60: 0.25 | V60: 0.25 | W60: 0.25 | X60: 0.25 | Y60: 0.25 | Z60: 0.25 | AA60: 0.25 | AB60: 0.25 | AC60: 0.25
E61: Saturday | F61: 1 | G61: 1 | H61: 1 | I61: 1 | J61: 1 | K61: 1 | L61: 1 | M61: 1 | N61: 1 | O61: 1 | P61: 1 | Q61: 1 | R61: 1 | S61: 1 | T61: 1 | U61: 1 | V61: 1 | W61: 1 | X61: 1 | Y61: 1 | Z61: 1 | AA61: 1 | AB61: 1 | AC61: 1
E62: Sunday | F62: 1 | G62: 1 | H62: 1 | I62: 1 | J62: 1 | K62: 1 | L62: 1 | M62: 1 | N62: 1 | O62: 1 | P62: 1 | Q62: 1 | R62: 1 | S62: 1 | T62: 1 | U62: 1 | V62: 1 | W62: 1 | X62: 1 | Y62: 1 | Z62: 1 | AA62: 1 | AB62: 1 | AC62: 1
A63: =A51 -> Stairway, and Mechanical_Electrical | B63: =B51 -> Ancillary | C63: HtgSetpt | D63: Engineering Judgement | E63: Weekday | F63: =Thermostat!$C$7 -> 60 | G63: =Thermostat!$C$7 -> 60 | H63: =Thermostat!$C$7 -> 60 | I63: =Thermostat!$C$7 -> 60 | J63: =Thermostat!$C$7 -> 60 | K63: =Thermostat!$C$7 -> 60 | L63: =Thermostat!$C$7 -> 60 | M63: =Thermostat!$C$7 -> 60 | ... AC63: =Thermostat!$C$7 -> 60
E64: Saturday | F64: =Thermostat!$C$7 -> 60 | G64: =Thermostat!$C$7 -> 60 | H64: =Thermostat!$C$7 -> 60 | I64: =Thermostat!$C$7 -> 60 | J64: =Thermostat!$C$7 -> 60 | K64: =Thermostat!$C$7 -> 60 | L64: =Thermostat!$C$7 -> 60 | M64: =Thermostat!$C$7 -> 60 | ... AC64: =Thermostat!$C$7 -> 60
E65: Sunday | F65: =Thermostat!$C$7 -> 60 | G65: =Thermostat!$C$7 -> 60 | H65: =Thermostat!$C$7 -> 60 | I65: =Thermostat!$C$7 -> 60 | J65: =Thermostat!$C$7 -> 60 | K65: =Thermostat!$C$7 -> 60 | L65: =Thermostat!$C$7 -> 60 | M65: =Thermostat!$C$7 -> 60 | ... AC65: =Thermostat!$C$7 -> 60
A66: =A48 -> Stairway, and Mechanical_Electrical | B66: =B48 -> Ancillary | C66: ClgSetpt | D66: Engineering Judgement | E66: Weekday | F66: =Thermostat!$C$9 -> 85 | G66: =Thermostat!$C$9 -> 85 | H66: =Thermostat!$C$9 -> 85 | I66: =Thermostat!$C$9 -> 85 | J66: =Thermostat!$C$9 -> 85 | K66: =Thermostat!$C$9 -> 85 | L66: =Thermostat!$C$9 -> 85 | M66: =Thermostat!$C$9 -> 85 | ... AC66: =Thermostat!$C$9 -> 85
E67: Saturday | F67: =Thermostat!$C$9 -> 85 | G67: =Thermostat!$C$9 -> 85 | H67: =Thermostat!$C$9 -> 85 | I67: =Thermostat!$C$9 -> 85 | J67: =Thermostat!$C$9 -> 85 | K67: =Thermostat!$C$9 -> 85 | L67: =Thermostat!$C$9 -> 85 | M67: =Thermostat!$C$9 -> 85 | ... AC67: =Thermostat!$C$9 -> 85
E68: Sunday | F68: =Thermostat!$C$9 -> 85 | G68: =Thermostat!$C$9 -> 85 | H68: =Thermostat!$C$9 -> 85 | I68: =Thermostat!$C$9 -> 85 | J68: =Thermostat!$C$9 -> 85 | K68: =Thermostat!$C$9 -> 85 | L68: =Thermostat!$C$9 -> 85 | M68: =Thermostat!$C$9 -> 85 | ... AC68: =Thermostat!$C$9 -> 85
A69: Other | AD69: EFLH
A70: Stairway | B70: Building | C70: Elevator | D70: T24 2022 - Appendix 5.4B, [Office] Updated base on Plug load and schedules project with CEC, 202 | E70: Weekday | F70: 0 | G70: 0 | H70: 0 | I70: 0 | J70: 0 | K70: 0 | L70: 0 | M70: 0.35 | N70: 0.69 | O70: 0.43 | P70: 0.37 | Q70: 0.43 | R70: 0.58 | S70: 0.48 | T70: 0.37 | U70: 0.37 | V70: 0.46 | W70: 0.62 | X70: 0.2 | Y70: 0.12 | Z70: 0.04 | AA70: 0.04 | AB70: 0 | AC70: 0 | AD70: =SUM(F70:AC70)*261+ SUM(F71:AC71)*52+ SUM(F72:AC72)*52 -> 1448.55
E71: Saturday | F71: 0 | G71: 0 | H71: 0 | I71: 0 | J71: 0 | K71: 0 | L71: 0 | M71: 0 | N71: 0 | O71: 0 | P71: 0 | Q71: 0 | R71: 0 | S71: 0 | T71: 0 | U71: 0 | V71: 0 | W71: 0 | X71: 0 | Y71: 0 | Z71: 0 | AA71: 0 | AB71: 0 | AC71: 0
E72: Sunday | F72: 0 | G72: 0 | H72: 0 | I72: 0 | J72: 0 | K72: 0 | L72: 0 | M72: 0 | N72: 0 | O72: 0 | P72: 0 | Q72: 0 | R72: 0 | S72: 0 | T72: 0 | U72: 0 | V72: 0 | W72: 0 | X72: 0 | Y72: 0 | Z72: 0 | AA72: 0 | AB72: 0 | AC72: 0
B73: Building | C73: ExtLightingNonMotionCtrl | E73: Weekday | F73: 1 | G73: 1 | H73: 1 | I73: 1 | J73: 1 | K73: 1 | L73: 1 | M73: 1 | N73: 1 | O73: 1 | P73: 1 | Q73: 1 | R73: 1 | S73: 1 | T73: 1 | U73: 1 | V73: 1 | W73: 1 | X73: 1 | Y73: 1 | Z73: 1 | AA73: 1 | AB73: 1 | AC73: 1
E74: Saturday | F74: 1 | G74: 1 | H74: 1 | I74: 1 | J74: 1 | K74: 1 | L74: 1 | M74: 1 | N74: 1 | O74: 1 | P74: 1 | Q74: 1 | R74: 1 | S74: 1 | T74: 1 | U74: 1 | V74: 1 | W74: 1 | X74: 1 | Y74: 1 | Z74: 1 | AA74: 1 | AB74: 1 | AC74: 1
E75: Sunday | F75: 1 | G75: 1 | H75: 1 | I75: 1 | J75: 1 | K75: 1 | L75: 1 | M75: 1 | N75: 1 | O75: 1 | P75: 1 | Q75: 1 | R75: 1 | S75: 1 | T75: 1 | U75: 1 | V75: 1 | W75: 1 | X75: 1 | Y75: 1 | Z75: 1 | AA75: 1 | AB75: 1 | AC75: 1
B76: Building | C76: ExtLightingMotionCtrl | E76: Weekday | F76: 0 | G76: 0 | H76: 0 | I76: 0 | J76: 0 | K76: 1 | L76: 1 | M76: 1 | N76: 1 | O76: 1 | P76: 1 | Q76: 1 | R76: 1 | S76: 1 | T76: 1 | U76: 1 | V76: 1 | W76: 1 | X76: 1 | Y76: 1 | Z76: 1 | AA76: 1 | AB76: 0 | AC76: 0
E77: Saturday | F77: 0 | G77: 0 | H77: 0 | I77: 0 | J77: 0 | K77: 1 | L77: 1 | M77: 1 | N77: 1 | O77: 1 | P77: 1 | Q77: 1 | R77: 1 | S77: 1 | T77: 1 | U77: 1 | V77: 1 | W77: 1 | X77: 1 | Y77: 1 | Z77: 1 | AA77: 1 | AB77: 1 | AC77: 1
E78: Sunday | F78: 0 | G78: 0 | H78: 0 | I78: 0 | J78: 0 | K78: 1 | L78: 1 | M78: 1 | N78: 1 | O78: 1 | P78: 1 | Q78: 1 | R78: 1 | S78: 1 | T78: 1 | U78: 1 | V78: 1 | W78: 1 | X78: 1 | Y78: 1 | Z78: 1 | AA78: 1 | AB78: 1 | AC78: 1
A79: Office | B79: Building | C79: FunctionalAreaPeopleActivityLevel | D79: Based on Activity level schedules in CEC Prototypes | E79: Weekday | F79: 131.9 | G79: 131.9 | H79: 131.9 | I79: 131.9 | J79: 131.9 | K79: 131.9 | L79: 131.9 | M79: 131.9 | N79: 131.9 | O79: 131.9 | P79: 131.9 | Q79: 131.9 | R79: 131.9 | S79: 131.9 | T79: 131.9 | U79: 131.9 | V79: 131.9 | W79: 131.9 | X79: 131.9 | Y79: 131.9 | Z79: 131.9 | AA79: 131.9 | AB79: 131.9 | AC79: 131.9
E80: Saturday | F80: 131.9 | G80: 131.9 | H80: 131.9 | I80: 131.9 | J80: 131.9 | K80: 131.9 | L80: 131.9 | M80: 131.9 | N80: 131.9 | O80: 131.9 | P80: 131.9 | Q80: 131.9 | R80: 131.9 | S80: 131.9 | T80: 131.9 | U80: 131.9 | V80: 131.9 | W80: 131.9 | X80: 131.9 | Y80: 131.9 | Z80: 131.9 | AA80: 131.9 | AB80: 131.9 | AC80: 131.9
E81: Sunday | F81: 131.9 | G81: 131.9 | H81: 131.9 | I81: 131.9 | J81: 131.9 | K81: 131.9 | L81: 131.9 | M81: 131.9 | N81: 131.9 | O81: 131.9 | P81: 131.9 | Q81: 131.9 | R81: 131.9 | S81: 131.9 | T81: 131.9 | U81: 131.9 | V81: 131.9 | W81: 131.9 | X81: 131.9 | Y81: 131.9 | Z81: 131.9 | AA81: 131.9 | AB81: 131.9 | AC81: 131.9
A82: IT room | B82: Building | C82: ComputerRoomPeopleActivityLevel | D82: Based on Activity level schedules in CEC Prototypes | E82: Weekday | F82: 120 | G82: 120 | H82: 120 | I82: 120 | J82: 120 | K82: 120 | L82: 120 | M82: 120 | N82: 120 | O82: 120 | P82: 120 | Q82: 120 | R82: 120 | S82: 120 | T82: 120 | U82: 120 | V82: 120 | W82: 120 | X82: 120 | Y82: 120 | Z82: 120 | AA82: 120 | AB82: 120 | AC82: 120
E83: Saturday | F83: 120 | G83: 120 | H83: 120 | I83: 120 | J83: 120 | K83: 120 | L83: 120 | M83: 120 | N83: 120 | O83: 120 | P83: 120 | Q83: 120 | R83: 120 | S83: 120 | T83: 120 | U83: 120 | V83: 120 | W83: 120 | X83: 120 | Y83: 120 | Z83: 120 | AA83: 120 | AB83: 120 | AC83: 120
E84: Sunday | F84: 120 | G84: 120 | H84: 120 | I84: 120 | J84: 120 | K84: 120 | L84: 120 | M84: 120 | N84: 120 | O84: 120 | P84: 120 | Q84: 120 | R84: 120 | S84: 120 | T84: 120 | U84: 120 | V84: 120 | W84: 120 | X84: 120 | Y84: 120 | Z84: 120 | AA84: 120 | AB84: 120 | AC84: 120
A85: Conference room | B85: Building | C85: MeetingAreaPeopleActivityLevel | D85: Based on Activity level schedules in CEC Prototypes | E85: Weekday | F85: 117 | G85: 117 | H85: 117 | I85: 117 | J85: 117 | K85: 117 | L85: 117 | M85: 117 | N85: 117 | O85: 117 | P85: 117 | Q85: 117 | R85: 117 | S85: 117 | T85: 117 | U85: 117 | V85: 117 | W85: 117 | X85: 117 | Y85: 117 | Z85: 117 | AA85: 117 | AB85: 117 | AC85: 117
E86: Saturday | F86: 117 | G86: 117 | H86: 117 | I86: 117 | J86: 117 | K86: 117 | L86: 117 | M86: 117 | N86: 117 | O86: 117 | P86: 117 | Q86: 117 | R86: 117 | S86: 117 | T86: 117 | U86: 117 | V86: 117 | W86: 117 | X86: 117 | Y86: 117 | Z86: 117 | AA86: 117 | AB86: 117 | AC86: 117
E87: Sunday | F87: 117 | G87: 117 | H87: 117 | I87: 117 | J87: 117 | K87: 117 | L87: 117 | M87: 117 | N87: 117 | O87: 117 | P87: 117 | Q87: 117 | R87: 117 | S87: 117 | T87: 117 | U87: 117 | V87: 117 | W87: 117 | X87: 117 | Y87: 117 | Z87: 117 | AA87: 117 | AB87: 117 | AC87: 117
A88: Corridor, Stairway, Lobby, Restroom, Mech, Storage, Break | B88: Building | C88: CommonAreaPeopleActivityLevel | D88: Based on Activity level schedules in CEC Prototypes | E88: Weekday | F88: 147 | G88: 147 | H88: 147 | I88: 147 | J88: 147 | K88: 147 | L88: 147 | M88: 147 | N88: 147 | O88: 147 | P88: 147 | Q88: 147 | R88: 147 | S88: 147 | T88: 147 | U88: 147 | V88: 147 | W88: 147 | X88: 147 | Y88: 147 | Z88: 147 | AA88: 147 | AB88: 147 | AC88: 147
E89: Saturday | F89: 147 | G89: 147 | H89: 147 | I89: 147 | J89: 147 | K89: 147 | L89: 147 | M89: 147 | N89: 147 | O89: 147 | P89: 147 | Q89: 147 | R89: 147 | S89: 147 | T89: 147 | U89: 147 | V89: 147 | W89: 147 | X89: 147 | Y89: 147 | Z89: 147 | AA89: 147 | AB89: 147 | AC89: 147
E90: Sunday | F90: 147 | G90: 147 | H90: 147 | I90: 147 | J90: 147 | K90: 147 | L90: 147 | M90: 147 | N90: 147 | O90: 147 | P90: 147 | Q90: 147 | R90: 147 | S90: 147 | T90: 147 | U90: 147 | V90: 147 | W90: 147 | X90: 147 | Y90: 147 | Z90: 147 | AA90: 147 | AB90: 147 | AC90: 147
A94: Background Data [To be deleted prior to publication]
B97: Operating Schedule
B98: System Capacity fraction | C98: Developed based on CEC and CEUS | D98: Office Zones | E98: Weekday | F98: =0 -> 0 | G98: 0 | H98: 0 | I98: 0 | J98: 0 | K98: 0 | L98: 0.2 | M98: 0.7 | N98: 1 | O98: 1 | P98: 1 | Q98: 1 | R98: 1 | S98: 1 | T98: 1 | U98: 1 | V98: 1 | W98: 0.7 | X98: 0.5 | Y98: 0.3 | Z98: 0.2 | AA98: 0.2 | AB98: 0 | AC98: 0
E99: Saturday | F99: 0 | G99: 0 | H99: 0 | I99: 0 | J99: 0 | K99: 0 | L99: 0.1 | M99: 0.1 | N99: 0.5 | O99: 0.5 | P99: 0.5 | Q99: 0.5 | R99: 0.1 | S99: 0.1 | T99: 0.1 | U99: 0.1 | V99: 0.1 | W99: 0.05 | X99: 0.005 | Y99: 0 | Z99: 0 | AA99: 0 | AB99: 0 | AC99: 0
B100: Alternative HVAC System Operating
B101: Alternative HVAC System Operating | C101: Developed based on CEC schedules and CEUS operating hours | D101: Office Closed Zones | E101: Weekday | F101: 0 | G101: 0 | H101: 0 | I101: 0 | J101: 0 | K101: 0 | L101: 0 | M101: 1 | N101: 1 | O101: 1 | P101: 1 | Q101: 1 | R101: 1 | S101: 1 | T101: 1 | U101: 1 | V101: 1 | W101: 1 | X101: 0 | Y101: 0 | Z101: 0 | AA101: 0 | AB101: 0 | AC101: 0
E102: Saturday | F102: 0 | G102: 0 | H102: 0 | I102: 0 | J102: 0 | K102: 0 | L102: 0 | M102: 0 | N102: 1 | O102: 1 | P102: 1 | Q102: 1 | R102: 0 | S102: 0 | T102: 0 | U102: 0 | V102: 0 | W102: 0 | X102: 0 | Y102: 0 | Z102: 0 | AA102: 0 | AB102: 0 | AC102: 0
E103: Otherday | F103: 0 | G103: 0 | H103: 0 | I103: 0 | J103: 0 | K103: 0 | L103: 0 | M103: 0 | N103: 0 | O103: 0 | P103: 0 | Q103: 0 | R103: 0 | S103: 0 | T103: 0 | U103: 0 | V103: 0 | W103: 0 | X103: 0 | Y103: 0 | Z103: 0 | AA103: 0 | AB103: 0 | AC103: 0
D104: Office Open Zones | E104: Weekday | F104: 0 | G104: 0 | H104: 0 | I104: 0 | J104: 0 | K104: 0 | L104: 1 | M104: 1 | N104: 1 | O104: 1 | P104: 1 | Q104: 1 | R104: 1 | S104: 1 | T104: 1 | U104: 1 | V104: 1 | W104: 1 | X104: 1 | Y104: 1 | Z104: 1 | AA104: 1 | AB104: 0 | AC104: 0
E105: Saturday | F105: 0 | G105: 0 | H105: 0 | I105: 0 | J105: 0 | K105: 0 | L105: 0 | M105: 0 | N105: 0 | O105: 0 | P105: 0 | Q105: 0 | R105: 0 | S105: 0 | T105: 0 | U105: 0 | V105: 0 | W105: 0 | X105: 0 | Y105: 0 | Z105: 0 | AA105: 0 | AB105: 0 | AC105: 0
...

Sheet Energy Usage
A1: CalBEM Energy Consumption - OfficeMedium | I1: National Average (EnergyStar Portfolio Manager) | N1: CEUS Energy Consumption - OfficeLarge
A2: Prototype | B2: CZ | C2: CalBEM Electricity EUI (KBTU/ft²) | D2: CalBEM Gas EUI (KBTU/ft²) | E2: CalBEM Total EUI (KBTU/ft²) | F2: New Construction Electricity EUI (KBTU/ft²) | G2: New Construction Gas EUI (KBTU/ft²) | H2: New Construction Total EUI (KBTU/ft²) | I2: National Average | J2: Acceptable RangeRange (25% Higher) | K2: Acceptable RangeRange (25% Lower) | L2: National Average Acceptable Range | N2: Prototype | O2: CZ | P2: Total Floorspace (Thousand of ft2) | Q2: CEUS 2022 Electric Energy Intensity (kWh/ft²) | R2: CEUS 2022 Annual Gas Intensity (kWh/ft²) | S2: CEUS 2022 Total EUI (kBtu/ft²) | T2: Acceptable Range (25% Higher) | U2: Acceptable Range (25% Lower) | V2: CEUS 2022 Acceptable Range
A3: HotelSmall | B3: 1 | I3: 59.8 | J3: =I3*1.25 -> 74.75 | K3: =I3*0.75 -> 44.85 | L3: =J3-K3 -> 29.9 | N3: OfficeLarge | O3: 1 | P3: 5279 | Q3: 16.7 | R3: 5.01 | S3: =(Q3+R3)*3.412 -> 74.07452 | T3: =S3*1.25 -> 92.59315 | U3: =S3*0.75 -> 55.55589 | V3: =T3-U3 -> 37.03726
B4: 2 | I4: 65.5 | J4: =I4*1.25 -> 81.875 | K4: =I4*0.75 -> 49.125 | L4: =J4-K4 -> 32.75 | O4: 2 | P4: 12449 | Q4: 15.2 | R4: 6.24 | S4: =(Q4+R4)*3.412 -> 73.15328 | T4: =S4*1.25 -> 91.4416 | U4: =S4*0.75 -> 54.86496 | V4: =T4-U4 -> 36.57664
B5: 3 | I5: 62.2 | J5: =I5*1.25 -> 77.75 | K5: =I5*0.75 -> 46.65 | L5: =J5-K5 -> 31.1 | O5: 3 | P5: 242565 | Q5: 14.3 | R5: 4.83 | S5: =(Q5+R5)*3.412 -> 65.27156 | T5: =S5*1.25 -> 81.58945 | U5: =S5*0.75 -> 48.95367 | V5: =T5-U5 -> 32.63578
B6: 4 | I6: 67.7 | J6: =I6*1.25 -> 84.625 | K6: =I6*0.75 -> 50.775 | L6: =J6-K6 -> 33.85 | O6: 4 | P6: 137610 | Q6: 14.4 | R6: 4.76 | S6: =(Q6+R6)*3.412 -> 65.37392 | T6: =S6*1.25 -> 81.7174 | U6: =S6*0.75 -> 49.03044 | V6: =T6-U6 -> 32.68696
B7: 5 | I7: 59.7 | J7: =I7*1.25 -> 74.625 | K7: =I7*0.75 -> 44.775 | L7: =J7-K7 -> 29.85 | O7: 5 | P7: 3834 | Q7: 8.6 | R7: 9.32 | S7: =(Q7+R7)*3.412 -> 61.14304 | T7: =S7*1.25 -> 76.4288 | U7: =S7*0.75 -> 45.85728 | V7: =T7-U7 -> 30.57152
B8: 6 | I8: 69 | J8: =I8*1.25 -> 86.25 | K8: =I8*0.75 -> 51.75 | L8: =J8-K8 -> 34.5 | O8: 6 | P8: 109980 | Q8: 10.9 | R8: 4.88 | S8: =(Q8+R8)*3.412 -> 53.84136 | T8: =S8*1.25 -> 67.3017 | U8: =S8*0.75 -> 40.38102 | V8: =T8-U8 -> 26.92068
B9: 7 | I9: 64.9 | J9: =I9*1.25 -> 81.125 | K9: =I9*0.75 -> 48.675 | L9: =J9-K9 -> 32.45 | O9: 7 | P9: 76710 | Q9: 14.8 | R9: 9.36 | S9: =(Q9+R9)*3.412 -> 82.43392 | T9: =S9*1.25 -> 103.0424 | U9: =S9*0.75 -> 61.82544 | V9: =T9-U9 -> 41.21696
B10: 8 | I10: 65.9 | J10: =I10*1.25 -> 82.375 | K10: =I10*0.75 -> 49.425 | L10: =J10-K10 -> 32.95 | O10: 8 | P10: 177013 | Q10: 10.4 | R10: 4.24 | S10: =(Q10+R10)*3.412 -> 49.95168 | T10: =S10*1.25 -> 62.4396 | U10: =S10*0.75 -> 37.46376 | V10: =T10-U10 -> 24.97584
B11: 9 | I11: 65.9 | J11: =I11*1.25 -> 82.375 | K11: =I11*0.75 -> 49.425 | L11: =J11-K11 -> 32.95 | O11: 9 | P11: 240000 | Q11: 10.9 | R11: 4.38 | S11: =(Q11+R11)*3.412 -> 52.13536 | T11: =S11*1.25 -> 65.1692 | U11: =S11*0.75 -> 39.10152 | V11: =T11-U11 -> 26.06768
B12: 10 | I12: 66.4 | J12: =I12*1.25 -> 83 | K12: =I12*0.75 -> 49.8 | L12: =J12-K12 -> 33.2 | O12: 10 | P12: 65927 | Q12: 11.9 | R12: 7.21 | S12: =(Q12+R12)*3.412 -> 65.20332 | T12: =S12*1.25 -> 81.50415 | U12: =S12*0.75 -> 48.90249 | V12: =T12-U12 -> 32.60166
B13: 11 | I13: 68.6 | J13: =I13*1.25 -> 85.75 | K13: =I13*0.75 -> 51.45 | L13: =J13-K13 -> 34.3 | O13: 11 | P13: 18413 | Q13: 11.4 | R13: 4.29 | S13: =(Q13+R13)*3.412 -> 53.53428 | T13: =S13*1.25 -> 66.91785 | U13: =S13*0.75 -> 40.15071 | V13: =T13-U13 -> 26.76714
B14: 12 | I14: 67.8 | J14: =I14*1.25 -> 84.75 | K14: =I14*0.75 -> 50.85 | L14: =J14-K14 -> 33.9 | O14: 12 | P14: 171620 | Q14: 14.4 | R14: 6.12 | S14: =(Q14+R14)*3.412 -> 70.01424 | T14: =S14*1.25 -> 87.5178 | U14: =S14*0.75 -> 52.51068 | V14: =T14-U14 -> 35.00712
B15: 13 | I15: 68.3 | J15: =I15*1.25 -> 85.375 | K15: =I15*0.75 -> 51.225 | L15: =J15-K15 -> 34.15 | O15: 13 | P15: 19959 | Q15: 15.9 | R15: 3.71 | S15: =(Q15+R15)*3.412 -> 66.90932 | T15: =S15*1.25 -> 83.63665 | U15: =S15*0.75 -> 50.18199 | V15: =T15-U15 -> 33.45466
... B18: 16 | I18: 70.6 | J18: =I18*1.25 -> 88.25 | K18: =I18*0.75 -> 52.95 | L18: =J18-K18 -> 35.3 | O18: 16 | P18: 39406 | Q18: 11.6 | R18: 4.42 | S18: =(Q18+R18)*3.412 -> 54.66024 | T18: =S18*1.25 -> 68.3253 | U18: =S18*0.75 -> 40.99518 | V18: =T18-U18 -> 27.33012
N20: Source: CEUS 2022 Report/Data
N21: And applying FZ-CZ multipliers for converting FZ data to CZ data
N24: We don't have Medium Office specific data from CEUS. The data copied here belongs to the CEUS large office data which our Medium Office prototype falls within that group

Sheet PV
A1: PV - TBD

Sheet EV Charger
A1: EV Charger - OfficeMedium (TBD)
A3: According To CEUS 2022 and their survey around 2018-2020, only 0.5% of large office buildings have EV chargers
A11: Background Data [To be deleted prior to publication]
A14: CEUS 2022 (Base on Survey 2018) | K14: The data presented in this worksheet represents the projected number of EV charger ports, or the number of cars that can be charged at the same time, for the year 2022 (last year of CEUC)
D15: Has EV Chargers | K15: Level 1, 120 volt Charger (No. ports/SqFT) | T15: Level 2, 240 volt Charger (No. ports/SqFT) | AC15: Level 3, DC fast (No. ports/SqFT) | AL15: Charger Type Unkown (No. ports/SqFT) | AU15: All Chargers Totals (No. ports/SqFT)
A16: Calculation Method | B16: Statewide/ Utility/ FCZ | C16: Building Type | D16: No | E16: Yes | F16: Total | I16: Statewide/ Utility/ FCZ | J16: Building Type | K16: Public Only | L16: Public & Employee | M16: Public & Fleet | N16: Employee Only | O16: Employee & Fleet | P16: Fleet Only | Q16: All 3 Types | R16: Unknown | S16: Level 1 Total | T16: Public Only | U16: Public & Employee | V16: Public & Fleet | W16: Employee Only | X16: Employee & Fleet | Y16: Fleet Only | Z16: All 3 Types | AA16: Unknown | AB16: Level 2 Total | AC16: Public Only | AD16: Public & Employee | AE16: Public & Fleet | AF16: Employee Only | AG16: Employee & Fleet | AH16: Fleet Only | AI16: All 3 Types | AJ16: Unknown | AK16: Level 3 Total | AL16: Public Only | AM16: Public & Employee | AN16: Public & Fleet | AO16: Employee Only | AP16: Employee & Fleet | AQ16: Fleet Only | AR16: All 3 Types | AS16: Unknown | AT16: Unkonwn Total | AU16: Public Only | AV16: Public & Employee | AW16: Public & Fleet | AX16: Employee Only | AY16: Employee & Fleet | AZ16: Fleet Only | BA16: All 3 Types | BB16: Unknown | BC16: Total
A17: Floorspace-Based | B17: Statewide | C17: Office, Small | D17: 0.91629084 | E17: 0.083709165 | F17: 1 | I17: Statewide | J17: Office, Small | K17: 234.63109 | L17: 257.26071 | M17: 0 | N17: 514.26458 | O17: 0 | P17: 22.221664 | Q17: 197.98307 | R17: 0 | S17: 1226.3611 | T17: 108.94502 | U17: 831.31992 | V17: 0 | W17: 1332.4399 | X17: 101.16411 | Y17: 78.502373 | Z17: 360.40604 | AA17: 0 | AB17: 2812.7774 | AC17: 21.375883 | AD17: 0 | AE17: 0 | AF17: 15.713801 | AG17: 0 | AH17: 0 | AI17: 0 | AJ17: 0 | AK17: 37.089684 | AL17: 56.94989 | AM17: 42.147584 | AN17: 0 | AO17: 212.11013 | AP17: 0 | AQ17: 25.741961 | AR17: 0 | AS17: 0 | AT17: 336.94956 | AU17: 421.90189 | AV17: 1130.7282 | AW17: 0 | AX17: 2074.5284 | AY17: 101.16411 | AZ17: 126.466 | BA17: 558.38911 | BB17: 0 | BC17: 4413.1778
A18: Floorspace-Based | B18: FCZ01 Tot | C18: Office, Small | D18: 0.88474892 | E18: 0.11525108 | F18: 1 | I18: FCZ01 Tot | J18: Office, Small | K18: 0 | L18: 0 | M18: 0 | N18: 92.114774 | O18: 0 | P18: 0 | Q18: 5.6273317 | R18: 0 | S18: 97.742105 | T18: 0 | U18: 290.15374 | V18: 0 | W18: 73.027737 | X18: 95.664638 | Y18: 65.739866 | Z18: 24.342579 | AA18: 0 | AB18: 548.92857 | AC18: 0 | AD18: 0 | AE18: 0 | AF18: 0 | AG18: 0 | AH18: 0 | AI18: 0 | AJ18: 0 | AK18: 0 | AL18: 0 | AM18: 0 | AN18: 0 | AO18: 27.974785 | AP18: 0 | AQ18: 24.342579 | AR18: 0 | AS18: 0 | AT18: 52.317364 | AU18: 0 | AV18: 290.15374 | AW18: 0 | AX18: 193.1173 | AY18: 95.664638 | AZ18: 90.082445 | BA18: 29.969911 | BB18: 0 | BC18: 698.98803
A19: Floorspace-Based | B19: FCZ02 Tot | C19: Office, Small | D19: 0.87664055 | E19: 0.12335945 | F19: 1 | I19: FCZ02 Tot | J19: Office, Small | K19: 0 | L19: 0 | M19: 0 | N19: 0 | O19: 0 | P19: 21.013652 | Q19: 0 | R19: 0 | S19: 21.013652 | T19: 0 | U19: 189.12287 | V19: 0 | W19: 21.156124 | X19: 0 | Y19: 0 | Z19: 0 | AA19: 0 | AB19: 210.27899 | AC19: 0 | AD19: 0 | AE19: 0 | AF19: 0 | AG19: 0 | AH19: 0 | AI19: 0 | AJ19: 0 | AK19: 0 | AL19: 0 | AM19: 0 | AN19: 0 | AO19: 0 | AP19: 0 | AQ19: 0 | AR19: 0 | AS19: 0 | AT19: 0 | AU19: 0 | AV19: 189.12287 | AW19: 0 | AX19: 21.156124 | AY19: 0 | AZ19: 21.013652 | BA19: 0 | BB19: 0 | BC19: 231.29265
A20: Floorspace-Based | B20: FCZ03 Tot | C20: Office, Small | D20: 0.93389784 | E20: 0.066102161 | F20: 1 | I20: FCZ03 Tot | J20: Office, Small | K20: 0 | L20: 78.750982 | M20: 0 | N20: 0 | O20: 0 | P20: 0 | Q20: 0 | R20: 0 | S20: 78.750982 | T20: 0 | U20: 0 | V20: 0 | W20: 0 | X20: 0 | Y20: 0 | Z20: 0 | AA20: 0 | AB20: 0 | AC20: 0 | AD20: 0 | AE20: 0 | AF20: 0 | AG20: 0 | AH20: 0 | AI20: 0 | AJ20: 0 | AK20: 0 | AL20: 0 | AM20: 12.871851 | AN20: 0 | AO20: 0 | AP20: 0 | AQ20: 0 | AR20: 0 | AS20: 0 | AT20: 12.871851 | AU20: 0 | AV20: 91.622833 | AW20: 0 | AX20: 0 | AY20: 0 | AZ20: 0 | BA20: 0 | BB20: 0 | BC20: 91.622833
A21: Floorspace-Based | B21: FCZ04 Tot | C21: Office, Small | D21: 0.82696529 | E21: 0.17303471 | F21: 1 | I21: FCZ04 Tot | J21: Office, Small | K21: 0 | L21: 0 | M21: 0 | N21: 0 | O21: 0 | P21: 0 | Q21: 0 | R21: 0 | S21: 0 | T21: 0 | U21: 0 | V21: 0 | W21: 44.11001 | X21: 0 | Y21: 0 | Z21: 0 | AA21: 0 | AB21: 44.11001 | AC21: 0 | AD21: 0 | AE21: 0 | AF21: 0 | AG21: 0 | AH21: 0 | AI21: 0 | AJ21: 0 | AK21: 0 | AL21: 0 | AM21: 26.984511 | AN21: 0 | AO21: 0 | AP21: 0 | AQ21: 0 | AR21: 0 | AS21: 0 | AT21: 26.984511 | AU21: 0 | AV21: 26.984511 | AW21: 0 | AX21: 44.11001 | AY21: 0 | AZ21: 0 | BA21: 0 | BB21: 0 | BC21: 71.09452
A22: Floorspace-Based | B22: FCZ05 Tot | C22: Office, Small | D22: 0.96399408 | E22: 0.036005923 | F22: 1 | I22: FCZ05 Tot | J22: Office, Small | K22: 0 | L22: 0 | M22: 0 | N22: 0 | O22: 0 | P22: 0 | Q22: 0 | R22: 0 | S22: 0 | T22: 0 | U22: 0 | V22: 0 | W22: 19.634673 | X22: 0 | Y22: 0 | Z22: 0 | AA22: 0 | AB22: 19.634673 | AC22: 0 | AD22: 0 | AE22: 0 | AF22: 0 | AG22: 0 | AH22: 0 | AI22: 0 | AJ22: 0 | AK22: 0 | AL22: 0 | AM22: 0 | AN22: 0 | AO22: 0 | AP22: 0 | AQ22: 0 | AR22: 0 | AS22: 0 | AT22: 0 | AU22: 0 | AV22: 0 | AW22: 0 | AX22: 19.634673 | AY22: 0 | AZ22: 0 | BA22: 0 | BB22: 0 | BC22: 19.634673
A23: Floorspace-Based | B23: FCZ06 Tot | C23: Office, Small | D23: 0.934083 | E23: 0.065917001 | F23: 1 | I23: FCZ06 Tot | J23: Office, Small | K23: 0 | L23: 0 | M23: 0 | N23: 0 | O23: 0 | P23: 0 | Q23: 0 | R23: 0 | S23: 0 | T23: 0 | U23: 0 | V23: 0 | W23: 0 | X23: 0 | Y23: 0 | Z23: 0 | AA23: 0 | AB23: 0 | AC23: 0 | AD23: 0 | AE23: 0 | AF23: 0 | AG23: 0 | AH23: 0 | AI23: 0 | AJ23: 0 | AK23: 0 | AL23: 0 | AM23: 0 | AN23: 0 | AO23: 50.28477 | AP23: 0 | AQ23: 0 | AR23: 0 | AS23: 0 | AT23: 50.28477 | AU23: 0 | AV23: 0 | AW23: 0 | AX23: 50.28477 | AY23: 0 | AZ23: 0 | BA23: 0 | BB23: 0 | BC23: 50.28477
A24: Floorspace-Based | B24: FCZ07 Tot | C24: Office, Small | D24: 0.9176906 | E24: 0.082309405 | F24: 1 | I24: FCZ07 Tot | J24: Office, Small | K24: 0 | L24: 0 | M24: 0 | N24: 199.1172 | O24: 0 | P24: 0 | Q24: 0 | R24: 0 | S24: 199.1172 | T24: 0 | U24: 229.22225 | V24: 0 | W24: 397.49955 | X24: 0 | Y24: 0 | Z24: 0 | AA24: 0 | AB24: 626.72179 | AC24: 0 | AD24: 0 | AE24: 0 | AF24: 0 | AG24: 0 | AH24: 0 | AI24: 0 | AJ24: 0 | AK24: 0 | AL24: 0 | AM24: 0 | AN24: 0 | AO24: 0 | AP24: 0 | AQ24: 0 | AR24: 0 | AS24: 0 | AT24: 0 | AU24: 0 | AV24: 229.22225 | AW24: 0 | AX24: 596.61674 | AY24: 0 | AZ24: 0 | BA24: 0 | BB24: 0 | BC24: 825.83899
A25: Floorspace-Based | B25: FCZ08 Tot | C25: Office, Small | D25: 0.8671958 | E25: 0.1328042 | F25: 1 | I25: FCZ08 Tot | J25: Office, Small | K25: 0 | L25: 0 | M25: 0 | N25: 0 | O25: 0 | P25: 0 | Q25: 0 | R25: 0 | S25: 0 | T25: 0 | U25: 77.628926 | V25: 0 | W25: 0 | X25: 0 | Y25: 0 | Z25: 0 | AA25: 0 | AB25: 77.628926 | AC25: 0 | AD25: 0 | AE25: 0 | AF25: 14.859569 | AG25: 0 | AH25: 0 | AI25: 0 | AJ25: 0 | AK25: 14.859569 | AL25: 0 | AM25: 0 | AN25: 0 | AO25: 0 | AP25: 0 | AQ25: 0 | AR25: 0 | AS25: 0 | AT25: 0 | AU25: 0 | AV25: 77.628926 | AW25: 0 | AX25: 14.859569 | AY25: 0 | AZ25: 0 | BA25: 0 | BB25: 0 | BC25: 92.488495
A26: Floorspace-Based | B26: FCZ09 Tot | C26: Office, Small | D26: 0.90936489 | E26: 0.090635106 | F26: 1 | I26: FCZ09 Tot | J26: Office, Small | K26: 0 | L26: 0 | M26: 0 | N26: 0 | O26: 0 | P26: 0 | Q26: 0 | R26: 0 | S26: 0 | T26: 0 | U26: 0 | V26: 0 | W26: 0 | X26: 0 | Y26: 0 | Z26: 0 | AA26: 0 | AB26: 0 | AC26: 0 | AD26: 0 | AE26: 0 | AF26: 0 | AG26: 0 | AH26: 0 | AI26: 0 | AJ26: 0 | AK26: 0 | AL26: 0 | AM26: 0 | AN26: 0 | AO26: 0 | AP26: 0 | AQ26: 0 | AR26: 0 | AS26: 0 | AT26: 0 | AU26: 0 | AV26: 0 | AW26: 0 | AX26: 0 | AY26: 0 | AZ26: 0 | BA26: 0 | BB26: 0 | BC26: 0
A27: Floorspace-Based | B27: FCZ10 Tot | C27: Office, Small | D27: 0.95601441 | E27: 0.043985587 | F27: 1 | I27: FCZ10 Tot | J27: Office, Small | K27: 0 | L27: 0 | M27: 0 | N27: 27.526763 | O27: 0 | P27: 0 | Q27: 0 | R27: 0 | S27: 27.526763 | T27: 0 | U27: 0 | V27: 0 | W27: 0 | X27: 0 | Y27: 0 | Z27: 0 | AA27: 0 | AB27: 0 | AC27: 0 | AD27: 0 | AE27: 0 | AF27: 0 | AG27: 0 | AH27: 0 | AI27: 0 | AJ27: 0 | AK27: 0 | AL27: 0 | AM27: 0 | AN27: 0 | AO27: 50.160792 | AP27: 0 | AQ27: 0 | AR27: 0 | AS27: 0 | AT27: 50.160792 | AU27: 0 | AV27: 0 | AW27: 0 | AX27: 77.687555 | AY27: 0 | AZ27: 0 | BA27: 0 | BB27: 0 | BC27: 77.687555
A28: Floorspace-Based | B28: FCZ11 Tot | C28: Office, Small | D28: 0.87588519 | E28: 0.12411481 | F28: 1 | I28: FCZ11 Tot | J28: Office, Small | K28: 0 | L28: 0 | M28: 0 | N28: 0 | O28: 0 | P28: 0 | Q28: 0 | R28: 0 | S28: 0 | T28: 0 | U28: 0 | V28: 0 | W28: 89.176218 | X28: 0 | Y28: 0 | Z28: 0 | AA28: 0 | AB28: 89.176218 | AC28: 0 | AD28: 0 | AE28: 0 | AF28: 0 | AG28: 0 | AH28: 0 | AI28: 0 | AJ28: 0 | AK28: 0 | AL28: 0 | AM28: 0 | AN28: 0 | AO28: 0 | AP28: 0 | AQ28: 0 | AR28: 0 | AS28: 0 | AT28: 0 | AU28: 0 | AV28: 0 | AW28: 0 | AX28: 89.176218 | AY28: 0 | AZ28: 0 | BA28: 0 | BB28: 0 | BC28: 89.176218
... A33: Floorspace-Based | B33: FCZ17 Tot | C33: Office, Small | D33: 0.98526125 | E33: 0.01473875 | F33: 1 | I33: FCZ17 Tot | J33: Office, Small | K33: 0 | L33: 0 | M33: 0 | N33: 0 | O33: 0 | P33: 0 | Q33: 0 | R33: 0 | S33: 0 | T33: 0 | U33: 0 | V33: 0 | W33: 0 | X33: 0 | Y33: 0 | Z33: 0 | AA33: 0 | AB33: 0 | AC33: 0 | AD33: 0 | AE33: 0 | AF33: 0 | AG33: 0 | AH33: 0 | AI33: 0 | AJ33: 0 | AK33: 0 | AL33: 0 | AM33: 0 | AN33: 0 | AO33: 0 | AP33: 0 | AQ33: 0 | AR33: 0 | AS33: 0 | AT33: 0 | AU33: 0 | AV33: 0 | AW33: 0 | AX33: 0 | AY33: 0 | AZ33: 0 | BA33: 0 | BB33: 0 | BC33: 0

Sheet Data
A1: Space Function | B1: Electric Equipment Load Intensity | C1: Electric Equipment Load Intensity | D1: LPD
A2: Aging Eye/Low-vision (Corridor Area) | D2: 2013 | E2: 2016 | F2: 2019 | G2: 2025
A3: Aging Eye/Low-vision (Dining)
A4: Aging Eye/Low-vision (Lobby, Main Entry)
A5: Aging Eye/Low-vision (Lounge/Waiting Area)
A6: Aging Eye/Low-vision (Multipurpose Room)
A7: Aging Eye/Low-vision (Religious Worship Area)
A8: Aging Eye/Low-vision (Restroom)
A9: Aging Eye/Low-vision (Stairwell)
A10: Audience Seating Area
A11: Auditorium Area
A12: Auto Repair / Maintenance Area
A13: Barber, Beauty Salon, Spa Area
A14: Civic Meeting Place Area
... A83: Server Room (EPD 45)

Sheet Weights
A1: % of floor area per CZ and vintage bin - OfficeLarge | H1: We don't have Medium Office specific data from CEUS. The data copied here belongs to the CEUS large office data which our Medium Office prototype falls within that group
A2: Prototype | B2: CZ | C2: Vintage
A3: Prototype | B3: CZ | C3: Pre-1978 | D3: 1978-1997 | E3: 1998-2007 | F3: 2008-2018
A4: OfficeLarge | B4: 1 | H4: =SUM(C4:F4) -> 0 | J4: Floor area distribution of CA office buildings (CEUS 2022)
B5: 2 | H5: =SUM(C5:F5) -> 0 | J5: Office, Small | K5: Office, Medium | L5: Office, Large
B6: 3 | H6: =SUM(C6:F6) -> 0 | J6: 0.35389988 | K6: 0.2943253 | L6: 0.35177481
B7: 4 | H7: =SUM(C7:F7) -> 0
B8: 5 | H8: =SUM(C8:F8) -> 0
B9: 6 | H9: =SUM(C9:F9) -> 0
B10: 7 | H10: =SUM(C10:F10) -> 0
B11: 8 | H11: =SUM(C11:F11) -> 0
B12: 9 | H12: =SUM(C12:F12) -> 0
B13: 10 | H13: =SUM(C13:F13) -> 0
B14: 11 | H14: =SUM(C14:F14) -> 0
B15: 12 | H15: =SUM(C15:F15) -> 0
B16: 13 | H16: =SUM(C16:F16) -> 0
B17: 14 | H17: =SUM(C17:F17) -> 0
B18: 15 | H18: =SUM(C18:F18) -> 0
B19: 16 | H19: =SUM(C19:F19) -> 0
B20: Statewide
A22: Source: CEUS 2022 dataset
