Workbook
Name Space_Function: Data!$A$2:$A$76

Sheet Notes
A1: Data Sources
A2: Dataset | B2: Dodge 2023
B3: Commercial End-Use Survey (CEUS) 2022 | C3: https://www.energy.ca.gov/publications/2023/2022-california-commercial-end-use-survey-ceus-final-report
B4: Commercial Buildings Energy Consumption Survey (CBECS) 2018 | C4: https://www.eia.gov/consumption/commercial/data/2018/
B5: ComStock 2023 | C5: https://comstock.nlr.gov/page/datasets
A6: ACM | B6: California Energy Commission (CEC) Large Office prototype (CBECC 2022.3.1) | C6: https://bees.noresco.com/software2022.html
B7: Pacific Northwest National Laboratory (PNNL) Large Office prototype (90.1-2022) | C7: https://www.energycodes.gov/prototype-building-models#Commercial
B8: Database for Energy Efficient Resources (DEER) Large prototype (June 2023) | C8: https://github.com/sound-data/DEER-Prototypes-EnergyPlus
B9: Oak Ridge National Laboratory (ORNL) 2019 Large Office prototype zoning | C9: https://www.sciencedirect.com/science/article/abs/pii/S0306261920312186
C10: https://publications.ibpsa.org/proceedings/simbuild/2020/papers/simbuild2020_C064.pdf
B11: Massachusetts Large Office prototype | C11: https://www.mass.gov/doc/large-office-prototype-basis-of-design-report/download
A12: Codes | B12: Title 24, part 6, referred to as T24 (1984, 2001, 2008, 2010, 2013, 2022, 2025) | C12: https://www.energy.ca.gov/publications/2025/2025-building-energy-efficiency-standards-residential-and-nonresidential | F12: 2025
C13: https://codes.iccsafe.org/codes/united-states/california | F13: 2010+
B14: American Society of Heating, Refrigerating and Air-Conditioning Engineers (ASHRAE) 90.1 (2022) | C14: https://www.ashrae.org/technical-resources/standards-and-guidelines/read-only-versions-of-ashrae-standards
B15: Code of Federal Regulations (CFR) Title 10 (2010) | C15: https://www.govinfo.gov/content/pkg/FR-2009-03-23/pdf/FR-2009-03-23.pdf
B16: CFR Title 10 (2024) | C16: https://www.govinfo.gov/content/pkg/CFR-2024-title10-vol3/pdf/CFR-2024-title10-vol3-part431-subpartF.pdf
B17: Title 20 | C17: https://govt.westlaw.com/calregs/Document/I270DCA634B4011EFA8F7F119BAF97AD6?viewType=FullText&originationContext=documenttoc&transitionType=CategoryPageItem&contextData=(sc.Default)
A18: Others | B18: Alternative Calculation Method (ACM) (2022) | C18: https://www.energy.ca.gov/publications/2022/2022-nonresidential-and-multifamily-alternative-calculation-method-reference
B19: ACM (2025) | C19: https://www.energy.ca.gov/publications/2025/2025-nonresidential-and-multifamily-alternative-calculation-method-reference
B20: Nonres ACM 2022, Appendix 5.4A and Appendix 5.4B | C20: https://www.energy.ca.gov/publications/2022/2022-nonresidential-and-multifamily-alternative-calculation-method-reference
B21: 2022 Reduced infiltration Codes and Standards Enhancement (CASE) report | C21: https://title24stakeholders.com/wp-content/uploads/2020/10/2022-T24-Final-CASE-Report_Reduce-Infiltration.pdf
B22: 2019 Outdoor Lighting CASE Report | C22: https://title24stakeholders.com/wp-content/uploads/2016/10/T24-2019-CASE-Study-Results-Report-Outdoor-Sources_Final_with-Attachments.pdf
B23: PNNL 20405, 2011 | C23: https://www.pnnl.gov/main/publications/external/technical_reports/PNNL-20405.pdf
B24: Air leakage Memo, NORESCO, 2025 | C24: Infiltration_rate_report_14May2025-Short-Version.docx
B25: Yousefi, F., Athalye, R., (2025), "Determining Vintage Bins for Prototype Development: An Analysis of California Commercial Buildings," ASHRAE Annual Conference | C25: https://www.thefreelibrary.com/Determining+Vintage+Bins+for+Prototype+Development%3a+An+Analysis+of...-a0879271125
B26: Proposed Updates to Equipment Power Densities and Building Schedules for the 2028 Energy Code, referred to as "Plug load and schedules project with CEC, 2025" (Docket Number =25-BSTD-03 & TN=265693) | C26: https://efiling.energy.ca.gov/GetDocument.aspx?tn=265693&DocumentContentId=102545
B27: Yousefi, F., Athalye, R. (2026). "Developing a New Set of Prototypical Models for Office Buildings in California," IBPSA-USA Conference | C27: https://publications.ibpsa.org/conference/paper/?id=simbuild2026_1372
B28: ENERGY STAR certified commercial water heaters | C28: https://www.energystar.gov/productfinder/product/certified-commercial-water-heaters/results?fuel_filter=Gas&markets_filter=United+States
B29: Grainger gas tank water heaters (sizes below commercial, e.g. 30–75 kBtu/h) | C29: https://www.grainger.com/category/plumbing/water-heaters/gas-tank-water-heaters
B30: Grainger electric tank water heaters | C30: https://www.grainger.com/category/plumbing/water-heaters/electric-tank-water-heaters
A32: Construction Rate
H34: Total Floor area (thousands of sf)
G35: Pre-1978 | H35: 1978-1997 | I35: 1998-2007 | J35: 2008-2018 | K35: 2019-2022
G36: New Construction (2019+) | H36: 248465.9 | I36: 93016.2 | J36: 62305.7 | K36: 27851.1
B44: Source: Dodge Construction Data, 2023 ( NEW large office built after 1967) (STC refers to building types in Dodge terminology).
A45: Notes
A46: OfficeLarge Prototype | B46: Information about the geometry and underlying logic of the office prototypes can be found in this paper: Yousefi, F., Athalye, R. (2026). ‘Developing a New Set of Prototypical Models for Office Buildings in California.’ IBPSA-USA Conference. The link is provided above in the Data Source section. The floor area was slightly modified in some spaces during the geometry‑drawing phase. Footprint (floor area of each story): Supported by Dodge 2023 data and consistent with the existing Large Office prototypes Zone configuration and floor plan layout: Based on the ORNL 2019 project, with modifications informed by engineering and architectural judgment (see the "Zones" tab for more details)
A47: Large office building is defined as any office building with a total area >150,000 sf, by analyzing Dodge 2023 data.
A48: Large office buildings cover approximately 52% of the floor area and 7% of the total number of the CA office buildings (according to the Dodge 2023 datasets).
A49: Only 2% of offices in CA have stories >6 and area <150,000. (according to the Dodge 2023 datasets)
A50: Analysis of the Dodge 2023 dataset (see table and chart below) shows that the median and average number of stories and total floor area (not footprint of each story) are considerably smaller than those represented in the existing prototypes developed by PNNL and CBECC. This suggests that a smaller prototype might better reflect the California building stock. However, we have chosen to continue using the existing prototype floor area and number of stories for the following reasons: '- Developing a smaller prototype would make the CEC prototype different from national Large Office prototype. '- Change would likely have little impact on energy consumption on a per sf basis (kBTU/sf), nor would it result in different HVAC system design .
B53: Statical Analysis of the CA Large Office Building Stock (STC:7,305,405 & floor area>150 ksf) | C53: No. of Stories | D53: Footprint (sf) | E53: Total Area (sf)
B54: Median | C54: 6 | D54: 40000 | E54: 250000
B55: Average | C55: 9 | D55: 35555 | E55: 320000
B56: Source: Dodge 2023 data ( NEW large office buildings built after 1967)
B58: Existing Large Office Prototype | C58: No. of Stories | D58: Footprint* (sf) | E58: Total Area (sf)
B59: CBECC (CEC) 2022 | C59: 13 | D59: 38400 | E59: 498000
B60: PNNL ASHRAE 90.1 2022 | C60: 13 | D60: 38400 | E60: 498000
B61: DEER (CPUC) 2024 | C61: 10 | D61: 17500 | E61: 175000
B76: Source: Dodge 2023 data ( NEW large office buildings built after 1967)

Sheet Prototype
A1: NORESCO, Updated September 2026
A2: OfficeLarge
A3: Characteristic | B3: Value | C3: Data Sources
A4: Building Type | B4: Large Office
A5: Building Category | B5: Nonresidential
A6: Version | B6: v2-0
A7: Vintages | B7: 4 Vintages: Pre-1978 , 1978-1997 ,1998-2007 , 2008-2018 New Construction (2019+) | C7: Based on the vintage bin analysis. A summary of the findings is presented in the following paper, with a link provided in the Notes tab: Yousefi, F., Athalye, R. (2025). “Determining Vintage Bins for Prototype Development: An Analysis of California Commercial Buildings.” ASHRAE Annual Conference.
A8: Shape | C8: Assume number of floors based on the existing Large Office prototypes (PNNL, CEC) Assume rectangular shape; supported by CBECS, CEC, and PNNL The logic behind the geometry of the CalBEM Office prototypes' shell is described in the following paper, with a link provided in the Notes tab: Yousefi, F., & Athalye, R. (2026). "Developing a New Set of Prototypical Models for Office Buildings in California", IBPSA-USA Conference.
A9: Total Floor Area (ft2) | B9: 498,589 (240 ft *160 ft) | C9: Supported by Dodge 2023 data (Same as CEC and PNNL)
A10: Aspect Ratio | B10: 1.5 | C10: Assumption; same as CEC and PNNL Large Office prototype
A11: Number of Floors | B11: 12 Floor + basement | C11: Number of floors: based on the existing Large Office prototypes (PNNL,CEC)
A12: Roof type | B12: Flat | C12: Supported by CBECS 2018 data (Same as CEC and PNNL)
A13: WWR | B13: 40% of the above grade wall
A14: Window dimensions | B14: Even distribution
A15: Shading Geometry | B15: None
A16: Floor to floor height (feet) | B16: 13 | C16: Assumption, standard ceiling height in office buildings; same as CEC and PNNL Large Office prototype.
A17: Floor to ceiling height (feet) | B17: 9 | C17: Assumption; same as CEC and PNNL Large Office prototype
A18: Glazing sill height (feet) | B18: 3 | C18: Assumption; same as CEC and PNNL Large Office prototype

Sheet Zones
A1: ="Proposed Layout - "&Prototype!A2 -> Proposed Layout - OfficeLarge
A2: Building | B2: Space/ Thermal Zone | C2: Space Type [Primarily from: T24, 2022 Appendix 5.4A] - See Notes column | D2: HVAC System Name New Construction | E2: HVAC System Name Vintage 1-4 | F2: Schedule Category | G2: Conditioned (Y/N) | H2: Area Fraction | I2: Area (ft²) | J2: Volume (ft³) | K2: Multipliers | L2: Number of People | M2: People (Persons/1,000 ft²) [T24, 2025,Table 120.1-A] | N2: Notes | O2: Total area fraction | Q2: Thermal Zone Layout - Each space has its own thermal zone
A3: OfficeLarge | B3: Perimeter_Open_Office_N_Basement | C3: Office Area (>250 square feet) | D3: VAV With Reheat_Basement | E3: VAV_Basement | F3: Office | G3: Yes | H3: =I3/$I$82 -> 0.016882199 | I3: 8416.86 | J3: =I3*Prototype!$B$17 -> 75751.74 | K3: 1 | L3: =IFERROR(M3*I3/1000,"") -> 42.0843 | M3: 5 | O3: =K3*H3 -> 0.016882199
A4: OfficeLarge | B4: Perimeter_Open_Office_S_Basement | C4: Office Area (>250 square feet) | D4: VAV With Reheat_Basement | E4: VAV_Basement | F4: Office | G4: Yes | H4: =I4/$I$82 -> 0.0073454534 | I4: 3662.18 | J4: =I4*Prototype!$B$17 -> 32959.62 | K4: 1 | L4: =IFERROR(M4*I4/1000,"") -> 18.3109 | M4: =M3 -> 5 | O4: =K4*H4 -> 0.0073454534 | R4: Basement | V4: First Floor | Z4: Middle/Top Floors
A5: OfficeLarge | B5: Core_Enclosed_Office_Basement | C5: Office Area (>250 square feet) | D5: VAV With Reheat_Basement | E5: VAV_Basement | F5: Office | G5: Yes | H5: =I5/$I$82 -> 0.0074286924 | I5: 3703.68 | J5: =I5*Prototype!$B$17 -> 33333.12 | K5: 1 | L5: =IFERROR(M5*I5/1000,"") -> 18.5184 | M5: =M3 -> 5 | O5: =K5*H5 -> 0.0074286924
A6: OfficeLarge | B6: Server_Room_Basement | C6: Server Room (EPD 45) | D6: CRAH_ServerRoom_Basement | E6: CAV CW | F6: Data | G6: Yes | H6: =I6/$I$82 -> 0.016503391 | I6: 8228 | J6: =I6*Prototype!$B$17 -> 74052 | K6: 1 | L6: =IFERROR(M6*I6/1000,"") -> 12.342 | M6: 1.5 | N6: New space type defined for this prototype. | O6: =K6*H6 -> 0.016503391
A7: OfficeLarge | B7: Mech/Elec_Basement | C7: Electrical, Mechanical, Telephone Rooms | D7: VAV With Reheat_Basement | E7: VAV_Basement | F7: Ancillary | G7: Yes | H7: =I7/$I$82 -> 0.015961836 | I7: 7958 | J7: =I7*Prototype!$B$17 -> 71622 | K7: 1 | L7: =IFERROR(M7*I7/1000,"") -> 0 | M7: 0 | O7: =K7*H7 -> 0.015961836
A8: OfficeLarge | B8: Conference_Basement | C8: Convention, Conference, Multipurpose and Meeting Area | D8: VAV With Reheat_Basement | E8: VAV_Basement | F8: Office | G8: Yes | H8: =I8/$I$82 -> 0.0011627389 | I8: 579.7 | J8: =I8*Prototype!$B$17 -> 5217.3 | K8: 1 | L8: =IFERROR(M8*I8/1000,"") -> 19.1301 | M8: 33 | O8: =K8*H8 -> 0.0011627389
A9: OfficeLarge | B9: BreakRoom/FoodPrep_Basement | C9: Lounge, Breakroom, or Waiting Area | D9: VAV With Reheat_Basement | E9: VAV_Basement | F9: Office | G9: Yes | H9: =I9/$I$82 -> 0.0019516043 | I9: 973 | J9: =I9*Prototype!$B$17 -> 8757 | K9: 1 | L9: =IFERROR(M9*I9/1000,"") -> 32.109 | M9: 33 | O9: =K9*H9 -> 0.0019516043
A10: OfficeLarge | B10: Storage_Basement | C10: Storage (General) | D10: VAV With Reheat_Basement | E10: VAV_Basement | F10: Office | G10: Yes | H10: =I10/$I$82 -> 0.0024690903 | I10: 1231 | J10: =I10*Prototype!$B$17 -> 11079 | K10: 1 | L10: =IFERROR(M10*I10/1000,"") -> 0 | M10: 0 | N10: Occupant load density for storage is based on Title 24, 2025, Appendix 5.4A. | O10: =K10*H10 -> 0.0024690903
A11: OfficeLarge | B11: Restroom_Basement | C11: Restrooms | F11: Office | G11: Yes | H11: =I11/$I$82 -> 0.0019776791 | I11: 986 | J11: =I11*Prototype!$B$17 -> 8874 | K11: 1 | L11: =IFERROR(M11*I11/1000,"") -> 0 | M11: 0 | N11: Indirectly conditioned | O11: =K11*H11 -> 0.0019776791
A12: OfficeLarge | B12: Lobby/Lounge_Basement | C12: Lounge, Breakroom, or Waiting Area | D12: VAV With Reheat_Basement | E12: VAV_Basement | F12: Office | G12: Yes | H12: =I12/$I$82 -> 0.0014180722 | I12: 707 | J12: =I12*Prototype!$B$17 -> 6363 | K12: 1 | L12: =IFERROR(M12*I12/1000,"") -> 10.605 | M12: 15 | N12: Increased the ASHRAE 62.1 number of people (10) since this area is more of a lounge/lobby space and not main entry lobby. Number of People: 10 according to ASHRAE 62.1 Table 6-1 for main entry lobbies T24: 33 for main Entry lobbies & 5 for reception area | O12: =K12*H12 -> 0.0014180722
A13: OfficeLarge | B13: Stair/Elevator_Basement | C13: Stairwell | D13: VAV With Reheat_Basement | E13: VAV_Basement | F13: Ancillary | G13: Yes | H13: =I13/$I$82 -> 0.00188742 | I13: 941 | J13: =I13*Prototype!$B$17 -> 8469 | K13: 1 | L13: =IFERROR(M13*I13/1000,"") -> 0 | M13: 0 | O13: =K13*H13 -> 0.00188742
A14: OfficeLarge | B14: Corridor_W_Basement | C14: Corridor Area | D14: VAV With Reheat_Basement | E14: VAV_Basement | F14: Office | G14: Yes | H14: =I14/$I$82 -> 0.0014100491 | I14: 703 | J14: =I14*Prototype!$B$17 -> 6327 | K14: 1 | L14: =IFERROR(M14*I14/1000,"") -> 3.515 | M14: 5 | O14: =K14*H14 -> 0.0014100491
A15: OfficeLarge | B15: Corridor_E_Basement | C15: Corridor Area | D15: VAV With Reheat_Basement | E15: VAV_Basement | F15: Office | G15: Yes | H15: =I15/$I$82 -> 0.00052731425 | I15: 262.9 | J15: =I15*Prototype!$B$17 -> 2366.1 | K15: 1 | L15: =IFERROR(M15*I15/1000,"") -> 1.3145 | M15: 5 | O15: =K15*H15 -> 0.00052731425
A16: OfficeLarge | B16: Perimeter_Open_Office_N_FloorG | C16: Office Area (>250 square feet) | D16: VAV With Reheat_FloorG | E16: AHU VAV_FloorG | F16: Office | G16: Yes | H16: =I16/$I$82 -> 0.014303655 | I16: 7131.29 | J16: =I16*Prototype!$B$17 -> 64181.61 | K16: 1 | L16: =IFERROR(M16*I16/1000,"") -> 35.65645 | M16: =$M$3 -> 5 | O16: =K16*H16 -> 0.014303655
A17: OfficeLarge | B17: Perimeter_Open_Office_W_FloorG | C17: Office Area (>250 square feet) | D17: VAV With Reheat_FloorG | E17: AHU VAV_FloorG | F17: Office | G17: Yes | H17: =I17/$I$82 -> 0.011624922 | I17: 5795.77 | J17: =I17*Prototype!$B$17 -> 52161.93 | K17: 1 | L17: =IFERROR(M17*I17/1000,"") -> 28.97885 | M17: =$M$3 -> 5 | O17: =K17*H17 -> 0.011624922
A18: OfficeLarge | B18: Perimeter_Open_Office_E_FloorG | C18: Office Area (>250 square feet) | D18: VAV With Reheat_FloorG | E18: AHU VAV_FloorG | F18: Office | G18: Yes | H18: =I18/$I$82 -> 0.011784822 | I18: 5875.49 | J18: =I18*Prototype!$B$17 -> 52879.41 | K18: 1 | L18: =IFERROR(M18*I18/1000,"") -> 29.37745 | M18: =$M$3 -> 5 | O18: =K18*H18 -> 0.011784822
A19: OfficeLarge | B19: Perimeter_Enclosed_Office_NE_FloorG | C19: Office Area (>250 square feet) | D19: VAV With Reheat_FloorG | E19: AHU VAV_FloorG | F19: Office | G19: Yes | H19: =I19/$I$82 -> 0.0018400439 | I19: 917.38 | J19: =I19*Prototype!$B$17 -> 8256.42 | K19: 1 | L19: =IFERROR(M19*I19/1000,"") -> 4.5869 | M19: =$M$3 -> 5 | O19: =K19*H19 -> 0.0018400439
A20: OfficeLarge | B20: Perimeter_Enclosed_Office_NW_FloorG | C20: Office Area (>250 square feet) | D20: VAV With Reheat_FloorG | E20: AHU VAV_FloorG | F20: Office | G20: Yes | H20: =I20/$I$82 -> 0.0022689355 | I20: 1131.21 | J20: =I20*Prototype!$B$17 -> 10180.89 | K20: 1 | L20: =IFERROR(M20*I20/1000,"") -> 5.65605 | M20: =$M$3 -> 5 | O20: =K20*H20 -> 0.0022689355 | Q20: Basement | V20: First Floor | AA20: Middle/Top Floors
A21: OfficeLarge | B21: Core_Enclosed_Office_FloorG | C21: Office Area (>250 square feet) | D21: VAV With Reheat_FloorG | E21: AHU VAV_FloorG | F21: Office | G21: Yes | H21: =I21/$I$82 -> 0.006643638 | I21: 3312.28 | J21: =I21*Prototype!$B$17 -> 29810.52 | K21: 1 | L21: =IFERROR(M21*I21/1000,"") -> 16.5614 | M21: =$M$3 -> 5 | O21: =K21*H21 -> 0.006643638 | Q21: Area Distribution By Space Type | V21: Area Distribution By Space Type | AA21: Area Distribution By Space Type
A22: OfficeLarge | B22: Server_Room_FloorG | C22: Computer Room (EPD 20) | D22: CRAC DX Clg_FloorG | E22: CRAC DX Clg | F22: Data | G22: Yes | H22: =I22/$I$82 -> 0.00083658235 | I22: 417.09 | J22: =I22*Prototype!$B$17 -> 3753.81 | K22: 1 | L22: =IFERROR(M22*I22/1000,"") -> 0.625635 | M22: 1.5 | N22: New space type defined for this prototype. | O22: =K22*H22 -> 0.00083658235 | Q22: Space Type | R22: Area (ft2)​ | S22: % of footprint | V22: Space Type | W22: Area (ft2)​ | X22: % of footprint | AA22: Space Type | AB22: Area (ft2)​ | AC22: % of footprint
A23: OfficeLarge | B23: Mech/Elec_FloorG | C23: Electrical, Mechanical, Telephone Rooms | D23: VAV With Reheat_FloorG | E23: AHU VAV_FloorG | F23: Ancillary | G23: Yes | H23: =I23/$I$82 -> 0.0017028098 | I23: 848.96 | J23: =I23*Prototype!$B$17 -> 7640.64 | K23: 1 | L23: =IFERROR(M23*I23/1000,"") -> 0 | M23: 0 | O23: =K23*H23 -> 0.0017028098 | Q23: Open office​ | R23: =I3+I4 -> 12079.04 | S23: =R23/$R$36 -> 0.31494381 | V23: Open office​ | W23: =I17+I18+I16 -> 18802.55 | X23: =W23/$R$36 -> 0.49024978 | AA23: Open office​ | AB23: =I36+I37+I38+I39 -> 21287.86 | AC23: =AB23/$R$36 -> 0.55505071
A24: OfficeLarge | B24: Conference_FloorG | C24: Convention, Conference, Multipurpose and Meeting Area | D24: VAV With Reheat_FloorG | E24: AHU VAV_FloorG | F24: Office | G24: Yes | H24: =I24/$I$82 -> 0.0015841691 | I24: 789.81 | J24: =I24*Prototype!$B$17 -> 7108.29 | K24: 1 | L24: =IFERROR(M24*I24/1000,"") -> 26.06373 | M24: 33 | O24: =K24*H24 -> 0.0015841691 | Q24: Core Enclosed Office​ | R24: =I5 -> 3703.68 | S24: =R24/$R$36 -> 0.096568195 | V24: Core Enclosed Office​ | W24: =I21 -> 3312.28 | X24: =W24/$R$36 -> 0.086362996 | AA24: Core Enclosed Office​ | AB24: =I44 -> 3233 | AC24: =AB24/$R$36 -> 0.084295883
A25: OfficeLarge | B25: BreakRoom_FloorG | C25: Lounge, Breakroom, or Waiting Area | D25: VAV With Reheat_FloorG | E25: AHU VAV_FloorG | F25: Office | G25: Yes | H25: =I25/$I$82 -> 0.0012400209 | I25: 618.23 | J25: =I25*Prototype!$B$17 -> 5564.07 | K25: 1 | L25: =IFERROR(M25*I25/1000,"") -> 20.40159 | M25: 33 | O25: =K25*H25 -> 0.0012400209 | Q25: Perimeter Enclosed Office​ | R25: _ | S25: _ | V25: Perimeter Enclosed Office​ | W25: =I20+I19 -> 2048.59 | X25: =W25/$R$36 -> 0.053414075 | AA25: Perimeter Enclosed Office​ | AB25: =I40+I41+I42+I43 -> 4092.56 | AC25: =AB25/$R$36 -> 0.10670769
A26: OfficeLarge | B26: FoodPrep_FloorG | C26: Kitchen/Food Preparation Area | D26: VAV With Reheat_FloorG | E26: AHU VAV_FloorG | F26: Office | G26: Yes | H26: =I26/$I$82 -> 0.0018792766 | I26: 936.94 | J26: =I26*Prototype!$B$17 -> 8432.46 | K26: 1 | L26: =IFERROR(M26*I26/1000,"") -> 2.81082 | M26: 3 | O26: =K26*H26 -> 0.0018792766 | Q26: Conference​ | R26: =I8 -> 579.7 | S26: =R26/$R$36 -> 0.015114854 | V26: Conference​ | W26: =I24 -> 789.81 | X26: =W26/$R$36 -> 0.020593174 | AA26: Conference​ | AB26: =I47+I48+I49+I50 -> 2323.24 | AC26: =AB26/$R$36 -> 0.060575183
A27: OfficeLarge | B27: Storage_FloorG | C27: Storage (General) | D27: VAV With Reheat_FloorG | E27: AHU VAV_FloorG | F27: Office | G27: Yes | H27: =I27/$I$82 -> 0.0019235838 | I27: 959.03 | J27: =I27*Prototype!$B$17 -> 8631.27 | K27: 1 | L27: =IFERROR(M27*I27/1000,"") -> 0 | M27: 0 | N27: Occupant load density for storage is based on Title 24, 2025, Appendix 5.4A. | O27: =K27*H27 -> 0.0019235838 | Q27: Break + Food prep​ | R27: =I9 -> 973 | S27: =R27/$R$36 -> 0.025369593 | V27: Break + Food prep​ | W27: =I26+I25 -> 1555.17 | X27: =W27/$R$36 -> 0.040548849 | AA27: Break + Food prep​ | AB27: =I51 -> 910 | AC27: =AB27/$R$36 -> 0.023726957
A28: OfficeLarge | B28: Locker_FloorG | C28: Locker Room | D28: VAV With Reheat_FloorG | E28: AHU VAV_FloorG | F28: Office | G28: Yes | H28: =I28/$I$82 -> 0.0035406273 | I28: 1765.23 | J28: =I28*Prototype!$B$17 -> 15887.07 | K28: 1 | L28: =IFERROR(M28*I28/1000,"") -> 17.6523 | M28: 10 | N28: Based on 2022 CEC AP5 | O28: =K28*H28 -> 0.0035406273 | Q28: Storage​ | R28: =I10 -> 1231 | S28: =R28/$R$36 -> 0.032096577 | V28: Storage​+locker | W28: =I28+I27 -> 2724.26 | X28: =W28/$R$36 -> 0.07103121 | AA28: Storage​ | AB28: =I52 -> 738 | AC28: =AB28/$R$36 -> 0.019242302
A29: OfficeLarge | B29: Lobby_S_FloorG | C29: Lobby, Main Entry | D29: VAV With Reheat_FloorG | E29: AHU VAV_FloorG | F29: Office | G29: Yes | H29: =I29/$I$82 -> 0.0067406165 | I29: 3360.63 | J29: =I29*Prototype!$B$17 -> 30245.67 | K29: 1 | L29: =IFERROR(M29*I29/1000,"") -> 33.6063 | M29: 10 | N29: According to ASHRAE 62.1 Table 6-1 for main entry lobbies | O29: =K29*H29 -> 0.0067406165 | Q29: Mech/Elec​ | R29: =I7 -> 7958 | S29: =R29/$R$36 -> 0.20749355 | V29: Mech/Elec​ | W29: =I23 -> 848.96 | X29: =W29/$R$36 -> 0.022135426 | AA29: Mech/Elec​ | AB29: =I46 -> 1070 | AC29: =AB29/$R$36 -> 0.02789873
A30: OfficeLarge | B30: Lobby/Lounge_FloorG | C30: Lounge, Breakroom, or Waiting Area | D30: VAV With Reheat_FloorG | E30: AHU VAV_FloorG | F30: Office | G30: Yes | H30: =I30/$I$82 -> 0.0013717391 | I30: 683.9 | J30: =I30*Prototype!$B$17 -> 6155.1 | K30: 1 | L30: =IFERROR(M30*I30/1000,"") -> 10.2585 | M30: =M12 -> 15 | N30: Increased the ASHRAE 62.1 number of people (10) since this area is more of a lounge/lobby space and not main entry lobby. | O30: =K30*H30 -> 0.0013717391 | Q30: Server Room​ | R30: =I6 -> 8228 | S30: =R30/$R$36 -> 0.21453341 | V30: Server Room​ | W30: =I22 -> 417.09 | X30: =W30/$R$36 -> 0.010875029 | AA30: Server Room​ | AB30: =I45 -> 418 | AC30: =AB30/$R$36 -> 0.010898756
A31: OfficeLarge | B31: Restroom_FloorG | C31: Restrooms | F31: Office | G31: Yes | H31: =I31/$I$82 -> 0.0023188388 | I31: 1156.09 | J31: =I31*Prototype!$B$17 -> 10404.81 | K31: 1 | L31: =IFERROR(M31*I31/1000,"") -> 0 | M31: 0 | N31: Indirectly conditioned | O31: =K31*H31 -> 0.0023188388 | Q31: Corridor​ | R31: =I14+I15 -> 965.9 | S31: =R31/$R$36 -> 0.025184471 | V31: Corridor​ | W31: =I34+I33 -> 1804.63 | X31: =W31/$R$36 -> 0.047053164 | AA31: Corridor​ | AB31: =I56+I57 -> 1591.24 | AC31: =AB31/$R$36 -> 0.041489323
A32: OfficeLarge | B32: Stair/Elevator_FloorG | C32: Stairwell | D32: VAV With Reheat_FloorG | E32: AHU VAV_FloorG | F32: Ancillary | G32: Yes | H32: =I32/$I$82 -> 0.0017009044 | I32: 848.01 | J32: =I32*Prototype!$B$17 -> 7632.09 | K32: 1 | L32: =IFERROR(M32*I32/1000,"") -> 0 | M32: 0 | O32: =K32*H32 -> 0.0017009044 | Q32: Restroom​ | R32: =I11 -> 986 | S32: =R32/$R$36 -> 0.02570855 | V32: Restroom​ | W32: =I31 -> 1156.09 | X32: =W32/$R$36 -> 0.030143405 | AA32: Restroom​ | AB32: =I54 -> 1155 | AC32: =AB32/$R$36 -> 0.030114984
A33: OfficeLarge | B33: Corridor_W_FloorG | C33: Corridor Area | D33: VAV With Reheat_FloorG | E33: AHU VAV_FloorG | F33: Office | G33: Yes | H33: =I33/$I$82 -> 0.0020175336 | I33: 1005.87 | J33: =I33*Prototype!$B$17 -> 9052.83 | K33: 1 | L33: =IFERROR(M33*I33/1000,"") -> 5.02935 | M33: 5 | O33: =K33*H33 -> 0.0020175336 | Q33: Lobby​/Lounge | R33: =I12 -> 707 | S33: =R33/$R$36 -> 0.018434021 | V33: Lobby​/Lounge | W33: =I30+I29 -> 4044.53 | X33: =W33/$R$36 -> 0.10545538 | AA33: Lobby​/Lounge | AB33: =I53 -> 684 | AC33: =AB33/$R$36 -> 0.017834328
A34: OfficeLarge | B34: Corridor_E_FloorG | C34: Corridor Area | D34: VAV With Reheat_FloorG | E34: AHU VAV_FloorG | F34: Office | G34: Yes | H34: =I34/$I$82 -> 0.0016021207 | I34: 798.76 | J34: =I34*Prototype!$B$17 -> 7188.84 | K34: 1 | L34: =IFERROR(M34*I34/1000,"") -> 3.9938 | M34: 5 | O34: =K34*H34 -> 0.0016021207 | Q34: Stair/Elevator​ | R34: =I13 -> 941 | S34: =R34/$R$36 -> 0.024535238 | V34: Stair/Elevator​ | W34: =I32 -> 848.01 | X34: =W34/$R$36 -> 0.022110656 | AA34: Stair/Elevator​ | AB34: =I55 -> 848 | AC34: =AB34/$R$36 -> 0.022110396
A35: OfficeLarge | B35: Plenum_FloorG | C35: Plenum | D35: _ | E35: - | G35: No | I35: =38352.97 -> 38352.97 | J35: =I35*(Prototype!$B$16-Prototype!$B$17) -> 153411.88 | K35: 1 | L35: =IFERROR(M35*I35/1000,"") -> 0 | M35: 0 | O35: =K35*H35 -> 0 | Q35: Plenum​ | R35: =I35 -> 38352.97 | S35: =SUM(S23:S34) -> 0.99998227 | V35: Plenum​ | W35: =I35 -> 38352.97 | X35: =W35/$R$36 -> 0.99999922 | AA35: Plenum​ | AB35: 38,353 ​ | AC35: 1
A36: OfficeLarge | B36: Perimeter_Open_Office_N_FloorM | C36: Office Area (>250 square feet) | D36: VAV With Reheat_FloorM | E36: AHU VAV_FloorM | F36: Office | G36: Yes | H36: =I36/$I$82 -> 0.014303655 | I36: 7131.29 | J36: =I36*Prototype!$B$17 -> 64181.61 | K36: 10 | L36: =IFERROR(M36*I36/1000,"") -> 35.65645 | M36: 5 | O36: =K36*H36 -> 0.14303655 | Q36: Total | R36: 38353 | S36: =SUM(S23:S34) -> 0.99998227 | V36: Total | X36: =SUM(X23:X34) -> 0.99997314 | AA36: Total | AC36: =SUM(AC23:AC34) -> 0.99994525
A37: OfficeLarge | B37: Perimeter_Open_Office_S_FloorM | C37: Office Area (>250 square feet) | D37: VAV With Reheat_FloorM | E37: AHU VAV_FloorM | F37: Office | G37: Yes | H37: =I37/$I$82 -> 0.010504906 | I37: 5237.37 | J37: =I37*Prototype!$B$17 -> 47136.33 | K37: 10 | L37: =IFERROR(M37*I37/1000,"") -> 26.18685 | M37: =M3 -> 5 | O37: =K37*H37 -> 0.10504906
A38: OfficeLarge | B38: Perimeter_Open_Office_E_FloorM | C38: Office Area (>250 square feet) | D38: VAV With Reheat_FloorM | E38: AHU VAV_FloorM | F38: Office | G38: Yes | H38: =I38/$I$82 -> 0.0089666288 | I38: 4470.44 | J38: =I38*Prototype!$B$17 -> 40233.96 | K38: =K37 -> 10 | L38: =IFERROR(M38*I38/1000,"") -> 22.3522 | M38: =M3 -> 5 | O38: =K38*H38 -> 0.089666288
A39: OfficeLarge | B39: Perimeter_Open_Office_W_FloorM | C39: Office Area (>250 square feet) | D39: VAV With Reheat_FloorM | E39: AHU VAV_FloorM | F39: Office | G39: Yes | H39: =I39/$I$82 -> 0.0089231439 | I39: 4448.76 | J39: =I39*Prototype!$B$17 -> 40038.84 | K39: =K38 -> 10 | L39: =IFERROR(M39*I39/1000,"") -> 22.2438 | M39: =M3 -> 5 | O39: =K39*H39 -> 0.089231439 | Q39: Area Distribution By Space Type
A40: OfficeLarge | B40: Perimeter_Enclosed_Office_NE_FloorM | C40: Office Area (>250 square feet) | D40: VAV With Reheat_FloorM | E40: AHU VAV_FloorM | F40: Office | G40: Yes | H40: =I40/$I$82 -> 0.0018400439 | I40: 917.38 | J40: =I40*Prototype!$B$17 -> 8256.42 | K40: =K39 -> 10 | L40: =IFERROR(M40*I40/1000,"") -> 4.5869 | M40: =M3 -> 5 | O40: =K40*H40 -> 0.018400439 | Q40: Space Type | T40: % Area
A41: OfficeLarge | B41: Perimeter_Enclosed_Office_NW_FloorM | C41: Office Area (>250 square feet) | D41: VAV With Reheat_FloorM | E41: AHU VAV_FloorM | F41: Office | G41: Yes | H41: =I41/$I$82 -> 0.0022689355 | I41: 1131.21 | J41: =I41*Prototype!$B$17 -> 10180.89 | K41: =K40 -> 10 | L41: =IFERROR(M41*I41/1000,"") -> 5.65605 | M41: =M3 -> 5 | O41: =K41*H41 -> 0.022689355 | Q41: Office Area (>250 square feet) | T41: =SUM(H3:H5)+SUM(H16:H21)+SUMPRODUCT(H36:H44,K36:K44)+SUM(H59:H67) -> 0.71143048
A42: OfficeLarge | B42: Perimeter_Enclosed_Office_SW_FloorM | C42: Office Area (>250 square feet) | D42: VAV With Reheat_FloorM | E42: AHU VAV_FloorM | F42: Office | G42: Yes | H42: =I42/$I$82 -> 0.0020268002 | I42: 1010.49 | J42: =I42*Prototype!$B$17 -> 9094.41 | K42: =K41 -> 10 | L42: =IFERROR(M42*I42/1000,"") -> 5.05245 | M42: =M3 -> 5 | O42: =K42*H42 -> 0.020268002 | Q42: Convention, Conference, Multipurpose and Meeting Area | T42: =H8+H24+SUMPRODUCT(H47:H50, K47:K50)+SUM(H70:H73) -> 0.054005383
A43: OfficeLarge | B43: Perimeter_Enclosed_Office_SE_FloorM | C43: Office Area (>250 square feet) | D43: VAV With Reheat_FloorM | E43: AHU VAV_FloorM | F43: Office | G43: Yes | H43: =I43/$I$82 -> 0.0020729126 | I43: 1033.48 | J43: =I43*Prototype!$B$17 -> 9301.32 | K43: =K42 -> 10 | L43: =IFERROR(M43*I43/1000,"") -> 5.1674 | M43: =M3 -> 5 | O43: =K43*H43 -> 0.020729126 | Q43: Lobby, Main Entry | T43: =H12+H30+H29+(H53*10)+H76 -> 0.024621764
A44: OfficeLarge | B44: Core_Enclosed_Office_FloorM | C44: Office Area (>250 square feet) | D44: VAV With Reheat_FloorM | E44: AHU VAV_FloorM | F44: Office | G44: Yes | H44: =I44/$I$82 -> 0.0064846214 | I44: 3233 | J44: =I44*Prototype!$B$17 -> 29097 | K44: =K43 -> 10 | L44: =IFERROR(M44*I44/1000,"") -> 16.165 | M44: =M3 -> 5 | O44: =K44*H44 -> 0.064846214 | Q44: Storage (General) | T44: =H10+H27+(H52*10)+H75 -> 0.020675432
A45: OfficeLarge | B45: Server_Room_FloorM | C45: Computer Room (EPD 20) | D45: CRAC DX Clg_FloorM | E45: CRAC DX Clg | F45: Data | G45: Yes | H45: =I45/$I$82 -> 0.00083840759 | I45: 418 | J45: =I45*Prototype!$B$17 -> 3762 | K45: =K44 -> 10 | L45: =IFERROR(M45*I45/1000,"") -> 0.627 | M45: 1.5 | N45: New space type defined for this prototype. | O45: =K45*H45 -> 0.0083840759 | Q45: Electrical, Mechanical, Telephone Rooms | T45: =H7+H23+(H46*K46)+H69 -> 0.041272439
A46: OfficeLarge | B46: Mech/Elec_FloorM | C46: Electrical, Mechanical, Telephone Rooms | D46: VAV With Reheat_FloorM | E46: AHU VAV_FloorM | F46: Ancillary | G46: Yes | H46: =I46/$I$82 -> 0.002146163 | I46: 1070 | J46: =I46*Prototype!$B$17 -> 9630 | K46: =K45 -> 10 | L46: =IFERROR(M46*I46/1000,"") -> 0 | M46: 0 | O46: =K46*H46 -> 0.02146163 | Q46: Computer Room (EPD 20) | T46: =H6+H22+H68+(H45*K45) -> 0.026562457
A47: OfficeLarge | B47: Conference_N_FloorM | C47: Convention, Conference, Multipurpose and Meeting Area | D47: VAV With Reheat_FloorM | E47: AHU VAV_FloorM | F47: Office | G47: Yes | H47: =I47/$I$82 -> 0.0015841491 | I47: 789.8 | J47: =I47*Prototype!$B$17 -> 7108.2 | K47: =K46 -> 10 | L47: =IFERROR(M47*I47/1000,"") -> 26.0634 | M47: 33 | O47: =K47*H47 -> 0.015841491 | Q47: Restrooms | T47: =H11+H31+(H54*K54)+H77 -> 0.029779696
A48: OfficeLarge | B48: Conference_W_FloorM | C48: Convention, Conference, Multipurpose and Meeting Area | D48: VAV With Reheat_FloorM | E48: AHU VAV_FloorM | F48: Office | G48: Yes | H48: =I48/$I$82 -> 0.00067481782 | I48: 336.44 | J48: =I48*Prototype!$B$17 -> 3027.96 | K48: =K47 -> 10 | L48: =IFERROR(M48*I48/1000,"") -> 11.10252 | M48: 33 | O48: =K48*H48 -> 0.0067481782 | Q48: Lounge, Breakroom, or Waiting Area | T48: =H9+H25+(H51*K51)+H74 -> 0.023269281
A49: OfficeLarge | B49: Conference_S_FloorM | C49: Convention, Conference, Multipurpose and Meeting Area | D49: VAV With Reheat_FloorM | E49: AHU VAV_FloorM | F49: Office | G49: Yes | H49: =I49/$I$82 -> 0.0015319993 | I49: 763.8 | J49: =I49*Prototype!$B$17 -> 6874.2 | K49: =K48 -> 10 | L49: =IFERROR(M49*I49/1000,"") -> 25.2054 | M49: 33 | O49: =K49*H49 -> 0.015319993 | Q49: Stairwell | T49: =H13+H32+(H55*K55)+H77 -> 0.02291382
A50: OfficeLarge | B50: Conference_E_FloorM | C50: Convention, Conference, Multipurpose and Meeting Area | D50: VAV With Reheat_FloorM | E50: AHU VAV_FloorM | F50: Office | G50: Yes | H50: =I50/$I$82 -> 0.00086889514 | I50: 433.2 | J50: =I50*Prototype!$B$17 -> 3898.8 | K50: =K49 -> 10 | L50: =IFERROR(M50*I50/1000,"") -> 14.2956 | M50: 33 | O50: =K50*H50 -> 0.0086889514 | Q50: Corridor Area | T50: =H14+H15+H33+H34+SUMPRODUCT(H56:H57,K56:K57)+H79+H80 -> 0.040665115
A51: OfficeLarge | B51: Break/FoorPrep_FloorM | C51: Lounge, Breakroom, or Waiting Area | D51: VAV With Reheat_FloorM | E51: AHU VAV_FloorM | F51: Office | G51: Yes | H51: =I51/$I$82 -> 0.0018252414 | I51: 910 | J51: =I51*Prototype!$B$17 -> 8190 | K51: =K50 -> 10 | L51: =IFERROR(M51*I51/1000,"") -> 30.03 | M51: 33 | O51: =K51*H51 -> 0.018252414 | Q51: Locker Room | T51: =H28 -> 0.0035406273
A52: OfficeLarge | B52: Storage_FloorM | C52: Storage (General) | D52: VAV With Reheat_FloorM | E52: AHU VAV_FloorM | F52: Office | G52: Yes | H52: =I52/$I$82 -> 0.0014802507 | I52: 738 | J52: =I52*Prototype!$B$17 -> 6642 | K52: =K51 -> 10 | L52: =IFERROR(M52*I52/1000,"") -> 0 | M52: 0 | N52: Occupant load density for storage is based on Title 24, 2025, Appendix 5.4A. | O52: =K52*H52 -> 0.014802507 | Q52: Kitchen/Food Preparation Area | T52: =H26 -> 0.0018792766
A53: OfficeLarge | B53: Lobby/Lounge_FloorM | C53: Lounge, Breakroom, or Waiting Area | D53: VAV With Reheat_FloorM | E53: AHU VAV_FloorM | F53: Office | G53: Yes | H53: =I53/$I$82 -> 0.0013719397 | I53: 684 | J53: =I53*Prototype!$B$17 -> 6156 | K53: =K52 -> 10 | L53: =IFERROR(M53*I53/1000,"") -> 10.26 | M53: =M12 -> 15 | N53: Appendix 5.4A assigns 2.5 occupants to kitchenette spaces, but because this room serves as a combined break/kitchenette area—and break rooms assume 33 occupants—we applied a midpoint value. The lounge overlaps functionally with the break area, so its occupant count (33) was reduced to 15 to keep overall loads balanced. | O53: =K53*H53 -> 0.013719397 | Q53: Total
A54: OfficeLarge | B54: Restroom_FloorM | C54: Restrooms | F54: Office | G54: Yes | H54: =I54/$I$82 -> 0.0023166525 | I54: 1155 | J54: =I54*Prototype!$B$17 -> 10395 | K54: =K53 -> 10 | L54: =IFERROR(M54*I54/1000,"") -> 0 | M54: 0 | N54: Indirectly conditioned | O54: =K54*H54 -> 0.023166525
A55: OfficeLarge | B55: Stair/Elevator_FloorM | C55: Stairwell | D55: VAV With Reheat_FloorM | E55: AHU VAV_FloorM | F55: Ancillary | G55: Yes | H55: =I55/$I$82 -> 0.0017008843 | I55: 848 | J55: =I55*Prototype!$B$17 -> 7632 | K55: =K54 -> 10 | L55: =IFERROR(M55*I55/1000,"") -> 0 | M55: 0 | O55: =K55*H55 -> 0.017008843
A56: OfficeLarge | B56: Corridor_W_FloorM | C56: Corridor Area | D56: VAV With Reheat_FloorM | E56: AHU VAV_FloorM | F56: Office | G56: Yes | H56: =I56/$I$82 -> 0.0020175536 | I56: 1005.88 | J56: =I56*Prototype!$B$17 -> 9052.92 | K56: =K55 -> 10 | L56: =IFERROR(M56*I56/1000,"") -> 5.0294 | M56: 5 | O56: =K56*H56 -> 0.020175536
A57: OfficeLarge | B57: Corridor_E_FloorM | C57: Corridor Area | D57: VAV With Reheat_FloorM | E57: AHU VAV_FloorM | F57: Office | G57: Yes | H57: =I57/$I$82 -> 0.0011740915 | I57: 585.36 | J57: =I57*Prototype!$B$17 -> 5268.24 | K57: 10 | L57: =IFERROR(M57*I57/1000,"") -> 2.9268 | M57: 5 | O57: =K57*H57 -> 0.011740915
A58: OfficeLarge | B58: Plenum_FloorM | C58: Plenum | D58: _ | E58: - | G58: No | I58: =38352.97 -> 38352.97 | J58: =I58*(Prototype!$B$16-Prototype!$B$17) -> 153411.88 | K58: 10 | L58: =IFERROR(M58*I58/1000,"") -> 0 | M58: 0 | O58: =K58*H58 -> 0
A59: OfficeLarge | B59: Perimeter_Open_Office_N_FloorT | C59: Office Area (>250 square feet) | D59: VAV With Reheat_FloorT | E59: AHU VAV_FloorT | F59: Office | G59: Yes | H59: =I59/$I$82 -> 0.014303655 | I59: 7131.29 | J59: =I59*Prototype!$B$17 -> 64181.61 | K59: 1 | L59: =IFERROR(M59*I59/1000,"") -> 35.65645 | M59: 5 | O59: =K59*H59 -> 0.014303655
A60: OfficeLarge | B60: Perimeter_Open_Office_S_FloorT | C60: Office Area (>250 square feet) | D60: VAV With Reheat_FloorT | E60: AHU VAV_FloorT | F60: Office | G60: Yes | H60: =I60/$I$82 -> 0.010504906 | I60: 5237.37 | J60: =I60*Prototype!$B$17 -> 47136.33 | K60: 1 | L60: =IFERROR(M60*I60/1000,"") -> 26.18685 | M60: =M3 -> 5 | O60: =K60*H60 -> 0.010504906
A61: OfficeLarge | B61: Perimeter_Open_Office_E_FloorT | C61: Office Area (>250 square feet) | D61: VAV With Reheat_FloorT | E61: AHU VAV_FloorT | F61: Office | G61: Yes | H61: =I61/$I$82 -> 0.0089666288 | I61: 4470.44 | J61: =I61*Prototype!$B$17 -> 40233.96 | K61: 1 | L61: =IFERROR(M61*I61/1000,"") -> 22.3522 | M61: =M3 -> 5 | O61: =K61*H61 -> 0.0089666288
A62: OfficeLarge | B62: Perimeter_Open_Office_W_FloorT | C62: Office Area (>250 square feet) | D62: VAV With Reheat_FloorT | E62: AHU VAV_FloorT | F62: Office | G62: Yes | H62: =I62/$I$82 -> 0.0089231439 | I62: 4448.76 | J62: =I62*Prototype!$B$17 -> 40038.84 | K62: 1 | L62: =IFERROR(M62*I62/1000,"") -> 22.2438 | M62: =M3 -> 5 | O62: =K62*H62 -> 0.0089231439
A63: OfficeLarge | B63: Perimeter_Enclosed_Office_NE_FloorT | C63: Office Area (>250 square feet) | D63: VAV With Reheat_FloorT | E63: AHU VAV_FloorT | F63: Office | G63: Yes | H63: =I63/$I$82 -> 0.0018400439 | I63: 917.38 | J63: =I63*Prototype!$B$17 -> 8256.42 | K63: 1 | L63: =IFERROR(M63*I63/1000,"") -> 4.5869 | M63: =M3 -> 5 | O63: =K63*H63 -> 0.0018400439
A64: OfficeLarge | B64: Perimeter_Enclosed_Office_NW_FloorT | C64: Office Area (>250 square feet) | D64: VAV With Reheat_FloorT | E64: AHU VAV_FloorT | F64: Office | G64: Yes | H64: =I64/$I$82 -> 0.0022689355 | I64: 1131.21 | J64: =I64*Prototype!$B$17 -> 10180.89 | K64: 1 | L64: =IFERROR(M64*I64/1000,"") -> 5.65605 | M64: =M3 -> 5 | O64: =K64*H64 -> 0.0022689355
A65: OfficeLarge | B65: Perimeter_Enclosed_Office_SW_FloorT | C65: Office Area (>250 square feet) | D65: VAV With Reheat_FloorT | E65: AHU VAV_FloorT | F65: Office | G65: Yes | H65: =I65/$I$82 -> 0.0020268002 | I65: 1010.49 | J65: =I65*Prototype!$B$17 -> 9094.41 | K65: 1 | L65: =IFERROR(M65*I65/1000,"") -> 5.05245 | M65: =M3 -> 5 | O65: =K65*H65 -> 0.0020268002
A66: OfficeLarge | B66: Perimeter_Enclosed_Office_SE_FloorT | C66: Office Area (>250 square feet) | D66: VAV With Reheat_FloorT | E66: AHU VAV_FloorT | F66: Office | G66: Yes | H66: =I66/$I$82 -> 0.0020729126 | I66: 1033.48 | J66: =I66*Prototype!$B$17 -> 9301.32 | K66: 1 | L66: =IFERROR(M66*I66/1000,"") -> 5.1674 | M66: =M3 -> 5 | O66: =K66*H66 -> 0.0020729126
A67: OfficeLarge | B67: Core_Enclosed_Office_FloorT | C67: Office Area (>250 square feet) | D67: VAV With Reheat_FloorT | E67: AHU VAV_FloorT | F67: Office | G67: Yes | H67: =I67/$I$82 -> 0.0064846214 | I67: 3233 | J67: =I67*Prototype!$B$17 -> 29097 | K67: 1 | L67: =IFERROR(M67*I67/1000,"") -> 16.165 | M67: =M3 -> 5 | O67: =K67*H67 -> 0.0064846214
A68: OfficeLarge | B68: Server_Room_FloorT | C68: Computer Room (EPD 20) | D68: CRAC DX Clg_FloorT | E68: CRAC DX Clg | F68: Data | G68: Yes | H68: =I68/$I$82 -> 0.00083840759 | I68: 418 | J68: =I68*Prototype!$B$17 -> 3762 | K68: 1 | L68: =IFERROR(M68*I68/1000,"") -> 0.627 | M68: 1.5 | N68: New space type defined for this prototype. | O68: =K68*H68 -> 0.00083840759
A69: OfficeLarge | B69: Mech/Elec_FloorT | C69: Electrical, Mechanical, Telephone Rooms | D69: VAV With Reheat_FloorT | E69: AHU VAV_FloorT | F69: Ancillary | G69: Yes | H69: =I69/$I$82 -> 0.002146163 | I69: 1070 | J69: =I69*Prototype!$B$17 -> 9630 | K69: 1 | L69: =IFERROR(M69*I69/1000,"") -> 0 | M69: 0 | O69: =K69*H69 -> 0.002146163
A70: OfficeLarge | B70: Conference_N_FloorT | C70: Convention, Conference, Multipurpose and Meeting Area | D70: VAV With Reheat_FloorT | E70: AHU VAV_FloorT | F70: Office | G70: Yes | H70: =I70/$I$82 -> 0.0015841491 | I70: 789.8 | J70: =I70*Prototype!$B$17 -> 7108.2 | K70: 1 | L70: =IFERROR(M70*I70/1000,"") -> 26.0634 | M70: 33 | O70: =K70*H70 -> 0.0015841491
A71: OfficeLarge | B71: Conference_W_FloorT | C71: Convention, Conference, Multipurpose and Meeting Area | D71: VAV With Reheat_FloorT | E71: AHU VAV_FloorT | F71: Office | G71: Yes | H71: =I71/$I$82 -> 0.00067481782 | I71: 336.44 | J71: =I71*Prototype!$B$17 -> 3027.96 | K71: 1 | L71: =IFERROR(M71*I71/1000,"") -> 11.10252 | M71: 33 | O71: =K71*H71 -> 0.00067481782
A72: OfficeLarge | B72: Conference_S_FloorT | C72: Convention, Conference, Multipurpose and Meeting Area | D72: VAV With Reheat_FloorT | E72: AHU VAV_FloorT | F72: Office | G72: Yes | H72: =I72/$I$82 -> 0.0015319993 | I72: 763.8 | J72: =I72*Prototype!$B$17 -> 6874.2 | K72: 1 | L72: =IFERROR(M72*I72/1000,"") -> 25.2054 | M72: 33 | O72: =K72*H72 -> 0.0015319993
A73: OfficeLarge | B73: Conference_E_FloorT | C73: Convention, Conference, Multipurpose and Meeting Area | D73: VAV With Reheat_FloorT | E73: AHU VAV_FloorT | F73: Office | G73: Yes | H73: =I73/$I$82 -> 0.00086889514 | I73: 433.2 | J73: =I73*Prototype!$B$17 -> 3898.8 | K73: 1 | L73: =IFERROR(M73*I73/1000,"") -> 14.2956 | M73: 33 | O73: =K73*H73 -> 0.00086889514
A74: OfficeLarge | B74: BreakRoom/FoodPrep_FloorT | C74: Lounge, Breakroom, or Waiting Area | D74: VAV With Reheat_FloorT | E74: AHU VAV_FloorT | F74: Office | G74: Yes | H74: =I74/$I$82 -> 0.0018252414 | I74: 910 | J74: =I74*Prototype!$B$17 -> 8190 | K74: 1 | L74: =IFERROR(M74*I74/1000,"") -> 30.03 | M74: 33 | O74: =K74*H74 -> 0.0018252414
A75: OfficeLarge | B75: Storage_FloorT | C75: Storage (General) | D75: VAV With Reheat_FloorT | E75: AHU VAV_FloorT | F75: Office | G75: Yes | H75: =I75/$I$82 -> 0.0014802507 | I75: 738 | J75: =I75*Prototype!$B$17 -> 6642 | K75: 1 | L75: =IFERROR(M75*I75/1000,"") -> 0 | M75: 0 | N75: Occupant load density for storage is based on Title 24, 2025, Appendix 5.4A. | O75: =K75*H75 -> 0.0014802507
A76: OfficeLarge | B76: Lobby/Lounge_FloorT | C76: Lounge, Breakroom, or Waiting Area | D76: VAV With Reheat_FloorT | E76: AHU VAV_FloorT | F76: Office | G76: Yes | H76: =I76/$I$82 -> 0.0013719397 | I76: 684 | J76: =I76*Prototype!$B$17 -> 6156 | K76: 1 | L76: =IFERROR(M76*I76/1000,"") -> 10.26 | M76: =M12 -> 15 | N76: Increased the ASHRAE 62.1 number of people (10) since this area is more of a lounge/lobby space and not main entry lobby. | O76: =K76*H76 -> 0.0013719397
A77: OfficeLarge | B77: Restroom_FloorT | C77: Restrooms | F77: Office | G77: Yes | H77: =I77/$I$82 -> 0.0023166525 | I77: 1155 | J77: =I77*Prototype!$B$17 -> 10395 | K77: 1 | L77: =IFERROR(M77*I77/1000,"") -> 0 | M77: 0 | N77: Indirectly conditioned | O77: =K77*H77 -> 0.0023166525
A78: OfficeLarge | B78: Stair/Elevator_FloorT | C78: Stairwell | D78: VAV With Reheat_FloorT | E78: AHU VAV_FloorT | F78: Ancillary | G78: Yes | H78: =I78/$I$82 -> 0.0017008843 | I78: 848 | J78: =I78*Prototype!$B$17 -> 7632 | K78: 1 | L78: =IFERROR(M78*I78/1000,"") -> 0 | M78: 0 | O78: =K78*H78 -> 0.0017008843
A79: OfficeLarge | B79: Corridor_W_FloorT | C79: Corridor Area | D79: VAV With Reheat_FloorT | E79: AHU VAV_FloorT | F79: Office | G79: Yes | H79: =I79/$I$82 -> 0.0020175536 | I79: 1005.88 | J79: =I79*Prototype!$B$17 -> 9052.92 | K79: =K78 -> 1 | L79: =IFERROR(M79*I79/1000,"") -> 5.0294 | M79: 5 | O79: =K79*H79 -> 0.0020175536
A80: OfficeLarge | B80: Corridor_E_FloorT | C80: Corridor Area | D80: VAV With Reheat_FloorT | E80: AHU VAV_FloorT | F80: Office | G80: Yes | H80: =I80/$I$82 -> 0.0011740915 | I80: 585.36 | J80: =I80*Prototype!$B$17 -> 5268.24 | K80: 1 | L80: =IFERROR(M80*I80/1000,"") -> 2.9268 | M80: 5 | O80: =K80*H80 -> 0.0011740915
A81: OfficeLarge | B81: Plenum_FloorT | C81: Plenum | D81: _ | E81: - | G81: No | I81: =38352.97 -> 38352.97 | J81: =I81*(Prototype!$B$16-Prototype!$B$17) -> 153411.88 | K81: 1 | L81: =IFERROR(M81*I81/1000,"") -> 0 | M81: 0 | O81: =K81*H81 -> 0
A82: Total ( 1 Building) | B82: Total Zones in E+: 79 Total with multiplier: 286 | C82: Total (13 Space Types) | D82: Total systems in E+: 8 Total with multiplier: 26 | E82: Total systems in E+: 8 Total with multiplier: 27 | F82: Total (1 category) | G82: Total zones in E+: 76 conditioned and 3 unconditioned. Total with multiplier: 274 Conditioned , 12 Unconditioned ) | H82: =SUMPRODUCT(H3:H81,K3:K81) -> 1 | I82: =SUMPRODUCT(I3:I81,K3:K81)-(I81*K81+I58*K58+I35*K35) -> 498564.19 | O82: =K82*H82 -> 0

Sheet Envelope
A1: ="Envelope - "&Prototype!A2 -> Envelope - OfficeLarge
A2: Element | B2: Prototype | C2: Assembly Type | D2: Construction | E2: Thermal Properties | F2: Vintage | G2: Selected T24 | H2: Notes | I2: CZ1 | J2: CZ2 | K2: CZ3 | L2: CZ4 | M2: CZ5 | N2: CZ6 | O2: CZ7 | P2: CZ8 | Q2: CZ9 | R2: CZ10 | S2: CZ11 | T2: CZ12 | U2: CZ13 | V2: CZ14 | W2: CZ15 | X2: CZ16
A3: External Wall | B3: OfficeLarge | C3: ExtWall_MetalFramed_NonRes | D3: Metal framed wall: Metal frame + insulation + Gypsum board | E3: U-factor IP | F3: Pre 1978 | G3: N/A | H3: Using DOE pre-1980 U-values and a 7.4% cumulative wall renovation rate through 2028, based on the average annual rate from CBECS 2003 and 2012 projected over 48 years. | I3: =I54*(1-$I$55)+I53*$I$55 -> 0.217454 | J3: =J54*(1-$I$55)+J53*$I$55 -> 0.21479 | K3: =K54*(1-$I$55)+K53*$I$55 -> 0.21627 | L3: =L54*(1-$I$55)+L53*$I$55 -> 0.21479 | M3: =M54*(1-$I$55)+M53*$I$55 -> 0.21479 | N3: =N54*(1-$I$55)+N53*$I$55 -> 0.217454 | O3: =O54*(1-$I$55)+O53*$I$55 -> 0.217454 | P3: =P54*(1-$I$55)+P53*$I$55 -> 0.21479 | ... X3: =X54*(1-$I$55)+X53*$I$55 -> 0.21479
F4: 1978-1997 | G4: 1986 | H4: High-rise office: Package A with heat capacity 0-3.99 (BTU/F/ft2) | I4: =1/7.4 -> 0.13513514 | J4: =1/7.4 -> 0.13513514 | K4: =1/7.4 -> 0.13513514 | L4: =1/7.4 -> 0.13513514 | M4: =1/7.4 -> 0.13513514 | N4: =1/7.4 -> 0.13513514 | O4: =1/7.4 -> 0.13513514 | P4: =1/7.4 -> 0.13513514 | ... X4: =1/7.4 -> 0.13513514 | Y4: These values have better performance than the next vintage
F5: 1998-2007 | G5: 2001 | H5: TABLE 1-H | I5: 0.182 | J5: 0.182 | K5: 0.189 | L5: 0.189 | M5: 0.189 | N5: 0.189 | O5: 0.189 | P5: 0.189 | Q5: 0.189 | R5: 0.182 | S5: 0.182 | T5: 0.182 | U5: 0.182 | V5: 0.182 | W5: 0.182 | X5: 0.182
F6: 2008-2018 | G6: 2013 | H6: TABLE 140.3-B | I6: 0.098 | J6: 0.062 | K6: 0.082 | L6: 0.062 | M6: 0.062 | N6: 0.098 | O6: 0.098 | P6: 0.062 | Q6: 0.062 | R6: 0.062 | S6: 0.062 | T6: 0.062 | U6: 0.062 | V6: 0.062 | W6: 0.062 | X6: 0.062
F7: Existing | H7: Weighted average of all 4 vintages | I7: {=_xlfn.BYCOL(TRANSPOSE(Weights!$C$4:$F$19)*I3:X6,_xlfn.LAMBDA(_xlpm.c,SUM(_xlpm.c)))} -> 0.18924155 | J7: 0.18102834 | K7: 0.17198393 | L7: 0.17002612 | M7: 0.14965441 | N7: 0.17002225 | O7: 0.15822291 | P7: 0.16769836 | Q7: 0.16782733 | R7: 0.1544061 | S7: 0.17874604 | T7: 0.16825889 | U7: 0.1934896 | V7: 0.15994628 | W7: 0.16062511 | X7: 0.16669266
F8: 2019+ | G8: 2025 | H8: Table 140.3-B (In Nonres Section) | I8: 0.06 | J8: 0.055 | K8: 0.071 | L8: 0.055 | M8: 0.055 | N8: 0.06 | O8: 0.06 | P8: 0.055 | Q8: 0.055 | R8: 0.055 | S8: 0.055 | T8: 0.055 | U8: 0.055 | V8: 0.055 | W8: 0.055 | X8: 0.055
A9: Roof | B9: OfficeLarge | C9: FlatRoof_WoodFramedAndOther_NonRes | D9: Metal deck roof: Metal deck + insulation + Roof membrane | E9: U-factor IP | F9: Pre 1978 | G9: N/A | H9: Considering 30 years for roof/ insulation replacement. | I9: =I10 -> 0.057 | J9: =J10 -> 0.057 | K9: =K10 -> 0.057 | L9: =L10 -> 0.057 | M9: =M10 -> 0.057 | N9: =N10 -> 0.078 | O9: =O10 -> 0.078 | P9: =P10 -> 0.078 | ... X9: =X10 -> 0.057
F10: 1978-1997 | G10: 1992 | I10: 0.057 | J10: 0.057 | K10: 0.057 | L10: 0.057 | M10: 0.057 | N10: 0.078 | O10: 0.078 | P10: 0.078 | Q10: 0.078 | R10: 0.078 | S10: 0.057 | T10: 0.057 | U10: 0.057 | V10: 0.057 | W10: 0.057 | X10: 0.057
F11: 1998-2007 | G11: 2001 | H11: TABLE 1-H | I11: 0.057 | J11: 0.057 | K11: 0.057 | L11: 0.057 | M11: 0.057 | N11: 0.078 | O11: 0.078 | P11: 0.078 | Q11: 0.078 | R11: 0.057 | S11: 0.057 | T11: 0.057 | U11: 0.057 | V11: 0.057 | W11: 0.057 | X11: 0.057
F12: 2008-2018 | G12: 2013 | H12: TABLE 140.3-B | I12: 0.049 | J12: 0.039 | K12: 0.039 | L12: 0.039 | M12: 0.049 | N12: 0.075 | O12: 0.067 | P12: 0.067 | Q12: 0.039 | R12: 0.039 | S12: 0.039 | T12: 0.039 | U12: 0.039 | V12: 0.039 | W12: 0.039 | X12: 0.039
F13: Existing | H13: Weighted average of all 4 vintages | I13: {=_xlfn.BYCOL(TRANSPOSE(Weights!$C$4:$F$19)*I9:X12,_xlfn.LAMBDA(_xlpm.c,SUM(_xlpm.c)))} -> 0.056694637 | J13: 0.056997044 | K13: 0.055521064 | L13: 0.055511841 | M13: 0.056752486 | N13: 0.077797386 | O13: 0.077219947 | P13: 0.077386796 | Q13: 0.075393743 | R13: 0.067987435 | S13: 0.055160434 | T13: 0.055314849 | U13: 0.056011139 | V13: 0.055793834 | W13: 0.053451975 | X13: 0.055656073
F14: 2019+ | G14: 2025 | H14: Table 140.3-B (In Nonres Section) | I14: 0.028 | J14: 0.028 | K14: 0.028 | L14: 0.028 | M14: 0.028 | N14: 0.047 | O14: 0.047 | P14: 0.047 | Q14: 0.028 | R14: 0.028 | S14: 0.028 | T14: 0.028 | U14: 0.028 | V14: 0.028 | W14: 0.028 | X14: 0.028
A15: Windows | B15: OfficeLarge | C15: FixedWindow_NonRes | D15: CBECS 2018 shows that ~50% of large offices that were built before 2000 are single pane | E15: U-factor IP | F15: Pre 1978 | G15: N/A | H15: ASHRAE Handbook of Fundamentals for single pane (Table 4-Ch15) & T24, 2013 for double pane(50%-50%)* | I15: =1.12*0.5+I$18*0.5 -> 0.74 | J15: =1.12*0.5+J$18*0.5 -> 0.74 | K15: =1.12*0.5+K$18*0.5 -> 0.74 | L15: =1.12*0.5+L$18*0.5 -> 0.74 | M15: =1.12*0.5+M$18*0.5 -> 0.74 | N15: =1.12*0.5+N$18*0.5 -> 0.74 | O15: =1.12*0.5+O$18*0.5 -> 0.74 | P15: =1.12*0.5+P$18*0.5 -> 0.74 | ... X15: =1.12*0.5+X$18*0.5 -> 0.74
F16: 1978-1997 | G16: N/A | I16: =1.12*0.5+I$18*0.5 -> 0.74 | J16: =1.12*0.5+J$18*0.5 -> 0.74 | K16: =1.12*0.5+K$18*0.5 -> 0.74 | L16: =1.12*0.5+L$18*0.5 -> 0.74 | M16: =1.12*0.5+M$18*0.5 -> 0.74 | N16: =1.12*0.5+N$18*0.5 -> 0.74 | O16: =1.12*0.5+O$18*0.5 -> 0.74 | P16: =1.12*0.5+P$18*0.5 -> 0.74 | ... X16: =1.12*0.5+X$18*0.5 -> 0.74
D17: Double pane | F17: 1998-2007 | G17: 2001 | H17: TABLE 1-H | I17: 0.49 | J17: 0.49 | K17: 0.81 | L17: 0.81 | M17: 0.81 | N17: 0.81 | O17: 0.81 | P17: 0.81 | Q17: 0.81 | R17: 0.49 | S17: 0.49 | T17: 0.49 | U17: 0.49 | V17: 0.49 | W17: 0.49 | X17: 0.49
F18: 2008-2018 | G18: 2013 | H18: TABLE 140.3-B | I18: 0.36 | J18: 0.36 | K18: 0.36 | L18: 0.36 | M18: 0.36 | N18: 0.36 | O18: 0.36 | P18: 0.36 | Q18: 0.36 | R18: 0.36 | S18: 0.36 | T18: 0.36 | U18: 0.36 | V18: 0.36 | W18: 0.36 | X18: 0.36
F19: Existing | H19: Weighted average of all 4 vintages | I19: {=_xlfn.BYCOL(TRANSPOSE(Weights!$C$4:$F$19)*I15:X18,_xlfn.LAMBDA(_xlpm.c,SUM(_xlpm.c)))} -> 0.70392657 | J19: 0.7039536 | K19: 0.72003281 | L19: 0.71988375 | M19: 0.73073806 | N19: 0.72572203 | O19: 0.72838696 | P19: 0.72733681 | Q19: 0.72143466 | R19: 0.62965758 | S19: 0.65883922 | T19: 0.66052866 | U19: 0.70816568 | V19: 0.65542443 | W19: 0.59484222 | X19: 0.64407311
F20: 2019+ | G20: 2025 | H20: Table 140.3-B (In Nonres Section) | I20: 0.36 | J20: 0.36 | K20: 0.36 | L20: 0.36 | M20: 0.36 | N20: 0.36 | O20: 0.36 | P20: 0.36 | Q20: 0.34 | R20: 0.36 | S20: 0.34 | T20: 0.34 | U20: 0.34 | V20: 0.34 | W20: 0.34 | X20: 0.36
C21: FixedWindow_NonRes | D21: CBECS 2018 shows that ~50% of large offices that were built before 2000 are single pane | E21: SHGC | F21: Pre 1978 | G21: N/A | H21: ASHRAE Handbook of Fundamentals for single pane (Table 10-Ch15) & T24, 2013 for double pane(50%-50%)* | I21: =0.79*0.5+I$24*0.5 -> 0.52 | J21: =0.79*0.5+J$24*0.5 -> 0.52 | K21: =0.79*0.5+K$24*0.5 -> 0.52 | L21: =0.79*0.5+L$24*0.5 -> 0.52 | M21: =0.79*0.5+M$24*0.5 -> 0.52 | N21: =0.79*0.5+N$24*0.5 -> 0.52 | O21: =0.79*0.5+O$24*0.5 -> 0.52 | P21: =0.79*0.5+P$24*0.5 -> 0.52 | ... X21: =0.79*0.5+X$24*0.5 -> 0.52
F22: 1978-1997 | G22: N/A | I22: =I21 -> 0.52 | J22: =J21 -> 0.52 | K22: =K21 -> 0.52 | L22: =L21 -> 0.52 | M22: =M21 -> 0.52 | N22: =N21 -> 0.52 | O22: =O21 -> 0.52 | P22: =P21 -> 0.52 | ... X22: =X21 -> 0.52
F23: 1998-2007 | G23: 2001 | H23: WWR:30-40 / SHGC non-north (Non-north SHGC is more stringent than north and is therefore considered for all sides) | I23: 0.43 | J23: 0.31 | K23: 0.41 | L23: 0.41 | M23: 0.41 | N23: 0.34 | O23: 0.34 | P23: 0.34 | Q23: 0.34 | R23: 0.31 | S23: 0.31 | T23: 0.31 | U23: 0.31 | V23: 0.31 | W23: 0.31 | X23: 0.43
F24: 2008-2018 | G24: 2013 | H24: TABLE 140.3-B | I24: 0.25 | J24: 0.25 | K24: 0.25 | L24: 0.25 | M24: 0.25 | N24: 0.25 | O24: 0.25 | P24: 0.25 | Q24: 0.25 | R24: 0.25 | S24: 0.25 | T24: 0.25 | U24: 0.25 | V24: 0.25 | W24: 0.25 | X24: 0.25
F25: Existing | H25: Weighted average of all 4 vintages | I25: {=_xlfn.BYCOL(TRANSPOSE(Weights!$C$4:$F$19)*I21:X24,_xlfn.LAMBDA(_xlpm.c,SUM(_xlpm.c)))} -> 0.50192927 | J25: 0.48972911 | K25: 0.48012987 | L25: 0.47991968 | M25: 0.50772621 | N25: 0.47248524 | O25: 0.46142234 | P25: 0.4830395 | Q25: 0.48439649 | R25: 0.43248115 | S25: 0.45685309 | T25: 0.45785016 | U25: 0.49596206 | V25: 0.45225337 | W25: 0.4077654 | X25: 0.47552126
F26: 2019+ | G26: 2025 | H26: Table 140.3-B (In Nonres Section) | I26: 0.25 | J26: 0.25 | K26: 0.25 | L26: 0.25 | M26: 0.25 | N26: 0.25 | O26: 0.25 | P26: 0.25 | Q26: 0.22 | R26: 0.25 | S26: 0.22 | T26: 0.22 | U26: 0.22 | V26: 0.22 | W26: 0.22 | X26: 0.25
C28: Infiltration rate at normal pressure (cfm/ft2) (Design flow rate approach and Flow/Exterior Wall Area calculation method)
D29: Building | E29: Zones | F29: Vintage | G29: I_75 (cfm/sf) 6-sdied Infiltration rate @ 75 pa | H29: Note | I29: I-design (cfm/ft2) (4-sided Infiltration rate at normal pressure) (Design flow rate approach and Flow/Exterior Wall Area calculation method)
C30: Infiltration | D30: OfficeLarge | F30: Pre 1978 | G30: 1.1 | H30: 2022 CASE report (Table 38) | I30: =0.112*G30*$AA$32 -> 0.1952729 | Z30: Building 4 sided area (ft2) | AA30: =AA34 -> 131119.63
F31: 1978-1997 | G31: 1.1 | H31: 2022 CASE report (Table 38) | I31: =0.112*G31*$AA$32 -> 0.1952729 | Z31: Building 6 sided area (ft2) | AA31: =AA34+(2*AA33) -> 207825.57
F32: 1998-2007 | G32: 1.1 | H32: 2022 CASE report (Table 38) | I32: =0.112*G32*$AA$32 -> 0.1952729 | Z32: 6 sided /4 sided factor | AA32: =AA31/AA30 -> 1.5850073
F33: 2008-2018 | G33: 1 | H33: 2022 CASE report (Table 38) & Title 24, part 6, 2008-2016 (Table 140.3-B) | I33: =0.112*G33*$AA$32 -> 0.17752082 | Z33: Floor or roof area (ft2) | AA33: =498588.6/13 -> 38352.969
F34: Existing | G34: 1.1 | H34: Same as Pre 2008 because of their higher weights | I34: =0.112*G34*$AA$32 -> 0.1952729 | Z34: Walls area (ft2) | AA34: =(SQRT(AA33/1.5)+1.5*SQRT(AA33/1.5))*2*164 -> 131119.63
F35: 2019+ | G35: 0.6 | H35: 2022 CASE report (Table 38) & Title 24, part 6, 2025 (Table 140.3-B) | I35: =0.112*G35*$AA$32 -> 0.10651249
E36: Source: Title 24 air barrier requirements (all editions) and the standardized infiltration rate reported in the 2022 CASE report and Dodge 2023 data
E37: Air Leakage Memo: | G37: Infiltration_rate_report_14May2025-Short-Version.docx
A40: *Note for windows properties in vintage 1 &2 :
A41: We’ve considered a 50% single-pane and 50% double-pane mix (based on the 2013 requirements) for the window properties in Vintage 1 & 2 (pre-1998 buildings).
A42: We don't have California-specific data, and the decision was based on the CBECS 2018 data, which indicates:
A43: - 30% of large offices built before 1978 have mixed windows, while only 16% of large offices from the second vintage (1978-1997) have mixed glass.
A44: - Pre-1980: Among those with either single or double-pane windows, 70% have single-pane windows, and 30% have double-pane windows.
A45: - 1980-1999: Among those with either single or double-pane windows, 43% have single-pane windows, and 57% have double-pane windows.
A46: - Pre-2000: Among those with either single or double-pane windows, 49% have single pane windows.
A47: Considering the Pre-2000 percentage, it was decided to apply the 50%-50% mix to the window properties of the first two vintages.
A51: Pre-1978 exterior wall U value calculation:
A52: External Wall | B52: OfficeLarge | C52: ExtWall_MetalFramed_NonRes | D52: Metal framed wall: Metal frame + insulation + Gypsum board | E52: U-value IP | F52: Pre 1978 | G52: N/A | H52: ASHRAE 90.1 Table A3.3.3.1, 16" on center, R-0 | I52: 0.352 | J52: 0.352 | K52: 0.352 | L52: 0.352 | M52: 0.352 | N52: 0.352 | O52: 0.352 | P52: 0.352 | Q52: 0.352 | R52: 0.352 | S52: 0.352 | T52: 0.352 | U52: 0.352 | V52: 0.352 | W52: 0.352 | X52: 0.352
H53: T24 2008 (U value) | I53: 0.098 | J53: 0.062 | K53: 0.082 | L53: 0.062 | M53: 0.062 | N53: 0.098 | O53: 0.098 | P53: 0.062 | Q53: 0.062 | R53: 0.062 | S53: 0.062 | T53: 0.062 | U53: 0.062 | V53: 0.062 | W53: 0.062 | X53: 0.062
H54: DOE pre 1980 Office prototype LA (U value) | I54: 0.227 | J54: 0.227 | K54: 0.227 | L54: 0.227 | M54: 0.227 | N54: 0.227 | O54: 0.227 | P54: 0.227 | Q54: 0.227 | R54: 0.227 | S54: 0.227 | T54: 0.227 | U54: 0.227 | V54: 0.227 | W54: 0.227 | X54: 0.227
H55: Renovation rate since 1980 (yearly renovation rate was calculated from CBECS 2003 and 2012 and then projected over 48 years) | I55: 0.074

Sheet HVAC System
A1: ="HVAC system - "&Prototype!A2 -> HVAC system - OfficeLarge | I1: Existing HVAC System Layout _ Each floor is served by one HVAC system
A2: Vintage | B2: Zones | C2: Heating | D2: Cooling | E2: Air Distribution | F2: Other Systems | G2: Source | I2: Basement | N2: First Floor | S2: Middle/Top Floors
A3: Existing | B3: Server Room_B | C3: - | D3: built up CRAH with chilled water coils (Computer Room Air Handling unit) | E3: CAV | F3: Fluid Economizer for vintage 4 | G3: Engineering Judgement
B4: Server_Room_G Server_Room_M Server_Room_T | C4: - | D4: DX Computer Room Air Conditioner (CRAC) | E4: CAV | F4: _ | G4: Engineering Judgement
B5: All other conditioned zones | C5: Gas Boiler | D5: Chiller (it also serves the Server_Room_B zone) | E5: VAV with hydronic reheat | F5: OA mixing through air handler Economizer for Vintage 2, 3 and 4 DCV for Vintage 4 (for qualifying high density rooms) | G5: CEUS 2022
A6: New Construction | B6: Server Room_B | C6: - | D6: built up CRAH with chilled water coils (Computer Room Air Handling unit) | E6: CAV | F6: Fluid Economizer | G6: T24 2025
B7: Server_Room_G Server_Room_M Server_Room_T | C7: - | D7: DX Computer Room Air Conditioner (CRAC) | E7: CAV | F7: _ | G7: T24 2025
B8: All other conditioned zones | C8: Gas Boiler | D8: Chiller (it also serves the Server_Room_B zone) | E8: VAV with hydronic reheat | F8: OA mixing through air handler ERV Economizer DCV for qualifying high density rooms | G8: T24 2025
A13: Efficiency of HVAC System (Efficiency is capacity-dependent. The following table provides a general estimate of system efficiency based on preliminary simulations in one climate zone, or assuming cooling load based on rule of thumb)
B14: Upgrade/Installed year | C14: DX Computer Room Air Conditioner Server_Room_G/M/T (CRAC) | D14: Chiller | E14: Gas Boiler | F14: Heat Rejection (Cooling Tower) | G14: Sources | H14: Note
A15: Pre 1978 | B15: 2008 | C15: 11 EER for <65 kBtu/h 10.4 EER for 65-135 kBtu/h 10.2 EER for 135-240 kBtu/h | D15: Water Cooled, Electrically Operated, Centrifugal--≥ 300 tons 6.10 COP 6.40 IPLV | E15: 80% Ec | F15: Axial fan Open-circuit cooling tower--95°F entering water 85°F leaving water 75°F entering air wb--≥ 38.2 gpm/hp | G15: CRAC: California Title 20 Appliance Efficiency Regulations, §1605.3(c)(2), Tables C-9 (2008) T24, Table 112-D (for chiller COP)(2008) California Title 20 Appliance Efficiency Regulations, Table E-3 for Boiler Efficiency (2008) T24, Table 112-G (Performance Requirements for Heat Rejection Equipment) (2008) | H15: Two centrifugal chillers (Total cooling plant load > 600 tons) Two atmospheric boilers (no combustion air fans)
A16: 1978-1997
A17: 1998-2007
A18: 2008-2018 | B18: 2013 This system will be used for the Collapsed version | C18: SCOP= 2.44 for <65 kBtu/h 2.34 for 65-240 kBtu/h 2.24 for >240 kBtu/h | D18: Water Cooled, Electrically Operated, Centrifugal--≥ 300 tons and < 600 tons ≤ 0.600 kW/ton (Path B) ≤ 0.400 IPLV (Path B) | E18: Gas-Fired Boiler > 300,000 Btu/h and ≤2,500,000 Btu/h-- 80% Et Gas-Fired Boiler > 2,500,000 Btu/h -- 82% Ec < 300,000 Btu/h 82% AFUE | F18: Axial fan Open-circuit cooling tower--95°F entering water 85°F leaving water 75°F entering air wb--≥ 42.1 gpm/hp | G18: CRAC: 10 CFR §431.97(f)(1), Table 7 (2013) T24, Table 110.2-D (for chiller COP) (2013) T24, Table 110.2-K (for Boiler thermal efficiency) (2013) T24, Table 110.2-G (Performance Requirements for Heat Rejection Equipment) (2013) | H18: water-cooled centrifugal chillers Two Boilers each with capacity between 300-2,500 KBTU/hr
A19: New Construction | B19: 2025 | C19: NSenCOP= 2.09 for <65 kBtu/h 1.99 for 65-240 kBtu/h 1,81 for >240 kBtu/h | D19: Water Cooled, Electrically Operated, Positive displacement--≥ 300 tons and < 600 tons ≤ 0.625 kW/ton (Path B) ≤ 0.410 IPLV (Path B) | E19: Gas-Fired Boiler > 300,000 Btu/h and ≤2,500,000 Btu/h-- 80% Et Gas-Fired Boiler > 2,500,000 Btu/h -- 82% Ec | F19: Axial fan Open-circuit cooling tower--95°F entering water 85°F leaving water 75°F entering air wb--≥ 42.1 gpm/hp | G19: CRAC: 10 CFR § 431.97, Table 13 (2025) T24, Table 110.2-D (for chiller COP)(2025) 10 CFR 431.86 , section § 431.87 Table 1 (for Boiler thermal efficiency)(2025) T24, Table 110.2-E (Performance Requirements for Heat Rejection Equipment)(2025) | H19: Two water-cooled screw chillers (Each between 300-600 tons), Path B, Positive displacement chiller with design leaving fluid temperature ≤ 32°F Two Boilers each with capacity between 300-2,500 KBTU/hr
A20: Fan power
A21: Vintage | B21: Approach | C21: System | D21: Total Static Pressure (in. w.c.) | E21: Fan Efficiency | F21: Motor Efficiency | G21: Fan Power Index (W/cfm) | H21: Data Source
A22: Existing | B22: PNNL 90.1-2011, TSP | C22: CRAC/CRAH CAV < 7,437 cfm | D22: 2.5 | E22: 0.65 | F22: ASHRAE 90.1-2004 Table 10.8 | H22: PNNL 20405 Table 5.11
C23: CRAC/CRAH CAV >= 7,437 cfm | D23: 4.09
C24: VAV > 4,648 cfm | D24: 5.58
A25: New Construction | B25: ACM 2025 | C25: CRAC/CRAH | D25: TSP = fan power x motor efficiency x fan efficiency x 6356 / 746 | E25: 0.65 | F25: ACM 2025 Table 12 | G25: 0.58 | H25: Computer room fan power index
C26: System 6 VAV, by supply cfm | D26: TSP = fan power x motor efficiency x fan efficiency x 6356 / 746 | G26: 0.977 <=5,000; 1.013 <=10,000; 0.947 >10,000 | H26: ACM 2025 Table 13
B27: Background Data [To be deleted prior to publication]
B29: Existing prototypes:
B31: Space | C31: System No. | D31: System Type | E31: Fan Control | F31: Cooling Type | G31: Heating Type
A32: CBECC 2025 | B32: All Space | E32: VAV | F32: Chilled water | G32: Hot-water fossil fuel boiler
A33: CPUC 2024 | B33: All Space | E33: VAV | F33: Chiller water | G33: Gas Boiler
A34: PNNL ASHRAE 90.1- 2022 San Diego | B34: data center room | C34: 14. WSHP (CRAC) | D34: Water source heat pump (Computer room air conditioning unit) | E34: Constant volume | F34: Fluid cooler | G34: Hot-water fossil fuel boiler
B35: Basement (Except data center) | C35: 12. SZ-CV-HW | D35: Single-zone system | E35: Constant volume | F35: Chilled water | G35: Hot-water fossil fuel boiler
B36: Other spaces | C36: 7. VAV with reheat | D36: VAV with reheat | E36: VAV | F36: Chilled water | G36: Hot-water fossil fuel boiler
A37: Basement system in PNNL model is :SZ-CV-HW (Single zone system: CV fan control & Chilled water cooling & Hot-water fossil fuel boiler heating)
A38: Other floors system in PNNL model is: VAV Reheat ( VAV with Reheat: VA fan control & Chilled water cooling & Hot-water fossil fuel boiler heating )
A39: Dat center zone has its won system in PNNL model: WSHP (CRAC): Water source heat pump (Computer room air conditioning unit) system: CV fan control & Fluid cooler & Hot-water fossil fuel boiler heating
B41: CEUS 2022 data:
A42: Heating System
A43: Calculation method | B43: Building Type | C43: Fan Coil / Unit Ventilator | D43: Dual Duct Constant Air Volume | E43: Dual Duct Variable Air Volume | G43: Single Duct Constant Air Volume | H43: Single Duct Variable Air Volume
A44: Floorspace-Based | B44: Office, Large | D44: 0.03 | E44: 0.15 | G44: 0.43 | H44: 0.21
A45: Sites-Based | B45: Office, Large | C45: 0.13 | D45: 0.02 | E45: 0.07 | G45: 0.66 | H45: 0.12
A48: Chiller System
A49: Calculation method | B49: Building Type | C49: Boiler/ Hydronic | D49: Package System / Heat Pump | E49: Split-System / Heat Pump | G49: Ductless Mini-Split Heat Pump | H49: Room Heating
A50: Floorspace-Based | B50: Office, Large | C50: 0.59 | D50: 0.35 | E50: 0.05 | G50: 0 | H50: 0
A51: Sites-Based | B51: Office, Large | C51: 0.34 | D51: 0.58 | E51: 0.07 | G51: 0 | H51: 0
A53: Heating Fuel Type
A54: Calculation method | B54: Building Type | C54: Gas Share | D54: Electric Share
A55: Floorspace-Based | B55: Office, Large | C55: 0.86 | D55: 0.13
A56: Sites-Based | B56: Office, Large | C56: 0.79 | D56: 0.2
A61: Fuel Share Large office (area >3,000 sf)
A62: CZ | B62: Heating system | E62: Water heater
B63: Saturation (Electric) | C63: Saturation (Gas) | D63: Saturation (Other Fuels) | E63: Saturation (Electric) | F63: Saturation (Gas) | G63: Saturation (Other Fuels)
A64: 1 | B64: 0.03 | C64: 0.97 | D64: 0 | E64: 0.17 | F64: 0.83 | G64: 0
A65: 2 | B65: 0.07 | C65: 0.93 | D65: 0 | E65: 0.3 | F65: 0.7 | G65: 0
A66: 3 | B66: 0.02 | C66: 0.94 | D66: 0.04 | E66: 0.36 | F66: 0.64 | G66: 0.04
A67: 4 | B67: 0.01 | C67: 0.94 | D67: 0.04 | E67: 0.35 | F67: 0.65 | G67: 0.04
A68: 5 | B68: 0.04 | C68: 0.95 | D68: 0.02 | E68: 0.74 | F68: 0.26 | G68: 0.02
A69: 6 | B69: 0.21 | C69: 0.79 | D69: 0 | E69: 0.38 | F69: 0.62 | G69: 0
A70: 7 | B70: 0.11 | C70: 0.87 | D70: 0.02 | E70: 0.3 | F70: 0.7 | G70: 0.01
A71: 8 | B71: 0.23 | C71: 0.77 | D71: 0 | E71: 0.37 | F71: 0.63 | G71: 0
A72: 9 | B72: 0.16 | C72: 0.83 | D72: 0 | E72: 0.33 | F72: 0.67 | G72: 0
A73: 10 | B73: 0.16 | C73: 0.83 | D73: 0.01 | E73: 0.49 | F73: 0.51 | G73: 0
A74: 11 | B74: 0.1 | C74: 0.89 | D74: 0.01 | E74: 0.42 | F74: 0.58 | G74: 0.01
A75: 12 | B75: 0.1 | C75: 0.88 | D75: 0.02 | E75: 0.38 | F75: 0.62 | G75: 0.03
... A79: 16 | B79: 0.2 | C79: 0.8 | D79: 0 | E79: 0.35 | F79: 0.65 | G79: 0
A81: Fan power
A82: Vintage | B82: Approach | C82: System | D82: Total Static Pressure (TSP) (in w.c.) | E82: Fan Efficiency [ACM 2025] | F82: Motor Efficiency | G82: Fan Power Index (W/cfm) | H82: Data Source | I82: Note
A83: Existing | B83: PNNL 90.1-2011, TSP | C83: CAV System <7,437 cfm | D83: 2.5 | E83: 0.65 | F83: ASHRAE 90.1, 2004, Table 10.8 * | H83: Fan power formula: PNNL 20405, 2010, section 5.2.2.5 TSP and fan efficiency: PNNL 20405, 2010, Table 5.11, 90.1-04ac values Motor and drive efficiency: ASHRAE 90.1, 2004, Table 10.8
C84: CAV System >7,437 cfm | D84: 4.09
C85: VAV System > 4,648 cfm | D85: 5.58
A86: Brake horsepower (bhp) = (Supply cfm × TSP in w.c.) / (6356 × fan efficiency)
A87: Fan power (w/cfm) = (bhp × 746) / ( supply cfm × motor efficiency )
A88: New Construction | B88: ACM 2025 | C88: VAV with hydronic reheat (System 6), >10,000 cfm | D88: TSP = fan power × motor efficiency × fan efficiency × 6356 / 746 | E88: 0.65 | F88: 2025 ACM Table 12 ** | G88: 0.947 | H88: Fan power index: [ACM 2025, Table 13] Motor efficiency: [ACM 2025, Table 12]
A90: * According to PNNL 20405 section 5.2.2.5, the full-load efficiency of the motor serving the fan is taken from ASHRAE 90.1, 2004, Table 10.8, based on motor nameplate and assuming enclosed motors operating at 1,800 rotations per minute (rpm) Motor nameplate size (bhp) = brake horsepower (bhp) × 1.1 ( using a 10% oversizing factor)
A91: ** The full‑load efficiency of the motor serving the fan is taken from ACM 2025 Table 12 based on the cfm of the fan. Brake horsepower (bhp) = (Supply cfm from sizing run × fan power in W/cfm) / 746. Note: ACM System 6 VAV >10,000 cfm. Server-room CRAH/CRAC fans are not in this row.

Sheet Thermostat
A1: ="Thermostat Setpoints - "&Prototype!A2 -> Thermostat Setpoints - OfficeLarge
A2: Spaces/Zones | B2: Setpoint | C2: CZ1 | D2: CZ2 | E2: CZ3 | F2: CZ4 | G2: CZ5 | H2: CZ6 | I2: CZ7 | J2: CZ8 | K2: CZ9 | L2: CZ10 | M2: CZ11 | N2: CZ12 | O2: CZ13 | P2: CZ14 | Q2: CZ15 | R2: CZ16 | S2: Source
A3: All conditioned zones except server rooms , Stairway, and Mechanical | B3: Heating Setpoint (F) | C3: 70 | D3: 70 | E3: 70 | F3: 70 | G3: 70 | H3: 70 | I3: 70 | J3: 70 | K3: 70 | L3: 70 | M3: 70 | N3: 70 | O3: 70 | P3: 70 | Q3: 70 | R3: 70 | S3: T24 2022 - Appendix 5.4B
B4: Heating Setback (F) | C4: 60 | D4: 60 | E4: 60 | F4: 60 | G4: 60 | H4: 60 | I4: 60 | J4: 60 | K4: 60 | L4: 60 | M4: 60 | N4: 60 | O4: 60 | P4: 60 | Q4: 60 | R4: 60
B5: Cooling Setpoint (F) | C5: 75 | D5: 75 | E5: 75 | F5: 75 | G5: 75 | H5: 75 | I5: 75 | J5: 75 | K5: 75 | L5: 75 | M5: 75 | N5: 75 | O5: 75 | P5: 75 | Q5: 75 | R5: 75
B6: Cooling Setback (F) * | C6: 85 | D6: 85 | E6: 85 | F6: 85 | G6: 85 | H6: 85 | I6: 85 | J6: 85 | K6: 85 | L6: 85 | M6: 85 | N6: 85 | O6: 85 | P6: 85 | Q6: 85 | R6: 85
A7: Server rooms | B7: Cooling Setpoint (F) | C7: 80 | D7: 80 | E7: 80 | F7: 80 | G7: 80 | H7: 80 | I7: 80 | J7: 80 | K7: 80 | L7: 80 | M7: 80 | N7: 80 | O7: 80 | P7: 80 | Q7: 80 | R7: 80 | S7: Title 24, Part 6, 2025, section 140.9 (a) and PNNL ASHRAE 90.1 2022 Large Office prototype
B8: Heating Setpoint (F) | C8: The Server room with 20 W/ft2 load would likely don't require heating system as the equipment constantly generate enough heat. **
A9: Stairway, and Mechanical_Electrical | B9: Heating Setpoint (F) | C9: 60 | D9: 60 | E9: 60 | F9: 60 | G9: 60 | H9: 60 | I9: 60 | J9: 60 | K9: 60 | L9: 60 | M9: 60 | N9: 60 | O9: 60 | P9: 60 | Q9: 60 | R9: 60 | S9: Engineering Judgment (Semi‑conditioned space)
B10: Heating Setback (F) | C10: 60 | D10: 60 | E10: 60 | F10: 60 | G10: 60 | H10: 60 | I10: 60 | J10: 60 | K10: 60 | L10: 60 | M10: 60 | N10: 60 | O10: 60 | P10: 60 | Q10: 60 | R10: 60
B11: Cooling Setpoint (F) | C11: 85 | D11: 85 | E11: 85 | F11: 85 | G11: 85 | H11: 85 | I11: 85 | J11: 85 | K11: 85 | L11: 85 | M11: 85 | N11: 85 | O11: 85 | P11: 85 | Q11: 85 | R11: 85
B12: Cooling Setback (F) | C12: 85 | D12: 85 | E12: 85 | F12: 85 | G12: 85 | H12: 85 | I12: 85 | J12: 85 | K12: 85 | L12: 85 | M12: 85 | N12: 85 | O12: 85 | P12: 85 | Q12: 85 | R12: 85
B14: *PNNL has considered 80 F for cooling setback of Large Office prototype (same as Medium Office). However cooling setback is 85 F in Small Office prototype !
B15: **PNNL has set the heating system temperature to 65°F for all of their data center zones.
A22: Background Data [To be deleted prior to publication]
A42: Heating/ CoolingSetpointsSchedules (existing prototypes extracted from the idf files (presented below)
B63: Heating | K63: Cooling
B64: CEC-2022 | F64: PNNL-2022 | K64: CEC-2022 | O64: PNNL-2022
B65: CEC-Weekday | C65: CEC-Saturday | D65: CEC-Sunday | F65: PNNL-Weekday | G65: PNNL-Saturday | H65: PNNL-Sunday | K65: CEC-Weekday | L65: CEC-Saturday | M65: CEC-Sunday | O65: PNNL-Weekday | P65: PNNL-Saturday | Q65: PNNL-Sunday
A66: 1 | B66: 60 | C66: 60 | D66: 60 | F66: 60.08 | G66: 60.08 | H66: 60.08 | K66: 85 | L66: 85 | M66: 85 | O66: 80.06 | P66: 80.06 | Q66: 80.06
A67: 2 | B67: 60 | C67: 60 | D67: 60 | F67: 60.08 | G67: 60.08 | H67: 60.08 | K67: 85 | L67: 85 | M67: 85 | O67: 80.06 | P67: 80.06 | Q67: 80.06
A68: 3 | B68: 60 | C68: 60 | D68: 60 | F68: 60.08 | G68: 60.08 | H68: 60.08 | K68: 85 | L68: 85 | M68: 85 | O68: 80.06 | P68: 80.06 | Q68: 80.06
A69: 4 | B69: 60 | C69: 60 | D69: 60 | F69: 60.08 | G69: 60.08 | H69: 60.08 | K69: 85 | L69: 85 | M69: 85 | O69: 80.06 | P69: 80.06 | Q69: 80.06
A70: 5 | B70: 60 | C70: 60 | D70: 60 | F70: 60.08 | G70: 60.08 | H70: 60.08 | K70: 85 | L70: 85 | M70: 85 | O70: 80.06 | P70: 80.06 | Q70: 80.06
A71: 6 | B71: 70 | C71: 70 | D71: 60 | F71: 64.04 | G71: 64.04 | H71: 60.08 | K71: 75 | L71: 75 | M71: 85 | O71: 78.08 | P71: 78.26 | Q71: 80.06
A72: 7 | B72: 70 | C72: 70 | D72: 60 | F72: 68 | G72: 68 | H72: 60.08 | K72: 75 | L72: 75 | M72: 85 | O72: 77 | P72: 77 | Q72: 80.06
A73: 8 | B73: 70 | C73: 70 | D73: 60 | F73: 69.8 | G73: 69.8 | H73: 60.08 | K73: 75 | L73: 75 | M73: 85 | O73: 75.2 | P73: 75.2 | Q73: 80.06
A74: 9 | B74: 70 | C74: 70 | D74: 60 | F74: 69.8 | G74: 69.8 | H74: 60.08 | K74: 75 | L74: 75 | M74: 85 | O74: 75.2 | P74: 75.2 | Q74: 80.06
A75: 10 | B75: 70 | C75: 70 | D75: 60 | F75: 69.8 | G75: 69.8 | H75: 60.08 | K75: 75 | L75: 75 | M75: 85 | O75: 75.2 | P75: 75.2 | Q75: 80.06
A76: 11 | B76: 70 | C76: 70 | D76: 60 | F76: 69.8 | G76: 69.8 | H76: 60.08 | K76: 75 | L76: 75 | M76: 85 | O76: 75.2 | P76: 75.2 | Q76: 80.06
A77: 12 | B77: 70 | C77: 70 | D77: 60 | F77: 69.8 | G77: 69.8 | H77: 60.08 | K77: 75 | L77: 75 | M77: 85 | O77: 75.2 | P77: 75.2 | Q77: 80.06
... A89: 24 | B89: 70 | C89: 60 | D89: 60 | F89: 60.08 | G89: 60.08 | H89: 60.08 | K89: 75 | L89: 85 | M89: 85 | O89: 80.06 | P89: 80.06 | Q89: 80.06

Sheet Ventilation
A1: ="Outdoor Airflow Rate - "&Prototype!A2 -> Outdoor Airflow Rate - OfficeLarge
A2: Space Name | B2: Number of People | C2: Floor Area (ft²) | D2: cfm/person (T24, 2025, Equation 120.1-F and Table 120.1-A) | E2: cfm/ft² (T24, 2025, Equation 120.1-F and Table 120.1-A) | F2: Required Exhaust Rate (T24, 2025, Table 120.1-B – Minimum Exhaust Rates) | G2: Total cfm Driven by People | H2: Total cfm Driven by Area | I2: Total cfm Driven by Exhaust | J2: Total cfm | K2: Note
A3: =Zones!B3 -> Perimeter_Open_Office_N_Basement | B3: =Zones!L3 -> 42.0843 | C3: =Zones!I3 -> 8416.86 | D3: 15 | E3: 0.15 | G3: =B3*D3 -> 631.2645 | H3: =C3*E3 -> 1262.529 | J3: =MAX(G3:I3) -> 1262.529 | K3: Office space/Occupancy Category - Office Buildings
A4: =Zones!B4 -> Perimeter_Open_Office_S_Basement | B4: =Zones!L4 -> 18.3109 | C4: =Zones!I4 -> 3662.18 | D4: 15 | E4: 0.15 | G4: =B4*D4 -> 274.6635 | H4: =C4*E4 -> 549.327 | J4: =MAX(G4:I4) -> 549.327 | K4: Office space/Occupancy Category - Office Buildings
A5: =Zones!B5 -> Core_Enclosed_Office_Basement | B5: =Zones!L5 -> 18.5184 | C5: =Zones!I5 -> 3703.68 | D5: 15 | E5: 0.15 | G5: =B5*D5 -> 277.776 | H5: =C5*E5 -> 555.552 | J5: =MAX(G5:I5) -> 555.552 | K5: Office space/Occupancy Category - Office Buildings
A6: =Zones!B6 -> Server_Room_Basement | B6: =Zones!L6 -> 12.342 | C6: =Zones!I6 -> 8228 | D6: 15 | E6: 0.15 | G6: =B6*D6 -> 185.13 | H6: =C6*E6 -> 1234.2 | J6: =MAX(G6:I6) -> 1234.2 | K6: Telephone/data entry/Occupancy Category - Office Buildings
A7: =Zones!B7 -> Mech/Elec_Basement | B7: =Zones!L7 -> 0 | C7: =Zones!I7 -> 7958 | D7: 15 | E7: 0.15 | G7: =B7*D7 -> 0 | H7: =C7*E7 -> 1193.7 | J7: =MAX(G7:I7) -> 1193.7 | K7: All Other
A8: =Zones!B8 -> Conference_Basement | B8: =Zones!L8 -> 19.1301 | C8: =Zones!I8 -> 579.7 | D8: 15 | E8: 0.15 | G8: =B8*D8 -> 286.9515 | H8: =C8*E8 -> 86.955 | J8: =MAX(G8:I8) -> 286.9515 | K8: Conference/meeting/Occupancy Category - General
A9: =Zones!B9 -> BreakRoom/FoodPrep_Basement | B9: =Zones!L9 -> 32.109 | C9: =Zones!I9 -> 973 | D9: 15 | E9: 0.15 | G9: =B9*D9 -> 481.635 | H9: =C9*E9 -> 145.95 | J9: =MAX(G9:I9) -> 481.635 | K9: Breakrooms/Occupancy Category - Office Buildings
A10: =Zones!B10 -> Storage_Basement | B10: =Zones!L10 -> 0 | C10: =Zones!I10 -> 1231 | D10: 15 | E10: 0.15 | G10: =B10*D10 -> 0 | H10: =C10*E10 -> 184.65 | J10: =MAX(G10:I10) -> 184.65 | K10: Occupiable storage rooms for dry materials/Occupancy Category - Office Buildings
A11: =Zones!B11 -> Restroom_Basement | B11: =Zones!L11 -> 0 | C11: =Zones!I11 -> 986 | D11: 15 | E11: 0.15 | F11: 5* 50/70 (cfm/unit) | G11: =B11*D11 -> 0 | H11: =C11*E11 -> 147.9 | I11: =5*50 -> 250 | J11: =MAX(G11:I11) -> 250 | K11: Almost 1 unit per 30 occupant for exhaust fan
A12: =Zones!B12 -> Lobby/Lounge_Basement | B12: =Zones!L12 -> 10.605 | C12: =Zones!I12 -> 707 | D12: 15 | E12: 0.15 | G12: =B12*D12 -> 159.075 | H12: =C12*E12 -> 106.05 | J12: =MAX(G12:I12) -> 159.075 | K12: Breakrooms/Occupancy Category - Office Buildings
A13: =Zones!B13 -> Stair/Elevator_Basement | B13: =Zones!L13 -> 0 | C13: =Zones!I13 -> 941 | D13: 15 | E13: 0.15 | G13: =B13*D13 -> 0 | H13: =C13*E13 -> 141.15 | J13: =MAX(G13:I13) -> 141.15 | K13: All Other
A14: =Zones!B14 -> Corridor_W_Basement | B14: =Zones!L14 -> 3.515 | C14: =Zones!I14 -> 703 | D14: 15 | E14: 0.15 | G14: =B14*D14 -> 52.725 | H14: =C14*E14 -> 105.45 | J14: =MAX(G14:I14) -> 105.45 | K14: Corridors /Occupancy Category - General
A15: =Zones!B15 -> Corridor_E_Basement | B15: =Zones!L15 -> 1.3145 | C15: =Zones!I15 -> 262.9 | D15: 15 | E15: 0.15 | G15: =B15*D15 -> 19.7175 | H15: =C15*E15 -> 39.435 | J15: =MAX(G15:I15) -> 39.435 | K15: Corridors /Occupancy Category - General
A16: =Zones!B16 -> Perimeter_Open_Office_N_FloorG | B16: =Zones!L16 -> 35.65645 | C16: =Zones!I16 -> 7131.29 | D16: 15 | E16: 0.15 | G16: =B16*D16 -> 534.84675 | H16: =C16*E16 -> 1069.6935 | J16: =MAX(G16:I16) -> 1069.6935 | K16: Office space/Occupancy Category - Office Buildings
A17: =Zones!B17 -> Perimeter_Open_Office_W_FloorG | B17: =Zones!L17 -> 28.97885 | C17: =Zones!I17 -> 5795.77 | D17: 15 | E17: 0.15 | G17: =B17*D17 -> 434.68275 | H17: =C17*E17 -> 869.3655 | J17: =MAX(G17:I17) -> 869.3655 | K17: Office space/Occupancy Category - Office Buildings
A18: =Zones!B18 -> Perimeter_Open_Office_E_FloorG | B18: =Zones!L18 -> 29.37745 | C18: =Zones!I18 -> 5875.49 | D18: 15 | E18: 0.15 | G18: =B18*D18 -> 440.66175 | H18: =C18*E18 -> 881.3235 | J18: =MAX(G18:I18) -> 881.3235 | K18: Office space/Occupancy Category - Office Buildings
A19: =Zones!B19 -> Perimeter_Enclosed_Office_NE_FloorG | B19: =Zones!L19 -> 4.5869 | C19: =Zones!I19 -> 917.38 | D19: 15 | E19: 0.15 | G19: =B19*D19 -> 68.8035 | H19: =C19*E19 -> 137.607 | J19: =MAX(G19:I19) -> 137.607 | K19: Office space/Occupancy Category - Office Buildings
A20: =Zones!B20 -> Perimeter_Enclosed_Office_NW_FloorG | B20: =Zones!L20 -> 5.65605 | C20: =Zones!I20 -> 1131.21 | D20: 15 | E20: 0.15 | G20: =B20*D20 -> 84.84075 | H20: =C20*E20 -> 169.6815 | J20: =MAX(G20:I20) -> 169.6815 | K20: Office space/Occupancy Category - Office Buildings
A21: =Zones!B21 -> Core_Enclosed_Office_FloorG | B21: =Zones!L21 -> 16.5614 | C21: =Zones!I21 -> 3312.28 | D21: 15 | E21: 0.15 | G21: =B21*D21 -> 248.421 | H21: =C21*E21 -> 496.842 | J21: =MAX(G21:I21) -> 496.842 | K21: Office space/Occupancy Category - Office Buildings
A22: =Zones!B22 -> Server_Room_FloorG | B22: =Zones!L22 -> 0.625635 | C22: =Zones!I22 -> 417.09 | D22: 15 | E22: 0.15 | G22: =B22*D22 -> 9.384525 | H22: =C22*E22 -> 62.5635 | J22: =MAX(G22:I22) -> 62.5635 | K22: Telephone/data entry/Occupancy Category - Office Buildings
A23: =Zones!B23 -> Mech/Elec_FloorG | B23: =Zones!L23 -> 0 | C23: =Zones!I23 -> 848.96 | D23: 15 | E23: 0.15 | G23: =B23*D23 -> 0 | H23: =C23*E23 -> 127.344 | J23: =MAX(G23:I23) -> 127.344 | K23: All Other
... A27: =Zones!B27 -> Storage_FloorG | B27: =Zones!L27 -> 0 | C27: =Zones!I27 -> 959.03 | D27: 15 | E27: 0.15 | G27: =B27*D27 -> 0 | H27: =C27*E27 -> 143.8545 | J27: =MAX(G27:I27) -> 143.8545 | K27: Occupiable storage rooms for dry materials/Occupancy Category - Office Buildings
A28: =Zones!B28 -> Locker_FloorG | B28: =Zones!L28 -> 17.6523 | C28: =Zones!I28 -> 1765.23 | D28: 15 | E28: 0.15 | F28: 0.25 (cfm/sf) | G28: =B28*D28 -> 264.7845 | H28: =C28*E28 -> 264.7845 | I28: =0.25*C28 -> 441.3075 | J28: =MAX(G28:I28) -> 441.3075 | K28: All Other
A29: =Zones!B29 -> Lobby_S_FloorG | B29: =Zones!L29 -> 33.6063 | C29: =Zones!I29 -> 3360.63 | D29: 15 | E29: 0.15 | G29: =B29*D29 -> 504.0945 | H29: =C29*E29 -> 504.0945 | J29: =MAX(G29:I29) -> 504.0945 | K29: Main entry lobbies/Occupancy Category - Office Buildings
A30: =Zones!B30 -> Lobby/Lounge_FloorG | B30: =Zones!L30 -> 10.2585 | C30: =Zones!I30 -> 683.9 | D30: 15 | E30: 0.15 | G30: =B30*D30 -> 153.8775 | H30: =C30*E30 -> 102.585 | J30: =MAX(G30:I30) -> 153.8775 | K30: Main entry lobbies/Occupancy Category - Office Buildings
A31: =Zones!B31 -> Restroom_FloorG | B31: =Zones!L31 -> 0 | C31: =Zones!I31 -> 1156.09 | D31: 15 | E31: 0.15 | F31: 8* 50/70 (cfm/unit) | G31: =B31*D31 -> 0 | H31: =C31*E31 -> 173.4135 | I31: =8*50 -> 400 | J31: =MAX(G31:I31) -> 400 | K31: All Other
A32: =Zones!B32 -> Stair/Elevator_FloorG | B32: =Zones!L32 -> 0 | C32: =Zones!I32 -> 848.01 | D32: 15 | E32: 0.15 | G32: =B32*D32 -> 0 | H32: =C32*E32 -> 127.2015 | J32: =MAX(G32:I32) -> 127.2015 | K32: All Other
A33: =Zones!B33 -> Corridor_W_FloorG | B33: =Zones!L33 -> 5.02935 | C33: =Zones!I33 -> 1005.87 | D33: 15 | E33: 0.15 | G33: =B33*D33 -> 75.44025 | H33: =C33*E33 -> 150.8805 | J33: =MAX(G33:I33) -> 150.8805 | K33: Corridors /Occupancy Category - General
A34: =Zones!B34 -> Corridor_E_FloorG | B34: =Zones!L34 -> 3.9938 | C34: =Zones!I34 -> 798.76 | D34: 15 | E34: 0.15 | G34: =B34*D34 -> 59.907 | H34: =C34*E34 -> 119.814 | J34: =MAX(G34:I34) -> 119.814 | K34: Corridors /Occupancy Category - General
A35: =Zones!B35 -> Plenum_FloorG | B35: =Zones!L35 -> 0 | C35: =Zones!I35 -> 38352.97 | G35: =B35*D35 -> 0 | H35: =C35*E35 -> 0 | J35: =MAX(G35:I35) -> 0 | K35: -
A36: =Zones!B36 -> Perimeter_Open_Office_N_FloorM | B36: =Zones!L36 -> 35.65645 | C36: =Zones!I36 -> 7131.29 | D36: 15 | E36: 0.15 | G36: =B36*D36 -> 534.84675 | H36: =C36*E36 -> 1069.6935 | J36: =MAX(G36:I36) -> 1069.6935 | K36: Office space/Occupancy Category - Office Buildings
A37: =Zones!B37 -> Perimeter_Open_Office_S_FloorM | B37: =Zones!L37 -> 26.18685 | C37: =Zones!I37 -> 5237.37 | D37: 15 | E37: 0.15 | G37: =B37*D37 -> 392.80275 | H37: =C37*E37 -> 785.6055 | J37: =MAX(G37:I37) -> 785.6055 | K37: Office space/Occupancy Category - Office Buildings
A38: =Zones!B38 -> Perimeter_Open_Office_E_FloorM | B38: =Zones!L38 -> 22.3522 | C38: =Zones!I38 -> 4470.44 | D38: 15 | E38: 0.15 | G38: =B38*D38 -> 335.283 | H38: =C38*E38 -> 670.566 | J38: =MAX(G38:I38) -> 670.566 | K38: Office space/Occupancy Category - Office Buildings
A39: =Zones!B39 -> Perimeter_Open_Office_W_FloorM | B39: =Zones!L39 -> 22.2438 | C39: =Zones!I39 -> 4448.76 | D39: 15 | E39: 0.15 | G39: =B39*D39 -> 333.657 | H39: =C39*E39 -> 667.314 | J39: =MAX(G39:I39) -> 667.314 | K39: Office space/Occupancy Category - Office Buildings
A40: =Zones!B40 -> Perimeter_Enclosed_Office_NE_FloorM | B40: =Zones!L40 -> 4.5869 | C40: =Zones!I40 -> 917.38 | D40: 15 | E40: 0.15 | G40: =B40*D40 -> 68.8035 | H40: =C40*E40 -> 137.607 | J40: =MAX(G40:I40) -> 137.607 | K40: Office space/Occupancy Category - Office Buildings
A41: =Zones!B41 -> Perimeter_Enclosed_Office_NW_FloorM | B41: =Zones!L41 -> 5.65605 | C41: =Zones!I41 -> 1131.21 | D41: 15 | E41: 0.15 | G41: =B41*D41 -> 84.84075 | H41: =C41*E41 -> 169.6815 | J41: =MAX(G41:I41) -> 169.6815 | K41: Office space/Occupancy Category - Office Buildings
A42: =Zones!B42 -> Perimeter_Enclosed_Office_SW_FloorM | B42: =Zones!L42 -> 5.05245 | C42: =Zones!I42 -> 1010.49 | D42: 15 | E42: 0.15 | G42: =B42*D42 -> 75.78675 | H42: =C42*E42 -> 151.5735 | J42: =MAX(G42:I42) -> 151.5735 | K42: Office space/Occupancy Category - Office Buildings
A43: =Zones!B43 -> Perimeter_Enclosed_Office_SE_FloorM | B43: =Zones!L43 -> 5.1674 | C43: =Zones!I43 -> 1033.48 | D43: 15 | E43: 0.15 | G43: =B43*D43 -> 77.511 | H43: =C43*E43 -> 155.022 | J43: =MAX(G43:I43) -> 155.022 | K43: Office space/Occupancy Category - Office Buildings
A44: =Zones!B44 -> Core_Enclosed_Office_FloorM | B44: =Zones!L44 -> 16.165 | C44: =Zones!I44 -> 3233 | D44: 15 | E44: 0.15 | G44: =B44*D44 -> 242.475 | H44: =C44*E44 -> 484.95 | J44: =MAX(G44:I44) -> 484.95 | K44: Office space/Occupancy Category - Office Buildings
A45: =Zones!B45 -> Server_Room_FloorM | B45: =Zones!L45 -> 0.627 | C45: =Zones!I45 -> 418 | D45: 15 | E45: 0.15 | G45: =B45*D45 -> 9.405 | H45: =C45*E45 -> 62.7 | J45: =MAX(G45:I45) -> 62.7 | K45: Telephone/data entry/Occupancy Category - Office Buildings
A46: =Zones!B46 -> Mech/Elec_FloorM | B46: =Zones!L46 -> 0 | C46: =Zones!I46 -> 1070 | D46: 15 | E46: 0.15 | G46: =B46*D46 -> 0 | H46: =C46*E46 -> 160.5 | J46: =MAX(G46:I46) -> 160.5 | K46: All Other
A47: =Zones!B47 -> Conference_N_FloorM | B47: =Zones!L47 -> 26.0634 | C47: =Zones!I47 -> 789.8 | D47: 15 | E47: 0.15 | G47: =B47*D47 -> 390.951 | H47: =C47*E47 -> 118.47 | J47: =MAX(G47:I47) -> 390.951 | K47: Conference/meeting/Occupancy Category - General
... A53: =Zones!B53 -> Lobby/Lounge_FloorM | B53: =Zones!L53 -> 10.26 | C53: =Zones!I53 -> 684 | D53: 15 | E53: 0.15 | G53: =B53*D53 -> 153.9 | H53: =C53*E53 -> 102.6 | J53: =MAX(G53:I53) -> 153.9 | K53: Breakrooms/Occupancy Category - Office Buildings
A54: =Zones!B54 -> Restroom_FloorM | B54: =Zones!L54 -> 0 | C54: =Zones!I54 -> 1155 | D54: 15 | E54: 0.15 | F54: 9* 50/70 (cfm/unit) | G54: =B54*D54 -> 0 | H54: =C54*E54 -> 173.25 | I54: =9*50 -> 450 | J54: =MAX(G54:I54) -> 450 | K54: All Other
A55: =Zones!B55 -> Stair/Elevator_FloorM | B55: =Zones!L55 -> 0 | C55: =Zones!I55 -> 848 | D55: 15 | E55: 0.15 | G55: =B55*D55 -> 0 | H55: =C55*E55 -> 127.2 | J55: =MAX(G55:I55) -> 127.2 | K55: All Other
A56: =Zones!B56 -> Corridor_W_FloorM | B56: =Zones!L56 -> 5.0294 | C56: =Zones!I56 -> 1005.88 | D56: 15 | E56: 0.15 | G56: =B56*D56 -> 75.441 | H56: =C56*E56 -> 150.882 | J56: =MAX(G56:I56) -> 150.882 | K56: Corridors /Occupancy Category - General
A57: =Zones!B57 -> Corridor_E_FloorM | B57: =Zones!L57 -> 2.9268 | C57: =Zones!I57 -> 585.36 | D57: 15 | E57: 0.15 | G57: =B57*D57 -> 43.902 | H57: =C57*E57 -> 87.804 | J57: =MAX(G57:I57) -> 87.804 | K57: Corridors /Occupancy Category - General
A58: =Zones!B58 -> Plenum_FloorM | B58: =Zones!L58 -> 0 | C58: =Zones!I58 -> 38352.97 | G58: =B58*D58 -> 0 | H58: =C58*E58 -> 0 | J58: =MAX(G58:I58) -> 0 | K58: -
A59: =Zones!B59 -> Perimeter_Open_Office_N_FloorT | B59: =Zones!L59 -> 35.65645 | C59: =Zones!I59 -> 7131.29 | D59: 15 | E59: 0.15 | G59: =B59*D59 -> 534.84675 | H59: =C59*E59 -> 1069.6935 | J59: =MAX(G59:I59) -> 1069.6935 | K59: Office space/Occupancy Category - Office Buildings
A60: =Zones!B60 -> Perimeter_Open_Office_S_FloorT | B60: =Zones!L60 -> 26.18685 | C60: =Zones!I60 -> 5237.37 | D60: 15 | E60: 0.15 | G60: =B60*D60 -> 392.80275 | H60: =C60*E60 -> 785.6055 | J60: =MAX(G60:I60) -> 785.6055 | K60: Office space/Occupancy Category - Office Buildings
A61: =Zones!B61 -> Perimeter_Open_Office_E_FloorT | B61: =Zones!L61 -> 22.3522 | C61: =Zones!I61 -> 4470.44 | D61: 15 | E61: 0.15 | G61: =B61*D61 -> 335.283 | H61: =C61*E61 -> 670.566 | J61: =MAX(G61:I61) -> 670.566 | K61: Office space/Occupancy Category - Office Buildings
A62: =Zones!B62 -> Perimeter_Open_Office_W_FloorT | B62: =Zones!L62 -> 22.2438 | C62: =Zones!I62 -> 4448.76 | D62: 15 | E62: 0.15 | G62: =B62*D62 -> 333.657 | H62: =C62*E62 -> 667.314 | J62: =MAX(G62:I62) -> 667.314 | K62: Office space/Occupancy Category - Office Buildings
A63: =Zones!B63 -> Perimeter_Enclosed_Office_NE_FloorT | B63: =Zones!L63 -> 4.5869 | C63: =Zones!I63 -> 917.38 | D63: 15 | E63: 0.15 | G63: =B63*D63 -> 68.8035 | H63: =C63*E63 -> 137.607 | J63: =MAX(G63:I63) -> 137.607 | K63: Office space/Occupancy Category - Office Buildings
A64: =Zones!B64 -> Perimeter_Enclosed_Office_NW_FloorT | B64: =Zones!L64 -> 5.65605 | C64: =Zones!I64 -> 1131.21 | D64: 15 | E64: 0.15 | G64: =B64*D64 -> 84.84075 | H64: =C64*E64 -> 169.6815 | J64: =MAX(G64:I64) -> 169.6815 | K64: Office space/Occupancy Category - Office Buildings
A65: =Zones!B65 -> Perimeter_Enclosed_Office_SW_FloorT | B65: =Zones!L65 -> 5.05245 | C65: =Zones!I65 -> 1010.49 | D65: 15 | E65: 0.15 | G65: =B65*D65 -> 75.78675 | H65: =C65*E65 -> 151.5735 | J65: =MAX(G65:I65) -> 151.5735 | K65: Office space/Occupancy Category - Office Buildings
A66: =Zones!B66 -> Perimeter_Enclosed_Office_SE_FloorT | B66: =Zones!L66 -> 5.1674 | C66: =Zones!I66 -> 1033.48 | D66: 15 | E66: 0.15 | G66: =B66*D66 -> 77.511 | H66: =C66*E66 -> 155.022 | J66: =MAX(G66:I66) -> 155.022 | K66: Office space/Occupancy Category - Office Buildings
A67: =Zones!B67 -> Core_Enclosed_Office_FloorT | B67: =Zones!L67 -> 16.165 | C67: =Zones!I67 -> 3233 | D67: 15 | E67: 0.15 | G67: =B67*D67 -> 242.475 | H67: =C67*E67 -> 484.95 | J67: =MAX(G67:I67) -> 484.95 | K67: Office space/Occupancy Category - Office Buildings
A68: =Zones!B68 -> Server_Room_FloorT | B68: =Zones!L68 -> 0.627 | C68: =Zones!I68 -> 418 | D68: 15 | E68: 0.15 | G68: =B68*D68 -> 9.405 | H68: =C68*E68 -> 62.7 | J68: =MAX(G68:I68) -> 62.7 | K68: Telephone/data entry/Occupancy Category - Office Buildings
A69: =Zones!B69 -> Mech/Elec_FloorT | B69: =Zones!L69 -> 0 | C69: =Zones!I69 -> 1070 | D69: 15 | E69: 0.15 | G69: =B69*D69 -> 0 | H69: =C69*E69 -> 160.5 | J69: =MAX(G69:I69) -> 160.5 | K69: All Other
A70: =Zones!B70 -> Conference_N_FloorT | B70: =Zones!L70 -> 26.0634 | C70: =Zones!I70 -> 789.8 | D70: 15 | E70: 0.15 | G70: =B70*D70 -> 390.951 | H70: =C70*E70 -> 118.47 | J70: =MAX(G70:I70) -> 390.951 | K70: Conference/meeting/Occupancy Category - General
... A76: =Zones!B76 -> Lobby/Lounge_FloorT | B76: =Zones!L76 -> 10.26 | C76: =Zones!I76 -> 684 | D76: 15 | E76: 0.15 | G76: =B76*D76 -> 153.9 | H76: =C76*E76 -> 102.6 | J76: =MAX(G76:I76) -> 153.9 | K76: Breakrooms/Occupancy Category - Office Buildings
A77: =Zones!B77 -> Restroom_FloorT | B77: =Zones!L77 -> 0 | C77: =Zones!I77 -> 1155 | D77: 15 | E77: 0.15 | F77: 9* 50/70 (cfm/unit) | G77: =B77*D77 -> 0 | H77: =C77*E77 -> 173.25 | I77: =9*50 -> 450 | J77: =MAX(G77:I77) -> 450 | K77: All Other
A78: =Zones!B78 -> Stair/Elevator_FloorT | B78: =Zones!L78 -> 0 | C78: =Zones!I78 -> 848 | D78: 15 | E78: 0.15 | G78: =B78*D78 -> 0 | H78: =C78*E78 -> 127.2 | J78: =MAX(G78:I78) -> 127.2 | K78: All Other
A79: =Zones!B79 -> Corridor_W_FloorT | B79: =Zones!L79 -> 5.0294 | C79: =Zones!I79 -> 1005.88 | D79: 15 | E79: 0.15 | G79: =B79*D79 -> 75.441 | H79: =C79*E79 -> 150.882 | J79: =MAX(G79:I79) -> 150.882 | K79: Corridors /Occupancy Category - General
A80: =Zones!B80 -> Corridor_E_FloorT | B80: =Zones!L80 -> 2.9268 | C80: =Zones!I80 -> 585.36 | D80: 15 | E80: 0.15 | G80: =B80*D80 -> 43.902 | H80: =C80*E80 -> 87.804 | J80: =MAX(G80:I80) -> 87.804 | K80: Corridors /Occupancy Category - General
A81: =Zones!B81 -> Plenum_FloorT | B81: =Zones!L81 -> 0 | C81: =Zones!I81 -> 38352.97 | D81: 15 | G81: =B81*D81 -> 0 | H81: =C81*E81 -> 0 | J81: =MAX(G81:I81) -> 0 | K81: -
A92: Background Data [To be deleted prior to publication]

Sheet Water Heater
A1: Water Heater - OfficeLarge
A2: Vintage | B2: WH Type | C2: Efficiency | D2: Number of WH | E2: Tank Volume (gal) | F2: Tank Loss | G2: Source
A3: Existing | B3: Gas | C3: 0.8 | D3: =B92 -> 2 | E3: See table below for each WH: col F is storage volume EACH of N identical heaters (N in B91). Plant total volume = col L. | F3: See table below for each WH: col G is standby EACH of N identical heaters. Plant total UA = col N. | G3: See table below for sources: Climate Zone Water Heater Sizing and Loss Coefficients
A4: New Construction | B4: Gas | C4: 0.8 | D4: =D3 -> 2 | E4: =E3 -> See table below for each WH: col F is storage volume EACH of N identical heaters (N in B91). Plant total volume = col L. | F4: =F3 -> See table below for each WH: col G is standby EACH of N identical heaters. Plant total UA = col N. | G4: =G3 -> See table below for sources: Climate Zone Water Heater Sizing and Loss Coefficients
A8: Peak Hot Water Consumption
A9: Space Name | B9: Baseline WH Type [T24, 2022, Appendix 5.4A , sheet: "2022 SpaceFuncData-Input"] | C9: Total Area (ft²) | D9: Number of People | E9: Hot Water Usage Specification (gal/hr per person) [T24, 2022, Appendix 5.4A , sheet: "2022 SpaceFuncData-Input"] | F9: Peak Hot Water Usage (gal/hr) | G9: Peak Hot Water Usage (gal/min) | H9: Note
A10: =Zones!B3 -> Perimeter_Open_Office_N_Basement | B10: Gas* | C10: =Zones!I3*Zones!K3 -> 8416.86 | D10: =Zones!L3*Zones!K3 -> 42.0843 | E10: 0.18 | F10: =D10*E10 -> 7.575174 | G10: =F10/60 -> 0.1262529 | H10: For space types marked with an asterisk (the ‘*’ symbol), the water‑heater type is listed as electric in Appendix 5.4A, sheet ‘2022 SpaceFuncData‑Input.’ However, we modified the value based on CEUS data, which indicates that gas is the primary fuel type.
A11: =Zones!B4 -> Perimeter_Open_Office_S_Basement | B11: Gas* | C11: =Zones!I4*Zones!K4 -> 3662.18 | D11: =Zones!L4*Zones!K4 -> 18.3109 | E11: 0.18 | F11: =D11*E11 -> 3.295962 | G11: =F11/60 -> 0.0549327
A12: =Zones!B5 -> Core_Enclosed_Office_Basement | B12: Gas* | C12: =Zones!I5*Zones!K5 -> 3703.68 | D12: =Zones!L5*Zones!K5 -> 18.5184 | E12: 0.18 | F12: =D12*E12 -> 3.333312 | G12: =F12/60 -> 0.0555552
A13: =Zones!B6 -> Server_Room_Basement | B13: Gas* | C13: =Zones!I6*Zones!K6 -> 8228 | D13: =Zones!L6*Zones!K6 -> 12.342 | E13: 0.18 | F13: =D13*E13 -> 2.22156 | G13: =F13/60 -> 0.037026
A14: =Zones!B7 -> Mech/Elec_Basement | B14: Gas* | C14: =Zones!I7*Zones!K7 -> 7958 | D14: =Zones!L7*Zones!K7 -> 0 | E14: 0.18 | F14: =D14*E14 -> 0 | G14: =F14/60 -> 0
A15: =Zones!B8 -> Conference_Basement | B15: Gas* | C15: =Zones!I8*Zones!K8 -> 579.7 | D15: =Zones!L8*Zones!K8 -> 19.1301 | E15: 0.09 | F15: =D15*E15 -> 1.721709 | G15: =F15/60 -> 0.02869515
A16: =Zones!B9 -> BreakRoom/FoodPrep_Basement | B16: Gas* | C16: =Zones!I9*Zones!K9 -> 973 | D16: =Zones!L9*Zones!K9 -> 32.109 | E16: 0.09 | F16: =D16*E16 -> 2.88981 | G16: =F16/60 -> 0.0481635
A17: =Zones!B10 -> Storage_Basement | B17: Gas* | C17: =Zones!I10*Zones!K10 -> 1231 | D17: =Zones!L10*Zones!K10 -> 0 | E17: 0 | F17: =D17*E17 -> 0 | G17: =F17/60 -> 0
A18: =Zones!B11 -> Restroom_Basement | B18: Gas | C18: =Zones!I11*Zones!K11 -> 986 | D18: =Zones!L11*Zones!K11 -> 0 | E18: 0 | F18: =D18*E18 -> 0 | G18: =F18/60 -> 0
A19: =Zones!B12 -> Lobby/Lounge_Basement | B19: Gas | C19: =Zones!I12*Zones!K12 -> 707 | D19: =Zones!L12*Zones!K12 -> 10.605 | E19: 0.09 | F19: =D19*E19 -> 0.95445 | G19: =F19/60 -> 0.0159075
A20: =Zones!B13 -> Stair/Elevator_Basement | B20: Gas* | C20: =Zones!I13*Zones!K13 -> 941 | D20: =Zones!L13*Zones!K13 -> 0 | E20: 0 | F20: =D20*E20 -> 0 | G20: =F20/60 -> 0
A21: =Zones!B14 -> Corridor_W_Basement | B21: Gas* | C21: =Zones!I14*Zones!K14 -> 703 | D21: =Zones!L14*Zones!K14 -> 3.515 | E21: 0 | F21: =D21*E21 -> 0 | G21: =F21/60 -> 0
A22: =Zones!B15 -> Corridor_E_Basement | B22: Gas* | C22: =Zones!I15*Zones!K15 -> 262.9 | D22: =Zones!L15*Zones!K15 -> 1.3145 | E22: 0 | F22: =D22*E22 -> 0 | G22: =F22/60 -> 0
... A41: =Zones!B34 -> Corridor_E_FloorG | B41: Gas* | C41: =Zones!I34*Zones!K34 -> 798.76 | D41: =Zones!L34*Zones!K34 -> 3.9938 | E41: 0 | F41: =D41*E41 -> 0 | G41: =F41/60 -> 0
A42: =Zones!B35 -> Plenum_FloorG | C42: =Zones!I35*Zones!K35 -> 38352.97 | D42: =Zones!L35*Zones!K35 -> 0 | E42: 0 | F42: =D42*E42 -> 0 | G42: =F42/60 -> 0
A43: =Zones!B36 -> Perimeter_Open_Office_N_FloorM | B43: Gas* | C43: =Zones!I36*Zones!K36 -> 71312.9 | D43: =Zones!L36*Zones!K36 -> 356.5645 | E43: 0.18 | F43: =D43*E43 -> 64.18161 | G43: =F43/60 -> 1.0696935
A44: =Zones!B37 -> Perimeter_Open_Office_S_FloorM | B44: Gas* | C44: =Zones!I37*Zones!K37 -> 52373.7 | D44: =Zones!L37*Zones!K37 -> 261.8685 | E44: 0.18 | F44: =D44*E44 -> 47.13633 | G44: =F44/60 -> 0.7856055
A45: =Zones!B38 -> Perimeter_Open_Office_E_FloorM | B45: Gas* | C45: =Zones!I38*Zones!K38 -> 44704.4 | D45: =Zones!L38*Zones!K38 -> 223.522 | E45: 0.18 | F45: =D45*E45 -> 40.23396 | G45: =F45/60 -> 0.670566
A46: =Zones!B39 -> Perimeter_Open_Office_W_FloorM | B46: Gas* | C46: =Zones!I39*Zones!K39 -> 44487.6 | D46: =Zones!L39*Zones!K39 -> 222.438 | E46: 0.18 | F46: =D46*E46 -> 40.03884 | G46: =F46/60 -> 0.667314
A47: =Zones!B40 -> Perimeter_Enclosed_Office_NE_FloorM | B47: Gas* | C47: =Zones!I40*Zones!K40 -> 9173.8 | D47: =Zones!L40*Zones!K40 -> 45.869 | E47: 0.18 | F47: =D47*E47 -> 8.25642 | G47: =F47/60 -> 0.137607
A48: =Zones!B41 -> Perimeter_Enclosed_Office_NW_FloorM | B48: Gas* | C48: =Zones!I41*Zones!K41 -> 11312.1 | D48: =Zones!L41*Zones!K41 -> 56.5605 | E48: 0.18 | F48: =D48*E48 -> 10.18089 | G48: =F48/60 -> 0.1696815
A49: =Zones!B42 -> Perimeter_Enclosed_Office_SW_FloorM | B49: Gas* | C49: =Zones!I42*Zones!K42 -> 10104.9 | D49: =Zones!L42*Zones!K42 -> 50.5245 | E49: 0.18 | F49: =D49*E49 -> 9.09441 | G49: =F49/60 -> 0.1515735
A50: =Zones!B43 -> Perimeter_Enclosed_Office_SE_FloorM | B50: Gas* | C50: =Zones!I43*Zones!K43 -> 10334.8 | D50: =Zones!L43*Zones!K43 -> 51.674 | E50: 0.18 | F50: =D50*E50 -> 9.30132 | G50: =F50/60 -> 0.155022
A51: =Zones!B44 -> Core_Enclosed_Office_FloorM | B51: Gas* | C51: =Zones!I44*Zones!K44 -> 32330 | D51: =Zones!L44*Zones!K44 -> 161.65 | E51: 0.18 | F51: =D51*E51 -> 29.097 | G51: =F51/60 -> 0.48495
A52: =Zones!B45 -> Server_Room_FloorM | B52: Gas* | C52: =Zones!I45*Zones!K45 -> 4180 | D52: =Zones!L45*Zones!K45 -> 6.27 | E52: 0.18 | F52: =D52*E52 -> 1.1286 | G52: =F52/60 -> 0.01881
A53: =Zones!B46 -> Mech/Elec_FloorM | B53: Gas* | C53: =Zones!I46*Zones!K46 -> 10700 | D53: =Zones!L46*Zones!K46 -> 0 | E53: 0.18 | F53: =D53*E53 -> 0 | G53: =F53/60 -> 0
A54: =Zones!B47 -> Conference_N_FloorM | B54: Gas* | C54: =Zones!I47*Zones!K47 -> 7898 | D54: =Zones!L47*Zones!K47 -> 260.634 | E54: 0.09 | F54: =D54*E54 -> 23.45706 | G54: =F54/60 -> 0.390951
... A64: =Zones!B57 -> Corridor_E_FloorM | B64: Gas* | C64: =Zones!I57*Zones!K57 -> 5853.6 | D64: =Zones!L57*Zones!K57 -> 29.268 | E64: 0 | F64: =D64*E64 -> 0 | G64: =F64/60 -> 0
A65: =Zones!B58 -> Plenum_FloorM | C65: =Zones!I58*Zones!K58 -> 383529.7 | D65: =Zones!L58*Zones!K58 -> 0 | E65: 0 | F65: =D65*E65 -> 0 | G65: =F65/60 -> 0
A66: =Zones!B59 -> Perimeter_Open_Office_N_FloorT | B66: Gas* | C66: =Zones!I59*Zones!K59 -> 7131.29 | D66: =Zones!L59*Zones!K59 -> 35.65645 | E66: 0.18 | F66: =D66*E66 -> 6.418161 | G66: =F66/60 -> 0.10696935
A67: =Zones!B60 -> Perimeter_Open_Office_S_FloorT | B67: Gas* | C67: =Zones!I60*Zones!K60 -> 5237.37 | D67: =Zones!L60*Zones!K60 -> 26.18685 | E67: 0.18 | F67: =D67*E67 -> 4.713633 | G67: =F67/60 -> 0.07856055
A68: =Zones!B61 -> Perimeter_Open_Office_E_FloorT | B68: Gas* | C68: =Zones!I61*Zones!K61 -> 4470.44 | D68: =Zones!L61*Zones!K61 -> 22.3522 | E68: 0.18 | F68: =D68*E68 -> 4.023396 | G68: =F68/60 -> 0.0670566
A69: =Zones!B62 -> Perimeter_Open_Office_W_FloorT | B69: Gas* | C69: =Zones!I62*Zones!K62 -> 4448.76 | D69: =Zones!L62*Zones!K62 -> 22.2438 | E69: 0.18 | F69: =D69*E69 -> 4.003884 | G69: =F69/60 -> 0.0667314
A70: =Zones!B63 -> Perimeter_Enclosed_Office_NE_FloorT | B70: Gas* | C70: =Zones!I63*Zones!K63 -> 917.38 | D70: =Zones!L63*Zones!K63 -> 4.5869 | E70: 0.18 | F70: =D70*E70 -> 0.825642 | G70: =F70/60 -> 0.0137607
A71: =Zones!B64 -> Perimeter_Enclosed_Office_NW_FloorT | B71: Gas* | C71: =Zones!I64*Zones!K64 -> 1131.21 | D71: =Zones!L64*Zones!K64 -> 5.65605 | E71: 0.18 | F71: =D71*E71 -> 1.018089 | G71: =F71/60 -> 0.01696815
A72: =Zones!B65 -> Perimeter_Enclosed_Office_SW_FloorT | B72: Gas* | C72: =Zones!I65*Zones!K65 -> 1010.49 | D72: =Zones!L65*Zones!K65 -> 5.05245 | E72: 0.18 | F72: =D72*E72 -> 0.909441 | G72: =F72/60 -> 0.01515735
A73: =Zones!B66 -> Perimeter_Enclosed_Office_SE_FloorT | B73: Gas* | C73: =Zones!I66*Zones!K66 -> 1033.48 | D73: =Zones!L66*Zones!K66 -> 5.1674 | E73: 0.18 | F73: =D73*E73 -> 0.930132 | G73: =F73/60 -> 0.0155022
A74: =Zones!B67 -> Core_Enclosed_Office_FloorT | B74: Gas* | C74: =Zones!I67*Zones!K67 -> 3233 | D74: =Zones!L67*Zones!K67 -> 16.165 | E74: 0.18 | F74: =D74*E74 -> 2.9097 | G74: =F74/60 -> 0.048495
A75: =Zones!B68 -> Server_Room_FloorT | B75: Gas* | C75: =Zones!I68*Zones!K68 -> 418 | D75: =Zones!L68*Zones!K68 -> 0.627 | E75: 0.18 | F75: =D75*E75 -> 0.11286 | G75: =F75/60 -> 0.001881
A76: =Zones!B69 -> Mech/Elec_FloorT | B76: Gas* | C76: =Zones!I69*Zones!K69 -> 1070 | D76: =Zones!L69*Zones!K69 -> 0 | E76: 0.18 | F76: =D76*E76 -> 0 | G76: =F76/60 -> 0
A77: =Zones!B70 -> Conference_N_FloorT | B77: Gas* | C77: =Zones!I70*Zones!K70 -> 789.8 | D77: =Zones!L70*Zones!K70 -> 26.0634 | E77: 0.09 | F77: =D77*E77 -> 2.345706 | G77: =F77/60 -> 0.0390951
... A87: =Zones!B80 -> Corridor_E_FloorT | B87: Gas* | C87: =Zones!I80*Zones!K80 -> 585.36 | D87: =Zones!L80*Zones!K80 -> 2.9268 | E87: 0 | F87: =D87*E87 -> 0 | G87: =F87/60 -> 0
A88: =Zones!B81 -> Plenum_FloorT | C88: =Zones!I81*Zones!K81 -> 38352.97 | D88: =Zones!L81*Zones!K81 -> 0 | E88: 0 | F88: =D88*E88 -> 0 | G88: =F88/60 -> 0
A89: Total | B89: Gas storage | F89: =_xlfn.LET( _xlpm.g,SUMIF($B$10:$B$88,"Gas*",$F$10:$F$88), _xlpm.e,SUMIF($B$10:$B$88,"Electric*",$F$10:$F$88), IF(AND(_xlpm.g>0,_xlpm.e>0),_xlpm.g,IF(_xlpm.g>0,MAX(75,_xlpm.g),0))) -> 478.82543 | H89: Minimum peak hot water usage is 75 gal according to ACM 2025
A90: Total | B90: Electric resistance | F90: =_xlfn.LET( _xlpm.g,SUMIF($B$10:$B$88,"Gas*",$F$10:$F$88), _xlpm.e,SUMIF($B$10:$B$88,"Electric*",$F$10:$F$88), IF(AND(_xlpm.g>0,_xlpm.e>0),_xlpm.e,IF(_xlpm.e>0,MAX(75,_xlpm.e),0))) -> 0
A92: Number of identical gas storage WH | B92: =MAX(1,ROUNDUP(MAX(30,$F$89*$B$98)/MAX($E$122:$E$140),0)) -> 2 | C92: Since the total WH storage volume is more than the maximum size of the standard commercial gas storage WH listed in ENERGY STAR (193.7 gal > 125 gal). Therefore, two identical WH units were designed.
A93: Total WH storage volume (gal) | B93: =MAX(30,IF($F$89>0,$F$89,$F$90)*$B$98) -> 191.53017 | C93: 2025 ACM §5.9.2
A94: Maximum size of the standard commercial gas storage WH (gal) | B94: =MAX($E$122:$E$140) -> 125 | C94: ENERGY STAR commercial gas storage. The link is provided at the Notes tab.
A95: Design supply temperature (°F) | B95: 135 | C95: Title 24 2022 Reference Appendices, Appendix 5.4B
A96: WH system factor | B96: 0.6 | C96: 2025 ACM §5.9.2 Rated Capacity
A97: Water mass conversion (lb/gal) | B97: 8.2877 | C97: 2025 ACM §5.9.2 Rated Capacity
A98: Reheat multiplier | B98: 0.4 | C98: 2025 ACM §5.9.2 Storage Volume
A99: Climate Zone Water Heater Sizing and Loss Coefficients (Individual WH)
A100: Water Heater Name | B100: Climate Zone | C100: Minimum Monthly Mains Temp (°F) [T24 2022 - Appendix 5.4B] | D100: Heat Output (Btu/hr) [ACM, 2025, 5.9.2: Rated capacity section] | E100: WH Capacity (Btu/hr) [ACM, 2025, 5.9.2: Rated capacity section] | F100: Required Energy Input each (Btu/hr) | G100: Storage Volume each (gal) | H100: Standby Loss [Title 20, §1605.1 Table F-4; Appendix B: Water Heating Calculation Method] | J100: Off/On Cycle Loss Coefficient to Ambient Temp | L100: Source/Note | M100: Plant total volume (gal) | N100: Plant total input (Btu/hr) | O100: Plant total UA (Btu/h·°F)
A101: WH_OfficeLarge | B101: CZ01 | C101: 47.9 | D101: =$F$89/$B$92*($B$95-C101)*$B$97 -> 172822.14 | E101: =D101*$B$96 -> 103693.29 | F101: {=_xlfn.LET(_xlpm.x,_xlfn.XLOOKUP(E101/$C$3,$A$122:$A$152,$A$122:$A$152,"",1),IF(_xlpm.x="",ROUNDUP(E101/$C$3,0),_xlpm.x))} -> 130000 | G101: {=_xlfn.LET(_xlpm.v,MAX(30,$F$89/$B$92*$B$98),_xlpm.x,_xlfn.XLOOKUP(_xlpm.v,$E$122:$E$140,$E$122:$E$140,"",1),IF(_xlpm.x="",ROUNDUP(_xlpm.v,0),_xlpm.x))} -> 100 | H101: =(F101/800)+110*SQRT(G101) -> 1262.5 | I101: Btu/hr | J101: =H101/70 -> 18.035714 | K101: Btu/h·°F | L101: No listed ~200 gal unitary gas storage WH: ENERGY STAR commercial gas storage and the Grainger tanks in this catalog max out at 125 gal (E139). AO Smith 140–2500 gal units in that size class are unfired storage tanks, not unitary water heaters, and were not added. ACM §5.9.2 plant volume is ~194 gal, so the scorecard uses N identical catalog heaters (B91). E/F/G/I are per heater. L/M/N are plant totals (N × each). Title 20 Table F-4 G = E/800+110×√F applies per tank. | M101: =$B$92*G101 -> 200 | N101: =$B$92*F101 -> 260000 | O101: =$B$92*J101 -> 36.071429
A102: WH_OfficeLarge | B102: CZ02 | C102: 50.8 | D102: =$F$89/$B$92*($B$95-C102)*$B$97 -> 167068.02 | E102: =D102*$B$96 -> 100240.81 | F102: =_xlfn.LET(_xlpm.x,_xlfn.XLOOKUP(E102/$C$3,$A$122:$A$152,$A$122:$A$152,"",1),IF(_xlpm.x="",ROUNDUP(E102/$C$3,0),_xlpm.x)) -> 130000 | G102: =_xlfn.LET(_xlpm.v,MAX(30,$F$89/$B$92*$B$98),_xlpm.x,_xlfn.XLOOKUP(_xlpm.v,$E$122:$E$140,$E$122:$E$140,"",1),IF(_xlpm.x="",ROUNDUP(_xlpm.v,0),_xlpm.x)) -> 100 | H102: =(F102/800)+110*SQRT(G102) -> 1262.5 | I102: Btu/hr | J102: =H102/70 -> 18.035714 | K102: Btu/h·°F | M102: =$B$92*G102 -> 200 | N102: =$B$92*F102 -> 260000 | O102: =$B$92*J102 -> 36.071429
A103: WH_OfficeLarge | B103: CZ03 | C103: 52.2 | D103: =$F$89/$B$92*($B$95-C103)*$B$97 -> 164290.17 | E103: =D103*$B$96 -> 98574.101 | F103: =_xlfn.LET(_xlpm.x,_xlfn.XLOOKUP(E103/$C$3,$A$122:$A$152,$A$122:$A$152,"",1),IF(_xlpm.x="",ROUNDUP(E103/$C$3,0),_xlpm.x)) -> 125000 | G103: =_xlfn.LET(_xlpm.v,MAX(30,$F$89/$B$92*$B$98),_xlpm.x,_xlfn.XLOOKUP(_xlpm.v,$E$122:$E$140,$E$122:$E$140,"",1),IF(_xlpm.x="",ROUNDUP(_xlpm.v,0),_xlpm.x)) -> 100 | H103: =(F103/800)+110*SQRT(G103) -> 1256.25 | I103: Btu/hr | J103: =H103/70 -> 17.946429 | K103: Btu/h·°F | M103: =$B$92*G103 -> 200 | N103: =$B$92*F103 -> 250000 | O103: =$B$92*J103 -> 35.892857
A104: WH_OfficeLarge | B104: CZ04 | C104: 52.7 | D104: =$F$89/$B$92*($B$95-C104)*$B$97 -> 163298.08 | E104: =D104*$B$96 -> 97978.846 | F104: =_xlfn.LET(_xlpm.x,_xlfn.XLOOKUP(E104/$C$3,$A$122:$A$152,$A$122:$A$152,"",1),IF(_xlpm.x="",ROUNDUP(E104/$C$3,0),_xlpm.x)) -> 125000 | G104: =_xlfn.LET(_xlpm.v,MAX(30,$F$89/$B$92*$B$98),_xlpm.x,_xlfn.XLOOKUP(_xlpm.v,$E$122:$E$140,$E$122:$E$140,"",1),IF(_xlpm.x="",ROUNDUP(_xlpm.v,0),_xlpm.x)) -> 100 | H104: =(F104/800)+110*SQRT(G104) -> 1256.25 | I104: Btu/hr | J104: =H104/70 -> 17.946429 | K104: Btu/h·°F | M104: =$B$92*G104 -> 200 | N104: =$B$92*F104 -> 250000 | O104: =$B$92*J104 -> 35.892857
A105: WH_OfficeLarge | B105: CZ05 | C105: 51.6 | D105: =$F$89/$B$92*($B$95-C105)*$B$97 -> 165480.68 | E105: =D105*$B$96 -> 99288.406 | F105: =_xlfn.LET(_xlpm.x,_xlfn.XLOOKUP(E105/$C$3,$A$122:$A$152,$A$122:$A$152,"",1),IF(_xlpm.x="",ROUNDUP(E105/$C$3,0),_xlpm.x)) -> 125000 | G105: =_xlfn.LET(_xlpm.v,MAX(30,$F$89/$B$92*$B$98),_xlpm.x,_xlfn.XLOOKUP(_xlpm.v,$E$122:$E$140,$E$122:$E$140,"",1),IF(_xlpm.x="",ROUNDUP(_xlpm.v,0),_xlpm.x)) -> 100 | H105: =(F105/800)+110*SQRT(G105) -> 1256.25 | I105: Btu/hr | J105: =H105/70 -> 17.946429 | K105: Btu/h·°F | M105: =$B$92*G105 -> 200 | N105: =$B$92*F105 -> 250000 | O105: =$B$92*J105 -> 35.892857
A106: WH_OfficeLarge | B106: CZ06 | C106: 56.8 | D106: =$F$89/$B$92*($B$95-C106)*$B$97 -> 155162.94 | E106: =D106*$B$96 -> 93097.762 | F106: =_xlfn.LET(_xlpm.x,_xlfn.XLOOKUP(E106/$C$3,$A$122:$A$152,$A$122:$A$152,"",1),IF(_xlpm.x="",ROUNDUP(E106/$C$3,0),_xlpm.x)) -> 120000 | G106: =_xlfn.LET(_xlpm.v,MAX(30,$F$89/$B$92*$B$98),_xlpm.x,_xlfn.XLOOKUP(_xlpm.v,$E$122:$E$140,$E$122:$E$140,"",1),IF(_xlpm.x="",ROUNDUP(_xlpm.v,0),_xlpm.x)) -> 100 | H106: =(F106/800)+110*SQRT(G106) -> 1250 | I106: Btu/hr | J106: =H106/70 -> 17.857143 | K106: Btu/h·°F | M106: =$B$92*G106 -> 200 | N106: =$B$92*F106 -> 240000 | O106: =$B$92*J106 -> 35.714286
A107: WH_OfficeLarge | B107: CZ07 | C107: 58.4 | D107: =$F$89/$B$92*($B$95-C107)*$B$97 -> 151988.25 | E107: =D107*$B$96 -> 91192.948 | F107: =_xlfn.LET(_xlpm.x,_xlfn.XLOOKUP(E107/$C$3,$A$122:$A$152,$A$122:$A$152,"",1),IF(_xlpm.x="",ROUNDUP(E107/$C$3,0),_xlpm.x)) -> 120000 | G107: =_xlfn.LET(_xlpm.v,MAX(30,$F$89/$B$92*$B$98),_xlpm.x,_xlfn.XLOOKUP(_xlpm.v,$E$122:$E$140,$E$122:$E$140,"",1),IF(_xlpm.x="",ROUNDUP(_xlpm.v,0),_xlpm.x)) -> 100 | H107: =(F107/800)+110*SQRT(G107) -> 1250 | I107: Btu/hr | J107: =H107/70 -> 17.857143 | K107: Btu/h·°F | M107: =$B$92*G107 -> 200 | N107: =$B$92*F107 -> 240000 | O107: =$B$92*J107 -> 35.714286
A108: WH_OfficeLarge | B108: CZ08 | C108: 58.4 | D108: =$F$89/$B$92*($B$95-C108)*$B$97 -> 151988.25 | E108: =D108*$B$96 -> 91192.948 | F108: =_xlfn.LET(_xlpm.x,_xlfn.XLOOKUP(E108/$C$3,$A$122:$A$152,$A$122:$A$152,"",1),IF(_xlpm.x="",ROUNDUP(E108/$C$3,0),_xlpm.x)) -> 120000 | G108: =_xlfn.LET(_xlpm.v,MAX(30,$F$89/$B$92*$B$98),_xlpm.x,_xlfn.XLOOKUP(_xlpm.v,$E$122:$E$140,$E$122:$E$140,"",1),IF(_xlpm.x="",ROUNDUP(_xlpm.v,0),_xlpm.x)) -> 100 | H108: =(F108/800)+110*SQRT(G108) -> 1250 | I108: Btu/hr | J108: =H108/70 -> 17.857143 | K108: Btu/h·°F | M108: =$B$92*G108 -> 200 | N108: =$B$92*F108 -> 240000 | O108: =$B$92*J108 -> 35.714286
A109: WH_OfficeLarge | B109: CZ09 | C109: 57.6 | D109: =$F$89/$B$92*($B$95-C109)*$B$97 -> 153575.59 | E109: =D109*$B$96 -> 92145.355 | F109: =_xlfn.LET(_xlpm.x,_xlfn.XLOOKUP(E109/$C$3,$A$122:$A$152,$A$122:$A$152,"",1),IF(_xlpm.x="",ROUNDUP(E109/$C$3,0),_xlpm.x)) -> 120000 | G109: =_xlfn.LET(_xlpm.v,MAX(30,$F$89/$B$92*$B$98),_xlpm.x,_xlfn.XLOOKUP(_xlpm.v,$E$122:$E$140,$E$122:$E$140,"",1),IF(_xlpm.x="",ROUNDUP(_xlpm.v,0),_xlpm.x)) -> 100 | H109: =(F109/800)+110*SQRT(G109) -> 1250 | I109: Btu/hr | J109: =H109/70 -> 17.857143 | K109: Btu/h·°F | M109: =$B$92*G109 -> 200 | N109: =$B$92*F109 -> 240000 | O109: =$B$92*J109 -> 35.714286
A110: WH_OfficeLarge | B110: CZ10 | C110: 57.1 | D110: =$F$89/$B$92*($B$95-C110)*$B$97 -> 154567.68 | E110: =D110*$B$96 -> 92740.609 | F110: =_xlfn.LET(_xlpm.x,_xlfn.XLOOKUP(E110/$C$3,$A$122:$A$152,$A$122:$A$152,"",1),IF(_xlpm.x="",ROUNDUP(E110/$C$3,0),_xlpm.x)) -> 120000 | G110: =_xlfn.LET(_xlpm.v,MAX(30,$F$89/$B$92*$B$98),_xlpm.x,_xlfn.XLOOKUP(_xlpm.v,$E$122:$E$140,$E$122:$E$140,"",1),IF(_xlpm.x="",ROUNDUP(_xlpm.v,0),_xlpm.x)) -> 100 | H110: =(F110/800)+110*SQRT(G110) -> 1250 | I110: Btu/hr | J110: =H110/70 -> 17.857143 | K110: Btu/h·°F | M110: =$B$92*G110 -> 200 | N110: =$B$92*F110 -> 240000 | O110: =$B$92*J110 -> 35.714286
A111: WH_OfficeLarge | B111: CZ11 | C111: 50.5 | D111: =$F$89/$B$92*($B$95-C111)*$B$97 -> 167663.27 | E111: =D111*$B$96 -> 100597.96 | F111: =_xlfn.LET(_xlpm.x,_xlfn.XLOOKUP(E111/$C$3,$A$122:$A$152,$A$122:$A$152,"",1),IF(_xlpm.x="",ROUNDUP(E111/$C$3,0),_xlpm.x)) -> 130000 | G111: =_xlfn.LET(_xlpm.v,MAX(30,$F$89/$B$92*$B$98),_xlpm.x,_xlfn.XLOOKUP(_xlpm.v,$E$122:$E$140,$E$122:$E$140,"",1),IF(_xlpm.x="",ROUNDUP(_xlpm.v,0),_xlpm.x)) -> 100 | H111: =(F111/800)+110*SQRT(G111) -> 1262.5 | I111: Btu/hr | J111: =H111/70 -> 18.035714 | K111: Btu/h·°F | M111: =$B$92*G111 -> 200 | N111: =$B$92*F111 -> 260000 | O111: =$B$92*J111 -> 36.071429
A112: WH_OfficeLarge | B112: CZ12 | C112: 51.4 | D112: =$F$89/$B$92*($B$95-C112)*$B$97 -> 165877.51 | E112: =D112*$B$96 -> 99526.507 | F112: =_xlfn.LET(_xlpm.x,_xlfn.XLOOKUP(E112/$C$3,$A$122:$A$152,$A$122:$A$152,"",1),IF(_xlpm.x="",ROUNDUP(E112/$C$3,0),_xlpm.x)) -> 125000 | G112: =_xlfn.LET(_xlpm.v,MAX(30,$F$89/$B$92*$B$98),_xlpm.x,_xlfn.XLOOKUP(_xlpm.v,$E$122:$E$140,$E$122:$E$140,"",1),IF(_xlpm.x="",ROUNDUP(_xlpm.v,0),_xlpm.x)) -> 100 | H112: =(F112/800)+110*SQRT(G112) -> 1256.25 | I112: Btu/hr | J112: =H112/70 -> 17.946429 | K112: Btu/h·°F | M112: =$B$92*G112 -> 200 | N112: =$B$92*F112 -> 250000 | O112: =$B$92*J112 -> 35.892857
A113: WH_OfficeLarge | B113: CZ13 | C113: 51.7 | D113: =$F$89/$B$92*($B$95-C113)*$B$97 -> 165282.26 | E113: =D113*$B$96 -> 99169.355 | F113: =_xlfn.LET(_xlpm.x,_xlfn.XLOOKUP(E113/$C$3,$A$122:$A$152,$A$122:$A$152,"",1),IF(_xlpm.x="",ROUNDUP(E113/$C$3,0),_xlpm.x)) -> 125000 | G113: =_xlfn.LET(_xlpm.v,MAX(30,$F$89/$B$92*$B$98),_xlpm.x,_xlfn.XLOOKUP(_xlpm.v,$E$122:$E$140,$E$122:$E$140,"",1),IF(_xlpm.x="",ROUNDUP(_xlpm.v,0),_xlpm.x)) -> 100 | H113: =(F113/800)+110*SQRT(G113) -> 1256.25 | I113: Btu/hr | J113: =H113/70 -> 17.946429 | K113: Btu/h·°F | M113: =$B$92*G113 -> 200 | N113: =$B$92*F113 -> 250000 | O113: =$B$92*J113 -> 35.892857
... A116: WH_OfficeLarge | B116: CZ16 | C116: 41.4 | D116: =$F$89/$B$92*($B$95-C116)*$B$97 -> 185719.32 | E116: =D116*$B$96 -> 111431.59 | F116: =_xlfn.LET(_xlpm.x,_xlfn.XLOOKUP(E116/$C$3,$A$122:$A$152,$A$122:$A$152,"",1),IF(_xlpm.x="",ROUNDUP(E116/$C$3,0),_xlpm.x)) -> 145000 | G116: =_xlfn.LET(_xlpm.v,MAX(30,$F$89/$B$92*$B$98),_xlpm.x,_xlfn.XLOOKUP(_xlpm.v,$E$122:$E$140,$E$122:$E$140,"",1),IF(_xlpm.x="",ROUNDUP(_xlpm.v,0),_xlpm.x)) -> 100 | H116: =(F116/800)+110*SQRT(G116) -> 1281.25 | I116: Btu/hr | J116: =H116/70 -> 18.303571 | K116: Btu/h·°F | M116: =$B$92*G116 -> 200 | N116: =$B$92*F116 -> 290000 | O116: =$B$92*J116 -> 36.607143
A120: Market data
A121: Catalog gas input (Btu/h) | B121: Input source | C121: Elec resistance tank (kW) | D121: Elec resistance (Btu/h) | E121: Catalog gas tank (gal) | F121: Tank source | G121: Elec tank (gal) | H121: Elec tank source | I121: =HYPERLINK("#'Note'!A1","Sources and links → Note tab") -> Sources and links → Note tab
A122: 60000 | B122: Grainger | C122: 1.5 | D122: 5118 | E122: 34 | F122: ENERGY STAR | G122: 6 | H122: Grainger
A123: 75100 | B123: Grainger | C123: 2 | D123: 6824 | E123: 35 | F123: Grainger | G123: 10 | H123: Grainger
A124: 76000 | B124: Both | C124: 3 | D124: 10236 | E124: 48 | F124: Grainger | G124: 15 | H124: Grainger
A125: 80000 | B125: Grainger | C125: 4.5 | D125: 15355 | E125: 50 | F125: Both | G125: 20 | H125: Grainger
A126: 99900 | B126: ENERGY STAR | C126: 6 | D126: 20473 | E126: 55 | F126: ENERGY STAR | G126: 28 | H126: Grainger
A127: 100000 | B127: Both | C127: 8 | D127: 27297 | E127: 60 | F127: ENERGY STAR | G127: 30 | H127: Grainger
A128: 120000 | B128: ENERGY STAR | C128: 9 | D128: 30709 | E128: 65 | F128: Both | G128: 36 | H128: Grainger
A129: 125000 | B129: Both | C129: 10 | D129: 34121 | E129: 72 | F129: Grainger | G129: 40 | H129: Grainger
A130: 130000 | B130: Both | C130: 12 | D130: 40946 | E130: 75 | F130: Both | G130: 47 | H130: Grainger
A131: 145000 | B131: ENERGY STAR | C131: 12.1 | D131: 41287 | E131: 76 | F131: Grainger | G131: 50 | H131: Grainger
A132: 150000 | B132: ENERGY STAR | C132: 18 | D132: 61419 | E132: 80 | F132: Both | G132: 65 | H132: Grainger
A133: 156000 | B133: Grainger | C133: 24 | D133: 81891 | E133: 82 | F133: Grainger | G133: 80 | H133: Grainger
... A136: 180000 | B136: Grainger | C136: 54 | D136: 184256 | E136: 91 | F136: Grainger | G136: 120 | H136: Grainger
A137: 199000 | B137: ENERGY STAR | E137: 100 | F137: Both
A138: 199900 | B138: Both | E138: 110 | F138: ENERGY STAR
A139: 200000 | B139: ENERGY STAR | E139: 119 | F139: Both
A140: 250000 | B140: Both | E140: 125 | F140: ENERGY STAR
A141: 251000 | B141: ENERGY STAR
A142: 270000 | B142: Grainger
A143: 285000 | B143: ENERGY STAR
A144: 300000 | B144: Both
A145: 320000 | B145: ENERGY STAR
A146: 360000 | B146: Grainger
A147: 398000 | B147: ENERGY STAR
...

Sheet Interior Lights
A1: ="Interior Lighting - " & Prototype!A2 -> Interior Lighting - OfficeLarge
A2: Space Type | B2: New Construction | E2: Existing | H2: Note
B3: LPD (W/ft²) | C3: Additional LPD for Portable Lighting (W/ft²) | D3: Source | E3: LPD (W/ft²) | F3: Additional LPD for Portable Lighting (W/ft²) | G3: Source
A4: Office Area (>250 square feet) | B4: 0.6 | C4: 0.1 | D4: T24, part 6, 2025, Table 140.6 C IT Room Source: ASHRAE 90.1 2022, Table 9.5.2.1-1, computer room space type | E4: 0.75 | F4: - | G4: T24, part 6, 2013, Table 140.6 C IT Room Source: ASHRAE 90.1 2013, TABLE9.6.1, computer room space type | H4: It is assumed that 50% of the additional allowance lighting is in use.
A5: Convention, Conference, Multipurpose and Meeting Area | B5: 0.75 | E5: 1.4
A6: Lobby, Main Entry | B6: 0.7 | C6: 0.25 | E6: 1.5 | F6: 0.5
A7: Locker Room | B7: 0.45 | E7: 0.8
A8: Storage (General) | B8: 0.4 | E8: 0.6
A9: Electrical, Mechanical, Telephone Rooms | B9: 0.4 | E9: 0.7
A10: Server Room (EPD 45) | B10: 1.1 | E10: 1.1
A11: Computer Room (EPD 20) | B11: 0.75 | E11: 1.71
A12: Restrooms | B12: 0.65 | E12: 0.65
A13: Lounge, Breakroom, or Waiting Area | B13: 0.55 | C13: =0.5*0.25 -> 0.125 | E13: 1,1 | F13: =0.5*0.5 -> 0.25 | H13: It is assumed that 50% of the additional allowance lighting is in use.
A14: Kitchen/Food Preparation Area | B14: 0.95 | E14: 1.6
A15: Stairwell | B15: 0.6 | E15: 0.6
A16: Corridor Area | B16: 0.4 | E16: 0.6
A17: Plenum
B20: Whole Building method
B21: 2025 | C21: 2013
A22: LPD for Office Building ((W/ft²) | B22: 0.6 | C22: 0.8 | D22: Ref: T24, Table 140.6 B

Sheet Ext Lighting
A1: ="Exterior Lighting - "&Prototype!A2 -> Exterior Lighting - OfficeLarge
A2: Motion Controlled Luminaires (W) | B2: Non-motion Controlled Luminaires (W) | C2: Total (W) | D2: Source
A3: =G16 -> 15580.751 | B3: =G17 -> 1548.9949 | C3: =A3+B3 -> 17129.746 | D3: Title 24, 2022
A8: Exterior Lighting
A9: Items (Assume LZ2) | B9: Assumptions [2019 Outdoor Lighting CASE Report & PNNL 90.1-2010 TSD] | D9: Unit | E9: Lighting Power Allowance [T24, 2025, Table 140.7-A & 140.7-B] | F9: Unit | G9: Exterior Lighting Power (W)
A10: IWA (Initial Wage Allowance) | E10: 200 | F10: (W) | G10: =$E10 -> 200
A11: Parking area | B11: 400 ft² for every parking space [2019 Lighting CASE report, Appendix H] 1 parking space per 250 ft² of gross building area [2019 Lighting CASE report, Table 38] | C11: =B23/250*400 -> 797702.7 | D11: (ft²) | E11: 0.019 | F11: (W/ft²) | G11: =$E11*C11 -> 15156.351
A12: Building Entrance | B12: 4 building entrance (1 per 10,000 ft² footprint) | C12: 4 | D12: (count) | E12: 15 | F12: (W/ea) | G12: =E12*C12 -> 60
A13: Hardscape Ornamental Light | B13: 0.1 ft² per 1 ft² of gross building area [2019 Lighting CASE report, Table 36] | C13: =B23*0.1 -> 49856.419 | D13: (ft²) | E13: 0.007 | F13: (W/ft²) | G13: =E13*C13 -> 348.99493
A14: Building façade | B14: 0.1 W per ft² of facade area Façade Area* = Perimeter × 0.5 × 30 ft (30 ft is the max height that is lit) The 0.5 factor assumes that only half of the perimeter walls are lit. -Formula is developed based on the 2019 Outdoor Lighting CASE report | C14: =B22*0.5*30 -> 12000 | D14: (ft²) | E14: 0.1 | F14: (W/ft²) | G14: =E14*C14 -> 1200
A15: Non-sales canopy | B15: According to the geometry (dimensions bellow) | C15: =1200 -> 1200 | D15: (ft²) | E15: 0.137 | F15: (W/ft²) | G15: =E15*C15 -> 164.4
A16: Motion controlled Luminaires | G16: =G11+G10+G12+G15 -> 15580.751
A17: Non-motion-controlled Luminaires | G17: =G13+G14 -> 1548.9949
A18: Total | G18: =G16+G17 -> 17129.746
A20: *Developed based on 2019 Outdoor Lighting CASE Report
C21: Canopy | D21: Size | E21: Area
A22: Perimeter (ft) | B22: =(240+160)*2 -> 800 | C22: Lobby_S_FloorG | D22: 40 ft × 15 ft | E22: 600 ft²
A23: Total floor area (ft²) | B23: =Zones!I82 -> 498564.19 | C23: Conference_FloorG | D23: 30 ft × 12 ft | E23: 360 ft²
A24: Floors (above ground) | B24: 12 | C24: FoodPrep south | D24: 15 ft × 8 ft | E24: 120 ft²
A25: Floors (all) | B25: 13 | C25: FoodPrep east | D25: 15 ft × 8 ft | E25: 120 ft²
C26: Total | E26: 1,200 ft²

Sheet Equipment
A1: ="Equipment - "&Prototype!A2 -> Equipment - OfficeLarge
A2: Space Type | B2: Plug load Power Density (W/ft²) | C2: Gas Power Density (Btu/hr-ft²) | D2: Refrigeration Power Density (W/ft²) | E2: Source
A3: Office Area (>250 square feet) | B3: 0.7 | E3: "Proposed Updates to Equipment Power Densities and Schedules in the 2028 Energy Code Nonresidential and Multifamily Alternative Calculation Method (NRMFACM) Reference Manual", August 7, 2025
A4: Server Room (EPD 45) | B4: 45 | E4: PNNL ASHRAE 90.1 2022
A5: Computer Room (EPD 20) | B5: 20 | E5: Based on PNNL ASHRAE 90.1 2022 assumptions and minimum load for computer room
A6: Electrical, Mechanical, Telephone Rooms | B6: 0.5 | E6: T24 2022 - Appendix 5.4A
A7: Lounge, Breakroom, or Waiting Area | B7: 1
A8: Convention, Conference, Multipurpose and Meeting Area | B8: 1
A9: Storage (General) | B9: 0.2
A10: Locker Room | B10: 0.5
A11: Kitchen/Food Preparation Area | B11: 1.5
A12: Lobby, Main Entry | B12: 0.5
A13: Restrooms | B13: 0
A14: Stairwell | B14: 0
A15: Corridor Area | B15: 0
A16: Plenum | B16: 0
A19: Elevator
A20: Vintage | B20: Class | C20: Number of elevators (ne) | D20: Cab Lighting Power Limit (W/ft2) | E20: Fan Power Limit (W/CFM) | F20: Cab Ventilation Fan & Lighting Shutoff | G20: Design Motor Load (W) | H20: Fan Load (W) | I20: Lighting Load (W) | J20: Total (W) | K20: Note
A21: Existing | B21: F/G | C21: 12 | D21: 1.14 | E21: 0.33 | F21: When stopped and unoccupied with doors closed for over 15 minutes, cab interior lighting and ventilation shall be de-energized until required for operation. | G21: =ROUND(INDEX($C:$C,MATCH("Annual energy consumption of the elevator - Existing",$B:$B,0))/INDEX($C:$C,MATCH("Equivalent full load hours",$B:$B,0))*1000,2) -> 373900.08 | H21: =ROUND(C21*INDEX($C:$C,MATCH("Cab fan airflow",$B:$B,0))*E21,2) -> 990 | I21: =ROUND(C21*INDEX($C:$C,MATCH("Cab floor area",$B:$B,0))*D21,2) -> 409.03 | J21: =ROUND(SUM(G21:I21),2) -> 375299.11 | K21: Design load is calculated according to ISO 25745-2 method using Class F/G. Cab lighting and fan requirements are based on ASHRAE 90.1 2013.
A22: New Construction | B22: E | C22: 12 | D22: 0.6 | E22: 0.33 | F22: When the elevator cab is stopped and unoccupied with doors closed for over 15 minutes, the cab interior lighting and ventilation fans shall be switched off until elevator cab operation resumes. | G22: =ROUND(INDEX($C:$C,MATCH("Annual energy consumption of the elevator - New Construction",$B:$B,0))/INDEX($C:$C,MATCH("Equivalent full load hours",$B:$B,0))*1000,2) -> 232517.29 | H22: =ROUND(C22*INDEX($C:$C,MATCH("Cab fan airflow",$B:$B,0))*E22,2) -> 990 | I22: =ROUND(C22*INDEX($C:$C,MATCH("Cab floor area",$B:$B,0))*D22,2) -> 215.28 | J22: =ROUND(SUM(G22:I22),2) -> 233722.57 | K22: Design load is calculated according to ISO 25745-2 method using Class E. Cab lighting and fan requirements are based on T24 2025 §120.6 (f).
A25: Large Office Elevator Calculations
A26: Symbol | B26: Definition | C26: Value | D26: Units | E26: Source
A27: E | B27: Annual energy consumption of the elevator - Existing | C27: 541612.96 | D27: kWh/year | E27: Calculated
B28: Annual energy consumption of the elevator - New Construction | C28: 336812.92 | D28: kWh/year | E28: Calculated
A29: C1 | B29: Running-energy coefficient | C29: 3.65 for Class E; 5.47 for Class F | D29: Coefficient | E29: ISO 25745-2 Table 7
A30: C2 | B30: Idle/standby coefficient | C30: 800 for Class E; 1,600 for Class F | D30: Coefficient | E30: ISO 25745-2 Table 7
A31: Q | B31: Rated load of elevator | C31: 1361 | D31: kg | E31: Assumed for all prototypes
A32: Elevator Size | B32: Cab floor area | C32: 29.9 | D32: ft^2 | E32: W=6.781 ft, L=4.406 ft; assumed based on representative manufacturer
A33: CFM | B33: Cab fan airflow | C33: 250 | D33: cfm | E33: Assumed for multifamily and commercial prototypes
A34: cat | B34: Usage category | C34: 4 | D34: - | E34: ISO 25745-2 Table A.1
A35: d | B35: Operating days per year | C35: 260 | D35: days/year | E35: ISO 25745-2 Table A.1
A36: nf | B36: Number of floors | C36: 13 | D36: floors | E36: Prototype assumptions
A37: h | B37: Floor-to-floor height | C37: 3.96 | D37: m | E37: Prototype assumptions
A38: v | B38: Elevator lift speed | C38: 2.5 | D38: m/s | E38: ISO 25745-2 Table A.1
A39: nd | B39: Number of trips per day | C39: 750 | D39: trips/day | E39: ISO 25745-2 Table A.1
A40: S_pct | B40: Percent of average travel distance | C40: 0.44 | D40: % | E40: ISO 25745-2 Table 2
A41: a | B41: Acceleration | C41: 1 | D41: m/s^2 | E41: Annex B of ISO 25745-2
A42: j | B42: Jerk | C42: 1.25 | D42: m/s^3 | E42: Annex B of ISO 25745-2
... A48: Total light level | B48: Total light level | C48: 40 | D48: lm/ft2 | E48: PNNL Prototypes
A49: EFLH | B49: Equivalent full load hours | C49: =Schedules!AD73 -> 1448.55 | D49: hours | E49: Calculated using the elevator schedule

Sheet Schedules
A1: ="Schedules - "&Prototype!A2 -> Schedules - OfficeLarge
A2: Zone | B2: Schedule Category | C2: Schedule | D2: Source | E2: Type | F2: Hour
F3: 1 | G3: 2 | H3: 3 | I3: 4 | J3: 5 | K3: 6 | L3: 7 | M3: 8 | N3: 9 | O3: 10 | P3: 11 | Q3: 12 | R3: 13 | S3: 14 | T3: 15 | U3: 16 | V3: 17 | W3: 18 | X3: 19 | Y3: 20 | Z3: 21 | AA3: 22 | AB3: 23 | AC3: 24
A4: All zones except for Server Rooms, Stairway, and Mechanical_Electrical | B4: Office | C4: Occupancy | D4: T24 2022 - Appendix 5.4B, [Office] Updated based on Plug load and schedules project with CEC, 2025 | E4: Weekday | F4: 0 | G4: 0 | H4: 0 | I4: 0 | J4: 0 | K4: 0 | L4: 0.1 | M4: 0.2 | N4: 0.95 | O4: 0.95 | P4: 0.95 | Q4: 0.95 | R4: 0.5 | S4: 0.95 | T4: 0.95 | U4: 0.95 | V4: 0.95 | W4: 0.3 | X4: 0.1 | Y4: 0.1 | Z4: 0.1 | AA4: 0.1 | AB4: 0.05 | AC4: 0.05
E5: Saturday | F5: 0 | G5: 0 | H5: 0 | I5: 0 | J5: 0 | K5: 0 | L5: 0.05 | M5: 0.05 | N5: 0.05 | O5: 0.05 | P5: 0.05 | Q5: 0.05 | R5: 0.05 | S5: 0.05 | T5: 0.05 | U5: 0.05 | V5: 0.05 | W5: 0.05 | X5: 0 | Y5: 0 | Z5: 0 | AA5: 0 | AB5: 0 | AC5: 0
E6: Sunday | F6: 0 | G6: 0 | H6: 0 | I6: 0 | J6: 0 | K6: 0 | L6: 0.05 | M6: 0.05 | N6: 0.05 | O6: 0.05 | P6: 0.05 | Q6: 0.05 | R6: 0.05 | S6: 0.05 | T6: 0.05 | U6: 0.05 | V6: 0.05 | W6: 0.05 | X6: 0 | Y6: 0 | Z6: 0 | AA6: 0 | AB6: 0 | AC6: 0
A7: =A4 -> All zones except for Server Rooms, Stairway, and Mechanical_Electrical | B7: Office | C7: Lights | D7: T24 2022 - Appendix 5.4B, [Office] | E7: Weekday | F7: 0.05 | G7: 0.05 | H7: 0.05 | I7: 0.05 | J7: 0.05 | K7: 0.1 | L7: 0.1 | M7: 0.3 | N7: 0.65 | O7: 0.65 | P7: 0.65 | Q7: 0.65 | R7: 0.65 | S7: 0.65 | T7: 0.65 | U7: 0.65 | V7: 0.65 | W7: 0.35 | X7: 0.3 | Y7: 0.3 | Z7: 0.2 | AA7: 0.2 | AB7: 0.1 | AC7: 0.05
E8: Saturday | F8: 0.05 | G8: 0.05 | H8: 0.05 | I8: 0.05 | J8: 0.05 | K8: 0.05 | L8: 0.15 | M8: 0.15 | N8: 0.15 | O8: 0.15 | P8: 0.15 | Q8: 0.15 | R8: 0.15 | S8: 0.15 | T8: 0.15 | U8: 0.15 | V8: 0.15 | W8: 0.15 | X8: 0.05 | Y8: 0.05 | Z8: 0.05 | AA8: 0.05 | AB8: 0.05 | AC8: 0.05
E9: Sunday | F9: 0.05 | G9: 0.05 | H9: 0.05 | I9: 0.05 | J9: 0.05 | K9: 0.05 | L9: 0.15 | M9: 0.15 | N9: 0.15 | O9: 0.15 | P9: 0.15 | Q9: 0.15 | R9: 0.15 | S9: 0.15 | T9: 0.15 | U9: 0.15 | V9: 0.15 | W9: 0.15 | X9: 0.05 | Y9: 0.05 | Z9: 0.05 | AA9: 0.05 | AB9: 0.05 | AC9: 0.05
A10: =A7 -> All zones except for Server Rooms, Stairway, and Mechanical_Electrical | B10: Office | C10: ElecEquipment | D10: Plug load and schedules project with CEC, 2025 | E10: Weekday | F10: 0.45 | G10: 0.45 | H10: 0.45 | I10: 0.45 | J10: 0.45 | K10: 0.45 | L10: 0.45 | M10: 0.74 | N10: 0.87 | O10: 0.9 | P10: 0.9 | Q10: 0.9 | R10: 0.9 | S10: 0.9 | T10: 0.9 | U10: 0.9 | V10: 0.9 | W10: 0.7 | X10: 0.5 | Y10: 0.5 | Z10: 0.5 | AA10: 0.45 | AB10: 0.45 | AC10: 0.45
E11: Saturday | F11: 0.43 | G11: 0.43 | H11: 0.43 | I11: 0.43 | J11: 0.43 | K11: 0.43 | L11: 0.43 | M11: 0.43 | N11: 0.43 | O11: 0.43 | P11: 0.43 | Q11: 0.43 | R11: 0.43 | S11: 0.43 | T11: 0.43 | U11: 0.43 | V11: 0.43 | W11: 0.43 | X11: 0.43 | Y11: 0.43 | Z11: 0.43 | AA11: 0.43 | AB11: 0.43 | AC11: 0.43
E12: Sunday | F12: 0.43 | G12: 0.43 | H12: 0.43 | I12: 0.43 | J12: 0.43 | K12: 0.43 | L12: 0.43 | M12: 0.43 | N12: 0.43 | O12: 0.43 | P12: 0.43 | Q12: 0.43 | R12: 0.43 | S12: 0.43 | T12: 0.43 | U12: 0.43 | V12: 0.43 | W12: 0.43 | X12: 0.43 | Y12: 0.43 | Z12: 0.43 | AA12: 0.43 | AB12: 0.43 | AC12: 0.43
A13: =A4 -> All zones except for Server Rooms, Stairway, and Mechanical_Electrical | B13: Office | C13: HVACAvail | D13: T24 2022 - Appendix 5.4B, [Office] Updated based on Plug load and schedules project with CEC, 2025 | E13: Weekday | F13: 0 | G13: 0 | H13: 0 | I13: 0 | J13: 0 | K13: 1 | L13: 1 | M13: 1 | N13: 1 | O13: 1 | P13: 1 | Q13: 1 | R13: 1 | S13: 1 | T13: 1 | U13: 1 | V13: 1 | W13: 1 | X13: 1 | Y13: 1 | Z13: 1 | AA13: 1 | AB13: 1 | AC13: 1
E14: Saturday | F14: 0 | G14: 0 | H14: 0 | I14: 0 | J14: 0 | K14: 0 | L14: 0 | M14: 0 | N14: 0 | O14: 0 | P14: 0 | Q14: 0 | R14: 0 | S14: 0 | T14: 0 | U14: 0 | V14: 0 | W14: 0 | X14: 0 | Y14: 0 | Z14: 0 | AA14: 0 | AB14: 0 | AC14: 0
E15: Sunday | F15: 0 | G15: 0 | H15: 0 | I15: 0 | J15: 0 | K15: 0 | L15: 0 | M15: 0 | N15: 0 | O15: 0 | P15: 0 | Q15: 0 | R15: 0 | S15: 0 | T15: 0 | U15: 0 | V15: 0 | W15: 0 | X15: 0 | Y15: 0 | Z15: 0 | AA15: 0 | AB15: 0 | AC15: 0
A16: =A4 -> All zones except for Server Rooms, Stairway, and Mechanical_Electrical | B16: Office | C16: ServiceHotWater | D16: T24 2022 - Appendix 5.4B, [Office] | E16: Weekday | F16: 0.05 | G16: 0.05 | H16: 0.05 | I16: 0.05 | J16: 0.05 | K16: 0.08 | L16: 0.07 | M16: 0.19 | N16: 0.35 | O16: 0.38 | P16: 0.39 | Q16: 0.47 | R16: 0.57 | S16: 0.54 | T16: 0.34 | U16: 0.33 | V16: 0.44 | W16: 0.26 | X16: 0.21 | Y16: 0.15 | Z16: 0.17 | AA16: 0.08 | AB16: 0.05 | AC16: 0.05
E17: Saturday | F17: 0.04 | G17: 0.04 | H17: 0.04 | I17: 0.04 | J17: 0.04 | K17: 0.07 | L17: 0.04 | M17: 0.04 | N17: 0.04 | O17: 0.04 | P17: 0.04 | Q17: 0.06 | R17: 0.06 | S17: 0.09 | T17: 0.06 | U17: 0.04 | V17: 0.04 | W17: 0.04 | X17: 0.04 | Y17: 0.04 | Z17: 0.04 | AA17: 0.07 | AB17: 0.04 | AC17: 0.04
E18: Sunday | F18: 0.04 | G18: 0.04 | H18: 0.04 | I18: 0.04 | J18: 0.04 | K18: 0.07 | L18: 0.04 | M18: 0.04 | N18: 0.04 | O18: 0.04 | P18: 0.04 | Q18: 0.06 | R18: 0.06 | S18: 0.09 | T18: 0.06 | U18: 0.04 | V18: 0.04 | W18: 0.04 | X18: 0.04 | Y18: 0.04 | Z18: 0.04 | AA18: 0.07 | AB18: 0.04 | AC18: 0.04
A19: =A4 -> All zones except for Server Rooms, Stairway, and Mechanical_Electrical | B19: Office | C19: Infiltration | D19: T24 2022 - Appendix 5.4B, [Office] Updated based on Plug load and schedules project with CEC, 202 | E19: Weekday | F19: 1 | G19: 1 | H19: 1 | I19: 1 | J19: 1 | K19: 0.25 | L19: 0.25 | M19: 0.25 | N19: 0.25 | O19: 0.25 | P19: 0.25 | Q19: 0.25 | R19: 0.25 | S19: 0.25 | T19: 0.25 | U19: 0.25 | V19: 0.25 | W19: 0.25 | X19: 0.25 | Y19: 0.25 | Z19: 0.25 | AA19: 0.25 | AB19: 0.25 | AC19: 0.25
E20: Saturday | F20: 1 | G20: 1 | H20: 1 | I20: 1 | J20: 1 | K20: 1 | L20: 1 | M20: 1 | N20: 1 | O20: 1 | P20: 1 | Q20: 1 | R20: 1 | S20: 1 | T20: 1 | U20: 1 | V20: 1 | W20: 1 | X20: 1 | Y20: 1 | Z20: 1 | AA20: 1 | AB20: 1 | AC20: 1
E21: Sunday | F21: 1 | G21: 1 | H21: 1 | I21: 1 | J21: 1 | K21: 1 | L21: 1 | M21: 1 | N21: 1 | O21: 1 | P21: 1 | Q21: 1 | R21: 1 | S21: 1 | T21: 1 | U21: 1 | V21: 1 | W21: 1 | X21: 1 | Y21: 1 | Z21: 1 | AA21: 1 | AB21: 1 | AC21: 1
A22: =A7 -> All zones except for Server Rooms, Stairway, and Mechanical_Electrical | B22: Office | C22: HtgSetpt | E22: Weekday | F22: =IF((F13=1),Thermostat!$C$3,Thermostat!$C$4) -> 60 | G22: =IF((G13=1),Thermostat!$C$3,Thermostat!$C$4) -> 60 | H22: =IF((H13=1),Thermostat!$C$3,Thermostat!$C$4) -> 60 | I22: =IF((I13=1),Thermostat!$C$3,Thermostat!$C$4) -> 60 | J22: =IF((J13=1),Thermostat!$C$3,Thermostat!$C$4) -> 60 | K22: =IF((K13=1),Thermostat!$C$3,Thermostat!$C$4) -> 70 | L22: =IF((L13=1),Thermostat!$C$3,Thermostat!$C$4) -> 70 | M22: =IF((M13=1),Thermostat!$C$3,Thermostat!$C$4) -> 70 | ... AC22: =IF((AC13=1),Thermostat!$C$3,Thermostat!$C$4) -> 70
E23: Saturday | F23: =IF((F14=1),Thermostat!$C$3,Thermostat!$C$4) -> 60 | G23: =IF((G14=1),Thermostat!$C$3,Thermostat!$C$4) -> 60 | H23: =IF((H14=1),Thermostat!$C$3,Thermostat!$C$4) -> 60 | I23: =IF((I14=1),Thermostat!$C$3,Thermostat!$C$4) -> 60 | J23: =IF((J14=1),Thermostat!$C$3,Thermostat!$C$4) -> 60 | K23: =IF((K14=1),Thermostat!$C$3,Thermostat!$C$4) -> 60 | L23: =IF((L14=1),Thermostat!$C$3,Thermostat!$C$4) -> 60 | M23: =IF((M14=1),Thermostat!$C$3,Thermostat!$C$4) -> 60 | ... AC23: =IF((AC14=1),Thermostat!$C$3,Thermostat!$C$4) -> 60
E24: Sunday | F24: =IF((F15=1),Thermostat!$C$3,Thermostat!$C$4) -> 60 | G24: =IF((G15=1),Thermostat!$C$3,Thermostat!$C$4) -> 60 | H24: =IF((H15=1),Thermostat!$C$3,Thermostat!$C$4) -> 60 | I24: =IF((I15=1),Thermostat!$C$3,Thermostat!$C$4) -> 60 | J24: =IF((J15=1),Thermostat!$C$3,Thermostat!$C$4) -> 60 | K24: =IF((K15=1),Thermostat!$C$3,Thermostat!$C$4) -> 60 | L24: =IF((L15=1),Thermostat!$C$3,Thermostat!$C$4) -> 60 | M24: =IF((M15=1),Thermostat!$C$3,Thermostat!$C$4) -> 60 | ... AC24: =IF((AC15=1),Thermostat!$C$3,Thermostat!$C$4) -> 60
A25: =A10 -> All zones except for Server Rooms, Stairway, and Mechanical_Electrical | B25: Office | C25: ClgSetpt | E25: Weekday | F25: =IF((F13=1),Thermostat!$C$5,Thermostat!$C$6) -> 85 | G25: =IF((G13=1),Thermostat!$C$5,Thermostat!$C$6) -> 85 | H25: =IF((H13=1),Thermostat!$C$5,Thermostat!$C$6) -> 85 | I25: =IF((I13=1),Thermostat!$C$5,Thermostat!$C$6) -> 85 | J25: =IF((J13=1),Thermostat!$C$5,Thermostat!$C$6) -> 85 | K25: =IF((K13=1),Thermostat!$C$5,Thermostat!$C$6) -> 75 | L25: =IF((L13=1),Thermostat!$C$5,Thermostat!$C$6) -> 75 | M25: =IF((M13=1),Thermostat!$C$5,Thermostat!$C$6) -> 75 | ... AC25: =IF((AC13=1),Thermostat!$C$5,Thermostat!$C$6) -> 75
E26: Saturday | F26: =IF((F14=1),Thermostat!$C$5,Thermostat!$C$6) -> 85 | G26: =IF((G14=1),Thermostat!$C$5,Thermostat!$C$6) -> 85 | H26: =IF((H14=1),Thermostat!$C$5,Thermostat!$C$6) -> 85 | I26: =IF((I14=1),Thermostat!$C$5,Thermostat!$C$6) -> 85 | J26: =IF((J14=1),Thermostat!$C$5,Thermostat!$C$6) -> 85 | K26: =IF((K14=1),Thermostat!$C$5,Thermostat!$C$6) -> 85 | L26: =IF((L14=1),Thermostat!$C$5,Thermostat!$C$6) -> 85 | M26: =IF((M14=1),Thermostat!$C$5,Thermostat!$C$6) -> 85 | ... AC26: =IF((AC14=1),Thermostat!$C$5,Thermostat!$C$6) -> 85
E27: Sunday | F27: =IF((F15=1),Thermostat!$C$5,Thermostat!$C$6) -> 85 | G27: =IF((G15=1),Thermostat!$C$5,Thermostat!$C$6) -> 85 | H27: =IF((H15=1),Thermostat!$C$5,Thermostat!$C$6) -> 85 | I27: =IF((I15=1),Thermostat!$C$5,Thermostat!$C$6) -> 85 | J27: =IF((J15=1),Thermostat!$C$5,Thermostat!$C$6) -> 85 | K27: =IF((K15=1),Thermostat!$C$5,Thermostat!$C$6) -> 85 | L27: =IF((L15=1),Thermostat!$C$5,Thermostat!$C$6) -> 85 | M27: =IF((M15=1),Thermostat!$C$5,Thermostat!$C$6) -> 85 | ... AC27: =IF((AC15=1),Thermostat!$C$5,Thermostat!$C$6) -> 85
A28: Data
A29: Server rooms | B29: Data | C29: Occupancy | D29: T24 2022 - Appendix 5.4B, [Data] Updated based on office schedule | E29: Weekday | F29: 0 | G29: 0 | H29: 0 | I29: 0 | J29: 0.05 | K29: 0.1 | L29: 0.25 | M29: 0.65 | N29: 0.65 | O29: 0.65 | P29: 0.65 | Q29: 0.6 | R29: 0.6 | S29: 0.65 | T29: 0.65 | U29: 0.65 | V29: 0.65 | W29: 0.4 | X29: 0.25 | Y29: 0.1 | Z29: 0.05 | AA29: 0.05 | AB29: 0.05 | AC29: 0
E30: Saturday | F30: 0 | G30: 0 | H30: 0 | I30: 0 | J30: 0 | K30: 0 | L30: 0 | M30: 0.05 | N30: 0.05 | O30: 0.05 | P30: 0.05 | Q30: 0.05 | R30: 0.05 | S30: 0.05 | T30: 0.05 | U30: 0.05 | V30: 0.05 | W30: 0.05 | X30: 0.05 | Y30: 0.05 | Z30: 0 | AA30: 0 | AB30: 0 | AC30: 0
E31: Sunday | F31: 0 | G31: 0 | H31: 0 | I31: 0 | J31: 0 | K31: 0 | L31: 0 | M31: 0.05 | N31: 0.05 | O31: 0.05 | P31: 0.05 | Q31: 0.05 | R31: 0.05 | S31: 0.05 | T31: 0.05 | U31: 0.05 | V31: 0.05 | W31: 0.05 | X31: 0.05 | Y31: 0.05 | Z31: 0 | AA31: 0 | AB31: 0 | AC31: 0
A32: =A29 -> Server rooms | B32: =B29 -> Data | C32: Lights | D32: T24 2022 - Appendix 5.4B, [Data] Updated based on office schedule | E32: Weekday | F32: 0.05 | G32: 0.05 | H32: 0.05 | I32: 0.05 | J32: 0.1 | K32: 0.2 | L32: 0.4 | M32: 0.7 | N32: 0.8 | O32: 0.85 | P32: 0.85 | Q32: 0.85 | R32: 0.85 | S32: 0.85 | T32: 0.85 | U32: 0.85 | V32: 0.85 | W32: 0.8 | X32: 0.35 | Y32: 0.1 | Z32: 0.1 | AA32: 0.1 | AB32: 0.1 | AC32: 0.1
E33: Saturday | F33: 0.05 | G33: 0.05 | H33: 0.05 | I33: 0.05 | J33: 0.05 | K33: 0.1 | L33: 0.1 | M33: 0.15 | N33: 0.15 | O33: 0.15 | P33: 0.15 | Q33: 0.15 | R33: 0.15 | S33: 0.15 | T33: 0.15 | U33: 0.15 | V33: 0.15 | W33: 0.1 | X33: 0.1 | Y33: 0.1 | Z33: 0.05 | AA33: 0.05 | AB33: 0.05 | AC33: 0.05
E34: Sunday | F34: 0.05 | G34: 0.05 | H34: 0.05 | I34: 0.05 | J34: 0.05 | K34: 0.1 | L34: 0.1 | M34: 0.15 | N34: 0.15 | O34: 0.15 | P34: 0.15 | Q34: 0.15 | R34: 0.15 | S34: 0.15 | T34: 0.15 | U34: 0.15 | V34: 0.15 | W34: 0.1 | X34: 0.1 | Y34: 0.1 | Z34: 0.05 | AA34: 0.05 | AB34: 0.05 | AC34: 0.05
A35: =A29 -> Server rooms | B35: =B29 -> Data | C35: HVACAvail | D35: T24 2022 - Appendix 5.4B, [Data] | E35: Weekday | F35: 1 | G35: 1 | H35: 1 | I35: 1 | J35: 1 | K35: 1 | L35: 1 | M35: 1 | N35: 1 | O35: 1 | P35: 1 | Q35: 1 | R35: 1 | S35: 1 | T35: 1 | U35: 1 | V35: 1 | W35: 1 | X35: 1 | Y35: 1 | Z35: 1 | AA35: 1 | AB35: 1 | AC35: 1
E36: Saturday | F36: 1 | G36: 1 | H36: 1 | I36: 1 | J36: 1 | K36: 1 | L36: 1 | M36: 1 | N36: 1 | O36: 1 | P36: 1 | Q36: 1 | R36: 1 | S36: 1 | T36: 1 | U36: 1 | V36: 1 | W36: 1 | X36: 1 | Y36: 1 | Z36: 1 | AA36: 1 | AB36: 1 | AC36: 1
E37: Sunday | F37: 1 | G37: 1 | H37: 1 | I37: 1 | J37: 1 | K37: 1 | L37: 1 | M37: 1 | N37: 1 | O37: 1 | P37: 1 | Q37: 1 | R37: 1 | S37: 1 | T37: 1 | U37: 1 | V37: 1 | W37: 1 | X37: 1 | Y37: 1 | Z37: 1 | AA37: 1 | AB37: 1 | AC37: 1
A38: =A29 -> Server rooms | B38: =B29 -> Data | C38: ServiceHotWater | D38: T24 2022 - Appendix 5.4B, [Data] | E38: Weekday | F38: 0 | G38: 0 | H38: 0 | I38: 0 | J38: 0.1 | K38: 0.1 | L38: 0.5 | M38: 0.5 | N38: 0.5 | O38: 0.5 | P38: 0.7 | Q38: 0.9 | R38: 0.9 | S38: 0.5 | T38: 0.5 | U38: 0.7 | V38: 0.5 | W38: 0.5 | X38: 0.5 | Y38: 0.1 | Z38: 0.1 | AA38: 0.1 | AB38: 0.1 | AC38: 0
E39: Saturday | F39: 0 | G39: 0 | H39: 0 | I39: 0 | J39: 0 | K39: 0 | L39: 0 | M39: 0 | N39: 0 | O39: 0 | P39: 0 | Q39: 0 | R39: 0 | S39: 0 | T39: 0 | U39: 0 | V39: 0 | W39: 0 | X39: 0 | Y39: 0 | Z39: 0 | AA39: 0 | AB39: 0 | AC39: 0
E40: Sunday | F40: 0 | G40: 0 | H40: 0 | I40: 0 | J40: 0 | K40: 0 | L40: 0 | M40: 0 | N40: 0 | O40: 0 | P40: 0 | Q40: 0 | R40: 0 | S40: 0 | T40: 0 | U40: 0 | V40: 0 | W40: 0 | X40: 0 | Y40: 0 | Z40: 0 | AA40: 0 | AB40: 0 | AC40: 0
A41: =A29 -> Server rooms | B41: =B29 -> Data | C41: Infiltration | D41: T24 2022 - Appendix 5.4B, [Data] | E41: Weekday | F41: 0.25 | G41: 0.25 | H41: 0.25 | I41: 0.25 | J41: 0.25 | K41: 0.25 | L41: 0.25 | M41: 0.25 | N41: 0.25 | O41: 0.25 | P41: 0.25 | Q41: 0.25 | R41: 0.25 | S41: 0.25 | T41: 0.25 | U41: 0.25 | V41: 0.25 | W41: 0.25 | X41: 0.25 | Y41: 0.25 | Z41: 0.25 | AA41: 0.25 | AB41: 0.25 | AC41: 0.25
E42: Saturday | F42: 0.25 | G42: 0.25 | H42: 0.25 | I42: 0.25 | J42: 0.25 | K42: 0.25 | L42: 0.25 | M42: 0.25 | N42: 0.25 | O42: 0.25 | P42: 0.25 | Q42: 0.25 | R42: 0.25 | S42: 0.25 | T42: 0.25 | U42: 0.25 | V42: 0.25 | W42: 0.25 | X42: 0.25 | Y42: 0.25 | Z42: 0.25 | AA42: 0.25 | AB42: 0.25 | AC42: 0.25
E43: Sunday | F43: 0.25 | G43: 0.25 | H43: 0.25 | I43: 0.25 | J43: 0.25 | K43: 0.25 | L43: 0.25 | M43: 0.25 | N43: 0.25 | O43: 0.25 | P43: 0.25 | Q43: 0.25 | R43: 0.25 | S43: 0.25 | T43: 0.25 | U43: 0.25 | V43: 0.25 | W43: 0.25 | X43: 0.25 | Y43: 0.25 | Z43: 0.25 | AA43: 0.25 | AB43: 0.25 | AC43: 0.25
A44: =A29 -> Server rooms | B44: =B29 -> Data | C44: ClgSetpt | D44: Based on Activity level and thermostat setpoint | E44: Weekday | F44: =Thermostat!$C$7 -> 80 | G44: =Thermostat!$C$7 -> 80 | H44: =Thermostat!$C$7 -> 80 | I44: =Thermostat!$C$7 -> 80 | J44: =Thermostat!$C$7 -> 80 | K44: =Thermostat!$C$7 -> 80 | L44: =Thermostat!$C$7 -> 80 | M44: =Thermostat!$C$7 -> 80 | ... AC44: =Thermostat!$C$7 -> 80
E45: Saturday | F45: =Thermostat!$C$7 -> 80 | G45: =Thermostat!$C$7 -> 80 | H45: =Thermostat!$C$7 -> 80 | I45: =Thermostat!$C$7 -> 80 | J45: =Thermostat!$C$7 -> 80 | K45: =Thermostat!$C$7 -> 80 | L45: =Thermostat!$C$7 -> 80 | M45: =Thermostat!$C$7 -> 80 | ... AC45: =Thermostat!$C$7 -> 80
E46: Sunday | F46: =Thermostat!$C$7 -> 80 | G46: =Thermostat!$C$7 -> 80 | H46: =Thermostat!$C$7 -> 80 | I46: =Thermostat!$C$7 -> 80 | J46: =Thermostat!$C$7 -> 80 | K46: =Thermostat!$C$7 -> 80 | L46: =Thermostat!$C$7 -> 80 | M46: =Thermostat!$C$7 -> 80 | ... AC46: =Thermostat!$C$7 -> 80
A47: Ancillary
A48: Stairway, and Mechanical_Electrical | B48: Ancillary | C48: Occupancy | D48: T24 2022 - Appendix 5.4B, [Office] Updated based on office schedule | E48: Weekday | F48: 0 | G48: 0 | H48: 0 | I48: 0 | J48: 0 | K48: 0 | L48: 0.1 | M48: 0.2 | N48: 0.95 | O48: 0.95 | P48: 0.95 | Q48: 0.95 | R48: 0.5 | S48: 0.95 | T48: 0.95 | U48: 0.95 | V48: 0.95 | W48: 0.3 | X48: 0.1 | Y48: 0.1 | Z48: 0.1 | AA48: 0.1 | AB48: 0.05 | AC48: 0.05
E49: Saturday | F49: 0 | G49: 0 | H49: 0 | I49: 0 | J49: 0 | K49: 0 | L49: 0.05 | M49: 0.05 | N49: 0.05 | O49: 0.05 | P49: 0.05 | Q49: 0.05 | R49: 0.05 | S49: 0.05 | T49: 0.05 | U49: 0.05 | V49: 0.05 | W49: 0.05 | X49: 0 | Y49: 0 | Z49: 0 | AA49: 0 | AB49: 0 | AC49: 0
E50: Sunday | F50: 0 | G50: 0 | H50: 0 | I50: 0 | J50: 0 | K50: 0 | L50: 0.05 | M50: 0.05 | N50: 0.05 | O50: 0.05 | P50: 0.05 | Q50: 0.05 | R50: 0.05 | S50: 0.05 | T50: 0.05 | U50: 0.05 | V50: 0.05 | W50: 0.05 | X50: 0 | Y50: 0 | Z50: 0 | AA50: 0 | AB50: 0 | AC50: 0
A51: =A48 -> Stairway, and Mechanical_Electrical | B51: =B48 -> Ancillary | C51: Lights | D51: T24 2022 - Appendix 5.4B, [Office] Updated based on office schedule | E51: Weekday | F51: 0.05 | G51: 0.05 | H51: 0.05 | I51: 0.05 | J51: 0.05 | K51: 0.1 | L51: 0.1 | M51: 0.3 | N51: 0.65 | O51: 0.65 | P51: 0.65 | Q51: 0.65 | R51: 0.65 | S51: 0.65 | T51: 0.65 | U51: 0.65 | V51: 0.65 | W51: 0.35 | X51: 0.3 | Y51: 0.3 | Z51: 0.2 | AA51: 0.2 | AB51: 0.1 | AC51: 0.05
E52: Saturday | F52: 0.05 | G52: 0.05 | H52: 0.05 | I52: 0.05 | J52: 0.05 | K52: 0.05 | L52: 0.15 | M52: 0.15 | N52: 0.15 | O52: 0.15 | P52: 0.15 | Q52: 0.15 | R52: 0.15 | S52: 0.15 | T52: 0.15 | U52: 0.15 | V52: 0.15 | W52: 0.15 | X52: 0.05 | Y52: 0.05 | Z52: 0.05 | AA52: 0.05 | AB52: 0.05 | AC52: 0.05
E53: Sunday | F53: 0.05 | G53: 0.05 | H53: 0.05 | I53: 0.05 | J53: 0.05 | K53: 0.05 | L53: 0.15 | M53: 0.15 | N53: 0.15 | O53: 0.15 | P53: 0.15 | Q53: 0.15 | R53: 0.15 | S53: 0.15 | T53: 0.15 | U53: 0.15 | V53: 0.15 | W53: 0.15 | X53: 0.05 | Y53: 0.05 | Z53: 0.05 | AA53: 0.05 | AB53: 0.05 | AC53: 0.05
A54: =A51 -> Stairway, and Mechanical_Electrical | B54: =B51 -> Ancillary | C54: ElecEquipment | D54: Plug load and schedules project with CEC, 2025 | E54: Weekday | F54: 0.45 | G54: 0.45 | H54: 0.45 | I54: 0.45 | J54: 0.45 | K54: 0.45 | L54: 0.45 | M54: 0.74 | N54: 0.87 | O54: 0.9 | P54: 0.9 | Q54: 0.9 | R54: 0.9 | S54: 0.9 | T54: 0.9 | U54: 0.9 | V54: 0.9 | W54: 0.7 | X54: 0.5 | Y54: 0.5 | Z54: 0.5 | AA54: 0.45 | AB54: 0.45 | AC54: 0.45
E55: Saturday | F55: 0.43 | G55: 0.43 | H55: 0.43 | I55: 0.43 | J55: 0.43 | K55: 0.43 | L55: 0.43 | M55: 0.43 | N55: 0.43 | O55: 0.43 | P55: 0.43 | Q55: 0.43 | R55: 0.43 | S55: 0.43 | T55: 0.43 | U55: 0.43 | V55: 0.43 | W55: 0.43 | X55: 0.43 | Y55: 0.43 | Z55: 0.43 | AA55: 0.43 | AB55: 0.43 | AC55: 0.43
E56: Sunday | F56: 0.43 | G56: 0.43 | H56: 0.43 | I56: 0.43 | J56: 0.43 | K56: 0.43 | L56: 0.43 | M56: 0.43 | N56: 0.43 | O56: 0.43 | P56: 0.43 | Q56: 0.43 | R56: 0.43 | S56: 0.43 | T56: 0.43 | U56: 0.43 | V56: 0.43 | W56: 0.43 | X56: 0.43 | Y56: 0.43 | Z56: 0.43 | AA56: 0.43 | AB56: 0.43 | AC56: 0.43
A57: =A48 -> Stairway, and Mechanical_Electrical | B57: =B48 -> Ancillary | C57: HVACAvail | D57: T24 2022 - Appendix 5.4B, [Office] Updated based on office schedule | E57: Weekday | F57: 0 | G57: 0 | H57: 0 | I57: 0 | J57: 0 | K57: 1 | L57: 1 | M57: 1 | N57: 1 | O57: 1 | P57: 1 | Q57: 1 | R57: 1 | S57: 1 | T57: 1 | U57: 1 | V57: 1 | W57: 1 | X57: 1 | Y57: 1 | Z57: 1 | AA57: 1 | AB57: 1 | AC57: 1
E58: Saturday | F58: 0 | G58: 0 | H58: 0 | I58: 0 | J58: 0 | K58: 0 | L58: 0 | M58: 0 | N58: 0 | O58: 0 | P58: 0 | Q58: 0 | R58: 0 | S58: 0 | T58: 0 | U58: 0 | V58: 0 | W58: 0 | X58: 0 | Y58: 0 | Z58: 0 | AA58: 0 | AB58: 0 | AC58: 0
E59: Sunday | F59: 0 | G59: 0 | H59: 0 | I59: 0 | J59: 0 | K59: 0 | L59: 0 | M59: 0 | N59: 0 | O59: 0 | P59: 0 | Q59: 0 | R59: 0 | S59: 0 | T59: 0 | U59: 0 | V59: 0 | W59: 0 | X59: 0 | Y59: 0 | Z59: 0 | AA59: 0 | AB59: 0 | AC59: 0
A60: =A48 -> Stairway, and Mechanical_Electrical | B60: =B48 -> Ancillary | C60: ServiceHotWater | D60: T24 2022 - Appendix 5.4B, [Office] | E60: Weekday | F60: 0.05 | G60: 0.05 | H60: 0.05 | I60: 0.05 | J60: 0.05 | K60: 0.08 | L60: 0.07 | M60: 0.19 | N60: 0.35 | O60: 0.38 | P60: 0.39 | Q60: 0.47 | R60: 0.57 | S60: 0.54 | T60: 0.34 | U60: 0.33 | V60: 0.44 | W60: 0.26 | X60: 0.21 | Y60: 0.15 | Z60: 0.17 | AA60: 0.08 | AB60: 0.05 | AC60: 0.05
E61: Saturday | F61: 0.04 | G61: 0.04 | H61: 0.04 | I61: 0.04 | J61: 0.04 | K61: 0.07 | L61: 0.04 | M61: 0.04 | N61: 0.04 | O61: 0.04 | P61: 0.04 | Q61: 0.06 | R61: 0.06 | S61: 0.09 | T61: 0.06 | U61: 0.04 | V61: 0.04 | W61: 0.04 | X61: 0.04 | Y61: 0.04 | Z61: 0.04 | AA61: 0.07 | AB61: 0.04 | AC61: 0.04
E62: Sunday | F62: 0.04 | G62: 0.04 | H62: 0.04 | I62: 0.04 | J62: 0.04 | K62: 0.07 | L62: 0.04 | M62: 0.04 | N62: 0.04 | O62: 0.04 | P62: 0.04 | Q62: 0.06 | R62: 0.06 | S62: 0.09 | T62: 0.06 | U62: 0.04 | V62: 0.04 | W62: 0.04 | X62: 0.04 | Y62: 0.04 | Z62: 0.04 | AA62: 0.07 | AB62: 0.04 | AC62: 0.04
A63: =A48 -> Stairway, and Mechanical_Electrical | B63: =B48 -> Ancillary | C63: Infiltration | D63: T24 2022 - Appendix 5.4B, [Office] | E63: Weekday | F63: 1 | G63: 1 | H63: 1 | I63: 1 | J63: 1 | K63: 0.25 | L63: 0.25 | M63: 0.25 | N63: 0.25 | O63: 0.25 | P63: 0.25 | Q63: 0.25 | R63: 0.25 | S63: 0.25 | T63: 0.25 | U63: 0.25 | V63: 0.25 | W63: 0.25 | X63: 0.25 | Y63: 0.25 | Z63: 0.25 | AA63: 0.25 | AB63: 0.25 | AC63: 0.25
E64: Saturday | F64: 1 | G64: 1 | H64: 1 | I64: 1 | J64: 1 | K64: 1 | L64: 1 | M64: 1 | N64: 1 | O64: 1 | P64: 1 | Q64: 1 | R64: 1 | S64: 1 | T64: 1 | U64: 1 | V64: 1 | W64: 1 | X64: 1 | Y64: 1 | Z64: 1 | AA64: 1 | AB64: 1 | AC64: 1
E65: Sunday | F65: 1 | G65: 1 | H65: 1 | I65: 1 | J65: 1 | K65: 1 | L65: 1 | M65: 1 | N65: 1 | O65: 1 | P65: 1 | Q65: 1 | R65: 1 | S65: 1 | T65: 1 | U65: 1 | V65: 1 | W65: 1 | X65: 1 | Y65: 1 | Z65: 1 | AA65: 1 | AB65: 1 | AC65: 1
A66: =A51 -> Stairway, and Mechanical_Electrical | B66: =B51 -> Ancillary | C66: HtgSetpt | D66: Engineering Judgement | E66: Weekday | F66: =Thermostat!$C$9 -> 60 | G66: =Thermostat!$C$9 -> 60 | H66: =Thermostat!$C$9 -> 60 | I66: =Thermostat!$C$9 -> 60 | J66: =Thermostat!$C$9 -> 60 | K66: =Thermostat!$C$9 -> 60 | L66: =Thermostat!$C$9 -> 60 | M66: =Thermostat!$C$9 -> 60 | ... AC66: =Thermostat!$C$9 -> 60
E67: Saturday | F67: =Thermostat!$C$9 -> 60 | G67: =Thermostat!$C$9 -> 60 | H67: =Thermostat!$C$9 -> 60 | I67: =Thermostat!$C$9 -> 60 | J67: =Thermostat!$C$9 -> 60 | K67: =Thermostat!$C$9 -> 60 | L67: =Thermostat!$C$9 -> 60 | M67: =Thermostat!$C$9 -> 60 | ... AC67: =Thermostat!$C$9 -> 60
E68: Sunday | F68: =Thermostat!$C$9 -> 60 | G68: =Thermostat!$C$9 -> 60 | H68: =Thermostat!$C$9 -> 60 | I68: =Thermostat!$C$9 -> 60 | J68: =Thermostat!$C$9 -> 60 | K68: =Thermostat!$C$9 -> 60 | L68: =Thermostat!$C$9 -> 60 | M68: =Thermostat!$C$9 -> 60 | ... AC68: =Thermostat!$C$9 -> 60
A69: =A48 -> Stairway, and Mechanical_Electrical | B69: =B48 -> Ancillary | C69: ClgSetpt | D69: Engineering Judgement | E69: Weekday | F69: =Thermostat!$C$11 -> 85 | G69: =Thermostat!$C$11 -> 85 | H69: =Thermostat!$C$11 -> 85 | I69: =Thermostat!$C$11 -> 85 | J69: =Thermostat!$C$11 -> 85 | K69: =Thermostat!$C$11 -> 85 | L69: =Thermostat!$C$11 -> 85 | M69: =Thermostat!$C$11 -> 85 | ... AC69: =Thermostat!$C$11 -> 85
E70: Saturday | F70: =Thermostat!$C$11 -> 85 | G70: =Thermostat!$C$11 -> 85 | H70: =Thermostat!$C$11 -> 85 | I70: =Thermostat!$C$11 -> 85 | J70: =Thermostat!$C$11 -> 85 | K70: =Thermostat!$C$11 -> 85 | L70: =Thermostat!$C$11 -> 85 | M70: =Thermostat!$C$11 -> 85 | ... AC70: =Thermostat!$C$11 -> 85
E71: Sunday | F71: =Thermostat!$C$11 -> 85 | G71: =Thermostat!$C$11 -> 85 | H71: =Thermostat!$C$11 -> 85 | I71: =Thermostat!$C$11 -> 85 | J71: =Thermostat!$C$11 -> 85 | K71: =Thermostat!$C$11 -> 85 | L71: =Thermostat!$C$11 -> 85 | M71: =Thermostat!$C$11 -> 85 | ... AC71: =Thermostat!$C$11 -> 85
A72: Other | AD72: EFLH
B73: Building | C73: Elevator | D73: T24 2022 - Appendix 5.4B, [Office] Updated based on Plug load and schedules project with CEC, 202 | E73: Weekday | F73: 0 | G73: 0 | H73: 0 | I73: 0 | J73: 0 | K73: 0 | L73: 0 | M73: 0.35 | N73: 0.69 | O73: 0.43 | P73: 0.37 | Q73: 0.43 | R73: 0.58 | S73: 0.48 | T73: 0.37 | U73: 0.37 | V73: 0.46 | W73: 0.62 | X73: 0.2 | Y73: 0.12 | Z73: 0.04 | AA73: 0.04 | AB73: 0 | AC73: 0 | AD73: =SUM(F73:AC73)*261+ SUM(F74:AC74)*52+ SUM(F75:AC75)*52 -> 1448.55
E74: Saturday | F74: 0 | G74: 0 | H74: 0 | I74: 0 | J74: 0 | K74: 0 | L74: 0 | M74: 0 | N74: 0 | O74: 0 | P74: 0 | Q74: 0 | R74: 0 | S74: 0 | T74: 0 | U74: 0 | V74: 0 | W74: 0 | X74: 0 | Y74: 0 | Z74: 0 | AA74: 0 | AB74: 0 | AC74: 0
E75: Sunday | F75: 0 | G75: 0 | H75: 0 | I75: 0 | J75: 0 | K75: 0 | L75: 0 | M75: 0 | N75: 0 | O75: 0 | P75: 0 | Q75: 0 | R75: 0 | S75: 0 | T75: 0 | U75: 0 | V75: 0 | W75: 0 | X75: 0 | Y75: 0 | Z75: 0 | AA75: 0 | AB75: 0 | AC75: 0
B76: Building | C76: ExtLightingNonMotionCtrl | E76: Weekday | F76: 1 | G76: 1 | H76: 1 | I76: 1 | J76: 1 | K76: 1 | L76: 1 | M76: 1 | N76: 1 | O76: 1 | P76: 1 | Q76: 1 | R76: 1 | S76: 1 | T76: 1 | U76: 1 | V76: 1 | W76: 1 | X76: 1 | Y76: 1 | Z76: 1 | AA76: 1 | AB76: 1 | AC76: 1
E77: Saturday | F77: 1 | G77: 1 | H77: 1 | I77: 1 | J77: 1 | K77: 1 | L77: 1 | M77: 1 | N77: 1 | O77: 1 | P77: 1 | Q77: 1 | R77: 1 | S77: 1 | T77: 1 | U77: 1 | V77: 1 | W77: 1 | X77: 1 | Y77: 1 | Z77: 1 | AA77: 1 | AB77: 1 | AC77: 1
E78: Sunday | F78: 1 | G78: 1 | H78: 1 | I78: 1 | J78: 1 | K78: 1 | L78: 1 | M78: 1 | N78: 1 | O78: 1 | P78: 1 | Q78: 1 | R78: 1 | S78: 1 | T78: 1 | U78: 1 | V78: 1 | W78: 1 | X78: 1 | Y78: 1 | Z78: 1 | AA78: 1 | AB78: 1 | AC78: 1
B79: Building | C79: ExtLightingMotionCtrl | E79: Weekday | F79: 0 | G79: 0 | H79: 0 | I79: 0 | J79: 0 | K79: 1 | L79: 1 | M79: 1 | N79: 1 | O79: 1 | P79: 1 | Q79: 1 | R79: 1 | S79: 1 | T79: 1 | U79: 1 | V79: 1 | W79: 1 | X79: 1 | Y79: 1 | Z79: 1 | AA79: 1 | AB79: 0 | AC79: 0
E80: Saturday | F80: 0 | G80: 0 | H80: 0 | I80: 0 | J80: 0 | K80: 1 | L80: 1 | M80: 1 | N80: 1 | O80: 1 | P80: 1 | Q80: 1 | R80: 1 | S80: 1 | T80: 1 | U80: 1 | V80: 1 | W80: 1 | X80: 1 | Y80: 1 | Z80: 1 | AA80: 1 | AB80: 1 | AC80: 1
E81: Sunday | F81: 0 | G81: 0 | H81: 0 | I81: 0 | J81: 0 | K81: 1 | L81: 1 | M81: 1 | N81: 1 | O81: 1 | P81: 1 | Q81: 1 | R81: 1 | S81: 1 | T81: 1 | U81: 1 | V81: 1 | W81: 1 | X81: 1 | Y81: 1 | Z81: 1 | AA81: 1 | AB81: 1 | AC81: 1
A82: Office | B82: Building | C82: FunctionalAreaPeopleActivityLevel | D82: Based on Activity level schedules in CEC Prototypes | E82: Weekday | F82: 131.9 | G82: 131.9 | H82: 131.9 | I82: 131.9 | J82: 131.9 | K82: 131.9 | L82: 131.9 | M82: 131.9 | N82: 131.9 | O82: 131.9 | P82: 131.9 | Q82: 131.9 | R82: 131.9 | S82: 131.9 | T82: 131.9 | U82: 131.9 | V82: 131.9 | W82: 131.9 | X82: 131.9 | Y82: 131.9 | Z82: 131.9 | AA82: 131.9 | AB82: 131.9 | AC82: 131.9
E83: Saturday | F83: 131.9 | G83: 131.9 | H83: 131.9 | I83: 131.9 | J83: 131.9 | K83: 131.9 | L83: 131.9 | M83: 131.9 | N83: 131.9 | O83: 131.9 | P83: 131.9 | Q83: 131.9 | R83: 131.9 | S83: 131.9 | T83: 131.9 | U83: 131.9 | V83: 131.9 | W83: 131.9 | X83: 131.9 | Y83: 131.9 | Z83: 131.9 | AA83: 131.9 | AB83: 131.9 | AC83: 131.9
E84: Sunday | F84: 131.9 | G84: 131.9 | H84: 131.9 | I84: 131.9 | J84: 131.9 | K84: 131.9 | L84: 131.9 | M84: 131.9 | N84: 131.9 | O84: 131.9 | P84: 131.9 | Q84: 131.9 | R84: 131.9 | S84: 131.9 | T84: 131.9 | U84: 131.9 | V84: 131.9 | W84: 131.9 | X84: 131.9 | Y84: 131.9 | Z84: 131.9 | AA84: 131.9 | AB84: 131.9 | AC84: 131.9
A85: Server room | B85: Building | C85: ComputerRoomPeopleActivityLevel | D85: Based on Activity level schedules in CEC Prototypes | E85: Weekday | F85: 120 | G85: 120 | H85: 120 | I85: 120 | J85: 120 | K85: 120 | L85: 120 | M85: 120 | N85: 120 | O85: 120 | P85: 120 | Q85: 120 | R85: 120 | S85: 120 | T85: 120 | U85: 120 | V85: 120 | W85: 120 | X85: 120 | Y85: 120 | Z85: 120 | AA85: 120 | AB85: 120 | AC85: 120
E86: Saturday | F86: 120 | G86: 120 | H86: 120 | I86: 120 | J86: 120 | K86: 120 | L86: 120 | M86: 120 | N86: 120 | O86: 120 | P86: 120 | Q86: 120 | R86: 120 | S86: 120 | T86: 120 | U86: 120 | V86: 120 | W86: 120 | X86: 120 | Y86: 120 | Z86: 120 | AA86: 120 | AB86: 120 | AC86: 120
E87: Sunday | F87: 120 | G87: 120 | H87: 120 | I87: 120 | J87: 120 | K87: 120 | L87: 120 | M87: 120 | N87: 120 | O87: 120 | P87: 120 | Q87: 120 | R87: 120 | S87: 120 | T87: 120 | U87: 120 | V87: 120 | W87: 120 | X87: 120 | Y87: 120 | Z87: 120 | AA87: 120 | AB87: 120 | AC87: 120
A88: Conference room | B88: Building | C88: MeetingAreaPeopleActivityLevel | D88: Based on Activity level schedules in CEC Prototypes | E88: Weekday | F88: 117.2 | G88: 117.2 | H88: 117.2 | I88: 117.2 | J88: 117.2 | K88: 117.2 | L88: 117.2 | M88: 117.2 | N88: 117.2 | O88: 117.2 | P88: 117.2 | Q88: 117.2 | R88: 117.2 | S88: 117.2 | T88: 117.2 | U88: 117.2 | V88: 117.2 | W88: 117.2 | X88: 117.2 | Y88: 117.2 | Z88: 117.2 | AA88: 117.2 | AB88: 117.2 | AC88: 117.2
E89: Saturday | F89: 117.2 | G89: 117.2 | H89: 117.2 | I89: 117.2 | J89: 117.2 | K89: 117.2 | L89: 117.2 | M89: 117.2 | N89: 117.2 | O89: 117.2 | P89: 117.2 | Q89: 117.2 | R89: 117.2 | S89: 117.2 | T89: 117.2 | U89: 117.2 | V89: 117.2 | W89: 117.2 | X89: 117.2 | Y89: 117.2 | Z89: 117.2 | AA89: 117.2 | AB89: 117.2 | AC89: 117.2
E90: Sunday | F90: 117.2 | G90: 117.2 | H90: 117.2 | I90: 117.2 | J90: 117.2 | K90: 117.2 | L90: 117.2 | M90: 117.2 | N90: 117.2 | O90: 117.2 | P90: 117.2 | Q90: 117.2 | R90: 117.2 | S90: 117.2 | T90: 117.2 | U90: 117.2 | V90: 117.2 | W90: 117.2 | X90: 117.2 | Y90: 117.2 | Z90: 117.2 | AA90: 117.2 | AB90: 117.2 | AC90: 117.2
A91: Corridor, Stair, Lobby, Restroom, Mech, Storage, Break | B91: Building | C91: CommonAreaPeopleActivityLevel | D91: Based on Activity level schedules in CEC Prototypes | E91: Weekday | F91: 146.5 | G91: 146.5 | H91: 146.5 | I91: 146.5 | J91: 146.5 | K91: 146.5 | L91: 146.5 | M91: 146.5 | N91: 146.5 | O91: 146.5 | P91: 146.5 | Q91: 146.5 | R91: 146.5 | S91: 146.5 | T91: 146.5 | U91: 146.5 | V91: 146.5 | W91: 146.5 | X91: 146.5 | Y91: 146.5 | Z91: 146.5 | AA91: 146.5 | AB91: 146.5 | AC91: 146.5
E92: Saturday | F92: 146.5 | G92: 146.5 | H92: 146.5 | I92: 146.5 | J92: 146.5 | K92: 146.5 | L92: 146.5 | M92: 146.5 | N92: 146.5 | O92: 146.5 | P92: 146.5 | Q92: 146.5 | R92: 146.5 | S92: 146.5 | T92: 146.5 | U92: 146.5 | V92: 146.5 | W92: 146.5 | X92: 146.5 | Y92: 146.5 | Z92: 146.5 | AA92: 146.5 | AB92: 146.5 | AC92: 146.5
E93: Sunday | F93: 146.5 | G93: 146.5 | H93: 146.5 | I93: 146.5 | J93: 146.5 | K93: 146.5 | L93: 146.5 | M93: 146.5 | N93: 146.5 | O93: 146.5 | P93: 146.5 | Q93: 146.5 | R93: 146.5 | S93: 146.5 | T93: 146.5 | U93: 146.5 | V93: 146.5 | W93: 146.5 | X93: 146.5 | Y93: 146.5 | Z93: 146.5 | AA93: 146.5 | AB93: 146.5 | AC93: 146.5
A94: Kitchen/Food prep | B94: Building | C94: KitchenPeopleActivityLevel | D94: Based on Activity level schedules in CEC Prototypes | E94: Weekday | F94: 219.8 | G94: 219.8 | H94: 219.8 | I94: 219.8 | J94: 219.8 | K94: 219.8 | L94: 219.8 | M94: 219.8 | N94: 219.8 | O94: 219.8 | P94: 219.8 | Q94: 219.8 | R94: 219.8 | S94: 219.8 | T94: 219.8 | U94: 219.8 | V94: 219.8 | W94: 219.8 | X94: 219.8 | Y94: 219.8 | Z94: 219.8 | AA94: 219.8 | AB94: 219.8 | AC94: 219.8
E95: Saturday | F95: 219.8 | G95: 219.8 | H95: 219.8 | I95: 219.8 | J95: 219.8 | K95: 219.8 | L95: 219.8 | M95: 219.8 | N95: 219.8 | O95: 219.8 | P95: 219.8 | Q95: 219.8 | R95: 219.8 | S95: 219.8 | T95: 219.8 | U95: 219.8 | V95: 219.8 | W95: 219.8 | X95: 219.8 | Y95: 219.8 | Z95: 219.8 | AA95: 219.8 | AB95: 219.8 | AC95: 219.8
E96: Sunday | F96: 219.8 | G96: 219.8 | H96: 219.8 | I96: 219.8 | J96: 219.8 | K96: 219.8 | L96: 219.8 | M96: 219.8 | N96: 219.8 | O96: 219.8 | P96: 219.8 | Q96: 219.8 | R96: 219.8 | S96: 219.8 | T96: 219.8 | U96: 219.8 | V96: 219.8 | W96: 219.8 | X96: 219.8 | Y96: 219.8 | Z96: 219.8 | AA96: 219.8 | AB96: 219.8 | AC96: 219.8
A97: Locker | B97: Building | C97: LockerRoomPeopleActivityLevel | D97: Based on Activity level schedules in CEC Prototypes | E97: Weekday | F97: 213.9 | G97: 213.9 | H97: 213.9 | I97: 213.9 | J97: 213.9 | K97: 213.9 | L97: 213.9 | M97: 213.9 | N97: 213.9 | O97: 213.9 | P97: 213.9 | Q97: 213.9 | R97: 213.9 | S97: 213.9 | T97: 213.9 | U97: 213.9 | V97: 213.9 | W97: 213.9 | X97: 213.9 | Y97: 213.9 | Z97: 213.9 | AA97: 213.9 | AB97: 213.9 | AC97: 213.9
E98: Saturday | F98: 213.9 | G98: 213.9 | H98: 213.9 | I98: 213.9 | J98: 213.9 | K98: 213.9 | L98: 213.9 | M98: 213.9 | N98: 213.9 | O98: 213.9 | P98: 213.9 | Q98: 213.9 | R98: 213.9 | S98: 213.9 | T98: 213.9 | U98: 213.9 | V98: 213.9 | W98: 213.9 | X98: 213.9 | Y98: 213.9 | Z98: 213.9 | AA98: 213.9 | AB98: 213.9 | AC98: 213.9
E99: Sunday | F99: 213.9 | G99: 213.9 | H99: 213.9 | I99: 213.9 | J99: 213.9 | K99: 213.9 | L99: 213.9 | M99: 213.9 | N99: 213.9 | O99: 213.9 | P99: 213.9 | Q99: 213.9 | R99: 213.9 | S99: 213.9 | T99: 213.9 | U99: 213.9 | V99: 213.9 | W99: 213.9 | X99: 213.9 | Y99: 213.9 | Z99: 213.9 | AA99: 213.9 | AB99: 213.9 | AC99: 213.9

Sheet Energy Usage
A1: CalBEM Energy Consumption - OfficeLarge | I1: National Average (EnergyStar Portfolio Manager) | N1: ="CEUS Energy Consumption - "&Prototype!A2 -> CEUS Energy Consumption - OfficeLarge
A2: Prototype | B2: CZ | C2: CalBEM Electricity EUI (KBTU/ft²) | D2: CalBEM Gas EUI (KBTU/ft²) | E2: CalBEM Total EUI (KBTU/ft²) | F2: New Construction Electricity EUI (KBTU/ft²) | G2: New Construction Gas EUI (KBTU/ft²) | H2: New Construction Total EUI (KBTU/ft²) | I2: National Average | J2: Acceptable Range (25% Higher) | K2: Acceptable Range (25% Lower) | L2: National Average Acceptable Range | M2: Zip code | N2: Prototype | O2: CZ | P2: Total Floorspace (Thousand of ft2) | Q2: CEUS 2022 Electric Energy Intensity (kWh/ft²) | R2: CEUS 2022 Annual Gas Intensity (kWh/ft²) | S2: CEUS 2022 Total EUI (kBtu/ft²) | T2: Acceptable Range (25% Higher) | U2: Acceptable Range (25% Lower) | V2: CEUS 2022 Acceptable Range
A3: HotelSmall | B3: 1 | I3: 71.5 | J3: =I3*1.25 -> 89.375 | K3: =I3*0.75 -> 53.625 | L3: =J3-K3 -> 35.75 | M3: 95521 | N3: =Prototype!B4 -> Large Office | O3: 1 | P3: 5279 | Q3: 16.7 | R3: 5.01 | S3: =(Q3+R3)*3.412 -> 74.07452 | T3: =S3*1.25 -> 92.59315 | U3: =S3*0.75 -> 55.55589 | V3: =T3-U3 -> 37.03726
B4: 2 | I4: 77.3 | J4: =I4*1.25 -> 96.625 | K4: =I4*0.75 -> 57.975 | L4: =J4-K4 -> 38.65 | M4: 95476 | O4: 2 | P4: 12449 | Q4: 15.2 | R4: 6.24 | S4: =(Q4+R4)*3.412 -> 73.15328 | T4: =S4*1.25 -> 91.4416 | U4: =S4*0.75 -> 54.86496 | V4: =T4-U4 -> 36.57664
B5: 3 | I5: 74 | J5: =I5*1.25 -> 92.5 | K5: =I5*0.75 -> 55.5 | L5: =J5-K5 -> 37 | M5: 94612 | O5: 3 | P5: 242565 | Q5: 14.3 | R5: 4.83 | S5: =(Q5+R5)*3.412 -> 65.27156 | T5: =S5*1.25 -> 81.58945 | U5: =S5*0.75 -> 48.95367 | V5: =T5-U5 -> 32.63578
B6: 4 | I6: 79.5 | J6: =I6*1.25 -> 99.375 | K6: =I6*0.75 -> 59.625 | L6: =J6-K6 -> 39.75 | M6: 93446 | O6: 4 | P6: 137610 | Q6: 14.4 | R6: 4.76 | S6: =(Q6+R6)*3.412 -> 65.37392 | T6: =S6*1.25 -> 81.7174 | U6: =S6*0.75 -> 49.03044 | V6: =T6-U6 -> 32.68696
B7: 5 | I7: 71.4 | J7: =I7*1.25 -> 89.25 | K7: =I7*0.75 -> 53.55 | L7: =J7-K7 -> 35.7 | M7: 93455 | O7: 5 | P7: 3834 | Q7: 8.6 | R7: 9.32 | S7: =(Q7+R7)*3.412 -> 61.14304 | T7: =S7*1.25 -> 76.4288 | U7: =S7*0.75 -> 45.85728 | V7: =T7-U7 -> 30.57152
B8: 6 | I8: 80.8 | J8: =I8*1.25 -> 101 | K8: =I8*0.75 -> 60.6 | L8: =J8-K8 -> 40.4 | M8: 93550 | O8: 6 | P8: 109980 | Q8: 10.9 | R8: 4.88 | S8: =(Q8+R8)*3.412 -> 53.84136 | T8: =S8*1.25 -> 67.3017 | U8: =S8*0.75 -> 40.38102 | V8: =T8-U8 -> 26.92068
B9: 7 | I9: 76.7 | J9: =I9*1.25 -> 95.875 | K9: =I9*0.75 -> 57.525 | L9: =J9-K9 -> 38.35 | M9: 92101 | O9: 7 | P9: 76710 | Q9: 14.8 | R9: 9.36 | S9: =(Q9+R9)*3.412 -> 82.43392 | T9: =S9*1.25 -> 103.0424 | U9: =S9*0.75 -> 61.82544 | V9: =T9-U9 -> 41.21696
B10: 8 | I10: 77.6 | J10: =I10*1.25 -> 97 | K10: =I10*0.75 -> 58.2 | L10: =J10-K10 -> 38.8 | M10: 92831 | O10: 8 | P10: 177013 | Q10: 10.4 | R10: 4.24 | S10: =(Q10+R10)*3.412 -> 49.95168 | T10: =S10*1.25 -> 62.4396 | U10: =S10*0.75 -> 37.46376 | V10: =T10-U10 -> 24.97584
B11: 9 | I11: 77.7 | J11: =I11*1.25 -> 97.125 | K11: =I11*0.75 -> 58.275 | L11: =J11-K11 -> 38.85 | M11: 91505 | O11: 9 | P11: 240000 | Q11: 10.9 | R11: 4.38 | S11: =(Q11+R11)*3.412 -> 52.13536 | T11: =S11*1.25 -> 65.1692 | U11: =S11*0.75 -> 39.10152 | V11: =T11-U11 -> 26.06768
B12: 10 | I12: 78.1 | J12: =I12*1.25 -> 97.625 | K12: =I12*0.75 -> 58.575 | L12: =J12-K12 -> 39.05 | M12: 92501 | O12: 10 | P12: 65927 | Q12: 11.9 | R12: 7.21 | S12: =(Q12+R12)*3.412 -> 65.20332 | T12: =S12*1.25 -> 81.50415 | U12: =S12*0.75 -> 48.90249 | V12: =T12-U12 -> 32.60166
B13: 11 | I13: 80.3 | J13: =I13*1.25 -> 100.375 | K13: =I13*0.75 -> 60.225 | L13: =J13-K13 -> 40.15 | M13: 96080 | O13: 11 | P13: 18413 | Q13: 11.4 | R13: 4.29 | S13: =(Q13+R13)*3.412 -> 53.53428 | T13: =S13*1.25 -> 66.91785 | U13: =S13*0.75 -> 40.15071 | V13: =T13-U13 -> 26.76714
B14: 12 | I14: 79.6 | J14: =I14*1.25 -> 99.5 | K14: =I14*0.75 -> 59.7 | L14: =J14-K14 -> 39.8 | M14: 95814 | O14: 12 | P14: 171620 | Q14: 14.4 | R14: 6.12 | S14: =(Q14+R14)*3.412 -> 70.01424 | T14: =S14*1.25 -> 87.5178 | U14: =S14*0.75 -> 52.51068 | V14: =T14-U14 -> 35.00712
B15: 13 | I15: 80 | J15: =I15*1.25 -> 100 | K15: =I15*0.75 -> 60 | L15: =J15-K15 -> 40 | M15: 93721 | O15: 13 | P15: 19959 | Q15: 15.9 | R15: 3.71 | S15: =(Q15+R15)*3.412 -> 66.90932 | T15: =S15*1.25 -> 83.63665 | U15: =S15*0.75 -> 50.18199 | V15: =T15-U15 -> 33.45466
... B18: 16 | I18: 82.3 | J18: =I18*1.25 -> 102.875 | K18: =I18*0.75 -> 61.725 | L18: =J18-K18 -> 41.15 | M18: 95715 | O18: 16 | P18: 39406 | Q18: 11.6 | R18: 4.42 | S18: =(Q18+R18)*3.412 -> 54.66024 | T18: =S18*1.25 -> 68.3253 | U18: =S18*0.75 -> 40.99518 | V18: =T18-U18 -> 27.33012
N20: Ref: CEUS 2022 Report
N21: And by applying FZ-CZ multipliers for converting FZ data to CZ data
N25: Background Data [To be deleted prior to publication]

Sheet Weights
A1: ="% of floor area per CZ and vintage bin - "&Prototype!A2 -> % of floor area per CZ and vintage bin - OfficeLarge | J1: ="% of Floor Area per CZ and Vintage Bin - "&Prototype!A2 -> % of Floor Area per CZ and Vintage Bin - OfficeLarge
A2: Prototype | B2: CZ | C2: Vintage Bin | J2: Prototype | K2: Vintage Bin | L2: CZ
C3: Pre-1978 | D3: 1978-1997 | E3: 1998-2007 | F3: 2008-2018 | L3: 1 | M3: 2 | N3: 3 | O3: 4 | P3: 5 | Q3: 6 | R3: 7 | S3: 8 | T3: 9 | U3: 10 | V3: 11 | W3: 12 | X3: 13 | Y3: 14 | Z3: 15 | AA3: 16
A4: OfficeLarge | B4: 1 | C4: 0.6253806 | D4: 0.2501743 | E4: 0.0862747 | F4: 0.0381704 | H4: =SUM(C4:F4) -> 1 | J4: OfficeLarge | K4: Pre-1978 | L4: 0.006498 | M4: 0.012017 | N4: 0.191825 | O4: 0.109799 | P4: 0.001407 | Q4: 0.075394 | R4: 0.02549 | S4: 0.131783 | T4: 0.191994 | U4: 0.022401 | V4: 0.019499 | W4: 0.134325 | X4: 0.029794 | Y4: 0.008729 | Z4: 0.015302 | AA4: 0.023744 | AB4: =SUM(L4:AA4) -> 1.000001
B5: 2 | C5: 0.4916168 | D5: 0.364283 | E5: 0.143936 | F5: 0.0001642 | H5: =SUM(C5:F5) -> 1 | K5: 1978-1997 | L5: 0.002479 | M5: 0.008493 | N5: 0.162243 | O5: 0.090839 | P5: 0.005373 | Q5: 0.08723 | R5: 0.077756 | S5: 0.148043 | T5: 0.193939 | U5: 0.05452 | V5: 0.006412 | W5: 0.106831 | X5: 0.005403 | Y5: 0.016467 | Z5: 0.008097 | AA5: 0.025876 | AB5: =SUM(L5:AA5) -> 1.000001
B6: 3 | C6: 0.4012332 | D6: 0.355821 | E6: 0.1607827 | F6: 0.0821631 | H6: =SUM(C6:F6) -> 1 | K6: 1998-2007 | L6: 0.002092 | M6: 0.008213 | N6: 0.179424 | O6: 0.102217 | P6: 0.000627 | Q6: 0.082298 | R6: 0.077069 | S6: 0.099135 | T6: 0.107735 | U6: 0.085305 | V6: 0.014224 | W6: 0.138151 | X6: 0.004026 | Y6: 0.020597 | Z6: 0.029904 | AA6: 0.048983 | AB6: =SUM(L6:AA6) -> 1
B7: 4 | C7: 0.4047685 | D7: 0.3511203 | E7: 0.1614355 | F7: 0.0826758 | H7: =SUM(C7:F7) -> 1.0000001 | K7: 2008-2018 | L7: 0.001915 | M7: 1.9e-05 | N7: 0.189718 | O7: 0.108316 | P7: 0.001127 | Q7: 0.070703 | R7: 0.051622 | S7: 0.093945 | T7: 0.152701 | U7: 0.065831 | V7: 0.017767 | W7: 0.152414 | X7: 0.010439 | Y7: 0.012078 | Z7: 0.043401 | AA7: 0.028004 | AB7: =SUM(L7:AA7) -> 1
B8: 5 | C8: 0.1865833 | D8: 0.7468386 | E8: 0.0356395 | F8: 0.0309385 | H8: =SUM(C8:F8) -> 0.9999999
B9: 6 | C9: 0.3478338 | D9: 0.4219643 | E9: 0.1626639 | F9: 0.067538 | H9: =SUM(C9:F9) -> 1 | K9: Total | L9: 0.003871 | M9: 0.009108 | N9: 0.178127 | O9: 0.101068 | P9: 0.00281 | Q9: 0.080758 | R9: 0.056157 | S9: 0.130005 | T9: 0.176273 | U9: 0.04834 | V9: 0.013411 | W9: 0.12559 | X9: 0.014659 | Y9: 0.013904 | Z9: 0.016986 | AA9: 0.028934 | AB9: =SUM(L9:AA9) -> 1.000001
B10: 7 | C10: 0.1691168 | D10: 0.5409087 | E10: 0.2190606 | F10: 0.0709139 | H10: =SUM(C10:F10) -> 1
B11: 8 | C11: 0.3776783 | D11: 0.4448585 | E11: 0.1217174 | F11: 0.0557458 | H11: =SUM(C11:F11) -> 1
B12: 9 | C12: 0.4058099 | D12: 0.4298064 | E12: 0.0975566 | F12: 0.0668271 | H12: =SUM(C12:F12) -> 1
B13: 10 | C13: 0.1726604 | D13: 0.4405993 | E13: 0.2816835 | F13: 0.1050569 | H13: =SUM(C13:F13) -> 1.0000001
B14: 11 | C14: 0.5417228 | D14: 0.1867771 | E14: 0.169302 | F14: 0.1021981 | H14: =SUM(C14:F14) -> 1 | J14: Floor area distribution of CA office buildings (CEUS 2022)
B15: 12 | C15: 0.3984932 | D15: 0.3323036 | E15: 0.1755837 | F15: 0.0936195 | H15: =SUM(C15:F15) -> 1 | J15: Office, Small | K15: Office, Medium | L15: Office, Large
B16: 13 | C16: 0.7572421 | D16: 0.1439877 | E16: 0.0438335 | F16: 0.0549367 | H16: =SUM(C16:F16) -> 1 | J16: 0.35389988 | K16: 0.2943253 | L16: 0.35177481
B17: 14 | C17: 0.2338935 | D17: 0.462649 | E17: 0.2364483 | F17: 0.0670092 | H17: =SUM(C17:F17) -> 1
B18: 15 | C18: 0.3356462 | D18: 0.1862212 | E18: 0.2810201 | F18: 0.1971125 | H18: =SUM(C18:F18) -> 1
B19: 16 | C19: 0.3057458 | D19: 0.3493712 | E19: 0.2702204 | F19: 0.0746626 | H19: =SUM(C19:F19) -> 1
B20: Statewide | C20: 0.3725814 | D20: 0.3906556 | E20: 0.1596199 | F20: 0.0771431 | H20: =SUM(C20:F20) -> 1
A22: Ref: CEUS 2022 dataset: Large Office group
A29: Background Data [To be deleted prior to publication]

Sheet PV
A1: ="PV - "&Prototype!A2 -> PV - OfficeLarge

Sheet EV Charger
A1: ="EV Charger - "&Prototype!A2 -> EV Charger - OfficeLarge
A11: Background Data [To be deleted prior to publication]

Sheet Data
A1: Space Function | B1: Electric Equipment Load Intensity | C1: Electric Equipment Load Intensity | D1: LPD
A2: Aging Eye/Low-vision (Corridor Area) | D2: 2013 | E2: 2016 | F2: 2019 | G2: 2025
A3: Aging Eye/Low-vision (Dining)
A4: Aging Eye/Low-vision (Lobby, Main Entry)
A5: Aging Eye/Low-vision (Lounge/Waiting Area)
A6: Aging Eye/Low-vision (Multipurpose Room)
A7: Aging Eye/Low-vision (Religious Worship Area)
A8: Aging Eye/Low-vision (Restroom)
A9: Aging Eye/Low-vision (Stairwell)
A10: Audience Seating Area
A11: Auditorium Area
A12: Auto Repair / Maintenance Area
A13: Barber, Beauty Salon, Spa Area
A14: Civic Meeting Place Area
... A83: Server Room (EPD 45)
