Workbook
Name nonparticipating_forecastzone_scale_factor: #REF!
Name nonparticipating_forecastzone_scale_factor: 'Energy Usage'!#REF!
Name Space_Function: Data!$A$2:$A$76

Sheet Notes
A1: Data Sources
A2: Dataset | B2: Dodge 2023
B3: Commercial End-Use Survey (CEUS) 2022 | C3: https://www.energy.ca.gov/publications/2023/2022-california-commercial-end-use-survey-ceus-final-report
B4: Commercial Buildings Energy Consumption Survey (CBECS) 2018 | C4: https://www.eia.gov/consumption/commercial/data/2018/index.php
B5: ComStock 2023 | C5: https://www.nrel.gov/buildings/comstock
A7: Prototype | B7: Pacific Northwest National Laboratory (PNNL) Outpatient prototype (90.1-2022) | C7: https://www.energycodes.gov/prototype-building-models#Commercial
A9: Codes | B9: Title 24, part 6, referred to as T24 (1984, 1992,1998, 2001, 2005, 2008, 2013, 2016,2019, 2022, 2025) | C9: https://www.energy.ca.gov/publications/2025/2025-building-energy-efficiency-standards-residential-and-nonresidential | D9: 2025
C10: https://codes.iccsafe.org/codes/united-states/california | D10: 2010+
B11: American Society of Heating, Refrigerating and Air-Conditioning Engineers (ASHRAE) 90.1 (2022) | C11: https://www.ashrae.org/technical-resources/standards-and-guidelines/read-only-versions-of-ashrae-standards
B12: Code of Federal Regulations (CFR) Title 10 (2008, 2010) | C12: https://www.govinfo.gov/content/pkg/FR-2009-03-23/pdf/FR-2009-03-23.pdf
B13: ASHRAE 170/OSHPD | C13: https://www.ashrae.org/technical-resources/bookstore/health-care-facilities-resources
B14: 2022 California Mechanical Code (Title 24, Part 4) | C14: https://up.codes/viewer/california/ca-mechanical-code-2022
B15: Facility Guidelines Institute Codes (FGI) 2022 Guidelines for Design and Construction of Outpatient Facilities | C15: https://onesource.fgicodes.org/products/2022-guidelines-for-design-and-construction-of-outpatient-facilities
A16: Other | B16: Alternative Calculation Method (ACM) (2022) | C16: https://www.energy.ca.gov/publications/2022/2022-nonresidential-and-multifamily-alternative-calculation-method-reference
B17: Nonres ACM 2022, Appendix 5.4A and Appendix 5.4B | C17: https://www.energy.ca.gov/publications/2022/2022-nonresidential-and-multifamily-alternative-calculation-method-reference
B18: 2022 Reduced infiltration CASE report | C18: https://title24stakeholders.com/wp-content/uploads/2020/10/2022-T24-Final-CASE-Report_Reduce-Infiltration.pdf
B19: 2019 Outdoor Lighting CASE Report | C19: https://title24stakeholders.com/wp-content/uploads/2016/10/T24-2019-CASE-Study-Results-Report-Outdoor-Sources_Final_with-Attachments.pdf
B20: PNNL 20405, 2011 | C20: https://www.pnnl.gov/main/publications/external/technical_reports/PNNL-20405.pdf
B21: PNNL-26949 | C21: https://www.pnnl.gov/main/publications/external/technical_reports/PNNL-26949.pdf
B22: Air leakage Memo, NORESCO, 2025 | C22: https://2050partners.sharepoint.com/:w:/r/sites/CalBEMCollaborativeEfforts/_layouts/15/Doc.aspx?sourcedoc=%7B3BEF8F74-7FAC-44F2-A70C-D76617660066%7D&file=Infiltration_rate_report_14May2025-Short-Version.docx&wdLOR=c494C5A60-5F8A-438B-874B-578DCB850072&action=default&mobileredirect=true
B23: 2019 High Efficiency Fume Hoods in Laboratory Spaces CASE Report | C23: https://title24stakeholders.com/wp-content/uploads/2017/09/2019-T24-CASE-Report_Fume-Hoods_Final_September-2017.pdf?
B24: Targeting 100! Envisioning the High Performance Hospital: Implications for a New, Low Energy, High Performance Prototype | C24: https://idl.be.uw.edu/wp-content/uploads/sites/32/2017/08/Targeting100_FullReport_063010.pdf
B25: ASHRAE's Advanced Energy Design Guide for Large Hospitals-50% (AEDG) | C25: https://www.ashrae.org/technical-resources/aedgs/50-percent-aedg-free-download
B26: American Hospital Association (AHA) Statistics data for Hospital | C26: https://www.ahadata.com/aha-hospital-statistics
B27: AEDG TSD: Bonnema, E., Doebber, I., Pless, S., Torcellini, P. (2010). NREL/TP-550-46314. | C27: https://docs.nlr.gov/docs/fy10osti/46314.pdf
B28: Yousefi, F., Athalye, R., (2025), "Determining Vintage Bins for Prototype Development: An Analysis of California Commercial Buildings," ASHRAE Annual Conference | C28: https://www.thefreelibrary.com/Determining+Vintage+Bins+for+Prototype+Development%3a+An+Analysis+of...-a0879271125
... B31: Grainger electric tank water heaters | C31: https://www.grainger.com/category/plumbing/water-heaters/electric-tank-water-heaters
A36: Construction Rate
A47: * the general healthcare trends which apply to the broader Healthcare category, not outpatient.
A49: Notes
A50: Outpatient | B50: An outpatient healthcare facility (also called an ambulatory care facility, outpatient clinic, or clinic) provides diagnostic, treatment, or surgical services to patients who go home the same day. There is no overnight inpatient stay. The building may be freestanding or attached to a hospital. It typically operates about 8–10 hours per day, not 24/7. FGI Guidelines for Design and Construction of Outpatient Facilities (2022), Part 2, splits this building family by program (surgery, imaging, urgent care, primary care, and others). Those programs do not share the same layout or HVAC, so they are not all represented by one energy model. This CalBEM prototype is a ~41,000 ft², three-story outpatient surgical/diagnostic building (PNNL/NREL geometry). Floor 1 is surgery and recovery; floors 2–3 are exam, office, and physical therapy. It represents FGI 2.7 Outpatient Surgery, with 2.3 Imaging, 2.2 General and Specialty Medical Services, and 2.12 Rehabilitation Therapy as they appear on that floor plan. HVAC follows healthcare ventilation (ASHRAE 170 / FGI / CMC Table 4-A) for procedure, imaging, and operating rooms. This prototype is not: a hospital (overnight / 24-hour inpatient care; CBECS inpatient mean 264,800 ft²); a medical office without diagnostic equipment (Office prototype); a typical small diagnostic medical office (CBECS mean 9,900 ft²); an urgent care, only, birth center, infusion, freestanding ED, endoscopy-only, dialysis, behavioral health, mobile unit, or dental facility (FGI 2.4–2.6, 2.8–2.11, 2.13–2.14). Those types would need a different layout and model.
A51: EIA, 2018 CBECS | B51: On average, hospitals were 264,800 square feet per building, but outpatient health care buildings averaged 13,700 square feet.
A52: Source | B52: https://www.eia.gov/consumption/commercial/

Sheet Prototype
A1: NORESCO, Updated September 2026
A2: Outpatient
A3: Characteristic | B3: Value | C3: Data Sources
A4: Building Type | B4: Outpatient
A5: Building Category | B5: Nonresidential
A6: Version | B6: v2-0
A7: Vintages | B7: 4 Vintages: Pre-1978 , 1978-1997 ,1998-2007 , 2008-2018 New Construction (2019+) | C7: Based on the vintage bin analysis. A summary of the findings is presented in the following paper, with a link provided in the Notes tab: Yousefi, F., Athalye, R. (2025). “Determining Vintage Bins for Prototype Development: An Analysis of California Commercial Buildings.” ASHRAE Annual Conference.
A8: Shape | C8: The analysis uses prototype geometry originally developed by PNNL.
A9: Total Floor Area (ft²) | B9: 40950 | C9: Assumption; based on AEDG TSD (Table ES-1 / Table 4-2 (41,000 ft²); Appendix D (40,946 ft²). Rounded.)
A10: Aspect Ratio | B10: n/a | C10: Assumption; based on AEDG TSD §4.2, Figures 4-5–4-7 (non-rectangular plates)
A11: Number of Floors | B11: 3 | C11: Assumption; based on AEDG TSD (Table ES-1 / Table 4-2
A12: Roof type | B12: Flat roof | C12: Assumption; based on AEDG TSD (Table ES-1 / Table 4-2 (insulation entirely above deck); §5.3
A13: WWR | B13: North: 20.5%, East:19.1%, South: 24.1%, West: 12.9% Average Total: 20% | C13: Assumption; based on AEDG TSD (Average: Table 4-2 / Table 5-1. By façade: Appendix D)
A14: Shading Geometry | B14: Fixed entrance canopy (12 ft) | C14: Assumption; based on review feedback
A15: Floor to floor height (feet) | B15: 10 ft | C15: Assumption; based on AEDG Table TSD (5-1 ceiling 10 ft; no plenums, §5.2.1)
A16: Floor to ceiling height (feet) | B16: 10 ft | C16: Assumption; based on AEDG Table TSD (5-1 ceiling 10 ft; no plenums, §5.2.1)
A17: Glazing sill height (feet) | B17: 3 ft (4 ft high windows) | C17: Typical window sill height-PNNL
A21: Above grade wall area (ft²) | B21: 16716.353
A22: Gross wall area (ft²) | B22: 16716.353
A23: Roof area (ft²) | B23: 14778.849
A24: Underground Gross Wall Area (ft²) | B24: 0

Sheet Zones
A1: ="Proposed Layout - "&Prototype!A2 -> Proposed Layout - Outpatient
A2: Building | B2: Space/ Thermal Zone | C2: Space Type Primarily from [T24, 2022 Appendix 5.4A] - See Notes column | D2: HVAC System Name | E2: Schedule Category | F2: Conditioned (Y/N) | G2: Area Fraction | H2: Area (ft²) | I2: Volume (ft³) | J2: Multipliers | K2: Number of People | L2: People (Persons/1,000 ft²) [T24, 2025,Table 120.1-A and NACM Appendix 5.4A] | M2: Notes
A3: Outpatient | B3: Floor 1 Anesthesia | C3: Healthcare Facility and Hospitals (Exam/Treatment Room) | D3: AHU-4 | E3: Health | F3: Yes | G3: =H3/$H$121 -> 0.0026376203 | H3: 108 | I3: 1080 | J3: 1 | K3: =ROUND(L3*H3/1000,0) -> 1 | L3: 5
A4: Outpatient | B4: Floor 1 Bio Haz | C4: Healthcare Facility and Hospitals (Medical Supply Room) | D4: AHU-1 | E4: Health | F4: Yes | G4: =H4/$H$121 -> 0.001367655 | H4: 56 | I4: 560 | J4: 1 | K4: =ROUND(L4*H4/1000,0) -> 0 | L4: 5
A5: Outpatient | B5: Floor 1 Café | C5: Dining Area (Cafeteria/Fast Food) | D5: AHU-1 | E5: Health | F5: Yes | G5: =H5/$H$121 -> 0.010257412 | H5: 420 | I5: 4200 | J5: 1 | K5: =ROUND(L5*H5/1000,0) -> 14 | L5: 33
A6: Outpatient | B6: Floor 1 Clean | C6: Healthcare Facility and Hospitals (Medical Supply Room) | D6: AHU-4 | E6: Health | F6: Yes | G6: =H6/$H$121 -> 0.0030772237 | H6: 126 | I6: 1260 | J6: 1 | K6: =ROUND(L6*H6/1000,0) -> 1 | L6: 5
A7: Outpatient | B7: Floor 1 Clean Work | C7: Healthcare Facility and Hospitals (Medical Supply Room) | D7: AHU-4 | E7: Health | F7: Yes | G7: =H7/$H$121 -> 0.0040296977 | H7: 165 | I7: 1650 | J7: 1 | K7: =ROUND(L7*H7/1000,0) -> 1 | L7: 5
A8: Outpatient | B8: Floor 1 Dictation | C8: Office Area (<250 square feet) | D8: AHU-1 | E8: Office | F8: Yes | G8: =H8/$H$121 -> 0.0030772237 | H8: 126 | I8: 1260 | J8: 1 | K8: =L8*H8/1000 -> 0.63 | L8: 5
A9: Outpatient | B9: Floor 1 Dressing Room | C9: Office Area (<250 square feet) | D9: AHU-1 | E9: Office | F9: Yes | G9: =H9/$H$121 -> 0.0010990085 | H9: 45 | I9: 450 | J9: 1 | K9: =L9*H9/1000 -> 0.225 | L9: 5
A10: Outpatient | B10: Floor 1 Electrical Room | C10: Electrical, Mechanical, Telephone Rooms | D10: AHU-1 | E10: Ancillary | F10: Yes | G10: =H10/$H$121 -> 0.0023933962 | H10: 98 | I10: 980 | J10: 1 | K10: =ROUND(L10*H10/1000,0) -> 0 | L10: 1.5
A11: Outpatient | B11: Floor 1 Elevator Pump Room | C11: Electrical, Mechanical, Telephone Rooms | D11: AHU-1 | E11: Ancillary | F11: Yes | G11: =H11/$H$121 -> 0.0022224393 | H11: 91 | I11: 910 | J11: 1 | K11: =ROUND(L11*H11/1000,0) -> 0 | L11: 1.5
A12: Outpatient | B12: Floor 1 Humid | C12: Office Area (<250 square feet) | D12: AHU-1 | E12: Office | F12: Yes | G12: =H12/$H$121 -> 0.0013188101 | H12: 54 | I12: 540 | J12: 1 | K12: =L12*H12/1000 -> 0.27 | L12: 5
A13: Outpatient | B13: Floor 1 IT Hall | C13: Corridor Area | D13: AHU-1 | E13: Health | F13: Yes | G13: =H13/$H$121 -> 0.0034191374 | H13: 140 | I13: 1400 | J13: 1 | K13: =ROUND(L13*H13/1000,0) -> 1 | L13: 5
A14: Outpatient | B14: Floor 1 IT Room | C14: Office Area (<250 square feet) | D14: AHU-1 | E14: Office | F14: Yes | G14: =H14/$H$121 -> 0.0027353099 | H14: 112 | I14: 1120 | J14: 1 | K14: =L14*H14/1000 -> 0.56 | L14: 5
A15: Outpatient | B15: Floor 1 Lobby | C15: Lobby, Main Entry | D15: AHU-1 | E15: Health | F15: Yes | G15: =H15/$H$121 -> 0.015190739 | H15: 622 | I15: 6220 | J15: 1 | K15: =ROUND(L15*H15/1000,0) -> 21 | L15: 33
A16: Outpatient | B16: Floor 1 Lobby Hall | C16: Corridor Area | D16: AHU-1 | E16: Health | F16: Yes | G16: =H16/$H$121 -> 0.0058613784 | H16: 240 | I16: 2400 | J16: 1 | K16: =ROUND(L16*H16/1000,0) -> 1 | L16: 5
A17: Outpatient | B17: Floor 1 Lobby Toilet | C17: Restrooms | E17: Health | F17: Yes | G17: =H17/$H$121 -> 0.0013188101 | H17: 54 | I17: 540 | J17: 1 | K17: =ROUND(L17*H17/1000,0) -> 0 | L17: 5 | M17: Indirectly conditioned
A18: Outpatient | B18: Floor 1 Locker Room | C18: Locker Room | D18: AHU-1 | E18: Health | F18: Yes | G18: =H18/$H$121 -> 0.016118791 | H18: 660 | I18: 6600 | J18: 1 | K18: =ROUND(L18*H18/1000,0) -> 7 | L18: 10
A19: Outpatient | B19: Floor 1 Locker Room Hall | C19: Corridor Area | D19: AHU-1 | E19: Health | F19: Yes | G19: =H19/$H$121 -> 0.012113515 | H19: 496 | I19: 4960 | J19: 1 | K19: =ROUND(L19*H19/1000,0) -> 2 | L19: 5
A20: Outpatient | B20: Floor 1 Lounge | C20: Lounge, Breakroom, or Waiting Area | D20: AHU-1 | E20: Health | F20: Yes | G20: =H20/$H$121 -> 0.0087920676 | H20: 360 | I20: 3600 | J20: 1 | K20: =ROUND(L20*H20/1000,0) -> 12 | L20: 33
A21: Outpatient | B21: Floor 1 Med Gas | C21: Healthcare Facility and Hospitals (Medical Supply Room) | D21: AHU-1 | E21: Health | F21: Yes | G21: =H21/$H$121 -> 0.001367655 | H21: 56 | I21: 560 | J21: 1 | K21: =ROUND(L21*H21/1000,0) -> 0 | L21: 5
A22: Outpatient | B22: Floor 1 MRI Control Room | C22: Healthcare Facility and Hospitals (Imaging Room) | D22: AHU-1 | E22: Health | F22: Yes | G22: =H22/$H$121 -> 0.0041029649 | H22: 168 | I22: 1680 | J22: 1 | K22: =ROUND(L22*H22/1000,0) -> 1 | L22: 5
A23: Outpatient | B23: Floor 1 MRI Hall | C23: Corridor Area | D23: AHU-1 | E23: Health | F23: Yes | G23: =H23/$H$121 -> 0.0035900943 | H23: 147 | I23: 1470 | J23: 1 | K23: =ROUND(L23*H23/1000,0) -> 1 | L23: 5
A24: Outpatient | B24: Floor 1 MRI Room | C24: Healthcare Facility and Hospitals (Imaging Room) | D24: AHU-1 | E24: Health | F24: Yes | G24: =H24/$H$121 -> 0.01074586 | H24: 440 | I24: 4400 | J24: 1 | K24: =ROUND(L24*H24/1000,0) -> 2 | L24: 5
A25: Outpatient | B25: Floor 1 MRI Toilet | C25: Restrooms | E25: Health | F25: Yes | G25: =H25/$H$121 -> 0.0013188101 | H25: 54 | I25: 540 | J25: 1 | K25: =ROUND(L25*H25/1000,0) -> 0 | L25: 5 | M25: Indirectly conditioned
A26: Outpatient | B26: Floor 1 Nourishment | C26: Kitchen/Food Preparation Area | D26: AHU-1 | E26: Health | F26: Yes | G26: =H26/$H$121 -> 0.0044448786 | H26: 182 | I26: 1820 | J26: 1 | K26: =ROUND(L26*H26/1000,0) -> 1 | L26: 3
A27: Outpatient | B27: Floor 1 Nurse Hall | C27: Corridor Area | D27: AHU-1 | E27: Health | F27: Yes | G27: =H27/$H$121 -> 0.012113515 | H27: 496 | I27: 4960 | J27: 1 | K27: =ROUND(L27*H27/1000,0) -> 2 | L27: 5
A28: Outpatient | B28: Floor 1 Nurse Janitor | C28: Storage (General) | D28: AHU-1 | E28: Health | F28: Yes | G28: =H28/$H$121 -> 0.0013188101 | H28: 54 | I28: 540 | J28: 1 | K28: =ROUND(L28*H28/1000,0) -> 0 | L28: 2
A29: Outpatient | B29: Floor 1 Nurse Station | C29: Healthcare Facility and Hospitals (Nurse's Station) | D29: AHU-1 | E29: Health | F29: Yes | G29: =H29/$H$121 -> 0.006374249 | H29: 261 | I29: 2610 | J29: 1 | K29: =ROUND(L29*H29/1000,0) -> 1 | L29: 5
A30: Outpatient | B30: Floor 1 Nurse Toilet | C30: Restrooms | E30: Health | F30: Yes | G30: =H30/$H$121 -> 0.0013188101 | H30: 54 | I30: 540 | J30: 1 | K30: =ROUND(L30*H30/1000,0) -> 0 | L30: 5 | M30: Indirectly conditioned
A31: Outpatient | B31: Floor 1 Office | C31: Office Area (>250 square feet) | D31: AHU-1 | E31: Office | F31: Yes | G31: =H31/$H$121 -> 0.011796024 | H31: 483 | I31: 4830 | J31: 1 | K31: =L31*H31/1000 -> 2.415 | L31: 5
A32: Outpatient | B32: Floor 1 Operating Room 1 | C32: Healthcare Facility and Hospitals (Operating Room) | D32: AHU-4 | E32: Health | F32: Yes | G32: =H32/$H$121 -> 0.011234309 | H32: 460 | I32: 4600 | J32: 1 | K32: =ROUND(L32*H32/1000,0) -> 2 | L32: 5
A33: Outpatient | B33: Floor 1 Operating Room 2 | C33: Healthcare Facility and Hospitals (Operating Room) | D33: AHU-4 | E33: Health | F33: Yes | G33: =H33/$H$121 -> 0.011722757 | H33: 480 | I33: 4800 | J33: 1 | K33: =ROUND(L33*H33/1000,0) -> 2 | L33: 5
A34: Outpatient | B34: Floor 1 Operating Room 3 | C34: Healthcare Facility and Hospitals (Operating Room) | D34: AHU-4 | E34: Health | F34: Yes | G34: =H34/$H$121 -> 0.011625067 | H34: 476 | I34: 4760 | J34: 1 | K34: =ROUND(L34*H34/1000,0) -> 2 | L34: 5
A35: Outpatient | B35: Floor 1 PACU | C35: Healthcare Facility and Hospitals (Recovery Room) | D35: AHU-4 | E35: Health | F35: Yes | G35: =H35/$H$121 -> 0.0026376203 | H35: 108 | I35: 1080 | J35: 1 | K35: =ROUND(L35*H35/1000,0) -> 1 | L35: 5
A36: Outpatient | B36: Floor 1 Pre-Op Hall | C36: Corridor Area | D36: AHU-4 | E36: Health | F36: Yes | G36: =H36/$H$121 -> 0.012895032 | H36: 528 | I36: 5280 | J36: 1 | K36: =ROUND(L36*H36/1000,0) -> 3 | L36: 5
A37: Outpatient | B37: Floor 1 Pre-Op Room 1 | C37: Healthcare Facility and Hospitals (Patient Room) | D37: AHU-4 | E37: Health | F37: Yes | G37: =H37/$H$121 -> 0.0046158355 | H37: 189 | I37: 1890 | J37: 1 | K37: =ROUND(L37*H37/1000,0) -> 1 | L37: 5
A38: Outpatient | B38: Floor 1 Pre-Op Room 2 | C38: Healthcare Facility and Hospitals (Patient Room) | D38: AHU-4 | E38: Health | F38: Yes | G38: =H38/$H$121 -> 0.0082547746 | H38: 338 | I38: 3380 | J38: 1 | K38: =ROUND(L38*H38/1000,0) -> 2 | L38: 5
A39: Outpatient | B39: Floor 1 Pre-Op Toilet | C39: Restrooms | E39: Health | F39: Yes | G39: =H39/$H$121 -> 0.0013188101 | H39: 54 | I39: 540 | J39: 1 | K39: =ROUND(L39*H39/1000,0) -> 0 | L39: 5 | M39: Indirectly conditioned
A40: Outpatient | B40: Floor 1 Procedure Room | C40: Healthcare Facility and Hospitals (Exam/Treatment Room) | D40: AHU-4 | E40: Health | F40: Yes | G40: =H40/$H$121 -> 0.0069603869 | H40: 285 | I40: 2850 | J40: 1 | K40: =ROUND(L40*H40/1000,0) -> 1 | L40: 5
A41: Outpatient | B41: Floor 1 Reception | C41: Reception area | D41: AHU-1 | E41: Office | F41: Yes | G41: =H41/$H$121 -> 0.012431007 | H41: 509 | I41: 5090 | J41: 1 | K41: =L41*H41/1000 -> 2.545 | L41: 5
A42: Outpatient | B42: Floor 1 Reception Hall | C42: Corridor Area | D42: AHU-1 | E42: Health | F42: Yes | G42: =H42/$H$121 -> 0.0031260685 | H42: 128 | I42: 1280 | J42: 1 | K42: =ROUND(L42*H42/1000,0) -> 1 | L42: 5
A43: Outpatient | B43: Floor 1 Recovery Room | C43: Healthcare Facility and Hospitals (Recovery Room) | D43: AHU-4 | E43: Health | F43: Yes | G43: =H43/$H$121 -> 0.013188101 | H43: 540 | I43: 5400 | J43: 1 | K43: =ROUND(L43*H43/1000,0) -> 3 | L43: 5
A44: Outpatient | B44: Floor 1 Scheduling | C44: Office Area (<250 square feet) | D44: AHU-1 | E44: Office | F44: Yes | G44: =H44/$H$121 -> 0.0029062668 | H44: 119 | I44: 1190 | J44: 1 | K44: =L44*H44/1000 -> 0.595 | L44: 5
A45: Outpatient | B45: Floor 1 Scrub | C45: Corridor Area | D45: AHU-4 | E45: Health | F45: Yes | G45: =H45/$H$121 -> 0.0020514824 | H45: 84 | I45: 840 | J45: 1 | K45: =ROUND(L45*H45/1000,0) -> 0 | L45: 5
A46: Outpatient | B46: Floor 1 Soil | C46: Healthcare Facility and Hospitals (Medical Supply Room) | D46: AHU-1 | E46: Health | F46: Yes | G46: =H46/$H$121 -> 0.0030772237 | H46: 126 | I46: 1260 | J46: 1 | K46: =ROUND(L46*H46/1000,0) -> 1 | L46: 5
A47: Outpatient | B47: Floor 1 Soil Hold | C47: Healthcare Facility and Hospitals (Medical Supply Room) | D47: AHU-1 | E47: Health | F47: Yes | G47: =H47/$H$121 -> 0.001367655 | H47: 56 | I47: 560 | J47: 1 | K47: =ROUND(L47*H47/1000,0) -> 0 | L47: 5
A48: Outpatient | B48: Floor 1 Soil Work | C48: Healthcare Facility and Hospitals (Medical Supply Room) | D48: AHU-1 | E48: Health | F48: Yes | G48: =H48/$H$121 -> 0.0043960338 | H48: 180 | I48: 1800 | J48: 1 | K48: =ROUND(L48*H48/1000,0) -> 1 | L48: 5
A49: Outpatient | B49: Floor 1 Step Down | C49: Healthcare Facility and Hospitals (Recovery Room) | D49: AHU-4 | E49: Health | F49: Yes | G49: =H49/$H$121 -> 0.007326723 | H49: 300 | I49: 3000 | J49: 1 | K49: =ROUND(L49*H49/1000,0) -> 2 | L49: 5
A50: Outpatient | B50: Floor 1 Sterile Hall | C50: Corridor Area | D50: AHU-4 | E50: Health | F50: Yes | G50: =H50/$H$121 -> 0.015044205 | H50: 616 | I50: 6160 | J50: 1 | K50: =ROUND(L50*H50/1000,0) -> 3 | L50: 5
A51: Outpatient | B51: Floor 1 Sterile Storage | C51: Storage (General) | D51: AHU-4 | E51: Health | F51: Yes | G51: =H51/$H$121 -> 0.0096712744 | H51: 396 | I51: 3960 | J51: 1 | K51: =ROUND(L51*H51/1000,0) -> 1 | L51: 2
A52: Outpatient | B52: Floor 1 Storage | C52: Storage (General) | D52: AHU-1 | E52: Health | F52: Yes | G52: =H52/$H$121 -> 0.022468617 | H52: 920 | I52: 9200 | J52: 1 | K52: =ROUND(L52*H52/1000,0) -> 2 | L52: 2
A53: Outpatient | B53: Floor 1 Sub-Sterile | C53: Corridor Area | D53: AHU-4 | E53: Health | F53: Yes | G53: =H53/$H$121 -> 0.0047867924 | H53: 196 | I53: 1960 | J53: 1 | K53: =ROUND(L53*H53/1000,0) -> 1 | L53: 5
A54: Outpatient | B54: Floor 1 Utility Hall | C54: Corridor Area | D54: AHU-1 | E54: Health | F54: Yes | G54: =H54/$H$121 -> 0.006252137 | H54: 256 | I54: 2560 | J54: 1 | K54: =ROUND(L54*H54/1000,0) -> 1 | L54: 5
A55: Outpatient | B55: Floor 1 Utility Janitor | C55: Storage (General) | D55: AHU-1 | E55: Health | F55: Yes | G55: =H55/$H$121 -> 0.0010257412 | H55: 42 | I55: 420 | J55: 1 | K55: =ROUND(L55*H55/1000,0) -> 0 | L55: 2
A56: Outpatient | B56: Floor 1 Utility Room | C56: Storage (General) | D56: AHU-1 | E56: Health | F56: Yes | G56: =H56/$H$121 -> 0.0087920676 | H56: 360 | I56: 3600 | J56: 1 | K56: =ROUND(L56*H56/1000,0) -> 1 | L56: 2
A57: Outpatient | B57: Floor 1 Vestibule | C57: Corridor Area | D57: AHU-1 | E57: Health | F57: Yes | G57: =H57/$H$121 -> 0.0017584135 | H57: 72 | I57: 720 | J57: 1 | K57: =ROUND(L57*H57/1000,0) -> 0 | L57: 5
A58: Outpatient | B58: Floor 2 Conference | C58: Convention, Conference, Multipurpose and Meeting Area | D58: AHU-2 | E58: Office | F58: Yes | G58: =H58/$H$121 -> 0.0082059298 | H58: 336 | I58: 3360 | J58: 1 | K58: =L58*H58/1000 -> 11.088 | L58: 33
A59: Outpatient | B59: Floor 2 Conference Toilet | C59: Restrooms | E59: Health | F59: Yes | G59: =H59/$H$121 -> 0.0015630342 | H59: 64 | I59: 640 | J59: 1 | K59: =ROUND(L59*H59/1000,0) -> 0 | L59: 5 | M59: Indirectly conditioned
A60: Outpatient | B60: Floor 2 Dictation | C60: Office Area (<250 square feet) | D60: AHU-2 | E60: Office | F60: Yes | G60: =H60/$H$121 -> 0.0017095687 | H60: 70 | I60: 700 | J60: 1 | K60: =L60*H60/1000 -> 0.35 | L60: 5
A61: Outpatient | B61: Floor 2 Exam 1 | C61: Healthcare Facility and Hospitals (Exam/Treatment Room) | D61: AHU-2 | E61: Health | F61: Yes | G61: =H61/$H$121 -> 0.0087920676 | H61: 360 | I61: 3600 | J61: 1 | K61: =ROUND(L61*H61/1000,0) -> 2 | L61: 5
A62: Outpatient | B62: Floor 2 Exam 2 | C62: Healthcare Facility and Hospitals (Exam/Treatment Room) | D62: AHU-2 | E62: Health | F62: Yes | G62: =H62/$H$121 -> 0.013188101 | H62: 540 | I62: 5400 | J62: 1 | K62: =ROUND(L62*H62/1000,0) -> 3 | L62: 5
A63: Outpatient | B63: Floor 2 Exam 3 | C63: Healthcare Facility and Hospitals (Exam/Treatment Room) | D63: AHU-2 | E63: Health | F63: Yes | G63: =H63/$H$121 -> 0.017584135 | H63: 720 | I63: 7200 | J63: 1 | K63: =ROUND(L63*H63/1000,0) -> 4 | L63: 5
A64: Outpatient | B64: Floor 2 Exam 4 | C64: Healthcare Facility and Hospitals (Exam/Treatment Room) | D64: AHU-2 | E64: Health | F64: Yes | G64: =H64/$H$121 -> 0.0020514824 | H64: 84 | I64: 840 | J64: 1 | K64: =ROUND(L64*H64/1000,0) -> 0 | L64: 5
A65: Outpatient | B65: Floor 2 Exam 5 | C65: Healthcare Facility and Hospitals (Exam/Treatment Room) | D65: AHU-2 | E65: Health | F65: Yes | G65: =H65/$H$121 -> 0.0085478435 | H65: 350 | I65: 3500 | J65: 1 | K65: =ROUND(L65*H65/1000,0) -> 2 | L65: 5
A66: Outpatient | B66: Floor 2 Exam 6 | C66: Healthcare Facility and Hospitals (Exam/Treatment Room) | D66: AHU-2 | E66: Health | F66: Yes | G66: =H66/$H$121 -> 0.0054950423 | H66: 225 | I66: 2250 | J66: 1 | K66: =ROUND(L66*H66/1000,0) -> 1 | L66: 5
A67: Outpatient | B67: Floor 2 Exam 7 | C67: Healthcare Facility and Hospitals (Exam/Treatment Room) | D67: AHU-2 | E67: Health | F67: Yes | G67: =H67/$H$121 -> 0.019342549 | H67: 792 | I67: 7920 | J67: 1 | K67: =ROUND(L67*H67/1000,0) -> 4 | L67: 5
A68: Outpatient | B68: Floor 2 Exam 8 | C68: Healthcare Facility and Hospitals (Exam/Treatment Room) | D68: AHU-2 | E68: Health | F68: Yes | G68: =H68/$H$121 -> 0.0065940507 | H68: 270 | I68: 2700 | J68: 1 | K68: =ROUND(L68*H68/1000,0) -> 1 | L68: 5
A69: Outpatient | B69: Floor 2 Exam 9 | C69: Healthcare Facility and Hospitals (Exam/Treatment Room) | D69: AHU-2 | E69: Health | F69: Yes | G69: =H69/$H$121 -> 0.0096712744 | H69: 396 | I69: 3960 | J69: 1 | K69: =ROUND(L69*H69/1000,0) -> 2 | L69: 5
A70: Outpatient | B70: Floor 2 Exam Hall 1 | C70: Corridor Area | D70: AHU-2 | E70: Health | F70: Yes | G70: =H70/$H$121 -> 0.0043960338 | H70: 180 | I70: 1800 | J70: 1 | K70: =ROUND(L70*H70/1000,0) -> 1 | L70: 5
A71: Outpatient | B71: Floor 2 Exam Hall 2 | C71: Corridor Area | D71: AHU-2 | E71: Health | F71: Yes | G71: =H71/$H$121 -> 0.0043960338 | H71: 180 | I71: 1800 | J71: 1 | K71: =ROUND(L71*H71/1000,0) -> 1 | L71: 5
A72: Outpatient | B72: Floor 2 Exam Hall 3 | C72: Corridor Area | D72: AHU-2 | E72: Health | F72: Yes | G72: =H72/$H$121 -> 0.0043960338 | H72: 180 | I72: 1800 | J72: 1 | K72: =ROUND(L72*H72/1000,0) -> 1 | L72: 5
... A79: Outpatient | B79: Floor 2 Nurse Station 2 | C79: Healthcare Facility and Hospitals (Nurse's Station) | D79: AHU-2 | E79: Health | F79: Yes | G79: =H79/$H$121 -> 0.0043960338 | H79: 180 | I79: 1800 | J79: 1 | K79: =ROUND(L79*H79/1000,0) -> 1 | L79: 5
A80: Outpatient | B80: Floor 2 Office | C80: Office Area (>250 square feet) | D80: AHU-2 | E80: Office | F80: Yes | G80: =H80/$H$121 -> 0.01367655 | H80: 560 | I80: 5600 | J80: 1 | K80: =L80*H80/1000 -> 2.8 | L80: 5
A81: Outpatient | B81: Floor 2 Office Hall | C81: Corridor Area | D81: AHU-2 | E81: Health | F81: Yes | G81: =H81/$H$121 -> 0.01084355 | H81: 444 | I81: 4440 | J81: 1 | K81: =ROUND(L81*H81/1000,0) -> 2 | L81: 5
A82: Outpatient | B82: Floor 2 Reception | C82: Reception area | D82: AHU-2 | E82: Office | F82: Yes | G82: =H82/$H$121 -> 0.024031651 | H82: 984 | I82: 9840 | J82: 1 | K82: =L82*H82/1000 -> 4.92 | L82: 5
A83: Outpatient | B83: Floor 2 Reception Hall | C83: Corridor Area | D83: AHU-2 | E83: Health | F83: Yes | G83: =H83/$H$121 -> 0.013774239 | H83: 564 | I83: 5640 | J83: 1 | K83: =ROUND(L83*H83/1000,0) -> 3 | L83: 5
A84: Outpatient | B84: Floor 2 Reception Toilet | C84: Restrooms | E84: Health | F84: Yes | G84: =H84/$H$121 -> 0.0030772237 | H84: 126 | I84: 1260 | J84: 1 | K84: =ROUND(L84*H84/1000,0) -> 1 | L84: 5 | M84: Indirectly conditioned
A85: Outpatient | B85: Floor 2 Scheduling 1 | C85: Office Area (>250 square feet) | D85: AHU-2 | E85: Office | F85: Yes | G85: =H85/$H$121 -> 0.0079128608 | H85: 324 | I85: 3240 | J85: 1 | K85: =L85*H85/1000 -> 1.62 | L85: 5
A86: Outpatient | B86: Floor 2 Scheduling 2 | C86: Office Area (>250 square feet) | D86: AHU-2 | E86: Office | F86: Yes | G86: =H86/$H$121 -> 0.0083524642 | H86: 342 | I86: 3420 | J86: 1 | K86: =L86*H86/1000 -> 1.71 | L86: 5
A87: Outpatient | B87: Floor 2 Storage 1 | C87: Storage (General) | D87: AHU-2 | E87: Health | F87: Yes | G87: =H87/$H$121 -> 0.001367655 | H87: 56 | I87: 560 | J87: 1 | K87: =ROUND(L87*H87/1000,0) -> 0 | L87: 2
A88: Outpatient | B88: Floor 2 Storage 2 | C88: Storage (General) | D88: AHU-2 | E88: Health | F88: Yes | G88: =H88/$H$121 -> 0.0029306892 | H88: 120 | I88: 1200 | J88: 1 | K88: =ROUND(L88*H88/1000,0) -> 0 | L88: 2
A89: Outpatient | B89: Floor 2 Storage 3 | C89: Storage (General) | D89: AHU-2 | E89: Health | F89: Yes | G89: =H89/$H$121 -> 0.003516827 | H89: 144 | I89: 1440 | J89: 1 | K89: =ROUND(L89*H89/1000,0) -> 0 | L89: 2
A90: Outpatient | B90: Floor 2 Utility | C90: Storage (General) | D90: AHU-2 | E90: Health | F90: Yes | G90: =H90/$H$121 -> 0.0030772237 | H90: 126 | I90: 1260 | J90: 1 | K90: =ROUND(L90*H90/1000,0) -> 0 | L90: 2
A91: Outpatient | B91: Floor 2 Work | C91: Office Area (>250 square feet) | D91: AHU-2 | E91: Office | F91: Yes | G91: =H91/$H$121 -> 0.041273873 | H91: 1690 | I91: 16900 | J91: 1 | K91: =L91*H91/1000 -> 8.45 | L91: 5
A92: Outpatient | B92: Floor 2 Work Hall | C92: Corridor Area | D92: AHU-2 | E92: Health | F92: Yes | G92: =H92/$H$121 -> 0.02036829 | H92: 834 | I92: 8340 | J92: 1 | K92: =ROUND(L92*H92/1000,0) -> 4 | L92: 5
A93: Outpatient | B93: Floor 2 Work Toilet | C93: Restrooms | E93: Health | F93: Yes | G93: =H93/$H$121 -> 0.0013188101 | H93: 54 | I93: 540 | J93: 1 | K93: =ROUND(L93*H93/1000,0) -> 0 | L93: 5 | M93: Indirectly conditioned
A94: Outpatient | B94: Floor 2 X-Ray | C94: Healthcare Facility and Hospitals (Imaging Room) | D94: AHU-2 | E94: Health | F94: Yes | G94: =H94/$H$121 -> 0.021980169 | H94: 900 | I94: 9000 | J94: 1 | K94: =ROUND(L94*H94/1000,0) -> 5 | L94: 5
A95: Outpatient | B95: Floor 3 Dressing Room | C95: Office Area (<250 square feet) | D95: AHU-3 | E95: Office | F95: Yes | G95: =H95/$H$121 -> 0.0010257412 | H95: 42 | I95: 420 | J95: 1 | K95: =L95*H95/1000 -> 0.21 | L95: 5
A96: Outpatient | B96: Floor 3 Elevator Hall | C96: Corridor Area | D96: AHU-3 | E96: Health | F96: Yes | G96: =H96/$H$121 -> 0.0090362917 | H96: 370 | I96: 3700 | J96: 1 | K96: =ROUND(L96*H96/1000,0) -> 2 | L96: 5
A97: Outpatient | B97: Floor 3 Humid | C97: Office Area (<250 square feet) | D97: AHU-3 | E97: Office | F97: Yes | G97: =H97/$H$121 -> 0.0026376203 | H97: 108 | I97: 1080 | J97: 1 | K97: =L97*H97/1000 -> 0.54 | L97: 5
A98: Outpatient | B98: Floor 3 Janitor | C98: Storage (General) | D98: AHU-3 | E98: Health | F98: Yes | G98: =H98/$H$121 -> 0.0015386118 | H98: 63 | I98: 630 | J98: 1 | K98: =ROUND(L98*H98/1000,0) -> 0 | L98: 2
A99: Outpatient | B99: Floor 3 Locker | C99: Locker Room | D99: AHU-3 | E99: Health | F99: Yes | G99: =H99/$H$121 -> 0.0029306892 | H99: 120 | I99: 1200 | J99: 1 | K99: =ROUND(L99*H99/1000,0) -> 1 | L99: 10
A100: Outpatient | B100: Floor 3 Lounge | C100: Lounge, Breakroom, or Waiting Area | D100: AHU-3 | E100: Health | F100: Yes | G100: =H100/$H$121 -> 0.018536609 | H100: 759 | I100: 7590 | J100: 1 | K100: =ROUND(L100*H100/1000,0) -> 25 | L100: 33
A101: Outpatient | B101: Floor 3 Lounge Toilet | C101: Restrooms | E101: Health | F101: Yes | G101: =H101/$H$121 -> 0.0046891027 | H101: 192 | I101: 1920 | J101: 1 | K101: =ROUND(L101*H101/1000,0) -> 1 | L101: 5 | M101: Indirectly conditioned
A102: Outpatient | B102: Floor 3 Mechanical | C102: Electrical, Mechanical, Telephone Rooms | D102: AHU-3 | E102: Ancillary | F102: Yes | G102: =H102/$H$121 -> 0.0085478435 | H102: 350 | I102: 3500 | J102: 1 | K102: =ROUND(L102*H102/1000,0) -> 1 | L102: 1.5
A103: Outpatient | B103: Floor 3 Mechanical Hall | C103: Corridor Area | D103: AHU-3 | E103: Ancillary | F103: Yes | G103: =H103/$H$121 -> 0.007326723 | H103: 300 | I103: 3000 | J103: 1 | K103: =ROUND(L103*H103/1000,0) -> 2 | L103: 5
A104: Outpatient | B104: Floor 3 Office | C104: Office Area (>250 square feet) | D104: AHU-3 | E104: Office | F104: Yes | G104: =H104/$H$121 -> 0.074146437 | H104: 3036 | I104: 30360 | J104: 1 | K104: =L104*H104/1000 -> 15.18 | L104: 5
A105: Outpatient | B105: Floor 3 Office Hall | C105: Corridor Area | D105: AHU-3 | E105: Health | F105: Yes | G105: =H105/$H$121 -> 0.02036829 | H105: 834 | I105: 8340 | J105: 1 | K105: =ROUND(L105*H105/1000,0) -> 4 | L105: 5
A106: Outpatient | B106: Floor 3 Office Toilet | C106: Restrooms | E106: Health | F106: Yes | G106: =H106/$H$121 -> 0.0013188101 | H106: 54 | I106: 540 | J106: 1 | K106: =ROUND(L106*H106/1000,0) -> 0 | L106: 5 | M106: Indirectly conditioned
...

Sheet Envelope
A1: ="Envelope - "&Prototype!A2 -> Envelope - Outpatient
A2: Element | B2: Prototype | C2: Assembly Type | D2: Construction | E2: Unit | F2: Vintage | G2: Selected T24 | H2: Notes | I2: CZ1 | J2: CZ2 | K2: CZ3 | L2: CZ4 | M2: CZ5 | N2: CZ6 | O2: CZ7 | P2: CZ8 | Q2: CZ9 | R2: CZ10 | S2: CZ11 | T2: CZ12 | U2: CZ13 | V2: CZ14 | W2: CZ15 | X2: CZ16
A3: External Wall | B3: =Prototype!A2 -> Outpatient | C3: ExtWall_MetalFramed_NonRes | D3: Metal framed wall: Metal frame + insulation + gypsum board (Same as PNNL model, Analysis for Building Envelopes and Mechanical Systems Using 2012 CBECS Data, PNNL-26949, March 2018.) | E3: U-value IP | F3: Pre 1978 | G3: N/A | H3: ASHRAE 90.1,2022 Table A3.3.3.1, 3.5", R-0 | I3: 0.352 | J3: 0.352 | K3: 0.352 | L3: 0.352 | M3: 0.352 | N3: 0.352 | O3: 0.352 | P3: 0.352 | Q3: 0.352 | R3: 0.352 | S3: 0.352 | T3: 0.352 | U3: 0.352 | V3: 0.352 | W3: 0.352 | X3: 0.352
F4: 1978-1997 | G4: 1986 | H4: Copied from High-rise office alternative requirements (Table 2-53W): Package A with heat capacity between 10-14.99 (Btu/F-ft²) *T24, 1986, Table 2-53BB presents U-factors less than the next vintage (for wall density of 26-40 lb/ft² & Degree day<3500)! | I4: 0.213 | J4: 0.227 | K4: 0.227 | L4: 0.217 | M4: 0.256 | N4: 0.256 | O4: 0.256 | P4: 0.256 | Q4: 0.256 | R4: 0.256 | S4: 0.238 | T4: 0.238 | U4: 0.238 | V4: 0.208 | W4: 0.208 | X4: 0.213
F5: 1998-2007 | G5: 2001 | H5: Table 1-H | I5: 0.182 | J5: 0.182 | K5: 0.189 | L5: 0.189 | M5: 0.189 | N5: 0.189 | O5: 0.189 | P5: 0.189 | Q5: 0.189 | R5: 0.182 | S5: 0.182 | T5: 0.182 | U5: 0.182 | V5: 0.182 | W5: 0.182 | X5: 0.182
F6: 2008-2018 | G6: 2013 | H6: Table 140.3-B | I6: 0.098 | J6: 0.062 | K6: 0.082 | L6: 0.062 | M6: 0.062 | N6: 0.098 | O6: 0.098 | P6: 0.062 | Q6: 0.062 | R6: 0.062 | S6: 0.062 | T6: 0.062 | U6: 0.062 | V6: 0.062 | W6: 0.062 | X6: 0.062
F7: 2019+ | G7: 2025 | H7: Table 140.3-B | I7: 0.06 | J7: 0.055 | K7: 0.071 | L7: 0.055 | M7: 0.055 | N7: 0.06 | O7: 0.06 | P7: 0.055 | Q7: 0.055 | R7: 0.055 | S7: 0.055 | T7: 0.055 | U7: 0.055 | V7: 0.055 | W7: 0.055 | X7: 0.055
A8: Roof | B8: =$B$3 -> Outpatient | C8: FlatRoof_WoodFramedAndOther_NonRes | D8: Metal deck roof: Roof membrane + roof insulation + metal decking (Same as PNNL) | E8: U-value IP | F8: Pre 1978 | G8: N/A | H8: Considering 30 years for roof/ insulation replacement. | I8: 0.057 | J8: 0.057 | K8: 0.057 | L8: 0.057 | M8: 0.057 | N8: 0.078 | O8: 0.078 | P8: 0.078 | Q8: 0.078 | R8: 0.078 | S8: 0.057 | T8: 0.057 | U8: 0.057 | V8: 0.057 | W8: 0.057 | X8: 0.057
F9: 1978-1997 | G9: 1992 | I9: 0.057 | J9: 0.057 | K9: 0.057 | L9: 0.057 | M9: 0.057 | N9: 0.078 | O9: 0.078 | P9: 0.078 | Q9: 0.078 | R9: 0.078 | S9: 0.057 | T9: 0.057 | U9: 0.057 | V9: 0.057 | W9: 0.057 | X9: 0.057
F10: 1998-2007 | G10: 2001 | H10: Table 1-H | I10: 0.057 | J10: 0.057 | K10: 0.057 | L10: 0.057 | M10: 0.057 | N10: 0.078 | O10: 0.078 | P10: 0.078 | Q10: 0.078 | R10: 0.057 | S10: 0.057 | T10: 0.057 | U10: 0.057 | V10: 0.057 | W10: 0.057 | X10: 0.057
F11: 2008-2018 | G11: 2013 | H11: Table 140.3-B | I11: 0.049 | J11: 0.039 | K11: 0.039 | L11: 0.039 | M11: 0.049 | N11: 0.075 | O11: 0.067 | P11: 0.067 | Q11: 0.039 | R11: 0.039 | S11: 0.039 | T11: 0.039 | U11: 0.039 | V11: 0.039 | W11: 0.039 | X11: 0.039
F12: New Construction | G12: 2025 | H12: Table 140.3-B | I12: 0.038 | J12: 0.038 | K12: 0.038 | L12: 0.038 | M12: 0.038 | N12: 0.038 | O12: 0.038 | P12: 0.038 | Q12: 0.038 | R12: 0.038 | S12: 0.038 | T12: 0.038 | U12: 0.038 | V12: 0.038 | W12: 0.038 | X12: 0.038
A13: Windows | B13: =$B$3 -> Outpatient | C13: FixedWindow_NonRes | D13: Single pane | E13: U-value IP | F13: Pre 1978 | G13: N/A | H13: ASHRAE Handbook of Fundamentals (Table 4-Ch15) for single pane & T24, 2013 for double pane(88%-12%)* | I13: =0.88*1.12+0.12*0.36 -> 1.0288 | J13: =0.88*1.12+0.12*0.36 -> 1.0288 | K13: =0.88*1.12+0.12*0.36 -> 1.0288 | L13: =0.88*1.12+0.12*0.36 -> 1.0288 | M13: =0.88*1.12+0.12*0.36 -> 1.0288 | N13: =0.88*1.12+0.12*0.36 -> 1.0288 | O13: =0.88*1.12+0.12*0.36 -> 1.0288 | P13: =0.88*1.12+0.12*0.36 -> 1.0288 | ... X13: =0.88*1.12+0.12*0.36 -> 1.0288
F14: 1978-1997 | G14: N/A | I14: =0.88*1.12+0.12*0.36 -> 1.0288 | J14: =0.88*1.12+0.12*0.36 -> 1.0288 | K14: =0.88*1.12+0.12*0.36 -> 1.0288 | L14: =0.88*1.12+0.12*0.36 -> 1.0288 | M14: =0.88*1.12+0.12*0.36 -> 1.0288 | N14: =0.88*1.12+0.12*0.36 -> 1.0288 | O14: =0.88*1.12+0.12*0.36 -> 1.0288 | P14: =0.88*1.12+0.12*0.36 -> 1.0288 | ... X14: =0.88*1.12+0.12*0.36 -> 1.0288
D15: Double pane | F15: 1998-2007 | G15: 2001 | H15: Table 1-H | I15: 0.49 | J15: 0.49 | K15: 0.81 | L15: 0.81 | M15: 0.81 | N15: 0.81 | O15: 0.81 | P15: 0.81 | Q15: 0.81 | R15: 0.49 | S15: 0.49 | T15: 0.49 | U15: 0.49 | V15: 0.49 | W15: 0.49 | X15: 0.49
F16: 2008-2018 | G16: 2013 | H16: Table 140.3-B | I16: 0.36 | J16: 0.36 | K16: 0.36 | L16: 0.36 | M16: 0.36 | N16: 0.36 | O16: 0.36 | P16: 0.36 | Q16: 0.36 | R16: 0.36 | S16: 0.36 | T16: 0.36 | U16: 0.36 | V16: 0.36 | W16: 0.36 | X16: 0.36
F17: 2019+ | G17: 2025 | H17: Table 140.3-B | I17: 0.36 | J17: 0.36 | K17: 0.36 | L17: 0.36 | M17: 0.36 | N17: 0.36 | O17: 0.36 | P17: 0.36 | Q17: 0.34 | R17: 0.36 | S17: 0.34 | T17: 0.34 | U17: 0.34 | V17: 0.34 | W17: 0.34 | X17: 0.36
B18: =$B$3 -> Outpatient | C18: FixedWindow_NonRes | D18: Single pane | E18: SHGC | F18: Pre 1978 | G18: N/A | H18: ASHRAE Handbook of Fundamentals (Table 10-Ch15) for single pane & T24, 2013 for double pane(88%-12%)* | I18: =0.79*0.88+0.12*I21 -> 0.7252 | J18: =0.79*0.88+0.12*J21 -> 0.7252 | K18: =0.79*0.88+0.12*K21 -> 0.7252 | L18: =0.79*0.88+0.12*L21 -> 0.7252 | M18: =0.79*0.88+0.12*M21 -> 0.7252 | N18: =0.79*0.88+0.12*N21 -> 0.7252 | O18: =0.79*0.88+0.12*O21 -> 0.7252 | P18: =0.79*0.88+0.12*P21 -> 0.7252 | ... X18: =0.79*0.88+0.12*X21 -> 0.7252
F19: 1978-1997 | G19: N/A | I19: =0.79*0.88+0.12*I21 -> 0.7252 | J19: =0.79*0.88+0.12*J21 -> 0.7252 | K19: =0.79*0.88+0.12*K21 -> 0.7252 | L19: =0.79*0.88+0.12*L21 -> 0.7252 | M19: =0.79*0.88+0.12*M21 -> 0.7252 | N19: =0.79*0.88+0.12*N21 -> 0.7252 | O19: =0.79*0.88+0.12*O21 -> 0.7252 | P19: =0.79*0.88+0.12*P21 -> 0.7252 | ... X19: =0.79*0.88+0.12*X21 -> 0.7252
D20: Double pane | F20: 1998-2007 | G20: 2001 | H20: Table 1-H (Non North, WWR:11-20% ) | I20: 0.43 | J20: 0.36 | K20: 0.55 | L20: 0.55 | M20: 0.55 | N20: 0.61 | O20: 0.61 | P20: 0.61 | Q20: 0.61 | R20: 0.36 | S20: 0.36 | T20: 0.36 | U20: 0.36 | V20: 0.36 | W20: 0.36 | X20: 0.43
F21: 2008-2018 | G21: 2013 | H21: Table 140.3-B | I21: 0.25 | J21: 0.25 | K21: 0.25 | L21: 0.25 | M21: 0.25 | N21: 0.25 | O21: 0.25 | P21: 0.25 | Q21: 0.25 | R21: 0.25 | S21: 0.25 | T21: 0.25 | U21: 0.25 | V21: 0.25 | W21: 0.25 | X21: 0.25
F22: 2019+ | G22: 2025 | H22: Table 140.3-B | I22: 0.25 | J22: 0.25 | K22: 0.25 | L22: 0.25 | M22: 0.25 | N22: 0.25 | O22: 0.25 | P22: 0.25 | Q22: 0.22 | R22: 0.25 | S22: 0.22 | T22: 0.22 | U22: 0.22 | V22: 0.22 | W22: 0.22 | X22: 0.25
A23: *(According to CBECS 2018, ~ 88% of windows of healthcare buildings built before 2000 are single pane)
C25: Infiltration
D26: Building | E26: Zones | F26: Vintage | G26: I_75 6-sdied Infiltration rate @ 75 pa | H26: Note | I26: I-design (cfm/ft²) (4-sided Infiltration rate at normal pressure) (Design flow rate approach and Flow/Exterior Wall Area calculation method)
C27: Infiltration | D27: Outpatient | F27: Pre 1978 | G27: 1.1 | H27: 2022 CASE report (Table 38) | I27: 0.341
F28: 1978-1997 | G28: 1.1 | H28: 2022 CASE report (Table 38) | I28: 0.341
F29: 1998-2007 | G29: 1.1 | H29: 2022 CASE report (Table 38) | I29: 0.341
F30: 2008-2018 | G30: 1 | H30: 2022 CASE report (Table 38) & T24, 2008-2016 (Table 140.3-B)--Air barrier is required in CZ 10-16 | I30: 0.3121
F31: 2019+ | G31: 0.6 | H31: 2022 CASE report (Table 38) & T24, 2025 (Table 140.3-B)--Air barrier is required in all CZs | I31: 0.186
E32: Source: Title 24 air barrier requirements (all editions) and the standardized infiltration rate reported in the 2022 CASE report and Dodge 2023 data
E33: Air Leakage Memo: | G33: Infiltration_rate_report_14May2025-Short-Version.docx

Sheet Thermostat
A1: ="Thermostat - "&Prototype!A2 -> Thermostat - Outpatient
A2: Setpoint | B2: CZ1 | C2: CZ2 | D2: CZ3 | E2: CZ4 | F2: CZ5 | G2: CZ6 | H2: CZ7 | I2: CZ8 | J2: CZ9 | K2: CZ10 | L2: CZ11 | M2: CZ12 | N2: CZ13 | O2: CZ14 | P2: CZ15 | Q2: CZ16 | R2: Source | S2: Note
A3: Health Heating Setpoint (F) | B3: 70 | C3: 70 | D3: 70 | E3: 70 | F3: 70 | G3: 70 | H3: 70 | I3: 70 | J3: 70 | K3: 70 | L3: 70 | M3: 70 | N3: 70 | O3: 70 | P3: 70 | Q3: 70 | R3: T24 2022 - Appendix 5.4B | S3: PNNL Healthcare-Outpatient prototype use this setpoints: Administration zones: 72°F Cooling/70°F Heating, Critical zones: 72°F Cooling/70°F Heating, Operating rooms: 65°F Cooling/65°F Heating---PNNL Healthcare-Outpatient prototype use this setbacks: 77°F Cooling/65°F Heating, Critical zones: no setback, Operating rooms: 72°F Cooling/65°F Heating
A4: Health Heating Setback (F) | B4: 70 | C4: 70 | D4: 70 | E4: 70 | F4: 70 | G4: 70 | H4: 70 | I4: 70 | J4: 70 | K4: 70 | L4: 70 | M4: 70 | N4: 70 | O4: 70 | P4: 70 | Q4: 70
A5: Health Cooling Setpoint (F) | B5: 75 | C5: 75 | D5: 75 | E5: 75 | F5: 75 | G5: 75 | H5: 75 | I5: 75 | J5: 75 | K5: 75 | L5: 75 | M5: 75 | N5: 75 | O5: 75 | P5: 75 | Q5: 75
A6: Health Cooling Setback (F) | B6: 75 | C6: 75 | D6: 75 | E6: 75 | F6: 75 | G6: 75 | H6: 75 | I6: 75 | J6: 75 | K6: 75 | L6: 75 | M6: 75 | N6: 75 | O6: 75 | P6: 75 | Q6: 75
A7: Kitchen Heating Setpoint (F) | B7: 66 | C7: 66 | D7: 66 | E7: 66 | F7: 66 | G7: 66 | H7: 66 | I7: 66 | J7: 66 | K7: 66 | L7: 66 | M7: 66 | N7: 66 | O7: 66 | P7: 66 | Q7: 66 | R7: PNNL 09.1, 2022 Restaurant prototype
A8: Kitchen Heating Setback (F) | B8: 60 | C8: 60 | D8: 60 | E8: 60 | F8: 60 | G8: 60 | H8: 60 | I8: 60 | J8: 60 | K8: 60 | L8: 60 | M8: 60 | N8: 60 | O8: 60 | P8: 60 | Q8: 60
A9: Kitchen Cooling Setpoint (F) | B9: 79 | C9: 79 | D9: 79 | E9: 79 | F9: 79 | G9: 79 | H9: 79 | I9: 79 | J9: 79 | K9: 79 | L9: 79 | M9: 79 | N9: 79 | O9: 79 | P9: 79 | Q9: 79
A10: Kitchen Cooling Setback (F) | B10: 86 | C10: 86 | D10: 86 | E10: 86 | F10: 86 | G10: 86 | H10: 86 | I10: 86 | J10: 86 | K10: 86 | L10: 86 | M10: 86 | N10: 86 | O10: 86 | P10: 86 | Q10: 86
A11: Ancillary Heating Setpoint (F) | B11: 60 | C11: 60 | D11: 60 | E11: 60 | F11: 60 | G11: 60 | H11: 60 | I11: 60 | J11: 60 | K11: 60 | L11: 60 | M11: 60 | N11: 60 | O11: 60 | P11: 60 | Q11: 60 | R11: Enginnering Judgment
A12: Ancillary Heating Setback (F) | B12: 60 | C12: 60 | D12: 60 | E12: 60 | F12: 60 | G12: 60 | H12: 60 | I12: 60 | J12: 60 | K12: 60 | L12: 60 | M12: 60 | N12: 60 | O12: 60 | P12: 60 | Q12: 60
A13: Ancillary Cooling Setpoint (F) | B13: 85 | C13: 85 | D13: 85 | E13: 85 | F13: 85 | G13: 85 | H13: 85 | I13: 85 | J13: 85 | K13: 85 | L13: 85 | M13: 85 | N13: 85 | O13: 85 | P13: 85 | Q13: 85
A14: Ancillary Cooling Setback (F) | B14: 85 | C14: 85 | D14: 85 | E14: 85 | F14: 85 | G14: 85 | H14: 85 | I14: 85 | J14: 85 | K14: 85 | L14: 85 | M14: 85 | N14: 85 | O14: 85 | P14: 85 | Q14: 85

Sheet HVAC System
A1: ="HVAC System - "&Prototype!A2 -> HVAC System - Outpatient
A2: Vintage | B2: Spaces | C2: Heating | D2: Cooling | E2: Air Distribution | F2: Source | G2: Note
A3: Existing | B3: Conditioned zones | C3: Gas Boiler for Hydronic Reheat and Gas Furnace for Heating | D3: RTU DX | E3: Single Duct CAV--Outdoor air often supplied through RTU economizers or dedicated OA section | F3: CEUS 2022 (Other system based on T24 and Engineering judgement) | G3: Packaged RTU
A4: New Construction | B4: Conditioned zones | C4: Gas Boiler for Hydronic Reheat and Gas Furnace for Heating | D4: RTU DX | E4: VAV + Hydronic Reheat | F4: T24 2025 ACM 2025, Table 2 and 3 | G4: System 5 – PVAV
A8: Efficiency of HVAC system (Efficiency is capacity-dependent. The following table provides a general estimate of system efficiency based on preliminary simulations in one climate zone, or assuming cooling load based on rule of thumb)
A9: Vintage | B9: Upgrade/Installed year | C9: DX Cooling | D9: Gas Furnace | E9: Gas Boiler | F9: Source | G9: Note
A10: Pre 1978 | B10: 2008 | C10: EER=9.5 (≥ 240,000 Btu/h and < 760,000 Btu/h) | D10: ≥225,000 Btu/h--80% Et | E10: 80% Ec | F10: T24, 2008 , Table 112-A (for DX Coil) -Title 24-2008 §111 / Title 20 Table E-3 (and 10 CFR 431.87 as in effect through March 1, 2012) for Boiler Efficiency- 10 CFR 431.77, in force since 1 Jan 1994 for furnace efficiency
A11: 1978-1997
A12: 1998-2007
A13: 2008-2018 | B13: 2013 | C13: EER=10 (≥ 240,000 Btu/h and < 760,000 Btu/h) | D13: 80% Et | E13: Gas-Fired Boiler > 300,000 Btu/h and ≤2,500,000 Btu/h-- 80% Et Gas-Fired Boiler > 2,500,000 Btu/h -- 82% Ec | F13: T24, 2013 , Table 110.2-A (for DX Coil) -Table 110.2-J (for Gas Furnace thermal efficiency) - - Table 110.2-K (for Boiler thermal efficiency).
A14: New Construction | B14: 2025 | C14: EER=10 (≥ 240,000 Btu/h and < 760,000 Btu/h) | D14: 81% Et | E14: Gas-Fired Boiler > 300,000 Btu/h and ≤2,500,000 Btu/h-- 80% Et Gas-Fired Boiler > 2,500,000 Btu/h -- 82% Ec | F14: T24, 2025 , Table 110.2-A (for DX Coil) - - 10 CFR 431.86 , section § 431.87 Table 1 (for Boiler thermal efficiency) --Title 24-2008 §111 / Title 20 Table E-3 (and 10 CFR 431.87 as in effect through March 1, 2012)
D16: * Et = Thermal efficiency | E16: * Ec = Combustion efficiency
A19: Fan power
A20: Vintage | B20: Approach | C20: System | D20: Total Static Pressure (TSP) (in w.c.) | E20: Fan Efficiency [ACM 2025] | F20: Motor Efficiency | G20: Fan Power Index (W/cfm) | H20: Data Source | I20: Note
A21: Existing | B21: PNNL 90.1-2011, TSP | C21: Packaged RTU-CAV | D21: 4.09 | E21: 0.65 | F21: ASHRAE 90.1, 2004, Table 10.8 * | H21: Fan power formula: PNNL 20405, 2010, section 5.2.2.5 TSP and fan efficiency: PNNL 20405, 2010, Table 5.11, 90.1-04ac values Motor efficiency: ASHRAE 90.1, 2004, Table 10.8
A22: Brake horsepower (bhp) = (Supply cfm × TSP in w.c.) / (6356 × fan efficiency)
A23: Fan power (w/cfm) = (bhp × 746) / ( supply cfm × motor efficiency )
A24: New Construction | B24: ACM 2025 | C24: Packaged RTU-CAV >5,000 cfm; <= 10,000 cfm | D24: TSP (in w.c.) = fan power (W/cfm) × motor efficiency × fan efficiency × 6356 / 746 | E24: 0.65 | F24: 2025 ACM Table 12 ** | G24: 0.78 | H24: Fan power index: [ACM 2025, Table 13] Motot efficiency: [ ACM 2025, Table 12]
C25: Packaged RTU-CAV >10,000 cfm | D25: TSP (in w.c.) = fan power (W/cfm) × motor efficiency × fan efficiency × 6356 / 746 | G25: 0.748
C26: System 5-PVAV System >5,000 cfm; <= 10,000 cfm | D26: TSP (in w.c.) = fan power (W/cfm) × motor efficiency × fan efficiency × 6356 / 746 | G26: 1.013
C27: System 5-PVAV System >10,000 cfm | D27: TSP = fan power × motor efficiency × fan efficiency × 6356 / 746 | G27: 0.946
A29: * According to PNNL 20405 section 5.2.2.5, the full-load efficiency of the motor serving the fan is taken from ASHRAE 90.1, 2004, Table 10.8, based on motor nameplate and assuming enclosed motors operating at 1,800 rotations per minute (rpm) Motor nameplate size (bhp) = brake horsepower (bhp) × 1.1 ( using a 10% oversizing factor)
A30: ** The full‑load efficiency of the motor serving the fan is taken from ACM 2025 Table 12 based on the cfm of the fan. Brake horsepower (bhp) = (Supply cfm from sizing run × fan power in W/cfm) / 746.

Sheet Ventilation
A1: ="Outdoor Airflow Rate - "&Prototype!A2 -> Outdoor Airflow Rate - Outpatient
A2: Space Type | B2: Space/Thermal Zone | C2: Number of People | D2: Floor Area (ft²) | E2: cfm/person [T24, 2025, Equation 120.1-F and Table 120.1-A] | F2: cfm/ft² [T24, 2025, Equation 120.1-F and Table 120.1-A] | G2: Required Exhaust Rate (cfm/ft²) [T24, 2025, Table 120.1-B – minimum exhaust rates OR CMC Table 4-A for Healthcare] | H2: Required Exhaust Rate (cfm) [T24, 2025, Table 120.1-B – minimum exhaust rates] | I2: Min OA Ventilation Requirement (cfm/ft²) [Table 4-A, 2022 California Mechanical Code]* | J2: Total cfm Driven by People | K2: Total cfm Driven by Area | L2: Total cfm Driven by Exhaust | M2: Total cfm | N2: Note
A3: =Zones!C3 -> Healthcare Facility and Hospitals (Exam/Treatment Room) | B3: =Zones!B3 -> Floor 1 Anesthesia | C3: =Zones!K3 -> 1 | D3: =Zones!H3 -> 108 | E3: 15 | F3: =VLOOKUP(A3,A$175:E$197,5,FALSE) -> n/a | G3: 1.33 | I3: =VLOOKUP(A3,A$175:H$197,8,FALSE) -> 0.33333333 | J3: =E3*C3 -> 15 | K3: =IF(F3="n/a",D3*I3,F3*D3) -> 36 | L3: =G3*D3 -> 143.64 | M3: =MAX(J3:L3) -> 143.64 | N3: All Room air exhausted directly to the outdoor, according to Table 4-A, 2022 California Mechanical Code).
A4: =Zones!C4 -> Healthcare Facility and Hospitals (Medical Supply Room) | B4: =Zones!B4 -> Floor 1 Bio Haz | C4: =Zones!K4 -> 0 | D4: =Zones!H4 -> 56 | E4: 15 | F4: =VLOOKUP(A4,A$175:E$197,5,FALSE) -> n/a | I4: =VLOOKUP(A4,A$175:H$197,8,FALSE) -> 0.33333333 | J4: =E4*C4 -> 0 | K4: =IF(F4="n/a",D4*I4,F4*D4) -> 18.666667 | L4: =G4*D4 -> 0 | M4: =MAX(J4:L4) -> 18.666667
A5: =Zones!C5 -> Dining Area (Cafeteria/Fast Food) | B5: =Zones!B5 -> Floor 1 Café | C5: =Zones!K5 -> 14 | D5: =Zones!H5 -> 420 | E5: 15 | F5: =VLOOKUP(A5,A$175:E$197,5,FALSE) -> 0.15 | I5: =VLOOKUP(A5,A$175:H$197,8,FALSE) -> 0 | J5: =E5*C5 -> 210 | K5: =IF(F5="n/a",D5*I5,F5*D5) -> 63 | L5: =G5*D5 -> 0 | M5: =MAX(J5:L5) -> 210
A6: =Zones!C6 -> Healthcare Facility and Hospitals (Medical Supply Room) | B6: =Zones!B6 -> Floor 1 Clean | C6: =Zones!K6 -> 1 | D6: =Zones!H6 -> 126 | E6: 15 | F6: =VLOOKUP(A6,A$175:E$197,5,FALSE) -> n/a | I6: =VLOOKUP(A6,A$175:H$197,8,FALSE) -> 0.33333333 | J6: =E6*C6 -> 15 | K6: =IF(F6="n/a",D6*I6,F6*D6) -> 42 | L6: =G6*D6 -> 0 | M6: =MAX(J6:L6) -> 42
A7: =Zones!C7 -> Healthcare Facility and Hospitals (Medical Supply Room) | B7: =Zones!B7 -> Floor 1 Clean Work | C7: =Zones!K7 -> 1 | D7: =Zones!H7 -> 165 | E7: 15 | F7: =VLOOKUP(A7,A$175:E$197,5,FALSE) -> n/a | I7: =VLOOKUP(A7,A$175:H$197,8,FALSE) -> 0.33333333 | J7: =E7*C7 -> 15 | K7: =IF(F7="n/a",D7*I7,F7*D7) -> 55 | L7: =G7*D7 -> 0 | M7: =MAX(J7:L7) -> 55
A8: =Zones!C8 -> Office Area (<250 square feet) | B8: =Zones!B8 -> Floor 1 Dictation | C8: =Zones!K8 -> 0.63 | D8: =Zones!H8 -> 126 | E8: 15 | F8: =VLOOKUP(A8,A$175:E$197,5,FALSE) -> 0.15 | I8: =VLOOKUP(A8,A$175:H$197,8,FALSE) -> 0 | J8: =E8*C8 -> 9.45 | K8: =IF(F8="n/a",D8*I8,F8*D8) -> 18.9 | L8: =G8*D8 -> 0 | M8: =MAX(J8:L8) -> 18.9
A9: =Zones!C9 -> Office Area (<250 square feet) | B9: =Zones!B9 -> Floor 1 Dressing Room | C9: =Zones!K9 -> 0.225 | D9: =Zones!H9 -> 45 | E9: 15 | F9: =VLOOKUP(A9,A$175:E$197,5,FALSE) -> 0.15 | I9: =VLOOKUP(A9,A$175:H$197,8,FALSE) -> 0 | J9: =E9*C9 -> 3.375 | K9: =IF(F9="n/a",D9*I9,F9*D9) -> 6.75 | L9: =G9*D9 -> 0 | M9: =MAX(J9:L9) -> 6.75
A10: =Zones!C10 -> Electrical, Mechanical, Telephone Rooms | B10: =Zones!B10 -> Floor 1 Electrical Room | C10: =Zones!K10 -> 0 | D10: =Zones!H10 -> 98 | E10: 15 | F10: =VLOOKUP(A10,A$175:E$197,5,FALSE) -> n/a | I10: =VLOOKUP(A10,A$175:H$197,8,FALSE) -> 0 | J10: =E10*C10 -> 0 | K10: =IF(F10="n/a",D10*I10,F10*D10) -> 0 | L10: =G10*D10 -> 0 | M10: =MAX(J10:L10) -> 0
A11: =Zones!C11 -> Electrical, Mechanical, Telephone Rooms | B11: =Zones!B11 -> Floor 1 Elevator Pump Room | C11: =Zones!K11 -> 0 | D11: =Zones!H11 -> 91 | E11: 15 | F11: =VLOOKUP(A11,A$175:E$197,5,FALSE) -> n/a | I11: =VLOOKUP(A11,A$175:H$197,8,FALSE) -> 0 | J11: =E11*C11 -> 0 | K11: =IF(F11="n/a",D11*I11,F11*D11) -> 0 | L11: =G11*D11 -> 0 | M11: =MAX(J11:L11) -> 0
A12: =Zones!C12 -> Office Area (<250 square feet) | B12: =Zones!B12 -> Floor 1 Humid | C12: =Zones!K12 -> 0.27 | D12: =Zones!H12 -> 54 | E12: 15 | F12: =VLOOKUP(A12,A$175:E$197,5,FALSE) -> 0.15 | I12: =VLOOKUP(A12,A$175:H$197,8,FALSE) -> 0 | J12: =E12*C12 -> 4.05 | K12: =IF(F12="n/a",D12*I12,F12*D12) -> 8.1 | L12: =G12*D12 -> 0 | M12: =MAX(J12:L12) -> 8.1
A13: =Zones!C13 -> Corridor Area | B13: =Zones!B13 -> Floor 1 IT Hall | C13: =Zones!K13 -> 1 | D13: =Zones!H13 -> 140 | E13: 15 | F13: =VLOOKUP(A13,A$175:E$197,5,FALSE) -> 0.15 | I13: =VLOOKUP(A13,A$175:H$197,8,FALSE) -> 0 | J13: =E13*C13 -> 15 | K13: =IF(F13="n/a",D13*I13,F13*D13) -> 21 | L13: =G13*D13 -> 0 | M13: =MAX(J13:L13) -> 21
A14: =Zones!C14 -> Office Area (<250 square feet) | B14: =Zones!B14 -> Floor 1 IT Room | C14: =Zones!K14 -> 0.56 | D14: =Zones!H14 -> 112 | E14: 15 | F14: =VLOOKUP(A14,A$175:E$197,5,FALSE) -> 0.15 | I14: =VLOOKUP(A14,A$175:H$197,8,FALSE) -> 0 | J14: =E14*C14 -> 8.4 | K14: =IF(F14="n/a",D14*I14,F14*D14) -> 16.8 | L14: =G14*D14 -> 0 | M14: =MAX(J14:L14) -> 16.8
A15: =Zones!C15 -> Lobby, Main Entry | B15: =Zones!B15 -> Floor 1 Lobby | C15: =Zones!K15 -> 21 | D15: =Zones!H15 -> 622 | E15: 15 | F15: =VLOOKUP(A15,A$175:E$197,5,FALSE) -> 0.15 | I15: =VLOOKUP(A15,A$175:H$197,8,FALSE) -> 0 | J15: =E15*C15 -> 315 | K15: =IF(F15="n/a",D15*I15,F15*D15) -> 93.3 | L15: =G15*D15 -> 0 | M15: =MAX(J15:L15) -> 315
A16: =Zones!C16 -> Corridor Area | B16: =Zones!B16 -> Floor 1 Lobby Hall | C16: =Zones!K16 -> 1 | D16: =Zones!H16 -> 240 | E16: 15 | F16: =VLOOKUP(A16,A$175:E$197,5,FALSE) -> 0.15 | I16: =VLOOKUP(A16,A$175:H$197,8,FALSE) -> 0 | J16: =E16*C16 -> 15 | K16: =IF(F16="n/a",D16*I16,F16*D16) -> 36 | L16: =G16*D16 -> 0 | M16: =MAX(J16:L16) -> 36
A17: =Zones!C17 -> Restrooms | B17: =Zones!B17 -> Floor 1 Lobby Toilet | C17: =Zones!K17 -> 0 | D17: =Zones!H17 -> 54 | E17: 15 | F17: =VLOOKUP(A11,A$175:E$197,5,FALSE) -> n/a | H17: 50 | I17: =VLOOKUP(A17,A$175:H$197,8,FALSE) -> 0 | J17: =E17*C17 -> 0 | K17: =IF(F17="n/a",D17*I17,F17*D17) -> 0 | L17: 50 | M17: 0 | N17: *Restrooms in California per 2025 T24 and CALGreen (Part 11) require mechanical exhaust ventilation, but they do not require additional dedicated outdoor air (OA) beyond that local exhaust. Bathroom exhaust and exhaust fan energy will be captured in the models. We will assume make-up air is drawn from adjacent spaces.
A18: =Zones!C18 -> Locker Room | B18: =Zones!B18 -> Floor 1 Locker Room | C18: =Zones!K18 -> 7 | D18: =Zones!H18 -> 660 | E18: 15 | F18: =VLOOKUP(A18,A$175:E$197,5,FALSE) -> n/a | G18: 0.25 | I18: =VLOOKUP(A18,A$175:H$197,8,FALSE) -> 0 | J18: =E18*C18 -> 105 | K18: =IF(F18="n/a",D18*I18,F18*D18) -> 0 | L18: =G18*D18 -> 165 | M18: =MAX(J18:L18) -> 165
A19: =Zones!C19 -> Corridor Area | B19: =Zones!B19 -> Floor 1 Locker Room Hall | C19: =Zones!K19 -> 2 | D19: =Zones!H19 -> 496 | E19: 15 | F19: =VLOOKUP(A19,A$175:E$197,5,FALSE) -> 0.15 | I19: =VLOOKUP(A19,A$175:H$197,8,FALSE) -> 0 | J19: =E19*C19 -> 30 | K19: =IF(F19="n/a",D19*I19,F19*D19) -> 74.4 | L19: =H19*D19 -> 0 | M19: =MAX(J19:L19) -> 74.4
A20: =Zones!C20 -> Lounge, Breakroom, or Waiting Area | B20: =Zones!B20 -> Floor 1 Lounge | C20: =Zones!K20 -> 12 | D20: =Zones!H20 -> 360 | E20: 15 | F20: =VLOOKUP(A20,A$175:E$197,5,FALSE) -> 0.15 | I20: =VLOOKUP(A20,A$175:H$197,8,FALSE) -> 0 | J20: =E20*C20 -> 180 | K20: =IF(F20="n/a",D20*I20,F20*D20) -> 54 | L20: =H20*D20 -> 0 | M20: =MAX(J20:L20) -> 180
A21: =Zones!C21 -> Healthcare Facility and Hospitals (Medical Supply Room) | B21: =Zones!B21 -> Floor 1 Med Gas | C21: =Zones!K21 -> 0 | D21: =Zones!H21 -> 56 | E21: 15 | F21: =VLOOKUP(A21,A$175:E$197,5,FALSE) -> n/a | I21: =VLOOKUP(A21,A$175:H$197,8,FALSE) -> 0.33333333 | J21: =E21*C21 -> 0 | K21: =IF(F21="n/a",D21*I21,F21*D21) -> 18.666667 | L21: =H21*D21 -> 0 | M21: =MAX(J21:L21) -> 18.666667
A22: =Zones!C22 -> Healthcare Facility and Hospitals (Imaging Room) | B22: =Zones!B22 -> Floor 1 MRI Control Room | C22: =Zones!K22 -> 1 | D22: =Zones!H22 -> 168 | E22: 15 | F22: =VLOOKUP(A22,A$175:E$197,5,FALSE) -> n/a | G22: 2.02 | I22: =VLOOKUP(A22,A$175:H$197,8,FALSE) -> 0.33333333 | J22: =E22*C22 -> 15 | K22: =IF(F22="n/a",D22*I22,F22*D22) -> 56 | L22: =G22*D22 -> 339.36 | M22: =MAX(J22:L22) -> 339.36 | N22: Exhaust Rate assumed according to PNNL outpatient model.The PNNL outpatient model used ASHRAE 170 / CMC Table 4-A (Negative Pressure Soiled utility/workroom or soiled holding , exhaust Required))
A23: =Zones!C23 -> Corridor Area | B23: =Zones!B23 -> Floor 1 MRI Hall | C23: =Zones!K23 -> 1 | D23: =Zones!H23 -> 147 | E23: 15 | F23: =VLOOKUP(A23,A$175:E$197,5,FALSE) -> 0.15 | I23: =VLOOKUP(A23,A$175:H$197,8,FALSE) -> 0 | J23: =E23*C23 -> 15 | K23: =IF(F23="n/a",D23*I23,F23*D23) -> 22.05 | L23: =H23*D23 -> 0 | M23: =MAX(J23:L23) -> 22.05
A24: =Zones!C24 -> Healthcare Facility and Hospitals (Imaging Room) | B24: =Zones!B24 -> Floor 1 MRI Room | C24: =Zones!K24 -> 2 | D24: =Zones!H24 -> 440 | E24: 15 | F24: =VLOOKUP(A24,A$175:E$197,5,FALSE) -> n/a | G24: 2.02 | I24: =VLOOKUP(A24,A$175:H$197,8,FALSE) -> 0.33333333 | J24: =E24*C24 -> 30 | K24: =IF(F24="n/a",D24*I24,F24*D24) -> 146.66667 | L24: =G24*D24 -> 888.8 | M24: =MAX(J24:L24) -> 888.8 | N24: Exhaust Rate assumed according to PNNL outpatient model.The PNNL outpatient model used ASHRAE 170 / CMC Table 4-A (Negative Pressure X-ray room , exhaust Required))
A25: =Zones!C25 -> Restrooms | B25: =Zones!B25 -> Floor 1 MRI Toilet | C25: =Zones!K25 -> 0 | D25: =Zones!H25 -> 54 | E25: 15 | F25: =VLOOKUP(A11,A$175:E$197,5,FALSE) -> n/a | H25: 50 | I25: =VLOOKUP(A25,A$175:H$197,8,FALSE) -> 0 | J25: =E25*C25 -> 0 | K25: =IF(F25="n/a",D25*I25,F25*D25) -> 0 | L25: =H25 -> 50 | M25: =MAX(J25:L25) -> 50 | N25: Toilet rooms, intermittent exhaust 50 cfm per toilet
A26: =Zones!C26 -> Kitchen/Food Preparation Area | B26: =Zones!B26 -> Floor 1 Nourishment | C26: =Zones!K26 -> 1 | D26: =Zones!H26 -> 182 | E26: 15 | F26: =VLOOKUP(A26,A$175:E$197,5,FALSE) -> 0.15 | G26: 0.3 | I26: =VLOOKUP(A26,A$175:H$197,8,FALSE) -> 0 | J26: =E26*C26 -> 15 | K26: =IF(F26="n/a",D26*I26,F26*D26) -> 27.3 | L26: =G26*D26 -> 54.6 | M26: =MAX(J26:L26) -> 54.6
A27: =Zones!C27 -> Corridor Area | B27: =Zones!B27 -> Floor 1 Nurse Hall | C27: =Zones!K27 -> 2 | D27: =Zones!H27 -> 496 | E27: 15 | F27: =VLOOKUP(A27,A$175:E$197,5,FALSE) -> 0.15 | I27: =VLOOKUP(A27,A$175:H$197,8,FALSE) -> 0 | J27: =E27*C27 -> 30 | K27: =IF(F27="n/a",D27*I27,F27*D27) -> 74.4 | L27: =H27*D27 -> 0 | M27: =MAX(J27:L27) -> 74.4
A28: =Zones!C28 -> Storage (General) | B28: =Zones!B28 -> Floor 1 Nurse Janitor | C28: =Zones!K28 -> 0 | D28: =Zones!H28 -> 54 | E28: 15 | F28: =VLOOKUP(A28,A$175:E$197,5,FALSE) -> 0.15 | I28: =VLOOKUP(A28,A$175:H$197,8,FALSE) -> 0 | J28: =E28*C28 -> 0 | K28: =IF(F28="n/a",D28*I28,F28*D28) -> 8.1 | L28: =H28*D28 -> 0 | M28: =MAX(J28:L28) -> 8.1
A29: =Zones!C29 -> Healthcare Facility and Hospitals (Nurse's Station) | B29: =Zones!B29 -> Floor 1 Nurse Station | C29: =Zones!K29 -> 1 | D29: =Zones!H29 -> 261 | E29: 15 | F29: =VLOOKUP(A29,A$175:E$197,5,FALSE) -> n/a | I29: =VLOOKUP(A29,A$175:H$197,8,FALSE) -> 0.33333333 | J29: =E29*C29 -> 15 | K29: =IF(F29="n/a",D29*I29,F29*D29) -> 87 | L29: =H29*D29 -> 0 | M29: =MAX(J29:L29) -> 87
A30: =Zones!C30 -> Restrooms | B30: =Zones!B30 -> Floor 1 Nurse Toilet | C30: =Zones!K30 -> 0 | D30: =Zones!H30 -> 54 | E30: 15 | F30: =VLOOKUP(A11,A$175:E$197,5,FALSE) -> n/a | H30: 50 | I30: =VLOOKUP(A30,A$175:H$197,8,FALSE) -> 0 | J30: =E30*C30 -> 0 | K30: =IF(F30="n/a",D30*I30,F30*D30) -> 0 | L30: =H30 -> 50 | M30: =MAX(J30:L30) -> 50 | N30: Toilet rooms, intermittent exhaust 50 cfm per toilet
A31: =Zones!C31 -> Office Area (>250 square feet) | B31: =Zones!B31 -> Floor 1 Office | C31: =Zones!K31 -> 2.415 | D31: =Zones!H31 -> 483 | E31: 15 | F31: =VLOOKUP(A31,A$175:E$197,5,FALSE) -> 0.15 | I31: =VLOOKUP(A31,A$175:H$197,8,FALSE) -> 0 | J31: =E31*C31 -> 36.225 | K31: =IF(F31="n/a",D31*I31,F31*D31) -> 72.45 | L31: =H31*D31 -> 0 | M31: =MAX(J31:L31) -> 72.45
A32: =Zones!C32 -> Healthcare Facility and Hospitals (Operating Room) | B32: =Zones!B32 -> Floor 1 Operating Room 1 | C32: =Zones!K32 -> 2 | D32: =Zones!H32 -> 460 | E32: 15 | F32: =VLOOKUP(A32,A$175:E$197,5,FALSE) -> n/a | I32: =VLOOKUP(A32,A$175:H$197,8,FALSE) -> 0.66666667 | J32: =E32*C32 -> 30 | K32: =IF(F32="n/a",D32*I32,F32*D32) -> 306.66667 | L32: =H32*D32 -> 0 | M32: =MAX(J32:L32) -> 306.66667
A33: =Zones!C33 -> Healthcare Facility and Hospitals (Operating Room) | B33: =Zones!B33 -> Floor 1 Operating Room 2 | C33: =Zones!K33 -> 2 | D33: =Zones!H33 -> 480 | E33: 15 | F33: =VLOOKUP(A33,A$175:E$197,5,FALSE) -> n/a | I33: =VLOOKUP(A33,A$175:H$197,8,FALSE) -> 0.66666667 | J33: =E33*C33 -> 30 | K33: =IF(F33="n/a",D33*I33,F33*D33) -> 320 | L33: =H33*D33 -> 0 | M33: =MAX(J33:L33) -> 320
A34: =Zones!C34 -> Healthcare Facility and Hospitals (Operating Room) | B34: =Zones!B34 -> Floor 1 Operating Room 3 | C34: =Zones!K34 -> 2 | D34: =Zones!H34 -> 476 | E34: 15 | F34: =VLOOKUP(A34,A$175:E$197,5,FALSE) -> n/a | I34: =VLOOKUP(A34,A$175:H$197,8,FALSE) -> 0.66666667 | J34: =E34*C34 -> 30 | K34: =IF(F34="n/a",D34*I34,F34*D34) -> 317.33333 | L34: =H34*D34 -> 0 | M34: =MAX(J34:L34) -> 317.33333
A35: =Zones!C35 -> Healthcare Facility and Hospitals (Recovery Room) | B35: =Zones!B35 -> Floor 1 PACU | C35: =Zones!K35 -> 1 | D35: =Zones!H35 -> 108 | E35: 15 | F35: =VLOOKUP(A35,A$175:E$197,5,FALSE) -> n/a | I35: =VLOOKUP(A35,A$175:H$197,8,FALSE) -> 0.33333333 | J35: =E35*C35 -> 15 | K35: =IF(F35="n/a",D35*I35,F35*D35) -> 36 | L35: =H35*D35 -> 0 | M35: =MAX(J35:L35) -> 36
A36: =Zones!C36 -> Corridor Area | B36: =Zones!B36 -> Floor 1 Pre-Op Hall | C36: =Zones!K36 -> 3 | D36: =Zones!H36 -> 528 | E36: 15 | F36: =VLOOKUP(A36,A$175:E$197,5,FALSE) -> 0.15 | I36: =VLOOKUP(A36,A$175:H$197,8,FALSE) -> 0 | J36: =E36*C36 -> 45 | K36: =IF(F36="n/a",D36*I36,F36*D36) -> 79.2 | L36: =H36*D36 -> 0 | M36: =MAX(J36:L36) -> 79.2
A37: =Zones!C37 -> Healthcare Facility and Hospitals (Patient Room) | B37: =Zones!B37 -> Floor 1 Pre-Op Room 1 | C37: =Zones!K37 -> 1 | D37: =Zones!H37 -> 189 | E37: 15 | F37: =VLOOKUP(A37,A$175:E$197,5,FALSE) -> n/a | I37: =VLOOKUP(A37,A$175:H$197,8,FALSE) -> 0.33333333 | J37: =E37*C37 -> 15 | K37: =IF(F37="n/a",D37*I37,F37*D37) -> 63 | L37: =H37*D37 -> 0 | M37: =MAX(J37:L37) -> 63
A38: =Zones!C38 -> Healthcare Facility and Hospitals (Patient Room) | B38: =Zones!B38 -> Floor 1 Pre-Op Room 2 | C38: =Zones!K38 -> 2 | D38: =Zones!H38 -> 338 | E38: 15 | F38: =VLOOKUP(A38,A$175:E$197,5,FALSE) -> n/a | I38: =VLOOKUP(A38,A$175:H$197,8,FALSE) -> 0.33333333 | J38: =E38*C38 -> 30 | K38: =IF(F38="n/a",D38*I38,F38*D38) -> 112.66667 | L38: =H38*D38 -> 0 | M38: =MAX(J38:L38) -> 112.66667
A39: =Zones!C39 -> Restrooms | B39: =Zones!B39 -> Floor 1 Pre-Op Toilet | C39: =Zones!K39 -> 0 | D39: =Zones!H39 -> 54 | E39: 15 | F39: =VLOOKUP(A11,A$175:E$197,5,FALSE) -> n/a | H39: 50 | I39: =VLOOKUP(A39,A$175:H$197,8,FALSE) -> 0 | J39: =E39*C39 -> 0 | K39: =IF(F39="n/a",D39*I39,F39*D39) -> 0 | L39: =H39 -> 50 | M39: =MAX(J39:L39) -> 50 | N39: Toilet rooms, intermittent exhaust 50 cfm per toilet
A40: =Zones!C40 -> Healthcare Facility and Hospitals (Exam/Treatment Room) | B40: =Zones!B40 -> Floor 1 Procedure Room | C40: =Zones!K40 -> 1 | D40: =Zones!H40 -> 285 | E40: 15 | F40: =VLOOKUP(A40,A$175:E$197,5,FALSE) -> n/a | I40: =VLOOKUP(A40,A$175:H$197,8,FALSE) -> 0.33333333 | J40: =E40*C40 -> 15 | K40: =IF(F40="n/a",D40*I40,F40*D40) -> 95 | L40: =H40*D40 -> 0 | M40: =MAX(J40:L40) -> 95
A41: =Zones!C41 -> Reception area | B41: =Zones!B41 -> Floor 1 Reception | C41: =Zones!K41 -> 2.545 | D41: =Zones!H41 -> 509 | E41: 15 | F41: =VLOOKUP(A41,A$175:E$197,5,FALSE) -> 0.15 | I41: =VLOOKUP(A41,A$175:H$197,8,FALSE) -> 0 | J41: =E41*C41 -> 38.175 | K41: =IF(F41="n/a",D41*I41,F41*D41) -> 76.35 | L41: =H41*D41 -> 0 | M41: =MAX(J41:L41) -> 76.35
A42: =Zones!C42 -> Corridor Area | B42: =Zones!B42 -> Floor 1 Reception Hall | C42: =Zones!K42 -> 1 | D42: =Zones!H42 -> 128 | E42: 15 | F42: =VLOOKUP(A42,A$175:E$197,5,FALSE) -> 0.15 | I42: =VLOOKUP(A42,A$175:H$197,8,FALSE) -> 0 | J42: =E42*C42 -> 15 | K42: =IF(F42="n/a",D42*I42,F42*D42) -> 19.2 | L42: =H42*D42 -> 0 | M42: =MAX(J42:L42) -> 19.2
A43: =Zones!C43 -> Healthcare Facility and Hospitals (Recovery Room) | B43: =Zones!B43 -> Floor 1 Recovery Room | C43: =Zones!K43 -> 3 | D43: =Zones!H43 -> 540 | E43: 15 | F43: =VLOOKUP(A43,A$175:E$197,5,FALSE) -> n/a | I43: =VLOOKUP(A43,A$175:H$197,8,FALSE) -> 0.33333333 | J43: =E43*C43 -> 45 | K43: =IF(F43="n/a",D43*I43,F43*D43) -> 180 | L43: =H43*D43 -> 0 | M43: =MAX(J43:L43) -> 180
A44: =Zones!C44 -> Office Area (<250 square feet) | B44: =Zones!B44 -> Floor 1 Scheduling | C44: =Zones!K44 -> 0.595 | D44: =Zones!H44 -> 119 | E44: 15 | F44: =VLOOKUP(A44,A$175:E$197,5,FALSE) -> 0.15 | I44: =VLOOKUP(A44,A$175:H$197,8,FALSE) -> 0 | J44: =E44*C44 -> 8.925 | K44: =IF(F44="n/a",D44*I44,F44*D44) -> 17.85 | L44: =H44*D44 -> 0 | M44: =MAX(J44:L44) -> 17.85
A45: =Zones!C45 -> Corridor Area | B45: =Zones!B45 -> Floor 1 Scrub | C45: =Zones!K45 -> 0 | D45: =Zones!H45 -> 84 | E45: 15 | F45: =VLOOKUP(A45,A$175:E$197,5,FALSE) -> 0.15 | I45: =VLOOKUP(A45,A$175:H$197,8,FALSE) -> 0 | J45: =E45*C45 -> 0 | K45: =IF(F45="n/a",D45*I45,F45*D45) -> 12.6 | L45: =H45*D45 -> 0 | M45: =MAX(J45:L45) -> 12.6
A46: =Zones!C46 -> Healthcare Facility and Hospitals (Medical Supply Room) | B46: =Zones!B46 -> Floor 1 Soil | C46: =Zones!K46 -> 1 | D46: =Zones!H46 -> 126 | E46: 15 | F46: =VLOOKUP(A46,A$175:E$197,5,FALSE) -> n/a | G46: 1.67 | I46: =VLOOKUP(A46,A$175:H$197,8,FALSE) -> 0.33333333 | J46: =E46*C46 -> 15 | K46: =IF(F46="n/a",D46*I46,F46*D46) -> 42 | L46: =G46*D46 -> 210.42 | M46: =MAX(J46:L46) -> 210.42 | N46: Exhaust Rate assumed according to PNNL outpatient model.The PNNL outpatient model used ASHRAE 170 / CMC Table 4-A (Negative Pressure X-ray room , exhaust Required))
A47: =Zones!C47 -> Healthcare Facility and Hospitals (Medical Supply Room) | B47: =Zones!B47 -> Floor 1 Soil Hold | C47: =Zones!K47 -> 0 | D47: =Zones!H47 -> 56 | E47: 15 | F47: =VLOOKUP(A47,A$175:E$197,5,FALSE) -> n/a | G47: 1.67 | I47: =VLOOKUP(A47,A$175:H$197,8,FALSE) -> 0.33333333 | J47: =E47*C47 -> 0 | K47: =IF(F47="n/a",D47*I47,F47*D47) -> 18.666667 | L47: =G47*D47 -> 93.52 | M47: =MAX(J47:L47) -> 93.52 | N47: Exhaust Rate assumed according to PNNL outpatient model.The PNNL outpatient model used ASHRAE 170 / CMC Table 4-A (Negative Pressure X-ray room , exhaust Required))
A48: =Zones!C48 -> Healthcare Facility and Hospitals (Medical Supply Room) | B48: =Zones!B48 -> Floor 1 Soil Work | C48: =Zones!K48 -> 1 | D48: =Zones!H48 -> 180 | E48: 15 | F48: =VLOOKUP(A48,A$175:E$197,5,FALSE) -> n/a | G48: 1.67 | I48: =VLOOKUP(A48,A$175:H$197,8,FALSE) -> 0.33333333 | J48: =E48*C48 -> 15 | K48: =IF(F48="n/a",D48*I48,F48*D48) -> 60 | L48: =G48*D48 -> 300.6 | M48: =MAX(J48:L48) -> 300.6 | N48: Exhaust Rate assumed according to PNNL outpatient model.The PNNL outpatient model used ASHRAE 170 / CMC Table 4-A (Negative Pressure X-ray room , exhaust Required))
A49: =Zones!C49 -> Healthcare Facility and Hospitals (Recovery Room) | B49: =Zones!B49 -> Floor 1 Step Down | C49: =Zones!K49 -> 2 | D49: =Zones!H49 -> 300 | E49: 15 | F49: =VLOOKUP(A49,A$175:E$197,5,FALSE) -> n/a | I49: =VLOOKUP(A49,A$175:H$197,8,FALSE) -> 0.33333333 | J49: =E49*C49 -> 30 | K49: =IF(F49="n/a",D49*I49,F49*D49) -> 100 | L49: =H49*D49 -> 0 | M49: =MAX(J49:L49) -> 100
A50: =Zones!C50 -> Corridor Area | B50: =Zones!B50 -> Floor 1 Sterile Hall | C50: =Zones!K50 -> 3 | D50: =Zones!H50 -> 616 | E50: 15 | F50: =VLOOKUP(A50,A$175:E$197,5,FALSE) -> 0.15 | I50: =VLOOKUP(A50,A$175:H$197,8,FALSE) -> 0 | J50: =E50*C50 -> 45 | K50: =IF(F50="n/a",D50*I50,F50*D50) -> 92.4 | L50: =H50*D50 -> 0 | M50: =MAX(J50:L50) -> 92.4
A51: =Zones!C51 -> Storage (General) | B51: =Zones!B51 -> Floor 1 Sterile Storage | C51: =Zones!K51 -> 1 | D51: =Zones!H51 -> 396 | E51: 15 | F51: =VLOOKUP(A51,A$175:E$197,5,FALSE) -> 0.15 | I51: =VLOOKUP(A51,A$175:H$197,8,FALSE) -> 0 | J51: =E51*C51 -> 15 | K51: =IF(F51="n/a",D51*I51,F51*D51) -> 59.4 | L51: =H51*D51 -> 0 | M51: =MAX(J51:L51) -> 59.4
A52: =Zones!C52 -> Storage (General) | B52: =Zones!B52 -> Floor 1 Storage | C52: =Zones!K52 -> 2 | D52: =Zones!H52 -> 920 | E52: 15 | F52: =VLOOKUP(A52,A$175:E$197,5,FALSE) -> 0.15 | I52: =VLOOKUP(A52,A$175:H$197,8,FALSE) -> 0 | J52: =E52*C52 -> 30 | K52: =IF(F52="n/a",D52*I52,F52*D52) -> 138 | L52: =H52*D52 -> 0 | M52: =MAX(J52:L52) -> 138
A53: =Zones!C53 -> Corridor Area | B53: =Zones!B53 -> Floor 1 Sub-Sterile | C53: =Zones!K53 -> 1 | D53: =Zones!H53 -> 196 | E53: 15 | F53: =VLOOKUP(A53,A$175:E$197,5,FALSE) -> 0.15 | I53: =VLOOKUP(A53,A$175:H$197,8,FALSE) -> 0 | J53: =E53*C53 -> 15 | K53: =IF(F53="n/a",D53*I53,F53*D53) -> 29.4 | L53: =H53*D53 -> 0 | M53: =MAX(J53:L53) -> 29.4
A54: =Zones!C54 -> Corridor Area | B54: =Zones!B54 -> Floor 1 Utility Hall | C54: =Zones!K54 -> 1 | D54: =Zones!H54 -> 256 | E54: 15 | F54: =VLOOKUP(A54,A$175:E$197,5,FALSE) -> 0.15 | I54: =VLOOKUP(A54,A$175:H$197,8,FALSE) -> 0 | J54: =E54*C54 -> 15 | K54: =IF(F54="n/a",D54*I54,F54*D54) -> 38.4 | L54: =H54*D54 -> 0 | M54: =MAX(J54:L54) -> 38.4
A55: =Zones!C55 -> Storage (General) | B55: =Zones!B55 -> Floor 1 Utility Janitor | C55: =Zones!K55 -> 0 | D55: =Zones!H55 -> 42 | E55: 15 | F55: =VLOOKUP(A55,A$175:E$197,5,FALSE) -> 0.15 | I55: =VLOOKUP(A55,A$175:H$197,8,FALSE) -> 0 | J55: =E55*C55 -> 0 | K55: =IF(F55="n/a",D55*I55,F55*D55) -> 6.3 | L55: =H55*D55 -> 0 | M55: =MAX(J55:L55) -> 6.3
A56: =Zones!C56 -> Storage (General) | B56: =Zones!B56 -> Floor 1 Utility Room | C56: =Zones!K56 -> 1 | D56: =Zones!H56 -> 360 | E56: 15 | F56: =VLOOKUP(A56,A$175:E$197,5,FALSE) -> 0.15 | I56: =VLOOKUP(A56,A$175:H$197,8,FALSE) -> 0 | J56: =E56*C56 -> 15 | K56: =IF(F56="n/a",D56*I56,F56*D56) -> 54 | L56: =H56*D56 -> 0 | M56: =MAX(J56:L56) -> 54
A57: =Zones!C57 -> Corridor Area | B57: =Zones!B57 -> Floor 1 Vestibule | C57: =Zones!K57 -> 0 | D57: =Zones!H57 -> 72 | E57: 15 | F57: =VLOOKUP(A57,A$175:E$197,5,FALSE) -> 0.15 | I57: =VLOOKUP(A57,A$175:H$197,8,FALSE) -> 0 | J57: =E57*C57 -> 0 | K57: =IF(F57="n/a",D57*I57,F57*D57) -> 10.8 | L57: =H57*D57 -> 0 | M57: =MAX(J57:L57) -> 10.8
A58: =Zones!C58 -> Convention, Conference, Multipurpose and Meeting Area | B58: =Zones!B58 -> Floor 2 Conference | C58: =Zones!K58 -> 11.088 | D58: =Zones!H58 -> 336 | E58: 15 | F58: =VLOOKUP(A58,A$175:E$197,5,FALSE) -> 0.15 | I58: =VLOOKUP(A58,A$175:H$197,8,FALSE) -> 0 | J58: =E58*C58 -> 166.32 | K58: =IF(F58="n/a",D58*I58,F58*D58) -> 50.4 | L58: =H58*D58 -> 0 | M58: =MAX(J58:L58) -> 166.32
A59: =Zones!C59 -> Restrooms | B59: =Zones!B59 -> Floor 2 Conference Toilet | C59: =Zones!K59 -> 0 | D59: =Zones!H59 -> 64 | E59: 15 | F59: =VLOOKUP(A11,A$175:E$197,5,FALSE) -> n/a | H59: 50 | I59: =VLOOKUP(A59,A$175:H$197,8,FALSE) -> 0 | J59: =E59*C59 -> 0 | K59: =IF(F59="n/a",D59*I59,F59*D59) -> 0 | L59: =50 -> 50 | M59: =MAX(J59:L59) -> 50 | N59: Toilet rooms, intermittent exhaust 50 cfm per toilet
A60: =Zones!C60 -> Office Area (<250 square feet) | B60: =Zones!B60 -> Floor 2 Dictation | C60: =Zones!K60 -> 0.35 | D60: =Zones!H60 -> 70 | E60: 15 | F60: =VLOOKUP(A60,A$175:E$197,5,FALSE) -> 0.15 | I60: =VLOOKUP(A60,A$175:H$197,8,FALSE) -> 0 | J60: =E60*C60 -> 5.25 | K60: =IF(F60="n/a",D60*I60,F60*D60) -> 10.5 | L60: =H60*D60 -> 0 | M60: =MAX(J60:L60) -> 10.5
A61: =Zones!C61 -> Healthcare Facility and Hospitals (Exam/Treatment Room) | B61: =Zones!B61 -> Floor 2 Exam 1 | C61: =Zones!K61 -> 2 | D61: =Zones!H61 -> 360 | E61: 15 | F61: =VLOOKUP(A61,A$175:E$197,5,FALSE) -> n/a | I61: =VLOOKUP(A61,A$175:H$197,8,FALSE) -> 0.33333333 | J61: =E61*C61 -> 30 | K61: =IF(F61="n/a",D61*I61,F61*D61) -> 120 | L61: =H61*D61 -> 0 | M61: =MAX(J61:L61) -> 120
A62: =Zones!C62 -> Healthcare Facility and Hospitals (Exam/Treatment Room) | B62: =Zones!B62 -> Floor 2 Exam 2 | C62: =Zones!K62 -> 3 | D62: =Zones!H62 -> 540 | E62: 15 | F62: =VLOOKUP(A62,A$175:E$197,5,FALSE) -> n/a | I62: =VLOOKUP(A62,A$175:H$197,8,FALSE) -> 0.33333333 | J62: =E62*C62 -> 45 | K62: =IF(F62="n/a",D62*I62,F62*D62) -> 180 | L62: =H62*D62 -> 0 | M62: =MAX(J62:L62) -> 180
A63: =Zones!C63 -> Healthcare Facility and Hospitals (Exam/Treatment Room) | B63: =Zones!B63 -> Floor 2 Exam 3 | C63: =Zones!K63 -> 4 | D63: =Zones!H63 -> 720 | E63: 15 | F63: =VLOOKUP(A63,A$175:E$197,5,FALSE) -> n/a | I63: =VLOOKUP(A63,A$175:H$197,8,FALSE) -> 0.33333333 | J63: =E63*C63 -> 60 | K63: =IF(F63="n/a",D63*I63,F63*D63) -> 240 | L63: =H63*D63 -> 0 | M63: =MAX(J63:L63) -> 240
A64: =Zones!C64 -> Healthcare Facility and Hospitals (Exam/Treatment Room) | B64: =Zones!B64 -> Floor 2 Exam 4 | C64: =Zones!K64 -> 0 | D64: =Zones!H64 -> 84 | E64: 15 | F64: =VLOOKUP(A64,A$175:E$197,5,FALSE) -> n/a | I64: =VLOOKUP(A64,A$175:H$197,8,FALSE) -> 0.33333333 | J64: =E64*C64 -> 0 | K64: =IF(F64="n/a",D64*I64,F64*D64) -> 28 | L64: =H64*D64 -> 0 | M64: =MAX(J64:L64) -> 28
A65: =Zones!C65 -> Healthcare Facility and Hospitals (Exam/Treatment Room) | B65: =Zones!B65 -> Floor 2 Exam 5 | C65: =Zones!K65 -> 2 | D65: =Zones!H65 -> 350 | E65: 15 | F65: =VLOOKUP(A65,A$175:E$197,5,FALSE) -> n/a | I65: =VLOOKUP(A65,A$175:H$197,8,FALSE) -> 0.33333333 | J65: =E65*C65 -> 30 | K65: =IF(F65="n/a",D65*I65,F65*D65) -> 116.66667 | L65: =H65*D65 -> 0 | M65: =MAX(J65:L65) -> 116.66667
A66: =Zones!C66 -> Healthcare Facility and Hospitals (Exam/Treatment Room) | B66: =Zones!B66 -> Floor 2 Exam 6 | C66: =Zones!K66 -> 1 | D66: =Zones!H66 -> 225 | E66: 15 | F66: =VLOOKUP(A66,A$175:E$197,5,FALSE) -> n/a | I66: =VLOOKUP(A66,A$175:H$197,8,FALSE) -> 0.33333333 | J66: =E66*C66 -> 15 | K66: =IF(F66="n/a",D66*I66,F66*D66) -> 75 | L66: =H66*D66 -> 0 | M66: =MAX(J66:L66) -> 75
A67: =Zones!C67 -> Healthcare Facility and Hospitals (Exam/Treatment Room) | B67: =Zones!B67 -> Floor 2 Exam 7 | C67: =Zones!K67 -> 4 | D67: =Zones!H67 -> 792 | E67: 15 | F67: =VLOOKUP(A67,A$175:E$197,5,FALSE) -> n/a | I67: =VLOOKUP(A67,A$175:H$197,8,FALSE) -> 0.33333333 | J67: =E67*C67 -> 60 | K67: =IF(F67="n/a",D67*I67,F67*D67) -> 264 | L67: =H67*D67 -> 0 | M67: =MAX(J67:L67) -> 264
A68: =Zones!C68 -> Healthcare Facility and Hospitals (Exam/Treatment Room) | B68: =Zones!B68 -> Floor 2 Exam 8 | C68: =Zones!K68 -> 1 | D68: =Zones!H68 -> 270 | E68: 15 | F68: =VLOOKUP(A68,A$175:E$197,5,FALSE) -> n/a | I68: =VLOOKUP(A68,A$175:H$197,8,FALSE) -> 0.33333333 | J68: =E68*C68 -> 15 | K68: =IF(F68="n/a",D68*I68,F68*D68) -> 90 | L68: =H68*D68 -> 0 | M68: =MAX(J68:L68) -> 90
A69: =Zones!C69 -> Healthcare Facility and Hospitals (Exam/Treatment Room) | B69: =Zones!B69 -> Floor 2 Exam 9 | C69: =Zones!K69 -> 2 | D69: =Zones!H69 -> 396 | E69: 15 | F69: =VLOOKUP(A69,A$175:E$197,5,FALSE) -> n/a | I69: =VLOOKUP(A69,A$175:H$197,8,FALSE) -> 0.33333333 | J69: =E69*C69 -> 30 | K69: =IF(F69="n/a",D69*I69,F69*D69) -> 132 | L69: =H69*D69 -> 0 | M69: =MAX(J69:L69) -> 132
A70: =Zones!C70 -> Corridor Area | B70: =Zones!B70 -> Floor 2 Exam Hall 1 | C70: =Zones!K70 -> 1 | D70: =Zones!H70 -> 180 | E70: 15 | F70: =VLOOKUP(A70,A$175:E$197,5,FALSE) -> 0.15 | I70: =VLOOKUP(A70,A$175:H$197,8,FALSE) -> 0 | J70: =E70*C70 -> 15 | K70: =IF(F70="n/a",D70*I70,F70*D70) -> 27 | L70: =H70*D70 -> 0 | M70: =MAX(J70:L70) -> 27
A71: =Zones!C71 -> Corridor Area | B71: =Zones!B71 -> Floor 2 Exam Hall 2 | C71: =Zones!K71 -> 1 | D71: =Zones!H71 -> 180 | E71: 15 | F71: =VLOOKUP(A71,A$175:E$197,5,FALSE) -> 0.15 | I71: =VLOOKUP(A71,A$175:H$197,8,FALSE) -> 0 | J71: =E71*C71 -> 15 | K71: =IF(F71="n/a",D71*I71,F71*D71) -> 27 | L71: =H71*D71 -> 0 | M71: =MAX(J71:L71) -> 27
... A83: =Zones!C83 -> Corridor Area | B83: =Zones!B83 -> Floor 2 Reception Hall | C83: =Zones!K83 -> 3 | D83: =Zones!H83 -> 564 | E83: 15 | F83: =VLOOKUP(A83,A$175:E$197,5,FALSE) -> 0.15 | I83: =VLOOKUP(A83,A$175:H$197,8,FALSE) -> 0 | J83: =E83*C83 -> 45 | K83: =IF(F83="n/a",D83*I83,F83*D83) -> 84.6 | L83: =H83*D83 -> 0 | M83: =MAX(J83:L83) -> 84.6
A84: =Zones!C84 -> Restrooms | B84: =Zones!B84 -> Floor 2 Reception Toilet | C84: =Zones!K84 -> 1 | D84: =Zones!H84 -> 126 | E84: 15 | F84: =VLOOKUP(A11,A$175:E$197,5,FALSE) -> n/a | H84: =3*50 -> 150 | I84: =VLOOKUP(A84,A$175:H$197,8,FALSE) -> 0 | J84: =E84*C84 -> 15 | K84: =IF(F84="n/a",D84*I84,F84*D84) -> 0 | L84: =H84 -> 150 | M84: =MAX(J84:L84) -> 150 | N84: Toilet rooms, intermittent exhaust 50 cfm per toilet
A85: =Zones!C85 -> Office Area (>250 square feet) | B85: =Zones!B85 -> Floor 2 Scheduling 1 | C85: =Zones!K85 -> 1.62 | D85: =Zones!H85 -> 324 | E85: 15 | F85: =VLOOKUP(A85,A$175:E$197,5,FALSE) -> 0.15 | I85: =VLOOKUP(A85,A$175:H$197,8,FALSE) -> 0 | J85: =E85*C85 -> 24.3 | K85: =IF(F85="n/a",D85*I85,F85*D85) -> 48.6 | L85: =H85*D85 -> 0 | M85: =MAX(J85:L85) -> 48.6
A86: =Zones!C86 -> Office Area (>250 square feet) | B86: =Zones!B86 -> Floor 2 Scheduling 2 | C86: =Zones!K86 -> 1.71 | D86: =Zones!H86 -> 342 | E86: 15 | F86: =VLOOKUP(A86,A$175:E$197,5,FALSE) -> 0.15 | I86: =VLOOKUP(A86,A$175:H$197,8,FALSE) -> 0 | J86: =E86*C86 -> 25.65 | K86: =IF(F86="n/a",D86*I86,F86*D86) -> 51.3 | L86: =H86*D86 -> 0 | M86: =MAX(J86:L86) -> 51.3
A87: =Zones!C87 -> Storage (General) | B87: =Zones!B87 -> Floor 2 Storage 1 | C87: =Zones!K87 -> 0 | D87: =Zones!H87 -> 56 | E87: 15 | F87: =VLOOKUP(A87,A$175:E$197,5,FALSE) -> 0.15 | I87: =VLOOKUP(A87,A$175:H$197,8,FALSE) -> 0 | J87: =E87*C87 -> 0 | K87: =IF(F87="n/a",D87*I87,F87*D87) -> 8.4 | L87: =H87*D87 -> 0 | M87: =MAX(J87:L87) -> 8.4
A88: =Zones!C88 -> Storage (General) | B88: =Zones!B88 -> Floor 2 Storage 2 | C88: =Zones!K88 -> 0 | D88: =Zones!H88 -> 120 | E88: 15 | F88: =VLOOKUP(A88,A$175:E$197,5,FALSE) -> 0.15 | I88: =VLOOKUP(A88,A$175:H$197,8,FALSE) -> 0 | J88: =E88*C88 -> 0 | K88: =IF(F88="n/a",D88*I88,F88*D88) -> 18 | L88: =H88*D88 -> 0 | M88: =MAX(J88:L88) -> 18
A89: =Zones!C89 -> Storage (General) | B89: =Zones!B89 -> Floor 2 Storage 3 | C89: =Zones!K89 -> 0 | D89: =Zones!H89 -> 144 | E89: 15 | F89: =VLOOKUP(A89,A$175:E$197,5,FALSE) -> 0.15 | I89: =VLOOKUP(A89,A$175:H$197,8,FALSE) -> 0 | J89: =E89*C89 -> 0 | K89: =IF(F89="n/a",D89*I89,F89*D89) -> 21.6 | L89: =H89*D89 -> 0 | M89: =MAX(J89:L89) -> 21.6
A90: =Zones!C90 -> Storage (General) | B90: =Zones!B90 -> Floor 2 Utility | C90: =Zones!K90 -> 0 | D90: =Zones!H90 -> 126 | E90: 15 | F90: =VLOOKUP(A90,A$175:E$197,5,FALSE) -> 0.15 | I90: =VLOOKUP(A90,A$175:H$197,8,FALSE) -> 0 | J90: =E90*C90 -> 0 | K90: =IF(F90="n/a",D90*I90,F90*D90) -> 18.9 | L90: =H90*D90 -> 0 | M90: =MAX(J90:L90) -> 18.9
A91: =Zones!C91 -> Office Area (>250 square feet) | B91: =Zones!B91 -> Floor 2 Work | C91: =Zones!K91 -> 8.45 | D91: =Zones!H91 -> 1690 | E91: 15 | F91: =VLOOKUP(A91,A$175:E$197,5,FALSE) -> 0.15 | I91: =VLOOKUP(A91,A$175:H$197,8,FALSE) -> 0 | J91: =E91*C91 -> 126.75 | K91: =IF(F91="n/a",D91*I91,F91*D91) -> 253.5 | L91: =H91*D91 -> 0 | M91: =MAX(J91:L91) -> 253.5
A92: =Zones!C92 -> Corridor Area | B92: =Zones!B92 -> Floor 2 Work Hall | C92: =Zones!K92 -> 4 | D92: =Zones!H92 -> 834 | E92: 15 | F92: =VLOOKUP(A92,A$175:E$197,5,FALSE) -> 0.15 | I92: =VLOOKUP(A92,A$175:H$197,8,FALSE) -> 0 | J92: =E92*C92 -> 60 | K92: =IF(F92="n/a",D92*I92,F92*D92) -> 125.1 | L92: =H92*D92 -> 0 | M92: =MAX(J92:L92) -> 125.1
A93: =Zones!C93 -> Restrooms | B93: =Zones!B93 -> Floor 2 Work Toilet | C93: =Zones!K93 -> 0 | D93: =Zones!H93 -> 54 | E93: 15 | F93: =VLOOKUP(A11,A$175:E$197,5,FALSE) -> n/a | H93: 50 | I93: =VLOOKUP(A93,A$175:H$197,8,FALSE) -> 0 | J93: =E93*C93 -> 0 | K93: =IF(F93="n/a",D93*I93,F93*D93) -> 0 | L93: =H93 -> 50 | M93: =MAX(J93:L93) -> 50 | N93: Toilet rooms, intermittent exhaust 50 cfm per toilet
A94: =Zones!C94 -> Healthcare Facility and Hospitals (Imaging Room) | B94: =Zones!B94 -> Floor 2 X-Ray | C94: =Zones!K94 -> 5 | D94: =Zones!H94 -> 900 | E94: 15 | F94: =VLOOKUP(A94,A$175:E$197,5,FALSE) -> n/a | G94: 2.02 | I94: =VLOOKUP(A94,A$175:H$197,8,FALSE) -> 0.33333333 | J94: =E94*C94 -> 75 | K94: =IF(F94="n/a",D94*I94,F94*D94) -> 300 | L94: =G94*D94 -> 1818 | M94: =MAX(J94:L94) -> 1818 | N94: Exhaust Rate assumed according to PNNL outpatient model.The PNNL outpatient model used ASHRAE 170 / CMC Table 4-A (Negative Pressure X-ray room , exhaust Required))
A95: =Zones!C95 -> Office Area (<250 square feet) | B95: =Zones!B95 -> Floor 3 Dressing Room | C95: =Zones!K95 -> 0.21 | D95: =Zones!H95 -> 42 | E95: 15 | F95: =VLOOKUP(A95,A$175:E$197,5,FALSE) -> 0.15 | I95: =VLOOKUP(A95,A$175:H$197,8,FALSE) -> 0 | J95: =E95*C95 -> 3.15 | K95: =IF(F95="n/a",D95*I95,F95*D95) -> 6.3 | L95: =H95*D95 -> 0 | M95: =MAX(J95:L95) -> 6.3
A96: =Zones!C96 -> Corridor Area | B96: =Zones!B96 -> Floor 3 Elevator Hall | C96: =Zones!K96 -> 2 | D96: =Zones!H96 -> 370 | E96: 15 | F96: =VLOOKUP(A96,A$175:E$197,5,FALSE) -> 0.15 | I96: =VLOOKUP(A96,A$175:H$197,8,FALSE) -> 0 | J96: =E96*C96 -> 30 | K96: =IF(F96="n/a",D96*I96,F96*D96) -> 55.5 | L96: =H96*D96 -> 0 | M96: =MAX(J96:L96) -> 55.5
A97: =Zones!C97 -> Office Area (<250 square feet) | B97: =Zones!B97 -> Floor 3 Humid | C97: =Zones!K97 -> 0.54 | D97: =Zones!H97 -> 108 | E97: 15 | F97: =VLOOKUP(A97,A$175:E$197,5,FALSE) -> 0.15 | I97: =VLOOKUP(A97,A$175:H$197,8,FALSE) -> 0 | J97: =E97*C97 -> 8.1 | K97: =IF(F97="n/a",D97*I97,F97*D97) -> 16.2 | L97: =H97*D97 -> 0 | M97: =MAX(J97:L97) -> 16.2
A98: =Zones!C98 -> Storage (General) | B98: =Zones!B98 -> Floor 3 Janitor | C98: =Zones!K98 -> 0 | D98: =Zones!H98 -> 63 | E98: 15 | F98: =VLOOKUP(A98,A$175:E$197,5,FALSE) -> 0.15 | I98: =VLOOKUP(A98,A$175:H$197,8,FALSE) -> 0 | J98: =E98*C98 -> 0 | K98: =IF(F98="n/a",D98*I98,F98*D98) -> 9.45 | L98: =H98*D98 -> 0 | M98: =MAX(J98:L98) -> 9.45
A99: =Zones!C99 -> Locker Room | B99: =Zones!B99 -> Floor 3 Locker | C99: =Zones!K99 -> 1 | D99: =Zones!H99 -> 120 | E99: 15 | F99: =VLOOKUP(A99,A$175:E$197,5,FALSE) -> n/a | G99: 0.25 | I99: =VLOOKUP(A99,A$175:H$197,8,FALSE) -> 0 | J99: =E99*C99 -> 15 | K99: =IF(F99="n/a",D99*I99,F99*D99) -> 0 | L99: =G99*D99 -> 30 | M99: =MAX(J99:L99) -> 30
A100: =Zones!C100 -> Lounge, Breakroom, or Waiting Area | B100: =Zones!B100 -> Floor 3 Lounge | C100: =Zones!K100 -> 25 | D100: =Zones!H100 -> 759 | E100: 15 | F100: =VLOOKUP(A100,A$175:E$197,5,FALSE) -> 0.15 | I100: =VLOOKUP(A100,A$175:H$197,8,FALSE) -> 0 | J100: =E100*C100 -> 375 | K100: =IF(F100="n/a",D100*I100,F100*D100) -> 113.85 | L100: =H100*D100 -> 0 | M100: =MAX(J100:L100) -> 375
A101: =Zones!C101 -> Restrooms | B101: =Zones!B101 -> Floor 3 Lounge Toilet | C101: =Zones!K101 -> 1 | D101: =Zones!H101 -> 192 | E101: 15 | F101: =VLOOKUP(A11,A$175:E$197,5,FALSE) -> n/a | H101: =4*50 -> 200 | I101: =VLOOKUP(A101,A$175:H$197,8,FALSE) -> 0 | J101: =E101*C101 -> 15 | K101: =IF(F101="n/a",D101*I101,F101*D101) -> 0 | L101: =H101 -> 200 | M101: =MAX(J101:L101) -> 200 | N101: Toilet rooms, intermittent exhaust 50 cfm per toilet
A102: =Zones!C102 -> Electrical, Mechanical, Telephone Rooms | B102: =Zones!B102 -> Floor 3 Mechanical | C102: =Zones!K102 -> 1 | D102: =Zones!H102 -> 350 | E102: 15 | F102: =VLOOKUP(A102,A$175:E$197,5,FALSE) -> n/a | I102: =VLOOKUP(A102,A$175:H$197,8,FALSE) -> 0 | J102: =E102*C102 -> 15 | K102: =IF(F102="n/a",D102*I102,F102*D102) -> 0 | L102: =H102*D102 -> 0 | M102: =MAX(J102:L102) -> 15
A103: =Zones!C103 -> Corridor Area | B103: =Zones!B103 -> Floor 3 Mechanical Hall | C103: =Zones!K103 -> 2 | D103: =Zones!H103 -> 300 | E103: 15 | F103: =VLOOKUP(A103,A$175:E$197,5,FALSE) -> 0.15 | I103: =VLOOKUP(A103,A$175:H$197,8,FALSE) -> 0 | J103: =E103*C103 -> 30 | K103: =IF(F103="n/a",D103*I103,F103*D103) -> 45 | L103: =H103*D103 -> 0 | M103: =MAX(J103:L103) -> 45
A104: =Zones!C104 -> Office Area (>250 square feet) | B104: =Zones!B104 -> Floor 3 Office | C104: =Zones!K104 -> 15.18 | D104: =Zones!H104 -> 3036 | E104: 15 | F104: =VLOOKUP(A104,A$175:E$197,5,FALSE) -> 0.15 | I104: =VLOOKUP(A104,A$175:H$197,8,FALSE) -> 0 | J104: =E104*C104 -> 227.7 | K104: =IF(F104="n/a",D104*I104,F104*D104) -> 455.4 | L104: =H104*D104 -> 0 | M104: =MAX(J104:L104) -> 455.4
A105: =Zones!C105 -> Corridor Area | B105: =Zones!B105 -> Floor 3 Office Hall | C105: =Zones!K105 -> 4 | D105: =Zones!H105 -> 834 | E105: 15 | F105: =VLOOKUP(A105,A$175:E$197,5,FALSE) -> 0.15 | I105: =VLOOKUP(A105,A$175:H$197,8,FALSE) -> 0 | J105: =E105*C105 -> 60 | K105: =IF(F105="n/a",D105*I105,F105*D105) -> 125.1 | L105: =H105*D105 -> 0 | M105: =MAX(J105:L105) -> 125.1
A106: =Zones!C106 -> Restrooms | B106: =Zones!B106 -> Floor 3 Office Toilet | C106: =Zones!K106 -> 0 | D106: =Zones!H106 -> 54 | E106: 15 | F106: =VLOOKUP(A11,A$175:E$197,5,FALSE) -> n/a | H106: 50 | I106: =VLOOKUP(A106,A$175:H$197,8,FALSE) -> 0 | J106: =E106*C106 -> 0 | K106: =IF(F106="n/a",D106*I106,F106*D106) -> 0 | L106: =H106 -> 50 | M106: =MAX(J106:L106) -> 50 | N106: Toilet rooms, intermittent exhaust 50 cfm per toilet
A107: =Zones!C107 -> Healthcare Facility and Hospitals (Physical Therapy Room) | B107: =Zones!B107 -> Floor 3 Physical Therapy 1 | C107: =Zones!K107 -> 7 | D107: =Zones!H107 -> 1300 | E107: 15 | F107: =VLOOKUP(A107,A$175:E$197,5,FALSE) -> n/a | I107: =VLOOKUP(A107,A$175:H$197,8,FALSE) -> 0.33333333 | J107: =E107*C107 -> 105 | K107: =IF(F107="n/a",D107*I107,F107*D107) -> 433.33333 | L107: =H107*D107 -> 0 | M107: =MAX(J107:L107) -> 433.33333
A108: =Zones!C108 -> Healthcare Facility and Hospitals (Physical Therapy Room) | B108: =Zones!B108 -> Floor 3 Physical Therapy 2 | C108: =Zones!K108 -> 3 | D108: =Zones!H108 -> 592 | E108: 15 | F108: =VLOOKUP(A108,A$175:E$197,5,FALSE) -> n/a | I108: =VLOOKUP(A108,A$175:H$197,8,FALSE) -> 0.33333333 | J108: =E108*C108 -> 45 | K108: =IF(F108="n/a",D108*I108,F108*D108) -> 197.33333 | L108: =H108*D108 -> 0 | M108: =MAX(J108:L108) -> 197.33333
A109: =Zones!C109 -> Restrooms | B109: =Zones!B109 -> Floor 3 Physical Therapy Toilet | C109: =Zones!K109 -> 0 | D109: =Zones!H109 -> 84 | E109: 15 | F109: =VLOOKUP(A109,A$175:E$197,5,FALSE) -> n/a | H109: =2*50 -> 100 | I109: =VLOOKUP(A109,A$175:H$197,8,FALSE) -> 0 | J109: =E109*C109 -> 0 | K109: =IF(F109="n/a",D109*I109,F109*D109) -> 0 | L109: =H109 -> 100 | M109: =MAX(J109:L109) -> 100 | N109: Toilet rooms, intermittent exhaust 50 cfm per toilet
A110: =Zones!C110 -> Storage (General) | B110: =Zones!B110 -> Floor 3 Storage 1 | C110: =Zones!K110 -> 0 | D110: =Zones!H110 -> 108 | E110: 15 | F110: =VLOOKUP(A110,A$175:E$197,5,FALSE) -> 0.15 | I110: =VLOOKUP(A110,A$175:H$197,8,FALSE) -> 0 | J110: =E110*C110 -> 0 | K110: =IF(F110="n/a",D110*I110,F110*D110) -> 16.2 | L110: =G110*D110 -> 0 | M110: =MAX(J110:L110) -> 16.2
A111: =Zones!C111 -> Storage (General) | B111: =Zones!B111 -> Floor 3 Storage 2 | C111: =Zones!K111 -> 0 | D111: =Zones!H111 -> 84 | E111: 15 | F111: =VLOOKUP(A111,A$175:E$197,5,FALSE) -> 0.15 | I111: =VLOOKUP(A111,A$175:H$197,8,FALSE) -> 0 | J111: =E111*C111 -> 0 | K111: =IF(F111="n/a",D111*I111,F111*D111) -> 12.6 | L111: =G111*D111 -> 0 | M111: =MAX(J111:L111) -> 12.6
...

Sheet Water Heater
A1: ="Water Heater - "&Prototype!A2 -> Water Heater - Outpatient
A2: Vintage | B2: WH Type | C2: Efficiency | D2: Number of WH | E2: Tank Volume (gal) | F2: Tank Loss | G2: Source
A3: Existing | B3: Gas | C3: 0.8 | D3: 1 | E3: See table below for CZ-specific values: Climate Zone Water Heater Sizing and Loss Coefficients, Storage Volume column (col F) | F3: See table below: Climate Zone Water Heater Sizing and Loss Coefficients, Standby Loss column (col G) | G3: See table below for sources: Climate Zone Water Heater Sizing and Loss Coefficients
A4: New Construction | B4: Gas | C4: 0.8 | D4: 1 | E4: =E3 -> See table below for CZ-specific values: Climate Zone Water Heater Sizing and Loss Coefficients, Storage Volume column (col F) | F4: =F3 -> See table below: Climate Zone Water Heater Sizing and Loss Coefficients, Standby Loss column (col G) | G4: =G3 -> See table below for sources: Climate Zone Water Heater Sizing and Loss Coefficients
A7: Peak Hot Water Consumption
A8: Space Name | B8: Baseline WH Type [CEUS 2022] | C8: Total Area (ft²) | E8: Number of People | F8: Hot Water Usage Specification (gal/hr per person) [T24, 2022, Appendix 5.4A , sheet: "2022 SpaceFuncData-Input"] | G8: Peak Hot Water Usage (gal/hr) | H8: Peak Hot Water Usage (gal/min) | I8: Note
A9: =Zones!B3 -> Floor 1 Anesthesia | B9: Gas | C9: =Zones!H3 -> 108 | E9: =Zones!K3 -> 1 | F9: =VLOOKUP(Zones!C3,'Water Heater'!$A$205:$B$226, 2, FALSE) -> 0.24 | G9: =F9*E9 -> 0.24 | H9: =G9/60 -> 0.004 | I9: For space types marked with an asterisk (the ‘*’ symbol), the water‑heater type is listed as electric in Appendix 5.4A, sheet ‘2022 SpaceFuncData‑Input.’ However, we modified the value based on CEUS data, which indicates that gas is the primary fuel type.
A10: =Zones!B4 -> Floor 1 Bio Haz | B10: Gas | C10: =Zones!H4 -> 56 | E10: =Zones!K4 -> 0 | F10: =VLOOKUP(Zones!C4,'Water Heater'!$A$205:$B$226, 2, FALSE) -> 0.24 | G10: =F10*E10 -> 0 | H10: =G10/60 -> 0
A11: =Zones!B5 -> Floor 1 Café | B11: Gas | C11: =Zones!H5 -> 420 | E11: =Zones!K5 -> 14 | F11: =VLOOKUP(Zones!C5,'Water Heater'!$A$205:$B$226, 2, FALSE) -> 0.578 | G11: =F11*E11 -> 8.092 | H11: =G11/60 -> 0.13486667
A12: =Zones!B6 -> Floor 1 Clean | B12: Gas | C12: =Zones!H6 -> 126 | E12: =Zones!K6 -> 1 | F12: =VLOOKUP(Zones!C6,'Water Heater'!$A$205:$B$226, 2, FALSE) -> 0.24 | G12: =F12*E12 -> 0.24 | H12: =G12/60 -> 0.004
A13: =Zones!B7 -> Floor 1 Clean Work | B13: Gas | C13: =Zones!H7 -> 165 | E13: =Zones!K7 -> 1 | F13: =VLOOKUP(Zones!C7,'Water Heater'!$A$205:$B$226, 2, FALSE) -> 0.24 | G13: =F13*E13 -> 0.24 | H13: =G13/60 -> 0.004
A14: =Zones!B8 -> Floor 1 Dictation | B14: Gas | C14: =Zones!H8 -> 126 | E14: =Zones!K8 -> 0.63 | F14: =VLOOKUP(Zones!C8,'Water Heater'!$A$205:$B$226, 2, FALSE) -> 0.18 | G14: =F14*E14 -> 0.1134 | H14: =G14/60 -> 0.00189
A15: =Zones!B9 -> Floor 1 Dressing Room | B15: Gas | C15: =Zones!H9 -> 45 | E15: =Zones!K9 -> 0.225 | F15: =VLOOKUP(Zones!C9,'Water Heater'!$A$205:$B$226, 2, FALSE) -> 0.18 | G15: =F15*E15 -> 0.0405 | H15: =G15/60 -> 0.000675
A16: =Zones!B10 -> Floor 1 Electrical Room | B16: Gas | C16: =Zones!H10 -> 98 | E16: =Zones!K10 -> 0 | F16: =VLOOKUP(Zones!C10,'Water Heater'!$A$205:$B$226, 2, FALSE) -> 0.18 | G16: =F16*E16 -> 0 | H16: =G16/60 -> 0
A17: =Zones!B11 -> Floor 1 Elevator Pump Room | B17: Gas | C17: =Zones!H11 -> 91 | E17: =Zones!K11 -> 0 | F17: =VLOOKUP(Zones!C11,'Water Heater'!$A$205:$B$226, 2, FALSE) -> 0.18 | G17: =F17*E17 -> 0 | H17: =G17/60 -> 0
A18: =Zones!B12 -> Floor 1 Humid | B18: Gas | C18: =Zones!H12 -> 54 | E18: =Zones!K12 -> 0.27 | F18: =VLOOKUP(Zones!C12,'Water Heater'!$A$205:$B$226, 2, FALSE) -> 0.18 | G18: =F18*E18 -> 0.0486 | H18: =G18/60 -> 0.00081
A19: =Zones!B13 -> Floor 1 IT Hall | B19: Gas | C19: =Zones!H13 -> 140 | E19: =Zones!K13 -> 1 | F19: =VLOOKUP(Zones!C13,'Water Heater'!$A$205:$B$226, 2, FALSE) -> 0 | G19: =F19*E19 -> 0 | H19: =G19/60 -> 0
A20: =Zones!B14 -> Floor 1 IT Room | B20: Gas | C20: =Zones!H14 -> 112 | E20: =Zones!K14 -> 0.56 | F20: =VLOOKUP(Zones!C14,'Water Heater'!$A$205:$B$226, 2, FALSE) -> 0.18 | G20: =F20*E20 -> 0.1008 | H20: =G20/60 -> 0.00168
A21: =Zones!B15 -> Floor 1 Lobby | B21: Gas | C21: =Zones!H15 -> 622 | E21: =Zones!K15 -> 21 | F21: =VLOOKUP(Zones!C15,'Water Heater'!$A$205:$B$226, 2, FALSE) -> 0.09 | G21: =F21*E21 -> 1.89 | H21: =G21/60 -> 0.0315
... A123: =Zones!B117 -> NE Stair | B123: Gas | C123: =Zones!H117 -> 168 | E123: =Zones!K117 -> 1 | F123: =VLOOKUP(Zones!C117,'Water Heater'!$A$205:$B$226, 2, FALSE) -> 0 | G123: =F123*E123 -> 0 | H123: =G123/60 -> 0
A124: =Zones!B118 -> NW Elevator | B124: Gas | C124: =Zones!H118 -> 140 | E124: =Zones!K118 -> 0 | F124: 0 | G124: =F124*E124 -> 0 | H124: =G124/60 -> 0
A125: =Zones!B119 -> NW Stair | B125: Gas | C125: =Zones!H119 -> 192 | E125: =Zones!K119 -> 1 | F125: =VLOOKUP(Zones!C119,'Water Heater'!$A$205:$B$226, 2, FALSE) -> 0 | G125: =F125*E125 -> 0 | H125: =G125/60 -> 0
A126: =Zones!B120 -> SW Stair | B126: Gas | C126: =Zones!H120 -> 96 | E126: =Zones!K120 -> 0 | F126: =VLOOKUP(Zones!C120,'Water Heater'!$A$205:$B$226, 2, FALSE) -> 0 | G126: =F126*E126 -> 0 | H126: =G126/60 -> 0
A127: Total | B127: Gas storage | G127: =_xlfn.LET( _xlpm.g,SUMIF($B$9:$B$126,"Gas*",$G$9:$G$126), _xlpm.e,SUMIF($B$9:$B$126,"Electric*",$G$9:$G$126), IF(AND(_xlpm.g>0,_xlpm.e>0),_xlpm.g,IF(_xlpm.g>0,MAX(75,_xlpm.g),0))) -> 75 | I127: Minimum peak hot water usage is 75 gal according to ACM 2025
A128: Total | B128: Electric resistance | G128: =_xlfn.LET( _xlpm.g,SUMIF($B$9:$B$126,"Gas*",$G$9:$G$126), _xlpm.e,SUMIF($B$9:$B$126,"Electric*",$G$9:$G$126), IF(AND(_xlpm.g>0,_xlpm.e>0),_xlpm.e,IF(_xlpm.e>0,MAX(75,_xlpm.e),0))) -> 0
A132: Design supply temperature (°F) | B132: 135 | C132: CEC-400-2022-009-CMF-REV2-AP5.4B
A133: WH system factor | B133: 0.6 | C133: 2025 ACM §5.9.2 Rated Capacity
A134: Water mass conversion (lb/gal) | B134: 8.2877 | C134: 2025 ACM §5.9.2 Rated Capacity
A135: Reheat multiplier | B135: 0.4 | C135: 2025 ACM §5.9.2 Storage Volume
A136: Climate Zone Water Heater Sizing and Loss Coefficients
A137: Climate Zone | B137: Minimum Monthly Mains Temp (°F) [T24 2022 - Appendix 5.4B] | C137: Heat Output (Btu/hr) [ACM, 2025, 5.9.2: Rated capacity section] | E137: WH Capacity (Btu/hr) [ACM, 2025, 5.9.2: Rated capacity section] | F137: Required Energy Input (Btu/hr) | G137: Storage Volume (gal) | H137: Standby Loss [Title 20, §1605.1 Table F-4; Appendix B: Water Heating Calculation Method] | J137: Off/On Cycle Loss Coefficient to Ambient Temp | L137: Source/Note
A138: CZ01 | B138: 47.9 | C138: =$G$127*($B$132-B138)*$B$134 -> 54139.4 | E138: =C138*$B$133 -> 32483.64 | F138: =_xlfn.LET(_xlpm.x,_xlfn.XLOOKUP(E138/$C$3,$A$159:$A$189,$A$159:$A$189,"",1),IF(_xlpm.x="",ROUNDUP(E138/$C$3,0),_xlpm.x)) -> 60000 | G138: =_xlfn.LET(_xlpm.v,MAX(30,$G$127*$B$135),_xlpm.x,_xlfn.XLOOKUP(_xlpm.v,$F$159:$F$177,$F$159:$F$177,"",1),IF(_xlpm.x="",ROUNDUP(_xlpm.v,0),_xlpm.x)) -> 34 | H138: =(F138/800)+110*SQRT(G138) -> 716.40471 | I138: Btu/hr | J138: =H138/70 -> 10.234353 | K138: Btu/h·°F | L138: Required Energy Input: vendor/available catalog size (Market data table). Storage Volume: standard/available catalog tank size (Market data table).
A139: CZ02 | B139: 50.8 | C139: =$G$127*($B$132-B139)*$B$134 -> 52336.825 | E139: =C139*$B$133 -> 31402.095 | F139: =_xlfn.LET(_xlpm.x,_xlfn.XLOOKUP(E139/$C$3,$A$159:$A$189,$A$159:$A$189,"",1),IF(_xlpm.x="",ROUNDUP(E139/$C$3,0),_xlpm.x)) -> 60000 | G139: =_xlfn.LET(_xlpm.v,MAX(30,$G$127*$B$135),_xlpm.x,_xlfn.XLOOKUP(_xlpm.v,$F$159:$F$177,$F$159:$F$177,"",1),IF(_xlpm.x="",ROUNDUP(_xlpm.v,0),_xlpm.x)) -> 34 | H139: =(F139/800)+110*SQRT(G139) -> 716.40471 | I139: Btu/hr | J139: =H139/70 -> 10.234353 | K139: Btu/h·°F
A140: CZ03 | B140: 52.2 | C140: =$G$127*($B$132-B140)*$B$134 -> 51466.617 | E140: =C140*$B$133 -> 30879.97 | F140: =_xlfn.LET(_xlpm.x,_xlfn.XLOOKUP(E140/$C$3,$A$159:$A$189,$A$159:$A$189,"",1),IF(_xlpm.x="",ROUNDUP(E140/$C$3,0),_xlpm.x)) -> 60000 | G140: =_xlfn.LET(_xlpm.v,MAX(30,$G$127*$B$135),_xlpm.x,_xlfn.XLOOKUP(_xlpm.v,$F$159:$F$177,$F$159:$F$177,"",1),IF(_xlpm.x="",ROUNDUP(_xlpm.v,0),_xlpm.x)) -> 34 | H140: =(F140/800)+110*SQRT(G140) -> 716.40471 | I140: Btu/hr | J140: =H140/70 -> 10.234353 | K140: Btu/h·°F
A141: CZ04 | B141: 52.7 | C141: =$G$127*($B$132-B141)*$B$134 -> 51155.828 | E141: =C141*$B$133 -> 30693.497 | F141: =_xlfn.LET(_xlpm.x,_xlfn.XLOOKUP(E141/$C$3,$A$159:$A$189,$A$159:$A$189,"",1),IF(_xlpm.x="",ROUNDUP(E141/$C$3,0),_xlpm.x)) -> 60000 | G141: =_xlfn.LET(_xlpm.v,MAX(30,$G$127*$B$135),_xlpm.x,_xlfn.XLOOKUP(_xlpm.v,$F$159:$F$177,$F$159:$F$177,"",1),IF(_xlpm.x="",ROUNDUP(_xlpm.v,0),_xlpm.x)) -> 34 | H141: =(F141/800)+110*SQRT(G141) -> 716.40471 | I141: Btu/hr | J141: =H141/70 -> 10.234353 | K141: Btu/h·°F
A142: CZ05 | B142: 51.6 | C142: =$G$127*($B$132-B142)*$B$134 -> 51839.563 | E142: =C142*$B$133 -> 31103.738 | F142: =_xlfn.LET(_xlpm.x,_xlfn.XLOOKUP(E142/$C$3,$A$159:$A$189,$A$159:$A$189,"",1),IF(_xlpm.x="",ROUNDUP(E142/$C$3,0),_xlpm.x)) -> 60000 | G142: =_xlfn.LET(_xlpm.v,MAX(30,$G$127*$B$135),_xlpm.x,_xlfn.XLOOKUP(_xlpm.v,$F$159:$F$177,$F$159:$F$177,"",1),IF(_xlpm.x="",ROUNDUP(_xlpm.v,0),_xlpm.x)) -> 34 | H142: =(F142/800)+110*SQRT(G142) -> 716.40471 | I142: Btu/hr | J142: =H142/70 -> 10.234353 | K142: Btu/h·°F
A143: CZ06 | B143: 56.8 | C143: =$G$127*($B$132-B143)*$B$134 -> 48607.36 | E143: =C143*$B$133 -> 29164.416 | F143: =_xlfn.LET(_xlpm.x,_xlfn.XLOOKUP(E143/$C$3,$A$159:$A$189,$A$159:$A$189,"",1),IF(_xlpm.x="",ROUNDUP(E143/$C$3,0),_xlpm.x)) -> 60000 | G143: =_xlfn.LET(_xlpm.v,MAX(30,$G$127*$B$135),_xlpm.x,_xlfn.XLOOKUP(_xlpm.v,$F$159:$F$177,$F$159:$F$177,"",1),IF(_xlpm.x="",ROUNDUP(_xlpm.v,0),_xlpm.x)) -> 34 | H143: =(F143/800)+110*SQRT(G143) -> 716.40471 | I143: Btu/hr | J143: =H143/70 -> 10.234353 | K143: Btu/h·°F
A144: CZ07 | B144: 58.4 | C144: =$G$127*($B$132-B144)*$B$134 -> 47612.836 | E144: =C144*$B$133 -> 28567.702 | F144: =_xlfn.LET(_xlpm.x,_xlfn.XLOOKUP(E144/$C$3,$A$159:$A$189,$A$159:$A$189,"",1),IF(_xlpm.x="",ROUNDUP(E144/$C$3,0),_xlpm.x)) -> 60000 | G144: =_xlfn.LET(_xlpm.v,MAX(30,$G$127*$B$135),_xlpm.x,_xlfn.XLOOKUP(_xlpm.v,$F$159:$F$177,$F$159:$F$177,"",1),IF(_xlpm.x="",ROUNDUP(_xlpm.v,0),_xlpm.x)) -> 34 | H144: =(F144/800)+110*SQRT(G144) -> 716.40471 | I144: Btu/hr | J144: =H144/70 -> 10.234353 | K144: Btu/h·°F
A145: CZ08 | B145: 58.4 | C145: =$G$127*($B$132-B145)*$B$134 -> 47612.836 | E145: =C145*$B$133 -> 28567.702 | F145: =_xlfn.LET(_xlpm.x,_xlfn.XLOOKUP(E145/$C$3,$A$159:$A$189,$A$159:$A$189,"",1),IF(_xlpm.x="",ROUNDUP(E145/$C$3,0),_xlpm.x)) -> 60000 | G145: =_xlfn.LET(_xlpm.v,MAX(30,$G$127*$B$135),_xlpm.x,_xlfn.XLOOKUP(_xlpm.v,$F$159:$F$177,$F$159:$F$177,"",1),IF(_xlpm.x="",ROUNDUP(_xlpm.v,0),_xlpm.x)) -> 34 | H145: =(F145/800)+110*SQRT(G145) -> 716.40471 | I145: Btu/hr | J145: =H145/70 -> 10.234353 | K145: Btu/h·°F
A146: CZ09 | B146: 57.6 | C146: =$G$127*($B$132-B146)*$B$134 -> 48110.098 | E146: =C146*$B$133 -> 28866.059 | F146: =_xlfn.LET(_xlpm.x,_xlfn.XLOOKUP(E146/$C$3,$A$159:$A$189,$A$159:$A$189,"",1),IF(_xlpm.x="",ROUNDUP(E146/$C$3,0),_xlpm.x)) -> 60000 | G146: =_xlfn.LET(_xlpm.v,MAX(30,$G$127*$B$135),_xlpm.x,_xlfn.XLOOKUP(_xlpm.v,$F$159:$F$177,$F$159:$F$177,"",1),IF(_xlpm.x="",ROUNDUP(_xlpm.v,0),_xlpm.x)) -> 34 | H146: =(F146/800)+110*SQRT(G146) -> 716.40471 | I146: Btu/hr | J146: =H146/70 -> 10.234353 | K146: Btu/h·°F
A147: CZ10 | B147: 57.1 | C147: =$G$127*($B$132-B147)*$B$134 -> 48420.887 | E147: =C147*$B$133 -> 29052.532 | F147: =_xlfn.LET(_xlpm.x,_xlfn.XLOOKUP(E147/$C$3,$A$159:$A$189,$A$159:$A$189,"",1),IF(_xlpm.x="",ROUNDUP(E147/$C$3,0),_xlpm.x)) -> 60000 | G147: =_xlfn.LET(_xlpm.v,MAX(30,$G$127*$B$135),_xlpm.x,_xlfn.XLOOKUP(_xlpm.v,$F$159:$F$177,$F$159:$F$177,"",1),IF(_xlpm.x="",ROUNDUP(_xlpm.v,0),_xlpm.x)) -> 34 | H147: =(F147/800)+110*SQRT(G147) -> 716.40471 | I147: Btu/hr | J147: =H147/70 -> 10.234353 | K147: Btu/h·°F
A148: CZ11 | B148: 50.5 | C148: =$G$127*($B$132-B148)*$B$134 -> 52523.299 | E148: =C148*$B$133 -> 31513.979 | F148: =_xlfn.LET(_xlpm.x,_xlfn.XLOOKUP(E148/$C$3,$A$159:$A$189,$A$159:$A$189,"",1),IF(_xlpm.x="",ROUNDUP(E148/$C$3,0),_xlpm.x)) -> 60000 | G148: =_xlfn.LET(_xlpm.v,MAX(30,$G$127*$B$135),_xlpm.x,_xlfn.XLOOKUP(_xlpm.v,$F$159:$F$177,$F$159:$F$177,"",1),IF(_xlpm.x="",ROUNDUP(_xlpm.v,0),_xlpm.x)) -> 34 | H148: =(F148/800)+110*SQRT(G148) -> 716.40471 | I148: Btu/hr | J148: =H148/70 -> 10.234353 | K148: Btu/h·°F
A149: CZ12 | B149: 51.4 | C149: =$G$127*($B$132-B149)*$B$134 -> 51963.879 | E149: =C149*$B$133 -> 31178.327 | F149: =_xlfn.LET(_xlpm.x,_xlfn.XLOOKUP(E149/$C$3,$A$159:$A$189,$A$159:$A$189,"",1),IF(_xlpm.x="",ROUNDUP(E149/$C$3,0),_xlpm.x)) -> 60000 | G149: =_xlfn.LET(_xlpm.v,MAX(30,$G$127*$B$135),_xlpm.x,_xlfn.XLOOKUP(_xlpm.v,$F$159:$F$177,$F$159:$F$177,"",1),IF(_xlpm.x="",ROUNDUP(_xlpm.v,0),_xlpm.x)) -> 34 | H149: =(F149/800)+110*SQRT(G149) -> 716.40471 | I149: Btu/hr | J149: =H149/70 -> 10.234353 | K149: Btu/h·°F
A150: CZ13 | B150: 51.7 | C150: =$G$127*($B$132-B150)*$B$134 -> 51777.406 | E150: =C150*$B$133 -> 31066.443 | F150: =_xlfn.LET(_xlpm.x,_xlfn.XLOOKUP(E150/$C$3,$A$159:$A$189,$A$159:$A$189,"",1),IF(_xlpm.x="",ROUNDUP(E150/$C$3,0),_xlpm.x)) -> 60000 | G150: =_xlfn.LET(_xlpm.v,MAX(30,$G$127*$B$135),_xlpm.x,_xlfn.XLOOKUP(_xlpm.v,$F$159:$F$177,$F$159:$F$177,"",1),IF(_xlpm.x="",ROUNDUP(_xlpm.v,0),_xlpm.x)) -> 34 | H150: =(F150/800)+110*SQRT(G150) -> 716.40471 | I150: Btu/hr | J150: =H150/70 -> 10.234353 | K150: Btu/h·°F
... A153: CZ16 | B153: 41.4 | C153: =$G$127*($B$132-B153)*$B$134 -> 58179.654 | E153: =C153*$B$133 -> 34907.792 | F153: =_xlfn.LET(_xlpm.x,_xlfn.XLOOKUP(E153/$C$3,$A$159:$A$189,$A$159:$A$189,"",1),IF(_xlpm.x="",ROUNDUP(E153/$C$3,0),_xlpm.x)) -> 60000 | G153: =_xlfn.LET(_xlpm.v,MAX(30,$G$127*$B$135),_xlpm.x,_xlfn.XLOOKUP(_xlpm.v,$F$159:$F$177,$F$159:$F$177,"",1),IF(_xlpm.x="",ROUNDUP(_xlpm.v,0),_xlpm.x)) -> 34 | H153: =(F153/800)+110*SQRT(G153) -> 716.40471 | I153: Btu/hr | J153: =H153/70 -> 10.234353 | K153: Btu/h·°F
A157: Market data
A158: Catalog gas input (Btu/h) | B158: Input source | C158: Elec resistance tank (kW) | E158: Elec resistance (Btu/h) | F158: Catalog gas tank (gal) | G158: Tank source | H158: Elec tank (gal) | I158: Elec tank source | J158: =HYPERLINK("#'Note'!A1","Sources and links → Note tab") -> Sources and links → Note tab
A159: 60000 | B159: Grainger | C159: 1.5 | E159: 5118 | F159: 34 | G159: ENERGY STAR | H159: 6 | I159: Grainger
A160: 75100 | B160: Grainger | C160: 2 | E160: 6824 | F160: 35 | G160: Grainger | H160: 10 | I160: Grainger
A161: 76000 | B161: Both | C161: 3 | E161: 10236 | F161: 48 | G161: Grainger | H161: 15 | I161: Grainger
A162: 80000 | B162: Grainger | C162: 4.5 | E162: 15355 | F162: 50 | G162: Both | H162: 20 | I162: Grainger
A163: 99900 | B163: ENERGY STAR | C163: 6 | E163: 20473 | F163: 55 | G163: ENERGY STAR | H163: 28 | I163: Grainger
A164: 100000 | B164: Both | C164: 8 | E164: 27297 | F164: 60 | G164: ENERGY STAR | H164: 30 | I164: Grainger
A165: 120000 | B165: ENERGY STAR | C165: 9 | E165: 30709 | F165: 65 | G165: Both | H165: 36 | I165: Grainger
A166: 125000 | B166: Both | C166: 10 | E166: 34121 | F166: 72 | G166: Grainger | H166: 40 | I166: Grainger
A167: 130000 | B167: Both | C167: 12 | E167: 40946 | F167: 75 | G167: Both | H167: 47
A168: 145000 | B168: ENERGY STAR | C168: 12.1 | E168: 41287 | F168: 76 | G168: Grainger | H168: 50
A169: 150000 | B169: ENERGY STAR | C169: 18 | E169: 61419 | F169: 80 | G169: Both | H169: 65
A170: 156000 | B170: Grainger | C170: 24 | E170: 81891 | F170: 82 | G170: Grainger | H170: 80
A171: 160000 | B171: Both | C171: 27 | E171: 92128 | F171: 85 | G171: Grainger | H171: 85
A172: 175000 | B172: ENERGY STAR | C172: 36 | E172: 122837 | F172: 90 | G172: Both | H172: 105
A173: 180000 | B173: Grainger | C173: 54 | E173: 184256 | F173: 91 | G173: Grainger | H173: 120
A174: 199000 | B174: ENERGY STAR | F174: 100 | G174: Both
A175: 199900 | B175: Both | F175: 110 | G175: ENERGY STAR
A176: 200000 | B176: ENERGY STAR | F176: 119 | G176: Both
A177: 250000 | B177: Both | F177: 125 | G177: ENERGY STAR
A178: 251000 | B178: ENERGY STAR
A179: 270000 | B179: Grainger
A180: 285000 | B180: ENERGY STAR
A181: 300000 | B181: Both
A182: 320000 | B182: ENERGY STAR
A183: 360000 | B183: Grainger
A184: 398000 | B184: ENERGY STAR
A185: 399000 | B185: ENERGY STAR
A186: 399900 | B186: Both
A187: 499900 | B187: Grainger
A188: 550000 | B188: Grainger
A189: 715000 | B189: Grainger
A204: Space Type | B204: Hot Water Usage Specification (gal/hr per person) [T24, 2022, Appendix 5.4A , sheet: "2022 SpaceFuncData-Input"]
A205: Healthcare Facility and Hospitals (Exam/Treatment Room) | B205: 0.24
A206: Healthcare Facility and Hospitals (Medical Supply Room) | B206: 0.24
A207: Healthcare Facility and Hospitals (Imaging Room) | B207: 0.24
A208: Healthcare Facility and Hospitals (Nurse's Station) | B208: 0.24
A209: Healthcare Facility and Hospitals (Operating Room) | B209: 0.24
A210: Healthcare Facility and Hospitals (Recovery Room) | B210: 0.24
A211: Healthcare Facility and Hospitals (Physical Therapy Room) | B211: 0.24
A212: Healthcare Facility and Hospitals (Patient Room) | B212: 0.24
A213: Dining Area (Cafeteria/Fast Food) | B213: 0.578
A214: Office Area (<250 square feet) | B214: 0.18
A215: Office Area (>250 square feet) | B215: 0.18
A216: Convention, Conference, Multipurpose and Meeting Area | B216: 0.09
... A226: Electrical, Mechanical, Telephone Rooms | B226: 0.18

Sheet Interior Lights
A1: ="Interior Lighting - "&Prototype!A2 -> Interior Lighting - Outpatient
A2: Space | B2: New Construction | E2: Existing | H2: Notes
B3: LPD (W/ft²) | C3: Additional LPD for Portable Lighting (W/ft²) | D3: Source | E3: LPD (W/ft²) | F3: Additional LPD for Portable Lighting (W/ft²) | G3: Source
A4: =Ventilation!A176 -> Healthcare Facility and Hospitals (Exam/Treatment Room) | B4: 1.15 | D4: T24, 2025, Table 140.6 C (Area category method) | E4: 1.2 | G4: T24, 2016, Table 140.6 C (Area category method)
A5: =Ventilation!A177 -> Healthcare Facility and Hospitals (Medical Supply Room) | B5: 0.55 | E5: 1.2
A6: =Ventilation!A178 -> Healthcare Facility and Hospitals (Imaging Room) | B6: 0.6 | C6: 0.2 | E6: 1.2 | H6: Additional lighting for: decorative/display
A7: =Ventilation!A179 -> Healthcare Facility and Hospitals (Nurse's Station) | B7: 0.85 | C7: 0.2 | E7: 1.2 | H7: Additional lighting for: detailed task work
A8: =Ventilation!A180 -> Healthcare Facility and Hospitals (Operating Room) | B8: 1.9 | E8: 1.2
A9: =Ventilation!A181 -> Healthcare Facility and Hospitals (Recovery Room) | B9: 0.9 | C9: 0.1 | E9: 1.2 | H9: Additional lighting for: tunable white or dim-to-warm
A10: =Ventilation!A182 -> Healthcare Facility and Hospitals (Physical Therapy Room) | B10: 0.75 | C10: 0.1 | E10: 1.2 | H10: Additional lighting for: tunable white or dim-to-warm
A11: =Ventilation!A183 -> Healthcare Facility and Hospitals (Patient Room) | B11: 0.7 | C11: 0.15 | E11: 1.2 | H11: Additional lighting for: detailed task work
A12: =Ventilation!A184 -> Dining Area (Cafeteria/Fast Food) | B12: 0.45 | C12: 0.25 | E12: 1 | H12: Additional lighting for: decorative/display
A13: =Ventilation!A185 -> Office Area (<250 square feet) | B13: 0.65 | C13: =0.2*0.5 -> 0.1 | E13: 1 | H13: Additional lighting for: decorative/display It is assumed that 50% of the additional allowance lighting is in use.
A14: =Ventilation!A186 -> Office Area (>250 square feet) | B14: 0.6 | C14: =0.2*0.5 -> 0.1 | E14: 0.75 | H14: Additional lighting for: decorative/display It is assumed that 50% of the additional allowance lighting is in use.
A15: =Ventilation!A187 -> Convention, Conference, Multipurpose and Meeting Area | B15: 0.75 | C15: 0.25 | E15: 1.2 | F15: 0.5 | H15: Additional lighting for: decorative/display
A16: =Ventilation!A188 -> Lobby, Main Entry | B16: 0.7 | C16: 0.25 | E16: 0.95 | F16: 0.5 | H16: Additional lighting for: decorative/display
A17: =Ventilation!A189 -> Corridor Area | B17: 0.4 | E17: 0.6 | H17: Additional lighting for: decorative/display
A18: =Ventilation!A190 -> Restrooms | B18: 0.65 | E18: 0.6 | H18: Additional lighting for: decorative/display
A19: =Ventilation!A191 -> Locker Room | B19: 0.45 | E19: 0.7
A20: =Ventilation!A192 -> Kitchen/Food Preparation Area | B20: 0.95 | E20: 1.2
A21: =Ventilation!A193 -> Storage (General) | B21: 0.4 | E21: 0.6
A22: =Ventilation!A194 -> Lounge, Breakroom, or Waiting Area | B22: 0.55 | C22: 0.25 | E22: 0.9 | F22: 0.5 | H22: Additional lighting for: decorative/display
A23: =Ventilation!A196 -> Stairwell | B23: 0.6 | E23: 0.6 | H23: Additional lighting for: decorative/display
A24: =Ventilation!A197 -> Electrical, Mechanical, Telephone Rooms | B24: 0.4 | E24: 0.55 | H24: Additional lighting for: decorative/display
A25: =Zones!C82 -> Reception area | B25: =0.7 -> 0.7 | C25: 0.25 | E25: 0.95 | F25: 0.2 | H25: Additional lighting for: decorative/display
A26: =Zones!C118 -> Elevator | B26: 0 | E26: 0

Sheet Ext Lighting
A1: ="Exterior Lighting - "&Prototype!A2 -> Exterior Lighting - Outpatient
A2: Motion Controlled Luminaires (W) | B2: Non-motion Controlled Luminaires (W) | C2: Total (W) | D2: Source
A3: =G14 -> 2390.08 | B3: =G15 -> 1552.635 | C3: =B3+A3 -> 3942.715 | D3: T24, 2022 & 2025 2019 Outdoor Lighting CASE report PNNL 90.1-2010 TSD
A6: ="Exterior Lighting " -> Exterior Lighting
A7: Items (Assume LZ2) | B7: Assumptions [2019 Outdoor Lighting CASE Report] | D7: Unit | E7: Lighting Power Allowance [Title 24, 2025, Table 140.7-A & 140.7-B] | F7: Unit | G7: Exterior Lighting Power (W)
A8: IWA (Initial Wattage Allowance) | B8: Lighting Zone 3 | E8: 350 | F8: (W) | G8: =$E8 -> 350
A9: Parking area | B9: 400 ft² for every parking space [2019 Lighting CASE report, Appendix H] 1 parking space per 360 ft² of gross building area [2019 Lighting CASE report,Table 38] | C9: =B20/360*400 -> 45500 | D9: (ft²) | E9: 0.025 | F9: (W/ft²) | G9: =$E9*65520 -> 1638
A10: Building Entrance | B10: 14 building entrance Per building Geometry | C10: 14 | D10: (count) | E10: 19 | F10: (W/ea) | G10: =E10*C10 -> 266
A11: Hardscape Ornamental Light | B11: 0.1 ft² per 1 ft² of gross building area [2019 Lighting CASE report,Table 36] | C11: 4095 | D11: (ft²) | E11: 0.013 | F11: (W/ft²) | G11: =E11*C11 -> 53.235
A12: Building façade | B12: 0.1 W per 1 ft² of facade area Façade Area = Perimeter × 0.5 × 30 ft (30 ft is the max height that is lit) * The 0.5 factor assumes that only half of the perimeter walls are lit. -Formula ia developed based on the 2019 Outdoor Lighting CASE report | C12: =B21*0.5*30 -> 8820 | D12: (ft²) | E12: 0.17 | F12: (W/ft²) | G12: =E12*C12 -> 1499.4
A13: Non-sales canopy | C13: 504 | D13: (ft²) | E13: 0.27 | F13: (W/ft²) | G13: =E13*C13 -> 136.08
A14: Motion Controlled Luminaires (W) | G14: =G9+G8+G13+G10 -> 2390.08
A15: Non-motion-controlled Luminaires | G15: =G11+G12 -> 1552.635
A16: Total | G16: =G14+G15 -> 3942.715
A20: Total floor area | B20: =Prototype!B9 -> 40950
A21: Perimeter | B21: 588
A22: Floors | B22: 3

Sheet Equipment
A1: ="Equipment - "&Prototype!A2 -> Equipment - Outpatient
A2: Spaces | B2: Plug load Power Density (W/ft²) | C2: Gas Power Density (Btu/hr-ft²) | D2: Refrigeration Power Density (W/ft²) | E2: Source | F2: Note
A3: =Ventilation!A176 -> Healthcare Facility and Hospitals (Exam/Treatment Room) | B3: 1.5 | C3: 1.1259 | E3: T24 2022 - Appendix 5.4A, DOE / PNNL Commercial Prototype Building Models, AEDG 50% | F3: Appendix 5.4A: Gas equipment=1.1259 Btu/h-ft²--CEC model has the Gas equipment for 3.59 Btu/h-ft²
A4: =Ventilation!A177 -> Healthcare Facility and Hospitals (Medical Supply Room) | B4: 1.5
A5: =Ventilation!A178 -> Healthcare Facility and Hospitals (Imaging Room) | B5: 10 | F5: PNNL has EPD=10 for Imaging room
A6: =Ventilation!A179 -> Healthcare Facility and Hospitals (Nurse's Station) | B6: 1.5
A7: =Ventilation!A180 -> Healthcare Facility and Hospitals (Operating Room) | B7: 4 | F7: AEDG 50%
A8: =Ventilation!A181 -> Healthcare Facility and Hospitals (Recovery Room) | B8: 1.5
A9: =Ventilation!A182 -> Healthcare Facility and Hospitals (Physical Therapy Room) | B9: 1.5
A10: =Ventilation!A183 -> Healthcare Facility and Hospitals (Patient Room) | B10: 1.5
A11: =Ventilation!A184 -> Dining Area (Cafeteria/Fast Food) | B11: 0.5 | D11: 0.25 | F11: CEC: Refrig Load = 0.25 w/ft²
A12: =Ventilation!A185 -> Office Area (<250 square feet) | B12: 0.7 | F12: Plug load and schedules project with CEC, 2025
A13: =Ventilation!A186 -> Office Area (>250 square feet) | B13: 0.7 | F13: Plug load and schedules project with CEC, 2025
A14: =Ventilation!A187 -> Convention, Conference, Multipurpose and Meeting Area | B14: 1
A15: =Ventilation!A188 -> Lobby, Main Entry | B15: 0.5
A16: =Ventilation!A189 -> Corridor Area | B16: 0
A17: =Ventilation!A190 -> Restrooms | B17: 0
A18: =Ventilation!A191 -> Locker Room | B18: 0.5
A19: =Ventilation!A192 -> Kitchen/Food Preparation Area | B19: 1.5 | C19: 17.53768 | D19: 1.12 | F19: Appendix 5.4A: Gas equipment=17.53768 -- CEC: Refrig Load = 1.12 w/ft²
A20: =Ventilation!A193 -> Storage (General) | B20: 0.2
A21: =Ventilation!A194 -> Lounge, Breakroom, or Waiting Area | B21: 1
A22: =Ventilation!A196 -> Stairwell | B22: 0
A23: =Ventilation!A197 -> Electrical, Mechanical, Telephone Rooms | B23: 3
A24: =Zones!C41 -> Reception area | B24: =B15 -> 0.5
A25: =Zones!C118 -> Elevator | B25: 0
A28: Elevator
A29: Vintage | B29: Class | C29: Number of elevators (ne) | D29: Cab Lighting Power Limit (W/ft2) | E29: Fan Power Limit (W/CFM) | F29: Cab Ventilation Fan & Lighting Shutoff | G29: Design Motor Load (W) | H29: Fan Load (W) | I29: Lighting Load (W) | J29: Total (W) | K29: Note
A30: Existing | B30: F/G | C30: 2 | D30: 1.14 | E30: 0.33 | F30: When stopped and unoccupied with doors closed for over 15 minutes, cab interior lighting and ventilation shall be de-energized until required for operation. | G30: =IF(INDEX($C:$C,MATCH("Equivalent full load hours",$B:$B,0))=0,0,ROUND(INDEX($C:$C,MATCH("Annual energy consumption of the elevator - Existing",$B:$B,0))/INDEX($C:$C,MATCH("Equivalent full load hours",$B:$B,0))*1000,2)) -> 16836.06 | H30: =ROUND(C30*INDEX($C:$C,MATCH("Cab fan airflow",$B:$B,0))*E30,2) -> 165 | I30: =ROUND(C30*INDEX($C:$C,MATCH("Cab floor area",$B:$B,0))*D30,2) -> 68.17 | J30: =ROUND(SUM(G30:I30),2) -> 17069.23 | K30: Design load is calculated according to ISO 25745-2 method using Class F/G. Cab lighting and fan requirements are based on ASHRAE 90.1 2013.
A31: New Construction | B31: E | C31: 2 | D31: 0.6 | E31: 0.33 | F31: When the elevator cab is stopped and unoccupied with doors closed for over 15 minutes, the cab interior lighting and ventilation fans shall be switched off until elevator cab operation resumes. | G31: =IF(INDEX($C:$C,MATCH("Equivalent full load hours",$B:$B,0))=0,0,ROUND(INDEX($C:$C,MATCH("Annual energy consumption of the elevator - New Construction",$B:$B,0))/INDEX($C:$C,MATCH("Equivalent full load hours",$B:$B,0))*1000,2)) -> 9178.16 | H31: =ROUND(C31*INDEX($C:$C,MATCH("Cab fan airflow",$B:$B,0))*E31,2) -> 165 | I31: =ROUND(C31*INDEX($C:$C,MATCH("Cab floor area",$B:$B,0))*D31,2) -> 35.88 | J31: =ROUND(SUM(G31:I31),2) -> 9379.04 | K31: Design load is calculated according to ISO 25745-2 method using Class E. Cab lighting and fan requirements are based on T24 2025 §120.6 (f).
A34: Outpatient Health Care Elevator Calculations
A35: Symbol | B35: Definition | C35: Value | D35: Units | E35: Source
A36: E | B36: Annual energy consumption of the elevator - Existing | C36: 54785.87 | D36: kWh/year | E36: Calculated
B37: Annual energy consumption of the elevator - New Construction | C37: 29866.48 | D37: kWh/year | E37: Calculated
A38: C1 | B38: Running-energy coefficient | C38: 3.65 for Class E; 5.47 for Class F | D38: Coefficient | E38: ISO 25745-2 Table 7
A39: C2 | B39: Idle/standby coefficient | C39: 800 for Class E; 1,600 for Class F | D39: Coefficient | E39: ISO 25745-2 Table 7
A40: Q | B40: Rated load of elevator | C40: 1361 | D40: kg | E40: Assumed for all prototypes
A41: Elevator Size | B41: Cab floor area | C41: 29.9 | D41: ft^2 | E41: W=6.781 ft, L=4.406 ft; assumed based on representative manufacturer
A42: CFM | B42: Cab fan airflow | C42: 250 | D42: cfm | E42: Assumed for multifamily and commercial prototypes
A43: cat | B43: Usage category | C43: 3 | D43: - | E43: ISO 25745-2 Table A.1
A44: d | B44: Operating days per year | C44: 360 | D44: days/year | E44: ISO 25745-2 Table A.1
A45: nf | B45: Number of floors | C45: 3 | D45: floors | E45: Prototype assumptions
A46: h | B46: Floor-to-floor height | C46: 3.05 | D46: m | E46: Prototype assumptions
A47: v | B47: Elevator lift speed | C47: 1.6 | D47: m/s | E47: ISO 25745-2 Table A.1
A48: nd | B48: Number of trips per day | C48: 300 | D48: trips/day | E48: ISO 25745-2 Table A.1
A49: S_pct | B49: Percent of average travel distance | C49: 0.67 | D49: % | E49: ISO 25745-2 Table 2
A50: a | B50: Acceleration | C50: 1 | D50: m/s^2 | E50: Annex B of ISO 25745-2
A51: j | B51: Jerk | C51: 1.25 | D51: m/s^3 | E51: Annex B of ISO 25745-2
... A57: Total light level | B57: Total light level | C57: 40 | D57: lm/ft2 | E57: PNNL Prototypes
A58: EFLH | B58: Equivalent full load hours | C58: =Schedules!AD60 -> 3254.08 | D58: hours | E58: Calculated using the elevator schedule

Sheet Schedules
A1: ="Schedules - "&Prototype!A2 -> Schedules - Outpatient
A2: Zone | B2: Schedule Category | C2: Schedule | D2: Source | E2: Type | F2: Hour
F3: 1 | G3: 2 | H3: 3 | I3: 4 | J3: 5 | K3: 6 | L3: 7 | M3: 8 | N3: 9 | O3: 10 | P3: 11 | Q3: 12 | R3: 13 | S3: 14 | T3: 15 | U3: 16 | V3: 17 | W3: 18 | X3: 19 | Y3: 20 | Z3: 21 | AA3: 22 | AB3: 23 | AC3: 24
A4: All the zones except those with space type of office or conference | B4: Health | C4: Occupancy | D4: T24 2022 - Appendix 5.4B, [Health] | E4: Weekday | F4: 0 | G4: 0 | H4: 0 | I4: 0 | J4: 0 | K4: 0 | L4: 0 | M4: 0.1 | N4: 0.5 | O4: 0.8 | P4: 0.8 | Q4: 0.8 | R4: 0.8 | S4: 0.8 | T4: 0.8 | U4: 0.8 | V4: 0.8 | W4: 0.5 | X4: 0.3 | Y4: 0.3 | Z4: 0.2 | AA4: 0.2 | AB4: 0 | AC4: 0
E5: Saturday | F5: 0 | G5: 0 | H5: 0 | I5: 0 | J5: 0 | K5: 0 | L5: 0 | M5: 0.1 | N5: 0.3 | O5: 0.4 | P5: 0.4 | Q5: 0.4 | R5: 0.4 | S5: 0.4 | T5: 0.4 | U5: 0.4 | V5: 0.4 | W5: 0.1 | X5: 0.1 | Y5: 0 | Z5: 0 | AA5: 0 | AB5: 0 | AC5: 0
E6: Sunday | F6: 0 | G6: 0 | H6: 0 | I6: 0 | J6: 0 | K6: 0 | L6: 0 | M6: 0 | N6: 0.05 | O6: 0.05 | P6: 0.05 | Q6: 0.05 | R6: 0.05 | S6: 0.05 | T6: 0.05 | U6: 0.05 | V6: 0 | W6: 0 | X6: 0 | Y6: 0 | Z6: 0 | AA6: 0 | AB6: 0 | AC6: 0
A7: All the zones except those with space type of office or conference | B7: Health | C7: Lights | D7: T24 2022 - Appendix 5.4B, [Health] | E7: Weekday | F7: 0.1 | G7: 0.1 | H7: 0.1 | I7: 0.1 | J7: 0.1 | K7: 0.1 | L7: 0.1 | M7: 0.45 | N7: 0.8 | O7: 0.8 | P7: 0.8 | Q7: 0.8 | R7: 0.8 | S7: 0.8 | T7: 0.8 | U7: 0.8 | V7: 0.3 | W7: 0.3 | X7: 0.3 | Y7: 0.3 | Z7: 0.3 | AA7: 0.3 | AB7: 0.3 | AC7: 0.1
E8: Saturday | F8: 0.1 | G8: 0.1 | H8: 0.1 | I8: 0.1 | J8: 0.1 | K8: 0.1 | L8: 0.1 | M8: 0.2 | N8: 0.35 | O8: 0.35 | P8: 0.35 | Q8: 0.35 | R8: 0.35 | S8: 0.35 | T8: 0.35 | U8: 0.35 | V8: 0.35 | W8: 0.35 | X8: 0.1 | Y8: 0.1 | Z8: 0.1 | AA8: 0.1 | AB8: 0.1 | AC8: 0.1
E9: Sunday | F9: 0.05 | G9: 0.05 | H9: 0.05 | I9: 0.05 | J9: 0.05 | K9: 0.05 | L9: 0.05 | M9: 0.05 | N9: 0.1 | O9: 0.1 | P9: 0.1 | Q9: 0.1 | R9: 0.1 | S9: 0.1 | T9: 0.1 | U9: 0.1 | V9: 0.05 | W9: 0.05 | X9: 0.05 | Y9: 0.05 | Z9: 0.05 | AA9: 0.05 | AB9: 0.05 | AC9: 0.05
A10: All the zones except those with space type of office or conference | B10: Health | C10: ElecEquipment | D10: T24 2022 - Appendix 5.4B, [Health] | E10: Weekday | F10: 0.1 | G10: 0.1 | H10: 0.1 | I10: 0.1 | J10: 0.1 | K10: 0.1 | L10: 0.1 | M10: 0.5 | N10: 0.9 | O10: 0.9 | P10: 0.9 | Q10: 0.9 | R10: 0.9 | S10: 0.9 | T10: 0.9 | U10: 0.9 | V10: 0.3 | W10: 0.3 | X10: 0.3 | Y10: 0.3 | Z10: 0.3 | AA10: 0.3 | AB10: 0.3 | AC10: 0.1
E11: Saturday | F11: 0.1 | G11: 0.1 | H11: 0.1 | I11: 0.1 | J11: 0.1 | K11: 0.1 | L11: 0.1 | M11: 0.2 | N11: 0.4 | O11: 0.4 | P11: 0.4 | Q11: 0.4 | R11: 0.4 | S11: 0.4 | T11: 0.4 | U11: 0.4 | V11: 0.4 | W11: 0.4 | X11: 0.1 | Y11: 0.1 | Z11: 0.1 | AA11: 0.1 | AB11: 0.1 | AC11: 0.1
E12: Sunday | F12: 0.05 | G12: 0.05 | H12: 0.05 | I12: 0.05 | J12: 0.05 | K12: 0.05 | L12: 0.05 | M12: 0.05 | N12: 0.1 | O12: 0.1 | P12: 0.1 | Q12: 0.1 | R12: 0.1 | S12: 0.1 | T12: 0.1 | U12: 0.1 | V12: 0.05 | W12: 0.05 | X12: 0.05 | Y12: 0.05 | Z12: 0.05 | AA12: 0.05 | AB12: 0.05 | AC12: 0.05
A13: All the zones except those with space type of office or conference | B13: Health | C13: ServiceHotWater | D13: T24 2022 - Appendix 5.4B, [Health] | E13: Weekday | F13: 0.01 | G13: 0.01 | H13: 0.01 | I13: 0.01 | J13: 0.01 | K13: 0.01 | L13: 0.01 | M13: 0.17 | N13: 0.58 | O13: 0.66 | P13: 0.78 | Q13: 0.82 | R13: 0.71 | S13: 0.82 | T13: 0.78 | U13: 0.74 | V13: 0.63 | W13: 0.41 | X13: 0.18 | Y13: 0.18 | Z13: 0.18 | AA13: 0.1 | AB13: 0.01 | AC13: 0.01
E14: Saturday | F14: 0.01 | G14: 0.01 | H14: 0.01 | I14: 0.01 | J14: 0.01 | K14: 0.01 | L14: 0.01 | M14: 0.01 | N14: 0.2 | O14: 0.28 | P14: 0.3 | Q14: 0.3 | R14: 0.24 | S14: 0.24 | T14: 0.23 | U14: 0.23 | V14: 0.23 | W14: 0.1 | X14: 0.01 | Y14: 0.01 | Z14: 0.01 | AA14: 0.01 | AB14: 0.01 | AC14: 0.01
E15: Sunday | F15: 0.01 | G15: 0.01 | H15: 0.01 | I15: 0.01 | J15: 0.01 | K15: 0.01 | L15: 0.01 | M15: 0.01 | N15: 0.01 | O15: 0.01 | P15: 0.01 | Q15: 0.01 | R15: 0.01 | S15: 0.01 | T15: 0.01 | U15: 0.01 | V15: 0.01 | W15: 0.01 | X15: 0.01 | Y15: 0.01 | Z15: 0.01 | AA15: 0.01 | AB15: 0.01 | AC15: 0.01
A16: All the zones except those with space type of office or conference | B16: Health | C16: GasEquipment | D16: T24 2022 - Appendix 5.4B, [Health] | E16: Weekday | F16: 0 | G16: 0 | H16: 0 | I16: 0 | J16: 0 | K16: 0 | L16: 0 | M16: 0.75 | N16: 0.9 | O16: 0.9 | P16: 0.9 | Q16: 0.9 | R16: 0.9 | S16: 0.9 | T16: 0.9 | U16: 0.9 | V16: 0.9 | W16: 0.75 | X16: 0.2 | Y16: 0.1 | Z16: 0 | AA16: 0 | AB16: 0 | AC16: 0
E17: Saturday | F17: 0 | G17: 0 | H17: 0 | I17: 0 | J17: 0 | K17: 0 | L17: 0 | M17: 0.3 | N17: 0.5 | O17: 0.5 | P17: 0.5 | Q17: 0.5 | R17: 0.5 | S17: 0.5 | T17: 0.5 | U17: 0.5 | V17: 0.5 | W17: 0.3 | X17: 0 | Y17: 0 | Z17: 0 | AA17: 0 | AB17: 0 | AC17: 0
E18: Sunday | F18: 0 | G18: 0 | H18: 0 | I18: 0 | J18: 0 | K18: 0 | L18: 0 | M18: 0 | N18: 0 | O18: 0 | P18: 0 | Q18: 0 | R18: 0 | S18: 0 | T18: 0 | U18: 0 | V18: 0 | W18: 0 | X18: 0 | Y18: 0 | Z18: 0 | AA18: 0 | AB18: 0 | AC18: 0
A19: All the zones except those with space type of office or conference | B19: Health | C19: Refrigeration | D19: T24 2022 - Appendix 5.4B, [Health] | E19: Weekday | F19: 0.9 | G19: 0.9 | H19: 0.9 | I19: 0.9 | J19: 0.9 | K19: 0.9 | L19: 0.9 | M19: 0.9 | N19: 0.9 | O19: 0.9 | P19: 0.9 | Q19: 0.9 | R19: 0.9 | S19: 0.9 | T19: 0.9 | U19: 0.9 | V19: 0.9 | W19: 0.9 | X19: 0.9 | Y19: 0.9 | Z19: 0.9 | AA19: 0.9 | AB19: 0.9 | AC19: 0.9
E20: Saturday | F20: 0.9 | G20: 0.9 | H20: 0.9 | I20: 0.9 | J20: 0.9 | K20: 0.9 | L20: 0.9 | M20: 0.9 | N20: 0.9 | O20: 0.9 | P20: 0.9 | Q20: 0.9 | R20: 0.9 | S20: 0.9 | T20: 0.9 | U20: 0.9 | V20: 0.9 | W20: 0.9 | X20: 0.9 | Y20: 0.9 | Z20: 0.9 | AA20: 0.9 | AB20: 0.9 | AC20: 0.9
E21: Sunday | F21: 0.9 | G21: 0.9 | H21: 0.9 | I21: 0.9 | J21: 0.9 | K21: 0.9 | L21: 0.9 | M21: 0.9 | N21: 0.9 | O21: 0.9 | P21: 0.9 | Q21: 0.9 | R21: 0.9 | S21: 0.9 | T21: 0.9 | U21: 0.9 | V21: 0.9 | W21: 0.9 | X21: 0.9 | Y21: 0.9 | Z21: 0.9 | AA21: 0.9 | AB21: 0.9 | AC21: 0.9
A22: All the zones except those with space type of office or conference | B22: Health | C22: Infiltration | D22: T24 2022 - Appendix 5.4B, [Health] | E22: Weekday | F22: =IF(F25=1,0.25,1) -> 1 | G22: =IF(G25=1,0.25,1) -> 1 | H22: =IF(H25=1,0.25,1) -> 1 | I22: =IF(I25=1,0.25,1) -> 1 | J22: =IF(J25=1,0.25,1) -> 1 | K22: =IF(K25=1,0.25,1) -> 1 | L22: =IF(L25=1,0.25,1) -> 0.25 | M22: =IF(M25=1,0.25,1) -> 0.25 | ... AC22: =IF(AC25=1,0.25,1) -> 1
E23: Saturday | F23: =IF(F26=1,0.25,1) -> 1 | G23: =IF(G26=1,0.25,1) -> 1 | H23: =IF(H26=1,0.25,1) -> 1 | I23: =IF(I26=1,0.25,1) -> 1 | J23: =IF(J26=1,0.25,1) -> 1 | K23: =IF(K26=1,0.25,1) -> 1 | L23: =IF(L26=1,0.25,1) -> 0.25 | M23: =IF(M26=1,0.25,1) -> 0.25 | ... AC23: =IF(AC26=1,0.25,1) -> 1
E24: Sunday | F24: =IF(F27=1,0.25,1) -> 1 | G24: =IF(G27=1,0.25,1) -> 1 | H24: =IF(H27=1,0.25,1) -> 1 | I24: =IF(I27=1,0.25,1) -> 1 | J24: =IF(J27=1,0.25,1) -> 1 | K24: =IF(K27=1,0.25,1) -> 1 | L24: =IF(L27=1,0.25,1) -> 1 | M24: =IF(M27=1,0.25,1) -> 0.25 | ... AC24: =IF(AC27=1,0.25,1) -> 1
A25: All the zones except those with space type of office or conference | B25: Health | C25: HVACAvail | D25: T24 2022 - Appendix 5.4B, [Health] | E25: Weekday | F25: 0 | G25: 0 | H25: 0 | I25: 0 | J25: 0 | K25: 0 | L25: 1 | M25: 1 | N25: 1 | O25: 1 | P25: 1 | Q25: 1 | R25: 1 | S25: 1 | T25: 1 | U25: 1 | V25: 1 | W25: 1 | X25: 1 | Y25: 1 | Z25: 1 | AA25: 1 | AB25: 0 | AC25: 0
E26: Saturday | F26: 0 | G26: 0 | H26: 0 | I26: 0 | J26: 0 | K26: 0 | L26: 1 | M26: 1 | N26: 1 | O26: 1 | P26: 1 | Q26: 1 | R26: 1 | S26: 1 | T26: 1 | U26: 1 | V26: 1 | W26: 1 | X26: 1 | Y26: 0 | Z26: 0 | AA26: 0 | AB26: 0 | AC26: 0
E27: Sunday | F27: 0 | G27: 0 | H27: 0 | I27: 0 | J27: 0 | K27: 0 | L27: 0 | M27: 1 | N27: 1 | O27: 1 | P27: 1 | Q27: 1 | R27: 1 | S27: 1 | T27: 1 | U27: 1 | V27: 0 | W27: 0 | X27: 0 | Y27: 0 | Z27: 0 | AA27: 0 | AB27: 0 | AC27: 0
A28: All the zones except those with space type of office or conference | B28: Health | C28: HtgSetpt | E28: Weekday | F28: =IF(F25=1,Thermostat!$B$3,Thermostat!$B$4) -> 70 | G28: =IF(G25=1,Thermostat!$B$3,Thermostat!$B$4) -> 70 | H28: =IF(H25=1,Thermostat!$B$3,Thermostat!$B$4) -> 70 | I28: =IF(I25=1,Thermostat!$B$3,Thermostat!$B$4) -> 70 | J28: =IF(J25=1,Thermostat!$B$3,Thermostat!$B$4) -> 70 | K28: =IF(K25=1,Thermostat!$B$3,Thermostat!$B$4) -> 70 | L28: =IF(L25=1,Thermostat!$B$3,Thermostat!$B$4) -> 70 | M28: =IF(M25=1,Thermostat!$B$3,Thermostat!$B$4) -> 70 | ... AC28: =IF(AC25=1,Thermostat!$B$3,Thermostat!$B$4) -> 70
E29: Saturday | F29: =IF(F26=1,Thermostat!$B$3,Thermostat!$B$4) -> 70 | G29: =IF(G26=1,Thermostat!$B$3,Thermostat!$B$4) -> 70 | H29: =IF(H26=1,Thermostat!$B$3,Thermostat!$B$4) -> 70 | I29: =IF(I26=1,Thermostat!$B$3,Thermostat!$B$4) -> 70 | J29: =IF(J26=1,Thermostat!$B$3,Thermostat!$B$4) -> 70 | K29: =IF(K26=1,Thermostat!$B$3,Thermostat!$B$4) -> 70 | L29: =IF(L26=1,Thermostat!$B$3,Thermostat!$B$4) -> 70 | M29: =IF(M26=1,Thermostat!$B$3,Thermostat!$B$4) -> 70 | ... AC29: =IF(AC26=1,Thermostat!$B$3,Thermostat!$B$4) -> 70
E30: Sunday | F30: =IF(F27=1,Thermostat!$B$3,Thermostat!$B$4) -> 70 | G30: =IF(G27=1,Thermostat!$B$3,Thermostat!$B$4) -> 70 | H30: =IF(H27=1,Thermostat!$B$3,Thermostat!$B$4) -> 70 | I30: =IF(I27=1,Thermostat!$B$3,Thermostat!$B$4) -> 70 | J30: =IF(J27=1,Thermostat!$B$3,Thermostat!$B$4) -> 70 | K30: =IF(K27=1,Thermostat!$B$3,Thermostat!$B$4) -> 70 | L30: =IF(L27=1,Thermostat!$B$3,Thermostat!$B$4) -> 70 | M30: =IF(M27=1,Thermostat!$B$3,Thermostat!$B$4) -> 70 | ... AC30: =IF(AC27=1,Thermostat!$B$3,Thermostat!$B$4) -> 70
A31: All the zones except those with space type of office or conference | B31: Health | C31: ClgSetpt | E31: Weekday | F31: =IF(F25=1,Thermostat!$B$5,Thermostat!$B$6) -> 75 | G31: =IF(G25=1,Thermostat!$B$5,Thermostat!$B$6) -> 75 | H31: =IF(H25=1,Thermostat!$B$5,Thermostat!$B$6) -> 75 | I31: =IF(I25=1,Thermostat!$B$5,Thermostat!$B$6) -> 75 | J31: =IF(J25=1,Thermostat!$B$5,Thermostat!$B$6) -> 75 | K31: =IF(K25=1,Thermostat!$B$5,Thermostat!$B$6) -> 75 | L31: =IF(L25=1,Thermostat!$B$5,Thermostat!$B$6) -> 75 | M31: =IF(M25=1,Thermostat!$B$5,Thermostat!$B$6) -> 75 | ... AC31: =IF(AC25=1,Thermostat!$B$5,Thermostat!$B$6) -> 75
E32: Saturday | F32: =IF(F26=1,Thermostat!$B$5,Thermostat!$B$6) -> 75 | G32: =IF(G26=1,Thermostat!$B$5,Thermostat!$B$6) -> 75 | H32: =IF(H26=1,Thermostat!$B$5,Thermostat!$B$6) -> 75 | I32: =IF(I26=1,Thermostat!$B$5,Thermostat!$B$6) -> 75 | J32: =IF(J26=1,Thermostat!$B$5,Thermostat!$B$6) -> 75 | K32: =IF(K26=1,Thermostat!$B$5,Thermostat!$B$6) -> 75 | L32: =IF(L26=1,Thermostat!$B$5,Thermostat!$B$6) -> 75 | M32: =IF(M26=1,Thermostat!$B$5,Thermostat!$B$6) -> 75 | ... AC32: =IF(AC26=1,Thermostat!$B$5,Thermostat!$B$6) -> 75
E33: Sunday | F33: =IF(F27=1,Thermostat!$B$5,Thermostat!$B$6) -> 75 | G33: =IF(G27=1,Thermostat!$B$5,Thermostat!$B$6) -> 75 | H33: =IF(H27=1,Thermostat!$B$5,Thermostat!$B$6) -> 75 | I33: =IF(I27=1,Thermostat!$B$5,Thermostat!$B$6) -> 75 | J33: =IF(J27=1,Thermostat!$B$5,Thermostat!$B$6) -> 75 | K33: =IF(K27=1,Thermostat!$B$5,Thermostat!$B$6) -> 75 | L33: =IF(L27=1,Thermostat!$B$5,Thermostat!$B$6) -> 75 | M33: =IF(M27=1,Thermostat!$B$5,Thermostat!$B$6) -> 75 | ... AC33: =IF(AC27=1,Thermostat!$B$5,Thermostat!$B$6) -> 75
C34: Office
A35: Zones with space type of Office or conference | B35: Office | C35: Occupancy | D35: T24 2022 - Appendix 5.4B, [Office] Updated base on Plug load and schedules project with CEC, 2025 | E35: Weekday | F35: 0 | G35: 0 | H35: 0 | I35: 0 | J35: 0 | K35: 0 | L35: 0.1 | M35: 0.2 | N35: 0.95 | O35: 0.95 | P35: 0.95 | Q35: 0.95 | R35: 0.5 | S35: 0.95 | T35: 0.95 | U35: 0.95 | V35: 0.95 | W35: 0.3 | X35: 0.1 | Y35: 0.1 | Z35: 0.1 | AA35: 0.1 | AB35: 0.05 | AC35: 0.05
E36: Saturday | F36: 0 | G36: 0 | H36: 0 | I36: 0 | J36: 0 | K36: 0 | L36: 0.05 | M36: 0.05 | N36: 0.05 | O36: 0.05 | P36: 0.05 | Q36: 0.05 | R36: 0.05 | S36: 0.05 | T36: 0.05 | U36: 0.05 | V36: 0.05 | W36: 0.05 | X36: 0 | Y36: 0 | Z36: 0 | AA36: 0 | AB36: 0 | AC36: 0
E37: Sunday | F37: 0 | G37: 0 | H37: 0 | I37: 0 | J37: 0 | K37: 0 | L37: 0.05 | M37: 0.05 | N37: 0.05 | O37: 0.05 | P37: 0.05 | Q37: 0.05 | R37: 0.05 | S37: 0.05 | T37: 0.05 | U37: 0.05 | V37: 0.05 | W37: 0.05 | X37: 0 | Y37: 0 | Z37: 0 | AA37: 0 | AB37: 0 | AC37: 0
A38: Zones with space type of Office or conference | B38: Office | C38: Lights | D38: T24 2022 - Appendix 5.4B, [Office] | E38: Weekday | F38: 0.05 | G38: 0.05 | H38: 0.05 | I38: 0.05 | J38: 0.05 | K38: 0.1 | L38: 0.1 | M38: 0.3 | N38: 0.65 | O38: 0.65 | P38: 0.65 | Q38: 0.65 | R38: 0.65 | S38: 0.65 | T38: 0.65 | U38: 0.65 | V38: 0.65 | W38: 0.35 | X38: 0.3 | Y38: 0.3 | Z38: 0.2 | AA38: 0.2 | AB38: 0.1 | AC38: 0.05
E39: Saturday | F39: 0.05 | G39: 0.05 | H39: 0.05 | I39: 0.05 | J39: 0.05 | K39: 0.05 | L39: 0.05 | M39: 0.05 | N39: 0.05 | O39: 0.05 | P39: 0.05 | Q39: 0.05 | R39: 0.05 | S39: 0.05 | T39: 0.05 | U39: 0.05 | V39: 0.05 | W39: 0.05 | X39: 0.05 | Y39: 0.05 | Z39: 0.05 | AA39: 0.05 | AB39: 0.05 | AC39: 0.05
E40: Sunday | F40: 0.05 | G40: 0.05 | H40: 0.05 | I40: 0.05 | J40: 0.05 | K40: 0.05 | L40: 0.05 | M40: 0.05 | N40: 0.05 | O40: 0.05 | P40: 0.05 | Q40: 0.05 | R40: 0.05 | S40: 0.05 | T40: 0.05 | U40: 0.05 | V40: 0.05 | W40: 0.05 | X40: 0.05 | Y40: 0.05 | Z40: 0.05 | AA40: 0.05 | AB40: 0.05 | AC40: 0.05
A41: Zones with space type of Office or conference | B41: Office | C41: ElecEquipment | D41: Plug load and schedules project with CEC, 2025 | E41: Weekday | F41: 0.45 | G41: 0.45 | H41: 0.45 | I41: 0.45 | J41: 0.45 | K41: 0.45 | L41: 0.45 | M41: 0.74 | N41: 0.87 | O41: 0.9 | P41: 0.9 | Q41: 0.9 | R41: 0.9 | S41: 0.9 | T41: 0.9 | U41: 0.9 | V41: 0.9 | W41: 0.7 | X41: 0.5 | Y41: 0.5 | Z41: 0.5 | AA41: 0.45 | AB41: 0.45 | AC41: 0.45
E42: Saturday | F42: 0.43 | G42: 0.43 | H42: 0.43 | I42: 0.43 | J42: 0.43 | K42: 0.43 | L42: 0.43 | M42: 0.43 | N42: 0.43 | O42: 0.43 | P42: 0.43 | Q42: 0.43 | R42: 0.43 | S42: 0.43 | T42: 0.43 | U42: 0.43 | V42: 0.43 | W42: 0.43 | X42: 0.43 | Y42: 0.43 | Z42: 0.43 | AA42: 0.43 | AB42: 0.43 | AC42: 0.43
E43: Sunday | F43: 0.43 | G43: 0.43 | H43: 0.43 | I43: 0.43 | J43: 0.43 | K43: 0.43 | L43: 0.43 | M43: 0.43 | N43: 0.43 | O43: 0.43 | P43: 0.43 | Q43: 0.43 | R43: 0.43 | S43: 0.43 | T43: 0.43 | U43: 0.43 | V43: 0.43 | W43: 0.43 | X43: 0.43 | Y43: 0.43 | Z43: 0.43 | AA43: 0.43 | AB43: 0.43 | AC43: 0.43
A44: Zones with space type of Office or conference | B44: Office | C44: HVACAvail | D44: T24 2022 - Appendix 5.4B, [Office] Updated base on Plug load and schedules project with CEC, 202 | E44: Weekday | F44: 0 | G44: 0 | H44: 0 | I44: 0 | J44: 0 | K44: 1 | L44: 1 | M44: 1 | N44: 1 | O44: 1 | P44: 1 | Q44: 1 | R44: 1 | S44: 1 | T44: 1 | U44: 1 | V44: 1 | W44: 1 | X44: 1 | Y44: 1 | Z44: 1 | AA44: 1 | AB44: 1 | AC44: 1
E45: Saturday | F45: 0 | G45: 0 | H45: 0 | I45: 0 | J45: 0 | K45: 0 | L45: 0 | M45: 0 | N45: 0 | O45: 0 | P45: 0 | Q45: 0 | R45: 0 | S45: 0 | T45: 0 | U45: 0 | V45: 0 | W45: 0 | X45: 0 | Y45: 0 | Z45: 0 | AA45: 0 | AB45: 0 | AC45: 0
E46: Sunday | F46: 0 | G46: 0 | H46: 0 | I46: 0 | J46: 0 | K46: 0 | L46: 0 | M46: 0 | N46: 0 | O46: 0 | P46: 0 | Q46: 0 | R46: 0 | S46: 0 | T46: 0 | U46: 0 | V46: 0 | W46: 0 | X46: 0 | Y46: 0 | Z46: 0 | AA46: 0 | AB46: 0 | AC46: 0
A47: Zones with space type of Office or conference | B47: Office | C47: ServiceHotWater | D47: T24 2022 - Appendix 5.4B, [Office] | E47: Weekday | F47: 0.05 | G47: 0.05 | H47: 0.05 | I47: 0.05 | J47: 0.05 | K47: 0.08 | L47: 0.07 | M47: 0.19 | N47: 0.35 | O47: 0.38 | P47: 0.39 | Q47: 0.47 | R47: 0.57 | S47: 0.54 | T47: 0.34 | U47: 0.33 | V47: 0.44 | W47: 0.26 | X47: 0.21 | Y47: 0.15 | Z47: 0.17 | AA47: 0.08 | AB47: 0.05 | AC47: 0.05
E48: Saturday | F48: 0.05 | G48: 0.05 | H48: 0.05 | I48: 0.05 | J48: 0.05 | K48: 0.08 | L48: 0.07 | M48: 0.11 | N48: 0.15 | O48: 0.21 | P48: 0.19 | Q48: 0.23 | R48: 0.2 | S48: 0.19 | T48: 0.15 | U48: 0.12 | V48: 0.14 | W48: 0.07 | X48: 0.07 | Y48: 0.07 | Z48: 0.07 | AA48: 0.09 | AB48: 0.05 | AC48: 0.05
E49: Sunday | F49: 0.04 | G49: 0.04 | H49: 0.04 | I49: 0.04 | J49: 0.04 | K49: 0.07 | L49: 0.04 | M49: 0.04 | N49: 0.04 | O49: 0.04 | P49: 0.04 | Q49: 0.06 | R49: 0.06 | S49: 0.09 | T49: 0.06 | U49: 0.04 | V49: 0.04 | W49: 0.04 | X49: 0.04 | Y49: 0.04 | Z49: 0.04 | AA49: 0.07 | AB49: 0.04 | AC49: 0.04
A50: Zones with space type of Office or conference | B50: Office | C50: Infiltration | D50: T24 2022 - Appendix 5.4B, [Office] Updated base on Plug load and schedules project with CEC, 202 | E50: Weekday | F50: 1 | G50: 1 | H50: 1 | I50: 1 | J50: 1 | K50: 0.25 | L50: 0.25 | M50: 0.25 | N50: 0.25 | O50: 0.25 | P50: 0.25 | Q50: 0.25 | R50: 0.25 | S50: 0.25 | T50: 0.25 | U50: 0.25 | V50: 0.25 | W50: 0.25 | X50: 0.25 | Y50: 0.25 | Z50: 0.25 | AA50: 0.25 | AB50: 0.25 | AC50: 0.25
E51: Saturday | F51: 1 | G51: 1 | H51: 1 | I51: 1 | J51: 1 | K51: 1 | L51: 1 | M51: 1 | N51: 1 | O51: 1 | P51: 1 | Q51: 1 | R51: 1 | S51: 1 | T51: 1 | U51: 1 | V51: 1 | W51: 1 | X51: 1 | Y51: 1 | Z51: 1 | AA51: 1 | AB51: 1 | AC51: 1
E52: Sunday | F52: 1 | G52: 1 | H52: 1 | I52: 1 | J52: 1 | K52: 1 | L52: 1 | M52: 1 | N52: 1 | O52: 1 | P52: 1 | Q52: 1 | R52: 1 | S52: 1 | T52: 1 | U52: 1 | V52: 1 | W52: 1 | X52: 1 | Y52: 1 | Z52: 1 | AA52: 1 | AB52: 1 | AC52: 1
A53: Zones with space type of Office or conference | B53: Office | C53: HtgSetpt | D53: Honeywell-INNCOM e7 Thermostat User Guide & Engineering Judgement | E53: Weekday | F53: =IF((F44=1),Thermostat!$B$3,Thermostat!$B$4) -> 70 | G53: =IF((G44=1),Thermostat!$B$3,Thermostat!$B$4) -> 70 | H53: =IF((H44=1),Thermostat!$B$3,Thermostat!$B$4) -> 70 | I53: =IF((I44=1),Thermostat!$B$3,Thermostat!$B$4) -> 70 | J53: =IF((J44=1),Thermostat!$B$3,Thermostat!$B$4) -> 70 | K53: =IF((K44=1),Thermostat!$B$3,Thermostat!$B$4) -> 70 | L53: =IF((L44=1),Thermostat!$B$3,Thermostat!$B$4) -> 70 | M53: =IF((M44=1),Thermostat!$B$3,Thermostat!$B$4) -> 70 | ... AC53: =IF((AC44=1),Thermostat!$B$3,Thermostat!$B$4) -> 70
E54: Saturday | F54: =IF((F45=1),Thermostat!$B$3,Thermostat!$B$4) -> 70 | G54: =IF((G45=1),Thermostat!$B$3,Thermostat!$B$4) -> 70 | H54: =IF((H45=1),Thermostat!$B$3,Thermostat!$B$4) -> 70 | I54: =IF((I45=1),Thermostat!$B$3,Thermostat!$B$4) -> 70 | J54: =IF((J45=1),Thermostat!$B$3,Thermostat!$B$4) -> 70 | K54: =IF((K45=1),Thermostat!$B$3,Thermostat!$B$4) -> 70 | L54: =IF((L45=1),Thermostat!$B$3,Thermostat!$B$4) -> 70 | M54: =IF((M45=1),Thermostat!$B$3,Thermostat!$B$4) -> 70 | ... AC54: =IF((AC45=1),Thermostat!$B$3,Thermostat!$B$4) -> 70
E55: Sunday | F55: =IF((F46=1),Thermostat!$B$3,Thermostat!$B$4) -> 70 | G55: =IF((G46=1),Thermostat!$B$3,Thermostat!$B$4) -> 70 | H55: =IF((H46=1),Thermostat!$B$3,Thermostat!$B$4) -> 70 | I55: =IF((I46=1),Thermostat!$B$3,Thermostat!$B$4) -> 70 | J55: =IF((J46=1),Thermostat!$B$3,Thermostat!$B$4) -> 70 | K55: =IF((K46=1),Thermostat!$B$3,Thermostat!$B$4) -> 70 | L55: =IF((L46=1),Thermostat!$B$3,Thermostat!$B$4) -> 70 | M55: =IF((M46=1),Thermostat!$B$3,Thermostat!$B$4) -> 70 | ... AC55: =IF((AC46=1),Thermostat!$B$3,Thermostat!$B$4) -> 70
A56: Zones with space type of Office or conference | B56: Office | C56: ClgSetpt | D56: Honeywell-INNCOM e7 Thermostat User Guide & Engineering Judgement | E56: Weekday | F56: =IF((F44=1),Thermostat!$B$5,Thermostat!$B$6) -> 75 | G56: =IF((G44=1),Thermostat!$B$5,Thermostat!$B$6) -> 75 | H56: =IF((H44=1),Thermostat!$B$5,Thermostat!$B$6) -> 75 | I56: =IF((I44=1),Thermostat!$B$5,Thermostat!$B$6) -> 75 | J56: =IF((J44=1),Thermostat!$B$5,Thermostat!$B$6) -> 75 | K56: =IF((K44=1),Thermostat!$B$5,Thermostat!$B$6) -> 75 | L56: =IF((L44=1),Thermostat!$B$5,Thermostat!$B$6) -> 75 | M56: =IF((M44=1),Thermostat!$B$5,Thermostat!$B$6) -> 75 | ... AC56: =IF((AC44=1),Thermostat!$B$5,Thermostat!$B$6) -> 75
E57: Saturday | F57: =IF((F45=1),Thermostat!$B$5,Thermostat!$B$6) -> 75 | G57: =IF((G45=1),Thermostat!$B$5,Thermostat!$B$6) -> 75 | H57: =IF((H45=1),Thermostat!$B$5,Thermostat!$B$6) -> 75 | I57: =IF((I45=1),Thermostat!$B$5,Thermostat!$B$6) -> 75 | J57: =IF((J45=1),Thermostat!$B$5,Thermostat!$B$6) -> 75 | K57: =IF((K45=1),Thermostat!$B$5,Thermostat!$B$6) -> 75 | L57: =IF((L45=1),Thermostat!$B$5,Thermostat!$B$6) -> 75 | M57: =IF((M45=1),Thermostat!$B$5,Thermostat!$B$6) -> 75 | ... AC57: =IF((AC45=1),Thermostat!$B$5,Thermostat!$B$6) -> 75
E58: Sunday | F58: =IF((F46=1),Thermostat!$B$5,Thermostat!$B$6) -> 75 | G58: =IF((G46=1),Thermostat!$B$5,Thermostat!$B$6) -> 75 | H58: =IF((H46=1),Thermostat!$B$5,Thermostat!$B$6) -> 75 | I58: =IF((I46=1),Thermostat!$B$5,Thermostat!$B$6) -> 75 | J58: =IF((J46=1),Thermostat!$B$5,Thermostat!$B$6) -> 75 | K58: =IF((K46=1),Thermostat!$B$5,Thermostat!$B$6) -> 75 | L58: =IF((L46=1),Thermostat!$B$5,Thermostat!$B$6) -> 75 | M58: =IF((M46=1),Thermostat!$B$5,Thermostat!$B$6) -> 75 | ... AC58: =IF((AC46=1),Thermostat!$B$5,Thermostat!$B$6) -> 75
C59: Other | AD59: EFLH
B60: Building | C60: Elevator | D60: T24 2022 - Appendix 5.4B, [Health] | E60: Weekday | F60: 0 | G60: 0 | H60: 0 | I60: 0 | J60: 0 | K60: 0 | L60: 0 | M60: 0.02 | N60: 0.75 | O60: 1 | P60: 1 | Q60: 1 | R60: 0.75 | S60: 1 | T60: 1 | U60: 1 | V60: 1 | W60: 1 | X60: 0.52 | Y60: 0.52 | Z60: 0.52 | AA60: 0.28 | AB60: 0 | AC60: 0 | AD60: =SUM(F60:AC60)*261+ SUM(F61:AC61)*52+ SUM(F62:AC62)*52 -> 3254.08
E61: Saturday | F61: 0 | G61: 0 | H61: 0 | I61: 0 | J61: 0 | K61: 0 | L61: 0 | M61: 0.02 | N61: 0.46 | O61: 0.7 | P61: 0.7 | Q61: 0.7 | R61: 0.51 | S61: 0.51 | T61: 0.51 | U61: 0.51 | V61: 0.51 | W61: 0.25 | X61: 0.02 | Y61: 0 | Z61: 0 | AA61: 0 | AB61: 0 | AC61: 0
E62: Sunday | F62: 0 | G62: 0 | H62: 0 | I62: 0 | J62: 0 | K62: 0 | L62: 0 | M62: 0 | N62: 0.02 | O62: 0.02 | P62: 0.02 | Q62: 0.02 | R62: 0.02 | S62: 0.02 | T62: 0.02 | U62: 0.02 | V62: 0 | W62: 0 | X62: 0 | Y62: 0 | Z62: 0 | AA62: 0 | AB62: 0 | AC62: 0
B63: Building | C63: ExtLightingNonMotionCtrl | D63: PNNL Hospital Prototype (2022) | E63: Weekday | F63: 1 | G63: 1 | H63: 1 | I63: 1 | J63: 1 | K63: 1 | L63: 1 | M63: 1 | N63: 1 | O63: 1 | P63: 1 | Q63: 1 | R63: 1 | S63: 1 | T63: 1 | U63: 1 | V63: 1 | W63: 1 | X63: 1 | Y63: 1 | Z63: 1 | AA63: 1 | AB63: 1 | AC63: 1
E64: Saturday | F64: 1 | G64: 1 | H64: 1 | I64: 1 | J64: 1 | K64: 1 | L64: 1 | M64: 1 | N64: 1 | O64: 1 | P64: 1 | Q64: 1 | R64: 1 | S64: 1 | T64: 1 | U64: 1 | V64: 1 | W64: 1 | X64: 1 | Y64: 1 | Z64: 1 | AA64: 1 | AB64: 1 | AC64: 1
E65: Sunday | F65: 1 | G65: 1 | H65: 1 | I65: 1 | J65: 1 | K65: 1 | L65: 1 | M65: 1 | N65: 1 | O65: 1 | P65: 1 | Q65: 1 | R65: 1 | S65: 1 | T65: 1 | U65: 1 | V65: 1 | W65: 1 | X65: 1 | Y65: 1 | Z65: 1 | AA65: 1 | AB65: 1 | AC65: 1
B66: Building | C66: ExtLightingMotionCtrl | D66: PNNL Hospital Prototype (2022) Modified to 0 for 11 pm to 5 am during weekday and 12 am to 5 am during weekend | E66: Weekday | F66: 0 | G66: 0 | H66: 0 | I66: 0 | J66: 0 | K66: 1 | L66: 1 | M66: 1 | N66: 1 | O66: 1 | P66: 1 | Q66: 1 | R66: 1 | S66: 1 | T66: 1 | U66: 1 | V66: 1 | W66: 1 | X66: 1 | Y66: 1 | Z66: 1 | AA66: 1 | AB66: 0 | AC66: 0
E67: Saturday | F67: 0 | G67: 0 | H67: 0 | I67: 0 | J67: 0 | K67: 1 | L67: 1 | M67: 1 | N67: 1 | O67: 1 | P67: 1 | Q67: 1 | R67: 1 | S67: 1 | T67: 1 | U67: 1 | V67: 1 | W67: 1 | X67: 1 | Y67: 1 | Z67: 1 | AA67: 1 | AB67: 1 | AC67: 1
E68: Sunday | F68: 0 | G68: 0 | H68: 0 | I68: 0 | J68: 0 | K68: 1 | L68: 1 | M68: 1 | N68: 1 | O68: 1 | P68: 1 | Q68: 1 | R68: 1 | S68: 1 | T68: 1 | U68: 1 | V68: 1 | W68: 1 | X68: 1 | Y68: 1 | Z68: 1 | AA68: 1 | AB68: 1 | AC68: 1
A69: Office, Exam Room,Nurse Station, Recovery Room,Operating Room. Patient Room,Physical Therapy, Imaging Room, Medical Supply Room | B69: Building | C69: FunctionalAreaPeopleActivityLevel | D69: CEC Hospital Prototype | E69: Weekday | F69: 131.9 | G69: 131.9 | H69: 131.9 | I69: 131.9 | J69: 131.9 | K69: 131.9 | L69: 131.9 | M69: 131.9 | N69: 131.9 | O69: 131.9 | P69: 131.9 | Q69: 131.9 | R69: 131.9 | S69: 131.9 | T69: 131.9 | U69: 131.9 | V69: 131.9 | W69: 131.9 | X69: 131.9 | Y69: 131.9 | Z69: 131.9 | AA69: 131.9 | AB69: 131.9 | AC69: 131.9
E70: Saturday | F70: 131.9 | G70: 131.9 | H70: 131.9 | I70: 131.9 | J70: 131.9 | K70: 131.9 | L70: 131.9 | M70: 131.9 | N70: 131.9 | O70: 131.9 | P70: 131.9 | Q70: 131.9 | R70: 131.9 | S70: 131.9 | T70: 131.9 | U70: 131.9 | V70: 131.9 | W70: 131.9 | X70: 131.9 | Y70: 131.9 | Z70: 131.9 | AA70: 131.9 | AB70: 131.9 | AC70: 131.9
E71: Sunday | F71: 131.9 | G71: 131.9 | H71: 131.9 | I71: 131.9 | J71: 131.9 | K71: 131.9 | L71: 131.9 | M71: 131.9 | N71: 131.9 | O71: 131.9 | P71: 131.9 | Q71: 131.9 | R71: 131.9 | S71: 131.9 | T71: 131.9 | U71: 131.9 | V71: 131.9 | W71: 131.9 | X71: 131.9 | Y71: 131.9 | Z71: 131.9 | AA71: 131.9 | AB71: 131.9 | AC71: 131.9
A72: Corridor, Lobby, Restroom, Mechanical Room, Elevator, Stairwell, Reception rea, Lounge and Breakroom | B72: Building | C72: CommonAreaPeopleActivityLevel | D72: CEC Hospital Prototype | E72: Weekday | F72: 146.5 | G72: 146.5 | H72: 146.5 | I72: 146.5 | J72: 146.5 | K72: 146.5 | L72: 146.5 | M72: 146.5 | N72: 146.5 | O72: 146.5 | P72: 146.5 | Q72: 146.5 | R72: 146.5 | S72: 146.5 | T72: 146.5 | U72: 146.5 | V72: 146.5 | W72: 146.5 | X72: 146.5 | Y72: 146.5 | Z72: 146.5 | AA72: 146.5 | AB72: 146.5 | AC72: 146.5
E73: Saturday | F73: 146.5 | G73: 146.5 | H73: 146.5 | I73: 146.5 | J73: 146.5 | K73: 146.5 | L73: 146.5 | M73: 146.5 | N73: 146.5 | O73: 146.5 | P73: 146.5 | Q73: 146.5 | R73: 146.5 | S73: 146.5 | T73: 146.5 | U73: 146.5 | V73: 146.5 | W73: 146.5 | X73: 146.5 | Y73: 146.5 | Z73: 146.5 | AA73: 146.5 | AB73: 146.5 | AC73: 146.5
E74: Sunday | F74: 146.5 | G74: 146.5 | H74: 146.5 | I74: 146.5 | J74: 146.5 | K74: 146.5 | L74: 146.5 | M74: 146.5 | N74: 146.5 | O74: 146.5 | P74: 146.5 | Q74: 146.5 | R74: 146.5 | S74: 146.5 | T74: 146.5 | U74: 146.5 | V74: 146.5 | W74: 146.5 | X74: 146.5 | Y74: 146.5 | Z74: 146.5 | AA74: 146.5 | AB74: 146.5 | AC74: 146.5
A75: Dining | B75: Building | C75: DiningAreaPeopleActivityLevel | D75: CEC Hospital Prototype | E75: Weekday | F75: 161.2 | G75: 161.2 | H75: 161.2 | I75: 161.2 | J75: 161.2 | K75: 161.2 | L75: 161.2 | M75: 161.2 | N75: 161.2 | O75: 161.2 | P75: 161.2 | Q75: 161.2 | R75: 161.2 | S75: 161.2 | T75: 161.2 | U75: 161.2 | V75: 161.2 | W75: 161.2 | X75: 161.2 | Y75: 161.2 | Z75: 161.2 | AA75: 161.2 | AB75: 161.2 | AC75: 161.2
E76: Saturday | F76: 161.2 | G76: 161.2 | H76: 161.2 | I76: 161.2 | J76: 161.2 | K76: 161.2 | L76: 161.2 | M76: 161.2 | N76: 161.2 | O76: 161.2 | P76: 161.2 | Q76: 161.2 | R76: 161.2 | S76: 161.2 | T76: 161.2 | U76: 161.2 | V76: 161.2 | W76: 161.2 | X76: 161.2 | Y76: 161.2 | Z76: 161.2 | AA76: 161.2 | AB76: 161.2 | AC76: 161.2
E77: Sunday | F77: 161.2 | G77: 161.2 | H77: 161.2 | I77: 161.2 | J77: 161.2 | K77: 161.2 | L77: 161.2 | M77: 161.2 | N77: 161.2 | O77: 161.2 | P77: 161.2 | Q77: 161.2 | R77: 161.2 | S77: 161.2 | T77: 161.2 | U77: 161.2 | V77: 161.2 | W77: 161.2 | X77: 161.2 | Y77: 161.2 | Z77: 161.2 | AA77: 161.2 | AB77: 161.2 | AC77: 161.2
A78: Kitchen | B78: Building | C78: KitchenPeopleActivityLevel | D78: CEC Hospital Prototype | E78: Weekday | F78: 219.8 | G78: 219.8 | H78: 219.8 | I78: 219.8 | J78: 219.8 | K78: 219.8 | L78: 219.8 | M78: 219.8 | N78: 219.8 | O78: 219.8 | P78: 219.8 | Q78: 219.8 | R78: 219.8 | S78: 219.8 | T78: 219.8 | U78: 219.8 | V78: 219.8 | W78: 219.8 | X78: 219.8 | Y78: 219.8 | Z78: 219.8 | AA78: 219.8 | AB78: 219.8 | AC78: 219.8
E79: Saturday | F79: 219.8 | G79: 219.8 | H79: 219.8 | I79: 219.8 | J79: 219.8 | K79: 219.8 | L79: 219.8 | M79: 219.8 | N79: 219.8 | O79: 219.8 | P79: 219.8 | Q79: 219.8 | R79: 219.8 | S79: 219.8 | T79: 219.8 | U79: 219.8 | V79: 219.8 | W79: 219.8 | X79: 219.8 | Y79: 219.8 | Z79: 219.8 | AA79: 219.8 | AB79: 219.8 | AC79: 219.8
E80: Sunday | F80: 219.8 | G80: 219.8 | H80: 219.8 | I80: 219.8 | J80: 219.8 | K80: 219.8 | L80: 219.8 | M80: 219.8 | N80: 219.8 | O80: 219.8 | P80: 219.8 | Q80: 219.8 | R80: 219.8 | S80: 219.8 | T80: 219.8 | U80: 219.8 | V80: 219.8 | W80: 219.8 | X80: 219.8 | Y80: 219.8 | Z80: 219.8 | AA80: 219.8 | AB80: 219.8 | AC80: 219.8
A81: Locker room | B81: Building | C81: LockerRoomPeopleActivityLevel | D81: CEC Hospital Prototype | E81: Weekday | F81: 213.9 | G81: 213.9 | H81: 213.9 | I81: 213.9 | J81: 213.9 | K81: 213.9 | L81: 213.9 | M81: 213.9 | N81: 213.9 | O81: 213.9 | P81: 213.9 | Q81: 213.9 | R81: 213.9 | S81: 213.9 | T81: 213.9 | U81: 213.9 | V81: 213.9 | W81: 213.9 | X81: 213.9 | Y81: 213.9 | Z81: 213.9 | AA81: 213.9 | AB81: 213.9 | AC81: 213.9
E82: Saturday | F82: 213.9 | G82: 213.9 | H82: 213.9 | I82: 213.9 | J82: 213.9 | K82: 213.9 | L82: 213.9 | M82: 213.9 | N82: 213.9 | O82: 213.9 | P82: 213.9 | Q82: 213.9 | R82: 213.9 | S82: 213.9 | T82: 213.9 | U82: 213.9 | V82: 213.9 | W82: 213.9 | X82: 213.9 | Y82: 213.9 | Z82: 213.9 | AA82: 213.9 | AB82: 213.9 | AC82: 213.9
E83: Sunday | F83: 213.9 | G83: 213.9 | H83: 213.9 | I83: 213.9 | J83: 213.9 | K83: 213.9 | L83: 213.9 | M83: 213.9 | N83: 213.9 | O83: 213.9 | P83: 213.9 | Q83: 213.9 | R83: 213.9 | S83: 213.9 | T83: 213.9 | U83: 213.9 | V83: 213.9 | W83: 213.9 | X83: 213.9 | Y83: 213.9 | Z83: 213.9 | AA83: 213.9 | AB83: 213.9 | AC83: 213.9
A84: Health OR | C84: Other
A85: All the zones | B85: HealthOR | C85: Occupancy | D85: T24 2022 - Appendix 5.4B, [Health] | E85: Weekday | F85: 0 | G85: 0 | H85: 0 | I85: 0 | J85: 0 | K85: 0 | L85: 0 | M85: 0.1 | N85: 0.5 | O85: 0.8 | P85: 0.8 | Q85: 0.8 | R85: 0.8 | S85: 0.8 | T85: 0.8 | U85: 0.8 | V85: 0.8 | W85: 0.5 | X85: 0.3 | Y85: 0.3 | Z85: 0.2 | AA85: 0.2 | AB85: 0 | AC85: 0
E86: Saturday | F86: 0 | G86: 0 | H86: 0 | I86: 0 | J86: 0 | K86: 0 | L86: 0 | M86: 0.1 | N86: 0.3 | O86: 0.4 | P86: 0.4 | Q86: 0.4 | R86: 0.4 | S86: 0.4 | T86: 0.4 | U86: 0.4 | V86: 0.4 | W86: 0.1 | X86: 0.1 | Y86: 0 | Z86: 0 | AA86: 0 | AB86: 0 | AC86: 0
E87: Sunday | F87: 0 | G87: 0 | H87: 0 | I87: 0 | J87: 0 | K87: 0 | L87: 0 | M87: 0 | N87: 0.05 | O87: 0.05 | P87: 0.05 | Q87: 0.05 | R87: 0.05 | S87: 0.05 | T87: 0.05 | U87: 0.05 | V87: 0 | W87: 0 | X87: 0 | Y87: 0 | Z87: 0 | AA87: 0 | AB87: 0 | AC87: 0
A88: All the zones | B88: HealthOR | C88: Lights | D88: T24 2022 - Appendix 5.4B, [Health] | E88: Weekday | F88: 0.1 | G88: 0.1 | H88: 0.1 | I88: 0.1 | J88: 0.1 | K88: 0.1 | L88: 0.1 | M88: 0.45 | N88: 0.8 | O88: 0.8 | P88: 0.8 | Q88: 0.8 | R88: 0.8 | S88: 0.8 | T88: 0.8 | U88: 0.8 | V88: 0.3 | W88: 0.3 | X88: 0.3 | Y88: 0.3 | Z88: 0.3 | AA88: 0.3 | AB88: 0.3 | AC88: 0.1
E89: Saturday | F89: 0.1 | G89: 0.1 | H89: 0.1 | I89: 0.1 | J89: 0.1 | K89: 0.1 | L89: 0.1 | M89: 0.2 | N89: 0.35 | O89: 0.35 | P89: 0.35 | Q89: 0.35 | R89: 0.35 | S89: 0.35 | T89: 0.35 | U89: 0.35 | V89: 0.35 | W89: 0.35 | X89: 0.1 | Y89: 0.1 | Z89: 0.1 | AA89: 0.1 | AB89: 0.1 | AC89: 0.1
E90: Sunday | F90: 0.05 | G90: 0.05 | H90: 0.05 | I90: 0.05 | J90: 0.05 | K90: 0.05 | L90: 0.05 | M90: 0.05 | N90: 0.1 | O90: 0.1 | P90: 0.1 | Q90: 0.1 | R90: 0.1 | S90: 0.1 | T90: 0.1 | U90: 0.1 | V90: 0.05 | W90: 0.05 | X90: 0.05 | Y90: 0.05 | Z90: 0.05 | AA90: 0.05 | AB90: 0.05 | AC90: 0.05
A91: All the zones | B91: HealthOR | C91: ElecEquipment | D91: T24 2022 - Appendix 5.4B, [Health] | E91: Weekday | F91: 0.1 | G91: 0.1 | H91: 0.1 | I91: 0.1 | J91: 0.1 | K91: 0.1 | L91: 0.1 | M91: 0.5 | N91: 0.9 | O91: 0.9 | P91: 0.9 | Q91: 0.9 | R91: 0.9 | S91: 0.9 | T91: 0.9 | U91: 0.9 | V91: 0.3 | W91: 0.3 | X91: 0.3 | Y91: 0.3 | Z91: 0.3 | AA91: 0.3 | AB91: 0.3 | AC91: 0.1
E92: Saturday | F92: 0.1 | G92: 0.1 | H92: 0.1 | I92: 0.1 | J92: 0.1 | K92: 0.1 | L92: 0.1 | M92: 0.2 | N92: 0.4 | O92: 0.4 | P92: 0.4 | Q92: 0.4 | R92: 0.4 | S92: 0.4 | T92: 0.4 | U92: 0.4 | V92: 0.4 | W92: 0.4 | X92: 0.1 | Y92: 0.1 | Z92: 0.1 | AA92: 0.1 | AB92: 0.1 | AC92: 0.1
E93: Sunday | F93: 0.05 | G93: 0.05 | H93: 0.05 | I93: 0.05 | J93: 0.05 | K93: 0.05 | L93: 0.05 | M93: 0.05 | N93: 0.1 | O93: 0.1 | P93: 0.1 | Q93: 0.1 | R93: 0.1 | S93: 0.1 | T93: 0.1 | U93: 0.1 | V93: 0.05 | W93: 0.05 | X93: 0.05 | Y93: 0.05 | Z93: 0.05 | AA93: 0.05 | AB93: 0.05 | AC93: 0.05
A94: All the zones | B94: HealthOR | C94: ServiceHotWater | D94: T24 2022 - Appendix 5.4B, [Health] | E94: Weekday | F94: 0.01 | G94: 0.01 | H94: 0.01 | I94: 0.01 | J94: 0.01 | K94: 0.01 | L94: 0.01 | M94: 0.17 | N94: 0.58 | O94: 0.66 | P94: 0.78 | Q94: 0.82 | R94: 0.71 | S94: 0.82 | T94: 0.78 | U94: 0.74 | V94: 0.63 | W94: 0.41 | X94: 0.18 | Y94: 0.18 | Z94: 0.18 | AA94: 0.1 | AB94: 0.01 | AC94: 0.01
E95: Saturday | F95: 0.01 | G95: 0.01 | H95: 0.01 | I95: 0.01 | J95: 0.01 | K95: 0.01 | L95: 0.01 | M95: 0.01 | N95: 0.2 | O95: 0.28 | P95: 0.3 | Q95: 0.3 | R95: 0.24 | S95: 0.24 | T95: 0.23 | U95: 0.23 | V95: 0.23 | W95: 0.1 | X95: 0.01 | Y95: 0.01 | Z95: 0.01 | AA95: 0.01 | AB95: 0.01 | AC95: 0.01
E96: Sunday | F96: 0.01 | G96: 0.01 | H96: 0.01 | I96: 0.01 | J96: 0.01 | K96: 0.01 | L96: 0.01 | M96: 0.01 | N96: 0.01 | O96: 0.01 | P96: 0.01 | Q96: 0.01 | R96: 0.01 | S96: 0.01 | T96: 0.01 | U96: 0.01 | V96: 0.01 | W96: 0.01 | X96: 0.01 | Y96: 0.01 | Z96: 0.01 | AA96: 0.01 | AB96: 0.01 | AC96: 0.01
A97: All the zones | B97: HealthOR | C97: GasEquipment | D97: T24 2022 - Appendix 5.4B, [Health] | E97: Weekday | F97: 0 | G97: 0 | H97: 0 | I97: 0 | J97: 0 | K97: 0 | L97: 0 | M97: 0.75 | N97: 0.9 | O97: 0.9 | P97: 0.9 | Q97: 0.9 | R97: 0.9 | S97: 0.9 | T97: 0.9 | U97: 0.9 | V97: 0.9 | W97: 0.75 | X97: 0.2 | Y97: 0.1 | Z97: 0 | AA97: 0 | AB97: 0 | AC97: 0
E98: Saturday | F98: 0 | G98: 0 | H98: 0 | I98: 0 | J98: 0 | K98: 0 | L98: 0 | M98: 0.3 | N98: 0.5 | O98: 0.5 | P98: 0.5 | Q98: 0.5 | R98: 0.5 | S98: 0.5 | T98: 0.5 | U98: 0.5 | V98: 0.5 | W98: 0.3 | X98: 0 | Y98: 0 | Z98: 0 | AA98: 0 | AB98: 0 | AC98: 0
E99: Sunday | F99: 0 | G99: 0 | H99: 0 | I99: 0 | J99: 0 | K99: 0 | L99: 0 | M99: 0 | N99: 0 | O99: 0 | P99: 0 | Q99: 0 | R99: 0 | S99: 0 | T99: 0 | U99: 0 | V99: 0 | W99: 0 | X99: 0 | Y99: 0 | Z99: 0 | AA99: 0 | AB99: 0 | AC99: 0
A100: All the zones | B100: HealthOR | C100: Refrigeration | D100: T24 2022 - Appendix 5.4B, [Health] | E100: Weekday | F100: 0.9 | G100: 0.9 | H100: 0.9 | I100: 0.9 | J100: 0.9 | K100: 0.9 | L100: 0.9 | M100: 0.9 | N100: 0.9 | O100: 0.9 | P100: 0.9 | Q100: 0.9 | R100: 0.9 | S100: 0.9 | T100: 0.9 | U100: 0.9 | V100: 0.9 | W100: 0.9 | X100: 0.9 | Y100: 0.9 | Z100: 0.9 | AA100: 0.9 | AB100: 0.9 | AC100: 0.9
...

Sheet Energy Usage
A1: CalBEM Energy Consumption - Outpatient | O1: ="Energy Consumption - "&Prototype!A2 -> Energy Consumption - Outpatient
A2: Prototype | B2: CZ | C2: CalBEM Electricity EUI (KBTU/ft²) | D2: CalBEM Gas EUI (KBTU/ft²) | E2: CalBEM Total EUI (KBTU/ft²) | F2: New Construction Electricity EUI (KBTU/ft²) | G2: New Construction Gas EUI (KBTU/ft²) | H2: New Construction Total EUI (KBTU/ft²) | I2: National Average | J2: Acceptable Range (25% Higher) | K2: Acceptable Range (25% Lower) | L2: National Average Acceptable EUI Range | O2: Prototype | P2: CZ | Q2: Total Floorspace (Thousand of ft²) | R2: CEUS 2023 Electricity EUI (kBtu/ft²) | S2: CEUS 2023 Gas EUI (kBtu/ft²) | T2: CEUS 2023 Total EUI (kBtu/ft²) | U2: Acceptable Range (25% Higher) | V2: Acceptable Range (25% Lower) | W2: CEUS 2022 Acceptable EUI Range
A3: Outpatient | B3: 1 | I3: 108 | J3: =I3*1.25 -> 135 | K3: =I3*0.75 -> 81 | L3: =J3-K3 -> 54 | O3: =A3 -> Outpatient | P3: 1 | Q3: 7059 | R3: 70.980212 | S3: 51.157709 | T3: =R3+S3 -> 122.13792 | U3: =T3*1.25 -> 152.6724 | V3: =T3*0.75 -> 91.603441 | W3: =U3-V3 -> 61.068961
B4: 2 | I4: 106.4 | J4: =I4*1.25 -> 133 | K4: =I4*0.75 -> 79.8 | L4: =J4-K4 -> 53.2 | P4: 2 | Q4: 14514 | R4: 45.631221 | S4: 53.475471 | T4: =R4+S4 -> 99.106692 | U4: =T4*1.25 -> 123.88337 | V4: =T4*0.75 -> 74.330019 | W4: =U4-V4 -> 49.553346
B5: 3 | I5: 104.6 | J5: =I5*1.25 -> 130.75 | K5: =I5*0.75 -> 78.45 | L5: =J5-K5 -> 52.3 | P5: 3 | Q5: 56689 | R5: 53.487683 | S5: 48.160548 | T5: =R5+S5 -> 101.64823 | U5: =T5*1.25 -> 127.06029 | V5: =T5*0.75 -> 76.236173 | W5: =U5-V5 -> 50.824115
B6: 4 | I6: 111.8 | J6: =I6*1.25 -> 139.75 | K6: =I6*0.75 -> 83.85 | L6: =J6-K6 -> 55.9 | P6: 4 | Q6: 29372 | R6: 54.755926 | S6: 50.159319 | T6: =R6+S6 -> 104.91525 | U6: =T6*1.25 -> 131.14406 | V6: =T6*0.75 -> 78.686434 | W6: =U6-V6 -> 52.457623
B7: 5 | I7: 103.8 | J7: =I7*1.25 -> 129.75 | K7: =I7*0.75 -> 77.85 | L7: =J7-K7 -> 51.9 | P7: 5 | Q7: 5067 | R7: 39.828203 | S7: 24.816476 | T7: =R7+S7 -> 64.644678 | U7: =T7*1.25 -> 80.805848 | V7: =T7*0.75 -> 48.483509 | W7: =U7-V7 -> 32.322339
B8: 6 | I8: 107.3 | J8: =I8*1.25 -> 134.125 | K8: =I8*0.75 -> 80.475 | L8: =J8-K8 -> 53.65 | P8: 6 | Q8: 32891 | R8: 54.932125 | S8: 75.476366 | T8: =R8+S8 -> 130.40849 | U8: =T8*1.25 -> 163.01061 | V8: =T8*0.75 -> 97.806368 | W8: =U8-V8 -> 65.204245
B9: 7 | I9: 108.5 | J9: =I9*1.25 -> 135.625 | K9: =I9*0.75 -> 81.375 | L9: =J9-K9 -> 54.25 | P9: 7 | Q9: 31754 | R9: 74.843716 | S9: 45.486109 | T9: =R9+S9 -> 120.32983 | U9: =T9*1.25 -> 150.41228 | V9: =T9*0.75 -> 90.247369 | W9: =U9-V9 -> 60.164913
B10: 8 | I10: 113.6 | J10: =I10*1.25 -> 142 | K10: =I10*0.75 -> 85.2 | L10: =J10-K10 -> 56.8 | P10: 8 | Q10: 50355 | R10: 56.543942 | S10: 86.91147 | T10: =R10+S10 -> 143.45541 | U10: =T10*1.25 -> 179.31926 | V10: =T10*0.75 -> 107.59156 | W10: =U10-V10 -> 71.727706
B11: 9 | I11: 113.1 | J11: =I11*1.25 -> 141.375 | K11: =I11*0.75 -> 84.825 | L11: =J11-K11 -> 56.55 | P11: 9 | Q11: 72118 | R11: 45.225686 | S11: 63.372652 | T11: =R11+S11 -> 108.59834 | U11: =T11*1.25 -> 135.74792 | V11: =T11*0.75 -> 81.448754 | W11: =U11-V11 -> 54.299169
B12: 10 | I12: 110.1 | J12: =I12*1.25 -> 137.625 | K12: =I12*0.75 -> 82.575 | L12: =J12-K12 -> 55.05 | P12: 10 | Q12: 55175 | R12: 66.772264 | S12: 63.833987 | T12: =R12+S12 -> 130.60625 | U12: =T12*1.25 -> 163.25781 | V12: =T12*0.75 -> 97.954688 | W12: =U12-V12 -> 65.303125
B13: 11 | I13: 119.3 | J13: =I13*1.25 -> 149.125 | K13: =I13*0.75 -> 89.475 | L13: =J13-K13 -> 59.65 | P13: 11 | Q13: 20961 | R13: 67.713582 | S13: 42.220508 | T13: =R13+S13 -> 109.93409 | U13: =T13*1.25 -> 137.41761 | V13: =T13*0.75 -> 82.450567 | W13: =U13-V13 -> 54.967045
B14: 12 | I14: 115.6 | J14: =I14*1.25 -> 144.5 | K14: =I14*0.75 -> 86.7 | L14: =J14-K14 -> 57.8 | P14: 12 | Q14: 93863 | R14: 69.337543 | S14: 42.635038 | T14: =R14+S14 -> 111.97258 | U14: =T14*1.25 -> 139.96573 | V14: =T14*0.75 -> 83.979436 | W14: =U14-V14 -> 55.986291
B15: 13 | I15: 121.5 | J15: =I15*1.25 -> 151.875 | K15: =I15*0.75 -> 91.125 | L15: =J15-K15 -> 60.75 | P15: 13 | Q15: 30306 | R15: 75.593439 | S15: 48.302176 | T15: =R15+S15 -> 123.89561 | U15: =T15*1.25 -> 154.86952 | V15: =T15*0.75 -> 92.921711 | W15: =U15-V15 -> 61.947807
... B18: 16 | I18: 113.1 | J18: =I18*1.25 -> 141.375 | K18: =I18*0.75 -> 84.825 | L18: =J18-K18 -> 56.55 | P18: 16 | Q18: 57915 | R18: 72.268087 | S18: 64.383249 | T18: =R18+S18 -> 136.65134 | U18: =T18*1.25 -> 170.81417 | V18: =T18*0.75 -> 102.4885 | W18: =U18-V18 -> 68.325668
O20: Ref: CEUS 2022 Report
O21: And converted FZ level data to CZ level
O22: CEUS has only one category for healthcare.
O25: Background Data [To be deleted prior to publication]

Sheet Weights
A1: ="% of Floor Area per CZ and Vintage Bin - "&Prototype!A2 -> % of Floor Area per CZ and Vintage Bin - Outpatient | J1: ="% of Floor Area per CZ and Vintage Bin - "&Prototype!A2 -> % of Floor Area per CZ and Vintage Bin - Outpatient
A2: Prototype | B2: CZ | C2: Vintage Bin | J2: Prototype | K2: Vintage Bin | L2: CZ
C3: Pre-1978 | D3: 1978-1997 | E3: 1998-2007 | F3: 2008-2018 | G3: Not available | L3: 1 | M3: 2 | N3: 3 | O3: 4 | P3: 5 | Q3: 6 | R3: 7 | S3: 8 | T3: 9 | U3: 10 | V3: 11 | W3: 12 | X3: 13 | Y3: 14 | Z3: 15 | AA3: 16
A4: Outpatient | B4: 1 | H4: =SUM(C4:G4) -> 0 | J4: Outpatient | K4: Pre-1978 | AB4: =SUM(L4:AA4) -> 0
B5: 2 | H5: =SUM(C5:G5) -> 0 | K5: 1978-1997 | AB5: =SUM(L5:AA5) -> 0
B6: 3 | H6: =SUM(C6:G6) -> 0 | K6: 1998-2007 | AB6: =SUM(L6:AA6) -> 0
B7: 4 | H7: =SUM(C7:G7) -> 0 | K7: 2008-2018 | AB7: =SUM(L7:AA7) -> 0
B8: 5 | H8: =SUM(C8:G8) -> 0 | K8: Not available | AB8: =SUM(L8:AA8) -> 0
B9: 6 | H9: =SUM(C9:G9) -> 0 | K9: Total
B10: 7 | H10: =SUM(C10:G10) -> 0
B11: 8 | H11: =SUM(C11:G11) -> 0
B12: 9 | H12: =SUM(C12:G12) -> 0
B13: 10 | H13: =SUM(C13:G13) -> 0
B14: 11 | H14: =SUM(C14:G14) -> 0
B15: 12 | H15: =SUM(C15:G15) -> 0
B16: 13 | H16: =SUM(C16:G16) -> 0
B17: 14 | H17: =SUM(C17:G17) -> 0
B18: 15 | H18: =SUM(C18:G18) -> 0
B19: 16 | H19: =SUM(C19:G19) -> 0
B20: Statewide
A22: Ref: CEUS 2022 dataset
A23: And converted FZ level data to CZ level
A24: CEUS has only one category for healthcare.
A29: Background Data [To be deleted prior to publication]

Sheet PV
A1: ="PV - "&Prototype!A2 -> PV - Outpatient
A2: TBD

Sheet EV Charger
A1: ="EV Charger - "&Prototype!A2 -> EV Charger - Outpatient
A2: TBD
A11: Background Data [To be deleted prior to publication]

Sheet Data
A1: Space Function | B1: Electric Equipment Load Intensity | C1: Electric Equipment Load Intensity | D1: LPD
A2: Aging Eye/Low-vision (Corridor Area) | D2: 2013 | E2: 2016 | F2: 2019 | G2: 2025
A3: Aging Eye/Low-vision (Dining)
A4: Aging Eye/Low-vision (Lobby, Main Entry)
A5: Aging Eye/Low-vision (Lounge/Waiting Area)
A6: Aging Eye/Low-vision (Multipurpose Room)
A7: Aging Eye/Low-vision (Religious Worship Area)
A8: Aging Eye/Low-vision (Restroom)
A9: Aging Eye/Low-vision (Stairwell)
A10: Audience Seating Area
A11: Auditorium Area
A12: Auto Repair / Maintenance Area
A13: Barber, Beauty Salon, Spa Area
A14: Civic Meeting Place Area
... A83: Server Room (EPD 45)
