Workbook
Name nonparticipating_forecastzone_scale_factor: #REF!
Name nonparticipating_forecastzone_scale_factor: 'Energy Usage'!#REF!
Name Space_Function: Data!$A$2:$A$76

Sheet Notes
A1: Data Sources
A2: Dataset | B2: Dodge 2023
B3: CEUS 2022
B4: CBECS 2018
B5: ComStock 2023
A6: Prototype | B6: CEC prototype (CBECC 2022.3.1) | C6: https://bees.noresco.com/software2022.html
B7: PNNL prototype (90.1-2022) | C7: https://www.energycodes.gov/prototype-building-models#Commercial
B8: DEER prototype (June 2023) | C8: https://github.com/sound-data/DEER-Prototypes-EnergyPlus
A10: Codes | B10: Title 24, part 6, referred to as T24 (1986, 1992, 2001, 2007, 2013, 2016, 2019, 2022, 2025)
B11: ASHRAE 90.1 (2022)
B12: CFR Title 10 (2009) | C12: https://www.govinfo.gov/content/pkg/FR-2009-03-23/pdf/FR-2009-03-23.pdf
B13: CFR Title 10 ( 2013) | C13: https://www.govinfo.gov/content/pkg/CFR-2013-title10-vol3/pdf/CFR-2013-title10-vol3-part431.pdf
B14: CFR Title 10 ( 2024) | C14: https://www.govinfo.gov/content/pkg/CFR-2024-title10-vol3/pdf/CFR-2024-title10-vol3-part431-subpartF.pdf
A16: Others | B16: ACM (2013, 2019, 2022, 2025)
B17: Title 24, 2022 - Appendix 5.4A and Appendix 5.4B | C17: https://www.energy.ca.gov/publications/2022/2022-nonresidential-and-multifamily-alternative-calculation-method-reference
B18: 2022 Reduced infiltration CASE report | C18: https://title24stakeholders.com/wp-content/uploads/2020/10/2022-T24-Final-CASE-Report_Reduce-Infiltration.pdf
B19: 2019 Outdoor Lighting CASE Report | C19: https://title24stakeholders.com/wp-content/uploads/2016/10/T24-2019-CASE-Study-Results-Report-Outdoor-Sources_Final_with-Attachments.pdf
B20: PNNL 20405, 2011 | C20: https://www.pnnl.gov/main/publications/external/technical_reports/PNNL-20405.pdf
B21: Air leakage Memo, NORESCO, 2025 | C21: https://2050partners.sharepoint.com/:w:/r/sites/CalBEMCollaborativeEfforts/_layouts/15/Doc.aspx?sourcedoc=%7B3BEF8F74-7FAC-44F2-A70C-D76617660066%7D&file=Infiltration_rate_report_14May2025-Short-Version.docx&action=default&mobileredirect=true
B22: Yousefi, F., Athalye, R., (2025), "Determining Vintage Bins for Prototype Development: An Analysis of California Commercial Buildings," ASHRAE Annual Conference | C22: https://www.thefreelibrary.com/Determining+Vintage+Bins+for+Prototype+Development%3a+An+Analysis+of...-a0879271125
B23: Design Guide: Advanced Water Heating for Foodservice (20232) (by GTI and Frontier funded by SoCalGas and Pacific Gas and Electric Company | C23: https://caenergywise.com/design-guides/hot-water/Technical_Design_Guide.pdf
B24: Design Guide 1 : Improving Commercial Kitchen Ventilation System Performance : Selecting & Sizing Exhaust Hoods referred as CKV (2004) (by SCE) | C24: https://www.streivor.com/wp-content/uploads/2020/11/CKV-Design-Guide-1-Selecting-and-Sizing-Exhaust-Hoods.pdf
B25: Proposed Updates to Equipment Power Densities and Building Schedules for the 2028 Energy Code, referred to as "Plug load and schedules project with CEC, 2025" (Docket Number =25-BSTD-03 & TN=265693) | C25: https://efiling.energy.ca.gov/GetDocument.aspx?tn=265693&DocumentContentId=102545
B26: ENERGY STAR certified commercial water heaters | C26: https://www.energystar.gov/productfinder/product/certified-commercial-water-heaters/results?fuel_filter=Gas&markets_filter=United+States
B27: Grainger gas tank water heaters (sizes below commercial, e.g. 30–75 kBtu/h) | C27: https://www.grainger.com/category/plumbing/water-heaters/gas-tank-water-heaters
B28: Grainger electric tank water heaters | C28: https://www.grainger.com/category/plumbing/water-heaters/electric-tank-water-heaters
A45: Notes
A46: RestaurantFastFood | B46: Is a subcategory of food service building used for prepared-food sales. These places are often quick-service operations (e.g., drive-throughs, counter-service eateries,...).
A49: EIS, 2018: | B49: U.S. Energy Information Administration - EIA - Independent Statistics and Analysis
B80: RestaurantFastFood (STC:3)
A81: Year | B81: Total floor area (k ft2) | C81: Count
A82: 1967 | B82: 5361.9 | C82: 152
A83: 1968 | B83: 8271 | C83: 452
A84: 1969 | B84: 13593.6 | C84: 655
A85: 1970 | B85: 14323.7 | C85: 601
A86: 1971 | B86: 13719.8 | C86: 592
A87: 1972 | B87: 16513.9 | C87: 687
A88: 1973 | B88: 27619.6 | C88: 920
A89: 1974 | B89: 26732 | C89: 804
A90: 1975 | B90: 13654.6 | C90: 710
A91: 1976 | B91: 19608.4 | C91: 853
A92: 1977 | B92: 29745.3 | C92: 1055
A93: 1978 | B93: 40044.4 | C93: 1359
... A138: 2023 | B138: 10975.7 | C138: 44
A142: Dodge Construction data , 2023

Sheet Prototype
A1: NORESCO, Updated September 2026
A2: RestaurantFastFood
A3: Characteristic | B3: Value | C3: Data Sources
A4: Building Type | B4: Fast Food Restaurant
A5: Building Category | B5: Nonresidential
A6: Version | B6: v2-0
A7: Vintages | B7: 4 Vintages: Pre-1978 , 1978-1997 ,1998-2007 , 2008-2018 New Construction (2019+) | C7: Based on the vintage bin analysis. A summary of the findings is presented in the following paper: Yousefi, F., Athalye, R. (2025). “Determining Vintage Bins for Prototype Development: An Analysis of California Commercial Buildings.” ASHRAE Annual Conference. | D7: https://www.thefreelibrary.com/Determining+Vintage+Bins+for+Prototype+Development%3a+An+Analysis+of...-a0879271125 | E7: NonRes-Vintage bins-Draft Report-30Nov2023-Final.docx
A8: Shape | C8: Assumption; same as CEC Prototype 2022
A9: Total Floor Area (ft²) | B9: 2501 (50 ft * 50 ft) | C9: Assumption; same as CEC Prototype 2022
A10: Aspect Ratio | B10: 1 | C10: Assumption; same as CEC Prototype 2022
A11: Number of Floors | B11: 1 | C11: Assumption; same as CEC Prototype 2022
A12: Roof type | B12: Attic (17°) | C12: Assumption; same as CEC Prototype 2022
A13: WWR | B13: Average 14% (South: 28% , East: 14% ,North: 0% ,West: 14% | C13: Assumption; same as CEC Prototype 2022
A14: Shading Geometry | B14: No shades | C14: Assumption; same as CEC Prototype 2022
A15: Floor to floor height (ft) | B15: N/A | C15: Assumption; same as CEC Prototype 2022
A16: Floor to ceiling height (ft) | B16: 10 | C16: Assumption; same as CEC Prototype 2022
A17: Glazing sill height (ft) | B17: 3.5 (top of the window is 6.5 ft high with 3 ft high glass) | C17: Assumption; same as CEC Prototype 2022
A27: Background Data [To be deleted prior to publication]
A29: According to CBECS 2018, small restaurants mostly have flat or shallow pitch roofs.
A38: Existing public prototypes
C39: PNNL (Fast Food) | D39: CEC (Small Restaurant) | E39: CPUC (Fast Food)
A40: Geometry | B40: Whole building
A41: Floor area (ft²) | B41: Total | C41: 2500 | D41: 2500 | E41: 1998
A42: Height (ft) | B42: All | C42: 10 | D42: 10 | E42: 10
A43: Zones | C43: Dining 50%, Kitchen 50%, Attic (NOT conditioned) | D43: Dining 50% , Kitchen 50%, Attic (NOT conditioned) | E43: Dining 40% , Kitchen 40% , Waiting Area 15% , Restroom 5% (100 sf)
A44: Internal Load
A45: People (person/ft²) | B45: Dining | C45: 0.07 | D45: 0.033 | E45: 0.033
B46: Kitchen | C46: 0.005 (6.3 people) | D46: 0.0025 | E46: 0.0025
B47: Other zones (if any) | C47: - | D47: - | E47: 0.033 Lobby & 0.005 Restroom
A48: Lights (W/ft²) | B48: Dining | C48: 0.38 | D48: 0.45 | E48: 0.45
B49: Kitchen | C49: 0.89 | D49: 0.95 | E49: 0.95
B50: Other zones (if any) | E50: 0.7 Lobby, 0.65 Restroom
A51: Ext lights (W) | B51: Whole building | C51: 952 (209 and 743) | D51: - | E51: -
A52: Gas Equipment (Btu/h-ft2) | B52: Kitchen | C52: 237.4 (296,748 Btu/h) | D52: 32.4 | E52: 17.5
A53: Electric Equipment (W/ft²) | B53: Dining | C53: 10.3 (12,835 W) | D53: 0.75 (0.5 receptacle & 0.25 refrigerator ) | E53: 0.75 (0.5 & 0.25)
B54: Kitchen | C54: 24.29 (29,769 W receptacle & 313 W ReachIn Refrigerator & 277 W ReachInFreezer) | D54: 2.62 (1.5 receptacle & 1.12 refrigerator) | E54: 2.62 (1.5 & 1.12)
B55: Other zones (if any) | C55: - | D55: - | E55: 0.5 Lobby
A56: Refrigerator | B56: Kitchen | C56: In addition to the Reachin freezer and refrigerator load defined as electric load, it has : 2 Case refrigerator : 716 and 763 Btu/hr-ft for 8 and 10 ft cases 2.5 COP for design compressor rack 1126 Btu/h for fan power of design compressor | D56: Two refrigerator loads is defined as electric equipment load for dining and kitchen | E56: expected to simulate the Refrigerator loads as electric equipment load ( like CEC)
A57: HVAC System
A58: Heating Sizing Factor | B58: All | C58: H&C: 1.2 | D58: H&C:1 | E58: H: 2.5 , C: 2.3
A59: HVAC | B59: Dining | C59: PSZ AC: CAV no reheat, DX cooling coil: multi speed, Gas heating coil | D59: (BaseAirSys 13): VAV no Reheat +DX cooling coil:two speed, Gas Heating coil | E59: Single Zone VAV no Reheat , DX cooling coil:multi speed, Gas heating coil
B60: Kitchen | C60: PSZ AC : CAV no reheat, DX cooling coil: multi speed, Gas heating coil | D60: (sys7or3a): CAV no Reheat+DX cooling coil: single speed+ Gas Heating coil | E60: Single Zone VAV no Reheat , DX cooling coil:single speed, Gas heating coil
B61: Other zones (if any) | C61: - | D61: - | E61: For each Lobby and Restroom: Single Zone VAV no Reheat, DX cooling coil:multi speed , Gas heating coil
A62: Exhaust Fan | B62: Dining | C62: 881 cfm with efficiency of 1
B63: Kitchen | C63: 3300 cfm with efficiency of 0.385 | D63: 2400 cfm with efficiency of 0.43
A64: Thermostat Setpoint (F) | B64: Dining Heating | C64: 70 (setback: 60) | D64: 70 (setback: 60) | E64: 70 (setback: 60)
B65: Dining Cooling | C65: 75 (setback: 86) | D65: 75 (setback: 85) | E65: 75 (setback: 85)
B66: Kitchen Heating | C66: 66 (setback: 60) | D66: 70 (setback: 60) | E66: 70 (setback: 60)
B67: Kitchen Cooling | C67: 79 (setback: 86) | D67: 75 (setback: 85) | E67: 75 (setback: 85)
A68: Water Heater
A69: Tank Volume (gal | C69: 100 | D69: 30 | E69: Autosize (Nominal tank volume for autosizing: 39.6) Output file :69 gal
A70: Peak Flow Rate (gpm) | B70: Dining | C70: - | D70: 0.4 | E70: 0.51
B71: Kitchen | C71: 1.52 | D71: 0.03 | E71: 0.04
B72: Other zones (if any) | E72: 0.03 Lobby
A73: Loop Max and Min Temperature (F) | C73: 140, 50 | D73: 212, 32 | E73: 212 , 50
A74: Tank Max Temperature (F) | C74: 180 | D74: 180 | E74: 212
A76: Yealy Water Usage (gal) from the output files | C76: =775*264.17 -> 204731.75 | D76: 71224 | E76: =363.28*264.17 -> 95967.678
A80: ASHRAE DOE
A81: Kitchen loads are included in the EnergyPlus Electric Equipment and Gas Equipment objects
A120: Prototype Comparison
A121: Program | B121: CalBEM (RestaurantFastFood) | C121: CEC (RestaurantSmall) | D121: DEER (Restaurant-FastFood) | E121: PNNL (RestaurantFastFood)
A122: Geometry
A123: Number of Floors | B123: 1 | C123: 1 | D123: 1 | E123: 1
A124: Envelope
A125: Floor Area (ft2) | B125: 2500.24 | C125: 5002.33 | D125: 3996.2094 | E125: 2500.8869
A126: Roof Area (ft2) | B126: 2786.59 | C126: 2786.59 | D126: 1998.1047 | E126: 2786.3459
A127: Gross Exterior Wall Area (ft2) | B127: 2001.08 | C127: 2001.08 | D127: 2324.3588 | E127: 2000.9033
A128: Window Area (ft2) | B128: 280.14 | C128: 280.14 | D128: 580.8206 | E128: 280.0769
A129: Skylight Area (ft2) | B129: 0 | C129: 0 | D129: 0 | E129: 0
A130: Window-to-Wall Ratio (%) | B130: 14 | C130: 14 | D130: 24.99 | E130: 14
A131: Loads
A132: Occupants | B132: 45 | C132: 45.02 | D132: 39.0834 | E132: 93.82
A133: Occupancy Density (people/1000 ft2) | B133: =IFERROR(B132/B125*1000,0) -> 17.998272 | C133: =IFERROR(C132/C125*1000,0) -> 8.9998061 | D133: =IFERROR(D132/D125*1000,0) -> 9.7801181 | E133: =IFERROR(E132/E125*1000,0) -> 37.514691
A134: Interior Lighting Power (W) | B134: 1749.9488 | C134: 1750.5927 | D134: 2786.5021 | E134: 1591.4941
A135: Interior LPD (W/ft2) | B135: =IFERROR(B134/B125,0) -> 0.69991233 | C135: =IFERROR(C134/C125,0) -> 0.34995546 | D135: =IFERROR(D134/D125,0) -> 0.69728631 | E135: =IFERROR(E134/E125,0) -> 0.63637188
A136: Equipment Power (W) | B136: 17067.24 | C136: 16083.8 | D136: 6950.2541 | E136: 130161.47
A137: Equipment Density (W/ft2) | B137: =IFERROR(B136/B125,0) -> 6.8262407 | C137: =IFERROR(C136/C125,0) -> 3.2152616 | D137: =IFERROR(D136/D125,0) -> 1.7392117 | E137: =IFERROR(E136/E125,0) -> 52.046123
A138: Ventilation
A139: Design OA Sum (cfm) | B139: 381.7074 | C139: 2806.2322 | D139: 669.2378 | E139: 1202.0406
A140: Design OA Density (cfm/ft2) | B140: =IFERROR(B139/B125,0) -> 0.1526683 | C140: =IFERROR(C139/C125,0) -> 0.56098502 | D140: =IFERROR(D139/D125,0) -> 0.16746815 | E140: =IFERROR(E139/E125,0) -> 0.48064573
A141: Design OA per Person (cfm/person) | B141: =IFERROR(B139/B132,0) -> 8.4823867 | C141: =IFERROR(C139/C132,0) -> 62.333012 | D141: =IFERROR(D139/D132,0) -> 17.123326 | E141: =IFERROR(E139/E132,0) -> 12.8122
A142: HVAC and Water Heater
A143: HVAC System Type | B143: System: central air loops Distribution: 2 air loops; constant-volume no-reheat terminal; DX cooling; natural-gas heating Plant: 1 heat exchanger | C143: System: central VAV air loops Distribution: 2 air loops; VAV no-reheat and constant-volume no-reheat terminals; DX cooling; natural-gas heating | D143: System: unitary/package systems + central VAV air loops Distribution: 4 air loops; VAV no-reheat terminal; DX cooling; natural-gas heating | E143: System: unitary/package systems + central air loops Distribution: 2 air loops; constant-volume no-reheat terminal; DX cooling; natural-gas heating
A144: Water Heater | B144: 1 water heater: 1 natural-gas 1 service water loop | C144: 1 water heater: 1 natural-gas 1 service water loop | D144: 1 water heater: 1 natural-gas 1 service water loop | E144: 1 water heater: 1 natural-gas 1 service water loop

Sheet Zones
A1: ="Proposed Layout - "&Prototype!A2 -> Proposed Layout - RestaurantFastFood
A2: Building | B2: Space/Thermal Zone | C2: Space Type Primarily from [T24, 2022 Appendix 5.4A] - See Notes column | D2: HVAC zone | E2: Schedule Category | F2: Conditioned (Y/N) | G2: Area Fraction | H2: Area (ft²) | I2: Volume (ft³) | J2: Multipliers | K2: Number of People | L2: People (Persons/1,000 ft²) [T24, 2025,Table 120.1-A] | M2: Notes
A3: RestaurantFastFood | B3: Dining | C3: Dining Area (Cafeteria/Fast Food) | D3: AHU_1 | E3: Restaurant | F3: Y | G3: =H3/$H$6 -> 0.5 | H3: 1250.46 | I3: =H3*Prototype!$B$16 -> 12504.6 | J3: 1 | K3: =L3*H3/1000 -> 41.26518 | L3: 33
A4: RestaurantFastFood | B4: Kitchen | C4: Kitchen/Food Preparation Area | D4: AHU_2 | E4: Kitchen | F4: Y | G4: =H4/$H$6 -> 0.5 | H4: 1250.46 | I4: =H4*Prototype!$B$16 -> 12504.6 | J4: 1 | K4: =L4*H4/1000 -> 3.75138 | L4: 3
A5: RestaurantFastFood | B5: Attic | C5: Attic | D5: n/a | F5: N | H5: 2500 | I5: =H5*Prototype!$B$16 -> 25000 | J5: 1 | K5: =L5*H5/1000 -> 0
A6: Total (1 Building) | B6: Total (3 Space) | C6: Total (3 space type) | D6: Total ( 2 HVAC Zones) | E6: Total (2 category) | F6: Total (2 Conditioned zones) | G6: =SUM(G3:G4) -> 1 | H6: =SUM(H3:H4) -> 2500.92 | I6: =SUM(I3:I4) -> 25009.2

Sheet Envelope
A1: ="Envelope - "&Prototype!A2 -> Envelope - RestaurantFastFood
A2: Element | B2: Prototype | C2: Assembly Type | D2: Construction | E2: Thermal properties | F2: Vintage | G2: Selected T24 | H2: Notes | I2: CZ1 | J2: CZ2 | K2: CZ3 | L2: CZ4 | M2: CZ5 | N2: CZ6 | O2: CZ7 | P2: CZ8 | Q2: CZ9 | R2: CZ10 | S2: CZ11 | T2: CZ12 | U2: CZ13 | V2: CZ14 | W2: CZ15 | X2: CZ16
A3: External Wall | B3: RestaurantFastFood | C3: ExtWall_WoodFramed_NonRes | D3: Wood framed wall: stucco + insulation + wood framing + gypsum board | E3: U-factor IP | F3: Pre 1978 | G3: N/A | H3: Using ASHRAE 90.1, 2022 Table A3.4.3.1, 3.5", R-1.5 U-values and a 9.6% cumulative wall renovation rate through 2028, based on the average annual rate from CBECS 2003 and 2012 projected over 48 years. | I3: =I41*$I$43+I42*(1-$I$43) -> 0.1924 | J3: =J41*$I$43+J42*(1-$I$43) -> 0.188272 | K3: =K41*$I$43+K42*(1-$I$43) -> 0.193168 | L3: =L41*$I$43+L42*(1-$I$43) -> 0.188272 | M3: =M41*$I$43+M42*(1-$I$43) -> 0.1924 | N3: =N41*$I$43+N42*(1-$I$43) -> 0.193168 | O3: =O41*$I$43+O42*(1-$I$43) -> 0.193168 | P3: =P41*$I$43+P42*(1-$I$43) -> 0.1924 | ... X3: =X41*$I$43+X42*(1-$I$43) -> 0.188272
F4: 1978-1997 | G4: 1986 | H4: Copied from low-rise office alternative table: Package A with heat capacity of 0.0-3.99 (Btu/F-ft²) | I4: =1/7.52 -> 0.13297872 | J4: =1/7.52 -> 0.13297872 | K4: =1/7.52 -> 0.13297872 | L4: =1/7.52 -> 0.13297872 | M4: =1/7.52 -> 0.13297872 | N4: =1/7.52 -> 0.13297872 | O4: =1/7.52 -> 0.13297872 | P4: =1/7.52 -> 0.13297872 | ... X4: =1/7.52 -> 0.13297872
F5: 1998-2007 | G5: 2001 | H5: Table 1-H | I5: 0.084 | J5: 0.084 | K5: 0.092 | L5: 0.092 | M5: 0.092 | N5: 0.092 | O5: 0.092 | P5: 0.092 | Q5: 0.092 | R5: 0.084 | S5: 0.084 | T5: 0.084 | U5: 0.084 | V5: 0.084 | W5: 0.084 | X5: 0.084
F6: 2008-2018 | G6: 2013 | H6: Table 140.3-B | I6: 0.102 | J6: 0.059 | K6: 0.11 | L6: 0.059 | M6: 0.102 | N6: 0.11 | O6: 0.11 | P6: 0.102 | Q6: 0.059 | R6: 0.059 | S6: 0.059 | T6: 0.059 | U6: 0.059 | V6: 0.059 | W6: 0.042 | X6: 0.059
F7: Existing | H7: Weighted average of all 4 vintages | I7: {=_xlfn.BYCOL(TRANSPOSE(Weights!$C$4:$F$19)*I3:X6,_xlfn.LAMBDA(_xlpm.c,SUM(_xlpm.c)))} -> 0.14431503 | J7: 0.15412093 | K7: 0.15687035 | L7: 0.15248121 | M7: 0.14945519 | N7: 0.1593312 | O7: 0.15142737 | P7: 0.16133353 | Q7: 0.15750526 | R7: 0.13121132 | S7: 0.13621445 | T7: 0.13375243 | U7: 0.13081667 | V7: 0.13931854 | W7: 0.12487554 | X7: 0.12917175
F8: 2019+ | G8: 2025 | H8: Table 140.3-C | I8: 0.078 | J8: 0.053 | K8: 0.102 | L8: 0.053 | M8: 0.095 | N8: 0.102 | O8: 0.102 | P8: 0.095 | Q8: 0.053 | R8: 0.053 | S8: 0.042 | T8: 0.053 | U8: 0.053 | V8: 0.053 | W8: 0.038 | X8: 0.053
A9: Ceiling/Roof | B9: RestaurantFastFood | C9: AtticFloor Reversed | D9: Attic roof (no insulation): asphalt shingles + gypsum board Ceiling (wood-joist): insulation + gypsum board | E9: U-factor IP | F9: Pre 1978 | G9: N/A | H9: Considering 30 years for roof/ insulation replacement. | I9: =I10 -> 0.057 | J9: =J10 -> 0.057 | K9: =K10 -> 0.057 | L9: =L10 -> 0.057 | M9: =M10 -> 0.057 | N9: =N10 -> 0.078 | O9: =O10 -> 0.078 | P9: =P10 -> 0.078 | ... X9: =X10 -> 0.057
F10: 1978-1997 | G10: 1992 | I10: 0.057 | J10: 0.057 | K10: 0.057 | L10: 0.057 | M10: 0.057 | N10: 0.078 | O10: 0.078 | P10: 0.078 | Q10: 0.078 | R10: 0.078 | S10: 0.057 | T10: 0.057 | U10: 0.057 | V10: 0.057 | W10: 0.057 | X10: 0.057
F11: 1998-2007 | G11: 2001 | H11: Table 1-H | I11: 0.057 | J11: 0.057 | K11: 0.057 | L11: 0.057 | M11: 0.057 | N11: 0.078 | O11: 0.078 | P11: 0.078 | Q11: 0.078 | R11: 0.057 | S11: 0.057 | T11: 0.057 | U11: 0.057 | V11: 0.057 | W11: 0.057 | X11: 0.057
F12: 2008-2018 | G12: 2013 | H12: Table 140.3-B (Wood Framed and Other) | I12: 0.049 | J12: 0.039 | K12: 0.039 | L12: 0.039 | M12: 0.049 | N12: 0.075 | O12: 0.067 | P12: 0.067 | Q12: 0.039 | R12: 0.039 | S12: 0.039 | T12: 0.039 | U12: 0.039 | V12: 0.039 | W12: 0.039 | X12: 0.039
F13: Existing | H13: Weighted average of all 4 vintages | I13: {=_xlfn.BYCOL(TRANSPOSE(Weights!$C$4:$F$19)*I9:X12,_xlfn.LAMBDA(_xlpm.c,SUM(_xlpm.c)))} -> 0.056060016 | J13: 0.055949258 | K13: 0.056015102 | L13: 0.056040492 | M13: 0.056520509 | N13: 0.077877529 | O13: 0.077327822 | P13: 0.077469898 | Q13: 0.07669515 | R13: 0.070944626 | S13: 0.055087237 | T13: 0.054985008 | U13: 0.054399403 | V13: 0.05561858 | W13: 0.055108357 | X13: 0.055066422
F14: 2019+ | G14: 2025 | H14: Table 140.3-B (Wood Framed and Other) | I14: 0.028 | J14: 0.028 | K14: 0.028 | L14: 0.028 | M14: 0.028 | N14: 0.047 | O14: 0.047 | P14: 0.047 | Q14: 0.028 | R14: 0.028 | S14: 0.028 | T14: 0.028 | U14: 0.028 | V14: 0.028 | W14: 0.028 | X14: 0.028
A15: Windows | B15: RestaurantFastFood | C15: FixedWindow_NonRes | D15: Single Pane (CBECS 2018, ~ 30 % of windows of Restaurant built before 2000 are single pane) | E15: U-factor IP | F15: Pre 1978 | G15: N/A | H15: 2021 ASHRAE Handbook of Fundamentals - Section 15.9 Table 4 for single pane & T24 2013 Table 140.3-B for double pane (30%-70%) | I15: =0.3*1.12+0.7*I18 -> 0.588 | J15: =0.3*1.12+0.7*J18 -> 0.588 | K15: =0.3*1.12+0.7*K18 -> 0.588 | L15: =0.3*1.12+0.7*L18 -> 0.588 | M15: =0.3*1.12+0.7*M18 -> 0.588 | N15: =0.3*1.12+0.7*N18 -> 0.588 | O15: =0.3*1.12+0.7*O18 -> 0.588 | P15: =0.3*1.12+0.7*P18 -> 0.588 | ... X15: =0.3*1.12+0.7*X18 -> 0.588
F16: 1978-1997 | G16: N/A | I16: =I15 -> 0.588 | J16: =J15 -> 0.588 | K16: =K15 -> 0.588 | L16: =L15 -> 0.588 | M16: =M15 -> 0.588 | N16: =N15 -> 0.588 | O16: =O15 -> 0.588 | P16: =P15 -> 0.588 | ... X16: =X15 -> 0.588 | Y16: These vintages have better performance because of partial retrofit
D17: Double pane | F17: 1998-2007 | G17: 2001 | H17: Table 1-H | I17: 0.49 | J17: 0.49 | K17: 0.81 | L17: 0.81 | M17: 0.81 | N17: 0.81 | O17: 0.81 | P17: 0.81 | Q17: 0.81 | R17: 0.49 | S17: 0.49 | T17: 0.49 | U17: 0.49 | V17: 0.49 | W17: 0.49 | X17: 0.49
F18: 2008-2018 | G18: 2013 | H18: Table 140.3-B | I18: 0.36 | J18: 0.36 | K18: 0.36 | L18: 0.36 | M18: 0.36 | N18: 0.36 | O18: 0.36 | P18: 0.36 | Q18: 0.36 | R18: 0.36 | S18: 0.36 | T18: 0.36 | U18: 0.36 | V18: 0.36 | W18: 0.36 | X18: 0.36
F19: Existing | H19: Weighted average of all 4 vintages | I19: {=_xlfn.BYCOL(TRANSPOSE(Weights!$C$4:$F$19)*I15:X18,_xlfn.LAMBDA(_xlpm.c,SUM(_xlpm.c)))} -> 0.54628941 | J19: 0.56629336 | K19: 0.60430606 | L19: 0.60309789 | M19: 0.61557117 | N19: 0.59541892 | O19: 0.59565955 | P19: 0.59562945 | Q19: 0.59545346 | R19: 0.5509934 | S19: 0.54445557 | T19: 0.54296586 | U19: 0.53769166 | V19: 0.55498636 | W19: 0.54751823 | X19: 0.54394227
F20: 2019+ | G20: 2025 | H20: Table 140.3-B | I20: 0.36 | J20: 0.36 | K20: 0.36 | L20: 0.36 | M20: 0.36 | N20: 0.36 | O20: 0.36 | P20: 0.36 | Q20: 0.34 | R20: 0.36 | S20: 0.34 | T20: 0.34 | U20: 0.34 | V20: 0.34 | W20: 0.34 | X20: 0.36
D21: Single Pane (CBECS 2018, ~ 30 % of windows of Restaurant built before 2000 are single pane) | E21: SHGC | F21: Pre 1978 | G21: N/A | H21: 2021 ASHRAE Handbook of Fundamentals - Section 15.22 Table 10 for single pane & T24, 2013 Table 140.3-B for double pane (30%-70%) | I21: =0.79*0.3+I24*0.7 -> 0.412 | J21: =0.79*0.3+J24*0.7 -> 0.412 | K21: =0.79*0.3+K24*0.7 -> 0.412 | L21: =0.79*0.3+L24*0.7 -> 0.412 | M21: =0.79*0.3+M24*0.7 -> 0.412 | N21: =0.79*0.3+N24*0.7 -> 0.412 | O21: =0.79*0.3+O24*0.7 -> 0.412 | P21: =0.79*0.3+P24*0.7 -> 0.412 | ... X21: =0.79*0.3+X24*0.7 -> 0.412
F22: 1978-1997 | G22: N/A | I22: =I21 -> 0.412 | J22: =J21 -> 0.412 | K22: =K21 -> 0.412 | L22: =L21 -> 0.412 | M22: =M21 -> 0.412 | N22: =N21 -> 0.412 | O22: =O21 -> 0.412 | P22: =P21 -> 0.412 | ... X22: =X21 -> 0.412 | Y22: These vintages have better performance because of partial retrofit
D23: Double pane | F23: 1998-2007 | G23: 2001 | H23: Table 1-H (Non North, 10-20% total WWR) | I23: 0.43 | J23: 0.36 | K23: 0.55 | L23: 0.55 | M23: 0.55 | N23: 0.61 | O23: 0.61 | P23: 0.61 | Q23: 0.61 | R23: 0.36 | S23: 0.36 | T23: 0.36 | U23: 0.36 | V23: 0.36 | W23: 0.36 | X23: 0.43
F24: 2008-2018 | G24: 2013 | H24: Table 140.3-B | I24: 0.25 | J24: 0.25 | K24: 0.25 | L24: 0.25 | M24: 0.25 | N24: 0.25 | O24: 0.25 | P24: 0.25 | Q24: 0.25 | R24: 0.25 | S24: 0.25 | T24: 0.25 | U24: 0.25 | V24: 0.25 | W24: 0.25 | X24: 0.25
F25: Existing | H25: Weighted average of all 4 vintages | I25: {=_xlfn.BYCOL(TRANSPOSE(Weights!$C$4:$F$19)*I21:X24,_xlfn.LAMBDA(_xlpm.c,SUM(_xlpm.c)))} -> 0.39570592 | J25: 0.39808764 | K25: 0.42102708 | L25: 0.42030465 | M25: 0.4279239 | N25: 0.42030508 | O25: 0.42135835 | P25: 0.42079739 | Q25: 0.4200312 | R25: 0.38872416 | S25: 0.38453577 | T25: 0.38351235 | U25: 0.37937925 | V25: 0.39133442 | W25: 0.38620899 | X25: 0.39819151
F26: 2019+ | G26: 2025 | H26: Table 140.3-B | I26: 0.25 | J26: 0.25 | K26: 0.25 | L26: 0.25 | M26: 0.25 | N26: 0.25 | O26: 0.25 | P26: 0.25 | Q26: 0.22 | R26: 0.25 | S26: 0.22 | T26: 0.22 | U26: 0.22 | V26: 0.22 | W26: 0.22 | X26: 0.25
C28: Infiltration
D29: Building | E29: Zones | F29: Vintage | G29: I_75 (cfm/ft2) 6-sdied Infiltration rate @ 75 pa | H29: Source | I29: I-design (cfm/ft²) (4-sided Infiltration rate at normal pressure) (Design flow rate approach and Flow/Exterior Wall Area calculation method)
C30: Infiltration | D30: RestaurantFastFood | F30: Pre 1978 | G30: 1.1 | H30: 2022 CASE report (Table 38) | I30: =0.112*G30*$AA$35 -> 0.4312616 | Z30: Floor or roof area | AA30: =50.01^2 -> 2501.0001
F31: 1978-1997 | G31: 1.1 | H31: 2022 CASE report (Table 38) | I31: =0.112*G31*$AA$35 -> 0.4312616 | Z31: Walls area | AA31: =(50.01+50.01)*2*10 -> 2000.4
F32: 1998-2007 | G32: 1.1 | H32: 2022 CASE report (Table 38) | I32: =0.112*G32*$AA$35 -> 0.4312616 | Z32: Building 4 sided area= | AA32: =AA31 -> 2000.4
F33: 2008-2018 | G33: 1 | H33: 2022 CASE report (Table 38) & T24, 2008-2016 (Table 140.3-B) | I33: =0.112*G33*$AA$35 -> 0.392056 | Z33: Building 6 sided area= | AA33: =AA31+(2*AA30) -> 7002.4002
F34: Existing | H34: Same as Pre 2008 because of their higher weights | I34: =I32 -> 0.4312616
F35: 2019+ | G35: 0.6 | H35: 2022 CASE report (Table 38) & T24, 2025 (Table 140.3-B) | I35: =0.112*G35*$AA$35 -> 0.2352336 | Z35: 6 sided /4 sided factor= | AA35: =AA33/AA32 -> 3.5005
E36: Source: T24 air barrier requirements (all editions) , the standardized infiltration rate reported in the 2022 CASE report, and Dodge 2023 data
E37: Infiltration_rate_report_14May2025-Short-Version.docx
A40: External Wall | B40: RestaurantFastFood | C40: ExtWall_WoodFramed_NonRes | D40: Wood framed wall: stucco + insulation + wood framing + gypsum board | E40: U-factor IP | F40: Pre 1978 | G40: N/A | H40: ASHRAE 90.1, 2022 Table A3.4.3.1, 3.5", R-0 | I40: 0.292 | J40: 0.292 | K40: 0.292 | L40: 0.292 | M40: 0.292 | N40: 0.292 | O40: 0.292 | P40: 0.292 | Q40: 0.292 | R40: 0.292 | S40: 0.292 | T40: 0.292 | U40: 0.292 | V40: 0.292 | W40: 0.292 | X40: 0.292
H41: T 24, 2008 (U value)- Wood framed wall, Nonres | I41: 0.102 | J41: 0.059 | K41: 0.11 | L41: 0.059 | M41: 0.102 | N41: 0.11 | O41: 0.11 | P41: 0.102 | Q41: 0.059 | R41: 0.059 | S41: 0.059 | T41: 0.059 | U41: 0.059 | V41: 0.059 | W41: 0.042 | X41: 0.059
H42: ASHRAE 90.1, 2022 Table A3.4.3.1, 3.5", R-1.5 | I42: 0.202 | J42: 0.202 | K42: 0.202 | L42: 0.202 | M42: 0.202 | N42: 0.202 | O42: 0.202 | P42: 0.202 | Q42: 0.202 | R42: 0.202 | S42: 0.202 | T42: 0.202 | U42: 0.202 | V42: 0.202 | W42: 0.202 | X42: 0.202
H43: Renovation rate since 1980 (yearly renovation rate was calculated from CBECS 2003 and 2012 and then projected over 48 years) | I43: 0.096
A46: Background Data [To be deleted prior to publication]
A48: T24, 1986
A51: For NEW NONRESIDENTIAL BUILDINGS OF OCCUPANCIES A, 5, E AND H:
A53: HDD for each CZ in CA | B53: <3500
A54: weight of wall | B54: <10 lb/ft²
A55: TD eq (<10 lb/ft²) | B55: 44 | D55: U wall base on HDD | E55: =(B62*B57-0.74*B59)/(B56*B58) -> 0.33302326
A56: MCF (<10 lb/ft²) | B56: 1 | D56: U wall base on CDD | E56: =(B61*B57-B59*0.74)/(B58*B55) -> 0.81650106
A57: Aow (ft²)= | B57: =(50+50)*2*28 -> 5600
A58: Awall (ft²) | B58: =B57*86% -> 4816 | D58: U wall (Btu/hr-ft²-F) | E58: =MIN(E55:E56) -> 0.33302326
A59: Awindows(ft²) ~ | B59: =B57*14% -> 784
B60: 0
A61: Min OTTV | B61: 31 | C61: Frame Fig 2-53E
A62: Min Uow (HDD< 3500) | B62: 0.39 | C62: Frame Fig 2-53B

Sheet HVAC System
A1: ="HVAC system - "&Prototype!A2 -> HVAC system - RestaurantFastFood
A2: Vintage | B2: Space/Thermal Zone | C2: Heating | D2: Cooling | E2: Air Distribution | F2: Other Systems | G2: Source
A3: Existing | B3: Dining | C3: Gas Furnace (PSZAC) | D3: DX Coil (PSZAC) | E3: CAV (PSZAC) | F3: Economizer for after 2008 | G3: CEUS 2022 + Engineering Judgement
B4: Kitchen | C4: Gas Furnace (PSZAC) | D4: DX Coil (PSZAC) | E4: CAV (PSZAC) | F4: Makeup Air Unit (Combo with RTU) to supply make-up air exceeding transfer air from dining space (can be included in system13b)
A5: New Construction | B5: Dining | C5: Gas Furnace (PSZAC) | D5: DX Coil (PSZAC) | E5: CAV (PSZAC) | F5: Economizer | G5: T24, 2025 | H5: Demand control ventilation
B6: Kitchen | C6: Gas Furnace (PSZAC) | D6: DX Coil (PSZAC) | E6: CAV (PSZAC) | F6: HR-Makeup Air Unit (systems that integrate make-up air and heat recovery functions) (can be included in system13b)
A12: Efficiency of HVAC system (Efficiency is capacity-dependent. The following table provides a general estimate of system efficiency based on preliminary simulations in one climate zone, or assuming cooling load based on rule of thumb)
A13: Vintage | B13: Upgrade/Installed year | C13: Gas Furnace | D13: Dining DX cooling (<65,000 Btu/h) | E13: Kitchen DX cooling (>=65,000 and < 135,000 Btu/h ) | F13: Source | G13: Note
A14: Pre 1978 | B14: 2008 | C14: Efficiency 80% | D14: SEER 13 | E14: EER 10.3 | F14: System <65,000: 10 CFR, 2009 (Vol. 74, No. 54 , page 12074) system >65,000: T24, 2008, Table 112-A | G14: Econ Max Position=0.9. *Econ Max Position is set to below 1 to approximate effects of not having fault detection and diagnostics (FDD) requirements, which began in 2013. It can be modeled in E+ either by: - Reducing Maximum Outdoor Air Flow Rate in Controller:OutdoorAir. - Or using FaultModel objects to simulate pre-2013 “no FDD” conditions
A15: 1978-1997
A16: 1998-2007
A17: 2008-2018 | B17: 2013 | C17: Efficiency 80% | D17: SEER 13 | E17: EER 11.2 | F17: System <65,000: 10 CFR, 2013, Table 1 TO § 431.97 System >65,000: T24, 2013, Table 110.2-A | G17: Econ Max Position=0.9
A18: New Construction | B18: 2025 | C18: Efficiency 80% | D18: SEER2 13.4 | E18: EER 11.2 | F18: System <65,000: 10 CFR, 2024 ,Table 19 TO § 431.97(h) System >65,000: T24, 2025, Table 110.2-A | G18: - Econ Max Position=1 - Deduct 0.2 from the required EERs and IEERs for units with a heating section other than electric resistance heat.
A22: Fan Power
A23: Vintage | B23: Approach | C23: System | D23: Total Static Pressure (TSP) (in w.c.) | E23: Fan Efficiency [ACM 2025] | F23: Motor Efficiency | G23: Fan Power Index (W/cfm) | H23: Data Source
A24: Existing | B24: PNNL 90.1-2011, TSP | C24: CAV Kitchen (system <7,437 cfm) | D24: 2.5 | E24: 0.65 | F24: ASHRAE 90.1, 2004, Table 10.8 * | H24: Fan power formula: PNNL 20405, 2010, section 5.2.2.5 TSP and fan efficiency: PNNL 20405, 2010, Table 5.11, 90.1-04ac values Motor and drive efficiency: ASHRAE 90.1, 2004, Table 10.8
C25: CAV Dining (system <7,437 cfm) | D25: 2.5
A26: Brake horsepower (bhp) = (Supply cfm × TSP in w.c.) / (6356 × fan efficiency)
A27: Fan power (w/cfm) = (bhp × 746) / ( supply cfm × motor efficiency )
A28: New Construction | B28: ACM 2025 | C28: PSZAC (System 3a), CAV kitchen, ≤5,000 cfm | D28: TSP = fan power × motor efficiency × fan efficiency × 6356 / 746 | E28: 0.65 | F28: 2025 ACM Table 12 ** | G28: 0.8 | H28: Fan power index: [ACM 2025, Table 13] Motor efficiency: [ACM 2025, Table 12]
C29: PSZAC (System 3a), CAV dining, ≤5,000 cfm | D29: TSP = fan power × motor efficiency × fan efficiency × 6356 / 746 | G29: 0.8
C30: PSZAC (System 3a), CAV dining, >5,000 and <=10,000 cfm | D30: TSP = fan power × motor efficiency × fan efficiency × 6356 / 746 | G30: 0.78
A31: * According to PNNL 20405 section 5.2.2.5, the full-load efficiency of the motor serving the fan is taken from ASHRAE 90.1, 2004, Table 10.8, based on motor nameplate and assuming enclosed motors operating at 1,800 rotations per minute (rpm) Motor nameplate size (bhp) = brake horsepower (bhp) × 1.1 ( using a 10% oversizing factor)
A32: ** The full‑load efficiency of the motor serving the fan is taken from ACM 2025 Table 12 based on the motor nameplate horsepower. Brake horsepower (bhp) = (Supply cfm from sizing run × fan power in W/cfm) / 746. Note: PSZAC with gas furnace (System 3a SZAC) ≤5,000 cfm. Same index as Restaurant Sit-Down kitchen. Dining fans above 5,000 cfm and at or below 10,000 cfm use 0.780 W/cfm.
A49: Background Data [To be deleted prior to publication]
A51: CEUS 2022:
B52: Heating | E52: Cooling | G52: Air Distribution | H52: Water Heater
B53: Floorspace Heated | C53: Primary Heating The default is the floorspace method unless otherwise specified | D53: Fuel Type | E53: Floorspace Cooled | F53: Primary Cooling The default is the floorspace method unless otherwise specified | G53: Primary Air Dis The default is the floorspace method unless otherwise specified | H53: Fuel Type
A55: RestaurantFastFood | B55: 0.89706105 | C55: Package System / Heat Pump (83.0%) | D55: (65 % Gas, 34% Elec) | E55: 0.91014946 | F55: Package System / Heat Pump (83.1%) | G55: Single Duct CAV (95.0%) | H55: (Gas 78%, 18% Elec)
A59: System13b
A60: ACM 2025, Section: 5.1.3 : System 13b – PKITCHMAU serving the restaurant commercial kitchen zone
A69: ACM 2025, | C69: PNNL 20405, 2010 | F69: T24 2019, same as 90.1:

Sheet Thermostat
A1: ="Thermostat Setpoints - "&Prototype!A2 -> Thermostat Setpoints - RestaurantFastFood
A2: Space/Thermal Zone | B2: Setpoint | C2: CZ1 | D2: CZ2 | E2: CZ3 | F2: CZ4 | G2: CZ5 | H2: CZ6 | I2: CZ7 | J2: CZ8 | K2: CZ9 | L2: CZ10 | M2: CZ11 | N2: CZ12 | O2: CZ13 | P2: CZ14 | Q2: CZ15 | R2: CZ16 | S2: Source
A3: Dining | B3: Heating Setpoint (F) | C3: 70 | D3: 70 | E3: 70 | F3: 70 | G3: 70 | H3: 70 | I3: 70 | J3: 70 | K3: 70 | L3: 70 | M3: 70 | N3: 70 | O3: 70 | P3: 70 | Q3: 70 | R3: 70 | S3: T24 2022 - Appendix 5.4B
B4: Heating Setback (F) | C4: 60 | D4: 60 | E4: 60 | F4: 60 | G4: 60 | H4: 60 | I4: 60 | J4: 60 | K4: 60 | L4: 60 | M4: 60 | N4: 60 | O4: 60 | P4: 60 | Q4: 60 | R4: 60
B5: Cooling Setpoint (F) | C5: 75 | D5: 75 | E5: 75 | F5: 75 | G5: 75 | H5: 75 | I5: 75 | J5: 75 | K5: 75 | L5: 75 | M5: 75 | N5: 75 | O5: 75 | P5: 75 | Q5: 75 | R5: 75
B6: Cooling Setback (F) | C6: 85 | D6: 85 | E6: 85 | F6: 85 | G6: 85 | H6: 85 | I6: 85 | J6: 85 | K6: 85 | L6: 85 | M6: 85 | N6: 85 | O6: 85 | P6: 85 | Q6: 85 | R6: 85
A7: Kitchen | B7: Heating Setpoint (F) | C7: 66 | D7: 66 | E7: 66 | F7: 66 | G7: 66 | H7: 66 | I7: 66 | J7: 66 | K7: 66 | L7: 66 | M7: 66 | N7: 66 | O7: 66 | P7: 66 | Q7: 66 | R7: 66 | S7: PNNL 09.1, 2022 Restaurant prototype
B8: Heating Setback (F) | C8: 60 | D8: 60 | E8: 60 | F8: 60 | G8: 60 | H8: 60 | I8: 60 | J8: 60 | K8: 60 | L8: 60 | M8: 60 | N8: 60 | O8: 60 | P8: 60 | Q8: 60 | R8: 60
B9: Cooling Setpoint (F) | C9: 79 | D9: 79 | E9: 79 | F9: 79 | G9: 79 | H9: 79 | I9: 79 | J9: 79 | K9: 79 | L9: 79 | M9: 79 | N9: 79 | O9: 79 | P9: 79 | Q9: 79 | R9: 79
B10: Cooling Setback (F) | C10: 86 | D10: 86 | E10: 86 | F10: 86 | G10: 86 | H10: 86 | I10: 86 | J10: 86 | K10: 86 | L10: 86 | M10: 86 | N10: 86 | O10: 86 | P10: 86 | Q10: 86 | R10: 86
A12: PNNL's comfort range in kitchen is 4 F wider : 66 -79 F (with Heating setback of 60 F and Cooling setback of 86 F)
A13: CPUC has the same setpoint and setback as CEC

Sheet Ventilation
A1: ="Outdoor Airflow Rate - "&Prototype!A2 -> Outdoor Airflow Rate - RestaurantFastFood
A2: Space/Thermal Zone | B2: Number of People | C2: Floor Area (ft²) | D2: cfm/person [T24, 2025, Equation 120.1-F and Table 120.1-A] | E2: cfm/ft² [T24, 2025, Equation 120.1-F and Table 120.1-A] | F2: Required Exhaust Rate [T24, 2025, Table 120.1-B – minimum exhaust rates] | G2: Total cfm Driven by People | H2: Total cfm Driven by Area | I2: Total cfm Driven by Exhaust | J2: Total cfm | K2: Notes
A3: =Zones!B3 -> Dining | B3: =Zones!K3 -> 41.26518 | C3: =Zones!H3 -> 1250.46 | D3: 15 | E3: 0.15 | F3: 2 restroom, each 25/50 cfm pr unit | G3: =B3*D3 -> 618.9777 | H3: =C3*E3 -> 187.569 | I3: =2*50 -> 100 | J3: =MAX(G3:I3) -> 618.9777
A4: =Zones!B4 -> Kitchen | B4: =Zones!K4 -> 3.75138 | C4: =Zones!H4 -> 1250.46 | D4: 15 | E4: 0.15 | F4: 0.7 cfm/ft2 | G4: =B4*D4 -> 56.2707 | H4: =C4*E4 -> 187.569 | I4: =0.7*C4 -> 875.322 | J4: =MAX(G4:I4) -> 875.322
A5: =Zones!B5 -> Attic
A7: Fine storage is defined for normal inventory that doesn't require an extra exhaust rate based on the space functions in T24, Part6, 2025, Table 120.1 B.
A10: Exhaust hood
A11: Type of Hood | C11: Max Exhaust Flow Rate (cfm/ft) [T24, 2025, Table 140.9-C] | D11: Hood Length (ft) * [CKV, 2004] & | E11: Hood Exhaust Rate (cfm) | F11: Note
A12: Type I , wall-mounted canopy, medium duty hood | C12: 210 | D12: =B24 -> 15.25 | E12: =D12*C12 -> 3202.5
A14: Efficiency of exhaust fan is 50% (according to ACM, 2025, section 5.7.3)
A16: Quick Service Restaurant Hood Appliance
A17: Appliance | B17: Count | C17: Length (ft) | D17: Source
A18: Two Fryers side | B18: 2 | C18: 2.5 | D18: CKV Design Guide, 2004
A19: Fryer drip station (doesn't generate heat or grease but still need to be covered) | B19: 1 | C19: 1.25
A20: Griddle | B20: 1 | C20: 4
A21: Convection oven | B21: 1 | C21: 2.5
A22: Charbroiler | B22: 1 | C22: 4 | D22: Charbroiler is common in fast food with burgers in the menu (e.g., KFC). So, it was decided to add this appliance to the above mentioned ones
A23: Total cooking line length (ft) | B23: =SUM(C18:C22) -> 14.25
A24: Hood length (ft) (+1 ft buffer) | B24: =B23+1 -> 15.25
A31: Background Data [To be deleted prior to publication]
A33: T24, 2025:
E34: ACM 2025, 5.7.3: EXHAUST FAN CONTROL METHOD
A67: 202 Commercial Kitchen Design Guide by SCE
A68: CKV Design Guide
A83: Kitchen photos from google browsing

Sheet Water Heater
A1: ="Water Heater Summary - "&Prototype!A2 -> Water Heater Summary - RestaurantFastFood
A2: Vintage | B2: WH Type | C2: Efficiency | D2: Number of WH | E2: Tank Volume (gal) | F2: Tank Loss | G2: Source
A3: Existing | B3: Gas | C3: 0.8 | D3: 1 | E3: See table below for CZ-specific values: Climate Zone Water Heater Sizing and Loss Coefficients, Storage Volume column (col F) | F3: See table below: Climate Zone Water Heater Sizing and Loss Coefficients, Standby Loss column (col G) | G3: See table below for sources: Climate Zone Water Heater Sizing and Loss Coefficients
A4: New Construction | B4: Gas | C4: 0.8 | D4: 1 | E4: =E3 -> See table below for CZ-specific values: Climate Zone Water Heater Sizing and Loss Coefficients, Storage Volume column (col F) | F4: =F3 -> See table below: Climate Zone Water Heater Sizing and Loss Coefficients, Standby Loss column (col G) | G4: =G3 -> See table below for sources: Climate Zone Water Heater Sizing and Loss Coefficients
A7: Peak Hot Water Consumption
A8: Space Name | B8: Baseline WH Type [T24, 2022, Appendix 5.4A , sheet: "2022 SpaceFuncData-Input"] | C8: Total Area (ft²) | D8: Number of People | E8: Hot Water Usage Specification (gal/hr per person) [T24, 2022, Appendix 5.4A , sheet: "2022 SpaceFuncData-Input"] | F8: Peak Hot Water Usage (gal/hr) | G8: Peak Hot Water Usage (gal/min) | H8: Note
A9: =Zones!B3 -> Dining | B9: Gas | C9: =Zones!H3 -> 1250.46 | D9: =Zones!K3 -> 41.26518 | E9: =0.58*0.2 -> 0.116 | F9: =E9*D9 -> 4.7867609 | G9: =F9/60 -> 0.079779348 | H9: Assumption: HW usage rate for the restaurant dining space was calculated at 20% of the hot water usage rate specified in the 2025 Nonres ACM 2024, Appendix 5.4A (equivalent to applying the full rate to 20% of the dining floor area)
A10: =Zones!B4 -> Kitchen | B10: Gas | C10: =Zones!H4 -> 1250.46 | D10: =Zones!K4 -> 3.75138 | E10: N/A | F10: =D24 -> 53.6 | G10: =F10/60 -> 0.89333333 | H10: Peak HW Usage is based on the fixture calulcation from the table below.
A11: Total | B11: Gas storage | F11: =_xlfn.LET( _xlpm.g,SUMIF($B$9:$B$10,"Gas*",$F$9:$F$10), _xlpm.e,SUMIF($B$9:$B$10,"Electric*",$F$9:$F$10), IF(AND(_xlpm.g>0,_xlpm.e>0),_xlpm.g,IF(_xlpm.g>0,MAX(75,_xlpm.g),0))) -> 75 | H11: Minimum peak hot water usage is 75 gal according to ACM 2025
A12: Total | B12: Electric resistance | F12: =_xlfn.LET( _xlpm.g,SUMIF($B$9:$B$10,"Gas*",$F$9:$F$10), _xlpm.e,SUMIF($B$9:$B$10,"Electric*",$F$9:$F$10), IF(AND(_xlpm.g>0,_xlpm.e>0),_xlpm.e,IF(_xlpm.e>0,MAX(75,_xlpm.e),0))) -> 0
G14: Design Guide: Advanced Water Heating for Foodservice, 2022, Table 8] | J14: Design Guide: Advanced Water Heating for Foodservice, 2023, Table 11]
J15: Technical_Design_Guide.pdf
A17: Peak Water Heater Capacity, Tank Capacity, and Tank Loss
A18: Fixture | B18: Tank Recovery Rate (gal/h) | C18: Fixture Count | D18: Storage Heater Min Recovery Rate (gal/hr) | E18: Source
A19: Room sinks | B19: 5 | C19: 1 | D19: 5 | E19: Design Guide: Advanced Water Heating for Foodservice (2022) , Table 6,7: Small Quick Restaurant Kitchen Design Guide: Advanced Water Heating for Foodservice (2023) , Table11: Small Quick Restaurant Kitchen
A20: Hand sinks | B20: 5 | C20: 1 | D20: 5
A21: 3-Compartment sinks | B21: 42 | C21: 1 | D21: 42
A22: Mop sink | B22: 15 | C22: 1 | D22: 15
A23: Utility or pre-soak sinks | B23: 5
A24: Minimum Recovery Rate (gal/h) | D24: =SUM(D19:D22)*0.8 -> 53.6 | E24: Design Guide: Advanced Water Heating for Foodservice, 2023, Table 11] *Minimum recovery rate discount factor of 20% for using single service utensils
A25: Input Rate (Btu/h) | D25: 56000 | E25: .Design Guide: Advanced Water Heating for Foodservice, 2023, Table 12]
A26: Tank volume (gal) | D26: 75 | E26: .Design Guide: Advanced Water Heating for Foodservice, 2023, Table 12]
A27: Standby Loss (Btu/hr) | D27: =(D25/800)+110*SQRT(D24) -> 875.33223 | E27: Title 20, §1605.1 Table F-4 (Standby loss equation: )
A28: Off/On Cycle Loss Coefficient to Ambient Temperature (Btu/h-F) | D28: =D27/70 -> 12.504746 | E28: Title 20 / 10 CFR 431.102: UA = SL / 70 °F rating ΔT (same as climate-zone col I). Not ambient T.
A31: For Gas Water Heater: UA (Btu/h-°F) = Q_SL (Btu/h) / 70 °F. 70 is the Title 20 / 10 CFR 431.102 rating ΔT (stored water minus ambient), not ambient T.
A32: Rating ΔT (°F) | B32: 70 | C32: 10 CFR 431.102: gas standby loss is Btu/h based on a 70 °F temperature differential between stored water and ambient. Not ACM indoor temperature.
A34: ** For Electric Water Heater: UA(Btu/h-°F)​= 0.0834 *SL​ (%/hr)*V gal
A43: Design supply temperature (°F) | B43: 135 | C43: CEC-400-2022-009-CMF-REV2-AP5.4B
A44: WH system factor | B44: 0.6 | C44: 2025 ACM §5.9.2 Rated Capacity
A45: Water mass conversion (lb/gal) | B45: 8.2877 | C45: 2025 ACM §5.9.2 Rated Capacity
A46: Reheat multiplier | B46: 0.4 | C46: 2025 ACM §5.9.2 Storage Volume
A47: Climate Zone Water Heater Sizing and Loss Coefficients
A48: Climate Zone | B48: Minimum Monthly Mains Temp (°F) [T24 2022 - Appendix 5.4B] | C48: Heat Output (Btu/hr) [ACM, 2025, 5.9.2: Rated capacity section] | D48: WH Capacity (Btu/hr) [ACM, 2025, 5.9.2: Rated capacity section] | E48: Required Energy Input (Btu/hr) | F48: Storage Volume (gal) | G48: Standby Loss [Title 20, §1605.1 Table F-4; Appendix B: Water Heating Calculation Method] | I48: Off/On Cycle Loss Coefficient to Ambient Temp | K48: Source/Note
A49: CZ01 | B49: 47.9 | C49: =$F$11*($B$43-B49)*$B$45 -> 54139.4 | D49: =C49*$B$44 -> 32483.64 | E49: =_xlfn.LET(_xlpm.x,_xlfn.XLOOKUP(D49/$C$3,$A$70:$A$100,$A$70:$A$100,"",1),IF(_xlpm.x="",ROUNDUP(D49/$C$3,0),_xlpm.x)) -> 60000 | F49: =_xlfn.LET(_xlpm.v,MAX(30,$F$11*$B$46),_xlpm.x,_xlfn.XLOOKUP(_xlpm.v,$E$70:$E$88,$E$70:$E$88,"",1),IF(_xlpm.x="",ROUNDUP(_xlpm.v,0),_xlpm.x)) -> 34 | G49: =(E49/800)+110*SQRT(F49) -> 716.40471 | H49: Btu/hr | I49: =G49/70 -> 10.234353 | J49: Btu/h·°F | K49: Required Energy Input: vendor/available catalog size (Market data table). Storage Volume: standard/available catalog tank size (Market data table). Off/On-cycle UA (col I): gas SL / 70 °F rating ΔT (10 CFR 431.102 / Title 20), not ambient T.
A50: CZ02 | B50: 50.8 | C50: =$F$11*($B$43-B50)*$B$45 -> 52336.825 | D50: =C50*$B$44 -> 31402.095 | E50: =_xlfn.LET(_xlpm.x,_xlfn.XLOOKUP(D50/$C$3,$A$70:$A$100,$A$70:$A$100,"",1),IF(_xlpm.x="",ROUNDUP(D50/$C$3,0),_xlpm.x)) -> 60000 | F50: =_xlfn.LET(_xlpm.v,MAX(30,$F$11*$B$46),_xlpm.x,_xlfn.XLOOKUP(_xlpm.v,$E$70:$E$88,$E$70:$E$88,"",1),IF(_xlpm.x="",ROUNDUP(_xlpm.v,0),_xlpm.x)) -> 34 | G50: =(E50/800)+110*SQRT(F50) -> 716.40471 | H50: Btu/hr | I50: =G50/70 -> 10.234353 | J50: Btu/h·°F
A51: CZ03 | B51: 52.2 | C51: =$F$11*($B$43-B51)*$B$45 -> 51466.617 | D51: =C51*$B$44 -> 30879.97 | E51: =_xlfn.LET(_xlpm.x,_xlfn.XLOOKUP(D51/$C$3,$A$70:$A$100,$A$70:$A$100,"",1),IF(_xlpm.x="",ROUNDUP(D51/$C$3,0),_xlpm.x)) -> 60000 | F51: =_xlfn.LET(_xlpm.v,MAX(30,$F$11*$B$46),_xlpm.x,_xlfn.XLOOKUP(_xlpm.v,$E$70:$E$88,$E$70:$E$88,"",1),IF(_xlpm.x="",ROUNDUP(_xlpm.v,0),_xlpm.x)) -> 34 | G51: =(E51/800)+110*SQRT(F51) -> 716.40471 | H51: Btu/hr | I51: =G51/70 -> 10.234353 | J51: Btu/h·°F
A52: CZ04 | B52: 52.7 | C52: =$F$11*($B$43-B52)*$B$45 -> 51155.828 | D52: =C52*$B$44 -> 30693.497 | E52: =_xlfn.LET(_xlpm.x,_xlfn.XLOOKUP(D52/$C$3,$A$70:$A$100,$A$70:$A$100,"",1),IF(_xlpm.x="",ROUNDUP(D52/$C$3,0),_xlpm.x)) -> 60000 | F52: =_xlfn.LET(_xlpm.v,MAX(30,$F$11*$B$46),_xlpm.x,_xlfn.XLOOKUP(_xlpm.v,$E$70:$E$88,$E$70:$E$88,"",1),IF(_xlpm.x="",ROUNDUP(_xlpm.v,0),_xlpm.x)) -> 34 | G52: =(E52/800)+110*SQRT(F52) -> 716.40471 | H52: Btu/hr | I52: =G52/70 -> 10.234353 | J52: Btu/h·°F
A53: CZ05 | B53: 51.6 | C53: =$F$11*($B$43-B53)*$B$45 -> 51839.563 | D53: =C53*$B$44 -> 31103.738 | E53: =_xlfn.LET(_xlpm.x,_xlfn.XLOOKUP(D53/$C$3,$A$70:$A$100,$A$70:$A$100,"",1),IF(_xlpm.x="",ROUNDUP(D53/$C$3,0),_xlpm.x)) -> 60000 | F53: =_xlfn.LET(_xlpm.v,MAX(30,$F$11*$B$46),_xlpm.x,_xlfn.XLOOKUP(_xlpm.v,$E$70:$E$88,$E$70:$E$88,"",1),IF(_xlpm.x="",ROUNDUP(_xlpm.v,0),_xlpm.x)) -> 34 | G53: =(E53/800)+110*SQRT(F53) -> 716.40471 | H53: Btu/hr | I53: =G53/70 -> 10.234353 | J53: Btu/h·°F
A54: CZ06 | B54: 56.8 | C54: =$F$11*($B$43-B54)*$B$45 -> 48607.36 | D54: =C54*$B$44 -> 29164.416 | E54: =_xlfn.LET(_xlpm.x,_xlfn.XLOOKUP(D54/$C$3,$A$70:$A$100,$A$70:$A$100,"",1),IF(_xlpm.x="",ROUNDUP(D54/$C$3,0),_xlpm.x)) -> 60000 | F54: =_xlfn.LET(_xlpm.v,MAX(30,$F$11*$B$46),_xlpm.x,_xlfn.XLOOKUP(_xlpm.v,$E$70:$E$88,$E$70:$E$88,"",1),IF(_xlpm.x="",ROUNDUP(_xlpm.v,0),_xlpm.x)) -> 34 | G54: =(E54/800)+110*SQRT(F54) -> 716.40471 | H54: Btu/hr | I54: =G54/70 -> 10.234353 | J54: Btu/h·°F
A55: CZ07 | B55: 58.4 | C55: =$F$11*($B$43-B55)*$B$45 -> 47612.836 | D55: =C55*$B$44 -> 28567.702 | E55: =_xlfn.LET(_xlpm.x,_xlfn.XLOOKUP(D55/$C$3,$A$70:$A$100,$A$70:$A$100,"",1),IF(_xlpm.x="",ROUNDUP(D55/$C$3,0),_xlpm.x)) -> 60000 | F55: =_xlfn.LET(_xlpm.v,MAX(30,$F$11*$B$46),_xlpm.x,_xlfn.XLOOKUP(_xlpm.v,$E$70:$E$88,$E$70:$E$88,"",1),IF(_xlpm.x="",ROUNDUP(_xlpm.v,0),_xlpm.x)) -> 34 | G55: =(E55/800)+110*SQRT(F55) -> 716.40471 | H55: Btu/hr | I55: =G55/70 -> 10.234353 | J55: Btu/h·°F
A56: CZ08 | B56: 58.4 | C56: =$F$11*($B$43-B56)*$B$45 -> 47612.836 | D56: =C56*$B$44 -> 28567.702 | E56: =_xlfn.LET(_xlpm.x,_xlfn.XLOOKUP(D56/$C$3,$A$70:$A$100,$A$70:$A$100,"",1),IF(_xlpm.x="",ROUNDUP(D56/$C$3,0),_xlpm.x)) -> 60000 | F56: =_xlfn.LET(_xlpm.v,MAX(30,$F$11*$B$46),_xlpm.x,_xlfn.XLOOKUP(_xlpm.v,$E$70:$E$88,$E$70:$E$88,"",1),IF(_xlpm.x="",ROUNDUP(_xlpm.v,0),_xlpm.x)) -> 34 | G56: =(E56/800)+110*SQRT(F56) -> 716.40471 | H56: Btu/hr | I56: =G56/70 -> 10.234353 | J56: Btu/h·°F
A57: CZ09 | B57: 57.6 | C57: =$F$11*($B$43-B57)*$B$45 -> 48110.098 | D57: =C57*$B$44 -> 28866.059 | E57: =_xlfn.LET(_xlpm.x,_xlfn.XLOOKUP(D57/$C$3,$A$70:$A$100,$A$70:$A$100,"",1),IF(_xlpm.x="",ROUNDUP(D57/$C$3,0),_xlpm.x)) -> 60000 | F57: =_xlfn.LET(_xlpm.v,MAX(30,$F$11*$B$46),_xlpm.x,_xlfn.XLOOKUP(_xlpm.v,$E$70:$E$88,$E$70:$E$88,"",1),IF(_xlpm.x="",ROUNDUP(_xlpm.v,0),_xlpm.x)) -> 34 | G57: =(E57/800)+110*SQRT(F57) -> 716.40471 | H57: Btu/hr | I57: =G57/70 -> 10.234353 | J57: Btu/h·°F
A58: CZ10 | B58: 57.1 | C58: =$F$11*($B$43-B58)*$B$45 -> 48420.887 | D58: =C58*$B$44 -> 29052.532 | E58: =_xlfn.LET(_xlpm.x,_xlfn.XLOOKUP(D58/$C$3,$A$70:$A$100,$A$70:$A$100,"",1),IF(_xlpm.x="",ROUNDUP(D58/$C$3,0),_xlpm.x)) -> 60000 | F58: =_xlfn.LET(_xlpm.v,MAX(30,$F$11*$B$46),_xlpm.x,_xlfn.XLOOKUP(_xlpm.v,$E$70:$E$88,$E$70:$E$88,"",1),IF(_xlpm.x="",ROUNDUP(_xlpm.v,0),_xlpm.x)) -> 34 | G58: =(E58/800)+110*SQRT(F58) -> 716.40471 | H58: Btu/hr | I58: =G58/70 -> 10.234353 | J58: Btu/h·°F
A59: CZ11 | B59: 50.5 | C59: =$F$11*($B$43-B59)*$B$45 -> 52523.299 | D59: =C59*$B$44 -> 31513.979 | E59: =_xlfn.LET(_xlpm.x,_xlfn.XLOOKUP(D59/$C$3,$A$70:$A$100,$A$70:$A$100,"",1),IF(_xlpm.x="",ROUNDUP(D59/$C$3,0),_xlpm.x)) -> 60000 | F59: =_xlfn.LET(_xlpm.v,MAX(30,$F$11*$B$46),_xlpm.x,_xlfn.XLOOKUP(_xlpm.v,$E$70:$E$88,$E$70:$E$88,"",1),IF(_xlpm.x="",ROUNDUP(_xlpm.v,0),_xlpm.x)) -> 34 | G59: =(E59/800)+110*SQRT(F59) -> 716.40471 | H59: Btu/hr | I59: =G59/70 -> 10.234353 | J59: Btu/h·°F
A60: CZ12 | B60: 51.4 | C60: =$F$11*($B$43-B60)*$B$45 -> 51963.879 | D60: =C60*$B$44 -> 31178.327 | E60: =_xlfn.LET(_xlpm.x,_xlfn.XLOOKUP(D60/$C$3,$A$70:$A$100,$A$70:$A$100,"",1),IF(_xlpm.x="",ROUNDUP(D60/$C$3,0),_xlpm.x)) -> 60000 | F60: =_xlfn.LET(_xlpm.v,MAX(30,$F$11*$B$46),_xlpm.x,_xlfn.XLOOKUP(_xlpm.v,$E$70:$E$88,$E$70:$E$88,"",1),IF(_xlpm.x="",ROUNDUP(_xlpm.v,0),_xlpm.x)) -> 34 | G60: =(E60/800)+110*SQRT(F60) -> 716.40471 | H60: Btu/hr | I60: =G60/70 -> 10.234353 | J60: Btu/h·°F
A61: CZ13 | B61: 51.7 | C61: =$F$11*($B$43-B61)*$B$45 -> 51777.406 | D61: =C61*$B$44 -> 31066.443 | E61: =_xlfn.LET(_xlpm.x,_xlfn.XLOOKUP(D61/$C$3,$A$70:$A$100,$A$70:$A$100,"",1),IF(_xlpm.x="",ROUNDUP(D61/$C$3,0),_xlpm.x)) -> 60000 | F61: =_xlfn.LET(_xlpm.v,MAX(30,$F$11*$B$46),_xlpm.x,_xlfn.XLOOKUP(_xlpm.v,$E$70:$E$88,$E$70:$E$88,"",1),IF(_xlpm.x="",ROUNDUP(_xlpm.v,0),_xlpm.x)) -> 34 | G61: =(E61/800)+110*SQRT(F61) -> 716.40471 | H61: Btu/hr | I61: =G61/70 -> 10.234353 | J61: Btu/h·°F
... A64: CZ16 | B64: 41.4 | C64: =$F$11*($B$43-B64)*$B$45 -> 58179.654 | D64: =C64*$B$44 -> 34907.792 | E64: =_xlfn.LET(_xlpm.x,_xlfn.XLOOKUP(D64/$C$3,$A$70:$A$100,$A$70:$A$100,"",1),IF(_xlpm.x="",ROUNDUP(D64/$C$3,0),_xlpm.x)) -> 60000 | F64: =_xlfn.LET(_xlpm.v,MAX(30,$F$11*$B$46),_xlpm.x,_xlfn.XLOOKUP(_xlpm.v,$E$70:$E$88,$E$70:$E$88,"",1),IF(_xlpm.x="",ROUNDUP(_xlpm.v,0),_xlpm.x)) -> 34 | G64: =(E64/800)+110*SQRT(F64) -> 716.40471 | H64: Btu/hr | I64: =G64/70 -> 10.234353 | J64: Btu/h·°F
A68: Market data
A69: Catalog gas input (Btu/h) | B69: Input source | C69: Elec resistance tank (kW) | D69: Elec resistance (Btu/h) | E69: Catalog gas tank (gal) | F69: Tank source | G69: Elec tank (gal) | H69: Elec tank source | I69: =HYPERLINK("#'Note'!A1","Sources and links → Note tab") -> Sources and links → Note tab
A70: 60000 | B70: Grainger | C70: 1.5 | D70: 5118 | E70: 34 | F70: ENERGY STAR | G70: 6 | H70: Grainger
A71: 75100 | B71: Grainger | C71: 2 | D71: 6824 | E71: 35 | F71: Grainger | G71: 10 | H71: Grainger
A72: 76000 | B72: Both | C72: 3 | D72: 10236 | E72: 48 | F72: Grainger | G72: 15 | H72: Grainger
A73: 80000 | B73: Grainger | C73: 4.5 | D73: 15355 | E73: 50 | F73: Both | G73: 20 | H73: Grainger
A74: 99900 | B74: ENERGY STAR | C74: 6 | D74: 20473 | E74: 55 | F74: ENERGY STAR | G74: 28 | H74: Grainger
A75: 100000 | B75: Both | C75: 8 | D75: 27297 | E75: 60 | F75: ENERGY STAR | G75: 30 | H75: Grainger
A76: 120000 | B76: ENERGY STAR | C76: 9 | D76: 30709 | E76: 65 | F76: Both | G76: 36 | H76: Grainger
A77: 125000 | B77: Both | C77: 10 | D77: 34121 | E77: 72 | F77: Grainger | G77: 40 | H77: Grainger
A78: 130000 | B78: Both | C78: 12 | D78: 40946 | E78: 75 | F78: Both | G78: 47
A79: 145000 | B79: ENERGY STAR | C79: 12.1 | D79: 41287 | E79: 76 | F79: Grainger | G79: 50
A80: 150000 | B80: ENERGY STAR | C80: 18 | D80: 61419 | E80: 80 | F80: Both | G80: 65
A81: 156000 | B81: Grainger | C81: 24 | D81: 81891 | E81: 82 | F81: Grainger | G81: 80
A82: 160000 | B82: Both | C82: 27 | D82: 92128 | E82: 85 | F82: Grainger | G82: 85
A83: 175000 | B83: ENERGY STAR | C83: 36 | D83: 122837 | E83: 90 | F83: Both | G83: 105
A84: 180000 | B84: Grainger | C84: 54 | D84: 184256 | E84: 91 | F84: Grainger | G84: 120
A85: 199000 | B85: ENERGY STAR | E85: 100 | F85: Both
A86: 199900 | B86: Both | E86: 110 | F86: ENERGY STAR
A87: 200000 | B87: ENERGY STAR | E87: 119 | F87: Both
A88: 250000 | B88: Both | E88: 125 | F88: ENERGY STAR
A89: 251000 | B89: ENERGY STAR
A90: 270000 | B90: Grainger
A91: 285000 | B91: ENERGY STAR
A92: 300000 | B92: Both
A93: 320000 | B93: ENERGY STAR
A94: 360000 | B94: Grainger
A95: 398000 | B95: ENERGY STAR
A96: 399000 | B96: ENERGY STAR
A97: 399900 | B97: Both
A98: 499900 | B98: Grainger
A99: 550000 | B99: Grainger
A100: 715000 | B100: Grainger

Sheet Interior Lights
A1: ="Interior Lighting - "&Prototype!A2 -> Interior Lighting - RestaurantFastFood
A2: Space Type | B2: New Construction | E2: Existing
B3: LPD (W/ft²) | C3: Additional LPD for Portable Lighting (W/ft²) | D3: Source | E3: LPD (W/ft²) | F3: Additional LPD for Portable Lighting (W/ft²) | G3: Source
A4: =Zones!C3 -> Dining Area (Cafeteria/Fast Food) | B4: 0.45 | C4: 0.25 (decorative/Display) | D4: T24, 2025, Table 140.6-C (Area category method) | E4: 1 | F4: 0.5 (Ornamental) | G4: T24, 2016, Table 140.6-C (Area category method) LPD of "All other spaces" is considered for storage space
A5: =Zones!C4 -> Kitchen/Food Preparation Area | B5: 0.95 | E5: 1.2
A6: =Zones!C5 -> Attic
A10: Background Data [To be deleted prior to publication]
D12: =A4 -> Dining Area (Cafeteria/Fast Food) | E12: 0.4 | F12: 0.3 (Ornamental) | G12: T24, 2019, Table 140.6-C (Area category method) LPD of "All other spaces" is considered for storage space | H12: *ComStock
D13: =A5 -> Kitchen/Food Preparation Area | E13: 0.95
D14: =#REF! -> #REF!

Sheet Ext Lighting
A1: ="Exterior Lighting - "&Prototype!A2 -> Exterior Lighting - RestaurantFastFood
A2: Motion Controlled Luminaires (W) | B2: Non-motion Controlled Luminaires (W) | C2: Total (W) | D2: Source
A3: =G17 -> 351.02797 | B3: =G18 -> 116.75616 | C3: =B3+A3 -> 467.78413 | D3: T24, 2022
A8: Exterior Lighting
A9: Items (Assume LZ2) | B9: Assumptions [2019 Outdoor Lighting CASE Report & PNNL 90.1-2010 TSD] | D9: Unit | E9: Lighting Power Allowance [T24, 2025, Table 140.7-A & 140.7-B] | F9: Unit | G9: Exterior Lighting Power (W)
A10: IWA (Initial Wattage Allowance) | E10: 200 | F10: (W) | G10: =$E10 -> 200
A11: Parking area | B11: 400 ft² for every parking space [2019 Lighting CASE report, Appendix H] 1 parking space per 250 ft² of gross building area [2019 Lighting CASE report,Table 38] | C11: =B24/250*400 -> 4001.472 | D11: (ft²) | E11: 0.019 | F11: (W/ft²) | G11: =$E11*C11 -> 76.027968
A12: Building Entrance | B12: 2 building entrance (1 per 10,000 ft² footprint) | C12: 1 | D12: (count) | E12: 15 | F12: (W/ea) | G12: =E12*C12 -> 15
A13: Hardscape Ornamental Light | B13: 0.1 ft² per 1 ft² of gross building area [2019 Lighting CASE report,Table 36] | C13: =B24*0.1 -> 250.092 | D13: (ft²) | E13: 0.007 | F13: (W/ft²) | G13: =E13*C13 -> 1.750644
A14: Building façade | B14: 0.1 W per 1 ft² of facade area Façade Area = Perimeter × 0.5 × 10 ft (10 ft is the building height ) * The 0.5 factor assumes that only half of the perimeter walls are lit. -Formula is developed based on the 2019 Outdoor Lighting CASE report | C14: =B23*0.5*B26 -> 1000 | D14: (ft²) | E14: 0.1 | F14: (W/ft²) | G14: =E14*C14 -> 100
A15: Drive up windows | B15: 1 per 1500 ft² of gross building area [2019 Lighting CASE report,Table 36] | C15: =ROUND(B24/1500,0) -> 2 | D15: (count) | E15: 30 | F15: (W/ea) | G15: =E15*C15 -> 60
A16: Outdoor dining | B16: 1 ft² per 5 ft² of gross building area [2019 Lighting CASE report,Table 36] | C16: =1/5*B24 -> 500.184 | D16: (ft²) | E16: 0.03 | F16: (W/ft²) | G16: =E16*C16 -> 15.00552
A17: Motion controlled Luminaires | G17: =G11+G10+G12+G15 -> 351.02797
A18: Non-motion-controlled Luminaires | G18: =G13+G14+G16 -> 116.75616
A19: TOTAL | G19: =G17+G18 -> 467.78413
A23: Perimeter (ft) | B23: =(50+50)*2 -> 200
A24: Total floor area (ft²) | B24: =Zones!H6 -> 2500.92
A25: Floors | B25: 1
A26: Height (ft) | B26: 10
A32: Title 24, 2025

Sheet Equipment
A1: ="Equipment - "&Prototype!A2 -> Equipment - RestaurantFastFood
A2: Space Type | B2: Plug Load Power Density (W/ft²) | C2: ReachIn Refrigerator and ReachInFreezer Power (W) - 24/7 | D2: Refrigerator Power Density (W/ft²) | E2: Gas Power Density (Btu/hr-ft²) | F2: Source
A3: =Zones!C3 -> Dining Area (Cafeteria/Fast Food) | B3: 0.5 | D3: 0.25 | F3: Others inputs: T24 2025 - Appendix 5.4A: "2022 SpaceFuncData-Input"
A4: =Zones!C4 -> Kitchen/Food Preparation Area | B4: 1.5 | C4: 590 | D4: 1.12 | E4: =17.54*2500/1250 -> 35.08 | F4: - ReachIn Refrigerator and ReachInFreezer load : [PNNL ASHRAE 90.1 2022 Fast Food prototype] - Other inputs: T24 2025 - Appendix 5.4A: "2022 SpaceFuncData-Input" Plug load density is confirmed by the findings Plug load and schedules project with CEC, 2025
A5: =Zones!C5 -> Attic
A6: *ReachIn Refrigerator and ReachInFreezer Power is based on PNNL model. It doesn’t exist in the CEC prototype model.
A7: * Gas load is very low compared to PNNL model (237.4 Btu/hr-ft2 for Kitchen)
A8: Refrigerator load will be simulated as equipment load

Sheet Energy Usage
A1: ="CalBEM Energy Consumption - "&Prototype!A2 -> CalBEM Energy Consumption - RestaurantFastFood | I1: National Average (EnergyStar Portfolio Manager) | N1: CEUS Energy Consumption - Restaurant
A2: Prototype | B2: CZ | C2: CalBEM Electricity EUI (KBTU/ft²) | D2: CalBEM Gas EUI (KBTU/ft²) | E2: CalBEM Total EUI (KBTU/ft²) | F2: New Construction Electricity EUI (KBTU/ft²) | G2: New Construction Gas EUI (KBTU/ft²) | H2: New Construction Total EUI (KBTU/ft²) | I2: National Average | J2: Acceptable Range (25% Higher) | K2: Acceptable Range (25% Lower) | L2: National Average Acceptable EUI Range | N2: Prototype | O2: CZ | P2: Total Floorspace (Thousand of ft²) | Q2: CEUS 2022 Electricity EUI (kBtu/ft²) | R2: CEUS 2022 Gas EUI (kBtu/ft²) | S2: CEUS 2022 Total EUI (kBtu/ft²) | T2: Acceptable Range (25% Higher) | U2: Acceptable Range (25% Lower) | V2: CEUS 2022 Acceptable EUI Range
A3: RetailStripMall | B3: 1 | I3: 442.6 | J3: =I3*1.25 -> 553.25 | K3: =0.75*I3 -> 331.95 | L3: =J3-K3 -> 221.3 | N3: Restaurant | O3: 1 | P3: 2670.248 | Q3: 140.21338 | R3: 188.39676 | S3: =Q3+R3 -> 328.61014 | T3: =S3*1.25 -> 410.76268 | U3: =S3*0.75 -> 246.45761 | V3: =T3-U3 -> 164.30507
B4: 2 | I4: 442.6 | J4: =I4*1.25 -> 553.25 | K4: =0.75*I4 -> 331.95 | L4: =J4-K4 -> 221.3 | O4: 2 | P4: 4962.8202 | Q4: 115.43442 | R4: 178.59594 | S4: =Q4+R4 -> 294.03035 | T4: =S4*1.25 -> 367.53794 | U4: =S4*0.75 -> 220.52276 | V4: =T4-U4 -> 147.01518
B5: 3 | I5: 442.6 | J5: =I5*1.25 -> 553.25 | K5: =0.75*I5 -> 331.95 | L5: =J5-K5 -> 221.3 | O5: 3 | P5: 23016.189 | Q5: 121.68255 | R5: 177.66532 | S5: =Q5+R5 -> 299.34786 | T5: =S5*1.25 -> 374.18483 | U5: =S5*0.75 -> 224.5109 | V5: =T5-U5 -> 149.67393
B6: 4 | I6: 442.6 | J6: =I6*1.25 -> 553.25 | K6: =0.75*I6 -> 331.95 | L6: =J6-K6 -> 221.3 | O6: 4 | P6: 11906.95 | Q6: 121.67947 | R6: 177.2298 | S6: =Q6+R6 -> 298.90927 | T6: =S6*1.25 -> 373.63658 | U6: =S6*0.75 -> 224.18195 | V6: =T6-U6 -> 149.45463
B7: 5 | I7: 442.6 | J7: =I7*1.25 -> 553.25 | K7: =0.75*I7 -> 331.95 | L7: =J7-K7 -> 221.3 | O7: 5 | P7: 2232.1752 | Q7: 116.89707 | R7: 182.67998 | S7: =Q7+R7 -> 299.57705 | T7: =S7*1.25 -> 374.47131 | U7: =S7*0.75 -> 224.68278 | V7: =T7-U7 -> 149.78852
B8: 6 | I8: 442.6 | J8: =I8*1.25 -> 553.25 | K8: =0.75*I8 -> 331.95 | L8: =J8-K8 -> 221.3 | O8: 6 | P8: 19264.558 | Q8: 114.30761 | R8: 210.86262 | S8: =Q8+R8 -> 325.17023 | T8: =S8*1.25 -> 406.46278 | U8: =S8*0.75 -> 243.87767 | V8: =T8-U8 -> 162.58511
B9: 7 | I9: 442.6 | J9: =I9*1.25 -> 553.25 | K9: =0.75*I9 -> 331.95 | L9: =J9-K9 -> 221.3 | O9: 7 | P9: 11474.844 | Q9: 139.92699 | R9: 228.2706 | S9: =Q9+R9 -> 368.19759 | T9: =S9*1.25 -> 460.24699 | U9: =S9*0.75 -> 276.14819 | V9: =T9-U9 -> 184.0988
B10: 8 | I10: 442.6 | J10: =I10*1.25 -> 553.25 | K10: =0.75*I10 -> 331.95 | L10: =J10-K10 -> 221.3 | O10: 8 | P10: 29165.647 | Q10: 124.09734 | R10: 226.014 | S10: =Q10+R10 -> 350.11135 | T10: =S10*1.25 -> 437.63918 | U10: =S10*0.75 -> 262.58351 | V10: =T10-U10 -> 175.05567
B11: 9 | I11: 442.6 | J11: =I11*1.25 -> 553.25 | K11: =0.75*I11 -> 331.95 | L11: =J11-K11 -> 221.3 | O11: 9 | P11: 44906.607 | Q11: 111.94889 | R11: 217.89529 | S11: =Q11+R11 -> 329.84417 | T11: =S11*1.25 -> 412.30522 | U11: =S11*0.75 -> 247.38313 | V11: =T11-U11 -> 164.92209
B12: 10 | I12: 442.6 | J12: =I12*1.25 -> 553.25 | K12: =0.75*I12 -> 331.95 | L12: =J12-K12 -> 221.3 | O12: 10 | P12: 24025.703 | Q12: 129.08381 | R12: 231.92373 | S12: =Q12+R12 -> 361.00755 | T12: =S12*1.25 -> 451.25944 | U12: =S12*0.75 -> 270.75566 | V12: =T12-U12 -> 180.50377
B13: 11 | I13: 442.6 | J13: =I13*1.25 -> 553.25 | K13: =0.75*I13 -> 331.95 | L13: =J13-K13 -> 221.3 | O13: 11 | P13: 8514.5666 | Q13: 141.13317 | R13: 172.39688 | S13: =Q13+R13 -> 313.53005 | T13: =S13*1.25 -> 391.91256 | U13: =S13*0.75 -> 235.14753 | V13: =T13-U13 -> 156.76502
B14: 12 | I14: 442.6 | J14: =I14*1.25 -> 553.25 | K14: =0.75*I14 -> 331.95 | L14: =J14-K14 -> 221.3 | O14: 12 | P14: 37639.22 | Q14: 145.52445 | R14: 191.73774 | S14: =Q14+R14 -> 337.26219 | T14: =S14*1.25 -> 421.57774 | U14: =S14*0.75 -> 252.94665 | V14: =T14-U14 -> 168.6311
B15: 13 | I15: 442.6 | J15: =I15*1.25 -> 553.25 | K15: =0.75*I15 -> 331.95 | L15: =J15-K15 -> 221.3 | O15: 13 | P15: 12120.121 | Q15: 147.93232 | R15: 194.18501 | S15: =Q15+R15 -> 342.11732 | T15: =S15*1.25 -> 427.64665 | U15: =S15*0.75 -> 256.58799 | V15: =T15-U15 -> 171.05866
... B18: 16 | I18: 442.6 | J18: =I18*1.25 -> 553.25 | K18: =0.75*I18 -> 331.95 | L18: =J18-K18 -> 221.3 | O18: 16 | P18: 23693.285 | Q18: 127.46412 | R18: 198.83728 | S18: =Q18+R18 -> 326.3014 | T18: =S18*1.25 -> 407.87675 | U18: =S18*0.75 -> 244.72605 | V18: =T18-U18 -> 163.1507
N20: Ref: CEUS 2022 Report
N21: And converted FZ level data to CZ level
N22: Restaurants have only one category in CEUS data.
N50: Background Data [To be deleted prior to publication]
B52: Screenshot of assumption for the national average in the EnergyStar Portfolio Manager website | N52: EIA 2018: | O52: U.S. Energy Information Administration - EIA - Independent Statistics and Analysis
B53: ENERGY STAR Portfolio Manager Upgrade

Sheet Schedules
A1: ="Schedules - "&Prototype!A2 -> Schedules - RestaurantFastFood
A2: Zone | B2: Schedule Category | C2: Schedule | D2: Source | E2: Type | F2: Hour
F3: 1 | G3: 2 | H3: 3 | I3: 4 | J3: 5 | K3: 6 | L3: 7 | M3: 8 | N3: 9 | O3: 10 | P3: 11 | Q3: 12 | R3: 13 | S3: 14 | T3: 15 | U3: 16 | V3: 17 | W3: 18 | X3: 19 | Y3: 20 | Z3: 21 | AA3: 22 | AB3: 23 | AC3: 24
A4: Dining | B4: Restaurant | C4: Occupancy | D4: PNNL, ASHRAE 90.1, 2022 Fast Food Restaurant prototype (It has higher occupancy rate during morning compared to T24 2022 - Appendix 5.4B) | E4: Weekday | F4: 0.05 | G4: 0 | H4: 0 | I4: 0 | J4: 0 | K4: 0.05 | L4: 0.1 | M4: 0.4 | N4: 0.4 | O4: 0.4 | P4: 0.2 | Q4: 0.5 | R4: 0.8 | S4: 0.7 | T4: 0.4 | U4: 0.2 | V4: 0.25 | W4: 0.5 | X4: 0.8 | Y4: 0.8 | Z4: 0.8 | AA4: 0.5 | AB4: 0.35 | AC4: 0.2
E5: Saturday | F5: 0.05 | G5: 0 | H5: 0 | I5: 0 | J5: 0 | K5: 0 | L5: 0.05 | M5: 0.5 | N5: 0.5 | O5: 0.4 | P5: 0.2 | Q5: 0.45 | R5: 0.5 | S5: 0.5 | T5: 0.35 | U5: 0.3 | V5: 0.3 | W5: 0.3 | X5: 0.7 | Y5: 0.9 | Z5: 0.7 | AA5: 0.65 | AB5: 0.55 | AC5: 0.35
E6: Sunday | F6: 0.05 | G6: 0 | H6: 0 | I6: 0 | J6: 0 | K6: 0 | L6: 0.05 | M6: 0.5 | N6: 0.5 | O6: 0.2 | P6: 0.2 | Q6: 0.3 | R6: 0.5 | S6: 0.5 | T6: 0.3 | U6: 0.2 | V6: 0.25 | W6: 0.35 | X6: 0.55 | Y6: 0.65 | Z6: 0.7 | AA6: 0.35 | AB6: 0.2 | AC6: 0.2
A7: =A4 -> Dining | B7: Restaurant | C7: Lights | D7: T24 2022 - Appendix 5.4B, [Restaurant] Updated based on the equipment schedule from the plug load and schedule project with CEC | E7: Weekday | F7: 0.15 | G7: 0.15 | H7: 0.15 | I7: 0.15 | J7: 0.15 | K7: 0.2 | L7: 0.3 | M7: =M10-5% -> 0.67 | N7: =N10-5% -> 0.73 | O7: =O10-5% -> 0.75 | P7: =P10-5% -> 0.85 | Q7: =Q10-5% -> 0.85 | R7: =R10-5% -> 0.85 | S7: =S10-5% -> 0.83 | T7: =T10-5% -> 0.72 | ... AB7: =AB10-5% -> 0.57 | AC7: 0.3
E8: Saturday | F8: =F11 -> 0.15 | G8: 0.15 | H8: 0.15 | I8: 0.15 | J8: 0.15 | K8: =K11 -> 0.2 | L8: 0.3 | M8: =M11-5% -> 0.67 | N8: =N11-5% -> 0.73 | O8: =O11-5% -> 0.75 | P8: =P11-5% -> 0.85 | Q8: =Q11-5% -> 0.85 | R8: =R11-5% -> 0.85 | S8: =S11-5% -> 0.83 | T8: =T11-5% -> 0.72 | ... AB8: =AB11-5% -> 0.57 | AC8: 0.3
E9: Sunday | F9: 0.2 | G9: 0.15 | H9: 0.15 | I9: 0.15 | J9: 0.15 | K9: 0.15 | L9: 0.3 | M9: =M12-5% -> 0.67 | N9: =N12-5% -> 0.73 | O9: =O12-5% -> 0.75 | P9: =P12-5% -> 0.85 | Q9: =Q12-5% -> 0.85 | R9: =R12-5% -> 0.85 | S9: =S12-5% -> 0.83 | T9: =T12-5% -> 0.72 | ... AB9: =AB12-5% -> 0.57 | AC9: 0.3
A10: =A4 -> Dining | B10: Restaurant | C10: ElecEquipment | D10: Plug load and schedules project with CEC, 2025 | E10: Weekday | F10: 0.15 | G10: 0.15 | H10: 0.15 | I10: 0.15 | J10: 0.15 | K10: 0.2 | L10: 0.3 | M10: 0.72 | N10: 0.78 | O10: 0.8 | P10: 0.9 | Q10: 0.9 | R10: 0.9 | S10: 0.88 | T10: 0.77 | U10: 0.7 | V10: 0.72 | W10: 0.8 | X10: 0.9 | Y10: 0.9 | Z10: 0.9 | AA10: 0.8 | AB10: 0.62 | AC10: 0.3
E11: Saturday | F11: 0.15 | G11: 0.15 | H11: 0.15 | I11: 0.15 | J11: 0.15 | K11: 0.2 | L11: 0.3 | M11: 0.72 | N11: 0.78 | O11: 0.8 | P11: 0.9 | Q11: 0.9 | R11: 0.9 | S11: 0.88 | T11: 0.77 | U11: 0.7 | V11: 0.72 | W11: 0.8 | X11: 0.9 | Y11: 0.9 | Z11: 0.9 | AA11: 0.8 | AB11: 0.62 | AC11: 0.3
E12: Sunday | F12: 0.2 | G12: 0.15 | H12: 0.15 | I12: 0.15 | J12: 0.15 | K12: 0.15 | L12: 0.3 | M12: 0.72 | N12: 0.78 | O12: 0.8 | P12: 0.9 | Q12: 0.9 | R12: 0.9 | S12: 0.88 | T12: 0.77 | U12: 0.7 | V12: 0.72 | W12: 0.8 | X12: 0.9 | Y12: 0.9 | Z12: 0.9 | AA12: 0.8 | AB12: 0.62 | AC12: 0.3
A13: =A4 -> Dining | B13: Restaurant | C13: HVACAvail | D13: T24 2022 - Appendix 5.4B , [Restaurant] Updated based on the adopted PNNL occupancy | E13: Weekday | F13: 1 | G13: 0 | H13: 0 | I13: 0 | J13: 1 | K13: 1 | L13: 1 | M13: 1 | N13: 1 | O13: 1 | P13: 1 | Q13: 1 | R13: 1 | S13: 1 | T13: 1 | U13: 1 | V13: 1 | W13: 1 | X13: 1 | Y13: 1 | Z13: 1 | AA13: 1 | AB13: 1 | AC13: 1
E14: Saturday | F14: 1 | G14: 0 | H14: 0 | I14: 0 | J14: 0 | K14: 1 | L14: 1 | M14: 1 | N14: 1 | O14: 1 | P14: 1 | Q14: 1 | R14: 1 | S14: 1 | T14: 1 | U14: 1 | V14: 1 | W14: 1 | X14: 1 | Y14: 1 | Z14: 1 | AA14: 1 | AB14: 1 | AC14: 1
E15: Sunday | F15: 1 | G15: 0 | H15: 0 | I15: 0 | J15: 0 | K15: 1 | L15: 1 | M15: 1 | N15: 1 | O15: 1 | P15: 1 | Q15: 1 | R15: 1 | S15: 1 | T15: 1 | U15: 1 | V15: 1 | W15: 1 | X15: 1 | Y15: 1 | Z15: 1 | AA15: 1 | AB15: 1 | AC15: 1
A16: =A7 -> Dining | B16: Restaurant | C16: ServiceHotWater | D16: T24 2022 - Appendix 5.4B, [Restaurant] Updated based on the adopted PNNL occupancy | E16: Weekday | F16: 0.2 | G16: 0 | H16: 0 | I16: 0 | J16: 0 | K16: 0.6 | L16: 0.6 | M16: 0.6 | N16: 0.55 | O16: 0.45 | P16: 0.4 | Q16: 0.45 | R16: 0.4 | S16: 0.35 | T16: 0.3 | U16: 0.3 | V16: 0.3 | W16: 0.4 | X16: 0.55 | Y16: 0.6 | Z16: 0.5 | AA16: 0.55 | AB16: 0.45 | AC16: 0.25
E17: Saturday | F17: 0.2 | G17: 0 | H17: 0 | I17: 0 | J17: 0 | K17: 0 | L17: 0.5 | M17: 0.5 | N17: 0.5 | O17: 0.5 | P17: 0.45 | Q17: 0.5 | R17: 0.5 | S17: 0.45 | T17: 0.4 | U17: 0.4 | V17: 0.35 | W17: 0.4 | X17: 0.55 | Y17: 0.55 | Z17: 0.5 | AA17: 0.55 | AB17: 0.4 | AC17: 0.3
E18: Sunday | F18: 0.25 | G18: 0 | H18: 0 | I18: 0 | J18: 0 | K18: 0 | L18: 0.5 | M18: 0.5 | N18: 0.5 | O18: 0.5 | P18: 0.5 | Q18: 0.5 | R18: 0.4 | S18: 0.4 | T18: 0.3 | U18: 0.3 | V18: 0.3 | W18: 0.4 | X18: 0.5 | Y18: 0.5 | Z18: 0.4 | AA18: 0.5 | AB18: 0.4 | AC18: 0.2
A19: =A4 -> Dining | B19: Restaurant | C19: Infiltration | D19: T24 2022 - Appendix 5.4B, [Restaurant] Updated based on the adopted PNNL occupancy | E19: Weekday | F19: 0.25 | G19: 0 | H19: 0 | I19: 1 | J19: 0.25 | K19: 0.25 | L19: 0.25 | M19: 0.25 | N19: 0.25 | O19: 0.25 | P19: 0.25 | Q19: 0.25 | R19: 0.25 | S19: 0.25 | T19: 0.25 | U19: 0.25 | V19: 0.25 | W19: 0.25 | X19: 0.25 | Y19: 0.25 | Z19: 0.25 | AA19: 0.25 | AB19: 0.25 | AC19: 0.25
E20: Saturday | F20: 0.25 | G20: 0 | H20: 0 | I20: 1 | J20: 1 | K20: 0.25 | L20: 0.25 | M20: 0.25 | N20: 0.25 | O20: 0.25 | P20: 0.25 | Q20: 0.25 | R20: 0.25 | S20: 0.25 | T20: 0.25 | U20: 0.25 | V20: 0.25 | W20: 0.25 | X20: 0.25 | Y20: 0.25 | Z20: 0.25 | AA20: 0.25 | AB20: 0.25 | AC20: 0.25
E21: Sunday | F21: 0.25 | G21: 0 | H21: 0 | I21: 1 | J21: 1 | K21: 0.25 | L21: 0.25 | M21: 0.25 | N21: 0.25 | O21: 0.25 | P21: 0.25 | Q21: 0.25 | R21: 0.25 | S21: 0.25 | T21: 0.25 | U21: 0.25 | V21: 0.25 | W21: 0.25 | X21: 0.25 | Y21: 0.25 | Z21: 0.25 | AA21: 0.25 | AB21: 0.25 | AC21: 0.25
A22: =A7 -> Dining | B22: Restaurant | C22: Refrigeration | D22: T24 2022 - Appendix 5.4B, [Restaurant] | E22: Weekday | F22: 0.9 | G22: 0.9 | H22: 0.9 | I22: 0.9 | J22: 0.9 | K22: 0.9 | L22: 0.9 | M22: 0.9 | N22: 0.9 | O22: 0.9 | P22: 0.9 | Q22: 0.9 | R22: 0.9 | S22: 0.9 | T22: 0.9 | U22: 0.9 | V22: 0.9 | W22: 0.9 | X22: 0.9 | Y22: 0.9 | Z22: 0.9 | AA22: 0.9 | AB22: 0.9 | AC22: 0.9
E23: Saturday | F23: 0.9 | G23: 0.9 | H23: 0.9 | I23: 0.9 | J23: 0.9 | K23: 0.9 | L23: 0.9 | M23: 0.9 | N23: 0.9 | O23: 0.9 | P23: 0.9 | Q23: 0.9 | R23: 0.9 | S23: 0.9 | T23: 0.9 | U23: 0.9 | V23: 0.9 | W23: 0.9 | X23: 0.9 | Y23: 0.9 | Z23: 0.9 | AA23: 0.9 | AB23: 0.9 | AC23: 0.9
E24: Sunday | F24: 0.9 | G24: 0.9 | H24: 0.9 | I24: 0.9 | J24: 0.9 | K24: 0.9 | L24: 0.9 | M24: 0.9 | N24: 0.9 | O24: 0.9 | P24: 0.9 | Q24: 0.9 | R24: 0.9 | S24: 0.9 | T24: 0.9 | U24: 0.9 | V24: 0.9 | W24: 0.9 | X24: 0.9 | Y24: 0.9 | Z24: 0.9 | AA24: 0.9 | AB24: 0.9 | AC24: 0.9
A25: =A4 -> Dining | B25: =B16 -> Restaurant | C25: HtgSetpt | D25: T24 2022 - Appendix 5.4B, [Restaurant] | E25: Weekday | F25: =IF(F13=1,Thermostat!$C$3,Thermostat!$C$4) -> 70 | G25: =IF(G13=1,Thermostat!$C$3,Thermostat!$C$4) -> 60 | H25: =IF(H13=1,Thermostat!$C$3,Thermostat!$C$4) -> 60 | I25: =IF(I13=1,Thermostat!$C$3,Thermostat!$C$4) -> 60 | J25: =IF(J13=1,Thermostat!$C$3,Thermostat!$C$4) -> 70 | K25: =IF(K13=1,Thermostat!$C$3,Thermostat!$C$4) -> 70 | L25: =IF(L13=1,Thermostat!$C$3,Thermostat!$C$4) -> 70 | M25: =IF(M13=1,Thermostat!$C$3,Thermostat!$C$4) -> 70 | ... AC25: =IF(AC13=1,Thermostat!$C$3,Thermostat!$C$4) -> 70
E26: Saturday | F26: =IF(F14=1,Thermostat!$C$3,Thermostat!$C$4) -> 70 | G26: =IF(G14=1,Thermostat!$C$3,Thermostat!$C$4) -> 60 | H26: =IF(H14=1,Thermostat!$C$3,Thermostat!$C$4) -> 60 | I26: =IF(I14=1,Thermostat!$C$3,Thermostat!$C$4) -> 60 | J26: =IF(J14=1,Thermostat!$C$3,Thermostat!$C$4) -> 60 | K26: =IF(K14=1,Thermostat!$C$3,Thermostat!$C$4) -> 70 | L26: =IF(L14=1,Thermostat!$C$3,Thermostat!$C$4) -> 70 | M26: =IF(M14=1,Thermostat!$C$3,Thermostat!$C$4) -> 70 | ... AC26: =IF(AC14=1,Thermostat!$C$3,Thermostat!$C$4) -> 70
E27: Sunday | F27: =IF(F15=1,Thermostat!$C$3,Thermostat!$C$4) -> 70 | G27: =IF(G15=1,Thermostat!$C$3,Thermostat!$C$4) -> 60 | H27: =IF(H15=1,Thermostat!$C$3,Thermostat!$C$4) -> 60 | I27: =IF(I15=1,Thermostat!$C$3,Thermostat!$C$4) -> 60 | J27: =IF(J15=1,Thermostat!$C$3,Thermostat!$C$4) -> 60 | K27: =IF(K15=1,Thermostat!$C$3,Thermostat!$C$4) -> 70 | L27: =IF(L15=1,Thermostat!$C$3,Thermostat!$C$4) -> 70 | M27: =IF(M15=1,Thermostat!$C$3,Thermostat!$C$4) -> 70 | ... AC27: =IF(AC15=1,Thermostat!$C$3,Thermostat!$C$4) -> 70
A28: =A4 -> Dining | B28: =B19 -> Restaurant | C28: ClgSetpt | D28: T24 2022 - Appendix 5.4B, [Restaurant] | E28: Weekday | F28: =IF(F13=1,Thermostat!$C$5,Thermostat!$C$6) -> 75 | G28: =IF(G13=1,Thermostat!$C$5,Thermostat!$C$6) -> 85 | H28: =IF(H13=1,Thermostat!$C$5,Thermostat!$C$6) -> 85 | I28: =IF(I13=1,Thermostat!$C$5,Thermostat!$C$6) -> 85 | J28: =IF(J13=1,Thermostat!$C$5,Thermostat!$C$6) -> 75 | K28: =IF(K13=1,Thermostat!$C$5,Thermostat!$C$6) -> 75 | L28: =IF(L13=1,Thermostat!$C$5,Thermostat!$C$6) -> 75 | M28: =IF(M13=1,Thermostat!$C$5,Thermostat!$C$6) -> 75 | ... AC28: =IF(AC13=1,Thermostat!$C$5,Thermostat!$C$6) -> 75
E29: Saturday | F29: =IF(F14=1,Thermostat!$C$5,Thermostat!$C$6) -> 75 | G29: =IF(G14=1,Thermostat!$C$5,Thermostat!$C$6) -> 85 | H29: =IF(H14=1,Thermostat!$C$5,Thermostat!$C$6) -> 85 | I29: =IF(I14=1,Thermostat!$C$5,Thermostat!$C$6) -> 85 | J29: =IF(J14=1,Thermostat!$C$5,Thermostat!$C$6) -> 85 | K29: =IF(K14=1,Thermostat!$C$5,Thermostat!$C$6) -> 75 | L29: =IF(L14=1,Thermostat!$C$5,Thermostat!$C$6) -> 75 | M29: =IF(M14=1,Thermostat!$C$5,Thermostat!$C$6) -> 75 | ... AC29: =IF(AC14=1,Thermostat!$C$5,Thermostat!$C$6) -> 75
E30: Sunday | F30: =IF(F15=1,Thermostat!$C$5,Thermostat!$C$6) -> 75 | G30: =IF(G15=1,Thermostat!$C$5,Thermostat!$C$6) -> 85 | H30: =IF(H15=1,Thermostat!$C$5,Thermostat!$C$6) -> 85 | I30: =IF(I15=1,Thermostat!$C$5,Thermostat!$C$6) -> 85 | J30: =IF(J15=1,Thermostat!$C$5,Thermostat!$C$6) -> 85 | K30: =IF(K15=1,Thermostat!$C$5,Thermostat!$C$6) -> 75 | L30: =IF(L15=1,Thermostat!$C$5,Thermostat!$C$6) -> 75 | M30: =IF(M15=1,Thermostat!$C$5,Thermostat!$C$6) -> 75 | ... AC30: =IF(AC15=1,Thermostat!$C$5,Thermostat!$C$6) -> 75
A31: Kitchen
A32: Kitchen | B32: Kitchen | C32: occupancy | D32: PNNL, ASHRAE 90.1, 2022 Fast Food Restaurant prototype (It has higher occupancy rate during morning compared to T24 2022 - Appendix 5.4B) | E32: Weekday | F32: 0.05 | G32: 0 | H32: 0 | I32: 0 | J32: 0 | K32: 0.05 | L32: 0.1 | M32: 0.4 | N32: 0.4 | O32: 0.4 | P32: 0.2 | Q32: 0.5 | R32: 0.8 | S32: 0.7 | T32: 0.4 | U32: 0.2 | V32: 0.25 | W32: 0.5 | X32: 0.8 | Y32: 0.8 | Z32: 0.8 | AA32: 0.5 | AB32: 0.35 | AC32: 0.2
E33: Saturday | F33: 0.05 | G33: 0 | H33: 0 | I33: 0 | J33: 0 | K33: 0 | L33: 0.05 | M33: 0.5 | N33: 0.5 | O33: 0.4 | P33: 0.2 | Q33: 0.45 | R33: 0.5 | S33: 0.5 | T33: 0.35 | U33: 0.3 | V33: 0.3 | W33: 0.3 | X33: 0.7 | Y33: 0.9 | Z33: 0.7 | AA33: 0.65 | AB33: 0.55 | AC33: 0.35
E34: Sunday | F34: 0.05 | G34: 0 | H34: 0 | I34: 0 | J34: 0 | K34: 0 | L34: 0.05 | M34: 0.5 | N34: 0.5 | O34: 0.2 | P34: 0.2 | Q34: 0.3 | R34: 0.5 | S34: 0.5 | T34: 0.3 | U34: 0.2 | V34: 0.25 | W34: 0.35 | X34: 0.55 | Y34: 0.65 | Z34: 0.7 | AA34: 0.35 | AB34: 0.2 | AC34: 0.2
A35: Kitchen | B35: Kitchen | C35: Lights | D35: T24 2022 - Appendix 5.4B, [Restaurant] Updated based on the equipment schedule from the plug load and schedule project with CEC | E35: Weekday | F35: 0.15 | G35: 0.15 | H35: 0.15 | I35: 0.15 | J35: 0.15 | K35: 0.2 | L35: 0.3 | M35: =M38-5% -> 0.67 | N35: =N38-5% -> 0.73 | O35: =O38-5% -> 0.75 | P35: =P38-5% -> 0.85 | Q35: =Q38-5% -> 0.85 | R35: =R38-5% -> 0.85 | S35: =S38-5% -> 0.83 | T35: =T38-5% -> 0.72 | ... AB35: =AB38-5% -> 0.57 | AC35: 0.3
E36: Saturday | F36: =F39 -> 0.15 | G36: 0.15 | H36: 0.15 | I36: 0.15 | J36: 0.15 | K36: =K39 -> 0.2 | L36: 0.3 | M36: =M39-5% -> 0.67 | N36: =N39-5% -> 0.73 | O36: =O39-5% -> 0.75 | P36: =P39-5% -> 0.85 | Q36: =Q39-5% -> 0.85 | R36: =R39-5% -> 0.85 | S36: =S39-5% -> 0.83 | T36: =T39-5% -> 0.72 | ... AB36: =AB39-5% -> 0.57 | AC36: 0.3
E37: Sunday | F37: 0.2 | G37: 0.15 | H37: 0.15 | I37: 0.15 | J37: 0.15 | K37: 0.15 | L37: 0.3 | M37: =M40-5% -> 0.67 | N37: =N40-5% -> 0.73 | O37: =O40-5% -> 0.75 | P37: =P40-5% -> 0.85 | Q37: =Q40-5% -> 0.85 | R37: =R40-5% -> 0.85 | S37: =S40-5% -> 0.83 | T37: =T40-5% -> 0.72 | ... AB37: =AB40-5% -> 0.57 | AC37: 0.3
A38: Kitchen | B38: Kitchen | C38: ElecEquipment | D38: Plug load and schedules project with CEC, 2025 | E38: Weekday | F38: 0.15 | G38: 0.15 | H38: 0.15 | I38: 0.15 | J38: 0.15 | K38: 0.2 | L38: 0.3 | M38: 0.72 | N38: 0.78 | O38: 0.8 | P38: 0.9 | Q38: 0.9 | R38: 0.9 | S38: 0.88 | T38: 0.77 | U38: 0.7 | V38: 0.72 | W38: 0.8 | X38: 0.9 | Y38: 0.9 | Z38: 0.9 | AA38: 0.8 | AB38: 0.62 | AC38: 0.3
E39: Saturday | F39: 0.15 | G39: 0.15 | H39: 0.15 | I39: 0.15 | J39: 0.15 | K39: 0.2 | L39: 0.3 | M39: 0.72 | N39: 0.78 | O39: 0.8 | P39: 0.9 | Q39: 0.9 | R39: 0.9 | S39: 0.88 | T39: 0.77 | U39: 0.7 | V39: 0.72 | W39: 0.8 | X39: 0.9 | Y39: 0.9 | Z39: 0.9 | AA39: 0.8 | AB39: 0.62 | AC39: 0.3
E40: Sunday | F40: 0.2 | G40: 0.15 | H40: 0.15 | I40: 0.15 | J40: 0.15 | K40: 0.15 | L40: 0.3 | M40: 0.72 | N40: 0.78 | O40: 0.8 | P40: 0.9 | Q40: 0.9 | R40: 0.9 | S40: 0.88 | T40: 0.77 | U40: 0.7 | V40: 0.72 | W40: 0.8 | X40: 0.9 | Y40: 0.9 | Z40: 0.9 | AA40: 0.8 | AB40: 0.62 | AC40: 0.3
A41: Kitchen | B41: Kitchen | C41: HVACAvail | D41: T24 2022 - Appendix 5.4B , [Restaurant] Updated based on the adopted PNNL occupancy | E41: Weekday | F41: 1 | G41: 0 | H41: 0 | I41: 0 | J41: 1 | K41: 1 | L41: 1 | M41: 1 | N41: 1 | O41: 1 | P41: 1 | Q41: 1 | R41: 1 | S41: 1 | T41: 1 | U41: 1 | V41: 1 | W41: 1 | X41: 1 | Y41: 1 | Z41: 1 | AA41: 1 | AB41: 1 | AC41: 1
E42: Saturday | F42: 1 | G42: 0 | H42: 0 | I42: 0 | J42: 0 | K42: 1 | L42: 1 | M42: 1 | N42: 1 | O42: 1 | P42: 1 | Q42: 1 | R42: 1 | S42: 1 | T42: 1 | U42: 1 | V42: 1 | W42: 1 | X42: 1 | Y42: 1 | Z42: 1 | AA42: 1 | AB42: 1 | AC42: 1
E43: Sunday | F43: 1 | G43: 0 | H43: 0 | I43: 0 | J43: 0 | K43: 1 | L43: 1 | M43: 1 | N43: 1 | O43: 1 | P43: 1 | Q43: 1 | R43: 1 | S43: 1 | T43: 1 | U43: 1 | V43: 1 | W43: 1 | X43: 1 | Y43: 1 | Z43: 1 | AA43: 1 | AB43: 1 | AC43: 1
A44: Kitchen | B44: Kitchen | C44: ServiceHotWater | D44: T24 2022 - Appendix 5.4B, [Restaurant] Updated based on the adopted PNNL occupancy | E44: Weekday | F44: 0.2 | G44: 0 | H44: 0 | I44: 0 | J44: 0 | K44: 0.2 | L44: 0.2 | M44: 0.3 | N44: 0.3 | O44: 0.3 | P44: 0.4 | Q44: 0.45 | R44: 0.4 | S44: 0.35 | T44: 0.3 | U44: 0.3 | V44: 0.3 | W44: 0.4 | X44: 0.55 | Y44: 0.6 | Z44: 0.5 | AA44: 0.55 | AB44: 0.45 | AC44: 0.2
E45: Saturday | F45: 0.2 | G45: 0 | H45: 0 | I45: 0 | J45: 0 | K45: 0 | L45: 0.2 | M45: 0.2 | N45: 0.3 | O45: 0.3 | P45: 0.45 | Q45: 0.5 | R45: 0.5 | S45: 0.45 | T45: 0.4 | U45: 0.4 | V45: 0.35 | W45: 0.4 | X45: 0.55 | Y45: 0.55 | Z45: 0.5 | AA45: 0.55 | AB45: 0.4 | AC45: 0.2
E46: Sunday | F46: 0.25 | G46: 0 | H46: 0 | I46: 0 | J46: 0 | K46: 0 | L46: 0.2 | M46: 0.2 | N46: 0.3 | O46: 0.3 | P46: 0.3 | Q46: 0.5 | R46: 0.4 | S46: 0.4 | T46: 0.3 | U46: 0.3 | V46: 0.3 | W46: 0.4 | X46: 0.5 | Y46: 0.5 | Z46: 0.4 | AA46: 0.5 | AB46: 0.4 | AC46: 0.2
A47: Kitchen | B47: Kitchen | C47: Infiltration | D47: T24 2022 - Appendix 5.4B, [Restaurant] Updated based on the adopted PNNL occupancy | E47: Weekday | F47: 0.25 | G47: 0 | H47: 0 | I47: 1 | J47: 0.25 | K47: 0.25 | L47: 0.25 | M47: 0.25 | N47: 0.25 | O47: 0.25 | P47: 0.25 | Q47: 0.25 | R47: 0.25 | S47: 0.25 | T47: 0.25 | U47: 0.25 | V47: 0.25 | W47: 0.25 | X47: 0.25 | Y47: 0.25 | Z47: 0.25 | AA47: 0.25 | AB47: 0.25 | AC47: 0.25
E48: Saturday | F48: 0.25 | G48: 0 | H48: 0 | I48: 1 | J48: 1 | K48: 0.25 | L48: 0.25 | M48: 0.25 | N48: 0.25 | O48: 0.25 | P48: 0.25 | Q48: 0.25 | R48: 0.25 | S48: 0.25 | T48: 0.25 | U48: 0.25 | V48: 0.25 | W48: 0.25 | X48: 0.25 | Y48: 0.25 | Z48: 0.25 | AA48: 0.25 | AB48: 0.25 | AC48: 0.25
E49: Sunday | F49: 0.25 | G49: 0 | H49: 0 | I49: 1 | J49: 1 | K49: 0.25 | L49: 0.25 | M49: 0.25 | N49: 0.25 | O49: 0.25 | P49: 0.25 | Q49: 0.25 | R49: 0.25 | S49: 0.25 | T49: 0.25 | U49: 0.25 | V49: 0.25 | W49: 0.25 | X49: 0.25 | Y49: 0.25 | Z49: 0.25 | AA49: 0.25 | AB49: 0.25 | AC49: 0.25
A50: Kitchen | B50: Kitchen | C50: ExhaustHoodEqualOrLessThan5000cfm | D50: T24 2022 - Appendix 5.4B, [Restaurant] Updated based on the adopted PNNL occupancy | E50: Weekday | F50: 0 | G50: 0 | H50: 0 | I50: 0 | J50: 0 | K50: 1 | L50: 1 | M50: 1 | N50: 1 | O50: 1 | P50: 1 | Q50: 1 | R50: 1 | S50: 1 | T50: 1 | U50: 1 | V50: 1 | W50: 1 | X50: 1 | Y50: 0 | Z50: 0 | AA50: 0 | AB50: 0 | AC50: 0
E51: Saturday | F51: 0 | G51: 0 | H51: 0 | I51: 0 | J51: 0 | K51: 0 | L51: 1 | M51: 1 | N51: 1 | O51: 1 | P51: 1 | Q51: 1 | R51: 1 | S51: 1 | T51: 1 | U51: 1 | V51: 1 | W51: 1 | X51: 1 | Y51: 0 | Z51: 0 | AA51: 0 | AB51: 0 | AC51: 0
E52: Sunday | F52: 0 | G52: 0 | H52: 0 | I52: 0 | J52: 0 | K52: 0 | L52: 1 | M52: 1 | N52: 1 | O52: 1 | P52: 1 | Q52: 1 | R52: 1 | S52: 1 | T52: 1 | U52: 1 | V52: 1 | W52: 1 | X52: 1 | Y52: 0 | Z52: 0 | AA52: 0 | AB52: 0 | AC52: 0
A53: Kitchen | B53: Kitchen | C53: ExhaustHoodGreaterThan 5000cfm | D53: T24 2022 - Appendix 5.4B, [Restaurant] Updated based on the adopted PNNL occupancy | E53: Weekday | F53: 0 | G53: 0 | H53: 0 | I53: 0 | J53: 0 | K53: 1 | L53: 0.5 | M53: 1 | N53: 0.5 | O53: 1 | P53: 0.5 | Q53: 1 | R53: 0.5 | S53: 1 | T53: 0.5 | U53: 1 | V53: 0.5 | W53: 1 | X53: 0.5 | Y53: 0 | Z53: 0 | AA53: 0 | AB53: 0 | AC53: 0
E54: Saturday | F54: 0 | G54: 0 | H54: 0 | I54: 0 | J54: 0 | K54: 0 | L54: 0.5 | M54: 1 | N54: 0.5 | O54: 1 | P54: 0.5 | Q54: 1 | R54: 0.5 | S54: 1 | T54: 0.5 | U54: 1 | V54: 0.5 | W54: 1 | X54: 0.5 | Y54: 0 | Z54: 0 | AA54: 0 | AB54: 0 | AC54: 0
E55: Sunday | F55: 0 | G55: 0 | H55: 0 | I55: 0 | J55: 0 | K55: 0 | L55: 0.5 | M55: 1 | N55: 0.5 | O55: 1 | P55: 0.5 | Q55: 1 | R55: 0.5 | S55: 1 | T55: 0.5 | U55: 1 | V55: 0.5 | W55: 1 | X55: 0.5 | Y55: 0 | Z55: 0 | AA55: 0 | AB55: 0 | AC55: 0
A56: Kitchen | B56: Kitchen | C56: Refrigeration | D56: T24 2022 - Appendix 5.4B, [Restaurant] | E56: Weekday | F56: 0.9 | G56: 0.9 | H56: 0.9 | I56: 0.9 | J56: 0.9 | K56: 0.9 | L56: 0.9 | M56: 0.9 | N56: 0.9 | O56: 0.9 | P56: 0.9 | Q56: 0.9 | R56: 0.9 | S56: 0.9 | T56: 0.9 | U56: 0.9 | V56: 0.9 | W56: 0.9 | X56: 0.9 | Y56: 0.9 | Z56: 0.9 | AA56: 0.9 | AB56: 0.9 | AC56: 0.9
E57: Saturday | F57: 0.9 | G57: 0.9 | H57: 0.9 | I57: 0.9 | J57: 0.9 | K57: 0.9 | L57: 0.9 | M57: 0.9 | N57: 0.9 | O57: 0.9 | P57: 0.9 | Q57: 0.9 | R57: 0.9 | S57: 0.9 | T57: 0.9 | U57: 0.9 | V57: 0.9 | W57: 0.9 | X57: 0.9 | Y57: 0.9 | Z57: 0.9 | AA57: 0.9 | AB57: 0.9 | AC57: 0.9
E58: Sunday | F58: 0.9 | G58: 0.9 | H58: 0.9 | I58: 0.9 | J58: 0.9 | K58: 0.9 | L58: 0.9 | M58: 0.9 | N58: 0.9 | O58: 0.9 | P58: 0.9 | Q58: 0.9 | R58: 0.9 | S58: 0.9 | T58: 0.9 | U58: 0.9 | V58: 0.9 | W58: 0.9 | X58: 0.9 | Y58: 0.9 | Z58: 0.9 | AA58: 0.9 | AB58: 0.9 | AC58: 0.9
A59: Kitchen | B59: Kitchen | C59: GasEquipment | D59: T24 2022 - Appendix 5.4B, [Restaurant] Updated based on the equipment schedule from the plug load and schedule project with CEC | E59: Weekday | F59: 0.5 | G59: 0 | H59: 0 | I59: 0 | J59: 0 | K59: 0 | L59: 0.5 | M59: 0.9 | N59: 0.9 | O59: 0.9 | P59: 0.9 | Q59: 0.9 | R59: 0.9 | S59: 0.9 | T59: 0.75 | U59: 0.75 | V59: 0.75 | W59: 0.9 | X59: 0.9 | Y59: 0.9 | Z59: 0.9 | AA59: 0.75 | AB59: 0.5 | AC59: 0.5
E60: Saturday | F60: 0.5 | G60: 0 | H60: 0 | I60: 0 | J60: 0 | K60: 0 | L60: 0.5 | M60: 0.9 | N60: 0.9 | O60: 0.9 | P60: 0.9 | Q60: 0.9 | R60: 0.9 | S60: 0.9 | T60: 0.75 | U60: 0.75 | V60: 0.75 | W60: 0.9 | X60: 0.9 | Y60: 0.9 | Z60: 0.9 | AA60: 0.75 | AB60: 0.75 | AC60: 0.5
E61: Sunday | F61: 0.5 | G61: 0 | H61: 0 | I61: 0 | J61: 0 | K61: 0 | L61: 0.5 | M61: 0.9 | N61: 0.9 | O61: 0.9 | P61: 0.9 | Q61: 0.9 | R61: 0.9 | S61: 0.9 | T61: 0.75 | U61: 0.75 | V61: 0.75 | W61: 0.9 | X61: 0.9 | Y61: 0.9 | Z61: 0.9 | AA61: 0.75 | AB61: 0.5 | AC61: 0.5
A62: =A56 -> Kitchen | B62: =B56 -> Kitchen | C62: HtgSetpt | D62: Thermostat Setpoints of PNNL 09.1, 2022 Restaurant prototype and HVAC availability schedule of CEC Restaurant prototype | E62: Weekday | F62: =IF(F41=1,Thermostat!$C$7,Thermostat!$C$8) -> 66 | G62: =IF(G41=1,Thermostat!$C$7,Thermostat!$C$8) -> 60 | H62: =IF(H41=1,Thermostat!$C$7,Thermostat!$C$8) -> 60 | I62: =IF(I41=1,Thermostat!$C$7,Thermostat!$C$8) -> 60 | J62: =IF(J41=1,Thermostat!$C$7,Thermostat!$C$8) -> 66 | K62: =IF(K41=1,Thermostat!$C$7,Thermostat!$C$8) -> 66 | L62: =IF(L41=1,Thermostat!$C$7,Thermostat!$C$8) -> 66 | M62: =IF(M41=1,Thermostat!$C$7,Thermostat!$C$8) -> 66 | ... AC62: =IF(AC41=1,Thermostat!$C$7,Thermostat!$C$8) -> 66
E63: Saturday | F63: =IF(F42=1,Thermostat!$C$7,Thermostat!$C$8) -> 66 | G63: =IF(G42=1,Thermostat!$C$7,Thermostat!$C$8) -> 60 | H63: =IF(H42=1,Thermostat!$C$7,Thermostat!$C$8) -> 60 | I63: =IF(I42=1,Thermostat!$C$7,Thermostat!$C$8) -> 60 | J63: =IF(J42=1,Thermostat!$C$7,Thermostat!$C$8) -> 60 | K63: =IF(K42=1,Thermostat!$C$7,Thermostat!$C$8) -> 66 | L63: =IF(L42=1,Thermostat!$C$7,Thermostat!$C$8) -> 66 | M63: =IF(M42=1,Thermostat!$C$7,Thermostat!$C$8) -> 66 | ... AC63: =IF(AC42=1,Thermostat!$C$7,Thermostat!$C$8) -> 66
E64: Sunday | F64: =IF(F43=1,Thermostat!$C$7,Thermostat!$C$8) -> 66 | G64: =IF(G43=1,Thermostat!$C$7,Thermostat!$C$8) -> 60 | H64: =IF(H43=1,Thermostat!$C$7,Thermostat!$C$8) -> 60 | I64: =IF(I43=1,Thermostat!$C$7,Thermostat!$C$8) -> 60 | J64: =IF(J43=1,Thermostat!$C$7,Thermostat!$C$8) -> 60 | K64: =IF(K43=1,Thermostat!$C$7,Thermostat!$C$8) -> 66 | L64: =IF(L43=1,Thermostat!$C$7,Thermostat!$C$8) -> 66 | M64: =IF(M43=1,Thermostat!$C$7,Thermostat!$C$8) -> 66 | ... AC64: =IF(AC43=1,Thermostat!$C$7,Thermostat!$C$8) -> 66
A65: =A59 -> Kitchen | B65: =B59 -> Kitchen | C65: ClgSetpt | D65: Thermostat Setpoints of PNNL 09.1, 2022 Restaurant prototype and HVAC availability schedule of CEC Restaurant prototype | E65: Weekday | F65: =IF(F41=1,Thermostat!$C$9,Thermostat!$C$10) -> 79 | G65: =IF(G41=1,Thermostat!$C$9,Thermostat!$C$10) -> 86 | H65: =IF(H41=1,Thermostat!$C$9,Thermostat!$C$10) -> 86 | I65: =IF(I41=1,Thermostat!$C$9,Thermostat!$C$10) -> 86 | J65: =IF(J41=1,Thermostat!$C$9,Thermostat!$C$10) -> 79 | K65: =IF(K41=1,Thermostat!$C$9,Thermostat!$C$10) -> 79 | L65: =IF(L41=1,Thermostat!$C$9,Thermostat!$C$10) -> 79 | M65: =IF(M41=1,Thermostat!$C$9,Thermostat!$C$10) -> 79 | ... AC65: =IF(AC41=1,Thermostat!$C$9,Thermostat!$C$10) -> 79
E66: Saturday | F66: =IF(F42=1,Thermostat!$C$9,Thermostat!$C$10) -> 79 | G66: =IF(G42=1,Thermostat!$C$9,Thermostat!$C$10) -> 86 | H66: =IF(H42=1,Thermostat!$C$9,Thermostat!$C$10) -> 86 | I66: =IF(I42=1,Thermostat!$C$9,Thermostat!$C$10) -> 86 | J66: =IF(J42=1,Thermostat!$C$9,Thermostat!$C$10) -> 86 | K66: =IF(K42=1,Thermostat!$C$9,Thermostat!$C$10) -> 79 | L66: =IF(L42=1,Thermostat!$C$9,Thermostat!$C$10) -> 79 | M66: =IF(M42=1,Thermostat!$C$9,Thermostat!$C$10) -> 79 | ... AC66: =IF(AC42=1,Thermostat!$C$9,Thermostat!$C$10) -> 79
E67: Sunday | F67: =IF(F43=1,Thermostat!$C$9,Thermostat!$C$10) -> 79 | G67: =IF(G43=1,Thermostat!$C$9,Thermostat!$C$10) -> 86 | H67: =IF(H43=1,Thermostat!$C$9,Thermostat!$C$10) -> 86 | I67: =IF(I43=1,Thermostat!$C$9,Thermostat!$C$10) -> 86 | J67: =IF(J43=1,Thermostat!$C$9,Thermostat!$C$10) -> 86 | K67: =IF(K43=1,Thermostat!$C$9,Thermostat!$C$10) -> 79 | L67: =IF(L43=1,Thermostat!$C$9,Thermostat!$C$10) -> 79 | M67: =IF(M43=1,Thermostat!$C$9,Thermostat!$C$10) -> 79 | ... AC67: =IF(AC43=1,Thermostat!$C$9,Thermostat!$C$10) -> 79
A68: Other
B69: Building | C69: ExtLightingNonMotionCtrl | E69: Weekday | F69: 1 | G69: 1 | H69: 1 | I69: 1 | J69: 1 | K69: 1 | L69: 1 | M69: 1 | N69: 1 | O69: 1 | P69: 1 | Q69: 1 | R69: 1 | S69: 1 | T69: 1 | U69: 1 | V69: 1 | W69: 1 | X69: 1 | Y69: 1 | Z69: 1 | AA69: 1 | AB69: 1 | AC69: 1
E70: Saturday | F70: 1 | G70: 1 | H70: 1 | I70: 1 | J70: 1 | K70: 1 | L70: 1 | M70: 1 | N70: 1 | O70: 1 | P70: 1 | Q70: 1 | R70: 1 | S70: 1 | T70: 1 | U70: 1 | V70: 1 | W70: 1 | X70: 1 | Y70: 1 | Z70: 1 | AA70: 1 | AB70: 1 | AC70: 1
E71: Sunday | F71: 1 | G71: 1 | H71: 1 | I71: 1 | J71: 1 | K71: 1 | L71: 1 | M71: 1 | N71: 1 | O71: 1 | P71: 1 | Q71: 1 | R71: 1 | S71: 1 | T71: 1 | U71: 1 | V71: 1 | W71: 1 | X71: 1 | Y71: 1 | Z71: 1 | AA71: 1 | AB71: 1 | AC71: 1
B72: Building | C72: ExtLightingMotionCtrl | E72: Weekday | F72: 0 | G72: 0 | H72: 0 | I72: 0 | J72: 0 | K72: 1 | L72: 1 | M72: 1 | N72: 1 | O72: 1 | P72: 1 | Q72: 1 | R72: 1 | S72: 1 | T72: 1 | U72: 1 | V72: 1 | W72: 1 | X72: 1 | Y72: 1 | Z72: 1 | AA72: 1 | AB72: 0 | AC72: 0
E73: Saturday | F73: 0 | G73: 0 | H73: 0 | I73: 0 | J73: 0 | K73: 1 | L73: 1 | M73: 1 | N73: 1 | O73: 1 | P73: 1 | Q73: 1 | R73: 1 | S73: 1 | T73: 1 | U73: 1 | V73: 1 | W73: 1 | X73: 1 | Y73: 1 | Z73: 1 | AA73: 1 | AB73: 1 | AC73: 1
E74: Sunday | F74: 0 | G74: 0 | H74: 0 | I74: 0 | J74: 0 | K74: 1 | L74: 1 | M74: 1 | N74: 1 | O74: 1 | P74: 1 | Q74: 1 | R74: 1 | S74: 1 | T74: 1 | U74: 1 | V74: 1 | W74: 1 | X74: 1 | Y74: 1 | Z74: 1 | AA74: 1 | AB74: 1 | AC74: 1
A75: Dining | B75: Building | C75: DiningAreaPeopleActivityLevel | D75: Based on Activity level schedules in CEC Prototypes and assumed spaces for Basement | E75: Weekday | F75: 161.2 | G75: 161.2 | H75: 161.2 | I75: 161.2 | J75: 161.2 | K75: 161.2 | L75: 161.2 | M75: 161.2 | N75: 161.2 | O75: 161.2 | P75: 161.2 | Q75: 161.2 | R75: 161.2 | S75: 161.2 | T75: 161.2 | U75: 161.2 | V75: 161.2 | W75: 161.2 | X75: 161.2 | Y75: 161.2 | Z75: 161.2 | AA75: 161.2 | AB75: 161.2 | AC75: 161.2
E76: Saturday | F76: 161.2 | G76: 161.2 | H76: 161.2 | I76: 161.2 | J76: 161.2 | K76: 161.2 | L76: 161.2 | M76: 161.2 | N76: 161.2 | O76: 161.2 | P76: 161.2 | Q76: 161.2 | R76: 161.2 | S76: 161.2 | T76: 161.2 | U76: 161.2 | V76: 161.2 | W76: 161.2 | X76: 161.2 | Y76: 161.2 | Z76: 161.2 | AA76: 161.2 | AB76: 161.2 | AC76: 161.2
E77: Sunday | F77: 161.2 | G77: 161.2 | H77: 161.2 | I77: 161.2 | J77: 161.2 | K77: 161.2 | L77: 161.2 | M77: 161.2 | N77: 161.2 | O77: 161.2 | P77: 161.2 | Q77: 161.2 | R77: 161.2 | S77: 161.2 | T77: 161.2 | U77: 161.2 | V77: 161.2 | W77: 161.2 | X77: 161.2 | Y77: 161.2 | Z77: 161.2 | AA77: 161.2 | AB77: 161.2 | AC77: 161.2
A78: Kitchen | B78: Building | C78: KitchenPeopleActivityLevel | D78: Based on Activity level schedules in CEC Prototypes and assumed spaces for Basement | E78: Weekday | F78: 219.8 | G78: 219.8 | H78: 219.8 | I78: 219.8 | J78: 219.8 | K78: 219.8 | L78: 219.8 | M78: 219.8 | N78: 219.8 | O78: 219.8 | P78: 219.8 | Q78: 219.8 | R78: 219.8 | S78: 219.8 | T78: 219.8 | U78: 219.8 | V78: 219.8 | W78: 219.8 | X78: 219.8 | Y78: 219.8 | Z78: 219.8 | AA78: 219.8 | AB78: 219.8 | AC78: 219.8
E79: Saturday | F79: 219.8 | G79: 219.8 | H79: 219.8 | I79: 219.8 | J79: 219.8 | K79: 219.8 | L79: 219.8 | M79: 219.8 | N79: 219.8 | O79: 219.8 | P79: 219.8 | Q79: 219.8 | R79: 219.8 | S79: 219.8 | T79: 219.8 | U79: 219.8 | V79: 219.8 | W79: 219.8 | X79: 219.8 | Y79: 219.8 | Z79: 219.8 | AA79: 219.8 | AB79: 219.8 | AC79: 219.8
E80: Sunday | F80: 219.8 | G80: 219.8 | H80: 219.8 | I80: 219.8 | J80: 219.8 | K80: 219.8 | L80: 219.8 | M80: 219.8 | N80: 219.8 | O80: 219.8 | P80: 219.8 | Q80: 219.8 | R80: 219.8 | S80: 219.8 | T80: 219.8 | U80: 219.8 | V80: 219.8 | W80: 219.8 | X80: 219.8 | Y80: 219.8 | Z80: 219.8 | AA80: 219.8 | AB80: 219.8 | AC80: 219.8
A91: Background Data [To be deleted prior to publication]
A93: HVAC Operating Hour
A94: Period | B94: Hour | C94: Weekdays Multiplier | E94: Saturday | F94: Sunday
A95: 12:00 am - 6:00 am | B95: 6 | D95: 0
A96: 6:00 am -7:00 am | B96: 1 | C96: 20% capcaity | D96: 0.2
A97: 7:00 am - 8:00 am | B97: 1 | C97: 70% Capacity | D97: 0.7
A98: 8:00 am - 17:00 pm | B98: 9 | C98: Full capacity | D98: 1
A99: 17:00 pm - 18:00 pm | B99: 1 | C99: 70% Capacity | D99: 0.7
A100: 18:00 pm - 19:00 pm | B100: 1 | C100: 50% capacity | D100: 0.5
A101: 19:00 pm - 20:00 pm | B101: 1 | C101: 20% capcaity | D101: 0.3
A102: 20:00 pm - 22:00 pm | B102: 2 | C102: 20% capcaity | D102: 0.2
A103: 22:00 pm - 12:00 am | B103: 2 | D103: 0
D104: =SUMPRODUCT(D96:D102,B96:B102) -> 11.8 | E104: =(Schedules!E109-D104*249)/(52*2+11) -> 3.026702 | F104: 0
A107: CEUS 2022 data
A109: Total Weighted Average Annual Operating Hours | D109: Office, Small | E109: 3286.2707 | G109: Working day | H109: =52*5-11 -> 249
A110: Weighted Average Operating Hours Per Day | D110: Office, Small | E110: 9.0034814
A111: Weighted average operating hours per working day (assuming zero load for weekends) | D111: Office, Small | E111: =E109/H109 -> 13.197874
A114: Operating Hours Per Day (in 4-hrs bin) By Planning Area & Forecast Zone
A115: Calculation Method | B115: Statewide/ Utility/ FCZ | C115: Building Type | D115: 0< X <=4 | E115: 4< X <=8 | F115: 8< X <=12 | G115: 12< X <=16 | H115: 16< X <=20 | I115: 20<= X <24 | J115: 24 Hrs/Day | K115: Not Available | L115: Total | M115: ← Operating Hours Per Day
A116: Floorspace-Based | B116: Statewide | C116: Office, Small | D116: 0.0092199273 | E116: 0.37041761 | F116: 0.52762779 | G116: 0.050098237 | H116: 0.011767082 | I116: 0.0056645949 | J116: 0.0067988415 | K116: 0.018405914 | L116: 1
...

Sheet Weights
A1: ="% of Floor Area per CZ and Vintage Bin - Restaurant" -> % of Floor Area per CZ and Vintage Bin - Restaurant | J1: ="% of Floor Area per CZ and Vintage Bin - Restaurant" -> % of Floor Area per CZ and Vintage Bin - Restaurant
A2: Prototype | B2: CZ | C2: Vintage Bin | J2: Prototype | K2: Vintage Bin | L2: CZ
C3: Pre-1978 | D3: 1978-1997 | E3: 1998-2007 | F3: 2008-2018 | G3: Not available | L3: 1 | M3: 2 | N3: 3 | O3: 4 | P3: 5 | Q3: 6 | R3: 7 | S3: 8 | T3: 9 | U3: 10 | V3: 11 | W3: 12 | X3: 13 | Y3: 14 | Z3: 15 | AA3: 16
A4: Restaurant | B4: 1 | C4: 0.3775336 | D4: 0.3527128 | E4: 0.1522556 | F4: 0.117498 | H4: =SUM(C4:F4) -> 1 | J4: Restaurant | K4: Pre-1978 | L4: 0.008903 | M4: 0.023602 | N4: 0.103035 | O4: 0.05425 | P4: 0.008607 | Q4: 0.085982 | R4: 0.040126 | S4: 0.144409 | T4: 0.213625 | U4: 0.050506 | V4: 0.0282 | W4: 0.113003 | X4: 0.033252 | Y4: 0.019747 | Z4: 0.020094 | AA4: 0.05266 | AB4: 1.000001
B5: 2 | C5: 0.5363668 | D5: 0.3195725 | E5: 0.0856859 | F5: 0.0583749 | H5: =SUM(C5:F5) -> 1.0000001 | K5: 1978-1997 | L5: 0.009071 | M5: 0.015337 | N5: 0.068729 | O5: 0.035491 | P5: 0.00683 | Q5: 0.070438 | R5: 0.049234 | S5: 0.086548 | T5: 0.155668 | U5: 0.115924 | V5: 0.026335 | W5: 0.126404 | X5: 0.042785 | Y5: 0.024534 | Z5: 0.066008 | AA5: 0.100664 | AB5: 1
B6: 3 | C6: 0.506098 | D6: 0.309539 | E6: 0.1296462 | F6: 0.0547169 | H6: =SUM(C6:F6) -> 1.0000001 | K6: 1998-2007 | L6: 0.010981 | M6: 0.011531 | N6: 0.080721 | O6: 0.039546 | P6: 0.011198 | Q6: 0.039256 | R6: 0.030136 | S6: 0.066119 | T6: 0.082393 | U6: 0.110919 | V6: 0.045296 | W6: 0.202293 | X6: 0.057915 | Y6: 0.026739 | Z6: 0.057224 | AA6: 0.127732 | AB6: 0.999999
B7: 4 | C7: 0.5150057 | D7: 0.3089331 | E7: 0.1227552 | F7: 0.053306 | H7: =SUM(C7:F7) -> 1 | K7: 2008-2018 | L7: 0.015402 | M7: 0.014278 | N7: 0.06192 | O7: 0.031212 | P7: 0.006568 | Q7: 0.03866 | R7: 0.034413 | S7: 0.069059 | T7: 0.073752 | U7: 0.104492 | V7: 0.044385 | W7: 0.206736 | X7: 0.085815 | Y7: 0.023558 | Z7: 0.064837 | AA7: 0.124913 | AB7: 1
B8: 5 | C8: 0.4366293 | D8: 0.3176825 | E8: 0.1857512 | F8: 0.0599371 | H8: =SUM(C8:F8) -> 1.0000001
B9: 6 | C9: 0.5047122 | D9: 0.3791136 | E9: 0.075348 | F9: 0.0408263 | H9: =SUM(C9:F9) -> 1.0000001 | K9: Total | L9: 0.009729 | M9: 0.018155 | N9: 0.083995 | O9: 0.04346 | P9: 0.008133 | Q9: 0.070286 | R9: 0.0418 | S9: 0.106366 | T9: 0.163614 | U9: 0.08741 | V9: 0.031002 | W9: 0.137076 | X9: 0.044087 | Y9: 0.022784 | Z9: 0.045793 | AA9: 0.08631 | AB9: 1
B10: 7 | C10: 0.396058 | D10: 0.4455738 | E10: 0.0972611 | F10: 0.0611071 | H10: =SUM(C10:F10) -> 1
B11: 8 | C11: 0.5601389 | D11: 0.3078106 | E11: 0.08386 | F11: 0.0481904 | H11: =SUM(C11:F11) -> 0.9999999
B12: 9 | C12: 0.5386844 | D12: 0.3599218 | E12: 0.0679361 | F12: 0.0334577 | H12: =SUM(C12:F12) -> 1
B13: 10 | C13: 0.2383874 | D13: 0.5016956 | E13: 0.1711883 | F13: 0.0887287 | H13: =SUM(C13:F13) -> 1
B14: 11 | C14: 0.375288 | D14: 0.3213443 | E14: 0.1971031 | F14: 0.1062646 | H14: =SUM(C14:F14) -> 1
B15: 12 | C15: 0.3401209 | D15: 0.3488442 | E15: 0.1990909 | F15: 0.111944 | H15: =SUM(C15:F15) -> 1
B16: 13 | C16: 0.3111801 | D16: 0.3671234 | E16: 0.1772189 | F16: 0.1444776 | H16: =SUM(C16:F16) -> 1
B17: 14 | C17: 0.3575808 | D17: 0.4073506 | E17: 0.1583228 | F17: 0.0767459 | H17: =SUM(C17:F17) -> 1.0000001
B18: 15 | C18: 0.1810389 | D18: 0.5452886 | E18: 0.1685812 | F18: 0.1050913 | H18: =SUM(C18:F18) -> 1
B19: 16 | C19: 0.2517216 | D19: 0.441207 | E19: 0.1996504 | F19: 0.107421 | H19: =SUM(C19:F19) -> 1
B20: Statewide | C20: 0.4125762 | D20: 0.3782944 | E20: 0.1349055 | F20: 0.0742239 | H20: =SUM(C20:F20) -> 1
A22: Ref: CEUS 2022 dataset: Restaurant group
A23: And converted FZ level data to CZ level
A29: Background Data [To be deleted prior to publication]

Sheet EV Charger
A1: ="EV Charger - "&Prototype!A2 -> EV Charger - RestaurantFastFood
A2: TBD

Sheet PV
A1: ="PV - "&Prototype!A2 -> PV - RestaurantFastFood
A2: TBD

Sheet Data
A1: Space Function | B1: Electric Equipment Load Intensity | C1: Electric Equipment Load Intensity | D1: LPD
A2: Aging Eye/Low-vision (Corridor Area) | D2: 2013 | E2: 2016 | F2: 2019 | G2: 2025
A3: Aging Eye/Low-vision (Dining)
A4: Aging Eye/Low-vision (Lobby, Main Entry)
A5: Aging Eye/Low-vision (Lounge/Waiting Area)
A6: Aging Eye/Low-vision (Multipurpose Room)
A7: Aging Eye/Low-vision (Religious Worship Area)
A8: Aging Eye/Low-vision (Restroom)
A9: Aging Eye/Low-vision (Stairwell)
A10: Audience Seating Area
A11: Auditorium Area
A12: Auto Repair / Maintenance Area
A13: Barber, Beauty Salon, Spa Area
A14: Civic Meeting Place Area
... A83: Server Room (EPD 45)
