Workbook
Name nonparticipating_forecastzone_scale_factor: #REF!
Name nonparticipating_forecastzone_scale_factor: #REF!
Name nonparticipating_forecastzone_scale_factor: 'Energy Usage'!#REF!
Name Space_Function: Data!$A$2:$A$76

Sheet Notes
A1: Data Sources
A2: Dataset | B2: Dodge 2023
B3: CEUS 2022
B4: CBECS 2018
B5: ComStock 2023
A6: Prototype | B6: CEC prototype (CBECC 2022.3.1) | C6: https://bees.noresco.com/software2022.html
B7: PNNL prototype (90.1-2022) | C7: https://www.energycodes.gov/prototype-building-models#Commercial
B8: DEER prototype (June 2023) | C8: https://github.com/sound-data/DEER-Prototypes-EnergyPlus
A10: Codes | B10: Title 24, part 6, referred to as T24 (1986, 1992, 2001, 2007, 2013, 2016, 2019, 2022, 2025)
B11: ASHRAE 90.1 (2022)
A13: Others | B13: ACM (2013, 2019, 2022, 2025)
B14: Title 24, 2022 - Appendix 5.4A and Appendix 5.4B | C14: https://www.energy.ca.gov/publications/2022/2022-nonresidential-and-multifamily-alternative-calculation-method-reference
B15: 2022 Reduced infiltration CASE report | C15: https://title24stakeholders.com/wp-content/uploads/2020/10/2022-T24-Final-CASE-Report_Reduce-Infiltration.pdf
B16: 2019 Outdoor Lighting CASE Report | C16: https://title24stakeholders.com/wp-content/uploads/2016/10/T24-2019-CASE-Study-Results-Report-Outdoor-Sources_Final_with-Attachments.pdf
B17: PNNL 20405, 2011 | C17: https://www.pnnl.gov/main/publications/external/technical_reports/PNNL-20405.pdf
B18: Air leakage Memo, NORESCO, 2025 | C18: https://2050partners.sharepoint.com/:w:/r/sites/CalBEMCollaborativeEfforts/_layouts/15/Doc.aspx?sourcedoc=%7B3BEF8F74-7FAC-44F2-A70C-D76617660066%7D&file=Infiltration_rate_report_14May2025-Short-Version.docx&action=default&mobileredirect=true
B19: Design Guide: Advanced Water Heating for Foodservice (2022) (by GTI and Frontier funded by SoCalGas and Pacific Gas and Electric Company | C19: https://caenergywise.com/design-guides/hot-water/Technical_Design_Guide.pdf
B20: Design Guide 1: Improving Commercial Kitchen Ventilation System Performance : Selecting & Sizing Exhaust Hoods referred as CKV (2004) (by SCE) | C20: https://www.streivor.com/wp-content/uploads/2020/11/CKV-Design-Guide-1-Selecting-and-Sizing-Exhaust-Hoods.pdf
B21: Proposed Updates to Equipment Power Densities and Building Schedules for the 2028 Energy Code, referred to as "Plug load and schedules project with CEC, 2025" (Docket Number =25-BSTD-03 & TN=265693) | C21: https://efiling.energy.ca.gov/GetDocument.aspx?tn=265693&DocumentContentId=102545
A22: Water Heater | B22: ENERGY STAR certified commercial water heaters (gas storage input ≥76 kBtu/h; ES tank sizes) | C22: =HYPERLINK("https://www.energystar.gov/productfinder/product/certified-commercial-water-heaters/results?fuel_filter=Gas&markets_filter=United+States","ENERGY STAR product finder — gas") -> ENERGY STAR product finder — gas
B23: ENERGY STAR commercial WH dataset (download) | C23: =HYPERLINK("https://data.energystar.gov/Active-Specifications/ENERGY-STAR-Certified-Commercial-Water-Heaters/xmq6-bm79","ENERGY STAR dataset xmq6-bm79") -> ENERGY STAR dataset xmq6-bm79
B24: ENERGY STAR commercial WH eligibility (gas storage >75 kBtu/h) | C24: =HYPERLINK("https://www.energystar.gov/products/water_heaters/commercial_water_heaters/key_product_criteria","ENERGY STAR key product criteria") -> ENERGY STAR key product criteria
B25: Grainger gas tank water heaters (sizes below ES commercial, e.g. 30–75 kBtu/h) | C25: =HYPERLINK("https://www.grainger.com/category/plumbing/water-heaters/gas-tank-water-heaters","Grainger — gas tank WH") -> Grainger — gas tank WH
B26: Grainger electric tank water heaters (kW ladder, tank gallons) | C26: =HYPERLINK("https://www.grainger.com/category/plumbing/water-heaters/electric-tank-water-heaters","Grainger — electric tank WH") -> Grainger — electric tank WH
B27: ES commercial electric = heat pumps only; not used for resistance tank list | C27: =HYPERLINK("https://www.energystar.gov/productfinder/product/certified-commercial-water-heaters/results?fuel_filter=Electric&markets_filter=United+States","ENERGY STAR — electric (HPWH)") -> ENERGY STAR — electric (HPWH)
A36: Notes
A40: EIS, 2018: | B40: U.S. Energy Information Administration - EIA - Independent Statistics and Analysis
A71: Dodge Construction data , 2023

Sheet Prototype
A1: NORESCO, Updated September 2026
A2: RestaurantSitDown
A3: Characteristic | B3: Value | C3: Data Sources
A4: Building Type | B4: Sit Down Restaurant
A5: Building Category | B5: Nonresidential
A6: Vintages | B6: 4 Vintages: Pre-1978 , 1978-1997 ,1998-2007 , 2008-2018 New Construction (2019+) | C6: Based on the vintage bin analysis. A summary of the findings is presented in the following paper, with a link provided in the Notes tab: Yousefi, F., Athalye, R. (2025). “Determining Vintage Bins for Prototype Development: An Analysis of California Commercial Buildings.” ASHRAE Annual Conference.
A7: Shape | C7: PNNL prototype, 2022
A8: Total Floor Area (ft²) | B8: 5,502.1 (74.18 ft * 74.18 ft) | C8: PNNL prototype, 2022
A9: Aspect Ratio | B9: 1 | C9: PNNL prototype, 2022
A10: Number of Floors | B10: 1 | C10: PNNL prototype, 2022
A11: Roof type | B11: Attic (17°) | C11: PNNL prototype, 2022, suppoerted by CBECS 2018
A12: WWR | B12: Average 17.11% (South: 28% , East: 20.22% ,North: 0% ,West: 20.22% | C12: PNNL prototype, 2022
A13: Shading Geometry | B13: No shades | C13: PNNL prototype, 2021
A14: Floor to floor height (ft) | B14: N/A | C14: PNNL prototype, 2022
A15: Floor to ceiling height (ft) | B15: 10 | C15: PNNL prototype, 2022
A16: Glazing sill height (ft) | B16: 3.5 (top of the window is 6.5 ft high with 3 ft high glass) | C16: PNNL prototype, 2022
A22: Background Data [To be deleted prior to publication]
A24: Kitchen height: 10 ft
A25: https://www.naksinc.com/ceiling-height-and-cooking-equipment-specifications-for-hoods-an-in-depth-look/
A27: Existing public prototypes
C28: PNNL (Sit down) | D28: CPUC (Sit down) | F28: CEC (Small Restaurant)
A29: Geometry | B29: Whole building
A30: Floor area (ft²) | B30: Total | C30: 5502 | D30: 5602 | F30: 2500
A31: Height (ft) | B31: All | C31: 10 | D31: 10 | F31: 10
A32: Zones | C32: Dining 73% (4001.46 ft2), Kitchen 27% (1500.54 ft2), Attic (NOT conditioned) | D32: Dining 54% , Kitchen 29% , Waiting Area 14% , Restroom 4% (200 sf) | F32: Dining 50% , Kitchen 50%, Attic (NOT conditioned)
A33: Internal Load
A34: People (person/ft²) | B34: Dining | C34: 0.07 | D34: 0.033 | F34: 0.033
B35: Kitchen | C35: 0.005 (7.5 People) | D35: 0.0025 | F35: 0.0025
B36: Other zones (if any) | D36: 0.0033 Lobby & 0.005 Restroom | F36: -
A37: Lights (W/ft²) | B37: Dining | C37: 0.48 | D37: 0.4 | F37: 0.45
B38: Kitchen | C38: 0.78 | D38: 0.95 | F38: 0.95
B39: Other zones (if any) | D39: 0.7 Lobby & 0.65 Restroom
A40: Ext lights (W) | C40: 1509 (204 and 1305) | F40: -
A41: Gas Equipment (Btu/h-ft2) | B41: Kitchen | C41: 194.7 (292,164 Btu/h) | D41: 17.5 | F41: 32.4
A42: Electric Equipment (W/ft²) | B42: Dining | C42: 5.7 (22833 W) | D42: 0.5 | F42: 0.75 (0.5 receptacle & 0.25 refrigerator )
B43: Kitchen | C43: 35.91 (53,277 W Receptacle & 313 W ReachIn Refrigerator & 277 W ReachInFreezer) | D43: 2.62 (1.5 receptacle & 1.12 refrigerator) | F43: 2.62 (1.5 receptacle & 1.12 refrigerator)
B44: Other zones (if any) | D44: 0.5 Lobby
A46: Refrigerator | B46: Kitchen | C46: In addition to the Reachin freezer and refrigerator load defined as electric load, it has : 2 Case refrigerator : 716 and 763 Btu/hr-ft for 8 and 10 ft cases 2.5 COP for design compressor rack 1126 Btu/h for fan power of design compressor | D46: Refrigerator loads are defined as electric equipment load for kitchen | F46: Two Refrigerator loads are defined as electric equipment load for dining and kitchen
A48: Heating Sizing Factor | C48: H&C: 1.2 | D48: H: 2.5 , C: 2.3 | F48: H&C:1
A49: HVAC | B49: Dining | C49: PSZ AC: CAV no reheat, DX cooling coil: multi speed, Gas heating coil | D49: Single Zone VAV Reheat (Sys7)+ 1 DX cooling coil:multi speed + 1 water heating coil (+ 1 water heating coil for Reheat) Boiler (2 objects) | F49: (BaseAirSys 13): VAV no Reheat +DX cooling coil:two speed, Gas Heating coil
B50: Kitchen | C50: PSZ AC : CAV no reheat, DX cooling coil: multi speed, Gas heating coil | D50: Single Zone VAV no Reheat + 1 DX cooling coil:single speed + Gas heating coil | F50: (sys7or3a): CAV no Reheat+DX cooling coil: single speed+ Gas Heating coil
B51: Other zones (if any) | D51: Lobby & Restroom: Single Zone VAV no Reheat + 2 DX cooling coil:multi speed + 2 Gas heating coil
A52: Exhaust Fan (cfm) | B52: Dining | C52: 2821 cfm with efficiency of 1
B53: Kitchen | C53: 5400 cfm with efficiency of 0.385 | F53: 2400 cfm with efficiency of 0.43)
A54: Thermostat setpoint (F) | B54: Dining Heating | C54: 70 (setback: 60) | D54: 70 (setback: 60) | F54: 70 (setback: 60)
B55: Dining Cooling | C55: 75 (setback: 86) | D55: 75 (setback: 85) | F55: 75 (setback: 85)
B56: Kitchen Heating | C56: 66 (setback: 60) | D56: 70 (setback: 60) | F56: 70 (setback: 60)
B57: Kitchen Cooling | C57: 79 (setback: 86) | D57: 75 (setback: 85) | F57: 75 (setback: 85)
A58: Water Heater
A59: Tank Volume (gal | C59: 200 (+ 6 gal electric booster water heater) | D59: Autosize (Nominal tank volume for autosizing: 39.6) Output file :69 gal | F59: 30
A60: Peak Flow Rate (gpm) | B60: Dining | C60: - | D60: 1.93 | F60: 0.4
B61: Kitchen | C61: 2.2 | D61: 0.077 | F61: 0.03
B62: Other zones (if any) | D62: 0.08 Lobby
A63: Loop Max and Min Temperature (F) | C63: 140, 50 | D63: 212 , 50 | F63: 212, 32
A64: Tank Max Temperature (F) | C64: 180 | D64: 212 | F64: 180
A66: Yealy Water Usage (gal) from the output files | C66: =2201.28*264.17 -> 581512.14 | D66: =1301.55*264.17 -> 343830.46 | F66: 71224
C67: * almost 2.8 time water usage compared to fast food | D67: * almost 3.5 time water usage compared to fast food
A71: ASHRAE DOE
A72: Kitchen loads are included in the EnergyPlus ElectricEquipment and GasEquipment objects

Sheet Zones
A1: ="Proposed Layout - "&Prototype!A2 -> Proposed Layout - RestaurantSitDown
A2: Building | B2: Space/Thermal Zone | C2: Space Type [Primarily from: T24, 2022 Appendix 5.4A] - See Notes column | D2: HVAC Zone | E2: Schedule Category | F2: Conditioned (Y/N) | G2: Area Fraction | H2: Area (ft²) | I2: Volume (ft³) | J2: Multipliers | K2: Number of People | L2: People (Persons/1,000 ft²) [T24, 2025,Table 120.1-A] | M2: Notes | O2: Kitchen (North) , Dining (south)
A3: RestaurantSitDown | B3: Dining | C3: Dining Area (Bar/Lounge and Fine Dining) | D3: AHU_1 | E3: Restaurant | F3: Y | G3: =H3/$H$6 -> 0.7272724 | H3: 4001.46 | I3: =H3*Prototype!$B$15 -> 40014.6 | J3: 1 | K3: =L3*H3/1000 -> 132.04818 | L3: 33
A4: RestaurantSitDown | B4: Kitchen | C4: Kitchen/Food Preparation Area | D4: AHU_2 | E4: Kitchen | F4: Y | G4: =H4/$H$6 -> 0.2727276 | H4: 1500.55 | I4: =H4*Prototype!$B$15 -> 15005.5 | J4: 1 | K4: =L4*H4/1000 -> 4.50165 | L4: 3
A5: RestaurantSitDown | B5: Attic | C5: Attic | D5: n/a | F5: N | H5: =H6 -> 5502.01 | I5: =H5*Prototype!$B$15 -> 55020.1 | J5: 1 | K5: =L5*H5/1000 -> 0
A6: Total (1 Building) | B6: Total (3 Space) | C6: Total (3 space type) | D6: Total ( 2 HVAC Zones) | E6: Total (2 category) | F6: Total (2 Conditioned zones) | G6: =SUM(G3:G4) -> 1 | H6: =SUM(H3:H4) -> 5502.01 | I6: =SUM(I3:I4) -> 55020.1
A19: Background Data [To be deleted prior to publication]

Sheet Envelope
A1: ="Envelope - "&Prototype!A2 -> Envelope - RestaurantSitDown
A2: Element | B2: Prototype | C2: Assembly Type | D2: Construction | E2: Thermal properties | F2: Vintage | G2: Selected T24 | H2: Notes | I2: CZ1 | J2: CZ2 | K2: CZ3 | L2: CZ4 | M2: CZ5 | N2: CZ6 | O2: CZ7 | P2: CZ8 | Q2: CZ9 | R2: CZ10 | S2: CZ11 | T2: CZ12 | U2: CZ13 | V2: CZ14 | W2: CZ15 | X2: CZ16
A3: External Wall | B3: =Prototype!A2 -> RestaurantSitDown | C3: ExtWall_MetalFramed_NonRes | D3: Metal framed wall: stucco + insulation + Metal frame + gypsum board | E3: U-factor IP | F3: Pre 1978 | G3: N/A | H3: Using DOE pre-1980 U-values and a 9.6% cumulative wall renovation rate through 2028, based on the average annual rate from CBECS 2003 and 2012 projected over 48 years. | I3: =I46*(1-$I$47)+I45*$I$47 -> 0.214616 | J3: =J46*(1-$I$47)+J45*$I$47 -> 0.21116 | K3: =K46*(1-$I$47)+K45*$I$47 -> 0.21308 | L3: =L46*(1-$I$47)+L45*$I$47 -> 0.21116 | M3: =M46*(1-$I$47)+M45*$I$47 -> 0.21116 | N3: =N46*(1-$I$47)+N45*$I$47 -> 0.214616 | O3: =O46*(1-$I$47)+O45*$I$47 -> 0.214616 | P3: =P46*(1-$I$47)+P45*$I$47 -> 0.21116 | ... X3: =X46*(1-$I$47)+X45*$I$47 -> 0.21116
F4: 1978-1997 | G4: 1986 | H4: Copied from low-rise office alternative table: Package A with heat capacity of 0.0-3.99 (Btu/F-ft²) | I4: =1/7.52 -> 0.13297872 | J4: =1/7.52 -> 0.13297872 | K4: =1/7.52 -> 0.13297872 | L4: =1/7.52 -> 0.13297872 | M4: =1/7.52 -> 0.13297872 | N4: =1/7.52 -> 0.13297872 | O4: =1/7.52 -> 0.13297872 | P4: =1/7.52 -> 0.13297872 | ... X4: =1/7.52 -> 0.13297872 | Y4: These values have better performance than the next vintage
F5: 1998-2007 | G5: 2001 | H5: Table 1-H | I5: 0.182 | J5: 0.182 | K5: 0.189 | L5: 0.189 | M5: 0.189 | N5: 0.189 | O5: 0.189 | P5: 0.189 | Q5: 0.189 | R5: 0.182 | S5: 0.182 | T5: 0.182 | U5: 0.182 | V5: 0.182 | W5: 0.182 | X5: 0.182
F6: 2008-2018 | G6: 2013 | H6: Table 140.3-B | I6: 0.098 | J6: 0.062 | K6: 0.082 | L6: 0.062 | M6: 0.062 | N6: 0.098 | O6: 0.098 | P6: 0.062 | Q6: 0.062 | R6: 0.062 | S6: 0.062 | T6: 0.062 | U6: 0.062 | V6: 0.062 | W6: 0.062 | X6: 0.062
F7: Existing | H7: Weighted average of all 4 vintages | I7: {=_xlfn.BYCOL(TRANSPOSE(Weights!$C$4:$F$19)*I3:X6,_xlfn.LAMBDA(_xlpm.c,SUM(_xlpm.c)))} -> 0.16715337 | J7: 0.17496963 | K7: 0.17799138 | L7: 0.17633584 | M7: 0.17326673 | N7: 0.17697511 | O7: 0.16862306 | P7: 0.17804854 | Q7: 0.17652484 | R7: 0.15371017 | S7: 0.16443894 | T7: 0.16138386 | U7: 0.15573984 | V7: 0.16324872 | W7: 0.1479374 | X7: 0.15482115
F8: 2019+ | G8: 2025 | H8: Table 140.3-B | I8: 0.06 | J8: 0.055 | K8: 0.071 | L8: 0.055 | M8: 0.055 | N8: 0.06 | O8: 0.06 | P8: 0.055 | Q8: 0.055 | R8: 0.055 | S8: 0.055 | T8: 0.055 | U8: 0.055 | V8: 0.055 | W8: 0.055 | X8: 0.055
A9: Ceiling/Roof | B9: =B3 -> RestaurantSitDown | C9: AtticFloor Reversed | D9: Attic roof (no insulation): asphalt shingles + gypsum board Ceiling (wood-joist): insulation + gypsum board | E9: U-factor IP | F9: Pre 1978 | G9: N/A | H9: Considering 30 years for roof/ insulation replacement. | I9: =I10 -> 0.057 | J9: =J10 -> 0.057 | K9: =K10 -> 0.057 | L9: =L10 -> 0.057 | M9: =M10 -> 0.057 | N9: =N10 -> 0.078 | O9: =O10 -> 0.078 | P9: =P10 -> 0.078 | ... X9: =X10 -> 0.057
F10: 1978-1997 | G10: 1992 | I10: 0.057 | J10: 0.057 | K10: 0.057 | L10: 0.057 | M10: 0.057 | N10: 0.078 | O10: 0.078 | P10: 0.078 | Q10: 0.078 | R10: 0.078 | S10: 0.057 | T10: 0.057 | U10: 0.057 | V10: 0.057 | W10: 0.057 | X10: 0.057
F11: 1998-2007 | G11: 2001 | H11: Table 1-H | I11: 0.057 | J11: 0.057 | K11: 0.057 | L11: 0.057 | M11: 0.057 | N11: 0.078 | O11: 0.078 | P11: 0.078 | Q11: 0.078 | R11: 0.057 | S11: 0.057 | T11: 0.057 | U11: 0.057 | V11: 0.057 | W11: 0.057 | X11: 0.057
F12: 2008-2018 | G12: 2013 | H12: Table 140.3-B (Wood Framed and Other) | I12: 0.049 | J12: 0.039 | K12: 0.039 | L12: 0.039 | M12: 0.049 | N12: 0.075 | O12: 0.067 | P12: 0.067 | Q12: 0.039 | R12: 0.039 | S12: 0.039 | T12: 0.039 | U12: 0.039 | V12: 0.039 | W12: 0.039 | X12: 0.039
F13: Existing | H13: Weighted average of all 4 vintages | I13: {=_xlfn.BYCOL(TRANSPOSE(Weights!$C$4:$F$19)*I9:X12,_xlfn.LAMBDA(_xlpm.c,SUM(_xlpm.c)))} -> 0.056060016 | J13: 0.055949258 | K13: 0.056015102 | L13: 0.056040492 | M13: 0.056520509 | N13: 0.077877529 | O13: 0.077327822 | P13: 0.077469898 | Q13: 0.07669515 | R13: 0.070944626 | S13: 0.055087237 | T13: 0.054985008 | U13: 0.054399403 | V13: 0.05561858 | W13: 0.055108357 | X13: 0.055066422
F14: 2019+ | G14: 2025 | H14: Table 140.3-B (Wood Framed and Other) | I14: 0.028 | J14: 0.028 | K14: 0.028 | L14: 0.028 | M14: 0.028 | N14: 0.047 | O14: 0.047 | P14: 0.047 | Q14: 0.028 | R14: 0.028 | S14: 0.028 | T14: 0.028 | U14: 0.028 | V14: 0.028 | W14: 0.028 | X14: 0.028
A15: Windows | B15: =B3 -> RestaurantSitDown | C15: FixedWindow_NonRes | D15: Single Pane (CBECS 2018, ~ 30 % of windows of Restaurant built before 2000 are single pane) | E15: U-factor IP | F15: Pre 1978 | G15: N/A | H15: 2021 ASHRAE Handbook of Fundamentals for single pane (Table 4- Ch15, Section 15.9) & T24, 2013 Table 140.3-B for double pane (30%-70%) | I15: =0.3*1.12+0.7*I18 -> 0.588 | J15: =0.3*1.12+0.7*J18 -> 0.588 | K15: =0.3*1.12+0.7*K18 -> 0.588 | L15: =0.3*1.12+0.7*L18 -> 0.588 | M15: =0.3*1.12+0.7*M18 -> 0.588 | N15: =0.3*1.12+0.7*N18 -> 0.588 | O15: =0.3*1.12+0.7*O18 -> 0.588 | P15: =0.3*1.12+0.7*P18 -> 0.588 | ... X15: =0.3*1.12+0.7*X18 -> 0.588
F16: 1978-1997 | G16: N/A | I16: =I15 -> 0.588 | J16: =J15 -> 0.588 | K16: =K15 -> 0.588 | L16: =L15 -> 0.588 | M16: =M15 -> 0.588 | N16: =N15 -> 0.588 | O16: =O15 -> 0.588 | P16: =P15 -> 0.588 | ... X16: =X15 -> 0.588 | Y16: These vintages have better performance because of partial retrofit
D17: Double pane | F17: 1998-2007 | G17: 2001 | H17: Table 1-H | I17: 0.49 | J17: 0.49 | K17: 0.81 | L17: 0.81 | M17: 0.81 | N17: 0.81 | O17: 0.81 | P17: 0.81 | Q17: 0.81 | R17: 0.49 | S17: 0.49 | T17: 0.49 | U17: 0.49 | V17: 0.49 | W17: 0.49 | X17: 0.49
F18: 2008-2018 | G18: 2013 | H18: Table 140.3-B | I18: 0.36 | J18: 0.36 | K18: 0.36 | L18: 0.36 | M18: 0.36 | N18: 0.36 | O18: 0.36 | P18: 0.36 | Q18: 0.36 | R18: 0.36 | S18: 0.36 | T18: 0.36 | U18: 0.36 | V18: 0.36 | W18: 0.36 | X18: 0.36
F19: Existing | H19: Weighted average of all 4 vintages | I19: {=_xlfn.BYCOL(TRANSPOSE(Weights!$C$4:$F$19)*I15:X18,_xlfn.LAMBDA(_xlpm.c,SUM(_xlpm.c)))} -> 0.54628941 | J19: 0.56629336 | K19: 0.60430606 | L19: 0.60309789 | M19: 0.61557117 | N19: 0.59541892 | O19: 0.59565955 | P19: 0.59562945 | Q19: 0.59545346 | R19: 0.5509934 | S19: 0.54445557 | T19: 0.54296586 | U19: 0.53769166 | V19: 0.55498636 | W19: 0.54751823 | X19: 0.54394227
F20: 2019+ | G20: 2025 | H20: Table 140.3-B | I20: 0.36 | J20: 0.36 | K20: 0.36 | L20: 0.36 | M20: 0.36 | N20: 0.36 | O20: 0.36 | P20: 0.36 | Q20: 0.34 | R20: 0.36 | S20: 0.34 | T20: 0.34 | U20: 0.34 | V20: 0.34 | W20: 0.34 | X20: 0.36
D21: Single Pane (CBECS 2018, ~ 30 % of windows of Restaurant built before 2000 are single pane) | E21: SHGC | F21: Pre 1978 | G21: N/A | H21: 2021 ASHRAE Handbook of Fundamentals for single pane (Table 10- Ch15, Section 15.22) & T24, 2013 Table 140.3-B for double pane (30%-70%) | I21: =0.79*0.3+I24*0.7 -> 0.412 | J21: =0.79*0.3+J24*0.7 -> 0.412 | K21: =0.79*0.3+K24*0.7 -> 0.412 | L21: =0.79*0.3+L24*0.7 -> 0.412 | M21: =0.79*0.3+M24*0.7 -> 0.412 | N21: =0.79*0.3+N24*0.7 -> 0.412 | O21: =0.79*0.3+O24*0.7 -> 0.412 | P21: =0.79*0.3+P24*0.7 -> 0.412 | ... X21: =0.79*0.3+X24*0.7 -> 0.412
F22: 1978-1997 | G22: N/A | I22: =I21 -> 0.412 | J22: =J21 -> 0.412 | K22: =K21 -> 0.412 | L22: =L21 -> 0.412 | M22: =M21 -> 0.412 | N22: =N21 -> 0.412 | O22: =O21 -> 0.412 | P22: =P21 -> 0.412 | ... X22: =X21 -> 0.412 | Y22: These vintages have better performance because of partial retrofit
D23: Double pane | F23: 1998-2007 | G23: 2001 | H23: Table 1-H (Non North, 10-20% total WWR) | I23: 0.43 | J23: 0.36 | K23: 0.55 | L23: 0.55 | M23: 0.55 | N23: 0.61 | O23: 0.61 | P23: 0.61 | Q23: 0.61 | R23: 0.36 | S23: 0.36 | T23: 0.36 | U23: 0.36 | V23: 0.36 | W23: 0.36 | X23: 0.43
F24: 2008-2018 | G24: 2013 | H24: Table 140.3-B | I24: 0.25 | J24: 0.25 | K24: 0.25 | L24: 0.25 | M24: 0.25 | N24: 0.25 | O24: 0.25 | P24: 0.25 | Q24: 0.25 | R24: 0.25 | S24: 0.25 | T24: 0.25 | U24: 0.25 | V24: 0.25 | W24: 0.25 | X24: 0.25
F25: Existing | H25: Weighted average of all 4 vintages | I25: {=_xlfn.BYCOL(TRANSPOSE(Weights!$C$4:$F$19)*I21:X24,_xlfn.LAMBDA(_xlpm.c,SUM(_xlpm.c)))} -> 0.39570592 | J25: 0.39808764 | K25: 0.42102708 | L25: 0.42030465 | M25: 0.4279239 | N25: 0.42030508 | O25: 0.42135835 | P25: 0.42079739 | Q25: 0.4200312 | R25: 0.38872416 | S25: 0.38453577 | T25: 0.38351235 | U25: 0.37937925 | V25: 0.39133442 | W25: 0.38620899 | X25: 0.39819151
F26: 2019+ | G26: 2025 | H26: Table 140.3-B | I26: 0.25 | J26: 0.25 | K26: 0.25 | L26: 0.25 | M26: 0.25 | N26: 0.25 | O26: 0.25 | P26: 0.25 | Q26: 0.22 | R26: 0.25 | S26: 0.22 | T26: 0.22 | U26: 0.22 | V26: 0.22 | W26: 0.22 | X26: 0.25
C28: Infiltration
D29: Building | E29: Zones | F29: Vintage | G29: I_75 (cfm/ft2) 6-sdied Infiltration rate @ 75 pa | H29: Source | I29: I-design (cfm/ft²) (4-sided Infiltration rate at normal pressure) (Design flow rate approach and Flow/Exterior Wall Area calculation method)
C30: Infiltration | D30: RestaurantSitDown | F30: Pre 1978 | G30: 1.1 | H30: 2022 CASE report (Table 38) | I30: =0.112*G30*$F$41 -> 0.580272
F31: 1978-1997 | G31: 1.1 | H31: 2022 CASE report (Table 38) | I31: =0.112*G31*$F$41 -> 0.580272
F32: 1998-2007 | G32: 1.1 | H32: 2022 CASE report (Table 38) | I32: =0.112*G32*$F$41 -> 0.580272
F33: 2008-2018 | G33: 1 | H33: 2022 CASE report (Table 38) & T24, 2008-2016 (Table 140.3-B) | I33: =0.112*G33*$F$41 -> 0.52752
F34: Existing | H34: Same as Pre 2008 because of their higher weights | I34: =I32 -> 0.580272
F35: 2019+ | G35: 0.6 | H35: 2022 CASE report (Table 38) & T24, 2025 (Table 140.3-B) | I35: =0.112*G35*$F$41 -> 0.316512
E36: Source: T24 air barrier requirements (all editions) , the standardized infiltration rate reported in the 2022 CASE report, and Dodge 2023 data
E37: Infiltration_rate_report_14May2025-Short-Version.docx
E39: 6 sided area | F39: =(74.2*4)*10+(74.2^2)*2 -> 13979.28
E40: 4 sided area | F40: =(74.2*4)*10 -> 2968
E41: 6 sided/4sided fraction | F41: =F39/F40 -> 4.71
A43: Pre-1978 exterior wall U value calculation
A44: External Wall | B44: RestaurantSitDown | C44: ExtWall_MetalFramed_NonRes | D44: Metal framed wall: stucco + insulation + Metal frame + gypsum board | E44: U-factor IP | F44: Pre 1978 | G44: N/A | H44: ASHRAE 90.1, 2022 Table A3.3.3.1, 3.5", R-0 | I44: 0.352 | J44: 0.352 | K44: 0.352 | L44: 0.352 | M44: 0.352 | N44: 0.352 | O44: 0.352 | P44: 0.352 | Q44: 0.352 | R44: 0.352 | S44: 0.352 | T44: 0.352 | U44: 0.352 | V44: 0.352 | W44: 0.352 | X44: 0.352
H45: T24, 2008 (U value): Metal framed wall Nonres | I45: 0.098 | J45: 0.062 | K45: 0.082 | L45: 0.062 | M45: 0.062 | N45: 0.098 | O45: 0.098 | P45: 0.062 | Q45: 0.062 | R45: 0.062 | S45: 0.062 | T45: 0.062 | U45: 0.062 | V45: 0.062 | W45: 0.062 | X45: 0.062
H46: DOE pre 1980 prototype LA (U value) | I46: 0.227 | J46: 0.227 | K46: 0.227 | L46: 0.227 | M46: 0.227 | N46: 0.227 | O46: 0.227 | P46: 0.227 | Q46: 0.227 | R46: 0.227 | S46: 0.227 | T46: 0.227 | U46: 0.227 | V46: 0.227 | W46: 0.227 | X46: 0.227
H47: Renovation rate since 1980 (yearly renovation rate was calculated from CBECS 2003 and 2012 and then projected over 48 years) | I47: 0.096
A49: Background Data [To be deleted prior to publication]
A51: T24, 1986
A54: For NEW NONRESIDENTIAL BUILDINGS OF OCCUPANCIES A, 5, E AND H:
A56: HDD for each CZ in CA | B56: <3500
A57: weight of wall | B57: <10 lb/ft²
A58: TD eq (<10 lb/ft²) | B58: 44 | D58: U wall base on HDD | E58: =(B65*B60-0.74*B62)/(B59*B61) -> 0.34506024
A59: MCF (<10 lb/ft²) | B59: 1 | D59: U wall base on CDD | E59: =(B64*B60-B62*0.74)/(B61*B58) -> 0.84601314
A60: Aow (ft²)= | B60: =(74+74)*2*10 -> 2960
A61: Awall (ft²) | B61: =B60*83% -> 2456.8 | D61: U wall (Btu/hr-ft²-F) | E61: =MIN(E58:E59) -> 0.34506024
A62: Awindows(ft²) ~ | B62: =B60*14% -> 414.4
B63: 0
A64: Min OTTV | B64: 31 | C64: Frame Fig 2-53E
A65: Min Uow (HDD< 3500) | B65: 0.39 | C65: Frame Fig 2-53B

Sheet HVAC System
A1: ="HVAC system - "&Prototype!A2 -> HVAC system - RestaurantSitDown
A2: Vintage | B2: Space/Thermal Zone | C2: Heating | D2: Cooling | E2: Air Distribution | F2: Other Systems | G2: Source
A3: Existing | B3: Dining | C3: Gas Furnace (PSZAC) | D3: DX Coil (PSZAC) | E3: CAV (PSZAC) | F3: Economizer for after 2008 | G3: CEUS 2022 + Engineering Judgement
B4: Kitchen | C4: Gas Furnace (PSZAC) | D4: DX Coil (PSZAC) | E4: CAV (PSZAC) | F4: Makeup Air Unit (Combo with RTU) to supply make-up air exceeding transfer air from dining space (can be included in system13b)
A5: New Construction | B5: Dining | C5: Gas Furnace (PSZAC) | D5: DX Coil (PSZAC) | E5: CAV (PSZAC) | F5: Economizer | G5: T24, 2025
B6: Kitchen | C6: Gas Furnace (PSZAC) | D6: DX Coil (PSZAC) | E6: CAV (PSZAC) | F6: HR-Makeup Air Unit (systems that integrate make-up air and heat recovery functions) (can be included in system13b)
A7: *CPUC considers Boiler in the Dining space for heating
A11: Efficiency of HVAC system (Efficiency is capacity-dependent. The following table provides a general estimate of system efficiency based on preliminary simulations in one climate zone, or assuming cooling load based on rule of thumb)
A12: Vintage | B12: Upgrade/Installed year | C12: Gas Furnace | D12: Dining DX cooling (>=65,000 and < 135,000 Btu/h ) | E12: Kitchen DX cooling (>=65,000 and < 135,000 Btu/h ) | F12: Source | G12: Note
A13: Pre 1978 | B13: 2008 | C13: Efficiency 80% | D13: EER 10.3 | E13: EER 10.3 | F13: T24, 2008, Table 112-A | G13: Econ Max Position=0.9. *Econ Max Position is set to below 1 to approximate effects of not having fault detection and diagnostics (FDD) requirements, which began in 2013. It can be modeled in E+ either by: - Reducing Maximum Outdoor Air Flow Rate in Controller:OutdoorAir. - Or using FaultModel objects to simulate pre-2013 “no FDD” conditions
A14: 1978-1997
A15: 1998-2007
A16: 2008-2018 | B16: 2013 | C16: Efficiency 80% | D16: EER 11.2 | E16: EER 11.2 | F16: T24, 2013, Table 110.2-A | G16: Econ Max Position=0.9
A17: New Construction | B17: 2025 | C17: Efficiency 80% | D17: EER 11.2 | E17: EER 11.2 | F17: T24, 2025, Table 110.2-A | G17: - Econ Max Position=1 - Deduct 0.2 from the required EERs and IEERs for units with a heating section other than electric resistance heat.
A21: Fan Power
A22: Vintage | B22: Approach | C22: System | D22: Total Static Pressure (TSP) (in w.c.) | E22: Fan Efficiency [ACM 2025] | F22: Motor Efficiency | G22: Fan Power Index (W/cfm) | H22: Data Source
A23: Existing | B23: PNNL TSP | C23: CAV Kitchen (system <7,437 cfm) | D23: 2.5 | E23: 0.65 | F23: ASHRAE 90.1, 2004, Table 10.8 * | H23: Fan power formula: PNNL 20405, 2010, section 5.2.2.5 TSP and fan efficiency: PNNL 20405, 2010, Table 5.11, 90.1-04ac values Motor and drive efficiency: ASHRAE 90.1, 2004, Table 10.8
C24: CAV Dining (system <7,437 cfm) CAV Dining (system >7,437 cfm) | D24: 2.5 (system <7,437 cfm) 4.46 (system >7,437 cfm) | E24: 0.65
A25: Brake horsepower (bhp) = (Supply cfm × TSP in w.c.) / (6356 × fan efficiency)
A26: Fan power (w/cfm) = (bhp × 746) / ( supply cfm × motor efficiency )
A27: New Construction | B27: ACM 2025 | C27: PSZAC (system 13b), CAV kitchen, ≤5,000 cfm | D27: TSP = fan power × motor efficiency × fan efficiency × 6356 / 746 | E27: 0.65 | F27: 2025 ACM Table 12 ** | G27: 0.614 | H27: Fan power index: [ACM 2025, Table 13] Motor efficiency: [ACM 2025, Table 12]
C28: PSZAC (System 13b), CAV Kitchen, >5,000 and <=10,000 cfm | D28: TSP = fan power × motor efficiency × fan efficiency × 6356 / 747 | G28: 0.596
C29: PSZAC (System 3a), CAV dining, ≤5,000 cfm | D29: TSP = fan power × motor efficiency × fan efficiency × 6356 / 746 | G29: 0.8
C30: PSZAC (System 3a), CAV dining, >5,000 and <=10,000 cfm | D30: TSP = fan power × motor efficiency × fan efficiency × 6356 / 746 | G30: 0.78
A32: * According to PNNL 20405 section 5.2.2.5, the full-load efficiency of the motor serving the fan is taken from ASHRAE 90.1, 2004, Table 10.8, based on motor nameplate and assuming enclosed motors operating at 1,800 rotations per minute (rpm) Motor nameplate size (bhp) = brake horsepower (bhp) × 1.1 ( using a 10% oversizing factor)
A33: ** The full‑load efficiency of the motor serving the fan is taken from ACM 2025 Table 12 based on the motor nameplate horsepower. Brake horsepower (bhp) = (Supply cfm from sizing run × fan power in W/cfm) / 746. Note: PSZAC with gas furnace (System 3a SZAC) ≤5,000 cfm. Same index as Restaurant Sit-Down kitchen. Dining fans above 5,000 cfm and at or below 10,000 cfm use 0.780 W/cfm.

Sheet Thermostat
A1: ="Thermostat Setpoints - "&Prototype!A2 -> Thermostat Setpoints - RestaurantSitDown
A2: Space/Thermal Zone | B2: Setpoint | C2: CZ1 | D2: CZ2 | E2: CZ3 | F2: CZ4 | G2: CZ5 | H2: CZ6 | I2: CZ7 | J2: CZ8 | K2: CZ9 | L2: CZ10 | M2: CZ11 | N2: CZ12 | O2: CZ13 | P2: CZ14 | Q2: CZ15 | R2: CZ16 | S2: Source
A3: Dining | B3: Heating Setpoint (F) | C3: 70 | D3: 70 | E3: 70 | F3: 70 | G3: 70 | H3: 70 | I3: 70 | J3: 70 | K3: 70 | L3: 70 | M3: 70 | N3: 70 | O3: 70 | P3: 70 | Q3: 70 | R3: 70 | S3: T24 2022 - Appendix 5.4B
B4: Heating Setback (F) | C4: 60 | D4: 60 | E4: 60 | F4: 60 | G4: 60 | H4: 60 | I4: 60 | J4: 60 | K4: 60 | L4: 60 | M4: 60 | N4: 60 | O4: 60 | P4: 60 | Q4: 60 | R4: 60
B5: Cooling Setpoint (F) | C5: 75 | D5: 75 | E5: 75 | F5: 75 | G5: 75 | H5: 75 | I5: 75 | J5: 75 | K5: 75 | L5: 75 | M5: 75 | N5: 75 | O5: 75 | P5: 75 | Q5: 75 | R5: 75
B6: Cooling Setback (F) | C6: 85 | D6: 85 | E6: 85 | F6: 85 | G6: 85 | H6: 85 | I6: 85 | J6: 85 | K6: 85 | L6: 85 | M6: 85 | N6: 85 | O6: 85 | P6: 85 | Q6: 85 | R6: 85
A7: Kitchen | B7: Heating Setpoint (F) | C7: 66 | D7: 66 | E7: 66 | F7: 66 | G7: 66 | H7: 66 | I7: 66 | J7: 66 | K7: 66 | L7: 66 | M7: 66 | N7: 66 | O7: 66 | P7: 66 | Q7: 66 | R7: 66 | S7: PNNL 09.1, 2022 Restaurant prototype
B8: Heating Setback (F) | C8: 60 | D8: 60 | E8: 60 | F8: 60 | G8: 60 | H8: 60 | I8: 60 | J8: 60 | K8: 60 | L8: 60 | M8: 60 | N8: 60 | O8: 60 | P8: 60 | Q8: 60 | R8: 60
B9: Cooling Setpoint (F) | C9: 79 | D9: 79 | E9: 79 | F9: 79 | G9: 79 | H9: 79 | I9: 79 | J9: 79 | K9: 79 | L9: 79 | M9: 79 | N9: 79 | O9: 79 | P9: 79 | Q9: 79 | R9: 79
B10: Cooling Setback (F) | C10: 86 | D10: 86 | E10: 86 | F10: 86 | G10: 86 | H10: 86 | I10: 86 | J10: 86 | K10: 86 | L10: 86 | M10: 86 | N10: 86 | O10: 86 | P10: 86 | Q10: 86 | R10: 86
A12: PNNL's comfort range in kitchen is 4 F wider : 66 -79 F (with Heating setback of 60 F and Cooling setback of 86 F)
A13: PNNL comfort range in Dining is 70 -75 F (with Heating setback of 60 F and Cooling setback of 86 F)
A15: CPUC comfort range is 70 -75 F (with Heating setback of 60 F and Cooling setback of 85 F)

Sheet Ventilation
A1: ="Outdoor Airflow Rate - "&Prototype!A2 -> Outdoor Airflow Rate - RestaurantSitDown
A2: Space/Thermal Zone | B2: Number of People | C2: Floor Area (ft²) | D2: cfm/person [T24, 2025, Equation 120.1-F and Table 120.1-A] | E2: cfm/ft² [T24, 2025, Equation 120.1-F and Table 120.1-A] | F2: Required Exhaust Rate [T24, 2025, Table 120.1-B – minimum exhaust rates] | G2: Total cfm Driven by People | H2: Total cfm Driven by Area | I2: Total cfm Driven by Exhaust | J2: Total cfm | K2: Notes
A3: =Zones!B3 -> Dining | B3: =Zones!K3 -> 132.04818 | C3: =Zones!H3 -> 4001.46 | D3: 15 | E3: 0.15 | F3: 4 restroom, each 25/50 cfm pr unit | G3: =B3*D3 -> 1980.7227 | H3: =C3*E3 -> 600.219 | I3: =4*50 -> 200 | J3: =MAX(G3:I3) -> 1980.7227
A4: =Zones!B4 -> Kitchen | B4: =Zones!K4 -> 4.50165 | C4: =Zones!H4 -> 1500.55 | D4: 15 | E4: 0.15 | F4: 0.7 cfm/ft2 | G4: =B4*D4 -> 67.52475 | H4: =C4*E4 -> 225.0825 | I4: =0.7*C4 -> 1050.385 | J4: =MAX(G4:I4) -> 1050.385
A5: =Zones!B5 -> Attic
A7: Fine storage is defined for normal inventory that doesn't require an extra exhaust rate based on the space functions in T24, Part6, 2025, Table 120.1 B.
A10: Exhaust hood
A11: Type of Hood | C11: Max Exhaust Flow Rate (cfm/ft) [T24, 2025, Table 140.9-C] | D11: Hood Length (ft) * [CKV, 2004] & | E11: Hood Exhaust Rate (cfm) | F11: Note
A12: Type I , wall-mounted canopy, medium duty hood | C12: 210 | D12: =B26 -> 21.5 | E12: =D12*C12 -> 4515
A14: Efficiency of exhaust fan is 50% (according to ACM, 2025, section 5.7.3)
A16: Quick Service Restaurant Hood Appliance
A17: Appliance | C17: Length (ft) | D17: Source
A18: Fryers side | B18: 3 | C18: 3.75 | D18: CKV Design Guide, 2004 (with equipment of a casual dining restaurant) *Charbroiler length is extended from 3 to 4
A19: Fryer drip station (doesn't generate heat or grease but still need to be covered) | B19: 1 | C19: 1.25
A20: Griddle | B20: 1 | C20: 6
A21: Prep surface | B21: 1 | C21: 1
A22: Open range burners (top) | B22: 4 | C22: 2
A23: Charbroiler | B23: 1 | C23: 4
A24: Convection oven | B24: 1 | C24: 2.5 | D24: added from the list of fast food restaurant
A25: Total cooking line length (ft) | B25: =SUM(C18:C24) -> 20.5
A26: Hood length (ft) (+1 ft buffer) | B26: =B25+1 -> 21.5
A33: Background Data [To be deleted prior to publication]
A35: T24, 2025:
E36: ACM 2025, 5.7.3: EXHAUST FAN CONTROL METHOD
A69: 202 Commercial Kitchen Design Guide by SCE
A70: CKV Design Guide
A85: Kitchen photos from google browsing

Sheet Interior Lights
A1: ="Interior Lighting - "&Prototype!A2 -> Interior Lighting - RestaurantSitDown
A2: Space Type | B2: New Construction | E2: Existing
B3: LPD (W/ft²) | C3: Additional LPD for Portable Lighting (W/ft²) | D3: Source | E3: LPD (W/ft²) | F3: Additional LPD for Portable Lighting (W/ft²) | G3: Source
A4: =Zones!C3 -> Dining Area (Bar/Lounge and Fine Dining) | B4: 0.45 | C4: 0.35 (decorative/Display) | D4: T24, 2025, Table 140.6-C (Area category method) | E4: 1 | F4: 0.5 (Ornamental) | G4: T24, 2016, Table 140.6-C (Area category method) LPD of "All other spaces" is considered for storage space
A5: =Zones!C4 -> Kitchen/Food Preparation Area | B5: 0.95 | E5: 1.2
A6: =Zones!C5 -> Attic
A19: Background Data [To be deleted prior to publication]
A23: Existing | B23: Whole Building | C23: All other building | D23: 0.4 | F23: T24, 2019, Table 140.6 B
B24: Area Category | C24: =Zones!B31 -> 0 | D24: 0.65 | F24: T24, 2019, Table 140.6-C
C25: =Zones!B32 -> 0 | D25: 0.4
C26: =Zones!B33 -> 0 | D26: 0.4
A28: Existing | B28: Whole Building | C28: All other building | D28: 0.5 | F28: T24, 2016, Table 140.6 B
B29: Area Category | C29: ZONE1 OFFICE | D29: 0.75 | F29: T24, 2016, Table 140.6-C
C30: ZONE2 FINE STORAGE | D30: 0.5
C31: ZONE3 BULK STORAGE | D31: 0.5
A33: Existing | B33: Whole Building | C33: All other building | D33: 0.6 | F33: T24, 2013, Table 140.6 B
B34: Area Category | C34: ZONE1 OFFICE | D34: 0.75 | F34: T24, 2013, Table 140.6-C
C35: ZONE2 FINE STORAGE | D35: 0.6
C36: ZONE3 BULK STORAGE | D36: 0.6

Sheet Water Heater
A1: ="Water Heater Summary - "&Prototype!A2 -> Water Heater Summary - RestaurantSitDown
A2: Vintage | B2: WH Type | C2: Efficiency | D2: Number of WH | E2: Tank Volume (gal) | F2: Tank Loss | G2: Source
A3: Existing | B3: Gas | C3: 0.8 | D3: 1 | E3: See table below for CZ-specific values: Climate Zone Water Heater Sizing and Loss Coefficients, Storage Volume column (col F) | F3: See table below: Climate Zone Water Heater Sizing and Loss Coefficients, Standby Loss column (col G) | G3: See table below for sources: Climate Zone Water Heater Sizing and Loss Coefficients
A4: New Construction | B4: Gas | C4: 0.8 | D4: 1 | E4: =E3 -> See table below for CZ-specific values: Climate Zone Water Heater Sizing and Loss Coefficients, Storage Volume column (col F) | F4: =F3 -> See table below: Climate Zone Water Heater Sizing and Loss Coefficients, Standby Loss column (col G) | G4: =G3 -> See table below for sources: Climate Zone Water Heater Sizing and Loss Coefficients
A7: Peak Hot Water Consumption
A8: Space Name | B8: Baseline WH Type | C8: Total Area (ft²) | D8: Number of People | E8: Hot Water Usage Specification (gal/hr per person) | F8: Peak Hot Water Usage (gal/hr) | G8: Peak Hot Water Usage (gal/min) | H8: Note
A9: =Zones!B3 -> Dining | B9: Gas | C9: =Zones!H3 -> 4001.46 | D9: =Zones!K3 -> 132.04818 | E9: =0.578*0.2 -> 0.1156 | F9: =D9*E9 -> 15.26477 | G9: =F9/60 -> 0.25441283 | H9: For space types marked with an asterisk (the ‘*’ symbol), the water‑heater type is listed as electric in Appendix 5.4A, sheet ‘2022 SpaceFuncData‑Input.’ However, we modified the value based on CEUS data, which indicates that gas is the primary fuel type.
A10: =Zones!B4 -> Kitchen | B10: Gas | C10: =Zones!H4 -> 1500.55 | D10: =Zones!K4 -> 4.50165 | E10: 0.58 | F10: 162 | G10: =F10/60 -> 2.7
A11: Total | B11: Gas storage | F11: {=_xlfn.LET( _xlpm.g,SUMIF($B$9:$B$10,"Gas*",$F$9:$F$10), _xlpm.e,SUMIF($B$9:$B$10,"Electric*",$F$9:$F$10), IF(AND(_xlpm.g>0,_xlpm.e>0),_xlpm.g,IF(_xlpm.g>0,MAX(75,_xlpm.g),0)))} -> 177.26477 | H11: Minimum peak hot water usage is 75 gal according to ACM 2025
A12: Total | B12: Electric resistance | F12: =_xlfn.LET( _xlpm.g,SUMIF($B$9:$B$10,"Gas*",$F$9:$F$10), _xlpm.e,SUMIF($B$9:$B$10,"Electric*",$F$9:$F$10), IF(AND(_xlpm.g>0,_xlpm.e>0),_xlpm.e,IF(_xlpm.e>0,MAX(75,_xlpm.e),0))) -> 0
A16: Design supply temperature (°F) | B16: 135 | C16: CEC-400-2022-009-CMF-REV2-AP5.4B
A17: WH system factor | B17: 0.6 | C17: 2025 ACM §5.9.2 Rated Capacity
A18: Water mass conversion (lb/gal) | B18: 8.2877 | C18: 2025 ACM §5.9.2 Rated Capacity
A19: Reheat multiplier | B19: 0.4 | C19: 2025 ACM §5.9.2 Storage Volume
A20: Climate Zone Water Heater Sizing and Loss Coefficients
A21: Climate Zone | B21: Minimum Monthly Mains Temp (°F) [T24 2022 - Appendix 5.4B] | C21: Heat Output (Btu/hr) [ACM, 2025, 5.9.2: Rated capacity section] | D21: WH Capacity (Btu/hr) [ACM, 2025, 5.9.2: Rated capacity section] | E21: Required Energy Input (Btu/hr) | F21: Storage Volume (gal) | G21: Standby Loss [Title 20, §1605.1 Table F-4; Appendix B: Water Heating Calculation Method] | I21: Off/On Cycle Loss Coefficient to Ambient Temp | K21: Source/Note
A22: CZ01 | B22: 47.9 | C22: =$F$11*($B$16-B22)*$B$18 -> 127960.11 | D22: =C22*$B$17 -> 76776.066 | E22: =_xlfn.LET(_xlpm.x,_xlfn.XLOOKUP(D22/$C$3,$A$43:$A$73,$A$43:$A$73,"",1),IF(_xlpm.x="",ROUNDUP(D22/$C$3,0),_xlpm.x)) -> 99900 | F22: =_xlfn.LET(_xlpm.v,MAX(30,$F$11*$B$19),_xlpm.x,_xlfn.XLOOKUP(_xlpm.v,$E$43:$E$61,$E$43:$E$61,"",1),IF(_xlpm.x="",ROUNDUP(_xlpm.v,0),_xlpm.x)) -> 72 | G22: =(E22/800)+110*SQRT(F22) -> 1058.256 | H22: Btu/hr | I22: =G22/70 -> 15.117942 | J22: Btu/h·°F | K22: Required Energy Input: vendor/available catalog size (Market data table). Storage Volume: standard/available catalog tank size (Market data table).
A23: CZ02 | B23: 50.8 | C23: =$F$11*($B$16-B23)*$B$18 -> 123699.67 | D23: =C23*$B$17 -> 74219.803 | E23: =_xlfn.LET(_xlpm.x,_xlfn.XLOOKUP(D23/$C$3,$A$43:$A$73,$A$43:$A$73,"",1),IF(_xlpm.x="",ROUNDUP(D23/$C$3,0),_xlpm.x)) -> 99900 | F23: =_xlfn.LET(_xlpm.v,MAX(30,$F$11*$B$19),_xlpm.x,_xlfn.XLOOKUP(_xlpm.v,$E$43:$E$61,$E$43:$E$61,"",1),IF(_xlpm.x="",ROUNDUP(_xlpm.v,0),_xlpm.x)) -> 72 | G23: =(E23/800)+110*SQRT(F23) -> 1058.256 | H23: Btu/hr | I23: =G23/70 -> 15.117942 | J23: Btu/h·°F
A24: CZ03 | B24: 52.2 | C24: =$F$11*($B$16-B24)*$B$18 -> 121642.91 | D24: =C24*$B$17 -> 72985.744 | E24: =_xlfn.LET(_xlpm.x,_xlfn.XLOOKUP(D24/$C$3,$A$43:$A$73,$A$43:$A$73,"",1),IF(_xlpm.x="",ROUNDUP(D24/$C$3,0),_xlpm.x)) -> 99900 | F24: =_xlfn.LET(_xlpm.v,MAX(30,$F$11*$B$19),_xlpm.x,_xlfn.XLOOKUP(_xlpm.v,$E$43:$E$61,$E$43:$E$61,"",1),IF(_xlpm.x="",ROUNDUP(_xlpm.v,0),_xlpm.x)) -> 72 | G24: =(E24/800)+110*SQRT(F24) -> 1058.256 | H24: Btu/hr | I24: =G24/70 -> 15.117942 | J24: Btu/h·°F
A25: CZ04 | B25: 52.7 | C25: =$F$11*($B$16-B25)*$B$18 -> 120908.35 | D25: =C25*$B$17 -> 72545.009 | E25: =_xlfn.LET(_xlpm.x,_xlfn.XLOOKUP(D25/$C$3,$A$43:$A$73,$A$43:$A$73,"",1),IF(_xlpm.x="",ROUNDUP(D25/$C$3,0),_xlpm.x)) -> 99900 | F25: =_xlfn.LET(_xlpm.v,MAX(30,$F$11*$B$19),_xlpm.x,_xlfn.XLOOKUP(_xlpm.v,$E$43:$E$61,$E$43:$E$61,"",1),IF(_xlpm.x="",ROUNDUP(_xlpm.v,0),_xlpm.x)) -> 72 | G25: =(E25/800)+110*SQRT(F25) -> 1058.256 | H25: Btu/hr | I25: =G25/70 -> 15.117942 | J25: Btu/h·°F
A26: CZ05 | B26: 51.6 | C26: =$F$11*($B$16-B26)*$B$18 -> 122524.38 | D26: =C26*$B$17 -> 73514.626 | E26: =_xlfn.LET(_xlpm.x,_xlfn.XLOOKUP(D26/$C$3,$A$43:$A$73,$A$43:$A$73,"",1),IF(_xlpm.x="",ROUNDUP(D26/$C$3,0),_xlpm.x)) -> 99900 | F26: =_xlfn.LET(_xlpm.v,MAX(30,$F$11*$B$19),_xlpm.x,_xlfn.XLOOKUP(_xlpm.v,$E$43:$E$61,$E$43:$E$61,"",1),IF(_xlpm.x="",ROUNDUP(_xlpm.v,0),_xlpm.x)) -> 72 | G26: =(E26/800)+110*SQRT(F26) -> 1058.256 | H26: Btu/hr | I26: =G26/70 -> 15.117942 | J26: Btu/h·°F
A27: CZ06 | B27: 56.8 | C27: =$F$11*($B$16-B27)*$B$18 -> 114884.97 | D27: =C27*$B$17 -> 68930.98 | E27: =_xlfn.LET(_xlpm.x,_xlfn.XLOOKUP(D27/$C$3,$A$43:$A$73,$A$43:$A$73,"",1),IF(_xlpm.x="",ROUNDUP(D27/$C$3,0),_xlpm.x)) -> 99900 | F27: =_xlfn.LET(_xlpm.v,MAX(30,$F$11*$B$19),_xlpm.x,_xlfn.XLOOKUP(_xlpm.v,$E$43:$E$61,$E$43:$E$61,"",1),IF(_xlpm.x="",ROUNDUP(_xlpm.v,0),_xlpm.x)) -> 72 | G27: =(E27/800)+110*SQRT(F27) -> 1058.256 | H27: Btu/hr | I27: =G27/70 -> 15.117942 | J27: Btu/h·°F
A28: CZ07 | B28: 58.4 | C28: =$F$11*($B$16-B28)*$B$18 -> 112534.38 | D28: =C28*$B$17 -> 67520.628 | E28: =_xlfn.LET(_xlpm.x,_xlfn.XLOOKUP(D28/$C$3,$A$43:$A$73,$A$43:$A$73,"",1),IF(_xlpm.x="",ROUNDUP(D28/$C$3,0),_xlpm.x)) -> 99900 | F28: =_xlfn.LET(_xlpm.v,MAX(30,$F$11*$B$19),_xlpm.x,_xlfn.XLOOKUP(_xlpm.v,$E$43:$E$61,$E$43:$E$61,"",1),IF(_xlpm.x="",ROUNDUP(_xlpm.v,0),_xlpm.x)) -> 72 | G28: =(E28/800)+110*SQRT(F28) -> 1058.256 | H28: Btu/hr | I28: =G28/70 -> 15.117942 | J28: Btu/h·°F
A29: CZ08 | B29: 58.4 | C29: =$F$11*($B$16-B29)*$B$18 -> 112534.38 | D29: =C29*$B$17 -> 67520.628 | E29: =_xlfn.LET(_xlpm.x,_xlfn.XLOOKUP(D29/$C$3,$A$43:$A$73,$A$43:$A$73,"",1),IF(_xlpm.x="",ROUNDUP(D29/$C$3,0),_xlpm.x)) -> 99900 | F29: =_xlfn.LET(_xlpm.v,MAX(30,$F$11*$B$19),_xlpm.x,_xlfn.XLOOKUP(_xlpm.v,$E$43:$E$61,$E$43:$E$61,"",1),IF(_xlpm.x="",ROUNDUP(_xlpm.v,0),_xlpm.x)) -> 72 | G29: =(E29/800)+110*SQRT(F29) -> 1058.256 | H29: Btu/hr | I29: =G29/70 -> 15.117942 | J29: Btu/h·°F
A30: CZ09 | B30: 57.6 | C30: =$F$11*($B$16-B30)*$B$18 -> 113709.67 | D30: =C30*$B$17 -> 68225.804 | E30: =_xlfn.LET(_xlpm.x,_xlfn.XLOOKUP(D30/$C$3,$A$43:$A$73,$A$43:$A$73,"",1),IF(_xlpm.x="",ROUNDUP(D30/$C$3,0),_xlpm.x)) -> 99900 | F30: =_xlfn.LET(_xlpm.v,MAX(30,$F$11*$B$19),_xlpm.x,_xlfn.XLOOKUP(_xlpm.v,$E$43:$E$61,$E$43:$E$61,"",1),IF(_xlpm.x="",ROUNDUP(_xlpm.v,0),_xlpm.x)) -> 72 | G30: =(E30/800)+110*SQRT(F30) -> 1058.256 | H30: Btu/hr | I30: =G30/70 -> 15.117942 | J30: Btu/h·°F
A31: CZ10 | B31: 57.1 | C31: =$F$11*($B$16-B31)*$B$18 -> 114444.23 | D31: =C31*$B$17 -> 68666.539 | E31: =_xlfn.LET(_xlpm.x,_xlfn.XLOOKUP(D31/$C$3,$A$43:$A$73,$A$43:$A$73,"",1),IF(_xlpm.x="",ROUNDUP(D31/$C$3,0),_xlpm.x)) -> 99900 | F31: =_xlfn.LET(_xlpm.v,MAX(30,$F$11*$B$19),_xlpm.x,_xlfn.XLOOKUP(_xlpm.v,$E$43:$E$61,$E$43:$E$61,"",1),IF(_xlpm.x="",ROUNDUP(_xlpm.v,0),_xlpm.x)) -> 72 | G31: =(E31/800)+110*SQRT(F31) -> 1058.256 | H31: Btu/hr | I31: =G31/70 -> 15.117942 | J31: Btu/h·°F
A32: CZ11 | B32: 50.5 | C32: =$F$11*($B$16-B32)*$B$18 -> 124140.41 | D32: =C32*$B$17 -> 74484.244 | E32: =_xlfn.LET(_xlpm.x,_xlfn.XLOOKUP(D32/$C$3,$A$43:$A$73,$A$43:$A$73,"",1),IF(_xlpm.x="",ROUNDUP(D32/$C$3,0),_xlpm.x)) -> 99900 | F32: =_xlfn.LET(_xlpm.v,MAX(30,$F$11*$B$19),_xlpm.x,_xlfn.XLOOKUP(_xlpm.v,$E$43:$E$61,$E$43:$E$61,"",1),IF(_xlpm.x="",ROUNDUP(_xlpm.v,0),_xlpm.x)) -> 72 | G32: =(E32/800)+110*SQRT(F32) -> 1058.256 | H32: Btu/hr | I32: =G32/70 -> 15.117942 | J32: Btu/h·°F
A33: CZ12 | B33: 51.4 | C33: =$F$11*($B$16-B33)*$B$18 -> 122818.2 | D33: =C33*$B$17 -> 73690.92 | E33: =_xlfn.LET(_xlpm.x,_xlfn.XLOOKUP(D33/$C$3,$A$43:$A$73,$A$43:$A$73,"",1),IF(_xlpm.x="",ROUNDUP(D33/$C$3,0),_xlpm.x)) -> 99900 | F33: =_xlfn.LET(_xlpm.v,MAX(30,$F$11*$B$19),_xlpm.x,_xlfn.XLOOKUP(_xlpm.v,$E$43:$E$61,$E$43:$E$61,"",1),IF(_xlpm.x="",ROUNDUP(_xlpm.v,0),_xlpm.x)) -> 72 | G33: =(E33/800)+110*SQRT(F33) -> 1058.256 | H33: Btu/hr | I33: =G33/70 -> 15.117942 | J33: Btu/h·°F
A34: CZ13 | B34: 51.7 | C34: =$F$11*($B$16-B34)*$B$18 -> 122377.47 | D34: =C34*$B$17 -> 73426.479 | E34: =_xlfn.LET(_xlpm.x,_xlfn.XLOOKUP(D34/$C$3,$A$43:$A$73,$A$43:$A$73,"",1),IF(_xlpm.x="",ROUNDUP(D34/$C$3,0),_xlpm.x)) -> 99900 | F34: =_xlfn.LET(_xlpm.v,MAX(30,$F$11*$B$19),_xlpm.x,_xlfn.XLOOKUP(_xlpm.v,$E$43:$E$61,$E$43:$E$61,"",1),IF(_xlpm.x="",ROUNDUP(_xlpm.v,0),_xlpm.x)) -> 72 | G34: =(E34/800)+110*SQRT(F34) -> 1058.256 | H34: Btu/hr | I34: =G34/70 -> 15.117942 | J34: Btu/h·°F
... A37: CZ16 | B37: 41.4 | C37: =$F$11*($B$16-B37)*$B$18 -> 137509.37 | D37: =C37*$B$17 -> 82505.624 | E37: =_xlfn.LET(_xlpm.x,_xlfn.XLOOKUP(D37/$C$3,$A$43:$A$73,$A$43:$A$73,"",1),IF(_xlpm.x="",ROUNDUP(D37/$C$3,0),_xlpm.x)) -> 120000 | F37: =_xlfn.LET(_xlpm.v,MAX(30,$F$11*$B$19),_xlpm.x,_xlfn.XLOOKUP(_xlpm.v,$E$43:$E$61,$E$43:$E$61,"",1),IF(_xlpm.x="",ROUNDUP(_xlpm.v,0),_xlpm.x)) -> 72 | G37: =(E37/800)+110*SQRT(F37) -> 1083.381 | H37: Btu/hr | I37: =G37/70 -> 15.476871 | J37: Btu/h·°F
A41: Market data
A42: Catalog gas input (Btu/h) | B42: Input source | C42: Elec resistance tank (kW) | D42: Elec resistance (Btu/h) | E42: Catalog gas tank (gal) | F42: Tank source | G42: Elec tank (gal) | H42: Elec tank source | I42: =HYPERLINK("#'Note'!A1","Sources and links → Note tab") -> Sources and links → Note tab
A43: 60000 | B43: Grainger | C43: 1.5 | D43: 5118 | E43: 34 | F43: ENERGY STAR | G43: 6 | H43: Grainger
A44: 75100 | B44: Grainger | C44: 2 | D44: 6824 | E44: 35 | F44: Grainger | G44: 10 | H44: Grainger
A45: 76000 | B45: Both | C45: 3 | D45: 10236 | E45: 48 | F45: Grainger | G45: 15 | H45: Grainger
A46: 80000 | B46: Grainger | C46: 4.5 | D46: 15355 | E46: 50 | F46: Both | G46: 20 | H46: Grainger
A47: 99900 | B47: ENERGY STAR | C47: 6 | D47: 20473 | E47: 55 | F47: ENERGY STAR | G47: 28 | H47: Grainger
A48: 100000 | B48: Both | C48: 8 | D48: 27297 | E48: 60 | F48: ENERGY STAR | G48: 30 | H48: Grainger
A49: 120000 | B49: ENERGY STAR | C49: 9 | D49: 30709 | E49: 65 | F49: Both | G49: 36 | H49: Grainger
A50: 125000 | B50: Both | C50: 10 | D50: 34121 | E50: 72 | F50: Grainger | G50: 40 | H50: Grainger
A51: 130000 | B51: Both | C51: 12 | D51: 40946 | E51: 75 | F51: Both | G51: 47
A52: 145000 | B52: ENERGY STAR | C52: 12.1 | D52: 41287 | E52: 76 | F52: Grainger | G52: 50
A53: 150000 | B53: ENERGY STAR | C53: 18 | D53: 61419 | E53: 80 | F53: Both | G53: 65
A54: 156000 | B54: Grainger | C54: 24 | D54: 81891 | E54: 82 | F54: Grainger | G54: 80
A55: 160000 | B55: Both | C55: 27 | D55: 92128 | E55: 85 | F55: Grainger | G55: 85
A56: 175000 | B56: ENERGY STAR | C56: 36 | D56: 122837 | E56: 90 | F56: Both | G56: 105
A57: 180000 | B57: Grainger | C57: 54 | D57: 184256 | E57: 91 | F57: Grainger | G57: 120
A58: 199000 | B58: ENERGY STAR | E58: 100 | F58: Both
A59: 199900 | B59: Both | E59: 110 | F59: ENERGY STAR
A60: 200000 | B60: ENERGY STAR | E60: 119 | F60: Both
A61: 250000 | B61: Both | E61: 125 | F61: ENERGY STAR
A62: 251000 | B62: ENERGY STAR
A63: 270000 | B63: Grainger
A64: 285000 | B64: ENERGY STAR
A65: 300000 | B65: Both
A66: 320000 | B66: ENERGY STAR
A67: 360000 | B67: Grainger
A68: 398000 | B68: ENERGY STAR
A69: 399000 | B69: ENERGY STAR
A70: 399900 | B70: Both
A71: 499900 | B71: Grainger
A72: 550000 | B72: Grainger
A73: 715000 | B73: Grainger

Sheet Equipment
A1: ="Equipment - "&Prototype!A2 -> Equipment - RestaurantSitDown
A2: Space Type | B2: Plug Load Power Density (W/ft²) | C2: ReachIn Refrigerator and ReachInFreezer Power (W) - 24/7 | D2: Refrigerator Power Density (W/ft²) | E2: Gas Power Density (Btu/hr-ft²) | F2: Source
A3: =Zones!C3 -> Dining Area (Bar/Lounge and Fine Dining) | B3: 0.5 | D3: 0.25 | F3: Others inputs: T24 2025 - Appendix 5.4A: "2022 SpaceFuncData-Input"
A4: =Zones!C4 -> Kitchen/Food Preparation Area | B4: 1.5 | C4: 590 | D4: 1.12 | E4: =17.54*5500/1200 -> 80.391667 | F4: ReachIn Refrigerator and ReachInFreezer: [PNNL ASHRAE 90.1 2022 SitDown prototype] Other inputs: T24 2025 - Appendix 5.4A: "2022 SpaceFuncData-Input" Plug load density is confirmed by the findings Plug load and schedules project with CEC, 2025
A5: =Zones!C5 -> Attic
A6: *ReachIn Refrigerator and ReachInFreezer Power is based on PNNL model. It doesn’t exist in the CPUC model.
A7: * Gas load is very low compared to PNNL model (194 Btu/hr-ft2 for Kitchen)
A8: Refrigerator load will be simulated as equipment load
G9: =F9/Schedules!AG59/1200 -> 0

Sheet Ext Lighting
A1: ="Exterior Lighting - "&Prototype!A2 -> Exterior Lighting - RestaurantSitDown
A2: Motion Controlled Luminaires (W) | B2: Non-motion Controlled Luminaires (W) | C2: Total (W) | D2: Source
A3: =G18 -> 760.85557 | B3: =G19 -> 136.86347 | C3: =B3+A3 -> 897.71904 | D3: T24, 2022
A8: Exterior Lighting
A9: Items (Assume LZ2) | B9: Assumptions [2019 Outdoor Lighting CASE Report & PNNL 90.1-2010 TSD] | D9: Unit | E9: Lighting Power Allowance [T24, 2025, Table 140.7-A & 140.7-B] | F9: Unit | G9: Exterior Lighting Power (W)
A10: IWA (Initial Wattage Allowance) | E10: 200 | F10: (W) | G10: =$E10 -> 200
A11: Parking area | B11: 400 ft² for every parking space 1 parking space per 250 ft² of gross building area | C11: =B25/250*400 -> 8803.216 | D11: (ft²) | E11: 0.019 | F11: (W/ft²) | G11: =$E11*C11 -> 167.2611
A12: Building Entrance | B12: 2 building entrance (1 per 10,000 ft² footprint) | C12: 1 | D12: (count) | E12: 15 | F12: (W/ea) | G12: =E12*C12 -> 15
A13: Hardscape Ornamental Light | B13: 0.1 ft² per 1 ft² of gross building area for hardscape ornamental light | C13: =B25*0.1 -> 550.201 | D13: (ft²) | E13: 0.007 | F13: (W/ft²) | G13: =E13*C13 -> 3.851407
A14: Building façade | B14: 0.1 W per 1 ft² of facade area Façade Area = Perimeter × 0.5 × 10 ft (10 ft is the building height ) * The 0.5 factor assumes that only half of the perimeter walls are lit. -Formula is developed based on the 2019 Outdoor Lighting CASE report | C14: =B24*0.5*B27 -> 1000 | D14: (ft²) | E14: 0.1 | F14: (W/ft²) | G14: =E14*C14 -> 100
A15: Drive up windows | B15: 1 per 1500 ft² of gross building area | C15: =ROUND(B25/1500,0) -> 4 | D15: (count) | E15: 30 | F15: (W/ea) | G15: =E15*C15 -> 120
A16: Outdoor dining | B16: 1 ft² per 5 ft² of gross building area | C16: =1/5*B25 -> 1100.402 | D16: (ft²) | E16: 0.03 | F16: (W/ft²) | G16: =E16*C16 -> 33.01206
A17: Sales canopy | B17: 0.1 ft² per 1 ft² of gross building area | C17: =0.1*B25 -> 550.201 | D17: (ft²) | E17: 0.47 | F17: (W/ft²) | G17: =E17*C17 -> 258.59447 | H17: *This row is newly added. The CASE report didn’t include it for 'restaurant' — they probably meant fast food.
A18: Motion controlled Luminaires | G18: =G11+G10+G12+G15+G17 -> 760.85557
A19: Non-motion-controlled Luminaires | G19: =G13+G14+G16 -> 136.86347
A20: TOTAL | G20: =G18+G19 -> 897.71904
A24: Perimeter (ft) | B24: =(50+50)*2 -> 200
A25: Total floor area (ft²) | B25: =Zones!H6 -> 5502.01
A26: Floors | B26: 1
A27: Height (ft) | B27: 10
A34: Title 24, 2025

Sheet Schedules
A1: ="Schedules - "&Prototype!A2 -> Schedules - RestaurantSitDown
A2: Zone | B2: Schedule Category | C2: Schedule | D2: Source | E2: Type | F2: Hour
F3: 1 | G3: 2 | H3: 3 | I3: 4 | J3: 5 | K3: 6 | L3: 7 | M3: 8 | N3: 9 | O3: 10 | P3: 11 | Q3: 12 | R3: 13 | S3: 14 | T3: 15 | U3: 16 | V3: 17 | W3: 18 | X3: 19 | Y3: 20 | Z3: 21 | AA3: 22 | AB3: 23 | AC3: 24
A4: Dining | B4: Restaurant | C4: Occupancy | D4: PNNL, ASHRAE 90.1, 2022 RestaurantSitDown prototype (It has higher occupancy rate during morning compared to T24 2022 - Appendix 5.4B) | E4: Weekday | F4: 0.05 | G4: 0 | H4: 0 | I4: 0 | J4: 0 | K4: 0.05 | L4: 0.1 | M4: 0.4 | N4: 0.4 | O4: 0.4 | P4: 0.2 | Q4: 0.5 | R4: 0.8 | S4: 0.7 | T4: 0.4 | U4: 0.2 | V4: 0.25 | W4: 0.5 | X4: 0.8 | Y4: 0.8 | Z4: 0.8 | AA4: 0.5 | AB4: 0.35 | AC4: 0.2
E5: Saturday | F5: 0.05 | G5: 0 | H5: 0 | I5: 0 | J5: 0 | K5: 0 | L5: 0.05 | M5: 0.5 | N5: 0.5 | O5: 0.4 | P5: 0.2 | Q5: 0.45 | R5: 0.5 | S5: 0.5 | T5: 0.35 | U5: 0.3 | V5: 0.3 | W5: 0.3 | X5: 0.7 | Y5: 0.9 | Z5: 0.7 | AA5: 0.65 | AB5: 0.55 | AC5: 0.35
E6: Sunday | F6: 0.05 | G6: 0 | H6: 0 | I6: 0 | J6: 0 | K6: 0 | L6: 0.05 | M6: 0.5 | N6: 0.5 | O6: 0.2 | P6: 0.2 | Q6: 0.3 | R6: 0.5 | S6: 0.5 | T6: 0.3 | U6: 0.2 | V6: 0.25 | W6: 0.35 | X6: 0.55 | Y6: 0.65 | Z6: 0.7 | AA6: 0.35 | AB6: 0.2 | AC6: 0.2
A7: =A4 -> Dining | B7: Restaurant | C7: Lights | D7: T24 2022 - Appendix 5.4B, [Restaurant] Updated based on the equipment schedule from the plug load and schedule project with CEC | E7: Weekday | F7: 0.15 | G7: 0.15 | H7: 0.15 | I7: 0.15 | J7: 0.15 | K7: 0.2 | L7: 0.3 | M7: =M10-5% -> 0.67 | N7: =N10-5% -> 0.73 | O7: =O10-5% -> 0.75 | P7: =P10-5% -> 0.85 | Q7: =Q10-5% -> 0.85 | R7: =R10-5% -> 0.85 | S7: =S10-5% -> 0.83 | T7: =T10-5% -> 0.72 | ... AB7: =AB10-5% -> 0.57 | AC7: 0.3
E8: Saturday | F8: =F11 -> 0.15 | G8: 0.15 | H8: 0.15 | I8: 0.15 | J8: 0.15 | K8: =K11 -> 0.2 | L8: 0.3 | M8: =M11-5% -> 0.67 | N8: =N11-5% -> 0.73 | O8: =O11-5% -> 0.75 | P8: =P11-5% -> 0.85 | Q8: =Q11-5% -> 0.85 | R8: =R11-5% -> 0.85 | S8: =S11-5% -> 0.83 | T8: =T11-5% -> 0.72 | ... AB8: =AB11-5% -> 0.57 | AC8: 0.3
E9: Sunday | F9: 0.2 | G9: 0.15 | H9: 0.15 | I9: 0.15 | J9: 0.15 | K9: 0.15 | L9: 0.3 | M9: =M12-5% -> 0.67 | N9: =N12-5% -> 0.73 | O9: =O12-5% -> 0.75 | P9: =P12-5% -> 0.85 | Q9: =Q12-5% -> 0.85 | R9: =R12-5% -> 0.85 | S9: =S12-5% -> 0.83 | T9: =T12-5% -> 0.72 | ... AB9: =AB12-5% -> 0.57 | AC9: 0.3
A10: =A4 -> Dining | B10: Restaurant | C10: ElecEquipment | D10: Plug load and schedules project with CEC, 2025 | E10: Weekday | F10: 0.15 | G10: 0.15 | H10: 0.15 | I10: 0.15 | J10: 0.15 | K10: 0.2 | L10: 0.3 | M10: 0.72 | N10: 0.78 | O10: 0.8 | P10: 0.9 | Q10: 0.9 | R10: 0.9 | S10: 0.88 | T10: 0.77 | U10: 0.7 | V10: 0.72 | W10: 0.8 | X10: 0.9 | Y10: 0.9 | Z10: 0.9 | AA10: 0.8 | AB10: 0.62 | AC10: 0.3
E11: Saturday | F11: 0.15 | G11: 0.15 | H11: 0.15 | I11: 0.15 | J11: 0.15 | K11: 0.2 | L11: 0.3 | M11: 0.72 | N11: 0.78 | O11: 0.8 | P11: 0.9 | Q11: 0.9 | R11: 0.9 | S11: 0.88 | T11: 0.77 | U11: 0.7 | V11: 0.72 | W11: 0.8 | X11: 0.9 | Y11: 0.9 | Z11: 0.9 | AA11: 0.8 | AB11: 0.62 | AC11: 0.3
E12: Sunday | F12: 0.2 | G12: 0.15 | H12: 0.15 | I12: 0.15 | J12: 0.15 | K12: 0.15 | L12: 0.3 | M12: 0.72 | N12: 0.78 | O12: 0.8 | P12: 0.9 | Q12: 0.9 | R12: 0.9 | S12: 0.88 | T12: 0.77 | U12: 0.7 | V12: 0.72 | W12: 0.8 | X12: 0.9 | Y12: 0.9 | Z12: 0.9 | AA12: 0.8 | AB12: 0.62 | AC12: 0.3
A13: =A4 -> Dining | B13: Restaurant | C13: HVACAvail | D13: T24 2022 - Appendix 5.4B , [Restaurant] Updated based on the adopted PNNL occupancy | E13: Weekday | F13: 1 | G13: 0 | H13: 0 | I13: 0 | J13: 1 | K13: 1 | L13: 1 | M13: 1 | N13: 1 | O13: 1 | P13: 1 | Q13: 1 | R13: 1 | S13: 1 | T13: 1 | U13: 1 | V13: 1 | W13: 1 | X13: 1 | Y13: 1 | Z13: 1 | AA13: 1 | AB13: 1 | AC13: 1
E14: Saturday | F14: 1 | G14: 0 | H14: 0 | I14: 0 | J14: 0 | K14: 1 | L14: 1 | M14: 1 | N14: 1 | O14: 1 | P14: 1 | Q14: 1 | R14: 1 | S14: 1 | T14: 1 | U14: 1 | V14: 1 | W14: 1 | X14: 1 | Y14: 1 | Z14: 1 | AA14: 1 | AB14: 1 | AC14: 1
E15: Sunday | F15: 1 | G15: 0 | H15: 0 | I15: 0 | J15: 0 | K15: 1 | L15: 1 | M15: 1 | N15: 1 | O15: 1 | P15: 1 | Q15: 1 | R15: 1 | S15: 1 | T15: 1 | U15: 1 | V15: 1 | W15: 1 | X15: 1 | Y15: 1 | Z15: 1 | AA15: 1 | AB15: 1 | AC15: 1
A16: =A7 -> Dining | B16: Restaurant | C16: ServiceHotWater | D16: T24 2022 - Appendix 5.4B, [Restaurant] Updated based on the adopted PNNL occupancy | E16: Weekday | F16: 0.2 | G16: 0 | H16: 0 | I16: 0 | J16: 0 | K16: 0.3 | L16: 0.3 | M16: 0.6 | N16: 0.55 | O16: 0.45 | P16: 0.4 | Q16: 0.45 | R16: 0.4 | S16: 0.35 | T16: 0.3 | U16: 0.3 | V16: 0.3 | W16: 0.4 | X16: 0.55 | Y16: 0.6 | Z16: 0.5 | AA16: 0.55 | AB16: 0.45 | AC16: 0.25
E17: Saturday | F17: 0.2 | G17: 0 | H17: 0 | I17: 0 | J17: 0 | K17: 0 | L17: 0.3 | M17: 0.3 | N17: 0.3 | O17: 0.5 | P17: 0.45 | Q17: 0.5 | R17: 0.5 | S17: 0.45 | T17: 0.4 | U17: 0.4 | V17: 0.35 | W17: 0.4 | X17: 0.55 | Y17: 0.55 | Z17: 0.5 | AA17: 0.55 | AB17: 0.4 | AC17: 0.3
E18: Sunday | F18: 0.25 | G18: 0 | H18: 0 | I18: 0 | J18: 0 | K18: 0 | L18: 0.3 | M18: 0.3 | N18: 0.3 | O18: 0.5 | P18: 0.5 | Q18: 0.5 | R18: 0.4 | S18: 0.4 | T18: 0.3 | U18: 0.3 | V18: 0.3 | W18: 0.4 | X18: 0.5 | Y18: 0.5 | Z18: 0.4 | AA18: 0.5 | AB18: 0.4 | AC18: 0.2
A19: =A4 -> Dining | B19: Restaurant | C19: Infiltration | D19: T24 2022 - Appendix 5.4B, [Restaurant] Updated based on the adopted PNNL occupancy | E19: Weekday | F19: 0.25 | G19: 0 | H19: 0 | I19: 1 | J19: 0.25 | K19: 0.25 | L19: 0.25 | M19: 0.25 | N19: 0.25 | O19: 0.25 | P19: 0.25 | Q19: 0.25 | R19: 0.25 | S19: 0.25 | T19: 0.25 | U19: 0.25 | V19: 0.25 | W19: 0.25 | X19: 0.25 | Y19: 0.25 | Z19: 0.25 | AA19: 0.25 | AB19: 0.25 | AC19: 0.25
E20: Saturday | F20: 0.25 | G20: 0 | H20: 0 | I20: 1 | J20: 1 | K20: 0.25 | L20: 0.25 | M20: 0.25 | N20: 0.25 | O20: 0.25 | P20: 0.25 | Q20: 0.25 | R20: 0.25 | S20: 0.25 | T20: 0.25 | U20: 0.25 | V20: 0.25 | W20: 0.25 | X20: 0.25 | Y20: 0.25 | Z20: 0.25 | AA20: 0.25 | AB20: 0.25 | AC20: 0.25
E21: Sunday | F21: 0.25 | G21: 0 | H21: 0 | I21: 1 | J21: 1 | K21: 0.25 | L21: 0.25 | M21: 0.25 | N21: 0.25 | O21: 0.25 | P21: 0.25 | Q21: 0.25 | R21: 0.25 | S21: 0.25 | T21: 0.25 | U21: 0.25 | V21: 0.25 | W21: 0.25 | X21: 0.25 | Y21: 0.25 | Z21: 0.25 | AA21: 0.25 | AB21: 0.25 | AC21: 0.25
A22: Kitchen | B22: Restaurant | C22: Refrigeration | D22: T24 2022 - Appendix 5.4B, [Restaurant] | E22: Weekday | F22: 0.9 | G22: 0.9 | H22: 0.9 | I22: 0.9 | J22: 0.9 | K22: 0.9 | L22: 0.9 | M22: 0.9 | N22: 0.9 | O22: 0.9 | P22: 0.9 | Q22: 0.9 | R22: 0.9 | S22: 0.9 | T22: 0.9 | U22: 0.9 | V22: 0.9 | W22: 0.9 | X22: 0.9 | Y22: 0.9 | Z22: 0.9 | AA22: 0.9 | AB22: 0.9 | AC22: 0.9
E23: Saturday | F23: 0.9 | G23: 0.9 | H23: 0.9 | I23: 0.9 | J23: 0.9 | K23: 0.9 | L23: 0.9 | M23: 0.9 | N23: 0.9 | O23: 0.9 | P23: 0.9 | Q23: 0.9 | R23: 0.9 | S23: 0.9 | T23: 0.9 | U23: 0.9 | V23: 0.9 | W23: 0.9 | X23: 0.9 | Y23: 0.9 | Z23: 0.9 | AA23: 0.9 | AB23: 0.9 | AC23: 0.9
E24: Sunday | F24: 0.9 | G24: 0.9 | H24: 0.9 | I24: 0.9 | J24: 0.9 | K24: 0.9 | L24: 0.9 | M24: 0.9 | N24: 0.9 | O24: 0.9 | P24: 0.9 | Q24: 0.9 | R24: 0.9 | S24: 0.9 | T24: 0.9 | U24: 0.9 | V24: 0.9 | W24: 0.9 | X24: 0.9 | Y24: 0.9 | Z24: 0.9 | AA24: 0.9 | AB24: 0.9 | AC24: 0.9
A25: =A4 -> Dining | B25: =B16 -> Restaurant | C25: HtgSetpt | D25: T24 2022 - Appendix 5.4B, [Restaurant] | E25: Weekday | F25: =IF(F13=1,Thermostat!$C$3,Thermostat!$C$4) -> 70 | G25: =IF(G13=1,Thermostat!$C$3,Thermostat!$C$4) -> 60 | H25: =IF(H13=1,Thermostat!$C$3,Thermostat!$C$4) -> 60 | I25: =IF(I13=1,Thermostat!$C$3,Thermostat!$C$4) -> 60 | J25: =IF(J13=1,Thermostat!$C$3,Thermostat!$C$4) -> 70 | K25: =IF(K13=1,Thermostat!$C$3,Thermostat!$C$4) -> 70 | L25: =IF(L13=1,Thermostat!$C$3,Thermostat!$C$4) -> 70 | M25: =IF(M13=1,Thermostat!$C$3,Thermostat!$C$4) -> 70 | ... AC25: =IF(AC13=1,Thermostat!$C$3,Thermostat!$C$4) -> 70
E26: Saturday | F26: =IF(F14=1,Thermostat!$C$3,Thermostat!$C$4) -> 70 | G26: =IF(G14=1,Thermostat!$C$3,Thermostat!$C$4) -> 60 | H26: =IF(H14=1,Thermostat!$C$3,Thermostat!$C$4) -> 60 | I26: =IF(I14=1,Thermostat!$C$3,Thermostat!$C$4) -> 60 | J26: =IF(J14=1,Thermostat!$C$3,Thermostat!$C$4) -> 60 | K26: =IF(K14=1,Thermostat!$C$3,Thermostat!$C$4) -> 70 | L26: =IF(L14=1,Thermostat!$C$3,Thermostat!$C$4) -> 70 | M26: =IF(M14=1,Thermostat!$C$3,Thermostat!$C$4) -> 70 | ... AC26: =IF(AC14=1,Thermostat!$C$3,Thermostat!$C$4) -> 70
E27: Sunday | F27: =IF(F15=1,Thermostat!$C$3,Thermostat!$C$4) -> 70 | G27: =IF(G15=1,Thermostat!$C$3,Thermostat!$C$4) -> 60 | H27: =IF(H15=1,Thermostat!$C$3,Thermostat!$C$4) -> 60 | I27: =IF(I15=1,Thermostat!$C$3,Thermostat!$C$4) -> 60 | J27: =IF(J15=1,Thermostat!$C$3,Thermostat!$C$4) -> 60 | K27: =IF(K15=1,Thermostat!$C$3,Thermostat!$C$4) -> 70 | L27: =IF(L15=1,Thermostat!$C$3,Thermostat!$C$4) -> 70 | M27: =IF(M15=1,Thermostat!$C$3,Thermostat!$C$4) -> 70 | ... AC27: =IF(AC15=1,Thermostat!$C$3,Thermostat!$C$4) -> 70
A28: =A4 -> Dining | B28: =B19 -> Restaurant | C28: ClgSetpt | D28: T24 2022 - Appendix 5.4B, [Restaurant] | E28: Weekday | F28: =IF(F13=1,Thermostat!$C$5,Thermostat!$C$6) -> 75 | G28: =IF(G13=1,Thermostat!$C$5,Thermostat!$C$6) -> 85 | H28: =IF(H13=1,Thermostat!$C$5,Thermostat!$C$6) -> 85 | I28: =IF(I13=1,Thermostat!$C$5,Thermostat!$C$6) -> 85 | J28: =IF(J13=1,Thermostat!$C$5,Thermostat!$C$6) -> 75 | K28: =IF(K13=1,Thermostat!$C$5,Thermostat!$C$6) -> 75 | L28: =IF(L13=1,Thermostat!$C$5,Thermostat!$C$6) -> 75 | M28: =IF(M13=1,Thermostat!$C$5,Thermostat!$C$6) -> 75 | ... AC28: =IF(AC13=1,Thermostat!$C$5,Thermostat!$C$6) -> 75
E29: Saturday | F29: =IF(F14=1,Thermostat!$C$5,Thermostat!$C$6) -> 75 | G29: =IF(G14=1,Thermostat!$C$5,Thermostat!$C$6) -> 85 | H29: =IF(H14=1,Thermostat!$C$5,Thermostat!$C$6) -> 85 | I29: =IF(I14=1,Thermostat!$C$5,Thermostat!$C$6) -> 85 | J29: =IF(J14=1,Thermostat!$C$5,Thermostat!$C$6) -> 85 | K29: =IF(K14=1,Thermostat!$C$5,Thermostat!$C$6) -> 75 | L29: =IF(L14=1,Thermostat!$C$5,Thermostat!$C$6) -> 75 | M29: =IF(M14=1,Thermostat!$C$5,Thermostat!$C$6) -> 75 | ... AC29: =IF(AC14=1,Thermostat!$C$5,Thermostat!$C$6) -> 75
E30: Sunday | F30: =IF(F15=1,Thermostat!$C$5,Thermostat!$C$6) -> 75 | G30: =IF(G15=1,Thermostat!$C$5,Thermostat!$C$6) -> 85 | H30: =IF(H15=1,Thermostat!$C$5,Thermostat!$C$6) -> 85 | I30: =IF(I15=1,Thermostat!$C$5,Thermostat!$C$6) -> 85 | J30: =IF(J15=1,Thermostat!$C$5,Thermostat!$C$6) -> 85 | K30: =IF(K15=1,Thermostat!$C$5,Thermostat!$C$6) -> 75 | L30: =IF(L15=1,Thermostat!$C$5,Thermostat!$C$6) -> 75 | M30: =IF(M15=1,Thermostat!$C$5,Thermostat!$C$6) -> 75 | ... AC30: =IF(AC15=1,Thermostat!$C$5,Thermostat!$C$6) -> 75
A31: Kitchen
A32: Kitchen | B32: Kitchen | C32: occupancy | D32: PNNL, ASHRAE 90.1, 2022 RestaurantSitDown prototype (It has higher occupancy rate during morning compared to T24 2022 - Appendix 5.4B) | E32: Weekday | F32: 0.05 | G32: 0 | H32: 0 | I32: 0 | J32: 0 | K32: 0.05 | L32: 0.1 | M32: 0.4 | N32: 0.4 | O32: 0.4 | P32: 0.2 | Q32: 0.5 | R32: 0.8 | S32: 0.7 | T32: 0.4 | U32: 0.2 | V32: 0.25 | W32: 0.5 | X32: 0.8 | Y32: 0.8 | Z32: 0.8 | AA32: 0.5 | AB32: 0.35 | AC32: 0.2
E33: Saturday | F33: 0.05 | G33: 0 | H33: 0 | I33: 0 | J33: 0 | K33: 0 | L33: 0.05 | M33: 0.5 | N33: 0.5 | O33: 0.4 | P33: 0.2 | Q33: 0.45 | R33: 0.5 | S33: 0.5 | T33: 0.35 | U33: 0.3 | V33: 0.3 | W33: 0.3 | X33: 0.7 | Y33: 0.9 | Z33: 0.7 | AA33: 0.65 | AB33: 0.55 | AC33: 0.35
E34: Sunday | F34: 0.05 | G34: 0 | H34: 0 | I34: 0 | J34: 0 | K34: 0 | L34: 0.05 | M34: 0.5 | N34: 0.5 | O34: 0.2 | P34: 0.2 | Q34: 0.3 | R34: 0.5 | S34: 0.5 | T34: 0.3 | U34: 0.2 | V34: 0.25 | W34: 0.35 | X34: 0.55 | Y34: 0.65 | Z34: 0.7 | AA34: 0.35 | AB34: 0.2 | AC34: 0.2
A35: Kitchen | B35: Kitchen | C35: Lights | D35: T24 2022 - Appendix 5.4B, [Restaurant] Updated based on the equipment schedule from the plug load and schedule project with CEC | E35: Weekday | F35: 0.15 | G35: 0.15 | H35: 0.15 | I35: 0.15 | J35: 0.15 | K35: 0.2 | L35: 0.3 | M35: =M38-5% -> 0.67 | N35: =N38-5% -> 0.73 | O35: =O38-5% -> 0.75 | P35: =P38-5% -> 0.85 | Q35: =Q38-5% -> 0.85 | R35: =R38-5% -> 0.85 | S35: =S38-5% -> 0.83 | T35: =T38-5% -> 0.72 | ... AB35: =AB38-5% -> 0.57 | AC35: 0.3
E36: Saturday | F36: =F39 -> 0.15 | G36: 0.15 | H36: 0.15 | I36: 0.15 | J36: 0.15 | K36: =K39 -> 0.2 | L36: 0.3 | M36: =M39-5% -> 0.67 | N36: =N39-5% -> 0.73 | O36: =O39-5% -> 0.75 | P36: =P39-5% -> 0.85 | Q36: =Q39-5% -> 0.85 | R36: =R39-5% -> 0.85 | S36: =S39-5% -> 0.83 | T36: =T39-5% -> 0.72 | ... AB36: =AB39-5% -> 0.57 | AC36: 0.3
E37: Sunday | F37: 0.2 | G37: 0.15 | H37: 0.15 | I37: 0.15 | J37: 0.15 | K37: 0.15 | L37: 0.3 | M37: =M40-5% -> 0.67 | N37: =N40-5% -> 0.73 | O37: =O40-5% -> 0.75 | P37: =P40-5% -> 0.85 | Q37: =Q40-5% -> 0.85 | R37: =R40-5% -> 0.85 | S37: =S40-5% -> 0.83 | T37: =T40-5% -> 0.72 | ... AB37: =AB40-5% -> 0.57 | AC37: 0.3
A38: Kitchen | B38: Kitchen | C38: ElecEquipment | D38: Plug load and schedules project with CEC, 2025 | E38: Weekday | F38: 0.15 | G38: 0.15 | H38: 0.15 | I38: 0.15 | J38: 0.15 | K38: 0.2 | L38: 0.3 | M38: 0.72 | N38: 0.78 | O38: 0.8 | P38: 0.9 | Q38: 0.9 | R38: 0.9 | S38: 0.88 | T38: 0.77 | U38: 0.7 | V38: 0.72 | W38: 0.8 | X38: 0.9 | Y38: 0.9 | Z38: 0.9 | AA38: 0.8 | AB38: 0.62 | AC38: 0.3 | AM38: =(SUM(F38:AC38)*5+SUM(F39:AC40))*52 -> 5292.56
E39: Saturday | F39: 0.15 | G39: 0.15 | H39: 0.15 | I39: 0.15 | J39: 0.15 | K39: 0.2 | L39: 0.3 | M39: 0.72 | N39: 0.78 | O39: 0.8 | P39: 0.9 | Q39: 0.9 | R39: 0.9 | S39: 0.88 | T39: 0.77 | U39: 0.7 | V39: 0.72 | W39: 0.8 | X39: 0.9 | Y39: 0.9 | Z39: 0.9 | AA39: 0.8 | AB39: 0.62 | AC39: 0.3
E40: Sunday | F40: 0.2 | G40: 0.15 | H40: 0.15 | I40: 0.15 | J40: 0.15 | K40: 0.15 | L40: 0.3 | M40: 0.72 | N40: 0.78 | O40: 0.8 | P40: 0.9 | Q40: 0.9 | R40: 0.9 | S40: 0.88 | T40: 0.77 | U40: 0.7 | V40: 0.72 | W40: 0.8 | X40: 0.9 | Y40: 0.9 | Z40: 0.9 | AA40: 0.8 | AB40: 0.62 | AC40: 0.3
A41: Kitchen | B41: Kitchen | C41: HVACAvail | D41: T24 2022 - Appendix 5.4B , [Restaurant] Updated based on the adopted PNNL occupancy | E41: Weekday | F41: 1 | G41: 0 | H41: 0 | I41: 0 | J41: 1 | K41: 1 | L41: 1 | M41: 1 | N41: 1 | O41: 1 | P41: 1 | Q41: 1 | R41: 1 | S41: 1 | T41: 1 | U41: 1 | V41: 1 | W41: 1 | X41: 1 | Y41: 1 | Z41: 1 | AA41: 1 | AB41: 1 | AC41: 1
E42: Saturday | F42: 1 | G42: 0 | H42: 0 | I42: 0 | J42: 0 | K42: 1 | L42: 1 | M42: 1 | N42: 1 | O42: 1 | P42: 1 | Q42: 1 | R42: 1 | S42: 1 | T42: 1 | U42: 1 | V42: 1 | W42: 1 | X42: 1 | Y42: 1 | Z42: 1 | AA42: 1 | AB42: 1 | AC42: 1
E43: Sunday | F43: 1 | G43: 0 | H43: 0 | I43: 0 | J43: 0 | K43: 1 | L43: 1 | M43: 1 | N43: 1 | O43: 1 | P43: 1 | Q43: 1 | R43: 1 | S43: 1 | T43: 1 | U43: 1 | V43: 1 | W43: 1 | X43: 1 | Y43: 1 | Z43: 1 | AA43: 1 | AB43: 1 | AC43: 1
A44: Kitchen | B44: Kitchen | C44: ServiceHotWater | D44: T24 2022 - Appendix 5.4B, [Restaurant] Updated based on the adopted PNNL occupancy | E44: Weekday | F44: 0.2 | G44: 0 | H44: 0 | I44: 0 | J44: 0 | K44: 0.2 | L44: 0.2 | M44: 0.3 | N44: 0.3 | O44: 0.3 | P44: 0.4 | Q44: 0.45 | R44: 0.4 | S44: 0.35 | T44: 0.3 | U44: 0.3 | V44: 0.3 | W44: 0.4 | X44: 0.55 | Y44: 0.6 | Z44: 0.5 | AA44: 0.55 | AB44: 0.45 | AC44: 0.2
E45: Saturday | F45: 0.2 | G45: 0 | H45: 0 | I45: 0 | J45: 0 | K45: 0 | L45: 0.2 | M45: 0.2 | N45: 0.3 | O45: 0.3 | P45: 0.45 | Q45: 0.5 | R45: 0.5 | S45: 0.45 | T45: 0.4 | U45: 0.4 | V45: 0.35 | W45: 0.4 | X45: 0.55 | Y45: 0.55 | Z45: 0.5 | AA45: 0.55 | AB45: 0.4 | AC45: 0.2
E46: Sunday | F46: 0.25 | G46: 0 | H46: 0 | I46: 0 | J46: 0 | K46: 0 | L46: 0.2 | M46: 0.2 | N46: 0.3 | O46: 0.3 | P46: 0.3 | Q46: 0.5 | R46: 0.4 | S46: 0.4 | T46: 0.3 | U46: 0.3 | V46: 0.3 | W46: 0.4 | X46: 0.5 | Y46: 0.5 | Z46: 0.4 | AA46: 0.5 | AB46: 0.4 | AC46: 0.2
A47: Kitchen | B47: Kitchen | C47: Infiltration | D47: T24 2022 - Appendix 5.4B, [Restaurant] Updated based on the adopted PNNL occupancy | E47: Weekday | F47: 0.25 | G47: 0 | H47: 0 | I47: 1 | J47: 0.25 | K47: 0.25 | L47: 0.25 | M47: 0.25 | N47: 0.25 | O47: 0.25 | P47: 0.25 | Q47: 0.25 | R47: 0.25 | S47: 0.25 | T47: 0.25 | U47: 0.25 | V47: 0.25 | W47: 0.25 | X47: 0.25 | Y47: 0.25 | Z47: 0.25 | AA47: 0.25 | AB47: 0.25 | AC47: 0.25
E48: Saturday | F48: 0.25 | G48: 0 | H48: 0 | I48: 1 | J48: 1 | K48: 0.25 | L48: 0.25 | M48: 0.25 | N48: 0.25 | O48: 0.25 | P48: 0.25 | Q48: 0.25 | R48: 0.25 | S48: 0.25 | T48: 0.25 | U48: 0.25 | V48: 0.25 | W48: 0.25 | X48: 0.25 | Y48: 0.25 | Z48: 0.25 | AA48: 0.25 | AB48: 0.25 | AC48: 0.25
E49: Sunday | F49: 0.25 | G49: 0 | H49: 0 | I49: 1 | J49: 1 | K49: 0.25 | L49: 0.25 | M49: 0.25 | N49: 0.25 | O49: 0.25 | P49: 0.25 | Q49: 0.25 | R49: 0.25 | S49: 0.25 | T49: 0.25 | U49: 0.25 | V49: 0.25 | W49: 0.25 | X49: 0.25 | Y49: 0.25 | Z49: 0.25 | AA49: 0.25 | AB49: 0.25 | AC49: 0.25
A50: Kitchen | B50: Kitchen | C50: ExhaustHoodEqualOrLessThan5000cfm | D50: T24 2022 - Appendix 5.4B, [Restaurant] Updated based on the adopted PNNL occupancy | E50: Weekday | F50: 0 | G50: 0 | H50: 0 | I50: 0 | J50: 0 | K50: 1 | L50: 1 | M50: 1 | N50: 1 | O50: 1 | P50: 1 | Q50: 1 | R50: 1 | S50: 1 | T50: 1 | U50: 1 | V50: 1 | W50: 1 | X50: 1 | Y50: 0 | Z50: 0 | AA50: 0 | AB50: 0 | AC50: 0
E51: Saturday | F51: 0 | G51: 0 | H51: 0 | I51: 0 | J51: 0 | K51: 0 | L51: 1 | M51: 1 | N51: 1 | O51: 1 | P51: 1 | Q51: 1 | R51: 1 | S51: 1 | T51: 1 | U51: 1 | V51: 1 | W51: 1 | X51: 1 | Y51: 0 | Z51: 0 | AA51: 0 | AB51: 0 | AC51: 0
E52: Sunday | F52: 0 | G52: 0 | H52: 0 | I52: 0 | J52: 0 | K52: 0 | L52: 1 | M52: 1 | N52: 1 | O52: 1 | P52: 1 | Q52: 1 | R52: 1 | S52: 1 | T52: 1 | U52: 1 | V52: 1 | W52: 1 | X52: 1 | Y52: 0 | Z52: 0 | AA52: 0 | AB52: 0 | AC52: 0
A53: Kitchen | B53: Kitchen | C53: ExhaustHoodGreaterThan 5000cfm | D53: T24 2022 - Appendix 5.4B, [Restaurant] Updated based on the adopted PNNL occupancy | E53: Weekday | F53: 0 | G53: 0 | H53: 0 | I53: 0 | J53: 0 | K53: 1 | L53: 0.5 | M53: 1 | N53: 0.5 | O53: 1 | P53: 0.5 | Q53: 1 | R53: 0.5 | S53: 1 | T53: 0.5 | U53: 1 | V53: 0.5 | W53: 1 | X53: 0.5 | Y53: 0 | Z53: 0 | AA53: 0 | AB53: 0 | AC53: 0
E54: Saturday | F54: 0 | G54: 0 | H54: 0 | I54: 0 | J54: 0 | K54: 0 | L54: 0.5 | M54: 1 | N54: 0.5 | O54: 1 | P54: 0.5 | Q54: 1 | R54: 0.5 | S54: 1 | T54: 0.5 | U54: 1 | V54: 0.5 | W54: 1 | X54: 0.5 | Y54: 0 | Z54: 0 | AA54: 0 | AB54: 0 | AC54: 0
E55: Sunday | F55: 0 | G55: 0 | H55: 0 | I55: 0 | J55: 0 | K55: 0 | L55: 0.5 | M55: 1 | N55: 0.5 | O55: 1 | P55: 0.5 | Q55: 1 | R55: 0.5 | S55: 1 | T55: 0.5 | U55: 1 | V55: 0.5 | W55: 1 | X55: 0.5 | Y55: 0 | Z55: 0 | AA55: 0 | AB55: 0 | AC55: 0
A56: Kitchen | B56: Kitchen | C56: Refrigeration | D56: T24 2022 - Appendix 5.4B, [Restaurant] | E56: Weekday | F56: 0.9 | G56: 0.9 | H56: 0.9 | I56: 0.9 | J56: 0.9 | K56: 0.9 | L56: 0.9 | M56: 0.9 | N56: 0.9 | O56: 0.9 | P56: 0.9 | Q56: 0.9 | R56: 0.9 | S56: 0.9 | T56: 0.9 | U56: 0.9 | V56: 0.9 | W56: 0.9 | X56: 0.9 | Y56: 0.9 | Z56: 0.9 | AA56: 0.9 | AB56: 0.9 | AC56: 0.9
E57: Saturday | F57: 0.9 | G57: 0.9 | H57: 0.9 | I57: 0.9 | J57: 0.9 | K57: 0.9 | L57: 0.9 | M57: 0.9 | N57: 0.9 | O57: 0.9 | P57: 0.9 | Q57: 0.9 | R57: 0.9 | S57: 0.9 | T57: 0.9 | U57: 0.9 | V57: 0.9 | W57: 0.9 | X57: 0.9 | Y57: 0.9 | Z57: 0.9 | AA57: 0.9 | AB57: 0.9 | AC57: 0.9
E58: Sunday | F58: 0.9 | G58: 0.9 | H58: 0.9 | I58: 0.9 | J58: 0.9 | K58: 0.9 | L58: 0.9 | M58: 0.9 | N58: 0.9 | O58: 0.9 | P58: 0.9 | Q58: 0.9 | R58: 0.9 | S58: 0.9 | T58: 0.9 | U58: 0.9 | V58: 0.9 | W58: 0.9 | X58: 0.9 | Y58: 0.9 | Z58: 0.9 | AA58: 0.9 | AB58: 0.9 | AC58: 0.9
A59: Kitchen | B59: Kitchen | C59: GasEquipment | D59: T24 2022 - Appendix 5.4B, [Restaurant] Updated based on the equipment schedule from the plug load and schedule project with CEC | E59: Weekday | F59: 0 | G59: 0 | H59: 0 | I59: 0 | J59: 0 | K59: 0 | L59: 0.3 | M59: 0.5 | N59: 0.5 | O59: 0.5 | P59: 0.8 | Q59: 0.8 | R59: 0.9 | S59: 0.9 | T59: 0.5 | U59: 0.5 | V59: 0.5 | W59: 0.9 | X59: 0.9 | Y59: 0.9 | Z59: 0.8 | AA59: 0.4 | AB59: 0.2 | AC59: 0.2 | AF59: =SUM(F59:AC59)*5+SUM(F60:AC61) -> 77 | AG59: =AF59*52 -> 4004
E60: Saturday | F60: 0 | G60: 0 | H60: 0 | I60: 0 | J60: 0 | K60: 0 | L60: 0.3 | M60: 0.5 | N60: 0.5 | O60: 0.5 | P60: 0.8 | Q60: 0.8 | R60: 0.9 | S60: 0.9 | T60: 0.5 | U60: 0.5 | V60: 0.5 | W60: 0.9 | X60: 0.9 | Y60: 0.9 | Z60: 0.8 | AA60: 0.4 | AB60: 0.2 | AC60: 0.2 | AG60: =(SUM(F38:AC38)*5+SUM(F39:AC40))*52 -> 5292.56
E61: Sunday | F61: 0 | G61: 0 | H61: 0 | I61: 0 | J61: 0 | K61: 0 | L61: 0.3 | M61: 0.5 | N61: 0.5 | O61: 0.5 | P61: 0.8 | Q61: 0.8 | R61: 0.9 | S61: 0.9 | T61: 0.5 | U61: 0.5 | V61: 0.5 | W61: 0.9 | X61: 0.9 | Y61: 0.9 | Z61: 0.8 | AA61: 0.4 | AB61: 0.2 | AC61: 0.2
A62: =A56 -> Kitchen | B62: =B56 -> Kitchen | C62: HtgSetpt | D62: Thermostat Setpoints of PNNL 09.1, 2022 Restaurant prototype and HVAC availability schedule of CEC Restaurant prototype | E62: Weekday | F62: =IF(F41=1,Thermostat!$C$7,Thermostat!$C$8) -> 66 | G62: =IF(G41=1,Thermostat!$C$7,Thermostat!$C$8) -> 60 | H62: =IF(H41=1,Thermostat!$C$7,Thermostat!$C$8) -> 60 | I62: =IF(I41=1,Thermostat!$C$7,Thermostat!$C$8) -> 60 | J62: =IF(J41=1,Thermostat!$C$7,Thermostat!$C$8) -> 66 | K62: =IF(K41=1,Thermostat!$C$7,Thermostat!$C$8) -> 66 | L62: =IF(L41=1,Thermostat!$C$7,Thermostat!$C$8) -> 66 | M62: =IF(M41=1,Thermostat!$C$7,Thermostat!$C$8) -> 66 | ... AC62: =IF(AC41=1,Thermostat!$C$7,Thermostat!$C$8) -> 66
E63: Saturday | F63: =IF(F42=1,Thermostat!$C$7,Thermostat!$C$8) -> 66 | G63: =IF(G42=1,Thermostat!$C$7,Thermostat!$C$8) -> 60 | H63: =IF(H42=1,Thermostat!$C$7,Thermostat!$C$8) -> 60 | I63: =IF(I42=1,Thermostat!$C$7,Thermostat!$C$8) -> 60 | J63: =IF(J42=1,Thermostat!$C$7,Thermostat!$C$8) -> 60 | K63: =IF(K42=1,Thermostat!$C$7,Thermostat!$C$8) -> 66 | L63: =IF(L42=1,Thermostat!$C$7,Thermostat!$C$8) -> 66 | M63: =IF(M42=1,Thermostat!$C$7,Thermostat!$C$8) -> 66 | ... AC63: =IF(AC42=1,Thermostat!$C$7,Thermostat!$C$8) -> 66
E64: Sunday | F64: =IF(F43=1,Thermostat!$C$7,Thermostat!$C$8) -> 66 | G64: =IF(G43=1,Thermostat!$C$7,Thermostat!$C$8) -> 60 | H64: =IF(H43=1,Thermostat!$C$7,Thermostat!$C$8) -> 60 | I64: =IF(I43=1,Thermostat!$C$7,Thermostat!$C$8) -> 60 | J64: =IF(J43=1,Thermostat!$C$7,Thermostat!$C$8) -> 60 | K64: =IF(K43=1,Thermostat!$C$7,Thermostat!$C$8) -> 66 | L64: =IF(L43=1,Thermostat!$C$7,Thermostat!$C$8) -> 66 | M64: =IF(M43=1,Thermostat!$C$7,Thermostat!$C$8) -> 66 | ... AC64: =IF(AC43=1,Thermostat!$C$7,Thermostat!$C$8) -> 66
A65: =A59 -> Kitchen | B65: =B59 -> Kitchen | C65: ClgSetpt | D65: Thermostat Setpoints of PNNL 09.1, 2022 Restaurant prototype and HVAC availability schedule of CEC Restaurant prototype | E65: Weekday | F65: =IF(F41=1,Thermostat!$C$9,Thermostat!$C$10) -> 79 | G65: =IF(G41=1,Thermostat!$C$9,Thermostat!$C$10) -> 86 | H65: =IF(H41=1,Thermostat!$C$9,Thermostat!$C$10) -> 86 | I65: =IF(I41=1,Thermostat!$C$9,Thermostat!$C$10) -> 86 | J65: =IF(J41=1,Thermostat!$C$9,Thermostat!$C$10) -> 79 | K65: =IF(K41=1,Thermostat!$C$9,Thermostat!$C$10) -> 79 | L65: =IF(L41=1,Thermostat!$C$9,Thermostat!$C$10) -> 79 | M65: =IF(M41=1,Thermostat!$C$9,Thermostat!$C$10) -> 79 | ... AC65: =IF(AC41=1,Thermostat!$C$9,Thermostat!$C$10) -> 79
E66: Saturday | F66: =IF(F42=1,Thermostat!$C$9,Thermostat!$C$10) -> 79 | G66: =IF(G42=1,Thermostat!$C$9,Thermostat!$C$10) -> 86 | H66: =IF(H42=1,Thermostat!$C$9,Thermostat!$C$10) -> 86 | I66: =IF(I42=1,Thermostat!$C$9,Thermostat!$C$10) -> 86 | J66: =IF(J42=1,Thermostat!$C$9,Thermostat!$C$10) -> 86 | K66: =IF(K42=1,Thermostat!$C$9,Thermostat!$C$10) -> 79 | L66: =IF(L42=1,Thermostat!$C$9,Thermostat!$C$10) -> 79 | M66: =IF(M42=1,Thermostat!$C$9,Thermostat!$C$10) -> 79 | ... AC66: =IF(AC42=1,Thermostat!$C$9,Thermostat!$C$10) -> 79
E67: Sunday | F67: =IF(F43=1,Thermostat!$C$9,Thermostat!$C$10) -> 79 | G67: =IF(G43=1,Thermostat!$C$9,Thermostat!$C$10) -> 86 | H67: =IF(H43=1,Thermostat!$C$9,Thermostat!$C$10) -> 86 | I67: =IF(I43=1,Thermostat!$C$9,Thermostat!$C$10) -> 86 | J67: =IF(J43=1,Thermostat!$C$9,Thermostat!$C$10) -> 86 | K67: =IF(K43=1,Thermostat!$C$9,Thermostat!$C$10) -> 79 | L67: =IF(L43=1,Thermostat!$C$9,Thermostat!$C$10) -> 79 | M67: =IF(M43=1,Thermostat!$C$9,Thermostat!$C$10) -> 79 | ... AC67: =IF(AC43=1,Thermostat!$C$9,Thermostat!$C$10) -> 79
A68: Other
B69: Building | C69: ExtLightingNonMotionCtrl | E69: Weekday | F69: 1 | G69: 1 | H69: 1 | I69: 1 | J69: 1 | K69: 1 | L69: 1 | M69: 1 | N69: 1 | O69: 1 | P69: 1 | Q69: 1 | R69: 1 | S69: 1 | T69: 1 | U69: 1 | V69: 1 | W69: 1 | X69: 1 | Y69: 1 | Z69: 1 | AA69: 1 | AB69: 1 | AC69: 1
E70: Saturday | F70: 1 | G70: 1 | H70: 1 | I70: 1 | J70: 1 | K70: 1 | L70: 1 | M70: 1 | N70: 1 | O70: 1 | P70: 1 | Q70: 1 | R70: 1 | S70: 1 | T70: 1 | U70: 1 | V70: 1 | W70: 1 | X70: 1 | Y70: 1 | Z70: 1 | AA70: 1 | AB70: 1 | AC70: 1
E71: Sunday | F71: 1 | G71: 1 | H71: 1 | I71: 1 | J71: 1 | K71: 1 | L71: 1 | M71: 1 | N71: 1 | O71: 1 | P71: 1 | Q71: 1 | R71: 1 | S71: 1 | T71: 1 | U71: 1 | V71: 1 | W71: 1 | X71: 1 | Y71: 1 | Z71: 1 | AA71: 1 | AB71: 1 | AC71: 1
B72: Building | C72: ExtLightingMotionCtrl | E72: Weekday | F72: 0 | G72: 0 | H72: 0 | I72: 0 | J72: 0 | K72: 1 | L72: 1 | M72: 1 | N72: 1 | O72: 1 | P72: 1 | Q72: 1 | R72: 1 | S72: 1 | T72: 1 | U72: 1 | V72: 1 | W72: 1 | X72: 1 | Y72: 1 | Z72: 1 | AA72: 1 | AB72: 0 | AC72: 0
E73: Saturday | F73: 0 | G73: 0 | H73: 0 | I73: 0 | J73: 0 | K73: 1 | L73: 1 | M73: 1 | N73: 1 | O73: 1 | P73: 1 | Q73: 1 | R73: 1 | S73: 1 | T73: 1 | U73: 1 | V73: 1 | W73: 1 | X73: 1 | Y73: 1 | Z73: 1 | AA73: 1 | AB73: 1 | AC73: 1
E74: Sunday | F74: 0 | G74: 0 | H74: 0 | I74: 0 | J74: 0 | K74: 1 | L74: 1 | M74: 1 | N74: 1 | O74: 1 | P74: 1 | Q74: 1 | R74: 1 | S74: 1 | T74: 1 | U74: 1 | V74: 1 | W74: 1 | X74: 1 | Y74: 1 | Z74: 1 | AA74: 1 | AB74: 1 | AC74: 1
A75: Dining | B75: Building | C75: DiningAreaPeopleActivityLevel | D75: Based on Activity level schedules in CEC Prototypes and assumed spaces for Basement | E75: Weekday | F75: 161.2 | G75: 161.2 | H75: 161.2 | I75: 161.2 | J75: 161.2 | K75: 161.2 | L75: 161.2 | M75: 161.2 | N75: 161.2 | O75: 161.2 | P75: 161.2 | Q75: 161.2 | R75: 161.2 | S75: 161.2 | T75: 161.2 | U75: 161.2 | V75: 161.2 | W75: 161.2 | X75: 161.2 | Y75: 161.2 | Z75: 161.2 | AA75: 161.2 | AB75: 161.2 | AC75: 161.2
E76: Saturday | F76: 161.2 | G76: 161.2 | H76: 161.2 | I76: 161.2 | J76: 161.2 | K76: 161.2 | L76: 161.2 | M76: 161.2 | N76: 161.2 | O76: 161.2 | P76: 161.2 | Q76: 161.2 | R76: 161.2 | S76: 161.2 | T76: 161.2 | U76: 161.2 | V76: 161.2 | W76: 161.2 | X76: 161.2 | Y76: 161.2 | Z76: 161.2 | AA76: 161.2 | AB76: 161.2 | AC76: 161.2
E77: Sunday | F77: 161.2 | G77: 161.2 | H77: 161.2 | I77: 161.2 | J77: 161.2 | K77: 161.2 | L77: 161.2 | M77: 161.2 | N77: 161.2 | O77: 161.2 | P77: 161.2 | Q77: 161.2 | R77: 161.2 | S77: 161.2 | T77: 161.2 | U77: 161.2 | V77: 161.2 | W77: 161.2 | X77: 161.2 | Y77: 161.2 | Z77: 161.2 | AA77: 161.2 | AB77: 161.2 | AC77: 161.2
A78: Kitchen | B78: Building | C78: KitchenPeopleActivityLevel | D78: Based on Activity level schedules in CEC Prototypes and assumed spaces for Basement | E78: Weekday | F78: 219.8 | G78: 219.8 | H78: 219.8 | I78: 219.8 | J78: 219.8 | K78: 219.8 | L78: 219.8 | M78: 219.8 | N78: 219.8 | O78: 219.8 | P78: 219.8 | Q78: 219.8 | R78: 219.8 | S78: 219.8 | T78: 219.8 | U78: 219.8 | V78: 219.8 | W78: 219.8 | X78: 219.8 | Y78: 219.8 | Z78: 219.8 | AA78: 219.8 | AB78: 219.8 | AC78: 219.8
E79: Saturday | F79: 219.8 | G79: 219.8 | H79: 219.8 | I79: 219.8 | J79: 219.8 | K79: 219.8 | L79: 219.8 | M79: 219.8 | N79: 219.8 | O79: 219.8 | P79: 219.8 | Q79: 219.8 | R79: 219.8 | S79: 219.8 | T79: 219.8 | U79: 219.8 | V79: 219.8 | W79: 219.8 | X79: 219.8 | Y79: 219.8 | Z79: 219.8 | AA79: 219.8 | AB79: 219.8 | AC79: 219.8
E80: Sunday | F80: 219.8 | G80: 219.8 | H80: 219.8 | I80: 219.8 | J80: 219.8 | K80: 219.8 | L80: 219.8 | M80: 219.8 | N80: 219.8 | O80: 219.8 | P80: 219.8 | Q80: 219.8 | R80: 219.8 | S80: 219.8 | T80: 219.8 | U80: 219.8 | V80: 219.8 | W80: 219.8 | X80: 219.8 | Y80: 219.8 | Z80: 219.8 | AA80: 219.8 | AB80: 219.8 | AC80: 219.8
A90: Background Data [To be deleted prior to publication]
B93: Occupancy | C93: T24 2022 | D93: Kitchen | E93: Weekday | F93: {=_xlfn._xlws.FILTER($F$124:$AC$189,($B$124:$B$189=$B$93)*($C$124:$C$189=C93)*(($D$124:$D$189=$D$93) + ($D$124:$D$189="All zones"))*($E$124:$E$189=$E$93),"No match")} -> 0.15 | G93: 0.15 | H93: 0.05 | I93: 0 | J93: 0 | K93: 0 | L93: 0 | M93: 0.05 | N93: 0.05 | O93: 0.05 | P93: 0.2 | Q93: 0.5 | R93: 0.8 | S93: 0.7 | T93: 0.4 | U93: 0.2 | V93: 0.25 | W93: 0.5 | X93: 0.8 | Y93: 0.8 | Z93: 0.8 | AA93: 0.5 | AB93: 0.35 | AC93: 0.2
C94: ComNET | F94: {=_xlfn._xlws.FILTER($F$124:$AC$189,($B$124:$B$189=$B$93)*($C$124:$C$189=C94)*(($D$124:$D$189=$D$93) + ($D$124:$D$189="All zones"))*($E$124:$E$189=$E$93),"No match")} -> 0 | G94: 0 | H94: 0 | I94: 0 | J94: 0 | K94: 0 | L94: 0.25 | M94: 0.75 | N94: 0.9 | O94: 0.9 | P94: 0.9 | Q94: 0.9 | R94: 0.9 | S94: 0.9 | T94: 0.75 | U94: 0.25 | V94: 0.25 | W94: 0.75 | X94: 0.9 | Y94: 0.9 | Z94: 0.9 | AA94: 0.9 | AB94: 0.75 | AC94: 0.25
C95: Plug load and schedules project | F95: {=_xlfn._xlws.FILTER($F$124:$AC$189,($B$124:$B$189=$B$93)*($C$124:$C$189=C95)*(($D$124:$D$189=$D$93) + ($D$124:$D$189="All zones"))*($E$124:$E$189=$E$93),"No match")} -> No match
C96: CPUC | F96: {=_xlfn._xlws.FILTER($F$124:$AC$189,($B$124:$B$189=$B$93)*($C$124:$C$189=C96)*(($D$124:$D$189=$D$93) + ($D$124:$D$189="All zones"))*($E$124:$E$189=$E$93),"No match")} -> 0.15 | G96: 0.15 | H96: 0.05 | I96: 0 | J96: 0 | K96: 0 | L96: 0 | M96: 0.05 | N96: 0.05 | O96: 0.05 | P96: 0.2 | Q96: 0.5 | R96: 0.8 | S96: 0.7 | T96: 0.4 | U96: 0.2 | V96: 0.25 | W96: 0.5 | X96: 0.8 | Y96: 0.8 | Z96: 0.8 | AA96: 0.5 | AB96: 0.35 | AC96: 0.2
C97: PNNL90.1 2022 | F97: {=_xlfn._xlws.FILTER($F$124:$AC$189,($B$124:$B$189=$B$93)*($C$124:$C$189=C97)*(($D$124:$D$189=$D$93) + ($D$124:$D$189="All zones"))*($E$124:$E$189=$E$93),"No match")} -> 0.05 | G97: 0 | H97: 0 | I97: 0 | J97: 0 | K97: 0.05 | L97: 0.1 | M97: 0.4 | N97: 0.4 | O97: 0.4 | P97: 0.2 | Q97: 0.5 | R97: 0.8 | S97: 0.7 | T97: 0.4 | U97: 0.2 | V97: 0.25 | W97: 0.5 | X97: 0.8 | Y97: 0.8 | Z97: 0.8 | AA97: 0.5 | AB97: 0.35 | AC97: 0.2
C98: Proposed | F98: {=_xlfn._xlws.FILTER($F$124:$AC$189,($B$124:$B$189=$B$93)*($C$124:$C$189=C98)*(($D$124:$D$189=$D$93) + ($D$124:$D$189="All zones"))*($E$124:$E$189=$E$93),"No match")} -> 0.05 | G98: 0 | H98: 0 | I98: 0 | J98: 0 | K98: 0.05 | L98: 0.1 | M98: 0.4 | N98: 0.4 | O98: 0.4 | P98: 0.2 | Q98: 0.5 | R98: 0.8 | S98: 0.7 | T98: 0.4 | U98: 0.2 | V98: 0.25 | W98: 0.5 | X98: 0.8 | Y98: 0.8 | Z98: 0.8 | AA98: 0.5 | AB98: 0.35 | AC98: 0.2
B100: =B93&" - "&D93& " - "&E93 -> Occupancy - Kitchen - Weekday
B123: COMNET/Building_Space_Specific_Loads/dining__cafeteria_fast_food/kitchen/space_specific_schedules.json at master · pnnl/COMNET · GitHub | S123: COMNET/Building_Space_Specific_Loads/dining__cafeteria_fast_food/dining_cafeteria_fast_food/space_specific_schedules.json at master · pnnl/COMNET · GitHub
B124: Equipment | C124: Proposed | D124: All zones | E124: Weekday | F124: =F10 -> 0.15 | G124: =G10 -> 0.15 | H124: =H10 -> 0.15 | I124: =I10 -> 0.15 | J124: =J10 -> 0.15 | K124: =K10 -> 0.2 | L124: =L10 -> 0.3 | M124: =M10 -> 0.72 | ... AC124: =AC10 -> 0.3
B125: Equipment | C125: Proposed | D125: All zones | E125: Saturday | F125: =F11 -> 0.15 | G125: =G11 -> 0.15 | H125: =H11 -> 0.15 | I125: =I11 -> 0.15 | J125: =J11 -> 0.15 | K125: =K11 -> 0.2 | L125: =L11 -> 0.3 | M125: =M11 -> 0.72 | ... AC125: =AC11 -> 0.3
B126: Equipment | C126: Proposed | D126: All zones | E126: Sunday | F126: =F12 -> 0.2 | G126: =G12 -> 0.15 | H126: =H12 -> 0.15 | I126: =I12 -> 0.15 | J126: =J12 -> 0.15 | K126: =K12 -> 0.15 | L126: =L12 -> 0.3 | M126: =M12 -> 0.72 | ... AC126: =AC12 -> 0.3
B127: Occupancy | C127: Proposed | D127: All zones | E127: Weekday | F127: =F4 -> 0.05 | G127: =G4 -> 0 | H127: =H4 -> 0 | I127: =I4 -> 0 | J127: =J4 -> 0 | K127: =K4 -> 0.05 | L127: =L4 -> 0.1 | M127: =M4 -> 0.4 | ... AC127: =AC4 -> 0.2
B128: Occupancy | C128: Proposed | D128: All zones | E128: Saturday | F128: =F5 -> 0.05 | G128: =G5 -> 0 | H128: =H5 -> 0 | I128: =I5 -> 0 | J128: =J5 -> 0 | K128: =K5 -> 0 | L128: =L5 -> 0.05 | M128: =M5 -> 0.5 | ... AC128: =AC5 -> 0.35
B129: Occupancy | C129: Proposed | D129: All zones | E129: Sunday | F129: =F6 -> 0.05 | G129: =G6 -> 0 | H129: =H6 -> 0 | I129: =I6 -> 0 | J129: =J6 -> 0 | K129: =K6 -> 0 | L129: =L6 -> 0.05 | M129: =M6 -> 0.5 | ... AC129: =AC6 -> 0.2
B130: Lighting | C130: Proposed | D130: All zones | E130: Weekday | F130: =F7 -> 0.15 | G130: =G7 -> 0.15 | H130: =H7 -> 0.15 | I130: =I7 -> 0.15 | J130: =J7 -> 0.15 | K130: =K7 -> 0.2 | L130: =L7 -> 0.3 | M130: =M7 -> 0.67 | ... AC130: =AC7 -> 0.3
B131: Lighting | C131: Proposed | D131: All zones | E131: Saturday | F131: =F8 -> 0.15 | G131: =G8 -> 0.15 | H131: =H8 -> 0.15 | I131: =I8 -> 0.15 | J131: =J8 -> 0.15 | K131: =K8 -> 0.2 | L131: =L8 -> 0.3 | M131: =M8 -> 0.67 | ... AC131: =AC8 -> 0.3
B132: Lighting | C132: Proposed | D132: All zones | E132: Sunday | F132: =F9 -> 0.2 | G132: =G9 -> 0.15 | H132: =H9 -> 0.15 | I132: =I9 -> 0.15 | J132: =J9 -> 0.15 | K132: =K9 -> 0.15 | L132: =L9 -> 0.3 | M132: =M9 -> 0.67 | ... AC132: =AC9 -> 0.3
B133: Equipment | C133: T24 2022 | D133: All zones | E133: Weekday | F133: 0.15 | G133: 0.15 | H133: 0.15 | I133: 0.15 | J133: 0.15 | K133: 0.2 | L133: 0.4 | M133: 0.4 | N133: 0.6 | O133: 0.6 | P133: 0.9 | Q133: 0.9 | R133: 0.9 | S133: 0.9 | T133: 0.9 | U133: 0.9 | V133: 0.9 | W133: 0.9 | X133: 0.9 | Y133: 0.9 | Z133: 0.9 | AA133: 0.9 | AB133: 0.5 | AC133: 0.3
B134: Equipment | C134: T24 2022 | D134: All zones | E134: Saturday | F134: 0.2 | G134: 0.15 | H134: 0.15 | I134: 0.15 | J134: 0.15 | K134: 0.15 | L134: 0.3 | M134: 0.3 | N134: 0.6 | O134: 0.6 | P134: 0.8 | Q134: 0.8 | R134: 0.8 | S134: 0.8 | T134: 0.8 | U134: 0.8 | V134: 0.8 | W134: 0.9 | X134: 0.9 | Y134: 0.9 | Z134: 0.9 | AA134: 0.9 | AB134: 0.5 | AC134: 0.3
...

Sheet Energy Usage
A1: ="CalBEM Energy Consumption - "&Prototype!A2 -> CalBEM Energy Consumption - RestaurantSitDown | I1: National Average (EnergyStar Portfolio Manager) | N1: CEUS Energy Consumption - Restaurant
A2: Prototype | B2: CZ | C2: CalBEM Electricity EUI (KBTU/ft²) | D2: CalBEM Gas EUI (KBTU/ft²) | E2: CalBEM Total EUI (KBTU/ft²) | F2: New Construction Electricity EUI (KBTU/ft²) | G2: New Construction Gas EUI (KBTU/ft²) | H2: New Construction Total EUI (KBTU/ft²) | I2: National Average | J2: Acceptable Range (25% Higher) | K2: Acceptable Range (25% Lower) | L2: National Average Acceptable EUI Range | N2: Prototype | O2: CZ | P2: Total Floorspace (Thousand of ft²) | Q2: CEUS 2022 Electricity EUI (kBtu/ft²) | R2: CEUS 2022 Gas EUI (kBtu/ft²) | S2: CEUS 2022 Total EUI (kBtu/ft²) | T2: Acceptable Range (25% Higher) | U2: Acceptable Range (25% Lower) | V2: CEUS 2022 Acceptable EUI Range
A3: RetailStripMall | B3: 1 | I3: 286.5 | J3: =I3*1.25 -> 358.125 | K3: =0.75*I3 -> 214.875 | L3: =J3-K3 -> 143.25 | N3: Restaurant | O3: 1 | P3: 2670.248 | Q3: 140.21338 | R3: 188.39676 | S3: =Q3+R3 -> 328.61014 | T3: =S3*1.25 -> 410.76268 | U3: =S3*0.75 -> 246.45761 | V3: =T3-U3 -> 164.30507
B4: 2 | I4: 286.5 | J4: =I4*1.25 -> 358.125 | K4: =0.75*I4 -> 214.875 | L4: =J4-K4 -> 143.25 | O4: 2 | P4: 4962.8202 | Q4: 115.43442 | R4: 178.59594 | S4: =Q4+R4 -> 294.03035 | T4: =S4*1.25 -> 367.53794 | U4: =S4*0.75 -> 220.52276 | V4: =T4-U4 -> 147.01518
B5: 3 | I5: 286.5 | J5: =I5*1.25 -> 358.125 | K5: =0.75*I5 -> 214.875 | L5: =J5-K5 -> 143.25 | O5: 3 | P5: 23016.189 | Q5: 121.68255 | R5: 177.66532 | S5: =Q5+R5 -> 299.34786 | T5: =S5*1.25 -> 374.18483 | U5: =S5*0.75 -> 224.5109 | V5: =T5-U5 -> 149.67393
B6: 4 | I6: 286.5 | J6: =I6*1.25 -> 358.125 | K6: =0.75*I6 -> 214.875 | L6: =J6-K6 -> 143.25 | O6: 4 | P6: 11906.95 | Q6: 121.67947 | R6: 177.2298 | S6: =Q6+R6 -> 298.90927 | T6: =S6*1.25 -> 373.63658 | U6: =S6*0.75 -> 224.18195 | V6: =T6-U6 -> 149.45463
B7: 5 | I7: 286.5 | J7: =I7*1.25 -> 358.125 | K7: =0.75*I7 -> 214.875 | L7: =J7-K7 -> 143.25 | O7: 5 | P7: 2232.1752 | Q7: 116.89707 | R7: 182.67998 | S7: =Q7+R7 -> 299.57705 | T7: =S7*1.25 -> 374.47131 | U7: =S7*0.75 -> 224.68278 | V7: =T7-U7 -> 149.78852
B8: 6 | I8: 286.5 | J8: =I8*1.25 -> 358.125 | K8: =0.75*I8 -> 214.875 | L8: =J8-K8 -> 143.25 | O8: 6 | P8: 19264.558 | Q8: 114.30761 | R8: 210.86262 | S8: =Q8+R8 -> 325.17023 | T8: =S8*1.25 -> 406.46278 | U8: =S8*0.75 -> 243.87767 | V8: =T8-U8 -> 162.58511
B9: 7 | I9: 286.5 | J9: =I9*1.25 -> 358.125 | K9: =0.75*I9 -> 214.875 | L9: =J9-K9 -> 143.25 | O9: 7 | P9: 11474.844 | Q9: 139.92699 | R9: 228.2706 | S9: =Q9+R9 -> 368.19759 | T9: =S9*1.25 -> 460.24699 | U9: =S9*0.75 -> 276.14819 | V9: =T9-U9 -> 184.0988
B10: 8 | I10: 286.5 | J10: =I10*1.25 -> 358.125 | K10: =0.75*I10 -> 214.875 | L10: =J10-K10 -> 143.25 | O10: 8 | P10: 29165.647 | Q10: 124.09734 | R10: 226.014 | S10: =Q10+R10 -> 350.11135 | T10: =S10*1.25 -> 437.63918 | U10: =S10*0.75 -> 262.58351 | V10: =T10-U10 -> 175.05567
B11: 9 | I11: 286.5 | J11: =I11*1.25 -> 358.125 | K11: =0.75*I11 -> 214.875 | L11: =J11-K11 -> 143.25 | O11: 9 | P11: 44906.607 | Q11: 111.94889 | R11: 217.89529 | S11: =Q11+R11 -> 329.84417 | T11: =S11*1.25 -> 412.30522 | U11: =S11*0.75 -> 247.38313 | V11: =T11-U11 -> 164.92209
B12: 10 | I12: 286.5 | J12: =I12*1.25 -> 358.125 | K12: =0.75*I12 -> 214.875 | L12: =J12-K12 -> 143.25 | O12: 10 | P12: 24025.703 | Q12: 129.08381 | R12: 231.92373 | S12: =Q12+R12 -> 361.00755 | T12: =S12*1.25 -> 451.25944 | U12: =S12*0.75 -> 270.75566 | V12: =T12-U12 -> 180.50377
B13: 11 | I13: 286.5 | J13: =I13*1.25 -> 358.125 | K13: =0.75*I13 -> 214.875 | L13: =J13-K13 -> 143.25 | O13: 11 | P13: 8514.5666 | Q13: 141.13317 | R13: 172.39688 | S13: =Q13+R13 -> 313.53005 | T13: =S13*1.25 -> 391.91256 | U13: =S13*0.75 -> 235.14753 | V13: =T13-U13 -> 156.76502
B14: 12 | I14: 286.5 | J14: =I14*1.25 -> 358.125 | K14: =0.75*I14 -> 214.875 | L14: =J14-K14 -> 143.25 | O14: 12 | P14: 37639.22 | Q14: 145.52445 | R14: 191.73774 | S14: =Q14+R14 -> 337.26219 | T14: =S14*1.25 -> 421.57774 | U14: =S14*0.75 -> 252.94665 | V14: =T14-U14 -> 168.6311
B15: 13 | I15: 286.5 | J15: =I15*1.25 -> 358.125 | K15: =0.75*I15 -> 214.875 | L15: =J15-K15 -> 143.25 | O15: 13 | P15: 12120.121 | Q15: 147.93232 | R15: 194.18501 | S15: =Q15+R15 -> 342.11732 | T15: =S15*1.25 -> 427.64665 | U15: =S15*0.75 -> 256.58799 | V15: =T15-U15 -> 171.05866
... B18: 16 | I18: 286.5 | J18: =I18*1.25 -> 358.125 | K18: =0.75*I18 -> 214.875 | L18: =J18-K18 -> 143.25 | O18: 16 | P18: 23693.285 | Q18: 127.46412 | R18: 198.83728 | S18: =Q18+R18 -> 326.3014 | T18: =S18*1.25 -> 407.87675 | U18: =S18*0.75 -> 244.72605 | V18: =T18-U18 -> 163.1507
I19: Same for all ZIP code
N20: Ref: CEUS 2022 Report
N21: And converted FZ level data to CZ level
N22: Restaurants have only one category in CEUS data.
A54: Background Data [To be deleted prior to publication]
N56: EIA 2018: | O56: U.S. Energy Information Administration - EIA - Independent Statistics and Analysis
B57: In CZ 15 Design day gives us coil capacity of 6419 but it was hard sized to 90,000 btu/hr to decrease Heating Unmet hr in Kitchen
B58: Design day Coil size in CZ15 for V2 is about 250,000!
C60: Screenshot of assumption for the national average in the EnergyStar Portfolio Manager website
C61: ENERGY STAR Portfolio Manager Upgrade

Sheet Weights
A1: ="% of Floor Area per CZ and Vintage Bin - Restaurant" -> % of Floor Area per CZ and Vintage Bin - Restaurant | J1: ="% of Floor Area per CZ and Vintage Bin - Restaurant" -> % of Floor Area per CZ and Vintage Bin - Restaurant
A2: Prototype | B2: CZ | C2: Vintage Bin | J2: Prototype | K2: Vintage Bin | L2: CZ
C3: Pre-1978 | D3: 1978-1997 | E3: 1998-2007 | F3: 2008-2018 | L3: 1 | M3: 2 | N3: 3 | O3: 4 | P3: 5 | Q3: 6 | R3: 7 | S3: 8 | T3: 9 | U3: 10 | V3: 11 | W3: 12 | X3: 13 | Y3: 14 | Z3: 15 | AA3: 16
A4: Restaurant | B4: 1 | C4: 0.3775336 | D4: 0.3527128 | E4: 0.1522556 | F4: 0.117498 | H4: =SUM(C4:F4) -> 1 | J4: Restaurant | K4: Pre-1978 | L4: 0.008903 | M4: 0.023602 | N4: 0.103035 | O4: 0.05425 | P4: 0.008607 | Q4: 0.085982 | R4: 0.040126 | S4: 0.144409 | T4: 0.213625 | U4: 0.050506 | V4: 0.0282 | W4: 0.113003 | X4: 0.033252 | Y4: 0.019747 | Z4: 0.020094 | AA4: 0.05266 | AB4: =SUM(L4:AA4) -> 1.000001
B5: 2 | C5: 0.5363668 | D5: 0.3195725 | E5: 0.0856859 | F5: 0.0583749 | H5: =SUM(C5:F5) -> 1.0000001 | K5: 1978-1997 | L5: 0.009071 | M5: 0.015337 | N5: 0.068729 | O5: 0.035491 | P5: 0.00683 | Q5: 0.070438 | R5: 0.049234 | S5: 0.086548 | T5: 0.155668 | U5: 0.115924 | V5: 0.026335 | W5: 0.126404 | X5: 0.042785 | Y5: 0.024534 | Z5: 0.066008 | AA5: 0.100664 | AB5: =SUM(L5:AA5) -> 1
B6: 3 | C6: 0.506098 | D6: 0.309539 | E6: 0.1296462 | F6: 0.0547169 | H6: =SUM(C6:F6) -> 1.0000001 | K6: 1998-2007 | L6: 0.010981 | M6: 0.011531 | N6: 0.080721 | O6: 0.039546 | P6: 0.011198 | Q6: 0.039256 | R6: 0.030136 | S6: 0.066119 | T6: 0.082393 | U6: 0.110919 | V6: 0.045296 | W6: 0.202293 | X6: 0.057915 | Y6: 0.026739 | Z6: 0.057224 | AA6: 0.127732 | AB6: =SUM(L6:AA6) -> 0.999999
B7: 4 | C7: 0.5150057 | D7: 0.3089331 | E7: 0.1227552 | F7: 0.053306 | H7: =SUM(C7:F7) -> 1 | K7: 2008-2018 | L7: 0.015402 | M7: 0.014278 | N7: 0.06192 | O7: 0.031212 | P7: 0.006568 | Q7: 0.03866 | R7: 0.034413 | S7: 0.069059 | T7: 0.073752 | U7: 0.104492 | V7: 0.044385 | W7: 0.206736 | X7: 0.085815 | Y7: 0.023558 | Z7: 0.064837 | AA7: 0.124913 | AB7: =SUM(L7:AA7) -> 1
B8: 5 | C8: 0.4366293 | D8: 0.3176825 | E8: 0.1857512 | F8: 0.0599371 | H8: =SUM(C8:F8) -> 1.0000001
B9: 6 | C9: 0.5047122 | D9: 0.3791136 | E9: 0.075348 | F9: 0.0408263 | H9: =SUM(C9:F9) -> 1.0000001 | K9: Total | L9: 0.009729 | M9: 0.018155 | N9: 0.083995 | O9: 0.04346 | P9: 0.008133 | Q9: 0.070286 | R9: 0.0418 | S9: 0.106366 | T9: 0.163614 | U9: 0.08741 | V9: 0.031002 | W9: 0.137076 | X9: 0.044087 | Y9: 0.022784 | Z9: 0.045793 | AA9: 0.08631 | AB9: =SUM(L9:AA9) -> 1
B10: 7 | C10: 0.396058 | D10: 0.4455738 | E10: 0.0972611 | F10: 0.0611071 | H10: =SUM(C10:F10) -> 1
B11: 8 | C11: 0.5601389 | D11: 0.3078106 | E11: 0.08386 | F11: 0.0481904 | H11: =SUM(C11:F11) -> 0.9999999
B12: 9 | C12: 0.5386844 | D12: 0.3599218 | E12: 0.0679361 | F12: 0.0334577 | H12: =SUM(C12:F12) -> 1
B13: 10 | C13: 0.2383874 | D13: 0.5016956 | E13: 0.1711883 | F13: 0.0887287 | H13: =SUM(C13:F13) -> 1
B14: 11 | C14: 0.375288 | D14: 0.3213443 | E14: 0.1971031 | F14: 0.1062646 | H14: =SUM(C14:F14) -> 1
B15: 12 | C15: 0.3401209 | D15: 0.3488442 | E15: 0.1990909 | F15: 0.111944 | H15: =SUM(C15:F15) -> 1
B16: 13 | C16: 0.3111801 | D16: 0.3671234 | E16: 0.1772189 | F16: 0.1444776 | H16: =SUM(C16:F16) -> 1
B17: 14 | C17: 0.3575808 | D17: 0.4073506 | E17: 0.1583228 | F17: 0.0767459 | H17: =SUM(C17:F17) -> 1.0000001
B18: 15 | C18: 0.1810389 | D18: 0.5452886 | E18: 0.1685812 | F18: 0.1050913 | H18: =SUM(C18:F18) -> 1
B19: 16 | C19: 0.2517216 | D19: 0.441207 | E19: 0.1996504 | F19: 0.107421 | H19: =SUM(C19:F19) -> 1
B20: Statewide | C20: 0.4125762 | D20: 0.3782944 | E20: 0.1349055 | F20: 0.0742239 | H20: =SUM(C20:F20) -> 1
A22: Ref: CEUS 2022 dataset: Restaurant group
A23: And converted FZ level data to CZ level
A29: Background Data [To be deleted prior to publication]

Sheet PV
A1: ="PV - "&Prototype!A2 -> PV - RestaurantSitDown
A2: TBD

Sheet EV Charger
A1: ="EV Charger - "&Prototype!A2 -> EV Charger - RestaurantSitDown
A2: TBD

Sheet Data
A1: Space Function | B1: Electric Equipment Load Intensity | C1: Electric Equipment Load Intensity | D1: LPD
A2: Aging Eye/Low-vision (Corridor Area) | D2: 2013 | E2: 2016 | F2: 2019 | G2: 2025
A3: Aging Eye/Low-vision (Dining)
A4: Aging Eye/Low-vision (Lobby, Main Entry)
A5: Aging Eye/Low-vision (Lounge/Waiting Area)
A6: Aging Eye/Low-vision (Multipurpose Room)
A7: Aging Eye/Low-vision (Religious Worship Area)
A8: Aging Eye/Low-vision (Restroom)
A9: Aging Eye/Low-vision (Stairwell)
A10: Audience Seating Area
A11: Auditorium Area
A12: Auto Repair / Maintenance Area
A13: Barber, Beauty Salon, Spa Area
A14: Civic Meeting Place Area
... A83: Server Room (EPD 45)
