Workbook
Name nonparticipating_forecastzone_scale_factor: #REF!
Name nonparticipating_forecastzone_scale_factor: #REF!
Name nonparticipating_forecastzone_scale_factor: #REF!
Name nonparticipating_forecastzone_scale_factor: 'Energy Usage'!#REF!
Name Space_Function: Data!$A$2:$A$76

Sheet Notes
A1: Data Sources
A2: Dataset | B2: Dodge 2023
B3: Commercial End-Use Survey (CEUS) 2022 | C3: https://www.energy.ca.gov/publications/2023/2022-california-commercial-end-use-survey-ceus-final-report
B4: Comstock 2023 | C4: https://data.openei.org/s3_viewer?bucket=oedi-data-lake&prefix=nrel-pds-building-stock%2Fend-use-load-profiles-for-us-building-stock%2F2023%2Fcomstock_amy2018_release_2%2Fmetadata_and_annual_results%2Fby_state%2Fstate%3DCA%2F
A6: Prototype | B6: CEC 2028 School prototype | C6: https://efiling.energy.ca.gov/GetDocument.aspx?tn=265691&DocumentContentId=102542
A9: Codes | B9: Title 24, part 6, referred to as T24 (1984, 1992,1998, 2001, 2005, 2008, 2013, 2016,2019, 2022, 2025) | C9: https://www.energy.ca.gov/publications/2025/2025-building-energy-efficiency-standards-residential-and-nonresidential
C10: https://codes.iccsafe.org/codes/united-states/california
B11: American Society of Heating, Refrigerating and Air-Conditioning Engineers (ASHRAE) 90.1 (2022) | C11: https://www.ashrae.org/technical-resources/standards-and-guidelines/read-only-versions-of-ashrae-standards
B12: Code of Federal Regulations (CFR) Title 10 (2010) | C12: https://www.govinfo.gov/content/pkg/FR-2009-03-23/pdf/FR-2009-03-23.pdf
B13: CFR Title 10 ( 2024) | C13: https://www.govinfo.gov/content/pkg/CFR-2024-title10-vol3/pdf/CFR-2024-title10-vol3-part431-subpartF.pdf
B15: Alternative Calculation Method (ACM) (2022) | C15: https://www.energy.ca.gov/publications/2022/2022-nonresidential-and-multifamily-alternative-calculation-method-reference
B16: ACM (2025) | C16: https://www.energy.ca.gov/publications/2025/2025-nonresidential-and-multifamily-alternative-calculation-method-reference
B17: Nonres ACM 2022, Appendix 5.4A and Appendix 5.4B | C17: https://www.energy.ca.gov/publications/2022/2022-nonresidential-and-multifamily-alternative-calculation-method-reference
A18: Other | B18: 2022 Reduced infiltration Codes and Standards Enhancement (CASE) report | C18: https://title24stakeholders.com/wp-content/uploads/2020/10/2022-T24-Final-CASE-Report_Reduce-Infiltration.pdf
B19: 2019 Outdoor Lighting CASE Report | C19: https://title24stakeholders.com/wp-content/uploads/2016/10/T24-2019-CASE-Study-Results-Report-Outdoor-Sources_Final_with-Attachments.pdf
B20: 2019 High Efficiency Fume Hoods in Laboratory Spaces CASE Report | C20: https://title24stakeholders.com/wp-content/uploads/2017/09/2019-T24-CASE-Report_Fume-Hoods_Final_September-2017.pdf?
B21: PNNL 20405, 2011 | C21: https://www.pnnl.gov/main/publications/external/technical_reports/PNNL-20405.pdf
B22: Air leakage Memo, NORESCO, 2025 | C22: Infiltration_rate_report_14May2025-Short-Version.docx — internal NORESCO project memo (not a public URL). See Prototype basis / Source access below.
B23: Yousefi, F., Athalye, R., (2025), "Determining Vintage Bins for Prototype Development: An Analysis of California Commercial Buildings," ASHRAE Annual Conference | C23: https://www.thefreelibrary.com/Determining+Vintage+Bins+for+Prototype+Development%3a+An+Analysis+of...-a0879271125
B24: Proposed Updates to Equipment Power Densities and Building Schedules for the 2028 Energy Code, referred to as "Plug load and schedules project with CEC, 2025" (Docket Number =25-BSTD-03 & TN=265693) | C24: https://efiling.energy.ca.gov/GetDocument.aspx?tn=265693&DocumentContentId=102545
B25: ENERGY STAR certified commercial water heaters | C25: https://www.energystar.gov/productfinder/product/certified-commercial-water-heaters/results?fuel_filter=Gas&markets_filter=United+States
B26: Grainger gas tank water heaters (sizes below commercial, e.g. 30–75 kBtu/h) | C26: https://www.grainger.com/category/plumbing/water-heaters/gas-tank-water-heaters
B27: Grainger electric tank water heaters | C27: https://www.grainger.com/category/plumbing/water-heaters/electric-tank-water-heaters
A31: Construction Rate
B43: Dodge 2023 construction rates used in the SCE vintage-bin analysis. Legend labels STC 41 and STC 49 are Dodge structure-type series identifiers from that analysis (Prototype D6, NonRes-Vintage bins-Draft Report-30Nov2023). They are not Title 24 climate zones.
A44: Notes
A45: 2025 T24 | B45: School Building includes four individual buildings, including north classroom, west classroom, kindergarten, and MPR/Admin.
A46: Prototype basis:
A47: Geometry | B47: Geometry is CEC SchoolKto8 as implemented in CBECC 2028 (Prototype C7:C16; four buildings in B40: north classroom, west classroom, kindergarten, MPR/Admin). Floor area 49,979 ft². Prototype comparison columns (DEER Education-Primary, PNNL SchoolPrimary) are reference only; they are not the geometry basis.
A48: Vintage bins | B48: Existing vintages Pre-1978, 1978-1997, 1998-2007, 2008-2018 plus New Construction 2019+ follow the SCE Enhanced Prototypes vintage-bin analysis (Prototype D6). Dodge 2023 construction rates (figure above) inform stock weighting for existing California schools; they are not a Title 24 prescriptive requirement.
A49: Curriculum and stock | B49: Conventional K-8 curriculum (classrooms, MPR, kitchen, library, administration). Specialized spaces such as science labs, locker rooms, and computer classrooms are not in the CEC space list. The prototype represents average California K-8 stock. Funding and facility-condition variation is not a separate building; it is carried in vintage envelope/HVAC/lighting assumptions (including the 30-year roof replacement on Envelope H8).
A50: WWR, heights, energy | B50: WWR 7.08%, no exterior shades (CEC). Floor-to-floor 14 ft except MPR/Admin 14–25 ft. Existing HVAC: PSZAC + gas furnace (MPR SZVAV). New construction: SZHP. Service water: existing electric resistance; NC heat-pump water heater (Water Heater B3:B4).
A51: Abbreviations | B51: T24 = California Title 24, Part 6. ACM = Nonresidential/Multifamily Alternative Calculation Method Reference Manual. CEC = California Energy Commission. CBECC = California Building Energy Code Compliance software. CEUS = California Commercial End-Use Survey. STC (construction-rate figure) = Dodge structure-type series 41 and 49. PSZAC = packaged single-zone air conditioner. SZHP = single-zone heat pump. HPWH = heat-pump water heater. SRR = skylight-to-roof ratio. WWR = window-to-wall ratio. IWA = initial wattage allowance.
A52: Source access | B52: Column C lists public links where they exist. Dodge 2023 is a licensed dataset with no public URL. The NORESCO air-leakage memo is an internal file (C19), not a webpage. ENERGY STAR water-heater rows use the commercial electric (heat pump) Product Finder and dataset xmq6-bm79. Schedule fractions that cite the Plug Loads and Schedules project with CEC (2025) do not have an external link yet; an ASHRAE paper has been submitted and the citation will be updated when that paper is published or when ACM 2028 is released.
A53: Sources used | B53: Used on this scorecard: CEC SchoolKto8 (efiling tn=265691); T24 2022 App. 5.4A/5.4B; ACM 2025 §5.9.2 and fan tables; T24 Tables 140.3-B, 110.2-A/B, 140.6-C, 140.7-A/B, 120.1-A; 2022 Reduced Infiltration CASE; 2019 Outdoor Lighting CASE; PNNL 20405; ASHRAE 90.1-2022 Appendix A; ASHRAE Handbook of Fundamentals Ch. 4 and 10 (early-vintage windows); ENERGY STAR commercial HPWH list. The 2019 fume-hood CASE remains on the school-family source list; K-8 has no lab exhaust. Reviewer-suggested references that do not support a retained assumption are not added.

Sheet Prototype
A1: NORESCO, Updated September 2026
A2: SchoolK-8
A3: Characteristic | B3: Value | C3: Data Sources
A4: Building Type | B4: K-8 School
A5: Building Category | B5: Nonresidential
A6: Version | B6: v2-0
A7: Vintages | B7: 4 Vintages: Pre-1978, 1978-1997,1998-2007, 2008-2018 New Construction (2019+) | C7: Based on the vintage bin analysis. A summary of the findings is presented in the following paper, with a link provided in the Notes tab: Yousefi, F., Athalye, R. (2025). “Determining Vintage Bins for Prototype Development: An Analysis of California Commercial Buildings.” ASHRAE Annual Conference.
A8: Shape | C8: The analysis uses prototype geometry originally developed by CEC approved 2028 SchoolK-8 prototype.
A9: Total Floor Area (ft²) | B9: 49979.36 | C9: Sum of the 38 zone floor areas in the SCE K-8 model (SchoolK8.idf); see Zones tab. The CEC prototype document (Table 3) lists 41,500 ft². The difference is about the size of the Kindergarten building (about 8,640 ft²); without it the model is about 41,340 ft², so Table 3 appears to predate the Kindergarten wing.
A10: Aspect Ratio | B10: It varies for different buildings. | C10: Same as the CEC approved 2028 SchoolK-8 prototype
A11: Number of Floors | B11: It varies for different buildings. | C11: Same as the CEC approved 2028 SchoolK-8 prototype
A12: Roof type | B12: Flat | C12: Same as the CEC approved 2028 SchoolK-8 prototype
A13: WWR | B13: 0.0708 | C13: Same as the CEC approved 2028 SchoolK-8 prototype
A14: Shading Geometry | B14: No Shades | C14: Same as the CEC approved 2028 SchoolK-8 prototype
A15: Floor to floor height (feet) | B15: It varies for different buildings: MPR/Admin: 14-25 Other buildings: 14 ft | C15: Same as the CEC approved 2028 SchoolK-8 prototype
A16: Floor to ceiling height (feet) | B16: It varies for different buildings: MPR/Admin: 14-25 Other buildings: 14 ft | C16: Same as the CEC approved 2028 SchoolK-8 prototype
A17: Glazing sill height (feet) | B17: It varies for different buildings. | C17: Same as the CEC approved 2028 SchoolK-8 prototype
A21: Above grade wall area (ft²) | B21: 42450.09
A22: Gross wall area (ft²) | B22: 42450.09
A23: Roof area (ft²) | B23: 37687.78
A24: Underground Gross Wall Area (ft²) | B24: 0
A30: Existing Prototypes
B31: CEC (SchoolKto8) | C31: DEER (Education-Primary School) | D31: PNNL (SchoolPrimary)

Sheet Zones
A1: ="Proposed Layout - "&Prototype!B4 -> Proposed Layout - K-8 School
A2: Building | B2: Space/Thermal Zone | C2: Space Type [Primarily from: T24, 2022 Appendix 5.4A] - See Notes column | D2: HVAC System Name/AHU Name | E2: Schedule Category | F2: Conditioned (Y/N) | G2: Area Fraction | H2: Area (ft²) | I2: Volume (ft³) | J2: Multipliers | K2: Number of People | L2: People (Persons/1,000 ft²) [T24, 2025,Table 120.1-A] | M2: Notes
A3: SkoolK-8 Admin/MPR | B3: Admin/MPR_Breakroom_Zn | C3: Lounge, Breakroom, or Waiting Area | D3: AHU-1 | E3: MPR | F3: Y | G3: =H3/$H$41 -> 0.011508749 | H3: 575.2 | I3: =H3*14 -> 8052.8 | J3: 1 | K3: =L3*H3/1000 -> 18.9816 | L3: 33
A4: SkoolK-8 Admin/MPR | B4: Admin/MPR_Conference Room Zns 3_Zn | C4: Convention, Conference, Multipurpose and Meeting Area | D4: AHU-2 | E4: MPR | F4: Y | G4: =H4/$H$41 -> 0.033508626 | H4: 1674.74 | I4: =H4*14 -> 23446.36 | J4: 1 | K4: =L4*H4/1000 -> 55.26642 | L4: 33
A5: SkoolK-8 Admin/MPR | B5: Admin/MPR_Corridor_Zn | C5: Corridor Area | D5: AHU-3 | E5: MPR | F5: Y | G5: =H5/$H$41 -> 0.023239989 | H5: 1161.52 | I5: =H5*14 -> 16261.28 | J5: 1 | K5: =L5*H5/1000 -> 5.8076 | L5: 5
A6: SkoolK-8 Admin/MPR | B6: Admin/MPR_EMT_Zn | C6: Electrical, Mechanical, Telephone Rooms | D6: AHU-4 | E6: Ancillary | F6: Y | G6: =H6/$H$41 -> 0.0055664967 | H6: 278.21 | I6: =H6*14 -> 3894.94 | J6: 1 | K6: =L6*H6/1000 -> 1.39105 | L6: 5
A7: SkoolK-8 Admin/MPR | B7: Admin/MPR_IDF Room_Zn | C7: Electrical, Mechanical, Telephone Rooms | D7: AHU-5 | E7: Ancillary | F7: Y | G7: =H7/$H$41 -> 0.0068074087 | H7: 340.23 | I7: =H7*14 -> 4763.22 | J7: 1 | K7: =L7*H7/1000 -> 1.70115 | L7: 5
A8: SkoolK-8 Admin/MPR | B8: Admin/MPR_Kitchen_Zn | C8: Kitchen/Food Preparation Area | D8: AHU-6 | E8: Kitchen | F8: Y | G8: =H8/$H$41 -> 0.02915703 | H8: 1457.25 | I8: =H8*14 -> 20401.5 | J8: 1 | K8: =L8*H8/1000 -> 4.37175 | L8: 3
A9: SkoolK-8 Admin/MPR | B9: Admin/MPR_Lobby_Zn | C9: Lobby, Main Entry | D9: AHU-7 | E9: MPR | F9: Y | G9: =H9/$H$41 -> 0.024839649 | H9: 1241.47 | I9: =H9*14 -> 17380.58 | J9: 1 | K9: =L9*H9/1000 -> 40.96851 | L9: 33
A10: SkoolK-8 Admin/MPR | B10: Admin/MPR_Multipurpose Room Zns 3_Zn | C10: Convention, Conference, Multipurpose and Meeting Area | D10: AHU-8 | E10: MPR | F10: Y | G10: =H10/$H$41 -> 0.11028931 | H10: 5512.19 | I10: =H10*25 -> 137804.75 | J10: 1 | K10: =L10*H10/1000 -> 181.90227 | L10: 33
A11: SkoolK-8 Admin/MPR | B11: Admin/MPR_Office - LT 250 sf Zns 6_Zn | C11: Office Area (<250 square feet) | D11: AHU-9 | E11: MPR | F11: Y | G11: =H11/$H$41 -> 0.020975655 | H11: 1048.35 | I11: =H11*14 -> 14676.9 | J11: 1 | K11: =L11*H11/1000 -> 5.24175 | L11: 5
A12: SkoolK-8 Admin/MPR | B12: Admin/MPR_Restroom Zns 3_Zn | C12: Restrooms | D12: AHU-10 | E12: AncillaryRestroom | F12: Y | G12: =H12/$H$41 -> 0.01803084 | H12: 901.17 | I12: =H12*14 -> 12616.38 | J12: 1 | K12: =L12*H12/1000 -> 4.50585 | L12: 5
A13: SkoolK-8 Admin/MPR | B13: Admin/MPR_Storage - General_Zn | C13: Storage (General) | D13: AHU-11 | E13: MPR | F13: Y | G13: =H13/$H$41 -> 0.024964901 | H13: 1247.73 | I13: =H13*14 -> 17468.22 | J13: 1 | K13: =L13*H13/1000 -> 6.23865 | L13: 5
A14: SkoolK-8 Admin/MPR | B14: Admin/MPR_Storage - Refrigerated_Zn | C14: Storage, Commercial/Industrial (Refrigerated) | D14: AHU-12 | E14: MPR | F14: Y | G14: =H14/$H$41 -> 0.0050364781 | H14: 251.72 | I14: =H14*14 -> 3524.08 | J14: 1 | K14: =L14*H14/1000 -> 0 | L14: 0
A15: SkoolK-8 Admin/MPR | B15: Admin/MPR_Theater - Performance_Zn | C15: Theater Area (Performance) | D15: AHU-13 | E15: MPR | F15: Y | G15: =H15/$H$41 -> 0.021319997 | H15: 1065.56 | I15: =H15*25 -> 26639 | J15: 1 | K15: =L15*H15/1000 -> 35.16348 | L15: 33
A16: SkoolK-8 North Classrooms | B16: Classrm N_Flr 1_Classroom-01_Zn | C16: Classroom, Lecture, Training, Vocational Areas | D16: AHU-14 | E16: Classroom | F16: Y | G16: =H16/$H$41 -> 0.02004327 | H16: 1001.75 | I16: =H16*14 -> 14024.5 | J16: 1 | K16: =L16*H16/1000 -> 25.04375 | L16: 25
A17: SkoolK-8 North Classrooms | B17: Classrm N_Flr 1_Classroom-02 Zns 6_Zn | C17: Classroom, Lecture, Training, Vocational Areas | D17: AHU-15 | E17: Classroom | F17: Y | G17: =H17/$H$41 -> 0.12113058 | H17: 6054.03 | I17: =H17*14 -> 84756.42 | J17: 1 | K17: =L17*H17/1000 -> 151.35075 | L17: 25
A18: SkoolK-8 North Classrooms | B18: Classrm N_Flr 1_Office - LT 250 sf_Zn | C18: Office Area (<250 square feet) | D18: AHU-16 | E18: Classroom | F18: Y | G18: =H18/$H$41 -> 0.0057649786 | H18: 288.13 | I18: =H18*14 -> 4033.82 | J18: 1 | K18: =L18*H18/1000 -> 1.44065 | L18: 5
A19: SkoolK-8 North Classrooms | B19: Classrm N_Flr 1_Restroom_Zn | C19: Restrooms | D19: AHU-17 | E19: AncillaryRestroom | F19: Y | G19: =H19/$H$41 -> 0.010658398 | H19: 532.7 | I19: =H19*14 -> 7457.8 | J19: 1 | K19: =L19*H19/1000 -> 2.6635 | L19: 5
A20: SkoolK-8 North Classrooms | B20: Classrm N_Flr 2_Classroom-01 Zns 6_Zn | C20: Classroom, Lecture, Training, Vocational Areas | D20: AHU-18 | E20: Classroom | F20: Y | G20: =H20/$H$41 -> 0.12113058 | H20: 6054.03 | I20: =H20*14 -> 84756.42 | J20: 1 | K20: =L20*H20/1000 -> 151.35075 | L20: 25
A21: SkoolK-8 North Classrooms | B21: Classrm N_Flr 2_Classroom-02_Zn | C21: Classroom, Lecture, Training, Vocational Areas | D21: AHU-19 | E21: Classroom | F21: Y | G21: =H21/$H$41 -> 0.02004327 | H21: 1001.75 | I21: =H21*14 -> 14024.5 | J21: 1 | K21: =L21*H21/1000 -> 25.04375 | L21: 25
A22: SkoolK-8 North Classrooms | B22: Classrm N_Flr 2_Office - LT 250 sf_Zn | C22: Office Area (<250 square feet) | D22: AHU-20 | E22: Classroom | F22: Y | G22: =H22/$H$41 -> 0.0057649786 | H22: 288.13 | I22: =H22*14 -> 4033.82 | J22: 1 | K22: =L22*H22/1000 -> 1.44065 | L22: 5
A23: SkoolK-8 North Classrooms | B23: Classrm N_Flr 2_Restroom_Zn | C23: Restrooms | D23: AHU-21 | E23: AncillaryRestroom | F23: Y | G23: =H23/$H$41 -> 0.010658398 | H23: 532.7 | I23: =H23*14 -> 7457.8 | J23: 1 | K23: =L23*H23/1000 -> 2.6635 | L23: 5
A24: SkoolK-8 West Classrooms | B24: Classrm W_Flr 1_Classroom Zns 2_Zn | C24: Classroom, Lecture, Training, Vocational Areas | D24: AHU-22 | E24: Classroom | F24: Y | G24: =H24/$H$41 -> 0.041115764 | H24: 2054.94 | I24: =H24*14 -> 28769.16 | J24: 1 | K24: =L24*H24/1000 -> 51.3735 | L24: 25
A25: SkoolK-8 West Classrooms | B25: Classrm W_Flr 1_EMT-01_Zn | C25: Electrical, Mechanical, Telephone Rooms | D25: AHU-23 | E25: Ancillary | F25: Y | G25: =H25/$H$41 -> 0.002421199 | H25: 121.01 | I25: =H25*14 -> 1694.14 | J25: 1 | K25: =L25*H25/1000 -> 0.60505 | L25: 5
A26: SkoolK-8 West Classrooms | B26: Classrm W_Flr 1_EMT-02_Zn | C26: Electrical, Mechanical, Telephone Rooms | D26: AHU-24 | E26: Ancillary | F26: Y | G26: =H26/$H$41 -> 0.0019610091 | H26: 98.01 | I26: =H26*14 -> 1372.14 | J26: 1 | K26: =L26*H26/1000 -> 0.49005 | L26: 5
A27: SkoolK-8 West Classrooms | B27: Classrm W_Flr 1_Library - Reading Area_Zn | C27: Library (Reading Area) | D27: AHU-25 | E27: Classroom | F27: Y | G27: =H27/$H$41 -> 0.023952483 | H27: 1197.13 | I27: =H27*14 -> 16759.82 | J27: 1 | K27: =L27*H27/1000 -> 11.9713 | L27: 10
... A40: SkoolK-8 Kindergarten | B40: Kindergarten_Storage - General_Zn | C40: Storage (General) | D40: AHU-38 | E40: Classroom | F40: Y | G40: =H40/$H$41 -> 0.023685773 | H40: 1183.8 | I40: =H40*14 -> 16573.2 | J40: 1 | K40: =L40*H40/1000 -> 5.919 | L40: 5
A41: Total (4 Buildings) | B41: Total (38 spaces) | C41: Total (13 Space types) | D41: Total (38 HVAC Systems) | E41: Total (5 Schedule categories)) | F41: Total (38 Conditioned zones) | G41: =H41/$H$41 -> 1 | H41: =SUM(H3:H40) -> 49979.37 | I41: =SUM(I3:I40) -> 772066.43 | K41: =SUM(K3:K40) -> 1068.3275
O43: Area Distribution By Space Type
O44: Space Type | R44: % Area
O45: Lounge, Breakroom, or Waiting Area | R45: =SUMIF($C$3:$C$40,O45,$G$3:$G$40) -> 0.011508749
O46: Convention, Conference, Multipurpose and Meeting Area | R46: =SUMIF($C$3:$C$40,O46,$G$3:$G$40) -> 0.14379793
O47: Corridor Area | R47: =SUMIF($C$3:$C$40,O47,$G$3:$G$40) -> 0.023239989
O48: Electrical, Mechanical, Telephone Rooms | R48: =SUMIF($C$3:$C$40,O48,$G$3:$G$40) -> 0.024306429
O49: Kitchen/Food Preparation Area | R49: =SUMIF($C$3:$C$40,O49,$G$3:$G$40) -> 0.02915703
O50: Lobby, Main Entry | R50: =SUMIF($C$3:$C$40,O50,$G$3:$G$40) -> 0.024839649
O51: Office Area (<250 square feet) | R51: =SUMIF($C$3:$C$40,O51,$G$3:$G$40) -> 0.032505612
O52: Restrooms | R52: =SUMIF($C$3:$C$40,O52,$G$3:$G$40) -> 0.067201727
O53: Storage (General) | R53: =SUMIF($C$3:$C$40,O53,$G$3:$G$40) -> 0.058231626
O54: Storage, Commercial/Industrial (Refrigerated) | R54: =SUMIF($C$3:$C$40,O54,$G$3:$G$40) -> 0.0050364781
O55: Theater Area (Performance) | R55: =SUMIF($C$3:$C$40,O55,$G$3:$G$40) -> 0.021319997
O56: Classroom, Lecture, Training, Vocational Areas | R56: =SUMIF($C$3:$C$40,O56,$G$3:$G$40) -> 0.5349023
O57: Library (Reading Area) | R57: =SUMIF($C$3:$C$40,O57,$G$3:$G$40) -> 0.023952483
O58: Total | R58: =SUM(R45:R57) -> 1

Sheet Envelope
A1: ="Envelope - "&Prototype!A2 -> Envelope - SchoolK-8
A2: Element | B2: Prototype | C2: Assembly Type | D2: Construction | E2: Thermal properties | F2: Vintage | G2: Selected T24 | H2: Notes | I2: CZ1 | J2: CZ2 | K2: CZ3 | L2: CZ4 | M2: CZ5 | N2: CZ6 | O2: CZ7 | P2: CZ8 | Q2: CZ9 | R2: CZ10 | S2: CZ11 | T2: CZ12 | U2: CZ13 | V2: CZ14 | W2: CZ15 | X2: CZ16
A3: External Wall | B3: =Prototype!A2 -> SchoolK-8 | C3: ExtWall_MetalFramed_NonRes | D3: Metal framed wall: Metal frame + insulation + Gypsum board | E3: U-factor IP | F3: Pre 1978 | G3: N/A | H3: Using DOE pre-1980 U-values of 0.227 and a 9.2% cumulative wall renovation rate through 2028, based on the average annual rate from CBECS 2003 and 2012 projected over 48 years. | I3: =I74*(1-$I$75)+I73*$I$75 -> 0.215132 | J3: =J74*(1-$I$75)+J73*$I$75 -> 0.21182 | K3: =K74*(1-$I$75)+K73*$I$75 -> 0.21366 | L3: =L74*(1-$I$75)+L73*$I$75 -> 0.21182 | M3: =M74*(1-$I$75)+M73*$I$75 -> 0.21182 | N3: =N74*(1-$I$75)+N73*$I$75 -> 0.215132 | O3: =O74*(1-$I$75)+O73*$I$75 -> 0.215132 | P3: =P74*(1-$I$75)+P73*$I$75 -> 0.21182 | ... X3: =X74*(1-$I$75)+X73*$I$75 -> 0.21182
F4: 1978-1997 | G4: 1992 | H4: TABLE NO. 1-I | I4: 0.182 | J4: 0.189 | K4: 0.189 | L4: 0.189 | M4: 0.189 | N4: 0.189 | O4: 0.189 | P4: 0.189 | Q4: 0.189 | R4: 0.189 | S4: 0.182 | T4: 0.182 | U4: 0.182 | V4: 0.182 | W4: 0.182 | X4: 0.182
F5: 1998-2007 | G5: 2001 | H5: Table 1-H | I5: 0.182 | J5: 0.182 | K5: 0.189 | L5: 0.189 | M5: 0.189 | N5: 0.189 | O5: 0.189 | P5: 0.189 | Q5: 0.189 | R5: 0.182 | S5: 0.182 | T5: 0.182 | U5: 0.182 | V5: 0.182 | W5: 0.182 | X5: 0.182
F6: 2008-2018 | G6: 2013 | H6: Table 140.3-B | I6: 0.098 | J6: 0.062 | K6: 0.082 | L6: 0.062 | M6: 0.062 | N6: 0.098 | O6: 0.098 | P6: 0.062 | Q6: 0.062 | R6: 0.062 | S6: 0.062 | T6: 0.062 | U6: 0.062 | V6: 0.062 | W6: 0.062 | X6: 0.062
F7: Existing | H7: Weighted average of all 4 vintages | I7: {=_xlfn.BYCOL(TRANSPOSE(Weights!$C$4:$F$19)*I3:X6,_xlfn.LAMBDA(_xlpm.c,SUM(_xlpm.c)))} -> 0.19777839 | J7: 0.20692914 | K7: 0.20652023 | L7: 0.20589614 | M7: 0.20038322 | N7: 0.20300294 | O7: 0.17455149 | P7: 0.20045868 | Q7: 0.20215808 | R7: 0.1797848 | S7: 0.19596027 | T7: 0.19332976 | U7: 0.18459358 | V7: 0.18613236 | W7: 0.18242938 | X7: 0.18431544
F8: 2019+ | G8: 2025 | H8: Table 140.3-B (2025) Metal-framed walls | I8: 0.06 | J8: 0.055 | K8: 0.071 | L8: 0.055 | M8: 0.055 | N8: 0.06 | O8: 0.06 | P8: 0.055 | Q8: 0.055 | R8: 0.055 | S8: 0.055 | T8: 0.055 | U8: 0.055 | V8: 0.055 | W8: 0.055 | X8: 0.055
A9: Roof | B9: =$B$3 -> SchoolK-8 | C9: FlatRoof_WoodFramedAndOther_NonRes | D9: Metal deck roof: roof membrane+roof insulation+metal decking | E9: U-factor IP | F9: Pre 1978 | G9: N/A | H9: Considering 30 years for roof/ insultation replacement | I9: 0.057 | J9: 0.057 | K9: 0.057 | L9: 0.057 | M9: 0.057 | N9: 0.078 | O9: 0.078 | P9: 0.078 | Q9: 0.078 | R9: 0.078 | S9: 0.057 | T9: 0.057 | U9: 0.057 | V9: 0.057 | W9: 0.057 | X9: 0.057
F10: 1978-1997 | G10: N/A | I10: 0.057 | J10: 0.057 | K10: 0.057 | L10: 0.057 | M10: 0.057 | N10: 0.078 | O10: 0.078 | P10: 0.078 | Q10: 0.078 | R10: 0.078 | S10: 0.057 | T10: 0.057 | U10: 0.057 | V10: 0.057 | W10: 0.057 | X10: 0.057
F11: 1998-2007 | G11: 2001 | H11: Table 1-H | I11: 0.057 | J11: 0.057 | K11: 0.057 | L11: 0.057 | M11: 0.057 | N11: 0.078 | O11: 0.078 | P11: 0.078 | Q11: 0.078 | R11: 0.057 | S11: 0.057 | T11: 0.057 | U11: 0.057 | V11: 0.057 | W11: 0.057 | X11: 0.057
F12: 2008-2018 | G12: 2013 | H12: Table 140.3-B | I12: 0.049 | J12: 0.039 | K12: 0.039 | L12: 0.039 | M12: 0.049 | N12: 0.075 | O12: 0.067 | P12: 0.067 | Q12: 0.039 | R12: 0.039 | S12: 0.039 | T12: 0.039 | U12: 0.039 | V12: 0.039 | W12: 0.039 | X12: 0.039
F13: Existing | H13: Weighted average of all 4 vintages | I13: {=_xlfn.BYCOL(TRANSPOSE(Weights!$C$4:$F$19)*I9:X12,_xlfn.LAMBDA(_xlpm.c,SUM(_xlpm.c)))} -> 0.05673101 | J13: 0.056746801 | K13: 0.056870688 | L13: 0.05687717 | M13: 0.05693769 | N13: 0.077860757 | O13: 0.075304949 | P13: 0.077576533 | Q13: 0.077065993 | R13: 0.066517197 | S13: 0.056650881 | T13: 0.056429947 | U13: 0.055726048 | V13: 0.055137688 | W13: 0.056116529 | X13: 0.05513234
F14: 2019+ | G14: 2025 | H14: Table 140.3-B | I14: 0.028 | J14: 0.028 | K14: 0.028 | L14: 0.028 | M14: 0.028 | N14: 0.047 | O14: 0.047 | P14: 0.047 | Q14: 0.028 | R14: 0.028 | S14: 0.028 | T14: 0.028 | U14: 0.028 | V14: 0.028 | W14: 0.028 | X14: 0.028
A15: Windows | B15: SchoolK-8 | C15: FixedWindow_NonRes | D15: Single pane | E15: U-factor IP | F15: Pre 1978 | G15: N/A | H15: ASHRAE Handbook of Fundamentals (Table 4-Ch15) for single pane & T24, 2013 for double pane (33%-67%)* | I15: =0.33*1.12+0.67*I18 -> 0.6108 | J15: =0.33*1.12+0.67*J18 -> 0.6108 | K15: =0.33*1.12+0.67*K18 -> 0.6108 | L15: =0.33*1.12+0.67*L18 -> 0.6108 | M15: =0.33*1.12+0.67*M18 -> 0.6108 | N15: =0.33*1.12+0.67*N18 -> 0.6108 | O15: =0.33*1.12+0.67*O18 -> 0.6108 | P15: =0.33*1.12+0.67*P18 -> 0.6108 | ... X15: =0.33*1.12+0.67*X18 -> 0.6108
F16: 1978-1997 | G16: N/A | I16: =0.33*1.12+0.67*I18 -> 0.6108 | J16: =0.33*1.12+0.67*J18 -> 0.6108 | K16: =0.33*1.12+0.67*K18 -> 0.6108 | L16: =0.33*1.12+0.67*L18 -> 0.6108 | M16: =0.33*1.12+0.67*M18 -> 0.6108 | N16: =0.33*1.12+0.67*N18 -> 0.6108 | O16: =0.33*1.12+0.67*O18 -> 0.6108 | P16: =0.33*1.12+0.67*P18 -> 0.6108 | ... X16: =0.33*1.12+0.67*X18 -> 0.6108
D17: Double pane | F17: 1998-2007 | G17: 2001 | H17: Table 1-H | I17: 0.49 | J17: 0.49 | K17: 0.81 | L17: 0.81 | M17: 0.81 | N17: 0.81 | O17: 0.81 | P17: 0.81 | Q17: 0.81 | R17: 0.49 | S17: 0.49 | T17: 0.49 | U17: 0.49 | V17: 0.49 | W17: 0.49 | X17: 0.49
F18: 2008-2018 | G18: 2013 | H18: Table 140.3-B | I18: 0.36 | J18: 0.36 | K18: 0.36 | L18: 0.36 | M18: 0.36 | N18: 0.36 | O18: 0.36 | P18: 0.36 | Q18: 0.36 | R18: 0.36 | S18: 0.36 | T18: 0.36 | U18: 0.36 | V18: 0.36 | W18: 0.36 | X18: 0.36
F19: Existing | H19: Weighted average of all 4 vintages | I19: {=_xlfn.BYCOL(TRANSPOSE(Weights!$C$4:$F$19)*I15:X18,_xlfn.LAMBDA(_xlpm.c,SUM(_xlpm.c)))} -> 0.5917462 | J19: 0.60263349 | K19: 0.61227218 | L19: 0.61113841 | M19: 0.61370022 | N19: 0.62087022 | O19: 0.58853034 | P19: 0.62312044 | Q19: 0.62219226 | R19: 0.54168422 | S19: 0.59581964 | T19: 0.58968145 | U19: 0.57396796 | V19: 0.56658384 | W19: 0.53475388 | X19: 0.56777145
F20: 2019+ | G20: 2025 | H20: Table 140.3-B | I20: 0.36 | J20: 0.36 | K20: 0.36 | L20: 0.36 | M20: 0.36 | N20: 0.36 | O20: 0.36 | P20: 0.36 | Q20: 0.34 | R20: 0.36 | S20: 0.34 | T20: 0.34 | U20: 0.34 | V20: 0.34 | W20: 0.34 | X20: 0.36
C21: FixedWindow_NonRes | D21: Single pane | E21: SHGC | F21: Pre 1978 | G21: N/A | H21: ASHRAE Handbook of Fundamentals (Table 10-Ch15) for single pane & T24, 2013 for double pane (33%-67%)* | I21: =0.79*0.33+0.67*I24 -> 0.4282 | J21: =0.79*0.33+0.67*J24 -> 0.4282 | K21: =0.79*0.33+0.67*K24 -> 0.4282 | L21: =0.79*0.33+0.67*L24 -> 0.4282 | M21: =0.79*0.33+0.67*M24 -> 0.4282 | N21: =0.79*0.33+0.67*N24 -> 0.4282 | O21: =0.79*0.33+0.67*O24 -> 0.4282 | P21: =0.79*0.33+0.67*P24 -> 0.4282 | ... X21: =0.79*0.33+0.67*X24 -> 0.4282
F22: 1978-1997 | G22: N/A | I22: =0.79*0.33+0.67*I24 -> 0.4282 | J22: =0.79*0.33+0.67*J24 -> 0.4282 | K22: =0.79*0.33+0.67*K24 -> 0.4282 | L22: =0.79*0.33+0.67*L24 -> 0.4282 | M22: =0.79*0.33+0.67*M24 -> 0.4282 | N22: =0.79*0.33+0.67*N24 -> 0.4282 | O22: =0.79*0.33+0.67*O24 -> 0.4282 | P22: =0.79*0.33+0.67*P24 -> 0.4282 | ... X22: =0.79*0.33+0.67*X24 -> 0.4282
D23: Double pane | F23: 1998-2007 | G23: 2001 | H23: Table 1-H — WWR ≤10% (prototype 7.08%), SHGC non-north. | I23: 0.43 | J23: 0.31 | K23: 0.41 | L23: 0.41 | M23: 0.41 | N23: 0.34 | O23: 0.34 | P23: 0.34 | Q23: 0.34 | R23: 0.31 | S23: 0.31 | T23: 0.31 | U23: 0.31 | V23: 0.31 | W23: 0.31 | X23: 0.43
F24: 2008-2018 | G24: 2013 | H24: Table 140.3-B | I24: 0.25 | J24: 0.25 | K24: 0.25 | L24: 0.25 | M24: 0.25 | N24: 0.25 | O24: 0.25 | P24: 0.25 | Q24: 0.25 | R24: 0.25 | S24: 0.25 | T24: 0.25 | U24: 0.25 | V24: 0.25 | W24: 0.25 | X24: 0.25
F25: Existing | H25: Weighted average of all 4 vintages | I25: {=_xlfn.BYCOL(TRANSPOSE(Weights!$C$4:$F$19)*I21:X24,_xlfn.LAMBDA(_xlpm.c,SUM(_xlpm.c)))} -> 0.4223665 | J25: 0.42115456 | K25: 0.4266207 | L25: 0.4267967 | M25: 0.42636858 | N25: 0.41031597 | O25: 0.36719365 | P25: 0.41160973 | Q25: 0.41622869 | R25: 0.36835023 | S25: 0.41484548 | T25: 0.40966425 | U25: 0.39691693 | V25: 0.39188835 | W25: 0.35708901 | X25: 0.40996356
F26: 2019+ | G26: 2025 | H26: Table 140.3-B | I26: 0.25 | J26: 0.25 | K26: 0.25 | L26: 0.25 | M26: 0.25 | N26: 0.25 | O26: 0.25 | P26: 0.25 | Q26: 0.22 | R26: 0.25 | S26: 0.22 | T26: 0.22 | U26: 0.22 | V26: 0.22 | W26: 0.22 | X26: 0.25
A27: Skylight | B27: SchoolK-8 | C27: Skylight | D27: Plastic curb-mounted | E27: U-factor IP | F27: Pre 1978 | G27: 1992 | H27: Table 1-I Translucent (1992 term for this plastic curb product). 4 MPR skylights; CalBEM 63.97 ft² vs CEC 130.57 ft²; SRR ~0.17%/0.35% (0–2% bin). | I27: 0.85 | J27: 1.31 | K27: 1.31 | L27: 1.31 | M27: 1.31 | N27: 1.31 | O27: 1.31 | P27: 1.31 | Q27: 1.31 | R27: 1.31 | S27: 0.85 | T27: 0.85 | U27: 0.85 | V27: 0.85 | W27: 0.85 | X27: 0.85
F28: 1978-1997 | G28: 1992 | I28: =I27 -> 0.85 | J28: =J27 -> 1.31 | K28: =K27 -> 1.31 | L28: =L27 -> 1.31 | M28: =M27 -> 1.31 | N28: =N27 -> 1.31 | O28: =O27 -> 1.31 | P28: =P27 -> 1.31 | ... X28: =X27 -> 0.85
F29: 1998-2007 | G29: 2001 | H29: Table 1-H plastic w/curb U-factor (U does not vary by SRR). | I29: 0.87 | J29: 1.1 | K29: 1.3 | L29: 1.3 | M29: 1.3 | N29: 1.3 | O29: 1.3 | P29: 1.3 | Q29: 1.3 | R29: 1.1 | S29: 1.1 | T29: 1.1 | U29: 1.1 | V29: 1.1 | W29: 1.1 | X29: 0.87
F30: 2008-2018 | G30: 2013 | H30: Table 140.3-B | I30: 0.88 | J30: 0.88 | K30: 0.88 | L30: 0.88 | M30: 0.88 | N30: 0.88 | O30: 0.88 | P30: 0.88 | Q30: 0.88 | R30: 0.88 | S30: 0.88 | T30: 0.88 | U30: 0.88 | V30: 0.88 | W30: 0.88 | X30: 0.88
F31: Existing | H31: Weighted average of all 4 vintages | I31: {=_xlfn.BYCOL(TRANSPOSE(Weights!$C$4:$F$19)*I27:X30,_xlfn.LAMBDA(_xlpm.c,SUM(_xlpm.c)))} -> 0.85276715 | J31: 1.2958875 | K31: 1.3067465 | L31: 1.3069628 | M31: 1.3064072 | N31: 1.2889519 | O31: 1.2026815 | P31: 1.2923431 | Q31: 1.2988285 | R31: 1.1905421 | S31: 0.87151717 | T31: 0.87821791 | U31: 0.8916134 | V31: 0.89091003 | W31: 0.98337726 | X31: 0.8559283
F32: 2019+ | G32: 2025 | H32: Table 140.3-B | I32: 0.88 | J32: 0.88 | K32: 0.88 | L32: 0.88 | M32: 0.88 | N32: 0.88 | O32: 0.88 | P32: 0.88 | Q32: 0.88 | R32: 0.88 | S32: 0.88 | T32: 0.88 | U32: 0.88 | V32: 0.88 | W32: 0.88 | X32: 0.88
E33: SHGC | F33: Pre 1978 | G33: 1992 | H33: Table 1-I Translucent SHGC (1992 term; same plastic curb product). | I33: 0.81 | J33: 0.86 | K33: 0.86 | L33: 0.86 | M33: 0.86 | N33: 0.86 | O33: 0.86 | P33: 0.86 | Q33: 0.86 | R33: 0.86 | S33: 0.81 | T33: 0.81 | U33: 0.81 | V33: 0.81 | W33: 0.81 | X33: 0.81
F34: 1978-1997 | G34: 1992 | I34: =I33 -> 0.81 | J34: =J33 -> 0.86 | K34: =K33 -> 0.86 | L34: =L33 -> 0.86 | M34: =M33 -> 0.86 | N34: =N33 -> 0.86 | O34: =O33 -> 0.86 | P34: =P33 -> 0.86 | ... X34: =X33 -> 0.81
F35: 1998-2007 | G35: 2001 | H35: Table 1-H plastic w/curb, SRR 0–2% (K8 ~0.17% CalBEM / 0.35% CBECC). Not 2.1–5%. | I35: 0.77 | J35: 0.77 | K35: 0.79 | L35: 0.79 | M35: 0.79 | N35: 0.77 | O35: 0.77 | P35: 0.77 | Q35: 0.77 | R35: 0.77 | S35: 0.77 | T35: 0.77 | U35: 0.77 | V35: 0.71 | W35: 0.71 | X35: 0.77
F36: 2008-2018 | G36: 2013 | H36: Table 140.3-B plastic curb SHGC = NR; used 2001 Table 1-H 0–2% SRR. | I36: 0.77 | J36: 0.77 | K36: 0.79 | L36: 0.79 | M36: 0.79 | N36: 0.77 | O36: 0.77 | P36: 0.77 | Q36: 0.77 | R36: 0.77 | S36: 0.77 | T36: 0.77 | U36: 0.77 | V36: 0.71 | W36: 0.71 | X36: 0.77
F37: Existing | H37: Weighted average of all 4 vintages | I37: {=_xlfn.BYCOL(TRANSPOSE(Weights!$C$4:$F$19)*I33:X36,_xlfn.LAMBDA(_xlpm.c,SUM(_xlpm.c)))} -> 0.80513818 | J37: 0.85527802 | K37: 0.85834658 | L37: 0.858802 | M37: 0.85774919 | N37: 0.84601354 | O37: 0.82024894 | P37: 0.84660659 | Q37: 0.84998376 | R37: 0.8197171 | S37: 0.80587445 | T37: 0.80437036 | U37: 0.80085057 | V37: 0.78453135 | W37: 0.75232982 | X37: 0.80021858
F38: 2019+ | G38: 2025 | H38: Table 140.3-B (2025) plastic curb SHGC = NR; same 2001 0–2% SRR values. | I38: 0.77 | J38: 0.77 | K38: 0.79 | L38: 0.79 | M38: 0.79 | N38: 0.77 | O38: 0.77 | P38: 0.77 | Q38: 0.77 | R38: 0.77 | S38: 0.77 | T38: 0.77 | U38: 0.77 | V38: 0.71 | W38: 0.71 | X38: 0.77
A39: Floor: SlabOnGrade_Unheated_NonRes is a 4 in. concrete slab-on-grade with no insulation. It is the same for every vintage (F-factor 0.73), so it is documented here instead of as a table row.
C41: Infiltration
D42: Building | E42: Zones | F42: Vintage | G42: I_75 6-Sided Infiltration rate @ 75 pa | H42: Note | I42: I-design (cfm/ft²) (4-sided Infiltration rate at normal pressure) (Design flow rate approach and Flow/Exterior Wall Area calculation method)
C43: Infiltration | D43: SkoolK-8 Admin/MPR | F43: Pre 1978 | G43: 1.1 | H43: 2022 CASE report (Table 38) | I43: =0.112*G43*$AA$48 -> 0.41666857 | Z43: Floor or roof area (ft2) | AA43: 16755.34
F44: 1978-1997 | G44: 1.1 | H44: 2022 CASE report (Table 38) | I44: =0.112*G44*$AA$48 -> 0.41666857 | Z44: Walls area (ft2) | AA44: 14068
F45: 1998-2007 | G45: 1.1 | H45: 2022 CASE report (Table 38) | I45: =0.112*G45*$AA$48 -> 0.41666857 | Z45: Building 4 sided area (ft2)= | AA45: =AA44 -> 14068
F46: 2008-2018 | G46: 1 | H46: 2022 CASE report (Table 38) & T24, 2008-2016 (Table 140.3-B)--Air barrier is required in CZ 10-16 | I46: =0.112*G46*$AA$48 -> 0.3787896 | Z46: Building 6 sided area (ft2)= | AA46: =AA44+(2*AA43) -> 47578.68
F47: Existing | G47: 1.1 | H47: Same as Pre 2008 because of their higher weights | I47: =I45 -> 0.41666857
F48: 2019+ | G48: 0.6 | H48: 2022 CASE report (Table 38) & T24, 2025 (Table 140.3-B)--Air barrier is required in all CZs | I48: =0.112*G48*$AA$48 -> 0.22727376 | Z48: 6 sided /4 sided factor= | AA48: =AA46/AA45 -> 3.38205
D49: SkoolK-8 North Classrooms | F49: Pre 1978 | G49: 1.1 | H49: 2022 CASE report (Table 38) | I49: =0.112*G49*$AA$54 -> 0.38125722 | Z49: Floor or roof area (ft2) | AA49: 15753.22
F50: 1978-1997 | G50: 1.1 | H50: 2022 CASE report (Table 38) | I50: =0.112*G50*$AA$54 -> 0.38125722 | Z50: Walls area (ft2) | AA50: 15041.6
F51: 1998-2007 | G51: 1.1 | H51: 2022 CASE report (Table 38) | I51: =0.112*G51*$AA$54 -> 0.38125722 | Z51: Building 4 sided area (ft2)= | AA51: =AA50 -> 15041.6
F52: 2008-2018 | G52: 1 | H52: 2022 CASE report (Table 38) & T24, 2008-2016 (Table 140.3-B)--Air barrier is required in CZ 10-16 | I52: =0.112*G52*$AA$54 -> 0.34659747 | Z52: Building 6 sided area (ft2)= | AA52: =AA50+(2*AA49) -> 46548.04
F53: Existing | G53: 1.1 | H53: Same as Pre 2008 because of their higher weights | I53: =I51 -> 0.38125722
F54: 2019+ | G54: 0.6 | H54: 2022 CASE report (Table 38) & T24, 2025 (Table 140.3-B)--Air barrier is required in all CZs | I54: =0.112*G54*$AA$54 -> 0.20795848 | Z54: 6 sided /4 sided factor= | AA54: =AA52/AA51 -> 3.0946203
D55: SkoolK-8 West Classrooms | F55: Pre 1978 | G55: 1.1 | H55: 2022 CASE report (Table 38) | I55: =0.112*G55*$AA$60 -> 0.36114574 | Z55: Floor or roof area (ft2) | AA55: 8829.95
F56: 1978-1997 | G56: 1.1 | H56: 2022 CASE report (Table 38) | I56: =0.112*G56*$AA$60 -> 0.36114574 | Z56: Walls area (ft2) | AA56: 9143.68
F57: 1998-2007 | G57: 1.1 | H57: 2022 CASE report (Table 38) | I57: =0.112*G57*$AA$60 -> 0.36114574 | Z57: Building 4 sided area (ft2)= | AA57: =AA56 -> 9143.68
F58: 2008-2018 | G58: 1 | H58: 2022 CASE report (Table 38) & T24, 2008-2016 (Table 140.3-B)--Air barrier is required in CZ 10-16 | I58: =0.112*G58*$AA$60 -> 0.32831431 | Z58: Building 6 sided area (ft2)= | AA58: =AA56+(2*AA55) -> 26803.58
F59: Existing | G59: 1.1 | H59: Same as Pre 2008 because of their higher weights | I59: =I57 -> 0.36114574
F60: 2019+ | G60: 0.6 | H60: 2022 CASE report (Table 38) & T24, 2025 (Table 140.3-B)--Air barrier is required in all CZs | I60: =0.112*G60*$AA$60 -> 0.19698858 | Z60: 6 sided /4 sided factor= | AA60: =AA58/AA57 -> 2.9313777
D61: SkoolK-8 Kindergarten | F61: Pre 1978 | G61: 1.1 | H61: 2022 CASE report (Table 38) | I61: =0.112*G61*$AA$66 -> 0.44404206 | Z61: Floor or roof area (ft2) | AA61: 8640.86
F62: 1978-1997 | G62: 1.1 | H62: 2022 CASE report (Table 38) | I62: =0.112*G62*$AA$66 -> 0.44404206 | Z62: Walls area (ft2) | AA62: 6636
F63: 1998-2007 | G63: 1.1 | H63: 2022 CASE report (Table 38) | I63: =0.112*G63*$AA$66 -> 0.44404206 | Z63: Building 4 sided area (ft2)= | AA63: =AA62 -> 6636
F64: 2008-2018 | G64: 1 | H64: 2022 CASE report (Table 38) & T24, 2008-2016 (Table 140.3-B)--Air barrier is required in CZ 10-16 | I64: =0.112*G64*$AA$66 -> 0.4036746 | Z64: Building 6 sided area (ft2)= | AA64: =AA62+(2*AA61) -> 23917.72
F65: Existing | G65: 1.1 | H65: Same as Pre 2008 because of their higher weights | I65: =I63 -> 0.44404206
F66: 2019+ | G66: 0.6 | H66: 2022 CASE report (Table 38) & T24, 2025 (Table 140.3-B)--Air barrier is required in all CZs | I66: =0.112*G66*$AA$66 -> 0.24220476 | Z66: 6 sided /4 sided factor= | AA66: =AA64/AA63 -> 3.6042375
E67: Source: T24 air barrier requirements (all editions) and the standardized infiltration rate reported in the 2022 CASE report and Dodge 2023 data
E68: Air Leakage Memo: | G68: Infiltration_rate_report_14May2025-Short-Version.docx
A71: Pre-1978 exterior wall U value calculation:
A72: External Wall | B72: SchoolK-8 | C72: ExtWall_MetalFramed_NonRes | D72: Metal framed wall: Metal frame + insulation + Gypsum board | E72: U-value IP | F72: Pre 1978 | G72: N/A | H72: ASHRAE 90.1-2022 Table A3.3.3.1 (metal-framed), 3.5 in., R-0 | I72: 0.352 | J72: 0.352 | K72: 0.352 | L72: 0.352 | M72: 0.352 | N72: 0.352 | O72: 0.352 | P72: 0.352 | Q72: 0.352 | R72: 0.352 | S72: 0.352 | T72: 0.352 | U72: 0.352 | V72: 0.352 | W72: 0.352 | X72: 0.352
H73: T24 2008 (U value): Metal framed wall Nonres | I73: 0.098 | J73: 0.062 | K73: 0.082 | L73: 0.062 | M73: 0.062 | N73: 0.098 | O73: 0.098 | P73: 0.062 | Q73: 0.062 | R73: 0.062 | S73: 0.062 | T73: 0.062 | U73: 0.062 | V73: 0.062 | W73: 0.062 | X73: 0.062
H74: DOE pre 1980 prototype LA (U value) | I74: 0.227 | J74: 0.227 | K74: 0.227 | L74: 0.227 | M74: 0.227 | N74: 0.227 | O74: 0.227 | P74: 0.227 | Q74: 0.227 | R74: 0.227 | S74: 0.227 | T74: 0.227 | U74: 0.227 | V74: 0.227 | W74: 0.227 | X74: 0.227
H75: Renovation rate since 1980 (yearly renovation rate was calculated from CBECS 2003 and 2012 and then projected over 48 years) | I75: 0.092

Sheet HVAC System
A1: ="HVAC system - "&Prototype!A2 -> HVAC system - SchoolK-8
A2: Vintage | B2: Zones | C2: Heating | D2: Cooling | E2: Air Distribution | F2: Other Systems | G2: Source | H2: Note
A3: Existing | B3: All Space Types except MPR/refrigerated storage | C3: Gas Furnace | D3: PSZAC (DX cooling) | E3: CAV | F3: OA mixing. Air-side economizer: not modeled (see Economizer / ERV). | G3: Engineering Judgement | H3: System 3a
B4: Admin/MPR Multipurpose Room | C4: SZHP (DX heating) | D4: SZHP (DX cooling) | E4: SZVAV (single-zone VAV) | F4: OA mixing. Air-side economizer: not modeled (see Economizer / ERV). | G4: Engineering Judgement | H4: VAV with no reheat and a variable-volume fan. Theater and other Admin zones remain CAV. Kitchen makeup loop System 13 is also VAV (exhaust makeup).
B5: Admin/MPR_Storage - Refrigerated | C5: n/a (walk-in refrigeration) | D5: Walk-in cooler (not PSZ DX) | E5: n/a | F5: n/a — walk-in refrigeration, not an air-side HVAC OA system. | G5: Engineering Judgement | H5: Refrigeration system; 35°F product; equipment W/ft² on Equipment tab.
A6: New Construction | B6: All Space Types except MPR and refrigerated storage | C6: SZHP | D6: SZHP | E6: CAV | F6: OA mixing. Air-side economizer: not modeled (see Economizer / ERV). | G6: ACM 2025 | H6: System 3b
B7: Admin/MPR Multipurpose Room | C7: SZHP (DX heating) | D7: SZHP (DX cooling) | E7: SZVAV (single-zone VAV) | F7: OA mixing. Air-side economizer: not modeled (see Economizer / ERV). | G7: Engineering Judgement | H7: VAV with no reheat and a variable-volume fan. Theater and other Admin zones remain CAV. Kitchen makeup loop System 13 is also VAV (exhaust makeup).
B8: Admin/MPR_Storage - Refrigerated | C8: n/a (walk-in refrigeration) | D8: Walk-in cooler (not PSZ DX) | E8: n/a | F8: n/a — walk-in refrigeration, not an air-side HVAC OA system. | G8: Engineering Judgement | H8: Refrigeration system; 35°F product; equipment W/ft² on Equipment tab.
A11: Efficiency of HVAC system (Efficiency is capacity-dependent. The following table provides a general estimate of system efficiency based on preliminary simulations in one climate zone, or assuming cooling load based on rule of thumb)
A12: Vintage | B12: Upgrade/Installed year | C12: Gas Furnace | D12: Heating DX | E12: Cooling DX | F12: Sources | G12: Note
A13: Pre 1978 | B13: 2008 | C13: Thermal Efficiency of 80% | D13: n/a | E13: EER 11.2 for <65 kBtu/h EER 10.3 for 65-135 kBtu/h | F13: 2005 Title 20 Appliance Efficiency Regulations, 2005 T24 Standards, Tables 112-A, 112-B
A14: 1978-1997
A15: 1998-2007
A16: 2008-2018 | B16: 2013 | C16: Thermal Efficiency of 80% | D16: n/a | E16: EER 11.2 for <65 kBtu/h EER 11.2 for 65–135 kBtu/h | F16: 2013 Title 20 Appliance Efficiency Regulations, 2013 T24 Tables 110.2 | G16: 2013 T24 Table 110.2-A (air-cooled packaged AC). Existing vintage is PSZAC + gas furnace, not HP.
A17: New Construction | B17: 2025 | C17: n/a | D17: Heating @ 47°F: <65 kBtu/h (AHRI 210/240): federal minimum HSPF2 / 10 CFR 430 65–135 kBtu/h: COP 3.40 (10 CFR 431 / T24 Table 110.2-B) Heating @ 17°F: COP 2.25 (Table 110.2-B) | E17: <65 kBtu/h packaged HP (10 CFR 430.32): SEER2 13.4 (pair to HSPF2 6.7) 65–135 kBtu/h: EER 11.0 + federal min IEER (Table 110.2-B) 135–240 kBtu/h: EER 10.6 + federal min IEER (MPR bin) ≥240 kBtu/h: EER 9.5 + federal min IEER | F17: T24 2025 Table 110.2-B; 10 CFR 431.97 (COP @ 47°F); 10 CFR 430.32 (HSPF2/SEER2 <65 kBtu/h); AHRI 340/360 (≥65) / AHRI 210/240 (<65)
C19: * Et = Combustion efficiency | D19: * Et = Thermal efficiency
A21: Fan power
A22: Vintage | B22: Approach | C22: System | D22: Total Static Pressure (TSP) (in w.c.) | E22: Fan Efficiency [ACM 2025] | F22: Motor Efficiency | G22: Fan Power Index (W/cfm) | H22: Data Source
A23: Existing | B23: PNNL 90.1-2011, TSP | C23: CAV, PSZ classrooms/admin (except MPR), design airflow < 7,437 cfm | D23: 2.5 | E23: 0.65 | F23: ASHRAE 90.1, 2004, Table 10.8 * | H23: Fan power formula: PNNL 20405, 2010, section 5.2.2.5 TSP and fan efficiency: PNNL 20405, 2010, Table 5.11, 90.1-04ac values Motor and drive efficiency: ASHRAE 90.1, 2004, Table 10.8 | I23: PNNL 20405, 2010, Table 5.11
C24: SZVAV, Admin/MPR Multipurpose Room, VAV > 4,648 cfm | D24: 5.58
A25: Brake horsepower (bhp) = (Supply cfm × TSP in w.c.) / (6356 × fan efficiency)
A26: Fan power (w/cfm) = (bhp × 746) / ( supply cfm × motor efficiency )
A27: New Construction | B27: ACM 2025 | C27: SZHP (System 3b), CAV classrooms/admin, ≤5,000 cfm | D27: TSP = fan power × motor efficiency × fan efficiency × 6356 / 746 | E27: 0.65 | F27: 2025 ACM Table 12 ** | G27: 0.744 | H27: Fan power index: [ACM 2025, Table 13] Motor efficiency: [ACM 2025, Table 12]
C28: SZVAVHP (System 7b), MPR/cafeteria, >10,000 cfm | D28: TSP = fan power × motor efficiency × fan efficiency × 6356 / 746 | G28: 0.676
A30: * According to PNNL 20405 section 5.2.2.5, the full-load efficiency of the motor serving the fan is taken from ASHRAE 90.1, 2004, Table 10.8, based on motor nameplate and assuming enclosed motors operating at 1,800 rotations per minute (rpm) Motor nameplate size (bhp) = brake horsepower (bhp) × 1.1 ( using a 10% oversizing factor)
A31: ** The full‑load efficiency of the motor serving the fan is taken from ACM 2025 Table 12 based on the cfm of the fan. Brake horsepower (bhp) = (Supply cfm from sizing run × fan power in W/cfm) / 746. Note: Packaged SZHP. Same index as Hotel Small System 3b ≤5,000 cfm. Note: Single-zone VAV heat pump, not System 6. ACM System 7b >10,000 cfm = 0.676; >5,000–10,000 cfm = 0.720. PNNL row was VAV >4,648 cfm.
A32: Economizer / ERV | B32: Air-side economizer: not modeled. ERV: not modeled. T24 §140.4(e) would require an air economizer when cooling capacity ≥ 54,000 Btu/h (with listed exceptions); CBECC Standard Design uses FixedDryBulb on units that meet that threshold. This prototype does not include economizers.
A34: Background Data [To be deleted prior to publication]

Sheet Thermostat
A1: ="Thermostat Setpoints - "&Prototype!A2 -> Thermostat Setpoints - SchoolK-8
A2: Setpoint | B2: CZ1 | C2: CZ2 | D2: CZ3 | E2: CZ4 | F2: CZ5 | G2: CZ6 | H2: CZ7 | I2: CZ8 | J2: CZ9 | K2: CZ10 | L2: CZ11 | M2: CZ12 | N2: CZ13 | O2: CZ14 | P2: CZ15 | Q2: CZ16 | R2: Source
A3: School Heating Setpoint (F) | B3: 70 | C3: 70 | D3: 70 | E3: 70 | F3: 70 | G3: 70 | H3: 70 | I3: 70 | J3: 70 | K3: 70 | L3: 70 | M3: 70 | N3: 70 | O3: 70 | P3: 70 | Q3: 70 | R3: T24 2022 - Appendix 5.4B
A4: School Heating Setback (F) | B4: 60 | C4: 60 | D4: 60 | E4: 60 | F4: 60 | G4: 60 | H4: 60 | I4: 60 | J4: 60 | K4: 60 | L4: 60 | M4: 60 | N4: 60 | O4: 60 | P4: 60 | Q4: 60
A5: School Cooling Setpoint (F) | B5: 75 | C5: 75 | D5: 75 | E5: 75 | F5: 75 | G5: 75 | H5: 75 | I5: 75 | J5: 75 | K5: 75 | L5: 75 | M5: 75 | N5: 75 | O5: 75 | P5: 75 | Q5: 75 | R5: T24 2022 - Appendix 5.4B
A6: School Cooling Setback (F) | B6: 85 | C6: 85 | D6: 85 | E6: 85 | F6: 85 | G6: 85 | H6: 85 | I6: 85 | J6: 85 | K6: 85 | L6: 85 | M6: 85 | N6: 85 | O6: 85 | P6: 85 | Q6: 85
A7: Kitchen Heating Setpoint (F) | B7: 70 | C7: 70 | D7: 70 | E7: 70 | F7: 70 | G7: 70 | H7: 70 | I7: 70 | J7: 70 | K7: 70 | L7: 70 | M7: 70 | N7: 70 | O7: 70 | P7: 70 | Q7: 70 | R7: T24 2022 - Appendix 5.4B (school kitchen occupied 70/75; not commercial restaurant 66–79)
A8: Kitchen Heating Setback (F) | B8: 60 | C8: 60 | D8: 60 | E8: 60 | F8: 60 | G8: 60 | H8: 60 | I8: 60 | J8: 60 | K8: 60 | L8: 60 | M8: 60 | N8: 60 | O8: 60 | P8: 60 | Q8: 60
A9: Kitchen Cooling Setpoint (F) | B9: 75 | C9: 75 | D9: 75 | E9: 75 | F9: 75 | G9: 75 | H9: 75 | I9: 75 | J9: 75 | K9: 75 | L9: 75 | M9: 75 | N9: 75 | O9: 75 | P9: 75 | Q9: 75
A10: Kitchen Cooling Setback (F) | B10: 85 | C10: 85 | D10: 85 | E10: 85 | F10: 85 | G10: 85 | H10: 85 | I10: 85 | J10: 85 | K10: 85 | L10: 85 | M10: 85 | N10: 85 | O10: 85 | P10: 85 | Q10: 85
A11: Restrooms Heating Setpoint (F) | B11: 70 | C11: 70 | D11: 70 | E11: 70 | F11: 70 | G11: 70 | H11: 70 | I11: 70 | J11: 70 | K11: 70 | L11: 70 | M11: 70 | N11: 70 | O11: 70 | P11: 70 | Q11: 70 | R11: T24 2022 - Appendix 5.4B [School]. Restrooms use the school setpoints (70/75 °F occupied, 60/85 °F setback) on the school HVAC hours.
A12: Restrooms Heating Setback (F) | B12: 60 | C12: 60 | D12: 60 | E12: 60 | F12: 60 | G12: 60 | H12: 60 | I12: 60 | J12: 60 | K12: 60 | L12: 60 | M12: 60 | N12: 60 | O12: 60 | P12: 60 | Q12: 60
A13: Restrooms Cooling Setpoint (F) | B13: 75 | C13: 75 | D13: 75 | E13: 75 | F13: 75 | G13: 75 | H13: 75 | I13: 75 | J13: 75 | K13: 75 | L13: 75 | M13: 75 | N13: 75 | O13: 75 | P13: 75 | Q13: 75
A14: Restrooms Cooling Setback (F) | B14: 85 | C14: 85 | D14: 85 | E14: 85 | F14: 85 | G14: 85 | H14: 85 | I14: 85 | J14: 85 | K14: 85 | L14: 85 | M14: 85 | N14: 85 | O14: 85 | P14: 85 | Q14: 85
A15: Electrical/Mechanical (non-refrigerated) Heating Setpoint (F) | B15: 60 | C15: 60 | D15: 60 | E15: 60 | F15: 60 | G15: 60 | H15: 60 | I15: 60 | J15: 60 | K15: 60 | L15: 60 | M15: 60 | N15: 60 | O15: 60 | P15: 60 | Q15: 60 | R15: Engineering Judgment (semi-conditioned storage / electrical-mechanical)
A16: Electrical/Mechanical (non-refrigerated) Heating Setback (F) | B16: 60 | C16: 60 | D16: 60 | E16: 60 | F16: 60 | G16: 60 | H16: 60 | I16: 60 | J16: 60 | K16: 60 | L16: 60 | M16: 60 | N16: 60 | O16: 60 | P16: 60 | Q16: 60
A17: Electrical/Mechanical (non-refrigerated) Cooling Setpoint (F) | B17: 85 | C17: 85 | D17: 85 | E17: 85 | F17: 85 | G17: 85 | H17: 85 | I17: 85 | J17: 85 | K17: 85 | L17: 85 | M17: 85 | N17: 85 | O17: 85 | P17: 85 | Q17: 85
A18: Storage and Electrical/Mechanical (non-refrigerated) Cooling Setback (F) | B18: 85 | C18: 85 | D18: 85 | E18: 85 | F18: 85 | G18: 85 | H18: 85 | I18: 85 | J18: 85 | K18: 85 | L18: 85 | M18: 85 | N18: 85 | O18: 85 | P18: 85 | Q18: 85
A19: Refrigerated storage setpoint (F) | B19: 35 | C19: 35 | D19: 35 | E19: 35 | F19: 35 | G19: 35 | H19: 35 | I19: 35 | J19: 35 | K19: 35 | L19: 35 | M19: 35 | N19: 35 | O19: 35 | P19: 35 | Q19: 35 | R19: Engineering judgment, medium-temp cooler within T24 28–55°F
A20: Refrigerated storage setback (F) | B20: 35 | C20: 35 | D20: 35 | E20: 35 | F20: 35 | G20: 35 | H20: 35 | I20: 35 | J20: 35 | K20: 35 | L20: 35 | M20: 35 | N20: 35 | O20: 35 | P20: 35 | Q20: 35

Sheet Ventilation
A1: ="Outdoor Airflow Rate - "&Prototype!A2 -> Outdoor Airflow Rate - SchoolK-8
A2: Space Type | B2: Space/Thermal Zone | C2: Number of People | D2: Floor Area (ft²) | E2: cfm/person [T24, 2025, Equation 120.1-F and Table 120.1-A] | F2: cfm/ft² [T24, 2025, Equation 120.1-F and Table 120.1-A] | G2: Required exhaust rate-CFM/ft²- [T24, 2025, Table 120.1-B – minimum exhaust rates] | H2: Total cfm driven by people | I2: Total cfm driven by area | J2: Total cfm driven by exhaust | K2: Total cfm | L2: Notes
A3: =Zones!C3 -> Lounge, Breakroom, or Waiting Area | B3: =Zones!B3 -> Admin/MPR_Breakroom_Zn | C3: =Zones!K3 -> 18.9816 | D3: =Zones!H3 -> 575.2 | E3: 15 | F3: 0.15 | H3: =C3*E3 -> 284.724 | I3: =D3*F3 -> 86.28 | J3: =G3*D3 -> 0 | K3: =MAX(H3,I3,J3) -> 284.724
A4: =Zones!C4 -> Convention, Conference, Multipurpose and Meeting Area | B4: =Zones!B4 -> Admin/MPR_Conference Room Zns 3_Zn | C4: =Zones!K4 -> 55.26642 | D4: =Zones!H4 -> 1674.74 | E4: 15 | F4: 0.15 | H4: =C4*E4 -> 828.9963 | I4: =D4*F4 -> 251.211 | J4: =G4*D4 -> 0 | K4: =MAX(H4,I4,J4) -> 828.9963
A5: =Zones!C5 -> Corridor Area | B5: =Zones!B5 -> Admin/MPR_Corridor_Zn | C5: =Zones!K5 -> 5.8076 | D5: =Zones!H5 -> 1161.52 | E5: 15 | F5: 0.15 | H5: =C5*E5 -> 87.114 | I5: =D5*F5 -> 174.228 | J5: =G5*D5 -> 0 | K5: =MAX(H5,I5,J5) -> 174.228
A6: =Zones!C6 -> Electrical, Mechanical, Telephone Rooms | B6: =Zones!B6 -> Admin/MPR_EMT_Zn | C6: =Zones!K6 -> 1.39105 | D6: =Zones!H6 -> 278.21 | E6: 15 | F6: 0.15 | H6: =C6*E6 -> 20.86575 | I6: =D6*F6 -> 41.7315 | J6: =G6*D6 -> 0 | K6: =MAX(H6,I6,J6) -> 41.7315
A7: =Zones!C7 -> Electrical, Mechanical, Telephone Rooms | B7: =Zones!B7 -> Admin/MPR_IDF Room_Zn | C7: =Zones!K7 -> 1.70115 | D7: =Zones!H7 -> 340.23 | E7: 15 | F7: 0.15 | H7: =C7*E7 -> 25.51725 | I7: =D7*F7 -> 51.0345 | J7: =G7*D7 -> 0 | K7: =MAX(H7,I7,J7) -> 51.0345
A8: =Zones!C8 -> Kitchen/Food Preparation Area | B8: =Zones!B8 -> Admin/MPR_Kitchen_Zn | C8: =Zones!K8 -> 4.37175 | D8: =Zones!H8 -> 1457.25 | E8: 15 | F8: 0.15 | G8: 0.7 | H8: =C8*E8 -> 65.57625 | I8: =D8*F8 -> 218.5875 | J8: =G8*D8 -> 1020.075 | K8: =MAX(H8,I8,J8) -> 1020.075
A9: =Zones!C9 -> Lobby, Main Entry | B9: =Zones!B9 -> Admin/MPR_Lobby_Zn | C9: =Zones!K9 -> 40.96851 | D9: =Zones!H9 -> 1241.47 | E9: 15 | F9: 0.15 | H9: =C9*E9 -> 614.52765 | I9: =D9*F9 -> 186.2205 | J9: =G9*D9 -> 0 | K9: =MAX(H9,I9,J9) -> 614.52765
A10: =Zones!C10 -> Convention, Conference, Multipurpose and Meeting Area | B10: =Zones!B10 -> Admin/MPR_Multipurpose Room Zns 3_Zn | C10: =Zones!K10 -> 181.90227 | D10: =Zones!H10 -> 5512.19 | E10: 15 | F10: 0.15 | H10: =C10*E10 -> 2728.534 | I10: =D10*F10 -> 826.8285 | J10: =G10*D10 -> 0 | K10: =MAX(H10,I10,J10) -> 2728.534
A11: =Zones!C11 -> Office Area (<250 square feet) | B11: =Zones!B11 -> Admin/MPR_Office - LT 250 sf Zns 6_Zn | C11: =Zones!K11 -> 5.24175 | D11: =Zones!H11 -> 1048.35 | E11: 15 | F11: 0.15 | H11: =C11*E11 -> 78.62625 | I11: =D11*F11 -> 157.2525 | J11: =G11*D11 -> 0 | K11: =MAX(H11,I11,J11) -> 157.2525
A12: =Zones!C12 -> Restrooms | B12: =Zones!B12 -> Admin/MPR_Restroom Zns 3_Zn | C12: =Zones!K12 -> 4.50585 | D12: =Zones!H12 -> 901.17 | E12: 0 | F12: 0 | G12: 0.5 | H12: =C12*E12 -> 0 | I12: =D12*F12 -> 0 | J12: =G12*D12 -> 450.585 | K12: =MAX(H12,I12,J12) -> 450.585
A13: =Zones!C13 -> Storage (General) | B13: =Zones!B13 -> Admin/MPR_Storage - General_Zn | C13: =Zones!K13 -> 6.23865 | D13: =Zones!H13 -> 1247.73 | E13: 15 | F13: 0.15 | H13: =C13*E13 -> 93.57975 | I13: =D13*F13 -> 187.1595 | J13: =G13*D13 -> 0 | K13: =MAX(H13,I13,J13) -> 187.1595
A14: =Zones!C14 -> Storage, Commercial/Industrial (Refrigerated) | B14: =Zones!B14 -> Admin/MPR_Storage - Refrigerated_Zn | C14: =Zones!K14 -> 0 | D14: =Zones!H14 -> 251.72 | E14: 0 | F14: 0 | H14: =C14*E14 -> 0 | I14: =D14*F14 -> 0 | J14: =G14*D14 -> 0 | K14: =MAX(H14,I14,J14) -> 0
A15: =Zones!C15 -> Theater Area (Performance) | B15: =Zones!B15 -> Admin/MPR_Theater - Performance_Zn | C15: =Zones!K15 -> 35.16348 | D15: =Zones!H15 -> 1065.56 | E15: 15 | F15: 0.15 | H15: =C15*E15 -> 527.4522 | I15: =D15*F15 -> 159.834 | J15: =G15*D15 -> 0 | K15: =MAX(H15,I15,J15) -> 527.4522
A16: =Zones!C16 -> Classroom, Lecture, Training, Vocational Areas | B16: =Zones!B16 -> Classrm N_Flr 1_Classroom-01_Zn | C16: =Zones!K16 -> 25.04375 | D16: =Zones!H16 -> 1001.75 | E16: 15 | F16: 0.15 | H16: =C16*E16 -> 375.65625 | I16: =D16*F16 -> 150.2625 | J16: =G16*D16 -> 0 | K16: =MAX(H16,I16,J16) -> 375.65625
A17: =Zones!C17 -> Classroom, Lecture, Training, Vocational Areas | B17: =Zones!B17 -> Classrm N_Flr 1_Classroom-02 Zns 6_Zn | C17: =Zones!K17 -> 151.35075 | D17: =Zones!H17 -> 6054.03 | E17: 15 | F17: 0.15 | H17: =C17*E17 -> 2270.2613 | I17: =D17*F17 -> 908.1045 | J17: =G17*D17 -> 0 | K17: =MAX(H17,I17,J17) -> 2270.2613
A18: =Zones!C18 -> Office Area (<250 square feet) | B18: =Zones!B18 -> Classrm N_Flr 1_Office - LT 250 sf_Zn | C18: =Zones!K18 -> 1.44065 | D18: =Zones!H18 -> 288.13 | E18: 15 | F18: 0.15 | H18: =C18*E18 -> 21.60975 | I18: =D18*F18 -> 43.2195 | J18: =G18*D18 -> 0 | K18: =MAX(H18,I18,J18) -> 43.2195
A19: =Zones!C19 -> Restrooms | B19: =Zones!B19 -> Classrm N_Flr 1_Restroom_Zn | C19: =Zones!K19 -> 2.6635 | D19: =Zones!H19 -> 532.7 | E19: 0 | F19: 0 | G19: 0.5 | H19: =C19*E19 -> 0 | I19: =D19*F19 -> 0 | J19: =G19*D19 -> 266.35 | K19: =MAX(H19,I19,J19) -> 266.35
A20: =Zones!C20 -> Classroom, Lecture, Training, Vocational Areas | B20: =Zones!B20 -> Classrm N_Flr 2_Classroom-01 Zns 6_Zn | C20: =Zones!K20 -> 151.35075 | D20: =Zones!H20 -> 6054.03 | E20: 15 | F20: 0.15 | H20: =C20*E20 -> 2270.2613 | I20: =D20*F20 -> 908.1045 | J20: =G20*D20 -> 0 | K20: =MAX(H20,I20,J20) -> 2270.2613
A21: =Zones!C21 -> Classroom, Lecture, Training, Vocational Areas | B21: =Zones!B21 -> Classrm N_Flr 2_Classroom-02_Zn | C21: =Zones!K21 -> 25.04375 | D21: =Zones!H21 -> 1001.75 | E21: 15 | F21: 0.15 | H21: =C21*E21 -> 375.65625 | I21: =D21*F21 -> 150.2625 | J21: =G21*D21 -> 0 | K21: =MAX(H21,I21,J21) -> 375.65625
A22: =Zones!C22 -> Office Area (<250 square feet) | B22: =Zones!B22 -> Classrm N_Flr 2_Office - LT 250 sf_Zn | C22: =Zones!K22 -> 1.44065 | D22: =Zones!H22 -> 288.13 | E22: 15 | F22: 0.15 | H22: =C22*E22 -> 21.60975 | I22: =D22*F22 -> 43.2195 | J22: =G22*D22 -> 0 | K22: =MAX(H22,I22,J22) -> 43.2195
A23: =Zones!C23 -> Restrooms | B23: =Zones!B23 -> Classrm N_Flr 2_Restroom_Zn | C23: =Zones!K23 -> 2.6635 | D23: =Zones!H23 -> 532.7 | E23: 0 | F23: 0 | G23: 0.5 | H23: =C23*E23 -> 0 | I23: =D23*F23 -> 0 | J23: =G23*D23 -> 266.35 | K23: =MAX(H23,I23,J23) -> 266.35
A24: =Zones!C24 -> Classroom, Lecture, Training, Vocational Areas | B24: =Zones!B24 -> Classrm W_Flr 1_Classroom Zns 2_Zn | C24: =Zones!K24 -> 51.3735 | D24: =Zones!H24 -> 2054.94 | E24: 15 | F24: 0.15 | H24: =C24*E24 -> 770.6025 | I24: =D24*F24 -> 308.241 | J24: =G24*D24 -> 0 | K24: =MAX(H24,I24,J24) -> 770.6025
A25: =Zones!C25 -> Electrical, Mechanical, Telephone Rooms | B25: =Zones!B25 -> Classrm W_Flr 1_EMT-01_Zn | C25: =Zones!K25 -> 0.60505 | D25: =Zones!H25 -> 121.01 | E25: 15 | F25: 0.15 | H25: =C25*E25 -> 9.07575 | I25: =D25*F25 -> 18.1515 | J25: =G25*D25 -> 0 | K25: =MAX(H25,I25,J25) -> 18.1515
A26: =Zones!C26 -> Electrical, Mechanical, Telephone Rooms | B26: =Zones!B26 -> Classrm W_Flr 1_EMT-02_Zn | C26: =Zones!K26 -> 0.49005 | D26: =Zones!H26 -> 98.01 | E26: 15 | F26: 0.15 | H26: =C26*E26 -> 7.35075 | I26: =D26*F26 -> 14.7015 | J26: =G26*D26 -> 0 | K26: =MAX(H26,I26,J26) -> 14.7015
A27: =Zones!C27 -> Library (Reading Area) | B27: =Zones!B27 -> Classrm W_Flr 1_Library - Reading Area_Zn | C27: =Zones!K27 -> 11.9713 | D27: =Zones!H27 -> 1197.13 | E27: 15 | F27: 0.15 | H27: =C27*E27 -> 179.5695 | I27: =D27*F27 -> 179.5695 | J27: =G27*D27 -> 0 | K27: =MAX(H27,I27,J27) -> 179.5695
A28: =Zones!C28 -> Restrooms | B28: =Zones!B28 -> Classrm W_Flr 1_Restroom_Zn | C28: =Zones!K28 -> 2.81525 | D28: =Zones!H28 -> 563.05 | E28: 0 | F28: 0 | G28: 0.5 | H28: =C28*E28 -> 0 | I28: =D28*F28 -> 0 | J28: =G28*D28 -> 281.525 | K28: =MAX(H28,I28,J28) -> 281.525
A29: =Zones!C29 -> Storage (General) | B29: =Zones!B29 -> Classrm W_Flr 1_Storage - General_Zn | C29: =Zones!K29 -> 1.9042 | D29: =Zones!H29 -> 380.84 | E29: 15 | F29: 0.15 | H29: =C29*E29 -> 28.563 | I29: =D29*F29 -> 57.126 | J29: =G29*D29 -> 0 | K29: =MAX(H29,I29,J29) -> 57.126
A30: =Zones!C30 -> Classroom, Lecture, Training, Vocational Areas | B30: =Zones!B30 -> Classrm W_Flr 2_Classroom-01 Zns 3_Zn | C30: =Zones!K30 -> 81.3015 | D30: =Zones!H30 -> 3252.06 | E30: 15 | F30: 0.15 | H30: =C30*E30 -> 1219.5225 | I30: =D30*F30 -> 487.809 | J30: =G30*D30 -> 0 | K30: =MAX(H30,I30,J30) -> 1219.5225
A31: =Zones!C31 -> Classroom, Lecture, Training, Vocational Areas | B31: =Zones!B31 -> Classrm W_Flr 2_Classroom-02_Zn | C31: =Zones!K31 -> 9.521 | D31: =Zones!H31 -> 380.84 | E31: 15 | F31: 0.15 | H31: =C31*E31 -> 142.815 | I31: =D31*F31 -> 57.126 | J31: =G31*D31 -> 0 | K31: =MAX(H31,I31,J31) -> 142.815
A32: =Zones!C32 -> Electrical, Mechanical, Telephone Rooms | B32: =Zones!B32 -> Classrm W_Flr 2_IDF Room_Zn | C32: =Zones!K32 -> 0.60505 | D32: =Zones!H32 -> 121.01 | E32: 15 | F32: 0.15 | H32: =C32*E32 -> 9.07575 | I32: =D32*F32 -> 18.1515 | J32: =G32*D32 -> 0 | K32: =MAX(H32,I32,J32) -> 18.1515
A33: =Zones!C33 -> Restrooms | B33: =Zones!B33 -> Classrm W_Flr 2_Restroom_Zn | C33: =Zones!K33 -> 2.81525 | D33: =Zones!H33 -> 563.05 | E33: 0 | F33: 0 | G33: 0.5 | H33: =C33*E33 -> 0 | I33: =D33*F33 -> 0 | J33: =G33*D33 -> 281.525 | K33: =MAX(H33,I33,J33) -> 281.525
A34: =Zones!C34 -> Storage (General) | B34: =Zones!B34 -> Classrm W_Flr 2_Storage - General_Zn | C34: =Zones!K34 -> 0.49005 | D34: =Zones!H34 -> 98.01 | E34: 15 | F34: 0.15 | H34: =C34*E34 -> 7.35075 | I34: =D34*F34 -> 14.7015 | J34: =G34*D34 -> 0 | K34: =MAX(H34,I34,J34) -> 14.7015
A35: =Zones!C35 -> Classroom, Lecture, Training, Vocational Areas | B35: =Zones!B35 -> Kindergarten_Classroom-01_Zn | C35: =Zones!K35 -> 137.3635 | D35: =Zones!H35 -> 5494.54 | E35: 15 | F35: 0.15 | H35: =C35*E35 -> 2060.4525 | I35: =D35*F35 -> 824.181 | J35: =G35*D35 -> 0 | K35: =MAX(H35,I35,J35) -> 2060.4525
A36: =Zones!C36 -> Classroom, Lecture, Training, Vocational Areas | B36: =Zones!B36 -> Kindergarten_Classroom-02_Zn | C36: =Zones!K36 -> 36.0035 | D36: =Zones!H36 -> 1440.14 | E36: 15 | F36: 0.15 | H36: =C36*E36 -> 540.0525 | I36: =D36*F36 -> 216.021 | J36: =G36*D36 -> 0 | K36: =MAX(H36,I36,J36) -> 540.0525
A37: =Zones!C37 -> Electrical, Mechanical, Telephone Rooms | B37: =Zones!B37 -> Kindergarten_EMT_Zn | C37: =Zones!K37 -> 0.85435 | D37: =Zones!H37 -> 170.87 | E37: 15 | F37: 0.15 | H37: =C37*E37 -> 12.81525 | I37: =D37*F37 -> 25.6305 | J37: =G37*D37 -> 0 | K37: =MAX(H37,I37,J37) -> 25.6305
A38: =Zones!C38 -> Electrical, Mechanical, Telephone Rooms | B38: =Zones!B38 -> Kindergarten_IDF Room_Zn | C38: =Zones!K38 -> 0.4274 | D38: =Zones!H38 -> 85.48 | E38: 15 | F38: 0.15 | H38: =C38*E38 -> 6.411 | I38: =D38*F38 -> 12.822 | J38: =G38*D38 -> 0 | K38: =MAX(H38,I38,J38) -> 12.822
A39: =Zones!C39 -> Restrooms | B39: =Zones!B39 -> Kindergarten_Restroom_Zn | C39: =Zones!K39 -> 1.33015 | D39: =Zones!H39 -> 266.03 | E39: 0 | F39: 0 | G39: 0.5 | H39: =C39*E39 -> 0 | I39: =D39*F39 -> 0 | J39: =G39*D39 -> 133.015 | K39: =MAX(H39,I39,J39) -> 133.015
A40: =Zones!C40 -> Storage (General) | B40: =Zones!B40 -> Kindergarten_Storage - General_Zn | C40: =Zones!K40 -> 5.919 | D40: =Zones!H40 -> 1183.8 | E40: 15 | F40: 0.15 | H40: =C40*E40 -> 88.785 | I40: =D40*F40 -> 177.57 | J40: =G40*D40 -> 0 | K40: =MAX(H40,I40,J40) -> 177.57
B41: =Zones!B41 -> Total (38 spaces) | C41: =Zones!K41 -> 1068.3275 | D41: =Zones!H41 -> 49979.37 | H41: =SUM(H3:H40) -> 15773.01 | I41: =SUM(I3:I40) -> 6955.3425 | J41: =SUM(J3:J40) -> 2699.425 | K41: =SUM(K3:K40) -> 18925.208
A43: Kitchen exhaust hood (Type I) | B43: =B8 -> Admin/MPR_Kitchen_Zn | D43: =D8 -> 1457.25 | G43: =G8 -> 0.7 | J43: =G43*D43 -> 1020.075 | K43: =J43 -> 1020.075 | L43: Kitchen hood exhaust, Table 120.1-B commercial kitchen 0.70 cfm/ft². Already counted in row 8 (kitchen total cfm is exhaust-driven), so it is not added to the totals.

Sheet Water Heater
A1: ="Water Heater - "&Prototype!A2 -> Water Heater - SchoolK-8
A2: Vintage | B2: WH Type | C2: Efficiency | D2: Number of WH | E2: Tank Volume (gal) | F2: Tank Loss | G2: Source
A3: Existing | B3: Gas | C3: 0.8 | D3: 4 | E3: See Existing gas storage CZ tables, Storage Volume (col G) | F3: See Existing gas storage CZ tables, Standby Loss (col H). Title 20 §1605.1 Table F-4: Q/800 + 110√V. | G3: Input = capacity / 0.80 thermal efficiency, next catalog gas input. Not the HPWH COPh path. | H3: Gas storage: CEUS 2022 shows school water heating is mainly natural gas (about 72% gas, about 26% electric; Figures 38–39). Same 4 plants as the K-8 model (Admin, North Classroom, West Classroom, Kindergarten).
A4: New Construction | B4: HPWH | C4: =B61 -> 4.3 | D4: 4 | E4: See New Construction HPWH CZ tables, Storage Volume (col G) | F4: See New Construction HPWH CZ tables. Tank UA is 4.37 Btu/h·°F (DEER), not Table F-4. | G4: Input = capacity / COPh 4.3.
A6: Peak Hot Water Consumption
A7: Space Name | B7: Baseline WH Type [T24, 2022, Appendix 5.4A , sheet: "2022 SpaceFuncData-Input"] | C7: Total Area (ft²) | D7: Number of People | E7: Hot Water Usage Specification (gal/hr per person) [T24, 2022, Appendix 5.4A , sheet: "2022 SpaceFuncData-Input"] | F7: Peak Hot Water Usage (gal/hr) | G7: Peak Hot Water Usage (gal/min)
A8: =Zones!B3 -> Admin/MPR_Breakroom_Zn | B8: HPWH | C8: =Zones!H3 -> 575.2 | D8: =Zones!K3 -> 18.9816 | E8: 0.09 | F8: =E8*D8 -> 1.708344 | G8: =F8/60 -> 0.0284724
A9: =Zones!B4 -> Admin/MPR_Conference Room Zns 3_Zn | B9: HPWH | C9: =Zones!H4 -> 1674.74 | D9: =Zones!K4 -> 55.26642 | E9: 0.09 | F9: =E9*D9 -> 4.9739778 | G9: =F9/60 -> 0.08289963
A10: =Zones!B5 -> Admin/MPR_Corridor_Zn | B10: HPWH | C10: =Zones!H5 -> 1161.52 | D10: =Zones!K5 -> 5.8076 | E10: 0 | F10: =E10*D10 -> 0 | G10: =F10/60 -> 0
A11: =Zones!B6 -> Admin/MPR_EMT_Zn | B11: HPWH | C11: =Zones!H6 -> 278.21 | D11: =Zones!K6 -> 1.39105 | E11: 0.18 | F11: =E11*D11 -> 0.250389 | G11: =F11/60 -> 0.00417315
A12: =Zones!B7 -> Admin/MPR_IDF Room_Zn | B12: HPWH | C12: =Zones!H7 -> 340.23 | D12: =Zones!K7 -> 1.70115 | E12: 0.18 | F12: =E12*D12 -> 0.306207 | G12: =F12/60 -> 0.00510345
A13: =Zones!B8 -> Admin/MPR_Kitchen_Zn | B13: HPWH | C13: =Zones!H8 -> 1457.25 | D13: =Zones!K8 -> 4.37175 | E13: 0.578 | F13: =E13*D13 -> 2.5268715 | G13: =F13/60 -> 0.042114525
A14: =Zones!B9 -> Admin/MPR_Lobby_Zn | B14: HPWH | C14: =Zones!H9 -> 1241.47 | D14: =Zones!K9 -> 40.96851 | E14: 0.09 | F14: =E14*D14 -> 3.6871659 | G14: =F14/60 -> 0.061452765
A15: =Zones!B10 -> Admin/MPR_Multipurpose Room Zns 3_Zn | B15: HPWH | C15: =Zones!H10 -> 5512.19 | D15: =Zones!K10 -> 181.90227 | E15: 0.09 | F15: =E15*D15 -> 16.371204 | G15: =F15/60 -> 0.2728534
A16: =Zones!B11 -> Admin/MPR_Office - LT 250 sf Zns 6_Zn | B16: HPWH | C16: =Zones!H11 -> 1048.35 | D16: =Zones!K11 -> 5.24175 | E16: 0.18 | F16: =E16*D16 -> 0.943515 | G16: =F16/60 -> 0.01572525
A17: =Zones!B12 -> Admin/MPR_Restroom Zns 3_Zn | B17: HPWH | C17: =Zones!H12 -> 901.17 | D17: =Zones!K12 -> 4.50585 | E17: 0 | F17: =E17*D17 -> 0 | G17: =F17/60 -> 0
A18: =Zones!B13 -> Admin/MPR_Storage - General_Zn | B18: HPWH | C18: =Zones!H13 -> 1247.73 | D18: =Zones!K13 -> 6.23865 | E18: 0 | F18: =E18*D18 -> 0 | G18: =F18/60 -> 0
A19: =Zones!B14 -> Admin/MPR_Storage - Refrigerated_Zn | B19: HPWH | C19: =Zones!H14 -> 251.72 | D19: =Zones!K14 -> 0 | E19: 0.18 | F19: =E19*D19 -> 0 | G19: =F19/60 -> 0
... A45: =Zones!B40 -> Kindergarten_Storage - General_Zn | B45: HPWH | C45: =Zones!H40 -> 1183.8 | D45: =Zones!K40 -> 5.919 | E45: 0 | F45: =E45*D45 -> 0 | G45: =F45/60 -> 0
A47: Plant peak hot water (gal/hr)
A48: Water Heater Name | B48: WH type | C48: Peak Hot Water Usage (gal/hr) | D48: Notes
A49: HPWH - Admin | B49: HPWH | C49: =MAX(SUMIF($B$8:$B$20,"*HPWH*",$F$8:$F$20),75) -> 75 | D49: Minimum peak hot water usage is 75 gal/hr according to ACM 2025, §5.9.2
A50: HPWH - North Classroom | B50: HPWH | C50: =MAX(SUMIF($B$21:$B$28,"*HPWH*",$F$21:$F$28),75) -> 75
A51: HPWH - West Classroom | B51: HPWH | C51: =MAX(SUMIF($B$29:$B$39,"*HPWH*",$F$29:$F$39),75) -> 75
A52: HPWH - Kindergarten | B52: HPWH | C52: =MAX(SUMIF($B$40:$B$45,"*HPWH*",$F$40:$F$45),75) -> 75
A54: Design supply temperature (°F) | B54: 135 | C54: CEC-400-2022-009-CMF-REV2-AP5.4B
A55: WH system factor | B55: 0.6 | C55: 2025 ACM §5.9.2 Rated Capacity
A56: Water mass conversion (lb/gal) | B56: 8.2877 | C56: 2025 ACM §5.9.2 Rated Capacity
A57: Reheat multiplier | B57: 0.4 | C57: 2025 ACM §5.9.2 Storage Volume
A58: Commercial HPWH configuration | B58: Unitary storage HPWH (integrated) | C58: Distributed unitary storage HPWH; retain the K-8 prototype's 4 water heaters and 4 service-water loops.
A59: Selected commercial COPh | B59: 4.3 | C59: ENERGY STAR Certified Commercial Water Heaters export, filtered Electric Heat Pump (2026-09-03): integrated 119-gal CHP family COPh = 4.3.
A60: ENERGY STAR minimum commercial COPh | B60: 3 | C60: ENERGY STAR commercial electric heat pump water-heater criterion; shown as the floor, not the selected enhanced value.
A61: Design COPh | B61: =B59 -> 4.3 | C61: Use commercial COPh directly.
A63: Climate Zone Water Heater Sizing and Loss Coefficients — New Construction HPWH
A64: Water Heater name | B64: Climate Zone | C64: Minimum Monthly Mains Temp (°F) [T24 2022 - Appendix 5.4B] | D64: Heat Output (Btu/hr) [ACM, 2025, 5.9.2: Rated capacity section] | E64: WH Capacity (Btu/hr) [ACM, 2025, 5.9.2: Rated capacity section] | F64: Required Energy Input (Btu/hr) | G64: Storage Volume (gal) | H64: Standby Loss (%/hr) / [= UA ÷ (0.0834 × Storage Volume); UA = DEER HPWH default 4.37 Btu/h·°F.] | J64: Tank UA – Off/On-Cycle Loss Coefficient to Ambient (Btu/h·°F) / [DEER default for all HPWHs: 4.37; DEER Water Heater Calculator documentation v5.0 (2022), §1.7.2, citing NLR 64904] | L64: Source/Note
A65: =$A$49 -> HPWH - Admin | B65: CZ01 | C65: 47.9 | D65: =$C$49*($B$54-C65)*$B$56 -> 54139.4 | E65: =D65*$B$55 -> 32483.64 | F65: =_xlfn.LET(_xlpm.x,_xlfn.XLOOKUP(E65,$C$132:$C$136,$C$132:$C$136,"",1),IF(_xlpm.x="",E65/$B$61,_xlpm.x/$B$61)) -> 7554.3349 | G65: =_xlfn.LET(_xlpm.v,MAX(30,$C$49*$B$57),_xlpm.x,_xlfn.XLOOKUP(_xlpm.v,$A$132:$A$136,$A$132:$A$136,"",1),IF(_xlpm.x="",ROUNDUP(_xlpm.v,0),_xlpm.x)) -> 40 | H65: =IF(AND(ISNUMBER(J65),G65>0),J65/(0.0834*G65),NA()) -> 1.309952 | I65: %/hr | J65: 4.37 | K65: Btu/h·°F | L65: Approach: distributed unitary storage HPWH. The K-8 Prototype has 4 water heaters and 4 service-water loops; retain one plant for Admin, North Classroom, West Classroom, and Kindergarten. Efficiency: commercial COPh = 4.3 from the ENERGY STAR Certified Commercial Water Heaters export (Electric Heat Pump filter). The only integrated commercial family in that export is 119 gal: AO Smith CAHP-120 100, Lochinvar CHPA120PD 100, and State CSHP-120-DHPT 100. Required electric input (col E) = required WH capacity (col D) / COPh. Tank loss: DEER Commercial HPWH Calculator §1.7.2 states HPWH standby losses are not published and uses UA = 4.37 Btu/h·°F for HPWHs (from NLR 64904). Therefore I = 4.37 constant for one unitary tank per plant; G (%/hr) = I / (0.0834 × F). Do not scale UA by assumed cylinder area. Title 20 Table F-4 electric-storage standby (0.30 + 27/V %/hr) is not used because 10 CFR 431.102 excludes commercial heat pump water heaters. The 40/50/66/80/120-gal rows are retained as prototype storage-sizing bins; they are not represented as ENERGY STAR commercial market rows. Sources: https://www.energystar.gov/productfinder/product/certified-commercial-water-heaters/results https://cedars.cpuc.ca.gov/deer-resources/tools/water-heaters/ https://www.ecfr.gov/current/title-10/chapter-II/subchapter-D/part-431/subpart-G/section-431.102 https://www.nlr.gov/docs/fy16osti/64904.pdf
A66: =$A$49 -> HPWH - Admin | B66: CZ02 | C66: 50.8 | D66: =$C$49*($B$54-C66)*$B$56 -> 52336.825 | E66: =D66*$B$55 -> 31402.095 | F66: =_xlfn.LET(_xlpm.x,_xlfn.XLOOKUP(E66,$C$132:$C$136,$C$132:$C$136,"",1),IF(_xlpm.x="",E66/$B$61,_xlpm.x/$B$61)) -> 7302.8129 | G66: =_xlfn.LET(_xlpm.v,MAX(30,$C$49*$B$57),_xlpm.x,_xlfn.XLOOKUP(_xlpm.v,$A$132:$A$136,$A$132:$A$136,"",1),IF(_xlpm.x="",ROUNDUP(_xlpm.v,0),_xlpm.x)) -> 40 | H66: =IF(AND(ISNUMBER(J66),G66>0),J66/(0.0834*G66),NA()) -> 1.309952 | I66: %/hr | J66: 4.37 | K66: Btu/h·°F
A67: =$A$49 -> HPWH - Admin | B67: CZ03 | C67: 52.2 | D67: =$C$49*($B$54-C67)*$B$56 -> 51466.617 | E67: =D67*$B$55 -> 30879.97 | F67: =_xlfn.LET(_xlpm.x,_xlfn.XLOOKUP(E67,$C$132:$C$136,$C$132:$C$136,"",1),IF(_xlpm.x="",E67/$B$61,_xlpm.x/$B$61)) -> 7181.3884 | G67: =_xlfn.LET(_xlpm.v,MAX(30,$C$49*$B$57),_xlpm.x,_xlfn.XLOOKUP(_xlpm.v,$A$132:$A$136,$A$132:$A$136,"",1),IF(_xlpm.x="",ROUNDUP(_xlpm.v,0),_xlpm.x)) -> 40 | H67: =IF(AND(ISNUMBER(J67),G67>0),J67/(0.0834*G67),NA()) -> 1.309952 | I67: %/hr | J67: 4.37 | K67: Btu/h·°F
A68: =$A$49 -> HPWH - Admin | B68: CZ04 | C68: 52.7 | D68: =$C$49*($B$54-C68)*$B$56 -> 51155.828 | E68: =D68*$B$55 -> 30693.497 | F68: =_xlfn.LET(_xlpm.x,_xlfn.XLOOKUP(E68,$C$132:$C$136,$C$132:$C$136,"",1),IF(_xlpm.x="",E68/$B$61,_xlpm.x/$B$61)) -> 7138.0225 | G68: =_xlfn.LET(_xlpm.v,MAX(30,$C$49*$B$57),_xlpm.x,_xlfn.XLOOKUP(_xlpm.v,$A$132:$A$136,$A$132:$A$136,"",1),IF(_xlpm.x="",ROUNDUP(_xlpm.v,0),_xlpm.x)) -> 40 | H68: =IF(AND(ISNUMBER(J68),G68>0),J68/(0.0834*G68),NA()) -> 1.309952 | I68: %/hr | J68: 4.37 | K68: Btu/h·°F
A69: =$A$49 -> HPWH - Admin | B69: CZ05 | C69: 51.6 | D69: =$C$49*($B$54-C69)*$B$56 -> 51839.563 | E69: =D69*$B$55 -> 31103.738 | F69: =_xlfn.LET(_xlpm.x,_xlfn.XLOOKUP(E69,$C$132:$C$136,$C$132:$C$136,"",1),IF(_xlpm.x="",E69/$B$61,_xlpm.x/$B$61)) -> 7233.4275 | G69: =_xlfn.LET(_xlpm.v,MAX(30,$C$49*$B$57),_xlpm.x,_xlfn.XLOOKUP(_xlpm.v,$A$132:$A$136,$A$132:$A$136,"",1),IF(_xlpm.x="",ROUNDUP(_xlpm.v,0),_xlpm.x)) -> 40 | H69: =IF(AND(ISNUMBER(J69),G69>0),J69/(0.0834*G69),NA()) -> 1.309952 | I69: %/hr | J69: 4.37 | K69: Btu/h·°F
A70: =$A$49 -> HPWH - Admin | B70: CZ06 | C70: 56.8 | D70: =$C$49*($B$54-C70)*$B$56 -> 48607.36 | E70: =D70*$B$55 -> 29164.416 | F70: =_xlfn.LET(_xlpm.x,_xlfn.XLOOKUP(E70,$C$132:$C$136,$C$132:$C$136,"",1),IF(_xlpm.x="",E70/$B$61,_xlpm.x/$B$61)) -> 6782.4224 | G70: =_xlfn.LET(_xlpm.v,MAX(30,$C$49*$B$57),_xlpm.x,_xlfn.XLOOKUP(_xlpm.v,$A$132:$A$136,$A$132:$A$136,"",1),IF(_xlpm.x="",ROUNDUP(_xlpm.v,0),_xlpm.x)) -> 40 | H70: =IF(AND(ISNUMBER(J70),G70>0),J70/(0.0834*G70),NA()) -> 1.309952 | I70: %/hr | J70: 4.37 | K70: Btu/h·°F
A71: =$A$49 -> HPWH - Admin | B71: CZ07 | C71: 58.4 | D71: =$C$49*($B$54-C71)*$B$56 -> 47612.836 | E71: =D71*$B$55 -> 28567.702 | F71: =_xlfn.LET(_xlpm.x,_xlfn.XLOOKUP(E71,$C$132:$C$136,$C$132:$C$136,"",1),IF(_xlpm.x="",E71/$B$61,_xlpm.x/$B$61)) -> 6643.6516 | G71: =_xlfn.LET(_xlpm.v,MAX(30,$C$49*$B$57),_xlpm.x,_xlfn.XLOOKUP(_xlpm.v,$A$132:$A$136,$A$132:$A$136,"",1),IF(_xlpm.x="",ROUNDUP(_xlpm.v,0),_xlpm.x)) -> 40 | H71: =IF(AND(ISNUMBER(J71),G71>0),J71/(0.0834*G71),NA()) -> 1.309952 | I71: %/hr | J71: 4.37 | K71: Btu/h·°F
A72: =$A$49 -> HPWH - Admin | B72: CZ08 | C72: 58.4 | D72: =$C$49*($B$54-C72)*$B$56 -> 47612.836 | E72: =D72*$B$55 -> 28567.702 | F72: =_xlfn.LET(_xlpm.x,_xlfn.XLOOKUP(E72,$C$132:$C$136,$C$132:$C$136,"",1),IF(_xlpm.x="",E72/$B$61,_xlpm.x/$B$61)) -> 6643.6516 | G72: =_xlfn.LET(_xlpm.v,MAX(30,$C$49*$B$57),_xlpm.x,_xlfn.XLOOKUP(_xlpm.v,$A$132:$A$136,$A$132:$A$136,"",1),IF(_xlpm.x="",ROUNDUP(_xlpm.v,0),_xlpm.x)) -> 40 | H72: =IF(AND(ISNUMBER(J72),G72>0),J72/(0.0834*G72),NA()) -> 1.309952 | I72: %/hr | J72: 4.37 | K72: Btu/h·°F
A73: =$A$49 -> HPWH - Admin | B73: CZ09 | C73: 57.6 | D73: =$C$49*($B$54-C73)*$B$56 -> 48110.098 | E73: =D73*$B$55 -> 28866.059 | F73: =_xlfn.LET(_xlpm.x,_xlfn.XLOOKUP(E73,$C$132:$C$136,$C$132:$C$136,"",1),IF(_xlpm.x="",E73/$B$61,_xlpm.x/$B$61)) -> 6713.037 | G73: =_xlfn.LET(_xlpm.v,MAX(30,$C$49*$B$57),_xlpm.x,_xlfn.XLOOKUP(_xlpm.v,$A$132:$A$136,$A$132:$A$136,"",1),IF(_xlpm.x="",ROUNDUP(_xlpm.v,0),_xlpm.x)) -> 40 | H73: =IF(AND(ISNUMBER(J73),G73>0),J73/(0.0834*G73),NA()) -> 1.309952 | I73: %/hr | J73: 4.37 | K73: Btu/h·°F
A74: =$A$49 -> HPWH - Admin | B74: CZ10 | C74: 57.1 | D74: =$C$49*($B$54-C74)*$B$56 -> 48420.887 | E74: =D74*$B$55 -> 29052.532 | F74: =_xlfn.LET(_xlpm.x,_xlfn.XLOOKUP(E74,$C$132:$C$136,$C$132:$C$136,"",1),IF(_xlpm.x="",E74/$B$61,_xlpm.x/$B$61)) -> 6756.4029 | G74: =_xlfn.LET(_xlpm.v,MAX(30,$C$49*$B$57),_xlpm.x,_xlfn.XLOOKUP(_xlpm.v,$A$132:$A$136,$A$132:$A$136,"",1),IF(_xlpm.x="",ROUNDUP(_xlpm.v,0),_xlpm.x)) -> 40 | H74: =IF(AND(ISNUMBER(J74),G74>0),J74/(0.0834*G74),NA()) -> 1.309952 | I74: %/hr | J74: 4.37 | K74: Btu/h·°F
A75: =$A$49 -> HPWH - Admin | B75: CZ11 | C75: 50.5 | D75: =$C$49*($B$54-C75)*$B$56 -> 52523.299 | E75: =D75*$B$55 -> 31513.979 | F75: =_xlfn.LET(_xlpm.x,_xlfn.XLOOKUP(E75,$C$132:$C$136,$C$132:$C$136,"",1),IF(_xlpm.x="",E75/$B$61,_xlpm.x/$B$61)) -> 7328.8324 | G75: =_xlfn.LET(_xlpm.v,MAX(30,$C$49*$B$57),_xlpm.x,_xlfn.XLOOKUP(_xlpm.v,$A$132:$A$136,$A$132:$A$136,"",1),IF(_xlpm.x="",ROUNDUP(_xlpm.v,0),_xlpm.x)) -> 40 | H75: =IF(AND(ISNUMBER(J75),G75>0),J75/(0.0834*G75),NA()) -> 1.309952 | I75: %/hr | J75: 4.37 | K75: Btu/h·°F
A76: =$A$49 -> HPWH - Admin | B76: CZ12 | C76: 51.4 | D76: =$C$49*($B$54-C76)*$B$56 -> 51963.879 | E76: =D76*$B$55 -> 31178.327 | F76: =_xlfn.LET(_xlpm.x,_xlfn.XLOOKUP(E76,$C$132:$C$136,$C$132:$C$136,"",1),IF(_xlpm.x="",E76/$B$61,_xlpm.x/$B$61)) -> 7250.7738 | G76: =_xlfn.LET(_xlpm.v,MAX(30,$C$49*$B$57),_xlpm.x,_xlfn.XLOOKUP(_xlpm.v,$A$132:$A$136,$A$132:$A$136,"",1),IF(_xlpm.x="",ROUNDUP(_xlpm.v,0),_xlpm.x)) -> 40 | H76: =IF(AND(ISNUMBER(J76),G76>0),J76/(0.0834*G76),NA()) -> 1.309952 | I76: %/hr | J76: 4.37 | K76: Btu/h·°F
A77: =$A$49 -> HPWH - Admin | B77: CZ13 | C77: 51.7 | D77: =$C$49*($B$54-C77)*$B$56 -> 51777.406 | E77: =D77*$B$55 -> 31066.443 | F77: =_xlfn.LET(_xlpm.x,_xlfn.XLOOKUP(E77,$C$132:$C$136,$C$132:$C$136,"",1),IF(_xlpm.x="",E77/$B$61,_xlpm.x/$B$61)) -> 7224.7543 | G77: =_xlfn.LET(_xlpm.v,MAX(30,$C$49*$B$57),_xlpm.x,_xlfn.XLOOKUP(_xlpm.v,$A$132:$A$136,$A$132:$A$136,"",1),IF(_xlpm.x="",ROUNDUP(_xlpm.v,0),_xlpm.x)) -> 40 | H77: =IF(AND(ISNUMBER(J77),G77>0),J77/(0.0834*G77),NA()) -> 1.309952 | I77: %/hr | J77: 4.37 | K77: Btu/h·°F
... A80: =$A$49 -> HPWH - Admin | B80: CZ16 | C80: 41.4 | D80: =$C$49*($B$54-C80)*$B$56 -> 58179.654 | E80: =D80*$B$55 -> 34907.792 | F80: =_xlfn.LET(_xlpm.x,_xlfn.XLOOKUP(E80,$C$132:$C$136,$C$132:$C$136,"",1),IF(_xlpm.x="",E80/$B$61,_xlpm.x/$B$61)) -> 8118.0913 | G80: =_xlfn.LET(_xlpm.v,MAX(30,$C$49*$B$57),_xlpm.x,_xlfn.XLOOKUP(_xlpm.v,$A$132:$A$136,$A$132:$A$136,"",1),IF(_xlpm.x="",ROUNDUP(_xlpm.v,0),_xlpm.x)) -> 40 | H80: =IF(AND(ISNUMBER(J80),G80>0),J80/(0.0834*G80),NA()) -> 1.309952 | I80: %/hr | J80: 4.37 | K80: Btu/h·°F
A81: =$A$50 -> HPWH - North Classroom | B81: CZ01 | C81: 47.9 | D81: =$C$50*($B$54-C81)*$B$56 -> 54139.4 | E81: =D81*$B$55 -> 32483.64 | F81: =_xlfn.LET(_xlpm.x,_xlfn.XLOOKUP(E81,$C$132:$C$136,$C$132:$C$136,"",1),IF(_xlpm.x="",E81/$B$61,_xlpm.x/$B$61)) -> 7554.3349 | G81: =_xlfn.LET(_xlpm.v,MAX(30,$C$50*$B$57),_xlpm.x,_xlfn.XLOOKUP(_xlpm.v,$A$132:$A$136,$A$132:$A$136,"",1),IF(_xlpm.x="",ROUNDUP(_xlpm.v,0),_xlpm.x)) -> 40 | H81: =IF(AND(ISNUMBER(J81),G81>0),J81/(0.0834*G81),NA()) -> 1.309952 | I81: %/hr | J81: 4.37 | K81: Btu/h·°F | L81: Same DEER HPWH UA method as the first plant table. Peak cell $C$50.
A82: =$A$50 -> HPWH - North Classroom | B82: CZ02 | C82: 50.8 | D82: =$C$50*($B$54-C82)*$B$56 -> 52336.825 | E82: =D82*$B$55 -> 31402.095 | F82: =_xlfn.LET(_xlpm.x,_xlfn.XLOOKUP(E82,$C$132:$C$136,$C$132:$C$136,"",1),IF(_xlpm.x="",E82/$B$61,_xlpm.x/$B$61)) -> 7302.8129 | G82: =_xlfn.LET(_xlpm.v,MAX(30,$C$50*$B$57),_xlpm.x,_xlfn.XLOOKUP(_xlpm.v,$A$132:$A$136,$A$132:$A$136,"",1),IF(_xlpm.x="",ROUNDUP(_xlpm.v,0),_xlpm.x)) -> 40 | H82: =IF(AND(ISNUMBER(J82),G82>0),J82/(0.0834*G82),NA()) -> 1.309952 | I82: %/hr | J82: 4.37 | K82: Btu/h·°F
A83: =$A$50 -> HPWH - North Classroom | B83: CZ03 | C83: 52.2 | D83: =$C$50*($B$54-C83)*$B$56 -> 51466.617 | E83: =D83*$B$55 -> 30879.97 | F83: =_xlfn.LET(_xlpm.x,_xlfn.XLOOKUP(E83,$C$132:$C$136,$C$132:$C$136,"",1),IF(_xlpm.x="",E83/$B$61,_xlpm.x/$B$61)) -> 7181.3884 | G83: =_xlfn.LET(_xlpm.v,MAX(30,$C$50*$B$57),_xlpm.x,_xlfn.XLOOKUP(_xlpm.v,$A$132:$A$136,$A$132:$A$136,"",1),IF(_xlpm.x="",ROUNDUP(_xlpm.v,0),_xlpm.x)) -> 40 | H83: =IF(AND(ISNUMBER(J83),G83>0),J83/(0.0834*G83),NA()) -> 1.309952 | I83: %/hr | J83: 4.37 | K83: Btu/h·°F
A84: =$A$50 -> HPWH - North Classroom | B84: CZ04 | C84: 52.7 | D84: =$C$50*($B$54-C84)*$B$56 -> 51155.828 | E84: =D84*$B$55 -> 30693.497 | F84: =_xlfn.LET(_xlpm.x,_xlfn.XLOOKUP(E84,$C$132:$C$136,$C$132:$C$136,"",1),IF(_xlpm.x="",E84/$B$61,_xlpm.x/$B$61)) -> 7138.0225 | G84: =_xlfn.LET(_xlpm.v,MAX(30,$C$50*$B$57),_xlpm.x,_xlfn.XLOOKUP(_xlpm.v,$A$132:$A$136,$A$132:$A$136,"",1),IF(_xlpm.x="",ROUNDUP(_xlpm.v,0),_xlpm.x)) -> 40 | H84: =IF(AND(ISNUMBER(J84),G84>0),J84/(0.0834*G84),NA()) -> 1.309952 | I84: %/hr | J84: 4.37 | K84: Btu/h·°F
A85: =$A$50 -> HPWH - North Classroom | B85: CZ05 | C85: 51.6 | D85: =$C$50*($B$54-C85)*$B$56 -> 51839.563 | E85: =D85*$B$55 -> 31103.738 | F85: =_xlfn.LET(_xlpm.x,_xlfn.XLOOKUP(E85,$C$132:$C$136,$C$132:$C$136,"",1),IF(_xlpm.x="",E85/$B$61,_xlpm.x/$B$61)) -> 7233.4275 | G85: =_xlfn.LET(_xlpm.v,MAX(30,$C$50*$B$57),_xlpm.x,_xlfn.XLOOKUP(_xlpm.v,$A$132:$A$136,$A$132:$A$136,"",1),IF(_xlpm.x="",ROUNDUP(_xlpm.v,0),_xlpm.x)) -> 40 | H85: =IF(AND(ISNUMBER(J85),G85>0),J85/(0.0834*G85),NA()) -> 1.309952 | I85: %/hr | J85: 4.37 | K85: Btu/h·°F
A86: =$A$50 -> HPWH - North Classroom | B86: CZ06 | C86: 56.8 | D86: =$C$50*($B$54-C86)*$B$56 -> 48607.36 | E86: =D86*$B$55 -> 29164.416 | F86: =_xlfn.LET(_xlpm.x,_xlfn.XLOOKUP(E86,$C$132:$C$136,$C$132:$C$136,"",1),IF(_xlpm.x="",E86/$B$61,_xlpm.x/$B$61)) -> 6782.4224 | G86: =_xlfn.LET(_xlpm.v,MAX(30,$C$50*$B$57),_xlpm.x,_xlfn.XLOOKUP(_xlpm.v,$A$132:$A$136,$A$132:$A$136,"",1),IF(_xlpm.x="",ROUNDUP(_xlpm.v,0),_xlpm.x)) -> 40 | H86: =IF(AND(ISNUMBER(J86),G86>0),J86/(0.0834*G86),NA()) -> 1.309952 | I86: %/hr | J86: 4.37 | K86: Btu/h·°F
A87: =$A$50 -> HPWH - North Classroom | B87: CZ07 | C87: 58.4 | D87: =$C$50*($B$54-C87)*$B$56 -> 47612.836 | E87: =D87*$B$55 -> 28567.702 | F87: =_xlfn.LET(_xlpm.x,_xlfn.XLOOKUP(E87,$C$132:$C$136,$C$132:$C$136,"",1),IF(_xlpm.x="",E87/$B$61,_xlpm.x/$B$61)) -> 6643.6516 | G87: =_xlfn.LET(_xlpm.v,MAX(30,$C$50*$B$57),_xlpm.x,_xlfn.XLOOKUP(_xlpm.v,$A$132:$A$136,$A$132:$A$136,"",1),IF(_xlpm.x="",ROUNDUP(_xlpm.v,0),_xlpm.x)) -> 40 | H87: =IF(AND(ISNUMBER(J87),G87>0),J87/(0.0834*G87),NA()) -> 1.309952 | I87: %/hr | J87: 4.37 | K87: Btu/h·°F
A88: =$A$50 -> HPWH - North Classroom | B88: CZ08 | C88: 58.4 | D88: =$C$50*($B$54-C88)*$B$56 -> 47612.836 | E88: =D88*$B$55 -> 28567.702 | F88: =_xlfn.LET(_xlpm.x,_xlfn.XLOOKUP(E88,$C$132:$C$136,$C$132:$C$136,"",1),IF(_xlpm.x="",E88/$B$61,_xlpm.x/$B$61)) -> 6643.6516 | G88: =_xlfn.LET(_xlpm.v,MAX(30,$C$50*$B$57),_xlpm.x,_xlfn.XLOOKUP(_xlpm.v,$A$132:$A$136,$A$132:$A$136,"",1),IF(_xlpm.x="",ROUNDUP(_xlpm.v,0),_xlpm.x)) -> 40 | H88: =IF(AND(ISNUMBER(J88),G88>0),J88/(0.0834*G88),NA()) -> 1.309952 | I88: %/hr | J88: 4.37 | K88: Btu/h·°F
A89: =$A$50 -> HPWH - North Classroom | B89: CZ09 | C89: 57.6 | D89: =$C$50*($B$54-C89)*$B$56 -> 48110.098 | E89: =D89*$B$55 -> 28866.059 | F89: =_xlfn.LET(_xlpm.x,_xlfn.XLOOKUP(E89,$C$132:$C$136,$C$132:$C$136,"",1),IF(_xlpm.x="",E89/$B$61,_xlpm.x/$B$61)) -> 6713.037 | G89: =_xlfn.LET(_xlpm.v,MAX(30,$C$50*$B$57),_xlpm.x,_xlfn.XLOOKUP(_xlpm.v,$A$132:$A$136,$A$132:$A$136,"",1),IF(_xlpm.x="",ROUNDUP(_xlpm.v,0),_xlpm.x)) -> 40 | H89: =IF(AND(ISNUMBER(J89),G89>0),J89/(0.0834*G89),NA()) -> 1.309952 | I89: %/hr | J89: 4.37 | K89: Btu/h·°F
A90: =$A$50 -> HPWH - North Classroom | B90: CZ10 | C90: 57.1 | D90: =$C$50*($B$54-C90)*$B$56 -> 48420.887 | E90: =D90*$B$55 -> 29052.532 | F90: =_xlfn.LET(_xlpm.x,_xlfn.XLOOKUP(E90,$C$132:$C$136,$C$132:$C$136,"",1),IF(_xlpm.x="",E90/$B$61,_xlpm.x/$B$61)) -> 6756.4029 | G90: =_xlfn.LET(_xlpm.v,MAX(30,$C$50*$B$57),_xlpm.x,_xlfn.XLOOKUP(_xlpm.v,$A$132:$A$136,$A$132:$A$136,"",1),IF(_xlpm.x="",ROUNDUP(_xlpm.v,0),_xlpm.x)) -> 40 | H90: =IF(AND(ISNUMBER(J90),G90>0),J90/(0.0834*G90),NA()) -> 1.309952 | I90: %/hr | J90: 4.37 | K90: Btu/h·°F
A91: =$A$50 -> HPWH - North Classroom | B91: CZ11 | C91: 50.5 | D91: =$C$50*($B$54-C91)*$B$56 -> 52523.299 | E91: =D91*$B$55 -> 31513.979 | F91: =_xlfn.LET(_xlpm.x,_xlfn.XLOOKUP(E91,$C$132:$C$136,$C$132:$C$136,"",1),IF(_xlpm.x="",E91/$B$61,_xlpm.x/$B$61)) -> 7328.8324 | G91: =_xlfn.LET(_xlpm.v,MAX(30,$C$50*$B$57),_xlpm.x,_xlfn.XLOOKUP(_xlpm.v,$A$132:$A$136,$A$132:$A$136,"",1),IF(_xlpm.x="",ROUNDUP(_xlpm.v,0),_xlpm.x)) -> 40 | H91: =IF(AND(ISNUMBER(J91),G91>0),J91/(0.0834*G91),NA()) -> 1.309952 | I91: %/hr | J91: 4.37 | K91: Btu/h·°F
A92: =$A$50 -> HPWH - North Classroom | B92: CZ12 | C92: 51.4 | D92: =$C$50*($B$54-C92)*$B$56 -> 51963.879 | E92: =D92*$B$55 -> 31178.327 | F92: =_xlfn.LET(_xlpm.x,_xlfn.XLOOKUP(E92,$C$132:$C$136,$C$132:$C$136,"",1),IF(_xlpm.x="",E92/$B$61,_xlpm.x/$B$61)) -> 7250.7738 | G92: =_xlfn.LET(_xlpm.v,MAX(30,$C$50*$B$57),_xlpm.x,_xlfn.XLOOKUP(_xlpm.v,$A$132:$A$136,$A$132:$A$136,"",1),IF(_xlpm.x="",ROUNDUP(_xlpm.v,0),_xlpm.x)) -> 40 | H92: =IF(AND(ISNUMBER(J92),G92>0),J92/(0.0834*G92),NA()) -> 1.309952 | I92: %/hr | J92: 4.37 | K92: Btu/h·°F
A93: =$A$50 -> HPWH - North Classroom | B93: CZ13 | C93: 51.7 | D93: =$C$50*($B$54-C93)*$B$56 -> 51777.406 | E93: =D93*$B$55 -> 31066.443 | F93: =_xlfn.LET(_xlpm.x,_xlfn.XLOOKUP(E93,$C$132:$C$136,$C$132:$C$136,"",1),IF(_xlpm.x="",E93/$B$61,_xlpm.x/$B$61)) -> 7224.7543 | G93: =_xlfn.LET(_xlpm.v,MAX(30,$C$50*$B$57),_xlpm.x,_xlfn.XLOOKUP(_xlpm.v,$A$132:$A$136,$A$132:$A$136,"",1),IF(_xlpm.x="",ROUNDUP(_xlpm.v,0),_xlpm.x)) -> 40 | H93: =IF(AND(ISNUMBER(J93),G93>0),J93/(0.0834*G93),NA()) -> 1.309952 | I93: %/hr | J93: 4.37 | K93: Btu/h·°F
... A96: =$A$50 -> HPWH - North Classroom | B96: CZ16 | C96: 41.4 | D96: =$C$50*($B$54-C96)*$B$56 -> 58179.654 | E96: =D96*$B$55 -> 34907.792 | F96: =_xlfn.LET(_xlpm.x,_xlfn.XLOOKUP(E96,$C$132:$C$136,$C$132:$C$136,"",1),IF(_xlpm.x="",E96/$B$61,_xlpm.x/$B$61)) -> 8118.0913 | G96: =_xlfn.LET(_xlpm.v,MAX(30,$C$50*$B$57),_xlpm.x,_xlfn.XLOOKUP(_xlpm.v,$A$132:$A$136,$A$132:$A$136,"",1),IF(_xlpm.x="",ROUNDUP(_xlpm.v,0),_xlpm.x)) -> 40 | H96: =IF(AND(ISNUMBER(J96),G96>0),J96/(0.0834*G96),NA()) -> 1.309952 | I96: %/hr | J96: 4.37 | K96: Btu/h·°F
A97: =$A$51 -> HPWH - West Classroom | B97: CZ01 | C97: 47.9 | D97: =$C$51*($B$54-C97)*$B$56 -> 54139.4 | E97: =D97*$B$55 -> 32483.64 | F97: =_xlfn.LET(_xlpm.x,_xlfn.XLOOKUP(E97,$C$132:$C$136,$C$132:$C$136,"",1),IF(_xlpm.x="",E97/$B$61,_xlpm.x/$B$61)) -> 7554.3349 | G97: =_xlfn.LET(_xlpm.v,MAX(30,$C$51*$B$57),_xlpm.x,_xlfn.XLOOKUP(_xlpm.v,$A$132:$A$136,$A$132:$A$136,"",1),IF(_xlpm.x="",ROUNDUP(_xlpm.v,0),_xlpm.x)) -> 40 | H97: =IF(AND(ISNUMBER(J97),G97>0),J97/(0.0834*G97),NA()) -> 1.309952 | I97: %/hr | J97: 4.37 | K97: Btu/h·°F | L97: Same DEER HPWH UA method as the first plant table. Peak cell $C$51.
A98: =$A$51 -> HPWH - West Classroom | B98: CZ02 | C98: 50.8 | D98: =$C$51*($B$54-C98)*$B$56 -> 52336.825 | E98: =D98*$B$55 -> 31402.095 | F98: =_xlfn.LET(_xlpm.x,_xlfn.XLOOKUP(E98,$C$132:$C$136,$C$132:$C$136,"",1),IF(_xlpm.x="",E98/$B$61,_xlpm.x/$B$61)) -> 7302.8129 | G98: =_xlfn.LET(_xlpm.v,MAX(30,$C$51*$B$57),_xlpm.x,_xlfn.XLOOKUP(_xlpm.v,$A$132:$A$136,$A$132:$A$136,"",1),IF(_xlpm.x="",ROUNDUP(_xlpm.v,0),_xlpm.x)) -> 40 | H98: =IF(AND(ISNUMBER(J98),G98>0),J98/(0.0834*G98),NA()) -> 1.309952 | I98: %/hr | J98: 4.37 | K98: Btu/h·°F
A99: =$A$51 -> HPWH - West Classroom | B99: CZ03 | C99: 52.2 | D99: =$C$51*($B$54-C99)*$B$56 -> 51466.617 | E99: =D99*$B$55 -> 30879.97 | F99: =_xlfn.LET(_xlpm.x,_xlfn.XLOOKUP(E99,$C$132:$C$136,$C$132:$C$136,"",1),IF(_xlpm.x="",E99/$B$61,_xlpm.x/$B$61)) -> 7181.3884 | G99: =_xlfn.LET(_xlpm.v,MAX(30,$C$51*$B$57),_xlpm.x,_xlfn.XLOOKUP(_xlpm.v,$A$132:$A$136,$A$132:$A$136,"",1),IF(_xlpm.x="",ROUNDUP(_xlpm.v,0),_xlpm.x)) -> 40 | H99: =IF(AND(ISNUMBER(J99),G99>0),J99/(0.0834*G99),NA()) -> 1.309952 | I99: %/hr | J99: 4.37 | K99: Btu/h·°F
A100: =$A$51 -> HPWH - West Classroom | B100: CZ04 | C100: 52.7 | D100: =$C$51*($B$54-C100)*$B$56 -> 51155.828 | E100: =D100*$B$55 -> 30693.497 | F100: =_xlfn.LET(_xlpm.x,_xlfn.XLOOKUP(E100,$C$132:$C$136,$C$132:$C$136,"",1),IF(_xlpm.x="",E100/$B$61,_xlpm.x/$B$61)) -> 7138.0225 | G100: =_xlfn.LET(_xlpm.v,MAX(30,$C$51*$B$57),_xlpm.x,_xlfn.XLOOKUP(_xlpm.v,$A$132:$A$136,$A$132:$A$136,"",1),IF(_xlpm.x="",ROUNDUP(_xlpm.v,0),_xlpm.x)) -> 40 | H100: =IF(AND(ISNUMBER(J100),G100>0),J100/(0.0834*G100),NA()) -> 1.309952 | I100: %/hr | J100: 4.37 | K100: Btu/h·°F
A101: =$A$51 -> HPWH - West Classroom | B101: CZ05 | C101: 51.6 | D101: =$C$51*($B$54-C101)*$B$56 -> 51839.563 | E101: =D101*$B$55 -> 31103.738 | F101: =_xlfn.LET(_xlpm.x,_xlfn.XLOOKUP(E101,$C$132:$C$136,$C$132:$C$136,"",1),IF(_xlpm.x="",E101/$B$61,_xlpm.x/$B$61)) -> 7233.4275 | G101: =_xlfn.LET(_xlpm.v,MAX(30,$C$51*$B$57),_xlpm.x,_xlfn.XLOOKUP(_xlpm.v,$A$132:$A$136,$A$132:$A$136,"",1),IF(_xlpm.x="",ROUNDUP(_xlpm.v,0),_xlpm.x)) -> 40 | H101: =IF(AND(ISNUMBER(J101),G101>0),J101/(0.0834*G101),NA()) -> 1.309952 | I101: %/hr | J101: 4.37 | K101: Btu/h·°F
A102: =$A$51 -> HPWH - West Classroom | B102: CZ06 | C102: 56.8 | D102: =$C$51*($B$54-C102)*$B$56 -> 48607.36 | E102: =D102*$B$55 -> 29164.416 | F102: =_xlfn.LET(_xlpm.x,_xlfn.XLOOKUP(E102,$C$132:$C$136,$C$132:$C$136,"",1),IF(_xlpm.x="",E102/$B$61,_xlpm.x/$B$61)) -> 6782.4224 | G102: =_xlfn.LET(_xlpm.v,MAX(30,$C$51*$B$57),_xlpm.x,_xlfn.XLOOKUP(_xlpm.v,$A$132:$A$136,$A$132:$A$136,"",1),IF(_xlpm.x="",ROUNDUP(_xlpm.v,0),_xlpm.x)) -> 40 | H102: =IF(AND(ISNUMBER(J102),G102>0),J102/(0.0834*G102),NA()) -> 1.309952 | I102: %/hr | J102: 4.37 | K102: Btu/h·°F
A103: =$A$51 -> HPWH - West Classroom | B103: CZ07 | C103: 58.4 | D103: =$C$51*($B$54-C103)*$B$56 -> 47612.836 | E103: =D103*$B$55 -> 28567.702 | F103: =_xlfn.LET(_xlpm.x,_xlfn.XLOOKUP(E103,$C$132:$C$136,$C$132:$C$136,"",1),IF(_xlpm.x="",E103/$B$61,_xlpm.x/$B$61)) -> 6643.6516 | G103: =_xlfn.LET(_xlpm.v,MAX(30,$C$51*$B$57),_xlpm.x,_xlfn.XLOOKUP(_xlpm.v,$A$132:$A$136,$A$132:$A$136,"",1),IF(_xlpm.x="",ROUNDUP(_xlpm.v,0),_xlpm.x)) -> 40 | H103: =IF(AND(ISNUMBER(J103),G103>0),J103/(0.0834*G103),NA()) -> 1.309952 | I103: %/hr | J103: 4.37 | K103: Btu/h·°F
A104: =$A$51 -> HPWH - West Classroom | B104: CZ08 | C104: 58.4 | D104: =$C$51*($B$54-C104)*$B$56 -> 47612.836 | E104: =D104*$B$55 -> 28567.702 | F104: =_xlfn.LET(_xlpm.x,_xlfn.XLOOKUP(E104,$C$132:$C$136,$C$132:$C$136,"",1),IF(_xlpm.x="",E104/$B$61,_xlpm.x/$B$61)) -> 6643.6516 | G104: =_xlfn.LET(_xlpm.v,MAX(30,$C$51*$B$57),_xlpm.x,_xlfn.XLOOKUP(_xlpm.v,$A$132:$A$136,$A$132:$A$136,"",1),IF(_xlpm.x="",ROUNDUP(_xlpm.v,0),_xlpm.x)) -> 40 | H104: =IF(AND(ISNUMBER(J104),G104>0),J104/(0.0834*G104),NA()) -> 1.309952 | I104: %/hr | J104: 4.37 | K104: Btu/h·°F
A105: =$A$51 -> HPWH - West Classroom | B105: CZ09 | C105: 57.6 | D105: =$C$51*($B$54-C105)*$B$56 -> 48110.098 | E105: =D105*$B$55 -> 28866.059 | F105: =_xlfn.LET(_xlpm.x,_xlfn.XLOOKUP(E105,$C$132:$C$136,$C$132:$C$136,"",1),IF(_xlpm.x="",E105/$B$61,_xlpm.x/$B$61)) -> 6713.037 | G105: =_xlfn.LET(_xlpm.v,MAX(30,$C$51*$B$57),_xlpm.x,_xlfn.XLOOKUP(_xlpm.v,$A$132:$A$136,$A$132:$A$136,"",1),IF(_xlpm.x="",ROUNDUP(_xlpm.v,0),_xlpm.x)) -> 40 | H105: =IF(AND(ISNUMBER(J105),G105>0),J105/(0.0834*G105),NA()) -> 1.309952 | I105: %/hr | J105: 4.37 | K105: Btu/h·°F
A106: =$A$51 -> HPWH - West Classroom | B106: CZ10 | C106: 57.1 | D106: =$C$51*($B$54-C106)*$B$56 -> 48420.887 | E106: =D106*$B$55 -> 29052.532 | F106: =_xlfn.LET(_xlpm.x,_xlfn.XLOOKUP(E106,$C$132:$C$136,$C$132:$C$136,"",1),IF(_xlpm.x="",E106/$B$61,_xlpm.x/$B$61)) -> 6756.4029 | G106: =_xlfn.LET(_xlpm.v,MAX(30,$C$51*$B$57),_xlpm.x,_xlfn.XLOOKUP(_xlpm.v,$A$132:$A$136,$A$132:$A$136,"",1),IF(_xlpm.x="",ROUNDUP(_xlpm.v,0),_xlpm.x)) -> 40 | H106: =IF(AND(ISNUMBER(J106),G106>0),J106/(0.0834*G106),NA()) -> 1.309952 | I106: %/hr | J106: 4.37 | K106: Btu/h·°F
A107: =$A$51 -> HPWH - West Classroom | B107: CZ11 | C107: 50.5 | D107: =$C$51*($B$54-C107)*$B$56 -> 52523.299 | E107: =D107*$B$55 -> 31513.979 | F107: =_xlfn.LET(_xlpm.x,_xlfn.XLOOKUP(E107,$C$132:$C$136,$C$132:$C$136,"",1),IF(_xlpm.x="",E107/$B$61,_xlpm.x/$B$61)) -> 7328.8324 | G107: =_xlfn.LET(_xlpm.v,MAX(30,$C$51*$B$57),_xlpm.x,_xlfn.XLOOKUP(_xlpm.v,$A$132:$A$136,$A$132:$A$136,"",1),IF(_xlpm.x="",ROUNDUP(_xlpm.v,0),_xlpm.x)) -> 40 | H107: =IF(AND(ISNUMBER(J107),G107>0),J107/(0.0834*G107),NA()) -> 1.309952 | I107: %/hr | J107: 4.37 | K107: Btu/h·°F
A108: =$A$51 -> HPWH - West Classroom | B108: CZ12 | C108: 51.4 | D108: =$C$51*($B$54-C108)*$B$56 -> 51963.879 | E108: =D108*$B$55 -> 31178.327 | F108: =_xlfn.LET(_xlpm.x,_xlfn.XLOOKUP(E108,$C$132:$C$136,$C$132:$C$136,"",1),IF(_xlpm.x="",E108/$B$61,_xlpm.x/$B$61)) -> 7250.7738 | G108: =_xlfn.LET(_xlpm.v,MAX(30,$C$51*$B$57),_xlpm.x,_xlfn.XLOOKUP(_xlpm.v,$A$132:$A$136,$A$132:$A$136,"",1),IF(_xlpm.x="",ROUNDUP(_xlpm.v,0),_xlpm.x)) -> 40 | H108: =IF(AND(ISNUMBER(J108),G108>0),J108/(0.0834*G108),NA()) -> 1.309952 | I108: %/hr | J108: 4.37 | K108: Btu/h·°F
A109: =$A$51 -> HPWH - West Classroom | B109: CZ13 | C109: 51.7 | D109: =$C$51*($B$54-C109)*$B$56 -> 51777.406 | E109: =D109*$B$55 -> 31066.443 | F109: =_xlfn.LET(_xlpm.x,_xlfn.XLOOKUP(E109,$C$132:$C$136,$C$132:$C$136,"",1),IF(_xlpm.x="",E109/$B$61,_xlpm.x/$B$61)) -> 7224.7543 | G109: =_xlfn.LET(_xlpm.v,MAX(30,$C$51*$B$57),_xlpm.x,_xlfn.XLOOKUP(_xlpm.v,$A$132:$A$136,$A$132:$A$136,"",1),IF(_xlpm.x="",ROUNDUP(_xlpm.v,0),_xlpm.x)) -> 40 | H109: =IF(AND(ISNUMBER(J109),G109>0),J109/(0.0834*G109),NA()) -> 1.309952 | I109: %/hr | J109: 4.37 | K109: Btu/h·°F
... A112: =$A$51 -> HPWH - West Classroom | B112: CZ16 | C112: 41.4 | D112: =$C$51*($B$54-C112)*$B$56 -> 58179.654 | E112: =D112*$B$55 -> 34907.792 | F112: =_xlfn.LET(_xlpm.x,_xlfn.XLOOKUP(E112,$C$132:$C$136,$C$132:$C$136,"",1),IF(_xlpm.x="",E112/$B$61,_xlpm.x/$B$61)) -> 8118.0913 | G112: =_xlfn.LET(_xlpm.v,MAX(30,$C$51*$B$57),_xlpm.x,_xlfn.XLOOKUP(_xlpm.v,$A$132:$A$136,$A$132:$A$136,"",1),IF(_xlpm.x="",ROUNDUP(_xlpm.v,0),_xlpm.x)) -> 40 | H112: =IF(AND(ISNUMBER(J112),G112>0),J112/(0.0834*G112),NA()) -> 1.309952 | I112: %/hr | J112: 4.37 | K112: Btu/h·°F
A113: =$A$52 -> HPWH - Kindergarten | B113: CZ01 | C113: 47.9 | D113: =$C$52*($B$54-C113)*$B$56 -> 54139.4 | E113: =D113*$B$55 -> 32483.64 | F113: =_xlfn.LET(_xlpm.x,_xlfn.XLOOKUP(E113,$C$132:$C$136,$C$132:$C$136,"",1),IF(_xlpm.x="",E113/$B$61,_xlpm.x/$B$61)) -> 7554.3349 | G113: =_xlfn.LET(_xlpm.v,MAX(30,$C$52*$B$57),_xlpm.x,_xlfn.XLOOKUP(_xlpm.v,$A$132:$A$136,$A$132:$A$136,"",1),IF(_xlpm.x="",ROUNDUP(_xlpm.v,0),_xlpm.x)) -> 40 | H113: =IF(AND(ISNUMBER(J113),G113>0),J113/(0.0834*G113),NA()) -> 1.309952 | I113: %/hr | J113: 4.37 | K113: Btu/h·°F | L113: Same DEER HPWH UA method as the first plant table. Peak cell $C$52.
A114: =$A$52 -> HPWH - Kindergarten | B114: CZ02 | C114: 50.8 | D114: =$C$52*($B$54-C114)*$B$56 -> 52336.825 | E114: =D114*$B$55 -> 31402.095 | F114: =_xlfn.LET(_xlpm.x,_xlfn.XLOOKUP(E114,$C$132:$C$136,$C$132:$C$136,"",1),IF(_xlpm.x="",E114/$B$61,_xlpm.x/$B$61)) -> 7302.8129 | G114: =_xlfn.LET(_xlpm.v,MAX(30,$C$52*$B$57),_xlpm.x,_xlfn.XLOOKUP(_xlpm.v,$A$132:$A$136,$A$132:$A$136,"",1),IF(_xlpm.x="",ROUNDUP(_xlpm.v,0),_xlpm.x)) -> 40 | H114: =IF(AND(ISNUMBER(J114),G114>0),J114/(0.0834*G114),NA()) -> 1.309952 | I114: %/hr | J114: 4.37 | K114: Btu/h·°F
A115: =$A$52 -> HPWH - Kindergarten | B115: CZ03 | C115: 52.2 | D115: =$C$52*($B$54-C115)*$B$56 -> 51466.617 | E115: =D115*$B$55 -> 30879.97 | F115: =_xlfn.LET(_xlpm.x,_xlfn.XLOOKUP(E115,$C$132:$C$136,$C$132:$C$136,"",1),IF(_xlpm.x="",E115/$B$61,_xlpm.x/$B$61)) -> 7181.3884 | G115: =_xlfn.LET(_xlpm.v,MAX(30,$C$52*$B$57),_xlpm.x,_xlfn.XLOOKUP(_xlpm.v,$A$132:$A$136,$A$132:$A$136,"",1),IF(_xlpm.x="",ROUNDUP(_xlpm.v,0),_xlpm.x)) -> 40 | H115: =IF(AND(ISNUMBER(J115),G115>0),J115/(0.0834*G115),NA()) -> 1.309952 | I115: %/hr | J115: 4.37 | K115: Btu/h·°F
A116: =$A$52 -> HPWH - Kindergarten | B116: CZ04 | C116: 52.7 | D116: =$C$52*($B$54-C116)*$B$56 -> 51155.828 | E116: =D116*$B$55 -> 30693.497 | F116: =_xlfn.LET(_xlpm.x,_xlfn.XLOOKUP(E116,$C$132:$C$136,$C$132:$C$136,"",1),IF(_xlpm.x="",E116/$B$61,_xlpm.x/$B$61)) -> 7138.0225 | G116: =_xlfn.LET(_xlpm.v,MAX(30,$C$52*$B$57),_xlpm.x,_xlfn.XLOOKUP(_xlpm.v,$A$132:$A$136,$A$132:$A$136,"",1),IF(_xlpm.x="",ROUNDUP(_xlpm.v,0),_xlpm.x)) -> 40 | H116: =IF(AND(ISNUMBER(J116),G116>0),J116/(0.0834*G116),NA()) -> 1.309952 | I116: %/hr | J116: 4.37 | K116: Btu/h·°F
A117: =$A$52 -> HPWH - Kindergarten | B117: CZ05 | C117: 51.6 | D117: =$C$52*($B$54-C117)*$B$56 -> 51839.563 | E117: =D117*$B$55 -> 31103.738 | F117: =_xlfn.LET(_xlpm.x,_xlfn.XLOOKUP(E117,$C$132:$C$136,$C$132:$C$136,"",1),IF(_xlpm.x="",E117/$B$61,_xlpm.x/$B$61)) -> 7233.4275 | G117: =_xlfn.LET(_xlpm.v,MAX(30,$C$52*$B$57),_xlpm.x,_xlfn.XLOOKUP(_xlpm.v,$A$132:$A$136,$A$132:$A$136,"",1),IF(_xlpm.x="",ROUNDUP(_xlpm.v,0),_xlpm.x)) -> 40 | H117: =IF(AND(ISNUMBER(J117),G117>0),J117/(0.0834*G117),NA()) -> 1.309952 | I117: %/hr | J117: 4.37 | K117: Btu/h·°F
A118: =$A$52 -> HPWH - Kindergarten | B118: CZ06 | C118: 56.8 | D118: =$C$52*($B$54-C118)*$B$56 -> 48607.36 | E118: =D118*$B$55 -> 29164.416 | F118: =_xlfn.LET(_xlpm.x,_xlfn.XLOOKUP(E118,$C$132:$C$136,$C$132:$C$136,"",1),IF(_xlpm.x="",E118/$B$61,_xlpm.x/$B$61)) -> 6782.4224 | G118: =_xlfn.LET(_xlpm.v,MAX(30,$C$52*$B$57),_xlpm.x,_xlfn.XLOOKUP(_xlpm.v,$A$132:$A$136,$A$132:$A$136,"",1),IF(_xlpm.x="",ROUNDUP(_xlpm.v,0),_xlpm.x)) -> 40 | H118: =IF(AND(ISNUMBER(J118),G118>0),J118/(0.0834*G118),NA()) -> 1.309952 | I118: %/hr | J118: 4.37 | K118: Btu/h·°F
A119: =$A$52 -> HPWH - Kindergarten | B119: CZ07 | C119: 58.4 | D119: =$C$52*($B$54-C119)*$B$56 -> 47612.836 | E119: =D119*$B$55 -> 28567.702 | F119: =_xlfn.LET(_xlpm.x,_xlfn.XLOOKUP(E119,$C$132:$C$136,$C$132:$C$136,"",1),IF(_xlpm.x="",E119/$B$61,_xlpm.x/$B$61)) -> 6643.6516 | G119: =_xlfn.LET(_xlpm.v,MAX(30,$C$52*$B$57),_xlpm.x,_xlfn.XLOOKUP(_xlpm.v,$A$132:$A$136,$A$132:$A$136,"",1),IF(_xlpm.x="",ROUNDUP(_xlpm.v,0),_xlpm.x)) -> 40 | H119: =IF(AND(ISNUMBER(J119),G119>0),J119/(0.0834*G119),NA()) -> 1.309952 | I119: %/hr | J119: 4.37 | K119: Btu/h·°F
A120: =$A$52 -> HPWH - Kindergarten | B120: CZ08 | C120: 58.4 | D120: =$C$52*($B$54-C120)*$B$56 -> 47612.836 | E120: =D120*$B$55 -> 28567.702 | F120: =_xlfn.LET(_xlpm.x,_xlfn.XLOOKUP(E120,$C$132:$C$136,$C$132:$C$136,"",1),IF(_xlpm.x="",E120/$B$61,_xlpm.x/$B$61)) -> 6643.6516 | G120: =_xlfn.LET(_xlpm.v,MAX(30,$C$52*$B$57),_xlpm.x,_xlfn.XLOOKUP(_xlpm.v,$A$132:$A$136,$A$132:$A$136,"",1),IF(_xlpm.x="",ROUNDUP(_xlpm.v,0),_xlpm.x)) -> 40 | H120: =IF(AND(ISNUMBER(J120),G120>0),J120/(0.0834*G120),NA()) -> 1.309952 | I120: %/hr | J120: 4.37 | K120: Btu/h·°F
A121: =$A$52 -> HPWH - Kindergarten | B121: CZ09 | C121: 57.6 | D121: =$C$52*($B$54-C121)*$B$56 -> 48110.098 | E121: =D121*$B$55 -> 28866.059 | F121: =_xlfn.LET(_xlpm.x,_xlfn.XLOOKUP(E121,$C$132:$C$136,$C$132:$C$136,"",1),IF(_xlpm.x="",E121/$B$61,_xlpm.x/$B$61)) -> 6713.037 | G121: =_xlfn.LET(_xlpm.v,MAX(30,$C$52*$B$57),_xlpm.x,_xlfn.XLOOKUP(_xlpm.v,$A$132:$A$136,$A$132:$A$136,"",1),IF(_xlpm.x="",ROUNDUP(_xlpm.v,0),_xlpm.x)) -> 40 | H121: =IF(AND(ISNUMBER(J121),G121>0),J121/(0.0834*G121),NA()) -> 1.309952 | I121: %/hr | J121: 4.37 | K121: Btu/h·°F
A122: =$A$52 -> HPWH - Kindergarten | B122: CZ10 | C122: 57.1 | D122: =$C$52*($B$54-C122)*$B$56 -> 48420.887 | E122: =D122*$B$55 -> 29052.532 | F122: =_xlfn.LET(_xlpm.x,_xlfn.XLOOKUP(E122,$C$132:$C$136,$C$132:$C$136,"",1),IF(_xlpm.x="",E122/$B$61,_xlpm.x/$B$61)) -> 6756.4029 | G122: =_xlfn.LET(_xlpm.v,MAX(30,$C$52*$B$57),_xlpm.x,_xlfn.XLOOKUP(_xlpm.v,$A$132:$A$136,$A$132:$A$136,"",1),IF(_xlpm.x="",ROUNDUP(_xlpm.v,0),_xlpm.x)) -> 40 | H122: =IF(AND(ISNUMBER(J122),G122>0),J122/(0.0834*G122),NA()) -> 1.309952 | I122: %/hr | J122: 4.37 | K122: Btu/h·°F
A123: =$A$52 -> HPWH - Kindergarten | B123: CZ11 | C123: 50.5 | D123: =$C$52*($B$54-C123)*$B$56 -> 52523.299 | E123: =D123*$B$55 -> 31513.979 | F123: =_xlfn.LET(_xlpm.x,_xlfn.XLOOKUP(E123,$C$132:$C$136,$C$132:$C$136,"",1),IF(_xlpm.x="",E123/$B$61,_xlpm.x/$B$61)) -> 7328.8324 | G123: =_xlfn.LET(_xlpm.v,MAX(30,$C$52*$B$57),_xlpm.x,_xlfn.XLOOKUP(_xlpm.v,$A$132:$A$136,$A$132:$A$136,"",1),IF(_xlpm.x="",ROUNDUP(_xlpm.v,0),_xlpm.x)) -> 40 | H123: =IF(AND(ISNUMBER(J123),G123>0),J123/(0.0834*G123),NA()) -> 1.309952 | I123: %/hr | J123: 4.37 | K123: Btu/h·°F
A124: =$A$52 -> HPWH - Kindergarten | B124: CZ12 | C124: 51.4 | D124: =$C$52*($B$54-C124)*$B$56 -> 51963.879 | E124: =D124*$B$55 -> 31178.327 | F124: =_xlfn.LET(_xlpm.x,_xlfn.XLOOKUP(E124,$C$132:$C$136,$C$132:$C$136,"",1),IF(_xlpm.x="",E124/$B$61,_xlpm.x/$B$61)) -> 7250.7738 | G124: =_xlfn.LET(_xlpm.v,MAX(30,$C$52*$B$57),_xlpm.x,_xlfn.XLOOKUP(_xlpm.v,$A$132:$A$136,$A$132:$A$136,"",1),IF(_xlpm.x="",ROUNDUP(_xlpm.v,0),_xlpm.x)) -> 40 | H124: =IF(AND(ISNUMBER(J124),G124>0),J124/(0.0834*G124),NA()) -> 1.309952 | I124: %/hr | J124: 4.37 | K124: Btu/h·°F
A125: =$A$52 -> HPWH - Kindergarten | B125: CZ13 | C125: 51.7 | D125: =$C$52*($B$54-C125)*$B$56 -> 51777.406 | E125: =D125*$B$55 -> 31066.443 | F125: =_xlfn.LET(_xlpm.x,_xlfn.XLOOKUP(E125,$C$132:$C$136,$C$132:$C$136,"",1),IF(_xlpm.x="",E125/$B$61,_xlpm.x/$B$61)) -> 7224.7543 | G125: =_xlfn.LET(_xlpm.v,MAX(30,$C$52*$B$57),_xlpm.x,_xlfn.XLOOKUP(_xlpm.v,$A$132:$A$136,$A$132:$A$136,"",1),IF(_xlpm.x="",ROUNDUP(_xlpm.v,0),_xlpm.x)) -> 40 | H125: =IF(AND(ISNUMBER(J125),G125>0),J125/(0.0834*G125),NA()) -> 1.309952 | I125: %/hr | J125: 4.37 | K125: Btu/h·°F
... A128: =$A$52 -> HPWH - Kindergarten | B128: CZ16 | C128: 41.4 | D128: =$C$52*($B$54-C128)*$B$56 -> 58179.654 | E128: =D128*$B$55 -> 34907.792 | F128: =_xlfn.LET(_xlpm.x,_xlfn.XLOOKUP(E128,$C$132:$C$136,$C$132:$C$136,"",1),IF(_xlpm.x="",E128/$B$61,_xlpm.x/$B$61)) -> 8118.0913 | G128: =_xlfn.LET(_xlpm.v,MAX(30,$C$52*$B$57),_xlpm.x,_xlfn.XLOOKUP(_xlpm.v,$A$132:$A$136,$A$132:$A$136,"",1),IF(_xlpm.x="",ROUNDUP(_xlpm.v,0),_xlpm.x)) -> 40 | H128: =IF(AND(ISNUMBER(J128),G128>0),J128/(0.0834*G128),NA()) -> 1.309952 | I128: %/hr | J128: 4.37 | K128: Btu/h·°F
A130: Market data — integrated HPWH
A131: Catalog tank (gal) | B131: Tank source | C131: Heating output (Btu/h) | D131: Output source | E131: UEF | F131: Notes | H131: =HYPERLINK("#'Notes'!A1","Sources and links → Notes tab") -> Sources and links → Notes tab
A132: 40 | B132: ENERGY STAR | C132: 14000 | D132: ENERGY STAR integrated HPWH | E132: 3.5 | F132: Typical ENERGY STAR integrated HPWH size class
A133: 50 | B133: ENERGY STAR | C133: 16000 | D133: ENERGY STAR integrated HPWH | E133: 3.75 | F133: Typical ENERGY STAR integrated HPWH size class
A134: 66 | B134: ENERGY STAR | C134: 18000 | D134: ENERGY STAR integrated HPWH | E134: 3.7 | F134: Typical ENERGY STAR integrated HPWH size class
A135: 80 | B135: ENERGY STAR | C135: 20000 | D135: ENERGY STAR integrated HPWH | E135: 3.88 | F135: Typical ENERGY STAR integrated HPWH size class
A136: 120 | B136: ENERGY STAR | C136: 25000 | D136: ENERGY STAR integrated HPWH | E136: 3.5 | F136: Typical ENERGY STAR integrated HPWH size class
A139: Existing gas storage and new-construction HPWH use the same ACM 2025 §5.9.2 heat output, capacity (x 0.60), and storage (peak x 0.40, 30 gal floor). They diverge after that. Gas input is capacity / 0.80 thermal efficiency, taken to the next catalog gas input rating, and standby loss is Title 20 §1605.1 Table F-4: Q/800 + 110√V (Btu/h). HPWH input is capacity / COPh 4.3, and tank UA is the DEER value 4.37 Btu/h·°F, not Table F-4.
A141: Market data — commercial gas storage water heaters (Existing)
...

Sheet Interior Lights
A1: ="Interior Lighting - "&Prototype!A2 -> Interior Lighting - SchoolK-8
A2: Space Type | B2: New Construction | E2: Existing | H2: Notes
B3: Lighting density (W/ft²) | C3: Additional lighting power allowance (W/ft²) [Table 140.6-C footnoted allowance] | D3: Source | E3: LPD (W/ft²) | F3: Additional lighting power allowance (W/ft²) [Table 140.6-C footnoted allowance] | G3: Source
A4: =Zones!C3 -> Lounge, Breakroom, or Waiting Area | B4: 0.55 | C4: 0.25 | D4: T24, 2025, Table 140.6 C (Area category method) | E4: 0.9 | F4: =0.5*0.5 -> 0.25 | G4: T24, 2016, Table 140.6 C (Area category method)
A5: =Zones!C4 -> Convention, Conference, Multipurpose and Meeting Area | B5: 0.75 | C5: =0.25*0.5 -> 0.125 | E5: 1.2 | F5: 0.5
A6: =Zones!C5 -> Corridor Area | B6: 0.4 | C6: 0.25 | E6: 0.6
A7: =Zones!C6 -> Electrical, Mechanical, Telephone Rooms | B7: 0.4 | E7: 0.55 | F7: 0.5
A8: =Zones!C8 -> Kitchen/Food Preparation Area | B8: 0.95 | E8: 1.2
A9: =Zones!C9 -> Lobby, Main Entry | B9: 0.7 | C9: =0.25*0.5 -> 0.125 | E9: 0.95 | F9: =0.5*0.5 -> 0.25
A10: =Zones!C12 -> Restrooms | B10: 0.65 | C10: =0.35*0.5 -> 0.175 | E10: 0.6
A11: =Zones!C13 -> Storage (General) | B11: 0.4 | E11: 0.6
A12: =Zones!C14 -> Storage, Commercial/Industrial (Refrigerated) | B12: 0.4 | E12: 0.7
A13: =Zones!C15 -> Theater Area (Performance) | B13: 0.8 | E13: 1.4
A14: =Zones!C16 -> Classroom, Lecture, Training, Vocational Areas | B14: 0.6 | E14: 1.2
A15: =Zones!C22 -> Office Area (<250 square feet) | B15: 0.65 | C15: =0.2*0.5 -> 0.1 | E15: 1
A16: =Zones!C27 -> Library (Reading Area) | B16: 0.8 | C16: =0.25*0.5 -> 0.125 | E16: 1.1 | F16: =0.5*0.5 -> 0.25
A18: Additional allowances are the full Table 140.6-C value for the footnoted lighting system (New Construction: T24 2025; Existing: T24 2016). The allowance only applies where that lighting system is installed. White board/chalk board allowances are per linear foot and are not included.

Sheet Ext Lighting
A1: ="Exterior Lighting - "&Prototype!A2 -> Exterior Lighting - SchoolK-8
A2: Motion Controlled Luminaires (W) | B2: Non-motion Controlled Luminaires (W) | C2: Total (W) | D2: Source
A3: =G15 -> 1375.1198 | B3: =G16 -> 4697.6744 | C3: =A3+B3 -> 6072.7942 | D3: T24, 2022 & 2025 2019 Outdoor Lighting CASE report PNNL 90.1-2010 TSD
A7: ="Exterior Lighting" -> Exterior Lighting
A8: Items (Assume LZ2) | B8: Assumptions [2019 Outdoor Lighting CASE Report & PNNL 90.1-2010 TS] | D8: Unit | E8: Lighting Power Allowance [T24, 2025, Table 140.7-A & 140.7-B] | F8: Unit | G8: Exterior Lighting Power (W)
A9: IWA (Initial Wattage Allowance) | E9: 200 | F9: (W) | G9: =$E9 -> 200
A10: Parking area | B10: 400 ft² for every parking space 1 parking space per 360 ft² of gross building area | C10: =B28/360*400 -> 55532.622 | D10: (ft²) | E10: 0.019 | F10: (W/ft²) | G10: =E10*C10 -> 1055.1198
A11: Building Entrance | B11: Two required exits per building (4 buildings). Exterior classroom access | C11: 8 | D11: (count) | E11: 15 | F11: (W/ea) | G11: =E11*C11 -> 120
A12: Hardscape Ornamental Light | B12: Hardscape ornamental: 0.1 ft² per 1 ft² GFA, then 25% of that area | C12: =B28*0.1*0.25 -> 1249.484 | D12: (ft²) | E12: 0.007 | F12: (W/ft²) | G12: =E12*C12 -> 8.746388
A13: Building façade | B13: 0.1 W per 1 ft² of facade area Façade Area = Perimeter × 0.25 × max(height, 30) (30 ft is the max height that is lit). The 0.25 factor assumes that only 0.25 of the perimeter walls are lit. Formula developed based on the 2019 Outdoor Lighting CASE report | C13: =0.25*4*(B21*B22+C21*C22+D21*D22+E21*E22) -> 44889.28 | D13: (ft²) | E13: 0.1 | F13: (W/ft²) | G13: =E13*C13 -> 4488.928
A14: Student pickup / drop-off (walkway) | B14: Allowance: walkway LPD on assumed 4,000 ft² loading loop (site program does not list a separate canopy). T24 2025 Table 140.7-B walkways. | G14: 200
A15: Motion Controlled Luminaires (W) | G15: =G10+G9+G11 -> 1375.1198
A16: Non-motion-controlled Luminaires | G16: =G12+G13+G14 -> 4697.6744
A17: Total | G17: =G15+G16 -> 6072.7942
B20: North Classroom | C20: West Classroom | D20: Kindergarten | E20: MPR/Admin
A21: Perimeter of each buildings (ft) | B21: =(235.1+33.5)*2 -> 537.2 | C21: =(129.08+34.2)*2 -> 326.56 | D21: =(192+45)*2 -> 474 | E21: =(195.8+85.56)*2 -> 562.72
A22: Max Height that is lit for each buildings (ft) | B22: 28 | C22: 28 | D22: 14 | E22: 25
A23: Each building footprint | B23: 7876 | C23: 4415 | D23: 8640 | E23: 16754
A24: Floors | B24: 2 | C24: 2 | D24: 1 | E24: 1
A25: Floor area of each building (ft²) | B25: =SUMIF(Zones!$A$3:$A$40,"SkoolK-8 North Classrooms",Zones!$H$3:$H$40) -> 15753.22 | C25: =SUMIF(Zones!$A$3:$A$40,"SkoolK-8 West Classrooms",Zones!$H$3:$H$40) -> 8829.95 | D25: =SUMIF(Zones!$A$3:$A$40,"SkoolK-8 Kindergarten",Zones!$H$3:$H$40) -> 8640.86 | E25: =SUMIF(Zones!$A$3:$A$40,"SkoolK-8 Admin/MPR",Zones!$H$3:$H$40) -> 16755.34
A26: Wall area of each building (ft²) | B26: =B21*B22 -> 15041.6 | C26: =C21*C22 -> 9143.68 | D26: =D21*D22 -> 6636 | E26: =E21*E22 -> 14068
A27: Total Perimeter (ft) | B27: =SUM(B21:E21) -> 1900.48
A28: Total floor area (ft²) | B28: =Prototype!B9 -> 49979.36
A29: Background Data [To be deleted prior to publication]

Sheet Equipment
A1: ="Equipment - "&Prototype!A2 -> Equipment - SchoolK-8
A2: Space Type | B2: Plug load Power Density (W/ft²) | C2: Gas Power Density (Btu/hr-ft²) | D2: Refrigeration Power Density (W/ft²) | E2: Source
A3: =Zones!C3 -> Lounge, Breakroom, or Waiting Area | B3: 1 | C3: 0 | D3: 0 | E3: T24 2022 - Appendix 5.4A
A4: =Zones!C4 -> Convention, Conference, Multipurpose and Meeting Area | B4: 1 | C4: 0 | D4: 0
A5: =Zones!C5 -> Corridor Area | B5: 0 | C5: 0 | D5: 0
A6: =Zones!C6 -> Electrical, Mechanical, Telephone Rooms | B6: 3 | C6: 0 | D6: 0
A7: =Zones!C8 -> Kitchen/Food Preparation Area | B7: 1.5 | C7: 17.53768 | D7: 1.12 | E7: Plug 1.5 W/ft²; gas 17.54 Btu/h-ft²; refrigeration 1.12 W/ft² — all T24 2022 Appendix 5.4A (ACM 2025 table unchanged). Not from the Plug Loads and Schedules project.
A8: =Zones!C9 -> Lobby, Main Entry | B8: 0.5 | C8: 0 | D8: 0 | E8: T24 2022 - Appendix 5.4A
A9: =Zones!C11 -> Office Area (<250 square feet) | B9: 0.7 | C9: 0 | D9: 0 | E9: Plug 0.7 W/ft² — Plug Loads and Schedules project with CEC, 2025 (Appendix 5.4A office ≤250 ft² is 1.5 W/ft²). Gas 0 and refrigeration 0 — Appendix 5.4A has no process gas or commercial refrigeration for this space.
A10: =Zones!C12 -> Restrooms | B10: 0 | C10: 0 | D10: 0 | E10: T24 2022 - Appendix 5.4A
A11: =Zones!C13 -> Storage (General) | B11: 0.2 | C11: 0 | D11: 0
A12: =Zones!C14 -> Storage, Commercial/Industrial (Refrigerated) | B12: 0.2 | C12: 0 | D12: 10
A13: =Zones!C15 -> Theater Area (Performance) | B13: 0.5 | C13: 0 | D13: 0
A14: =Zones!C16 -> Classroom, Lecture, Training, Vocational Areas | B14: 0.8 | C14: 0 | D14: 0 | E14: Plug 0.8 W/ft² — Plug Loads and Schedules project with CEC, 2025 (Appendix 5.4A classroom is 1.0 W/ft²). Gas 0 and refrigeration 0 — Appendix 5.4A has no process gas or commercial refrigeration for this space.
A15: =Zones!C27 -> Library (Reading Area) | B15: 1.5 | C15: 0 | D15: 0
A18: Elevator
A19: Vintage | B19: Class | C19: Number of elevators (ne) | D19: Cab Lighting Power Limit (W/ft2) | E19: Fan Power Limit (W/CFM) | F19: Cab Ventilation Fan & Lighting Shutoff | G19: Design Motor Load (W) | H19: Fan Load (W) | I19: Lighting Load (W) | J19: Total (W) | K19: Note
A20: Existing | B20: F/G | C20: 2 | D20: 1.14 | E20: 0.33 | F20: When stopped and unoccupied with doors closed for over 15 minutes, cab interior lighting and ventilation shall be de-energized until required for operation. | G20: =ROUND(INDEX($C:$C,MATCH("Annual energy consumption of the elevator - Existing",$B:$B,0))/INDEX($C:$C,MATCH("Equivalent full load hours",$B:$B,0))*1000,2) -> 6379.25 | H20: =ROUND(C20*INDEX($C:$C,MATCH("Cab fan airflow",$B:$B,0))*E20,2) -> 165 | I20: =ROUND(C20*INDEX($C:$C,MATCH("Cab floor area",$B:$B,0))*D20,2) -> 68.17 | J20: =ROUND(SUM(G20:I20),2) -> 6612.42 | K20: Design load is calculated according to ISO 25745-2 method using Class F/G. Cab lighting and fan requirements are based on ASHRAE 90.1 2013.
A21: New Construction | B21: E | C21: 2 | D21: 0.6 | E21: 0.33 | F21: When the elevator cab is stopped and unoccupied with doors closed for over 15 minutes, the cab interior lighting and ventilation fans shall be switched off until elevator cab operation resumes. | G21: =ROUND(INDEX($C:$C,MATCH("Annual energy consumption of the elevator - New Construction",$B:$B,0))/INDEX($C:$C,MATCH("Equivalent full load hours",$B:$B,0))*1000,2) -> 3329.02 | H21: =ROUND(C21*INDEX($C:$C,MATCH("Cab fan airflow",$B:$B,0))*E21,2) -> 165 | I21: =ROUND(C21*INDEX($C:$C,MATCH("Cab floor area",$B:$B,0))*D21,2) -> 35.88 | J21: =ROUND(SUM(G21:I21),2) -> 3529.9 | K21: Design load is calculated according to ISO 25745-2 method using Class E. Cab lighting and fan requirements are based on T24 2025 §120.6 (f).
A22: Elevator count (C20:C21 = 2) is one elevator per two-story classroom building from the CEC SchoolKto8 layout. It is not taken from an accessibility code or an external school-design publication. F19 is the cab lighting/ventilation shutoff requirement, not a count source.
A24: SchoolK8 Elevator Calculations
A25: Symbol | B25: Definition | C25: Value | D25: Units | E25: Source
A26: E | B26: Annual energy consumption of the elevator - Existing | C26: 31634.71 | D26: kWh/year | E26: Calculated
B27: Annual energy consumption of the elevator - New Construction | C27: 16508.63 | D27: kWh/year | E27: Calculated
A28: C1 | B28: Running-energy coefficient | C28: 3.65 for Class E; 5.47 for Class F | D28: Coefficient | E28: ISO 25745-2 Table 7
A29: C2 | B29: Idle/standby coefficient | C29: 800 for Class E; 1,600 for Class F | D29: Coefficient | E29: ISO 25745-2 Table 7
A30: Q | B30: Rated load of elevator | C30: 1361 | D30: kg | E30: Assumed for all prototypes
A31: Elevator Size | B31: Cab floor area | C31: 29.9 | D31: ft^2 | E31: W=6.781 ft, L=4.406 ft; assumed based on representative manufacturer
A32: CFM | B32: Cab fan airflow | C32: 250 | D32: cfm | E32: Assumed for multifamily and commercial prototypes
A33: cat | B33: Usage category | C33: 2 | D33: - | E33: ISO 25745-2 Table A.1
A34: d | B34: Operating days per year | C34: 260 | D34: days/year | E34: ISO 25745-2 Table A.1
A35: nf | B35: Number of floors | C35: 2 | D35: floors | E35: Prototype assumptions
A36: h | B36: Floor-to-floor height | C36: 4.27 | D36: m | E36: Prototype assumptions
A37: v | B37: Elevator lift speed | C37: 1 | D37: m/s | E37: ISO 25745-2 Table A.1
A38: nd | B38: Number of trips per day | C38: 125 | D38: trips/day | E38: ISO 25745-2 Table A.1
A39: S_pct | B39: Percent of average travel distance | C39: 1 | D39: % | E39: ISO 25745-2 Table 2
A40: a | B40: Acceleration | C40: 1 | D40: m/s^2 | E40: Annex B of ISO 25745-2
A41: j | B41: Jerk | C41: 1.25 | D41: m/s^3 | E41: Annex B of ISO 25745-2
... A47: Total light level | B47: Total light level | C47: 40 | D47: lm/ft2 | E47: PNNL Prototypes
A48: EFLH | B48: Equivalent full load hours | C48: =Schedules!AD150 -> 4959 | D48: hours | E48: Calculated using the elevator schedule

Sheet Schedules
A1: ="Schedules - "&Prototype!A2 -> Schedules - SchoolK-8
A2: Zone | B2: Schedule Category | C2: Schedule | D2: Source | E2: Type | F2: Hour
F3: 1 | G3: 2 | H3: 3 | I3: 4 | J3: 5 | K3: 6 | L3: 7 | M3: 8 | N3: 9 | O3: 10 | P3: 11 | Q3: 12 | R3: 13 | S3: 14 | T3: 15 | U3: 16 | V3: 17 | W3: 18 | X3: 19 | Y3: 20 | Z3: 21 | AA3: 22 | AB3: 23 | AC3: 24
A4: Classroom zones (Zones tab, Schedule Category = Classroom): classrooms, kindergarten, library, and their storage rooms and small offices | B4: Classroom | C4: Occupancy | D4: CEC 2028 school schedules | E4: Unoccupied | F4: 0 | G4: 0 | H4: 0 | I4: 0 | J4: 0 | K4: 0 | L4: 0 | M4: 0 | N4: 0 | O4: 0 | P4: 0 | Q4: 0 | R4: 0 | S4: 0 | T4: 0 | U4: 0 | V4: 0 | W4: 0 | X4: 0 | Y4: 0 | Z4: 0 | AA4: 0 | AB4: 0 | AC4: 0
E5: Mon-Thu | F5: 0 | G5: 0 | H5: 0 | I5: 0 | J5: 0 | K5: 0 | L5: 0 | M5: 0.05 | N5: 0.95 | O5: 0.95 | P5: 0.5 | Q5: 0.95 | R5: 0.1 | S5: 0.95 | T5: 0.95 | U5: 0.05 | V5: 0 | W5: 0 | X5: 0 | Y5: 0 | Z5: 0 | AA5: 0 | AB5: 0 | AC5: 0
E6: Early Out Fri | F6: 0 | G6: 0 | H6: 0 | I6: 0 | J6: 0 | K6: 0 | L6: 0 | M6: 0.05 | N6: 0.95 | O6: 0.95 | P6: 0.5 | Q6: 0.95 | R6: 0.1 | S6: 0.95 | T6: 0.05 | U6: 0 | V6: 0 | W6: 0 | X6: 0 | Y6: 0 | Z6: 0 | AA6: 0 | AB6: 0 | AC6: 0
E7: Mon-Fri Teacher Conference | F7: 0 | G7: 0 | H7: 0 | I7: 0 | J7: 0 | K7: 0 | L7: 0 | M7: 0.05 | N7: 0.95 | O7: 0.95 | P7: 0.5 | Q7: 0.95 | R7: 0.05 | S7: 0 | T7: 0 | U7: 0 | V7: 0 | W7: 0.15 | X7: 0.15 | Y7: 0.15 | Z7: 0 | AA7: 0 | AB7: 0 | AC7: 0
E8: Summer School | F8: 0 | G8: 0 | H8: 0 | I8: 0 | J8: 0 | K8: 0 | L8: 0 | M8: 0.025 | N8: 0.5 | O8: 0.5 | P8: 0.5 | Q8: 0.5 | R8: 0.025 | S8: 0 | T8: 0 | U8: 0 | V8: 0 | W8: 0 | X8: 0 | Y8: 0 | Z8: 0 | AA8: 0 | AB8: 0 | AC8: 0
A9: Classroom zones (Zones tab, Schedule Category = Classroom): classrooms, kindergarten, library, and their storage rooms and small offices | B9: Classroom | C9: Lights | D9: CEC 2028 school schedules | E9: Unoccupied | F9: 0 | G9: 0 | H9: 0 | I9: 0 | J9: 0 | K9: 0 | L9: 0 | M9: 0 | N9: 0 | O9: 0 | P9: 0 | Q9: 0 | R9: 0 | S9: 0 | T9: 0 | U9: 0 | V9: 0 | W9: 0 | X9: 0 | Y9: 0 | Z9: 0 | AA9: 0 | AB9: 0 | AC9: 0
E10: Mon-Thu | F10: 0 | G10: 0 | H10: 0 | I10: 0 | J10: 0 | K10: 0 | L10: 0 | M10: 1 | N10: 1 | O10: 1 | P10: 1 | Q10: 1 | R10: 1 | S10: 1 | T10: 1 | U10: 1 | V10: 0 | W10: 0 | X10: 0 | Y10: 0 | Z10: 0 | AA10: 0 | AB10: 0 | AC10: 0
E11: Early Out Fri | F11: 0 | G11: 0 | H11: 0 | I11: 0 | J11: 0 | K11: 0 | L11: 0 | M11: 1 | N11: 1 | O11: 1 | P11: 1 | Q11: 1 | R11: 1 | S11: 1 | T11: 1 | U11: 0 | V11: 0 | W11: 0 | X11: 0 | Y11: 0 | Z11: 0 | AA11: 0 | AB11: 0 | AC11: 0
E12: Mon-Fri Teacher Conference | F12: 0 | G12: 0 | H12: 0 | I12: 0 | J12: 0 | K12: 0 | L12: 0 | M12: 1 | N12: 1 | O12: 1 | P12: 1 | Q12: 1 | R12: 1 | S12: 0 | T12: 0 | U12: 0 | V12: 0 | W12: 1 | X12: 1 | Y12: 1 | Z12: 0 | AA12: 0 | AB12: 0 | AC12: 0
E13: Summer School | F13: 0 | G13: 0 | H13: 0 | I13: 0 | J13: 0 | K13: 0 | L13: 0 | M13: 1 | N13: 1 | O13: 1 | P13: 1 | Q13: 1 | R13: 1 | S13: 0 | T13: 0 | U13: 0 | V13: 0 | W13: 0 | X13: 0 | Y13: 0 | Z13: 0 | AA13: 0 | AB13: 0 | AC13: 0
A14: Classroom zones (Zones tab, Schedule Category = Classroom): classrooms, kindergarten, library, and their storage rooms and small offices | B14: Classroom | C14: ElecEquipment | D14: CEC 2028 school schedules | E14: Unoccupied | F14: 0 | G14: 0 | H14: 0 | I14: 0 | J14: 0 | K14: 0 | L14: 0 | M14: 0 | N14: 0 | O14: 0 | P14: 0 | Q14: 0 | R14: 0 | S14: 0 | T14: 0 | U14: 0 | V14: 0 | W14: 0 | X14: 0 | Y14: 0 | Z14: 0 | AA14: 0 | AB14: 0 | AC14: 0
E15: Mon-Thu | F15: 0.06 | G15: 0.06 | H15: 0.06 | I15: 0.06 | J15: 0.06 | K15: 0.06 | L15: 0.06 | M15: 0.25 | N15: 0.5 | O15: 0.5 | P15: 0.25 | Q15: 0.5 | R15: 0.25 | S15: 0.5 | T15: 0.5 | U15: 0.5 | V15: 0.5 | W15: 0.5 | X15: 0.5 | Y15: 0.2 | Z15: 0.06 | AA15: 0.06 | AB15: 0.06 | AC15: 0.06
E16: Early Out Fri | F16: 0.06 | G16: 0.06 | H16: 0.06 | I16: 0.06 | J16: 0.06 | K16: 0.06 | L16: 0.06 | M16: 0.25 | N16: 0.5 | O16: 0.5 | P16: 0.25 | Q16: 0.5 | R16: 0.25 | S16: 0.5 | T16: 0.5 | U16: 0.5 | V16: 0.5 | W16: 0.5 | X16: 0.5 | Y16: 0.2 | Z16: 0.06 | AA16: 0.06 | AB16: 0.06 | AC16: 0.06
E17: Mon-Fri Teacher Conference | F17: 0.06 | G17: 0.06 | H17: 0.06 | I17: 0.06 | J17: 0.06 | K17: 0.06 | L17: 0.06 | M17: 0.25 | N17: 0.5 | O17: 0.5 | P17: 0.25 | Q17: 0.5 | R17: 0.25 | S17: 0.5 | T17: 0.5 | U17: 0.5 | V17: 0.5 | W17: 0.5 | X17: 0.5 | Y17: 0.2 | Z17: 0.06 | AA17: 0.06 | AB17: 0.06 | AC17: 0.06
E18: Summer School | F18: 0.06 | G18: 0.06 | H18: 0.06 | I18: 0.06 | J18: 0.06 | K18: 0.06 | L18: 0.06 | M18: 0.25 | N18: 0.5 | O18: 0.5 | P18: 0.5 | Q18: 0.5 | R18: 0.5 | S18: 0.5 | T18: 0.5 | U18: 0.5 | V18: 0.2 | W18: 0.06 | X18: 0.06 | Y18: 0.06 | Z18: 0.06 | AA18: 0.06 | AB18: 0.06 | AC18: 0.06
A19: Classroom zones (Zones tab, Schedule Category = Classroom): classrooms, kindergarten, library, and their storage rooms and small offices | B19: Classroom | C19: ServiceHotWater | D19: T24 2022 - Appendix 5.4B [School], aligned to the CEC 2028 day types. School days use the weekday profile; unoccupied days use the Sunday profile. | E19: Unoccupied | F19: 0.03 | G19: 0.03 | H19: 0.03 | I19: 0.03 | J19: 0.03 | K19: 0.03 | L19: 0.03 | M19: 0.03 | N19: 0.05 | O19: 0.05 | P19: 0.05 | Q19: 0.05 | R19: 0.05 | S19: 0.05 | T19: 0.03 | U19: 0.03 | V19: 0.03 | W19: 0.03 | X19: 0.03 | Y19: 0.03 | Z19: 0.03 | AA19: 0.03 | AB19: 0.03 | AC19: 0.03
E20: Mon-Thu | F20: 0.05 | G20: 0.05 | H20: 0.05 | I20: 0.05 | J20: 0.05 | K20: 0.05 | L20: 0.05 | M20: 0.1 | N20: 0.34 | O20: 0.6 | P20: 0.63 | Q20: 0.72 | R20: 0.79 | S20: 0.83 | T20: 0.61 | U20: 0.65 | V20: 0.1 | W20: 0.1 | X20: 0.19 | Y20: 0.25 | Z20: 0.22 | AA20: 0.22 | AB20: 0.12 | AC20: 0.09
E21: Early Out Fri | F21: 0.05 | G21: 0.05 | H21: 0.05 | I21: 0.05 | J21: 0.05 | K21: 0.05 | L21: 0.05 | M21: 0.1 | N21: 0.34 | O21: 0.6 | P21: 0.63 | Q21: 0.72 | R21: 0.79 | S21: 0.83 | T21: 0.61 | U21: 0.65 | V21: 0.1 | W21: 0.1 | X21: 0.19 | Y21: 0.25 | Z21: 0.22 | AA21: 0.22 | AB21: 0.12 | AC21: 0.09
E22: Mon-Fri Teacher Conference | F22: 0.05 | G22: 0.05 | H22: 0.05 | I22: 0.05 | J22: 0.05 | K22: 0.05 | L22: 0.05 | M22: 0.1 | N22: 0.34 | O22: 0.6 | P22: 0.63 | Q22: 0.72 | R22: 0.79 | S22: 0.83 | T22: 0.61 | U22: 0.65 | V22: 0.1 | W22: 0.1 | X22: 0.19 | Y22: 0.25 | Z22: 0.22 | AA22: 0.22 | AB22: 0.12 | AC22: 0.09
E23: Summer School | F23: 0.05 | G23: 0.05 | H23: 0.05 | I23: 0.05 | J23: 0.05 | K23: 0.05 | L23: 0.05 | M23: 0.1 | N23: 0.34 | O23: 0.6 | P23: 0.63 | Q23: 0.72 | R23: 0.79 | S23: 0.83 | T23: 0.61 | U23: 0.65 | V23: 0.1 | W23: 0.1 | X23: 0.19 | Y23: 0.25 | Z23: 0.22 | AA23: 0.22 | AB23: 0.12 | AC23: 0.09
A24: Classroom zones (Zones tab, Schedule Category = Classroom): classrooms, kindergarten, library, and their storage rooms and small offices | B24: Classroom | C24: GasEquipment | D24: T24 2022 - Appendix 5.4B [School], aligned to the CEC 2028 day types. School days use the weekday profile; unoccupied days use the Sunday profile. | E24: Unoccupied | F24: 0 | G24: 0 | H24: 0 | I24: 0 | J24: 0 | K24: 0 | L24: 0 | M24: 0 | N24: 0 | O24: 0 | P24: 0 | Q24: 0 | R24: 0 | S24: 0 | T24: 0 | U24: 0 | V24: 0 | W24: 0 | X24: 0 | Y24: 0 | Z24: 0 | AA24: 0 | AB24: 0 | AC24: 0
E25: Mon-Thu | F25: 0 | G25: 0 | H25: 0 | I25: 0 | J25: 0 | K25: 0 | L25: 0 | M25: 0.5 | N25: 0.5 | O25: 0.75 | P25: 0.9 | Q25: 0.9 | R25: 0.9 | S25: 0 | T25: 0 | U25: 0 | V25: 0 | W25: 0 | X25: 0 | Y25: 0 | Z25: 0 | AA25: 0 | AB25: 0 | AC25: 0
E26: Early Out Fri | F26: 0 | G26: 0 | H26: 0 | I26: 0 | J26: 0 | K26: 0 | L26: 0 | M26: 0.5 | N26: 0.5 | O26: 0.75 | P26: 0.9 | Q26: 0.9 | R26: 0.9 | S26: 0 | T26: 0 | U26: 0 | V26: 0 | W26: 0 | X26: 0 | Y26: 0 | Z26: 0 | AA26: 0 | AB26: 0 | AC26: 0
E27: Mon-Fri Teacher Conference | F27: 0 | G27: 0 | H27: 0 | I27: 0 | J27: 0 | K27: 0 | L27: 0 | M27: 0.5 | N27: 0.5 | O27: 0.75 | P27: 0.9 | Q27: 0.9 | R27: 0.9 | S27: 0 | T27: 0 | U27: 0 | V27: 0 | W27: 0 | X27: 0 | Y27: 0 | Z27: 0 | AA27: 0 | AB27: 0 | AC27: 0
E28: Summer School | F28: 0 | G28: 0 | H28: 0 | I28: 0 | J28: 0 | K28: 0 | L28: 0 | M28: 0.5 | N28: 0.5 | O28: 0.75 | P28: 0.9 | Q28: 0.9 | R28: 0.9 | S28: 0 | T28: 0 | U28: 0 | V28: 0 | W28: 0 | X28: 0 | Y28: 0 | Z28: 0 | AA28: 0 | AB28: 0 | AC28: 0
A29: Classroom zones (Zones tab, Schedule Category = Classroom): classrooms, kindergarten, library, and their storage rooms and small offices | B29: Classroom | C29: Refrigeration | D29: T24 2022 - Appendix 5.4B [School], aligned to the CEC 2028 day types. School days use the weekday profile; unoccupied days use the Sunday profile. | E29: Unoccupied | F29: 0.9 | G29: 0.9 | H29: 0.9 | I29: 0.9 | J29: 0.9 | K29: 0.9 | L29: 0.9 | M29: 0.9 | N29: 0.9 | O29: 0.9 | P29: 0.9 | Q29: 0.9 | R29: 0.9 | S29: 0.9 | T29: 0.9 | U29: 0.9 | V29: 0.9 | W29: 0.9 | X29: 0.9 | Y29: 0.9 | Z29: 0.9 | AA29: 0.9 | AB29: 0.9 | AC29: 0.9
E30: Mon-Thu | F30: 0.9 | G30: 0.9 | H30: 0.9 | I30: 0.9 | J30: 0.9 | K30: 0.9 | L30: 0.9 | M30: 0.9 | N30: 0.9 | O30: 0.9 | P30: 0.9 | Q30: 0.9 | R30: 0.9 | S30: 0.9 | T30: 0.9 | U30: 0.9 | V30: 0.9 | W30: 0.9 | X30: 0.9 | Y30: 0.9 | Z30: 0.9 | AA30: 0.9 | AB30: 0.9 | AC30: 0.9
E31: Early Out Fri | F31: 0.9 | G31: 0.9 | H31: 0.9 | I31: 0.9 | J31: 0.9 | K31: 0.9 | L31: 0.9 | M31: 0.9 | N31: 0.9 | O31: 0.9 | P31: 0.9 | Q31: 0.9 | R31: 0.9 | S31: 0.9 | T31: 0.9 | U31: 0.9 | V31: 0.9 | W31: 0.9 | X31: 0.9 | Y31: 0.9 | Z31: 0.9 | AA31: 0.9 | AB31: 0.9 | AC31: 0.9
E32: Mon-Fri Teacher Conference | F32: 0.9 | G32: 0.9 | H32: 0.9 | I32: 0.9 | J32: 0.9 | K32: 0.9 | L32: 0.9 | M32: 0.9 | N32: 0.9 | O32: 0.9 | P32: 0.9 | Q32: 0.9 | R32: 0.9 | S32: 0.9 | T32: 0.9 | U32: 0.9 | V32: 0.9 | W32: 0.9 | X32: 0.9 | Y32: 0.9 | Z32: 0.9 | AA32: 0.9 | AB32: 0.9 | AC32: 0.9
E33: Summer School | F33: 0.9 | G33: 0.9 | H33: 0.9 | I33: 0.9 | J33: 0.9 | K33: 0.9 | L33: 0.9 | M33: 0.9 | N33: 0.9 | O33: 0.9 | P33: 0.9 | Q33: 0.9 | R33: 0.9 | S33: 0.9 | T33: 0.9 | U33: 0.9 | V33: 0.9 | W33: 0.9 | X33: 0.9 | Y33: 0.9 | Z33: 0.9 | AA33: 0.9 | AB33: 0.9 | AC33: 0.9
A34: Classroom zones (Zones tab, Schedule Category = Classroom): classrooms, kindergarten, library, and their storage rooms and small offices | B34: Classroom | C34: HVACAvail | D34: CEC 2028 school schedules | E34: Unoccupied | F34: 0 | G34: 0 | H34: 0 | I34: 0 | J34: 0 | K34: 0 | L34: 0 | M34: 0 | N34: 0 | O34: 0 | P34: 0 | Q34: 0 | R34: 0 | S34: 0 | T34: 0 | U34: 0 | V34: 0 | W34: 0 | X34: 0 | Y34: 0 | Z34: 0 | AA34: 0 | AB34: 0 | AC34: 0
E35: Mon-Thu | F35: 0 | G35: 0 | H35: 0 | I35: 0 | J35: 0 | K35: 0 | L35: 0 | M35: 1 | N35: 1 | O35: 1 | P35: 1 | Q35: 1 | R35: 1 | S35: 1 | T35: 1 | U35: 1 | V35: 0 | W35: 0 | X35: 0 | Y35: 0 | Z35: 0 | AA35: 0 | AB35: 0 | AC35: 0
E36: Early Out Fri | F36: 0 | G36: 0 | H36: 0 | I36: 0 | J36: 0 | K36: 0 | L36: 0 | M36: 1 | N36: 1 | O36: 1 | P36: 1 | Q36: 1 | R36: 1 | S36: 1 | T36: 1 | U36: 0 | V36: 0 | W36: 0 | X36: 0 | Y36: 0 | Z36: 0 | AA36: 0 | AB36: 0 | AC36: 0
E37: Mon-Fri Teacher Conference | F37: 0 | G37: 0 | H37: 0 | I37: 0 | J37: 0 | K37: 0 | L37: 0 | M37: 1 | N37: 1 | O37: 1 | P37: 1 | Q37: 1 | R37: 1 | S37: 0 | T37: 0 | U37: 0 | V37: 0 | W37: 1 | X37: 1 | Y37: 1 | Z37: 0 | AA37: 0 | AB37: 0 | AC37: 0
E38: Summer School | F38: 0 | G38: 0 | H38: 0 | I38: 0 | J38: 0 | K38: 0 | L38: 0 | M38: 1 | N38: 1 | O38: 1 | P38: 1 | Q38: 1 | R38: 1 | S38: 0 | T38: 0 | U38: 0 | V38: 0 | W38: 0 | X38: 0 | Y38: 0 | Z38: 0 | AA38: 0 | AB38: 0 | AC38: 0
A39: Classroom zones (Zones tab, Schedule Category = Classroom): classrooms, kindergarten, library, and their storage rooms and small offices | B39: Classroom | C39: HtgSetpt | D39: CEC 2028 school schedules | E39: Unoccupied | F39: 60 | G39: 60 | H39: 60 | I39: 60 | J39: 60 | K39: 60 | L39: 60 | M39: 60 | N39: 60 | O39: 60 | P39: 60 | Q39: 60 | R39: 60 | S39: 60 | T39: 60 | U39: 60 | V39: 60 | W39: 60 | X39: 60 | Y39: 60 | Z39: 60 | AA39: 60 | AB39: 60 | AC39: 60
E40: Mon-Thu | F40: 60 | G40: 60 | H40: 60 | I40: 60 | J40: 60 | K40: 60 | L40: 60 | M40: 70 | N40: 70 | O40: 70 | P40: 70 | Q40: 70 | R40: 70 | S40: 70 | T40: 70 | U40: 70 | V40: 60 | W40: 60 | X40: 60 | Y40: 60 | Z40: 60 | AA40: 60 | AB40: 60 | AC40: 60
E41: Early Out Fri | F41: 60 | G41: 60 | H41: 60 | I41: 60 | J41: 60 | K41: 60 | L41: 60 | M41: 70 | N41: 70 | O41: 70 | P41: 70 | Q41: 70 | R41: 70 | S41: 70 | T41: 70 | U41: 60 | V41: 60 | W41: 60 | X41: 60 | Y41: 60 | Z41: 60 | AA41: 60 | AB41: 60 | AC41: 60
E42: Mon-Fri Teacher Conference | F42: 60 | G42: 60 | H42: 60 | I42: 60 | J42: 60 | K42: 60 | L42: 60 | M42: 70 | N42: 70 | O42: 70 | P42: 70 | Q42: 70 | R42: 70 | S42: 60 | T42: 60 | U42: 60 | V42: 60 | W42: 70 | X42: 70 | Y42: 70 | Z42: 60 | AA42: 60 | AB42: 60 | AC42: 60
E43: Summer School | F43: 60 | G43: 60 | H43: 60 | I43: 60 | J43: 60 | K43: 60 | L43: 60 | M43: 70 | N43: 70 | O43: 70 | P43: 70 | Q43: 70 | R43: 70 | S43: 60 | T43: 60 | U43: 60 | V43: 60 | W43: 60 | X43: 60 | Y43: 60 | Z43: 60 | AA43: 60 | AB43: 60 | AC43: 60
A44: Classroom zones (Zones tab, Schedule Category = Classroom): classrooms, kindergarten, library, and their storage rooms and small offices | B44: Classroom | C44: ClgSetpt | D44: CEC 2028 school schedules | E44: Unoccupied | F44: 85 | G44: 85 | H44: 85 | I44: 85 | J44: 85 | K44: 85 | L44: 85 | M44: 85 | N44: 85 | O44: 85 | P44: 85 | Q44: 85 | R44: 85 | S44: 85 | T44: 85 | U44: 85 | V44: 85 | W44: 85 | X44: 85 | Y44: 85 | Z44: 85 | AA44: 85 | AB44: 85 | AC44: 85
E45: Mon-Thu | F45: 85 | G45: 85 | H45: 85 | I45: 85 | J45: 85 | K45: 85 | L45: 85 | M45: 75 | N45: 75 | O45: 75 | P45: 75 | Q45: 75 | R45: 75 | S45: 75 | T45: 75 | U45: 75 | V45: 85 | W45: 85 | X45: 85 | Y45: 85 | Z45: 85 | AA45: 85 | AB45: 85 | AC45: 85
E46: Early Out Fri | F46: 85 | G46: 85 | H46: 85 | I46: 85 | J46: 85 | K46: 85 | L46: 85 | M46: 75 | N46: 75 | O46: 75 | P46: 75 | Q46: 75 | R46: 75 | S46: 75 | T46: 75 | U46: 85 | V46: 85 | W46: 85 | X46: 85 | Y46: 85 | Z46: 85 | AA46: 85 | AB46: 85 | AC46: 85
E47: Mon-Fri Teacher Conference | F47: 85 | G47: 85 | H47: 85 | I47: 85 | J47: 85 | K47: 85 | L47: 85 | M47: 75 | N47: 75 | O47: 75 | P47: 75 | Q47: 75 | R47: 75 | S47: 85 | T47: 85 | U47: 85 | V47: 85 | W47: 75 | X47: 75 | Y47: 75 | Z47: 85 | AA47: 85 | AB47: 85 | AC47: 85
E48: Summer School | F48: 85 | G48: 85 | H48: 85 | I48: 85 | J48: 85 | K48: 85 | L48: 85 | M48: 75 | N48: 75 | O48: 75 | P48: 75 | Q48: 75 | R48: 75 | S48: 85 | T48: 85 | U48: 85 | V48: 85 | W48: 85 | X48: 85 | Y48: 85 | Z48: 85 | AA48: 85 | AB48: 85 | AC48: 85
A49: Classroom zones (Zones tab, Schedule Category = Classroom): classrooms, kindergarten, library, and their storage rooms and small offices | B49: Classroom | C49: Infiltration | D49: CEC 2028 school schedules | E49: Unoccupied | F49: 1 | G49: 1 | H49: 1 | I49: 1 | J49: 1 | K49: 1 | L49: 1 | M49: 1 | N49: 1 | O49: 1 | P49: 1 | Q49: 1 | R49: 1 | S49: 1 | T49: 1 | U49: 1 | V49: 1 | W49: 1 | X49: 1 | Y49: 1 | Z49: 1 | AA49: 1 | AB49: 1 | AC49: 1
E50: Mon-Thu | F50: 1 | G50: 1 | H50: 1 | I50: 1 | J50: 1 | K50: 1 | L50: 1 | M50: 0.25 | N50: 0.25 | O50: 0.25 | P50: 0.25 | Q50: 0.25 | R50: 0.25 | S50: 0.25 | T50: 0.25 | U50: 0.25 | V50: 1 | W50: 1 | X50: 1 | Y50: 1 | Z50: 1 | AA50: 1 | AB50: 1 | AC50: 1
E51: Early Out Fri | F51: 1 | G51: 1 | H51: 1 | I51: 1 | J51: 1 | K51: 1 | L51: 1 | M51: 0.25 | N51: 0.25 | O51: 0.25 | P51: 0.25 | Q51: 0.25 | R51: 0.25 | S51: 0.25 | T51: 0.25 | U51: 1 | V51: 1 | W51: 1 | X51: 1 | Y51: 1 | Z51: 1 | AA51: 1 | AB51: 1 | AC51: 1
E52: Mon-Fri Teacher Conference | F52: 1 | G52: 1 | H52: 1 | I52: 1 | J52: 1 | K52: 1 | L52: 1 | M52: 0.25 | N52: 0.25 | O52: 0.25 | P52: 0.25 | Q52: 0.25 | R52: 0.25 | S52: 1 | T52: 1 | U52: 1 | V52: 1 | W52: 0.25 | X52: 0.25 | Y52: 0.25 | Z52: 1 | AA52: 1 | AB52: 1 | AC52: 1
E53: Summer School | F53: 1 | G53: 1 | H53: 1 | I53: 1 | J53: 1 | K53: 1 | L53: 1 | M53: 0.25 | N53: 0.25 | O53: 0.25 | P53: 0.25 | Q53: 0.25 | R53: 0.25 | S53: 1 | T53: 1 | U53: 1 | V53: 1 | W53: 1 | X53: 1 | Y53: 1 | Z53: 1 | AA53: 1 | AB53: 1 | AC53: 1
A54: Kitchen | C54: Other
A55: Kitchen Zone | B55: Kitchen | C55: Occupancy | D55: CEC 2028 school schedules. Saturday and Sunday use the unoccupied profile. | E55: Mon-Fri | F55: 0 | G55: 0 | H55: 0 | I55: 0 | J55: 0 | K55: 0.1 | L55: 0.5 | M55: 0.95 | N55: 0.95 | O55: 0.95 | P55: 0.95 | Q55: 0.95 | R55: 0.95 | S55: 0.95 | T55: 0.5 | U55: 0 | V55: 0 | W55: 0 | X55: 0 | Y55: 0 | Z55: 0 | AA55: 0 | AB55: 0 | AC55: 0
E56: Saturday | F56: 0 | G56: 0 | H56: 0 | I56: 0 | J56: 0 | K56: 0 | L56: 0 | M56: 0 | N56: 0 | O56: 0 | P56: 0 | Q56: 0 | R56: 0 | S56: 0 | T56: 0 | U56: 0 | V56: 0 | W56: 0 | X56: 0 | Y56: 0 | Z56: 0 | AA56: 0 | AB56: 0 | AC56: 0
E57: Sunday | F57: 0 | G57: 0 | H57: 0 | I57: 0 | J57: 0 | K57: 0 | L57: 0 | M57: 0 | N57: 0 | O57: 0 | P57: 0 | Q57: 0 | R57: 0 | S57: 0 | T57: 0 | U57: 0 | V57: 0 | W57: 0 | X57: 0 | Y57: 0 | Z57: 0 | AA57: 0 | AB57: 0 | AC57: 0
A58: Kitchen Zone | B58: Kitchen | C58: HVACAvail | D58: CEC 2028 school schedules. Saturday and Sunday use the unoccupied profile. | E58: Mon-Fri | F58: 0 | G58: 0 | H58: 0 | I58: 0 | J58: 0 | K58: 1 | L58: 1 | M58: 1 | N58: 1 | O58: 1 | P58: 1 | Q58: 1 | R58: 1 | S58: 1 | T58: 1 | U58: 0 | V58: 0 | W58: 0 | X58: 0 | Y58: 0 | Z58: 0 | AA58: 0 | AB58: 0 | AC58: 0
E59: Saturday | F59: 0 | G59: 0 | H59: 0 | I59: 0 | J59: 0 | K59: 0 | L59: 0 | M59: 0 | N59: 0 | O59: 0 | P59: 0 | Q59: 0 | R59: 0 | S59: 0 | T59: 0 | U59: 0 | V59: 0 | W59: 0 | X59: 0 | Y59: 0 | Z59: 0 | AA59: 0 | AB59: 0 | AC59: 0
E60: Sunday | F60: 0 | G60: 0 | H60: 0 | I60: 0 | J60: 0 | K60: 0 | L60: 0 | M60: 0 | N60: 0 | O60: 0 | P60: 0 | Q60: 0 | R60: 0 | S60: 0 | T60: 0 | U60: 0 | V60: 0 | W60: 0 | X60: 0 | Y60: 0 | Z60: 0 | AA60: 0 | AB60: 0 | AC60: 0
A61: Kitchen Zone | B61: Kitchen | C61: Lights | D61: CEC 2028 school schedules. Saturday and Sunday use the unoccupied profile. | E61: Mon-Fri | F61: 0 | G61: 0 | H61: 0 | I61: 0 | J61: 0 | K61: 1 | L61: 1 | M61: 1 | N61: 1 | O61: 1 | P61: 1 | Q61: 1 | R61: 1 | S61: 1 | T61: 1 | U61: 0 | V61: 0 | W61: 0 | X61: 0 | Y61: 0 | Z61: 0 | AA61: 0 | AB61: 0 | AC61: 0
E62: Saturday | F62: 0 | G62: 0 | H62: 0 | I62: 0 | J62: 0 | K62: 0 | L62: 0 | M62: 0 | N62: 0 | O62: 0 | P62: 0 | Q62: 0 | R62: 0 | S62: 0 | T62: 0 | U62: 0 | V62: 0 | W62: 0 | X62: 0 | Y62: 0 | Z62: 0 | AA62: 0 | AB62: 0 | AC62: 0
E63: Sunday | F63: 0 | G63: 0 | H63: 0 | I63: 0 | J63: 0 | K63: 0 | L63: 0 | M63: 0 | N63: 0 | O63: 0 | P63: 0 | Q63: 0 | R63: 0 | S63: 0 | T63: 0 | U63: 0 | V63: 0 | W63: 0 | X63: 0 | Y63: 0 | Z63: 0 | AA63: 0 | AB63: 0 | AC63: 0
A64: Kitchen Zone | B64: Kitchen | C64: ElecEquipment | D64: CEC 2028 school schedules. Saturday and Sunday use the unoccupied profile. | E64: Mon-Fri | F64: 0.15 | G64: 0.15 | H64: 0.15 | I64: 0.15 | J64: 0.15 | K64: 0.2 | L64: 0.3 | M64: 0.9 | N64: 0.9 | O64: 0.8 | P64: 0.8 | Q64: 0.8 | R64: 0.9 | S64: 0.9 | T64: 0.9 | U64: 0.7 | V64: 0.2 | W64: 0.15 | X64: 0.15 | Y64: 0.15 | Z64: 0.15 | AA64: 0.15 | AB64: 0.15 | AC64: 0.15
E65: Saturday | F65: 0 | G65: 0 | H65: 0 | I65: 0 | J65: 0 | K65: 0 | L65: 0 | M65: 0 | N65: 0 | O65: 0 | P65: 0 | Q65: 0 | R65: 0 | S65: 0 | T65: 0 | U65: 0 | V65: 0 | W65: 0 | X65: 0 | Y65: 0 | Z65: 0 | AA65: 0 | AB65: 0 | AC65: 0
E66: Sunday | F66: 0 | G66: 0 | H66: 0 | I66: 0 | J66: 0 | K66: 0 | L66: 0 | M66: 0 | N66: 0 | O66: 0 | P66: 0 | Q66: 0 | R66: 0 | S66: 0 | T66: 0 | U66: 0 | V66: 0 | W66: 0 | X66: 0 | Y66: 0 | Z66: 0 | AA66: 0 | AB66: 0 | AC66: 0
A67: Kitchen Zone | B67: Kitchen | C67: HtgSetpt | D67: CEC 2028 school schedules. Saturday and Sunday use the unoccupied profile. | E67: Mon-Fri | F67: =IF(F58=0,Thermostat!$B$8,Thermostat!$B$7) -> 60 | G67: =IF(G58=0,Thermostat!$B$8,Thermostat!$B$7) -> 60 | H67: =IF(H58=0,Thermostat!$B$8,Thermostat!$B$7) -> 60 | I67: =IF(I58=0,Thermostat!$B$8,Thermostat!$B$7) -> 60 | J67: =IF(J58=0,Thermostat!$B$8,Thermostat!$B$7) -> 60 | K67: =IF(K58=0,Thermostat!$B$8,Thermostat!$B$7) -> 70 | L67: =IF(L58=0,Thermostat!$B$8,Thermostat!$B$7) -> 70 | M67: =IF(M58=0,Thermostat!$B$8,Thermostat!$B$7) -> 70 | ... AC67: =IF(AC58=0,Thermostat!$B$8,Thermostat!$B$7) -> 60
E68: Saturday | F68: =IF(F59=0,Thermostat!$B$8,Thermostat!$B$7) -> 60 | G68: =IF(G59=0,Thermostat!$B$8,Thermostat!$B$7) -> 60 | H68: =IF(H59=0,Thermostat!$B$8,Thermostat!$B$7) -> 60 | I68: =IF(I59=0,Thermostat!$B$8,Thermostat!$B$7) -> 60 | J68: =IF(J59=0,Thermostat!$B$8,Thermostat!$B$7) -> 60 | K68: =IF(K59=0,Thermostat!$B$8,Thermostat!$B$7) -> 60 | L68: =IF(L59=0,Thermostat!$B$8,Thermostat!$B$7) -> 60 | M68: =IF(M59=0,Thermostat!$B$8,Thermostat!$B$7) -> 60 | ... AC68: =IF(AC59=0,Thermostat!$B$8,Thermostat!$B$7) -> 60
E69: Sunday | F69: =IF(F60=0,Thermostat!$B$8,Thermostat!$B$7) -> 60 | G69: =IF(G60=0,Thermostat!$B$8,Thermostat!$B$7) -> 60 | H69: =IF(H60=0,Thermostat!$B$8,Thermostat!$B$7) -> 60 | I69: =IF(I60=0,Thermostat!$B$8,Thermostat!$B$7) -> 60 | J69: =IF(J60=0,Thermostat!$B$8,Thermostat!$B$7) -> 60 | K69: =IF(K60=0,Thermostat!$B$8,Thermostat!$B$7) -> 60 | L69: =IF(L60=0,Thermostat!$B$8,Thermostat!$B$7) -> 60 | M69: =IF(M60=0,Thermostat!$B$8,Thermostat!$B$7) -> 60 | ... AC69: =IF(AC60=0,Thermostat!$B$8,Thermostat!$B$7) -> 60
A70: Kitchen Zone | B70: Kitchen | C70: ClgSetpt | D70: CEC 2028 school schedules. Saturday and Sunday use the unoccupied profile. | E70: Mon-Fri | F70: =IF(F58=0,Thermostat!$B$10,Thermostat!$B$9) -> 85 | G70: =IF(G58=0,Thermostat!$B$10,Thermostat!$B$9) -> 85 | H70: =IF(H58=0,Thermostat!$B$10,Thermostat!$B$9) -> 85 | I70: =IF(I58=0,Thermostat!$B$10,Thermostat!$B$9) -> 85 | J70: =IF(J58=0,Thermostat!$B$10,Thermostat!$B$9) -> 85 | K70: =IF(K58=0,Thermostat!$B$10,Thermostat!$B$9) -> 75 | L70: =IF(L58=0,Thermostat!$B$10,Thermostat!$B$9) -> 75 | M70: =IF(M58=0,Thermostat!$B$10,Thermostat!$B$9) -> 75 | ... AC70: =IF(AC58=0,Thermostat!$B$10,Thermostat!$B$9) -> 85
E71: Saturday | F71: =IF(F59=0,Thermostat!$B$10,Thermostat!$B$9) -> 85 | G71: =IF(G59=0,Thermostat!$B$10,Thermostat!$B$9) -> 85 | H71: =IF(H59=0,Thermostat!$B$10,Thermostat!$B$9) -> 85 | I71: =IF(I59=0,Thermostat!$B$10,Thermostat!$B$9) -> 85 | J71: =IF(J59=0,Thermostat!$B$10,Thermostat!$B$9) -> 85 | K71: =IF(K59=0,Thermostat!$B$10,Thermostat!$B$9) -> 85 | L71: =IF(L59=0,Thermostat!$B$10,Thermostat!$B$9) -> 85 | M71: =IF(M59=0,Thermostat!$B$10,Thermostat!$B$9) -> 85 | ... AC71: =IF(AC59=0,Thermostat!$B$10,Thermostat!$B$9) -> 85
E72: Sunday | F72: =IF(F60=0,Thermostat!$B$10,Thermostat!$B$9) -> 85 | G72: =IF(G60=0,Thermostat!$B$10,Thermostat!$B$9) -> 85 | H72: =IF(H60=0,Thermostat!$B$10,Thermostat!$B$9) -> 85 | I72: =IF(I60=0,Thermostat!$B$10,Thermostat!$B$9) -> 85 | J72: =IF(J60=0,Thermostat!$B$10,Thermostat!$B$9) -> 85 | K72: =IF(K60=0,Thermostat!$B$10,Thermostat!$B$9) -> 85 | L72: =IF(L60=0,Thermostat!$B$10,Thermostat!$B$9) -> 85 | M72: =IF(M60=0,Thermostat!$B$10,Thermostat!$B$9) -> 85 | ... AC72: =IF(AC60=0,Thermostat!$B$10,Thermostat!$B$9) -> 85
A73: Kitchen Zone | B73: Kitchen | C73: OAControl | D73: CEC 2028 school schedules. Saturday and Sunday use the unoccupied profile. | E73: Mon-Fri | F73: 0 | G73: 0 | H73: 0 | I73: 0 | J73: 0 | K73: 1 | L73: 1 | M73: 1 | N73: 1 | O73: 1 | P73: 1 | Q73: 1 | R73: 1 | S73: 1 | T73: 1 | U73: 0 | V73: 0 | W73: 0 | X73: 0 | Y73: 0 | Z73: 0 | AA73: 0 | AB73: 0 | AC73: 0
E74: Saturday | F74: 0 | G74: 0 | H74: 0 | I74: 0 | J74: 0 | K74: 0 | L74: 0 | M74: 0 | N74: 0 | O74: 0 | P74: 0 | Q74: 0 | R74: 0 | S74: 0 | T74: 0 | U74: 0 | V74: 0 | W74: 0 | X74: 0 | Y74: 0 | Z74: 0 | AA74: 0 | AB74: 0 | AC74: 0
E75: Sunday | F75: 0 | G75: 0 | H75: 0 | I75: 0 | J75: 0 | K75: 0 | L75: 0 | M75: 0 | N75: 0 | O75: 0 | P75: 0 | Q75: 0 | R75: 0 | S75: 0 | T75: 0 | U75: 0 | V75: 0 | W75: 0 | X75: 0 | Y75: 0 | Z75: 0 | AA75: 0 | AB75: 0 | AC75: 0
A76: Kitchen Zone | B76: Kitchen | C76: Infiltration | D76: CEC 2028 school schedules. Saturday and Sunday use the unoccupied profile. | E76: Mon-Fri | F76: 1 | G76: 1 | H76: 1 | I76: 1 | J76: 1 | K76: 0.25 | L76: 0.25 | M76: 0.25 | N76: 0.25 | O76: 0.25 | P76: 0.25 | Q76: 0.25 | R76: 0.25 | S76: 0.25 | T76: 0.25 | U76: 1 | V76: 1 | W76: 1 | X76: 1 | Y76: 1 | Z76: 1 | AA76: 1 | AB76: 1 | AC76: 1
E77: Saturday | F77: 1 | G77: 1 | H77: 1 | I77: 1 | J77: 1 | K77: 1 | L77: 1 | M77: 1 | N77: 1 | O77: 1 | P77: 1 | Q77: 1 | R77: 1 | S77: 1 | T77: 1 | U77: 1 | V77: 1 | W77: 1 | X77: 1 | Y77: 1 | Z77: 1 | AA77: 1 | AB77: 1 | AC77: 1
E78: Sunday | F78: 1 | G78: 1 | H78: 1 | I78: 1 | J78: 1 | K78: 1 | L78: 1 | M78: 1 | N78: 1 | O78: 1 | P78: 1 | Q78: 1 | R78: 1 | S78: 1 | T78: 1 | U78: 1 | V78: 1 | W78: 1 | X78: 1 | Y78: 1 | Z78: 1 | AA78: 1 | AB78: 1 | AC78: 1
A79: Kitchen Zone | B79: Kitchen | C79: Refrigeration | D79: T24 2022 - Appendix 5.4B [School], aligned to the CEC 2028 day types. School days use the weekday profile; unoccupied days use the Sunday profile. | E79: Mon-Fri | F79: 0.9 | G79: 0.9 | H79: 0.9 | I79: 0.9 | J79: 0.9 | K79: 0.9 | L79: 0.9 | M79: 0.9 | N79: 0.9 | O79: 0.9 | P79: 0.9 | Q79: 0.9 | R79: 0.9 | S79: 0.9 | T79: 0.9 | U79: 0.9 | V79: 0.9 | W79: 0.9 | X79: 0.9 | Y79: 0.9 | Z79: 0.9 | AA79: 0.9 | AB79: 0.9 | AC79: 0.9
E80: Saturday | F80: 0.9 | G80: 0.9 | H80: 0.9 | I80: 0.9 | J80: 0.9 | K80: 0.9 | L80: 0.9 | M80: 0.9 | N80: 0.9 | O80: 0.9 | P80: 0.9 | Q80: 0.9 | R80: 0.9 | S80: 0.9 | T80: 0.9 | U80: 0.9 | V80: 0.9 | W80: 0.9 | X80: 0.9 | Y80: 0.9 | Z80: 0.9 | AA80: 0.9 | AB80: 0.9 | AC80: 0.9
E81: Sunday | F81: 0.9 | G81: 0.9 | H81: 0.9 | I81: 0.9 | J81: 0.9 | K81: 0.9 | L81: 0.9 | M81: 0.9 | N81: 0.9 | O81: 0.9 | P81: 0.9 | Q81: 0.9 | R81: 0.9 | S81: 0.9 | T81: 0.9 | U81: 0.9 | V81: 0.9 | W81: 0.9 | X81: 0.9 | Y81: 0.9 | Z81: 0.9 | AA81: 0.9 | AB81: 0.9 | AC81: 0.9
A82: Kitchen Zone | B82: Kitchen | C82: GasEquipment | D82: T24 2022 - Appendix 5.4B [School], aligned to the CEC 2028 day types. School days use the weekday profile; unoccupied days use the Sunday profile. | E82: Mon-Fri | F82: 0 | G82: 0 | H82: 0 | I82: 0 | J82: 0 | K82: 0 | L82: 0 | M82: 0.5 | N82: 0.5 | O82: 0.75 | P82: 0.9 | Q82: 0.9 | R82: 0.9 | S82: 0 | T82: 0 | U82: 0 | V82: 0 | W82: 0 | X82: 0 | Y82: 0 | Z82: 0 | AA82: 0 | AB82: 0 | AC82: 0
E83: Saturday | F83: 0 | G83: 0 | H83: 0 | I83: 0 | J83: 0 | K83: 0 | L83: 0 | M83: 0 | N83: 0 | O83: 0 | P83: 0 | Q83: 0 | R83: 0 | S83: 0 | T83: 0 | U83: 0 | V83: 0 | W83: 0 | X83: 0 | Y83: 0 | Z83: 0 | AA83: 0 | AB83: 0 | AC83: 0
E84: Sunday | F84: 0 | G84: 0 | H84: 0 | I84: 0 | J84: 0 | K84: 0 | L84: 0 | M84: 0 | N84: 0 | O84: 0 | P84: 0 | Q84: 0 | R84: 0 | S84: 0 | T84: 0 | U84: 0 | V84: 0 | W84: 0 | X84: 0 | Y84: 0 | Z84: 0 | AA84: 0 | AB84: 0 | AC84: 0
A85: Kitchen Zone | B85: Kitchen | C85: ServiceHotWater | D85: T24 2022 - Appendix 5.4B [School], aligned to the CEC 2028 day types. School days use the weekday profile; unoccupied days use the Sunday profile. | E85: Mon-Fri | F85: 0.05 | G85: 0.05 | H85: 0.05 | I85: 0.05 | J85: 0.05 | K85: 0.05 | L85: 0.05 | M85: 0.1 | N85: 0.34 | O85: 0.6 | P85: 0.63 | Q85: 0.72 | R85: 0.79 | S85: 0.83 | T85: 0.61 | U85: 0.65 | V85: 0.1 | W85: 0.1 | X85: 0.19 | Y85: 0.25 | Z85: 0.22 | AA85: 0.22 | AB85: 0.12 | AC85: 0.09
E86: Saturday | F86: 0.03 | G86: 0.03 | H86: 0.03 | I86: 0.03 | J86: 0.03 | K86: 0.03 | L86: 0.03 | M86: 0.03 | N86: 0.03 | O86: 0.03 | P86: 0.03 | Q86: 0.03 | R86: 0.03 | S86: 0.03 | T86: 0.03 | U86: 0.03 | V86: 0.03 | W86: 0.03 | X86: 0.03 | Y86: 0.03 | Z86: 0.03 | AA86: 0.03 | AB86: 0.03 | AC86: 0.03
E87: Sunday | F87: 0.03 | G87: 0.03 | H87: 0.03 | I87: 0.03 | J87: 0.03 | K87: 0.03 | L87: 0.03 | M87: 0.03 | N87: 0.03 | O87: 0.03 | P87: 0.03 | Q87: 0.03 | R87: 0.03 | S87: 0.03 | T87: 0.03 | U87: 0.03 | V87: 0.03 | W87: 0.03 | X87: 0.03 | Y87: 0.03 | Z87: 0.03 | AA87: 0.03 | AB87: 0.03 | AC87: 0.03
A88: MPR | C88: Other
A89: MPR Zone | B89: MPR | C89: Occupancy | D89: CEC 2028 school schedules | E89: Unoccupied | F89: 0 | G89: 0 | H89: 0 | I89: 0 | J89: 0 | K89: 0 | L89: 0 | M89: 0 | N89: 0 | O89: 0 | P89: 0 | Q89: 0 | R89: 0 | S89: 0 | T89: 0 | U89: 0 | V89: 0 | W89: 0 | X89: 0 | Y89: 0 | Z89: 0 | AA89: 0 | AB89: 0 | AC89: 0
E90: Mon-Fri All other | F90: 0 | G90: 0 | H90: 0 | I90: 0 | J90: 0 | K90: 0 | L90: 0.1 | M90: 0.5 | N90: 0.25 | O90: 0.25 | P90: 0.05 | Q90: 0.25 | R90: 0.95 | S90: 0.95 | T90: 0.25 | U90: 0.1 | V90: 0.1 | W90: 0.1 | X90: 0 | Y90: 0 | Z90: 0 | AA90: 0 | AB90: 0 | AC90: 0
E91: Mon-Fri Indoor Sports | F91: 0 | G91: 0 | H91: 0 | I91: 0 | J91: 0 | K91: 0 | L91: 0.1 | M91: 0.5 | N91: 0.25 | O91: 0.25 | P91: 0.05 | Q91: 0.25 | R91: 0.95 | S91: 0.95 | T91: 0.25 | U91: 0.2 | V91: 0.2 | W91: 0.2 | X91: 0.15 | Y91: 0.15 | Z91: 0 | AA91: 0 | AB91: 0 | AC91: 0
E92: Sat Low Activity | F92: 0 | G92: 0 | H92: 0 | I92: 0 | J92: 0 | K92: 0 | L92: 0 | M92: 0.1 | N92: 0.2 | O92: 0.2 | P92: 0.2 | Q92: 0.2 | R92: 0.2 | S92: 0.2 | T92: 0.2 | U92: 0.2 | V92: 0.2 | W92: 0.1 | X92: 0 | Y92: 0 | Z92: 0 | AA92: 0 | AB92: 0 | AC92: 0
E93: Sat Medium Activity | F93: 0 | G93: 0 | H93: 0 | I93: 0 | J93: 0 | K93: 0 | L93: 0 | M93: 0.1 | N93: 0.2 | O93: 0.2 | P93: 0.2 | Q93: 0.2 | R93: 0.2 | S93: 0.2 | T93: 0.6 | U93: 0.6 | V93: 0.6 | W93: 0.3 | X93: 0 | Y93: 0 | Z93: 0 | AA93: 0 | AB93: 0 | AC93: 0
E94: Sat High Activity | F94: 0 | G94: 0 | H94: 0 | I94: 0 | J94: 0 | K94: 0 | L94: 0 | M94: 0.1 | N94: 0.2 | O94: 0.2 | P94: 0.2 | Q94: 0.2 | R94: 0.2 | S94: 0.2 | T94: 0.2 | U94: 0.2 | V94: 0.2 | W94: 1 | X94: 1 | Y94: 1 | Z94: 1 | AA94: 0.5 | AB94: 0 | AC94: 0
A95: MPR Zone | B95: MPR | C95: HVACAvail | D95: CEC 2028 school schedules | E95: Unoccupied | F95: 0 | G95: 0 | H95: 0 | I95: 0 | J95: 0 | K95: 0 | L95: 0 | M95: 0 | N95: 0 | O95: 0 | P95: 0 | Q95: 0 | R95: 0 | S95: 0 | T95: 0 | U95: 0 | V95: 0 | W95: 0 | X95: 0 | Y95: 0 | Z95: 0 | AA95: 0 | AB95: 0 | AC95: 0
E96: Mon-Fri All other | F96: 0 | G96: 0 | H96: 0 | I96: 0 | J96: 0 | K96: 0 | L96: 1 | M96: 1 | N96: 1 | O96: 1 | P96: 1 | Q96: 1 | R96: 1 | S96: 1 | T96: 1 | U96: 1 | V96: 1 | W96: 1 | X96: 0 | Y96: 0 | Z96: 0 | AA96: 0 | AB96: 0 | AC96: 0
E97: Mon-Fri Indoor Sports | F97: 0 | G97: 0 | H97: 0 | I97: 0 | J97: 0 | K97: 0 | L97: 1 | M97: 1 | N97: 1 | O97: 1 | P97: 1 | Q97: 1 | R97: 1 | S97: 1 | T97: 1 | U97: 1 | V97: 1 | W97: 1 | X97: 1 | Y97: 1 | Z97: 0 | AA97: 0 | AB97: 0 | AC97: 0
E98: Sat Low Activity | F98: 0 | G98: 0 | H98: 0 | I98: 0 | J98: 0 | K98: 0 | L98: 0 | M98: 1 | N98: 1 | O98: 1 | P98: 1 | Q98: 1 | R98: 1 | S98: 1 | T98: 1 | U98: 1 | V98: 1 | W98: 1 | X98: 0 | Y98: 0 | Z98: 0 | AA98: 0 | AB98: 0 | AC98: 0
E99: Sat Medium Activity | F99: 0 | G99: 0 | H99: 0 | I99: 0 | J99: 0 | K99: 0 | L99: 0 | M99: 1 | N99: 1 | O99: 1 | P99: 1 | Q99: 1 | R99: 1 | S99: 1 | T99: 1 | U99: 1 | V99: 1 | W99: 1 | X99: 0 | Y99: 0 | Z99: 0 | AA99: 0 | AB99: 0 | AC99: 0
E100: Sat High Activity | F100: 0 | G100: 0 | H100: 0 | I100: 0 | J100: 0 | K100: 0 | L100: 0 | M100: 1 | N100: 1 | O100: 1 | P100: 1 | Q100: 1 | R100: 1 | S100: 1 | T100: 1 | U100: 1 | V100: 1 | W100: 1 | X100: 1 | Y100: 1 | Z100: 1 | AA100: 1 | AB100: 0 | AC100: 0
...

Sheet Energy Usage
A1: ="CalBEM Energy Consumption - "&Prototype!B4 -> CalBEM Energy Consumption - K-8 School | N1: ="Energy Consumption - "&Prototype!A2 -> Energy Consumption - SchoolK-8
A2: Prototype | B2: CZ | C2: CalBEM Electricity EUI (KBTU/ft²) | D2: CalBEM Gas EUI (KBTU/ft²) | E2: CalBEM Total EUI (KBTU/ft²) | F2: New Construction Electricity EUI (KBTU/ft²) | G2: New Construction Gas EUI (KBTU/ft²) | H2: New Construction Total EUI (KBTU/ft²) | I2: National Average | J2: Acceptable Range (25% Higher) | K2: Acceptable Range (25% Lower) | L2: National Average Acceptable EUI Range | N2: Prototype | O2: CZ | P2: Total Floorspace (Thousand of ft²) | Q2: CEUS 2023 Electricity EUI (kBtu/ft²) | R2: CEUS 2023 Gas EUI (kBtu/ft²) | S2: CEUS 2023 Total EUI (kBtu/ft²) | T2: Acceptable Range (25% Higher) | U2: Acceptable Range (25% Lower) | V2: CEUS 2022 Acceptable EUI Range
A3: =Prototype!B4 -> K-8 School | B3: 1 | N3: =Prototype!B4 -> K-8 School | O3: 1 | P3: 7618.5337 | Q3: 32.349176 | R3: 12.848137 | S3: 55.364804 | T3: =S3*1.25 -> 69.206005 | U3: =S3*0.75 -> 41.523603 | V3: =T3-U3 -> 27.682402
B4: 2 | O4: 2 | P4: 11477.671 | Q4: 15.421598 | R4: 12.913999 | S4: 47.893283 | T4: =S4*1.25 -> 59.866604 | U4: =S4*0.75 -> 35.919962 | V4: =T4-U4 -> 23.946642
B5: 3 | O5: 3 | P5: 46411.86 | Q5: 20.479595 | R5: 12.799248 | S5: 100.09497 | T5: =S5*1.25 -> 125.11872 | U5: =S5*0.75 -> 75.071231 | V5: =T5-U5 -> 50.047487
B6: 4 | O6: 4 | P6: 23032.968 | Q6: 21.49373 | R6: 13.019767 | S6: 106.62133 | T6: =S6*1.25 -> 133.27666 | U6: =S6*0.75 -> 79.965995 | V6: =T6-U6 -> 53.310663
B7: 5 | O7: 5 | P7: 5978.4428 | Q7: 11.998072 | R7: 11.585185 | S7: 59.149271 | T7: =S7*1.25 -> 73.936588 | U7: =S7*0.75 -> 44.361953 | V7: =T7-U7 -> 29.574635
B8: 6 | O8: 6 | P8: 57755.959 | Q8: 22.607349 | R8: 9.9467421 | S8: 82.347488 | T8: =S8*1.25 -> 102.93436 | U8: =S8*0.75 -> 61.760616 | V8: =T8-U8 -> 41.173744
B9: 7 | O9: 7 | P9: 35149.993 | Q9: 24.848388 | R9: 6.9700357 | S9: 88.553476 | T9: =S9*1.25 -> 110.69184 | U9: =S9*0.75 -> 66.415107 | V9: =T9-U9 -> 44.276738
B10: 8 | O10: 8 | P10: 92353.411 | Q10: 22.935329 | R10: 8.842203 | S10: 103.44181 | T10: =S10*1.25 -> 129.30226 | U10: =S10*0.75 -> 77.581354 | V10: =T10-U10 -> 51.720903
B11: 9 | O11: 9 | P11: 141795.45 | Q11: 26.797343 | R11: 10.089067 | S11: 119.15132 | T11: =S11*1.25 -> 148.93914 | U11: =S11*0.75 -> 89.363487 | V11: =T11-U11 -> 59.575658
B12: 10 | O12: 10 | P12: 92589.867 | Q12: 22.490401 | R12: 10.108975 | S12: 67.419104 | T12: =S12*1.25 -> 84.27388 | U12: =S12*0.75 -> 50.564328 | V12: =T12-U12 -> 33.709552
B13: 11 | O13: 11 | P13: 33810.488 | Q13: 26.928661 | R13: 8.760437 | S13: 68.839253 | T13: =S13*1.25 -> 86.049066 | U13: =S13*0.75 -> 51.62944 | V13: =T13-U13 -> 34.419626
B14: 12 | O14: 12 | P14: 108342.43 | Q14: 31.799594 | R14: 12.230299 | S14: 85.587371 | T14: =S14*1.25 -> 106.98421 | U14: =S14*0.75 -> 64.190528 | V14: =T14-U14 -> 42.793686
B15: 13 | O15: 13 | P15: 46676.808 | Q15: 32.656044 | R15: 15.473534 | S15: 57.73569 | T15: =S15*1.25 -> 72.169613 | U15: =S15*0.75 -> 43.301768 | V15: =T15-U15 -> 28.867845
... B18: 16 | O18: 16 | P18: 85267.89 | Q18: 27.026911 | R18: 11.652927 | S18: 67.576478 | T18: =S18*1.25 -> 84.470598 | U18: =S18*0.75 -> 50.682359 | V18: =T18-U18 -> 33.788239
Q20: Ref: CEUS 2022 Report
Q21: And by applying FZ-CZ multipliers for converting FZ data to CZ data

Sheet Weights
A1: ="% of Floor Area per CZ and Vintage Bin - "&Prototype!A2 -> % of Floor Area per CZ and Vintage Bin - SchoolK-8 | J1: ="% of floor area per CZ and vintage bin - "&Prototype!A2 -> % of floor area per CZ and vintage bin - SchoolK-8
A2: Prototype | B2: CZ | C2: Vintage Bin | J2: Prototype | K2: Vintage Bin | L2: CZ
C3: Pre-1978 | D3: 1978-1997 | E3: 1998-2007 | F3: 2008-2018 | L3: 1 | M3: 2 | N3: 3 | O3: 4 | P3: 5 | Q3: 6 | R3: 7 | S3: 8 | T3: 9 | U3: 10 | V3: 11 | W3: 12 | X3: 13 | Y3: 14 | Z3: 15 | AA3: 16
A4: =Prototype!B4 -> K-8 School | B4: 1 | C4: 0.5614751 | D4: 0.3169793 | E4: 0.0879218 | F4: 0.0336238 | H4: =SUM(C4:F4) -> 1 | J4: School | K4: Pre-1978 | L4: 0.008977 | M4: 0.021094 | N4: 0.072235 | O4: 0.037625 | P4: 0.006802 | Q4: 0.084541 | R4: 0.02215 | S4: 0.138845 | T4: 0.211244 | U4: 0.066481 | V4: 0.038749 | W4: 0.115342 | X4: 0.036419 | Y4: 0.026538 | Z4: 0.024347 | AA4: 0.088611 | AB4: =SUM(L4:AA4) -> 1
B5: 2 | C5: 0.8757394 | D5: 0.071795 | E5: 0.0383992 | F5: 0.0140663 | H5: =SUM(C5:F5) -> 0.9999999 | K5: 1978-1997 | L5: 0.011899 | M5: 0.00406 | N5: 0.05368 | O5: 0.023209 | P5: 0.012539 | Q5: 0.041865 | R5: 0.044692 | S5: 0.061343 | T5: 0.124937 | U5: 0.095931 | V5: 0.058408 | W5: 0.18781 | X5: 0.091876 | Y5: 0.021377 | Z5: 0.057022 | AA5: 0.109352 | AB5: =SUM(L5:AA5) -> 1
B6: 3 | C6: 0.7416427 | D6: 0.2347382 | E6: 0.0164353 | F6: 0.0071837 | H6: =SUM(C6:F6) -> 0.9999999 | K6: 1998-2007 | L6: 0.004957 | M6: 0.003262 | N6: 0.005645 | O6: 0.001754 | P6: 0.001078 | Q6: 0.046589 | R6: 0.051164 | S6: 0.075404 | T6: 0.09166 | U6: 0.227399 | V6: 0.020951 | W6: 0.087443 | X6: 0.054569 | Y6: 0.025505 | Z6: 0.21378 | AA6: 0.08884 | AB6: =SUM(L6:AA6) -> 1
B7: 4 | C7: 0.7783863 | D7: 0.2044994 | E7: 0.0102904 | F7: 0.0068239 | H7: =SUM(C7:F7) -> 1 | K7: 2008-2018 | L7: 0.005003 | M7: 0.003153 | N7: 0.006512 | O7: 0.00307 | P7: 0.00091 | Q7: 0.05236 | R7: 0.16821 | S7: 0.069444 | T7: 0.066329 | U7: 0.209328 | V7: 0.012806 | W7: 0.067006 | X7: 0.064526 | Y7: 0.046051 | Z7: 0.052484 | AA7: 0.172807 | AB7: =SUM(L7:AA7) -> 0.999999
B8: 5 | C8: 0.5421735 | D8: 0.425672 | E8: 0.0243657 | F8: 0.0077888 | H8: =SUM(C8:F8) -> 1
B9: 6 | C9: 0.6974838 | D9: 0.1471111 | E9: 0.1089907 | F9: 0.0464144 | H9: =SUM(C9:F9) -> 1 | K9: Total | L9: 0.0088 | M9: 0.013257 | N9: 0.053607 | O9: 0.026604 | P9: 0.006905 | Q9: 0.066711 | R9: 0.0406 | S9: 0.106672 | T9: 0.16378 | U9: 0.106945 | V9: 0.039046 | W9: 0.125117 | X9: 0.053914 | Y9: 0.026321 | Z9: 0.063234 | AA9: 0.098488 | AB9: =SUM(L9:AA9) -> 1.000001
B10: 7 | C10: 0.300278 | D10: 0.2580444 | E10: 0.1966736 | F10: 0.2450039 | H10: =SUM(C10:F10) -> 0.9999999
B11: 8 | C11: 0.7163803 | D11: 0.134804 | E11: 0.1103187 | F11: 0.038497 | H11: =SUM(C11:F11) -> 1
B12: 9 | C12: 0.7098858 | D12: 0.1788227 | E12: 0.0873426 | F12: 0.0239489 | H12: =SUM(C12:F12) -> 1
B13: 10 | C13: 0.3421363 | D13: 0.2102751 | E13: 0.3318416 | F13: 0.1157471 | H13: =SUM(C13:F13) -> 1.0000001
B14: 11 | C14: 0.5462009 | D14: 0.3506622 | E14: 0.0837416 | F14: 0.0193952 | H14: =SUM(C14:F14) -> 0.9999999
B15: 12 | C15: 0.5073814 | D15: 0.3518777 | E15: 0.1090713 | F15: 0.0316696 | H15: =SUM(C15:F15) -> 1
B16: 13 | C16: 0.3717839 | D16: 0.3994804 | E16: 0.1579606 | F16: 0.0707751 | H16: =SUM(C16:F16) -> 1
B17: 14 | C17: 0.5549221 | D17: 0.1903914 | E17: 0.1512247 | F17: 0.1034618 | H17: =SUM(C17:F17) -> 1
B18: 15 | C18: 0.2119104 | D18: 0.2113885 | E18: 0.5276196 | F18: 0.0490814 | H18: =SUM(C18:F18) -> 0.9999999
B19: 16 | C19: 0.495188 | D19: 0.2602765 | E19: 0.1407766 | F19: 0.1037589 | H19: =SUM(C19:F19) -> 1
B20: Statewide | C20: 0.5503824 | D20: 0.2344179 | E20: 0.1560647 | F20: 0.059135 | H20: =SUM(C20:F20) -> 1
A22: Ref: CEUS 2022 dataset: School group

Sheet PV
A1: ="PV - "&Prototype!A2 -> PV - SchoolK-8
A2: TBD

Sheet EV Charger
A1: ="EV Charger - "&Prototype!A2 -> EV Charger - SchoolK-8
A2: TBD
A11: Background Data [To be deleted prior to publication]

Sheet Data
A1: Space Function | B1: Electric Equipment Load Intensity | C1: Electric Equipment Load Intensity | D1: LPD
A2: Aging Eye/Low-vision (Corridor Area) | D2: 2013 | E2: 2016 | F2: 2019 | G2: 2025
A3: Aging Eye/Low-vision (Dining)
A4: Aging Eye/Low-vision (Lobby, Main Entry)
A5: Aging Eye/Low-vision (Lounge/Waiting Area)
A6: Aging Eye/Low-vision (Multipurpose Room)
A7: Aging Eye/Low-vision (Religious Worship Area)
A8: Aging Eye/Low-vision (Restroom)
A9: Aging Eye/Low-vision (Stairwell)
A10: Audience Seating Area
A11: Auditorium Area
A12: Auto Repair / Maintenance Area
A13: Barber, Beauty Salon, Spa Area
A14: Civic Meeting Place Area
... A82: Server Room
