Workbook
Name Space_Function: Data!$A$2:$A$76

Sheet Notes
A1: Data Sources
A2: Dataset | B2: Dodge 2023
B3: CEUS 2022
B4: CBECS 2018
B5: ComStock 2023
A6: Prototype | B6: CEC prototype (CBECC 2022.3.1) | C6: https://bees.noresco.com/software2022.html
B7: PNNL prototype (90.1-2022) | C7: https://www.energycodes.gov/prototype-building-models#Commercial
B8: DEER prototype (June 2023) | C8: https://github.com/sound-data/DEER-Prototypes-EnergyPlus
A10: Codes | B10: Title 24, part 6, referred to as T24 (1986, 1992, 2001, 2007, 2013, 2016, 2019, 2022, 2025)
B11: ASHRAE 90.1 (2022)
B12: CFR Title 10 (2009) | C12: https://www.govinfo.gov/content/pkg/FR-2009-03-23/pdf/FR-2009-03-23.pdf
B13: CFR Title 10 ( 2013) | C13: https://www.govinfo.gov/content/pkg/CFR-2013-title10-vol3/pdf/CFR-2013-title10-vol3-part431.pdf
B14: CFR Title 10 ( 2024) | C14: https://www.govinfo.gov/content/pkg/CFR-2024-title10-vol3/pdf/CFR-2024-title10-vol3-part431-subpartF.pdf
A16: Others | B16: ACM (2013, 2019, 2022, 2025)
B17: Title 24, 2022 - Appendix 5.4A and Appendix 5.4B | C17: https://www.energy.ca.gov/publications/2022/2022-nonresidential-and-multifamily-alternative-calculation-method-reference
B18: 2022 Reduced infiltration CASE report | C18: https://title24stakeholders.com/wp-content/uploads/2020/10/2022-T24-Final-CASE-Report_Reduce-Infiltration.pdf
B19: 2019 Outdoor Lighting CASE Report | C19: https://title24stakeholders.com/wp-content/uploads/2016/10/T24-2019-CASE-Study-Results-Report-Outdoor-Sources_Final_with-Attachments.pdf
B20: PNNL 20405, 2011 | C20: https://www.pnnl.gov/main/publications/external/technical_reports/PNNL-20405.pdf
B21: Air leakage Memo, NORESCO, 2025 | C21: https://2050partners.sharepoint.com/:w:/r/sites/CalBEMCollaborativeEfforts/_layouts/15/Doc.aspx?sourcedoc=%7B3BEF8F74-7FAC-44F2-A70C-D76617660066%7D&file=Infiltration_rate_report_14May2025-Short-Version.docx&action=default&mobileredirect=true
B22: Proposed Updates to Equipment Power Densities and Building Schedules for the 2028 Energy Code, referred to as "Plug load and schedules project with CEC, 2025" (Docket Number =25-BSTD-03 & TN=265693) | C22: https://efiling.energy.ca.gov/GetDocument.aspx?tn=265693&DocumentContentId=102545
B23: PNNL 17056, 2007: Technical Support Document: The Development of the Advanced Energy Design Guide for Small Warehouse and Self-Storage Buildings | C23: https://www.pnnl.gov/main/publications/external/technical_reports/PNNL-17056.pdf
B24: NEEA, CBSA-4-2019, "Commercial Building Stock Assessment 4 (2019) Final Report ", by CADMUS, Aaron James in 2020. | C24: https://neea.org/wp-content/uploads/2025/03/CBSA-4-2019-Final-Report.pdf
A25: Water Heater | B25: ENERGY STAR certified commercial water heaters (gas storage input ≥76 kBtu/h; ES tank sizes) | C25: =HYPERLINK("https://www.energystar.gov/productfinder/product/certified-commercial-water-heaters/results?fuel_filter=Gas&markets_filter=United+States","ENERGY STAR product finder — gas") -> ENERGY STAR product finder — gas
B26: ENERGY STAR commercial WH dataset (download) | C26: =HYPERLINK("https://data.energystar.gov/Active-Specifications/ENERGY-STAR-Certified-Commercial-Water-Heaters/xmq6-bm79","ENERGY STAR dataset xmq6-bm79") -> ENERGY STAR dataset xmq6-bm79
B27: ENERGY STAR commercial WH eligibility (gas storage >75 kBtu/h) | C27: =HYPERLINK("https://www.energystar.gov/products/water_heaters/commercial_water_heaters/key_product_criteria","ENERGY STAR key product criteria") -> ENERGY STAR key product criteria
B28: Grainger gas tank water heaters (sizes below ES commercial, e.g. 30–75 kBtu/h) | C28: =HYPERLINK("https://www.grainger.com/category/plumbing/water-heaters/gas-tank-water-heaters","Grainger — gas tank WH") -> Grainger — gas tank WH
B29: Grainger electric tank water heaters (kW ladder, tank gallons) | C29: =HYPERLINK("https://www.grainger.com/category/plumbing/water-heaters/electric-tank-water-heaters","Grainger — electric tank WH") -> Grainger — electric tank WH
B30: ES commercial electric = heat pumps only; not used for resistance tank list | C30: =HYPERLINK("https://www.energystar.gov/productfinder/product/certified-commercial-water-heaters/results?fuel_filter=Electric&markets_filter=United+States","ENERGY STAR — electric (HPWH)") -> ENERGY STAR — electric (HPWH)
A32: Notes
A33: Warehouse | B33: A mixed use distribution warehouse with conditioned fine storage for temperature sensitive goods and a bulk storage for general inventory that only needs freeze protection.
B36: Construction rate based on Dodge 2023
B74: Warehouse (STC:3)
A75: Year | B75: Total floor area (k ft2) | C75: Count
A76: 1967 | B76: 5361.9 | C76: 152
A77: 1968 | B77: 8271 | C77: 452
A78: 1969 | B78: 13593.6 | C78: 655
A79: 1970 | B79: 14323.7 | C79: 601
A80: 1971 | B80: 13719.8 | C80: 592
A81: 1972 | B81: 16513.9 | C81: 687
A82: 1973 | B82: 27619.6 | C82: 920
A83: 1974 | B83: 26732 | C83: 804
A84: 1975 | B84: 13654.6 | C84: 710
A85: 1976 | B85: 19608.4 | C85: 853
A86: 1977 | B86: 29745.3 | C86: 1055
A87: 1978 | B87: 40044.4 | C87: 1359
... A132: 2023 | B132: 10975.7 | C132: 44

Sheet Prototype
A1: NORESCO, Updated September 2026
A2: Warehouse
A3: Characteristic | B3: Value | C3: Data Sources
A4: Building Type | B4: Warehouse
A5: Building Category | B5: Nonresidential
A6: Version | B6: v2-0
A7: Vintages | B7: 4 Vintages: Pre-1978 , 1978-1997 ,1998-2007 , 2008-2018 New Construction (2019+) | C7: Based on the vintage bin analysis. A summary of the findings is presented in the following paper, with a link provided in the Notes tab: Yousefi, F., Athalye, R. (2025). “Determining Vintage Bins for Prototype Development: An Analysis of California Commercial Buildings.” ASHRAE Annual Conference.
A8: Shape | C8: Same as CBECC 2022
A9: Total Floor Area (ft²) | B9: 52,045 (330 ft * 150 ft plus 2,550 ft² floor , see Zones tab) The space above the office zone (lower-right zone, 2,550 ft²) is designated as storage and is part of the Fine Storage zone. | C9: Same as CBECC 2022 (supported by Dodge 2023)
A10: Aspect Ratio | B10: 2.2 | C10: Same as CBECC 2022
A11: Number of Floors | B11: 1
A12: Roof type | B12: Flat
A13: WWR | B13: 0.0071 | C13: Same as CBECC 2022
A14: Shading Geometry | B14: No shades
A15: Floor to floor height (ft) | B15: 28 | C15: Same as CBECC 2022
A16: Floor to ceiling height (ft) | B16: 14 (office) | C16: Same as CBECC 2022
A17: Glazing sill height (ft) | B17: 3 (Top of the window is 8 ft with 5 ft high glass) | C17: Same as CBECC 2022
A24: Existing public prototypes
B25: PNNL | C25: CEC | D25: CPUC Storage conditioned | E25: CPUC Refrigerated Warehouse (not under warehouse)
A26: Geometry
A27: Roof area (ft²) | B27: 49495.17 | C27: 49495.29 | D27: 499990.41 | E27: 499990.41
A28: Height (ft) | B28: 28 | C28: 28 | D28: 48 | E28: 48
A30: People | B30: 200 ft²/person Office | C30: 0.005 person/ft² Office | D30: 0.001 person/ft² North storage | E30: =100/50000 -> 0.002
B31: 30 people Fine storage | C31: 0.001 person/ft² Fine storage | D31: 0.001 person/ft² Soth storage
B32: 69 people Bulk storage | C32: 0.001 person/ft² Bulk storage
A33: Lights (W/ft²) | B33: 0.57 Office | C33: 0.6 Office | D33: 0.4 North storage
B34: 0.62 Fine storage | C34: 0.4 Fine storage | D34: 0.4 South storage
B35: 0.30 Bulk storage | C35: 0.4 Bulk storage
A36: Ext lights (W) | B36: 119 Office | C36: - | D36: -
B37: 2,955 Fine storage
B38: 694 Bulk storage
A39: Electric Equipment | B39: 1,912 W Office | C39: 1.5 W/ft² Office | D39: 0.2 W/ft² North storage
C40: 0.2 W/ft² Fine storage | D40: 0.2 W/ft² South storage
B41: 8,200 Bulk W storage | C41: 0.2 W/ft² Bulk storage
A43: Heating Sizing Factor | B43: H&C: 1.2 | C43: H&C:1 | D43: H: 2.5 , C: 2.3
A44: HVAC | B44: Office: CAV no reheat, DX cooling coil: multi speed, Gas heating coil | C44: Office (sys7or3b): VAV+DX cooling coil+DX heating coil +Electric Heating coil | D44: MZ VAV Reheat + 1 Water cooling coil +1 Water heating coil+ 2 water heating coil for Reheat at terminal units, serving 2 zones
B45: Fine storage; CAV no reheat, DX cooling coil: multi speed, Gas heating coil | C45: Fine storage (sys7or3a):VAV+DX cooling coil: Gas Heating coil | D45: - Boiler
B46: Bulk storage: CAV+ Unit heater (Gas heating coil) | C46: Bulk storage (sys9): CAV+Gas Heating coil | D46: -Chiller
B47: + (DX coil:multi speed high temperature Radiant (Always Off))
A48: Thermostat setpoint (F) | B48: Office: 70H , 75C (setback: 60H , 85C) | C48: Office: 70H , 75C (setback: 60H , 85C) | D48: North: 70H, 75C (setback: 60H , 85C)
B49: Fine Storage: 60H, 80C | C49: Fine Storage:70H , 75C (setback: 60H , 85C) | D49: North: 70H, 75C (setback: 60H , 85C)
B50: Bulk storage: 50H | C50: Bulk storage: 70H (setback: 60H)
A52: ZoneVentilation:design flow rate | B52: 80,000 cfm exhaust rate Bulk storage | C52: - | D52: -
B53: 2,000 cfm natural ventilation rate Bulk storage (=0.06*34500 Bulk area)
A54: Design specification: Outdoor Air (Cfm/ft²) | B54: 0.085 Office | C54: 0.15 Office | D54: 0.15 North storage
B55: 0.060 Fine storage | C55: 0.15 Fine storage | D55: 0.15 South storage
B56: 0.060 Bulk storage (for sizing only) | C56: 0.15 Bulk storage
A57: Airloop:HVAC | B57: 2 units for Office and Fine storage | C57: 3 units for 3 zones | D57: 1 unit serving 2 zones

Sheet Zones
A1: ="Proposed Layout - "&Prototype!A2 -> Proposed Layout - Warehouse
A2: Building | B2: Space/Thermal Zone | C2: Space Type [Primarily from: T24, 2022 Appendix 5.4A] - See Notes column | D2: HVAC Zone | E2: Schedule Category | F2: Conditioned (Y/N) | G2: Area Fraction | H2: Area (ft²) | I2: Volume (ft³) | J2: Multipliers | K2: Number of People | L2: People (Persons/1,000 ft²) [T24, 2025,Table 120.1-A] | M2: Notes
A3: Warehouse | B3: Office | C3: Office Area (>250 square feet) | D3: AHU_1 | E3: Office | F3: Y | G3: =H3/$H$6 -> 0.048991229 | H3: 2549.75 | I3: =H3*14 -> 35696.5 | J3: 1 | K3: =L3*H3/1000 -> 12.74875 | L3: 5
A4: Warehouse | B4: FineStorage | C4: Storage, Commercial/Industrial (Warehouse) | D4: AHU_2 | E4: FineStorage | F4: Y | G4: =H4/$H$6 -> 0.2881841 | H4: =12448.8+2549.75 -> 14998.55 | I4: =(H4-H3)*28+H3*(Prototype!B15-14) -> 384262.9 | J4: 1 | K4: =L4*H4/1000 -> 14.99855 | L4: 1
A5: Warehouse | B5: BulkStorage | C5: Storage, Commercial/Industrial (Warehouse) | D5: AHU_3 | E5: BulkStorage | F5: Y | G5: =H5/$H$6 -> 0.66282467 | H5: 34496.73 | I5: =H5*Prototype!B15 -> 965908.44 | J5: 1 | K5: =L5*H5/1000 -> 34.49673 | L5: 1
A6: Toal (1 Building) | B6: Total (3 Space) | C6: Total (2 space type) | D6: Total (3 HVAC Zones) | F6: Total (3 Conditioned zones) | G6: =SUM(G3:G5) -> 1 | H6: =SUM(H3:H5) -> 52045.03 | I6: =SUM(I3:I5) -> 1385867.8 | K6: =SUM(K3:K5) -> 62.24403

Sheet Envelope
A1: ="Envelope - "&Prototype!A2 -> Envelope - Warehouse
A2: Element | B2: Prototype | C2: Assembly Type | D2: Construction | E2: Thermal properties | F2: Vintage | G2: Selected T24 | H2: Note | I2: CZ1 | J2: CZ2 | K2: CZ3 | L2: CZ4 | M2: CZ5 | N2: CZ6 | O2: CZ7 | P2: CZ8 | Q2: CZ9 | R2: CZ10 | S2: CZ11 | T2: CZ12 | U2: CZ13 | V2: CZ14 | W2: CZ15 | X2: CZ16
A3: External Wall | B3: Warehouse | C3: ExtWall_MetalBuilding_NonRes | D3: Metal building: Metal surface + Continuous Insulation + Metal panel | E3: U-factor IP | F3: Pre 1978 | G3: N/A | H3: Using 1) DOE pre 1980 warehouse prototype U value of 0.301, and 2) a 5.1% cumulative wall renovation rate through 2028, based on the average annual rate from CBECS 2003 and 2012 projected over 48 years. | I3: =I63*(1-$I$64)+I62*$I$64 -> 0.291412 | J3: =J63*(1-$I$64)+J62*$I$64 -> 0.28876 | K3: =K63*(1-$I$64)+K62*$I$64 -> 0.291412 | L3: =L63*(1-$I$64)+L62*$I$64 -> 0.28876 | M3: =M63*(1-$I$64)+M62*$I$64 -> 0.28876 | N3: =N63*(1-$I$64)+N62*$I$64 -> 0.291412 | O3: =O63*(1-$I$64)+O62*$I$64 -> 0.291412 | P3: =P63*(1-$I$64)+P62*$I$64 -> 0.28876 | ... X3: =X63*(1-$I$64)+X62*$I$64 -> 0.28876
F4: 1978-1997 | G4: 1986 | H4: . Minimum of the previous vintage and U values calculated from the 1986 code based on HDD and Degree North Latitude | I4: =MIN($E$84,I3) -> 0.291412 | J4: =MIN($E$84,J3) -> 0.28876 | K4: =MIN($E$84,K3) -> 0.291412 | L4: =MIN($E$84,L3) -> 0.28876 | M4: =MIN($E$84,M3) -> 0.28876 | N4: =MIN($E$84,N3) -> 0.291412 | O4: =MIN($E$84,O3) -> 0.291412 | P4: =MIN($E$84,P3) -> 0.28876 | ... X4: =MIN($E$84,X3) -> 0.28876
F5: 1998-2007 | G5: 2001 | H5: Table 1-H (Metal frame) | I5: 0.182 | J5: 0.182 | K5: 0.189 | L5: 0.189 | M5: 0.189 | N5: 0.189 | O5: 0.189 | P5: 0.189 | Q5: 0.189 | R5: 0.182 | S5: 0.182 | T5: 0.182 | U5: 0.182 | V5: 0.182 | W5: 0.182 | X5: 0.182
F6: 2008-2018 | G6: 2013 | H6: Table 140.3-B | I6: 0.113 | J6: 0.061 | K6: 0.113 | L6: 0.061 | M6: 0.061 | N6: 0.113 | O6: 0.113 | P6: 0.061 | Q6: 0.061 | R6: 0.061 | S6: 0.061 | T6: 0.061 | U6: 0.061 | V6: 0.061 | W6: 0.057 | X6: 0.061
F7: Existing | H7: Weighted average of all 4 vintages | I7: {=_xlfn.BYCOL(TRANSPOSE(Weights!$C$4:$F$19)*I3:X6,_xlfn.LAMBDA(_xlpm.c,SUM(_xlpm.c)))} -> 0.21533399 | J7: 0.18736575 | K7: 0.25967326 | L7: 0.26207513 | M7: 0.22257083 | N7: 0.27015556 | O7: 0.25823972 | P7: 0.26638942 | Q7: 0.26786532 | R7: 0.18225466 | S7: 0.2150341 | T7: 0.22085246 | U7: 0.22389828 | V7: 0.21265127 | W7: 0.16506634 | X7: 0.19564478
F8: 2019+ | G8: 2025 | H8: Table 140.3-B | I8: 0.098 | J8: 0.053 | K8: 0.098 | L8: 0.053 | M8: 0.053 | N8: 0.098 | O8: 0.098 | P8: 0.053 | Q8: 0.053 | R8: 0.053 | S8: 0.053 | T8: 0.053 | U8: 0.053 | V8: 0.053 | W8: 0.053 | X8: 0.053
A9: Roof | B9: Warehouse | C9: FlatRoof_WoodFramedAndOther_NonRes | D9: Metal deck roof: Roof Membrane + Continuous Insulation + Metal Decking | E9: U-factor IP | F9: Pre 1978 | G9: N/A | H9: Considering 30 years for roof/ insulation replacement. | I9: =I10 -> 0.057 | J9: =J10 -> 0.057 | K9: =K10 -> 0.057 | L9: =L10 -> 0.057 | M9: =M10 -> 0.057 | N9: =N10 -> 0.078 | O9: =O10 -> 0.078 | P9: =P10 -> 0.078 | ... X9: =X10 -> 0.057
F10: 1978-1997 | G10: 1992 | I10: 0.057 | J10: 0.057 | K10: 0.057 | L10: 0.057 | M10: 0.057 | N10: 0.078 | O10: 0.078 | P10: 0.078 | Q10: 0.078 | R10: 0.078 | S10: 0.057 | T10: 0.057 | U10: 0.057 | V10: 0.057 | W10: 0.057 | X10: 0.057
F11: 1998-2007 | G11: 2001 | H11: Table 1-H | I11: 0.057 | J11: 0.057 | K11: 0.057 | L11: 0.057 | M11: 0.057 | N11: 0.078 | O11: 0.078 | P11: 0.078 | Q11: 0.078 | R11: 0.057 | S11: 0.057 | T11: 0.057 | U11: 0.057 | V11: 0.057 | W11: 0.057 | X11: 0.057
F12: 2008-2018 | G12: 2013 | H12: Table 140.3-B | I12: 0.065 | J12: 0.065 | K12: 0.065 | L12: 0.065 | M12: 0.065 | N12: 0.065 | O12: 0.065 | P12: 0.065 | Q12: 0.065 | R12: 0.065 | S12: 0.065 | T12: 0.065 | U12: 0.065 | V12: 0.065 | W12: 0.065 | X12: 0.065
F13: Existing | H13: Weighted average of all 4 vintages | I13: {=_xlfn.BYCOL(TRANSPOSE(Weights!$C$4:$F$19)*I9:X12,_xlfn.LAMBDA(_xlpm.c,SUM(_xlpm.c)))} -> 0.058997174 | J13: 0.059905407 | K13: 0.057335323 | L13: 0.057144949 | M13: 0.057472026 | N13: 0.077478972 | O13: 0.07754828 | P13: 0.077450467 | Q13: 0.077563366 | R13: 0.064284818 | S13: 0.058707353 | T13: 0.05848718 | U13: 0.058226375 | V13: 0.057989818 | W13: 0.059543332 | X13: 0.058297147
F14: 2019+ | G14: 2025 | H14: Table 140.3-B | I14: 0.038 | J14: 0.038 | K14: 0.038 | L14: 0.038 | M14: 0.038 | N14: 0.038 | O14: 0.038 | P14: 0.038 | Q14: 0.038 | R14: 0.038 | S14: 0.038 | T14: 0.038 | U14: 0.038 | V14: 0.038 | W14: 0.038 | X14: 0.038
A15: Windows | B15: Warehouse | C15: FixedWindow_NonRes | D15: Single Pane (CBECS 2018, ~ 50 % of warehouse that were built before 2000 are single pane) | E15: U-factor IP | F15: Pre 1978 | G15: N/A | H15: ASHRAE Handbook of Fundamentals for single pane (Table 4- CH15) & T24 2013 for double pane (50%-50%) | I15: =0.5*1.12+0.5*I18 -> 0.74 | J15: =0.5*1.12+0.5*J18 -> 0.74 | K15: =0.5*1.12+0.5*K18 -> 0.74 | L15: =0.5*1.12+0.5*L18 -> 0.74 | M15: =0.5*1.12+0.5*M18 -> 0.74 | N15: =0.5*1.12+0.5*N18 -> 0.74 | O15: =0.5*1.12+0.5*O18 -> 0.74 | P15: =0.5*1.12+0.5*P18 -> 0.74 | ... X15: =0.5*1.12+0.5*X18 -> 0.74
F16: 1978-1997 | G16: N/A | I16: =I15 -> 0.74 | J16: =J15 -> 0.74 | K16: =K15 -> 0.74 | L16: =L15 -> 0.74 | M16: =M15 -> 0.74 | N16: =N15 -> 0.74 | O16: =O15 -> 0.74 | P16: =P15 -> 0.74 | ... X16: =X15 -> 0.74
D17: Double pane | F17: 1998-2007 | G17: 2001 | H17: Table 1-H | I17: 0.49 | J17: 0.49 | K17: 0.81 | L17: 0.81 | M17: 0.81 | N17: 0.81 | O17: 0.81 | P17: 0.81 | Q17: 0.81 | R17: 0.49 | S17: 0.49 | T17: 0.49 | U17: 0.49 | V17: 0.49 | W17: 0.49 | X17: 0.49
F18: 2008-2018 | G18: 2013 | H18: Table 140.3-B | I18: 0.36 | J18: 0.36 | K18: 0.36 | L18: 0.36 | M18: 0.36 | N18: 0.36 | O18: 0.36 | P18: 0.36 | Q18: 0.36 | R18: 0.36 | S18: 0.36 | T18: 0.36 | U18: 0.36 | V18: 0.36 | W18: 0.36 | X18: 0.36
F19: Existing | H19: Weighted average of all 4 vintages | I19: {=_xlfn.BYCOL(TRANSPOSE(Weights!$C$4:$F$19)*I15:X18,_xlfn.LAMBDA(_xlpm.c,SUM(_xlpm.c)))} -> 0.57307168 | J19: 0.55825648 | K19: 0.74065411 | L19: 0.74894317 | M19: 0.75459304 | N19: 0.73441169 | O19: 0.7452322 | P19: 0.7328781 | Q19: 0.73653057 | R19: 0.52548245 | S19: 0.60008292 | T19: 0.60948745 | U19: 0.61162068 | V19: 0.58074918 | W19: 0.50217771 | X19: 0.54681589
F20: 2019+ | G20: 2025 | H20: Table 140.3-B | I20: 0.36 | J20: 0.36 | K20: 0.36 | L20: 0.36 | M20: 0.36 | N20: 0.36 | O20: 0.36 | P20: 0.36 | Q20: 0.34 | R20: 0.36 | S20: 0.34 | T20: 0.34 | U20: 0.34 | V20: 0.34 | W20: 0.34 | X20: 0.36
D21: Single Pane (CBECS 2018, ~ 50 % of warehouse that were built before 2000 are single pane) | E21: SHGC | F21: Pre 1978 | G21: N/A | H21: ASHRAE Handbook of Fundamentals for single pane (Table 10-Ch15) & T24 2013 for double pane (50%-50%) | I21: =0.79*0.5+I24*0.5 -> 0.52 | J21: =0.79*0.5+J24*0.5 -> 0.52 | K21: =0.79*0.5+K24*0.5 -> 0.52 | L21: =0.79*0.5+L24*0.5 -> 0.52 | M21: =0.79*0.5+M24*0.5 -> 0.52 | N21: =0.79*0.5+N24*0.5 -> 0.52 | O21: =0.79*0.5+O24*0.5 -> 0.52 | P21: =0.79*0.5+P24*0.5 -> 0.52 | ... X21: =0.79*0.5+X24*0.5 -> 0.52
F22: 1978-1997 | G22: N/A | I22: =I21 -> 0.52 | J22: =J21 -> 0.52 | K22: =K21 -> 0.52 | L22: =L21 -> 0.52 | M22: =M21 -> 0.52 | N22: =N21 -> 0.52 | O22: =O21 -> 0.52 | P22: =P21 -> 0.52 | ... X22: =X21 -> 0.52
D23: Double pane | F23: 1998-2007 | G23: 2001 | H23: Table 1-H (Non north 0-10%) | I23: 0.49 | J23: 0.47 | K23: 0.61 | L23: 0.61 | M23: 0.61 | N23: 0.61 | O23: 0.61 | P23: 0.61 | Q23: 0.61 | R23: 0.47 | S23: 0.47 | T23: 0.47 | U23: 0.47 | V23: 0.46 | W23: 0.46 | X23: 0.49
F24: 2008-2018 | G24: 2013 | H24: Table 140.3-B | I24: 0.25 | J24: 0.25 | K24: 0.25 | L24: 0.25 | M24: 0.25 | N24: 0.25 | O24: 0.25 | P24: 0.25 | Q24: 0.25 | R24: 0.25 | S24: 0.25 | T24: 0.25 | U24: 0.25 | V24: 0.25 | W24: 0.25 | X24: 0.25
F25: Existing | H25: Weighted average of all 4 vintages | I25: {=_xlfn.BYCOL(TRANSPOSE(Weights!$C$4:$F$19)*I21:X24,_xlfn.LAMBDA(_xlpm.c,SUM(_xlpm.c)))} -> 0.44394788 | J25: 0.41319517 | K25: 0.5300027 | L25: 0.53545877 | M25: 0.55165889 | N25: 0.52157508 | O25: 0.53432197 | P25: 0.52008268 | Q25: 0.5228805 | R25: 0.43296157 | S25: 0.45061328 | T25: 0.45783337 | U25: 0.46458454 | V25: 0.45965736 | W25: 0.40607918 | X25: 0.46043315
F26: 2019+ | G26: 2025 | H26: Table 140.3-B | I26: 0.25 | J26: 0.25 | K26: 0.25 | L26: 0.25 | M26: 0.25 | N26: 0.25 | O26: 0.25 | P26: 0.25 | Q26: 0.22 | R26: 0.25 | S26: 0.22 | T26: 0.22 | U26: 0.22 | V26: 0.22 | W26: 0.22 | X26: 0.25
A27: Skylight | B27: Warehouse | C27: Skylight | D27: Translucent | E27: U-factor IP | F27: Pre 1978 | G27: 1992 | H27: Table 1-I | I27: 0.85 | J27: 1.31 | K27: 1.31 | L27: 1.31 | M27: 1.31 | N27: 1.31 | O27: 1.31 | P27: 1.31 | Q27: 1.31 | R27: 1.31 | S27: 0.85 | T27: 0.85 | U27: 0.85 | V27: 0.85 | W27: 0.85 | X27: 0.85
F28: 1978-1997 | G28: 1992 | I28: =I27 -> 0.85 | J28: =J27 -> 1.31 | K28: =K27 -> 1.31 | L28: =L27 -> 1.31 | M28: =M27 -> 1.31 | N28: =N27 -> 1.31 | O28: =O27 -> 1.31 | P28: =P27 -> 1.31 | ... X28: =X27 -> 0.85
D29: Plastic curb mounted | F29: 1998-2007 | G29: 2001 | H29: Table 1-H | I29: 0.87 | J29: 1.1 | K29: 1.3 | L29: 1.3 | M29: 1.3 | N29: 1.3 | O29: 1.3 | P29: 1.3 | Q29: 1.3 | R29: 1.1 | S29: 1.1 | T29: 1.1 | U29: 1.1 | V29: 1.1 | W29: 1.1 | X29: 0.87
F30: 2008-2018 | G30: 2013 | H30: Table 140.3-B | I30: 0.88 | J30: 0.88 | K30: 0.88 | L30: 0.88 | M30: 0.88 | N30: 0.88 | O30: 0.88 | P30: 0.88 | Q30: 0.88 | R30: 0.88 | S30: 0.88 | T30: 0.88 | U30: 0.88 | V30: 0.88 | W30: 0.88 | X30: 0.88
F31: Existing | H31: Weighted average of all 4 vintages | I31: {=_xlfn.BYCOL(TRANSPOSE(Weights!$C$4:$F$19)*I27:X30,_xlfn.LAMBDA(_xlpm.c,SUM(_xlpm.c)))} -> 0.86325441 | J31: 1.1170956 | K31: 1.289607 | L31: 1.2999473 | M31: 1.2793409 | N31: 1.2913887 | O31: 1.2924247 | P31: 1.2905458 | Q31: 1.2942298 | R31: 1.1045983 | S31: 0.9152204 | T31: 0.91544842 | U31: 0.92472541 | V31: 0.96594627 | W31: 0.97655152 | X31: 0.86538996
F32: 2019+ | G32: 2025 | H32: Table 140.3-B | I32: 0.88 | J32: 0.88 | K32: 0.88 | L32: 0.88 | M32: 0.88 | N32: 0.88 | O32: 0.88 | P32: 0.88 | Q32: 0.88 | R32: 0.88 | S32: 0.88 | T32: 0.88 | U32: 0.88 | V32: 0.88 | W32: 0.88 | X32: 0.88
D33: Translucent | E33: SHGC | F33: Pre 1978 | G33: 1992 | H33: Table 1-I | I33: 0.81 | J33: 0.86 | K33: 0.86 | L33: 0.86 | M33: 0.86 | N33: 0.86 | O33: 0.86 | P33: 0.86 | Q33: 0.86 | R33: 0.86 | S33: 0.81 | T33: 0.81 | U33: 0.81 | V33: 0.81 | W33: 0.81 | X33: 0.81
F34: 1978-1997 | G34: 1992 | I34: =I33 -> 0.81 | J34: =J33 -> 0.86 | K34: =K33 -> 0.86 | L34: =L33 -> 0.86 | M34: =M33 -> 0.86 | N34: =N33 -> 0.86 | O34: =O33 -> 0.86 | P34: =P33 -> 0.86 | ... X34: =X33 -> 0.81
D35: Plastic curb mounted | F35: 1998-2007 | G35: 2001 | H35: Table 1-H (For SSR 2.1-5%) | I35: 0.58 | J35: 0.62 | K35: 0.65 | L35: 0.65 | M35: 0.65 | N35: 0.62 | O35: 0.62 | P35: 0.62 | Q35: 0.62 | R35: 0.62 | S35: 0.62 | T35: 0.62 | U35: 0.62 | V35: 0.58 | W35: 0.58 | X35: 0.58
F36: 2008-2018 | G36: 2013 | H36: There is no requirement in the code (considered same as 2001) | I36: =I35 -> 0.58 | J36: =J35 -> 0.62 | K36: =K35 -> 0.65 | L36: =L35 -> 0.65 | M36: =M35 -> 0.65 | N36: =N35 -> 0.62 | O36: =O35 -> 0.62 | P36: =P35 -> 0.62 | ... X36: =X35 -> 0.58
F37: Existing | H37: Weighted average of all 4 vintages | I37: {=_xlfn.BYCOL(TRANSPOSE(Weights!$C$4:$F$19)*I33:X36,_xlfn.LAMBDA(_xlpm.c,SUM(_xlpm.c)))} -> 0.68628369 | J37: 0.73085058 | K37: 0.80145063 | L37: 0.80870912 | M37: 0.73656656 | N37: 0.81732419 | O37: 0.78845029 | P37: 0.81919858 | Q37: 0.82007494 | R37: 0.6824551 | S37: 0.72474882 | T37: 0.72917713 | U37: 0.72757745 | V37: 0.67828703 | W37: 0.6292263 | X37: 0.65166288
F38: 2019+ | G38: 2025 | H38: There is no requirement in the code (considered same as 2001) | I38: =I35 -> 0.58 | J38: =J35 -> 0.62 | K38: =K35 -> 0.65 | L38: =L35 -> 0.65 | M38: =M35 -> 0.65 | N38: =N35 -> 0.62 | O38: =O35 -> 0.62 | P38: =P35 -> 0.62 | ... X38: =X35 -> 0.58
C40: Infiltration
D41: Building | E41: Zones | F41: Vintage | G41: I_75 (cfm/ft2) 6-sided Infiltration rate @ 75 pa | H41: Source | I41: I-design (cfm/ft²) (4-sided Infiltration rate at normal pressure) (Design flow rate approach and Flow/Exterior Wall Area calculation method)
C42: Infiltration | D42: Warehouse | F42: Pre 1978 | G42: 1.1 | H42: 2022 CASE report (Table 38) | I42: 0.5769
F43: 1978-1997 | G43: 1.1 | H43: 2022 CASE report (Table 38) | I43: 0.5769
F44: 1998-2007 | G44: 1.1 | H44: 2022 CASE report (Table 38) | I44: 0.5769
F45: 2008-2018 | G45: 1 | H45: 2022 CASE report (Table 38) & T24, 2008-2016 (Table 140.3-B) | I45: 0.5279
F46: Existing | H46: Same as Pre 2008 because of their higher weights | I46: =I44 -> 0.5769
F47: 2019+ | G47: 0.6 | H47: 2022 CASE report (Table 38) & T24, 2025 (Table 140.3-B) | I47: 0.3147
E48: Source: T24 air barrier requirements (all editions) , the standardized infiltration rate reported in the 2022 CASE report, and Dodge 2023 data
E49: Infiltration_rate_report_14May2025-Short-Version.docx
E52: Door infiltration
E53: Zone | F53: Infiltration Rate | G53: Source | H53: Note
E54: Office | F54: 374 cfm | G54: PPNL, ASHRAE 90.1- 2022 Warehouse prototype | H54: Office door Infiltration with maximum infiltration at 8 am, 13 pm, 18 pm.
E55: BulkStorage | F55: 616 cfm (32*7+0.5+783*0.5) | G55: PNNL 17056, 2007 | H55: Loading dock doors infiltration: Assumptions: 7 doors each 8 ft * 10 ft 783 cfm per door when dock doors open 32 cfm per door ( or 0.4 cfm/ sf of door area ) when dock doors close Loading time from 8 am -12 pm One truck per hour with a 30 minutes of unloading time | I55: Technical Support Document: The Development of the Advanced Energy Design Guide for Small Warehouse and Self-Storage Buildings
F56: =32*7/616 -> 0.36363636
A60: Pre-1978 exterior wall U value calculation:
A61: External Wall | B61: Warehouse | C61: ExtWall_MetalBuilding_NonRes | D61: Metal building: Metal surface + Continuous Insulation + Metal panel | E61: U-value IP | F61: Pre 1978 | G61: N/A | H61: ASHRAE 90.1, 2022 Table A3.2.3, R-0 | I61: 1.18 | J61: 1.18 | K61: 1.18 | L61: 1.18 | M61: 1.18 | N61: 1.18 | O61: 1.18 | P61: 1.18 | Q61: 1.18 | R61: 1.18 | S61: 1.18 | T61: 1.18 | U61: 1.18 | V61: 1.18 | W61: 1.18 | X61: 1.18
H62: T24 2008 (U value): Metal building | I62: 0.113 | J62: 0.061 | K62: 0.113 | L62: 0.061 | M62: 0.061 | N62: 0.113 | O62: 0.113 | P62: 0.061 | Q62: 0.061 | R62: 0.061 | S62: 0.061 | T62: 0.061 | U62: 0.061 | V62: 0.061 | W62: 0.057 | X62: 0.061
H63: DOE pre 1980 warehouse prototype LA (U value) (metal building with ~R2 insulation) | I63: 0.301 | J63: 0.301 | K63: 0.301 | L63: 0.301 | M63: 0.301 | N63: 0.301 | O63: 0.301 | P63: 0.301 | Q63: 0.301 | R63: 0.301 | S63: 0.301 | T63: 0.301 | U63: 0.301 | V63: 0.301 | W63: 0.301 | X63: 0.301
H64: Renovation rate since 1980 (yearly renovation rate was calculated from CBECS 2003 and 2012 and then projected over 48 years) | I64: 0.051
A66: Background Data [To be deleted prior to publication]
A68: T24, 2025
A70: 140.3 (a) 6 A. | B70: Skylights shall, have an area no greater than 5 percent of the gross exterior roof area Skylight Roof Ratio (SRR).
A71: 140.3 (c) 4. | B71: The total skylight area is at least 3% of the total floor area in the space within a horizontal distance of 0.7 times the average ceiling height from the edge of rough opening of skylights; or the product of the total skylight area and the average skylight visible transmittance is no less than 1.5 percent of the total floor area in the space within a horizontal distance of 0.7 times the average ceiling height from the edge of rough opening of skylights.
A73: T24, 1986
A75: External Wall | B75: Warehouse | C75: Metal Building | D75: Stucco + Continuous Insulation + Metal Framing + Gypsum 5/8in | E75: U factor | F75: 1978-1997 | G75: 1986 | H75: low-rise office: Package A/ Heat Capacity was considered 10.0-14.99 (Btu/F/ft²) | I75: =1/6.63 -> 0.15082956 | J75: =1/6.35 -> 0.15748031 | K75: =1/6.35 -> 0.15748031 | L75: =1/6.96 -> 0.14367816 | M75: =1/6.96 -> 0.14367816 | N75: =1/4.62 -> 0.21645022 | O75: =1/4.62 -> 0.21645022 | P75: =1/4.62 -> 0.21645022 | Q75: =1/4.62 -> 0.21645022 | R75: =1/4.62 -> 0.21645022 | S75: =1/5.37 -> 0.18621974 | T75: =1/5.37 -> 0.18621974 | U75: =1/5.37 -> 0.18621974 | V75: =1/6.3 -> 0.15873016 | W75: =1/6.3 -> 0.15873016 | X75: =1/6.63 -> 0.15082956 | Y75: These values are lower than the next code cycle.
A77: For NEW NONRESIDENTIAL BUILDINGS OF OCCUPANCIES A, 5, E AND H:
A79: HDD for each CZ in CA | B79: <3500
A80: weight of wall | B80: <10 lb/ft²
A81: TD eq (<10 lb/ft²) | B81: 44 | D81: U wall base on HDD | E81: =(B88*B83-0)/(B82*B84) -> 0.39
A82: MCF (<10 lb/ft²) | B82: 1 | D82: U wall base on CDD | E82: =(B87*B83-0)/(B84*B81) -> 0.70454545
A83: Aow (ft²)= | B83: =(330+150)*2*28 -> 26880
A84: Awall (ft²) | B84: =B83 -> 26880 | D84: U wall (Btu/hr-ft²-F) | E84: =MIN(E81:E82) -> 0.39
A85: Awindows(ft²) ~ | B85: 0
A87: Min OTTV | B87: 31 | C87: Frame Fig 2-53E
A88: Min Uow (HDD< 3500) | B88: 0.39 | C88: Frame Fig 2-53B
A135: Position of the loading dock doors ( Right side of the image)

Sheet HVAC System
A1: ="HVAC system - "&Prototype!A2 -> HVAC system - Warehouse
A2: Vintage | B2: Space/Thermal Zone | C2: Heating | D2: Cooling | E2: Air Distribution | F2: Other Systems | G2: Source
A3: Existing | B3: Office | C3: Furnace (Gas) | D3: DX (RTU) | E3: CAV | G3: CEUS 2022 + Engineering Judgement
B4: Fine Storage | C4: Furnace (Gas) | D4: DX (RTU) | E4: CAV
B5: Bulk Storage | C5: Unit Heater (Gas) (lower heating setpoint ) | D5: None | E5: CAV | F5: Exhaust fan
A6: New Construction | B6: Office | C6: HP | D6: DX (RTU) | E6: CAV | G6: T24, 2025
B7: Fine Storage | C7: HP | D7: DX (RTU) | E7: CAV
B8: Bulk Storage | C8: Unit Heater (Gas) (lower heating setpoint) | D8: None | E8: CAV | F8: Exhaust fan
A12: Efficiency of HVAC system (Efficiency is capacity-dependent. The following table provides a general estimate of system efficiency based on preliminary simulations in one climate zone, or assuming cooling load based on rule of thumb)
A13: Vintage | B13: Upgrade/Installed year | C13: Gas Furnace | D13: DX Cooling | E13: HP | F13: Unit Heater | G13: Source
A14: Pre 1978 | B14: 2008 | C14: Thermal Efficiency of 80% | D14: EER=9.0 when system <65 kBtu/h EER=9.7 when system >65 & <135 kBtu/h EER=9.5 when system >135 & <240 kBtu/h | F14: 80% gas efficiency, no cooling | G14: T24, 2008 for systems >65 kBtu/hr CFR 2009 for systems <65 kBtu/hr
A15: 1978-1997
A16: 1998-2007
A17: 2008-2018 | B17: 2013 | C17: Thermal Efficiency of 80% | D17: EER=9.0 when system <65 kBtu/h EER=11.2 when system >65 & <135 kBtu/h EER=11 when system >135 & <240 kBtu/h | F17: 80% gas efficiency, no cooling | G17: 10 CFR 2013 (431.97, Table 1) / T24, 2025, ACM 2013
A18: New Construction | B18: 2025 | E18: SEER2=13.4 / Cop=3.3, EER=11 when system <65 kBtu/h EER=11 when system >65 & <135 kBtu/h EER=10.6 when system >135 & <240 kBtu/h | F18: 80% gas efficiency, no cooling | G18: 10 CFR 2024 / T24, 2025, ACM 2025
A22: Fan Power
A23: Vintage | B23: Approach | C23: System | D23: Total Static Pressure (TSP) (in w.c.) | E23: Fan Efficiency [ACM 2025] | F23: Motor Efficiency | G23: Fan Power Index (W/cfm) | H23: Data Source
A24: Existing | B24: PNNL 90.1-2011, TSP | C24: CAV Office | D24: 2.5 (system <7,437 cfm) | E24: 0.65 | F24: ASHRAE 90.1, 2004, Table 10.8 * | H24: Fan power formula: PNNL 20405, 2010, section 5.2.2.5 TSP and fan efficiency: PNNL 20405, 2010, Table 5.11, 90.1-04ac values Motor efficiency: ASHRAE 90.1, 2004, Table 10.8
C25: CAV Fine Storage | D25: 2.5 (system <7,437 cfm) 4.09 (system >7,437 cfm | E25: 0.65
C26: Unit heater in Bulk Storage | D26: 0.2 | E26: 0.65
A27: Brake horsepower (bhp) = (Supply cfm × TSP in w.c.) / (6356 × fan efficiency)
A28: Fan power (w/cfm) = (bhp × 746) / ( supply cfm × motor efficiency )
A29: New Construction | B29: ACM 2025 | C29: HP Office (system <5,000 cfm) | D29: TSP = fan power × motor efficiency × fan efficiency × 6356 / 746 | E29: 0.65 | F29: 2025 ACM Table 12 ** | G29: 0.744 (system <5,000 cfm in office space | H29: Fan power index: [ACM 2025, Table 13] Motor efficiency: [ACM 2025, Table 12]
C30: HP Fine Storage, >10,000 cfm | D30: TSP = fan power × motor efficiency × fan efficiency × 6356 / 746 | G30: 0.676
C31: Unit heater in Bulk Storage | D31: TSP = fan power × motor efficiency × fan efficiency × 6356 / 745 | G31: 0.62 (5,000-10,000 cfm) 0.605 (>10,000 cfm)
A33: * According to PNNL 20405 section 5.2.2.5, the full-load efficiency of the motor serving the fan is taken from ASHRAE 90.1, 2004, Table 10.8, based on motor nameplate and assuming enclosed motors operating at 1,800 rotations per minute (rpm) Motor nameplate size (bhp) = brake horsepower (bhp) × 1.1 ( using a 10% oversizing factor)
A34: "** The full‑load efficiency of the motor serving the fan is taken from ACM 2025 Table 12 based on the cfm of the fan. Brake horsepower (bhp) = (Supply cfm from sizing run × fan power in W/cfm) / 746. Note: ACM System 6 VAV >10,000 cfm."

Sheet Thermostat
A1: ="Thermostat Setpoints - "&Prototype!A2 -> Thermostat Setpoints - Warehouse
A2: Space/Thermal Zone | B2: Setpoint | C2: CZ1 | D2: CZ2 | E2: CZ3 | F2: CZ4 | G2: CZ5 | H2: CZ6 | I2: CZ7 | J2: CZ8 | K2: CZ9 | L2: CZ10 | M2: CZ11 | N2: CZ12 | O2: CZ13 | P2: CZ14 | Q2: CZ15 | R2: CZ16 | S2: Source
A3: =Zones!B3 -> Office | B3: Heating Setpoint (F) | C3: 70 | D3: 70 | E3: 70 | F3: 70 | G3: 70 | H3: 70 | I3: 70 | J3: 70 | K3: 70 | L3: 70 | M3: 70 | N3: 70 | O3: 70 | P3: 70 | Q3: 70 | R3: 70 | S3: T24 2022 - Appendix 5.4B
B4: Heating Setback (F) | C4: 60 | D4: 60 | E4: 60 | F4: 60 | G4: 60 | H4: 60 | I4: 60 | J4: 60 | K4: 60 | L4: 60 | M4: 60 | N4: 60 | O4: 60 | P4: 60 | Q4: 60 | R4: 60
B5: Cooling Setpoint (F) | C5: 75 | D5: 75 | E5: 75 | F5: 75 | G5: 75 | H5: 75 | I5: 75 | J5: 75 | K5: 75 | L5: 75 | M5: 75 | N5: 75 | O5: 75 | P5: 75 | Q5: 75 | R5: 75
B6: Cooling Setback (F) | C6: 85 | D6: 85 | E6: 85 | F6: 85 | G6: 85 | H6: 85 | I6: 85 | J6: 85 | K6: 85 | L6: 85 | M6: 85 | N6: 85 | O6: 85 | P6: 85 | Q6: 85 | R6: 85
A7: =Zones!B4 -> FineStorage | B7: Heating Setpoint (F) | C7: 70 | D7: 70 | E7: 70 | F7: 70 | G7: 70 | H7: 70 | I7: 70 | J7: 70 | K7: 70 | L7: 70 | M7: 70 | N7: 70 | O7: 70 | P7: 70 | Q7: 70 | R7: 70 | S7: T24 2022 - Appendix 5.4B
B8: Heating Setback (F) | C8: 60 | D8: 60 | E8: 60 | F8: 60 | G8: 60 | H8: 60 | I8: 60 | J8: 60 | K8: 60 | L8: 60 | M8: 60 | N8: 60 | O8: 60 | P8: 60 | Q8: 60 | R8: 60
B9: Cooling Setpoint (F) | C9: 75 | D9: 75 | E9: 75 | F9: 75 | G9: 75 | H9: 75 | I9: 75 | J9: 75 | K9: 75 | L9: 75 | M9: 75 | N9: 75 | O9: 75 | P9: 75 | Q9: 75 | R9: 75
B10: Cooling Setback (F) | C10: 85 | D10: 85 | E10: 85 | F10: 85 | G10: 85 | H10: 85 | I10: 85 | J10: 85 | K10: 85 | L10: 85 | M10: 85 | N10: 85 | O10: 85 | P10: 85 | Q10: 85 | R10: 85
A11: =Zones!B5 -> BulkStorage | B11: Heating Setpoint (F)* | C11: 50 | D11: 50 | E11: 50 | F11: 50 | G11: 50 | H11: 50 | I11: 50 | J11: 50 | K11: 50 | L11: 50 | M11: 50 | N11: 50 | O11: 50 | P11: 50 | Q11: 50 | R11: 50 | S11: PNNL ASHRAE 90.1 2022, Warehouse prototype
A13: * Bulk storage is defined as a general inventory space that only needs freeze protection.

Sheet Ventilation
A1: ="Outdoor Airflow Rate - "&Prototype!A2 -> Outdoor Airflow Rate - Warehouse
A2: Space/Thermal Zone | B2: Number of People | C2: Floor Area (ft²) | D2: cfm/person [T24, 2025, Equation 120.1-F and Table 120.1-A] | E2: cfm/ft² [T24, 2025, Equation 120.1-F and Table 120.1-A] | F2: Required Exhaust Rate [T24, 2025, Table 120.1-B – minimum exhaust rates] | G2: Total cfm Driven by People | H2: Total cfm Driven by Area | I2: Total cfm Driven by Exhaust | J2: Total cfm | K2: Notes
A3: =Zones!B3 -> Office | B3: =Zones!K3 -> 12.74875 | C3: =Zones!H3 -> 2549.75 | D3: 15 | E3: 0.15 | F3: - | G3: =B3*D3 -> 191.23125 | H3: =C3*E3 -> 382.4625 | I3: =F3 -> - | J3: =MAX(G3:I3) -> 382.4625
A4: =Zones!B4 -> FineStorage | B4: =Zones!K4 -> 14.99855 | C4: =Zones!H4 -> 14998.55 | D4: 15 | E4: 0.15 | F4: - | G4: =B4*D4 -> 224.97825 | H4: =C4*E4 -> 2249.7825 | I4: =F4 -> - | J4: =MAX(G4:I4) -> 2249.7825
A5: =Zones!B5 -> BulkStorage | B5: =Zones!K5 -> 34.49673 | C5: =Zones!H5 -> 34496.73 | D5: 15 | E5: 0.15 | F5: - | G5: =B5*D5 -> 517.45095 | H5: =C5*E5 -> 5174.5095 | I5: =F5 -> - | J5: =MAX(G5:I5) -> 5174.5095 | K5: This amount of OA cfm appear low. May be updated with further research.
A7: Fine storage is defined for normal inventory that doesn't require an extra exhaust rate based on the space functions in T24, Part6, 2025, Table 120.1 B.

Sheet Water Heater
A1: ="Water Heater - "&Prototype!A2 -> Water Heater - Warehouse
A2: Vintage | B2: WH Type | C2: Efficiency | D2: Number of WH | E2: Tank Volume (gal) | F2: Tank Loss | G2: Source
A3: Existing | B3: Electric resistance WH | C3: 1 | D3: 1 | E3: See table below for CZ-specific values: Climate Zone Water Heater Sizing and Loss Coefficients, Storage Volume column (col G) | F3: See table below: Climate Zone Water Heater Sizing and Loss Coefficients, Standby Loss column (col H) | G3: See table below for sources: Climate Zone Water Heater Sizing and Loss Coefficients
A4: New Construction | B4: Electric resistance WH | C4: 1 | D4: 1 | E4: See table below for CZ-specific values: Climate Zone Water Heater Sizing and Loss Coefficients, Storage Volume column (col G) | F4: See table below: Climate Zone Water Heater Sizing and Loss Coefficients, Standby Loss column (col H) | G4: See table below for sources: Climate Zone Water Heater Sizing and Loss Coefficients
A7: Peak Hot Water Consumption
A8: Space Name | B8: Baseline WH Type [T24, 2022, Appendix 5.4A , sheet: "2022 SpaceFuncData-Input"] | C8: Total Area (ft²) | D8: Number of People | E8: Hot Water Usage Specification (gal/hr per person) [T24, 2022, Appendix 5.4A , sheet: "2022 SpaceFuncData-Input"] | F8: Peak Hot Water Usage (gal/hr) | G8: Peak Hot Water Usage (gal/min) | H8: Note
A9: =Zones!B3 -> Office | B9: Electric | C9: =Zones!H3 -> 2549.75 | D9: =Zones!K3 -> 12.74875 | E9: 0.18 | F9: =D9*E9 -> 2.294775 | G9: =F9/60 -> 0.03824625 | H9: For space types marked with an asterisk (the ‘*’ symbol), the water‑heater type is listed as electric in Appendix 5.4A, sheet ‘2022 SpaceFuncData‑Input.’ However, we modified the value based on CEUS data, which indicates that gas is the primary fuel type.
A10: =Zones!B4 -> FineStorage | B10: Electric | C10: =Zones!H4 -> 14998.55 | D10: =Zones!K4 -> 14.99855 | E10: 0.18 | F10: =D10*E10 -> 2.699739 | G10: =F10/60 -> 0.04499565
A11: =Zones!B5 -> BulkStorage | B11: Electric | C11: =Zones!H5 -> 34496.73 | D11: =Zones!K5 -> 34.49673 | E11: 0.18 | F11: =D11*E11 -> 6.2094114 | G11: =F11/60 -> 0.10349019
A12: Total | B12: Gas storage | F12: =_xlfn.LET( _xlpm.g,SUMIF($B$9:$B$11,"Gas*",$F$9:$F$11), _xlpm.e,SUMIF($B$9:$B$11,"Electric*",$F$9:$F$11), IF(AND(_xlpm.g>0,_xlpm.e>0),_xlpm.g,IF(_xlpm.g>0,MAX(75,_xlpm.g),0))) -> 0 | H12: Minimum peak hot water usage is 75 gal according to ACM 2025
A13: Total | B13: Electric resistance | F13: =_xlfn.LET( _xlpm.g,SUMIF($B$9:$B$11,"Gas*",$F$9:$F$11), _xlpm.e,SUMIF($B$9:$B$11,"Electric*",$F$9:$F$11), IF(AND(_xlpm.g>0,_xlpm.e>0),_xlpm.e,IF(_xlpm.e>0,MAX(75,_xlpm.e),0))) -> 75
A17: Design supply temperature (°F) | B17: 135 | C17: CEC-400-2022-009-CMF-REV2-AP5.4B
A18: WH system factor | B18: 0.6 | C18: 2025 ACM §5.9.2 Rated Capacity
A19: Water mass conversion (lb/gal) | B19: 8.2877 | C19: 2025 ACM §5.9.2 Rated Capacity
A20: Reheat multiplier | B20: 0.4 | C20: 2025 ACM §5.9.2 Storage Volume
A21: Climate Zone Water Heater Sizing and Loss Coefficients
A22: Climate Zone | B22: Minimum Monthly Mains Temp (°F) [T24 2022 - Appendix 5.4B] | C22: Heat Output (Btu/hr) [ACM, 2025, 5.9.2: Rated capacity section] | D22: WH Capacity (Btu/hr) [ACM, 2025, 5.9.2: Rated capacity section] | E22: Required Energy Input (Btu/hr) | F22: Storage Volume (gal) | G22: Standby Loss [Title 20, §1605.1 Table F-4; Appendix B: Water Heating Calculation Method] | I22: Off/On Cycle Loss Coefficient to Ambient Temp | K22: Source/Note
A23: CZ01 | B23: 47.9 | C23: =$F$13*($B$17-B23)*$B$19 -> 54139.4 | D23: =C23*$B$18 -> 32483.64 | E23: =_xlfn.LET(_xlpm.x,_xlfn.XLOOKUP(D23,$D$44:$D$58,$D$44:$D$58,"",1),IF(_xlpm.x="",ROUNDUP(D23,0),_xlpm.x)) -> 34121 | F23: =_xlfn.LET(_xlpm.v,MAX(30,$F$13*$B$20),_xlpm.x,_xlfn.XLOOKUP(_xlpm.v,$G$44:$G$58,$G$44:$G$58,"",1),IF(_xlpm.x="",ROUNDUP(_xlpm.v,0),_xlpm.x)) -> 30 | G23: =0.3+27/F23 -> 1.2 | H23: =IF($F$13>0,"%/hr","Btu/hr") -> %/hr | I23: =0.0834*G23*F23 -> 3.0024 | J23: Btu/h·°F | K23: Required Energy Input: vendor/available catalog size (Market data table). Storage Volume: standard/available catalog tank size (Market data table).
A24: CZ02 | B24: 50.8 | C24: =$F$13*($B$17-B24)*$B$19 -> 52336.825 | D24: =C24*$B$18 -> 31402.095 | E24: =_xlfn.LET(_xlpm.x,_xlfn.XLOOKUP(D24,$D$44:$D$58,$D$44:$D$58,"",1),IF(_xlpm.x="",ROUNDUP(D24,0),_xlpm.x)) -> 34121 | F24: =_xlfn.LET(_xlpm.v,MAX(30,$F$13*$B$20),_xlpm.x,_xlfn.XLOOKUP(_xlpm.v,$G$44:$G$58,$G$44:$G$58,"",1),IF(_xlpm.x="",ROUNDUP(_xlpm.v,0),_xlpm.x)) -> 30 | G24: =0.3+27/F24 -> 1.2 | H24: =IF($F$13>0,"%/hr","Btu/hr") -> %/hr | I24: =0.0834*G24*F24 -> 3.0024 | J24: Btu/h·°F
A25: CZ03 | B25: 52.2 | C25: =$F$13*($B$17-B25)*$B$19 -> 51466.617 | D25: =C25*$B$18 -> 30879.97 | E25: =_xlfn.LET(_xlpm.x,_xlfn.XLOOKUP(D25,$D$44:$D$58,$D$44:$D$58,"",1),IF(_xlpm.x="",ROUNDUP(D25,0),_xlpm.x)) -> 34121 | F25: =_xlfn.LET(_xlpm.v,MAX(30,$F$13*$B$20),_xlpm.x,_xlfn.XLOOKUP(_xlpm.v,$G$44:$G$58,$G$44:$G$58,"",1),IF(_xlpm.x="",ROUNDUP(_xlpm.v,0),_xlpm.x)) -> 30 | G25: =0.3+27/F25 -> 1.2 | H25: =IF($F$13>0,"%/hr","Btu/hr") -> %/hr | I25: =0.0834*G25*F25 -> 3.0024 | J25: Btu/h·°F
A26: CZ04 | B26: 52.7 | C26: =$F$13*($B$17-B26)*$B$19 -> 51155.828 | D26: =C26*$B$18 -> 30693.497 | E26: =_xlfn.LET(_xlpm.x,_xlfn.XLOOKUP(D26,$D$44:$D$58,$D$44:$D$58,"",1),IF(_xlpm.x="",ROUNDUP(D26,0),_xlpm.x)) -> 30709 | F26: =_xlfn.LET(_xlpm.v,MAX(30,$F$13*$B$20),_xlpm.x,_xlfn.XLOOKUP(_xlpm.v,$G$44:$G$58,$G$44:$G$58,"",1),IF(_xlpm.x="",ROUNDUP(_xlpm.v,0),_xlpm.x)) -> 30 | G26: =0.3+27/F26 -> 1.2 | H26: =IF($F$13>0,"%/hr","Btu/hr") -> %/hr | I26: =0.0834*G26*F26 -> 3.0024 | J26: Btu/h·°F
A27: CZ05 | B27: 51.6 | C27: =$F$13*($B$17-B27)*$B$19 -> 51839.563 | D27: =C27*$B$18 -> 31103.738 | E27: =_xlfn.LET(_xlpm.x,_xlfn.XLOOKUP(D27,$D$44:$D$58,$D$44:$D$58,"",1),IF(_xlpm.x="",ROUNDUP(D27,0),_xlpm.x)) -> 34121 | F27: =_xlfn.LET(_xlpm.v,MAX(30,$F$13*$B$20),_xlpm.x,_xlfn.XLOOKUP(_xlpm.v,$G$44:$G$58,$G$44:$G$58,"",1),IF(_xlpm.x="",ROUNDUP(_xlpm.v,0),_xlpm.x)) -> 30 | G27: =0.3+27/F27 -> 1.2 | H27: =IF($F$13>0,"%/hr","Btu/hr") -> %/hr | I27: =0.0834*G27*F27 -> 3.0024 | J27: Btu/h·°F
A28: CZ06 | B28: 56.8 | C28: =$F$13*($B$17-B28)*$B$19 -> 48607.36 | D28: =C28*$B$18 -> 29164.416 | E28: =_xlfn.LET(_xlpm.x,_xlfn.XLOOKUP(D28,$D$44:$D$58,$D$44:$D$58,"",1),IF(_xlpm.x="",ROUNDUP(D28,0),_xlpm.x)) -> 30709 | F28: =_xlfn.LET(_xlpm.v,MAX(30,$F$13*$B$20),_xlpm.x,_xlfn.XLOOKUP(_xlpm.v,$G$44:$G$58,$G$44:$G$58,"",1),IF(_xlpm.x="",ROUNDUP(_xlpm.v,0),_xlpm.x)) -> 30 | G28: =0.3+27/F28 -> 1.2 | H28: =IF($F$13>0,"%/hr","Btu/hr") -> %/hr | I28: =0.0834*G28*F28 -> 3.0024 | J28: Btu/h·°F
A29: CZ07 | B29: 58.4 | C29: =$F$13*($B$17-B29)*$B$19 -> 47612.836 | D29: =C29*$B$18 -> 28567.702 | E29: =_xlfn.LET(_xlpm.x,_xlfn.XLOOKUP(D29,$D$44:$D$58,$D$44:$D$58,"",1),IF(_xlpm.x="",ROUNDUP(D29,0),_xlpm.x)) -> 30709 | F29: =_xlfn.LET(_xlpm.v,MAX(30,$F$13*$B$20),_xlpm.x,_xlfn.XLOOKUP(_xlpm.v,$G$44:$G$58,$G$44:$G$58,"",1),IF(_xlpm.x="",ROUNDUP(_xlpm.v,0),_xlpm.x)) -> 30 | G29: =0.3+27/F29 -> 1.2 | H29: =IF($F$13>0,"%/hr","Btu/hr") -> %/hr | I29: =0.0834*G29*F29 -> 3.0024 | J29: Btu/h·°F
A30: CZ08 | B30: 58.4 | C30: =$F$13*($B$17-B30)*$B$19 -> 47612.836 | D30: =C30*$B$18 -> 28567.702 | E30: =_xlfn.LET(_xlpm.x,_xlfn.XLOOKUP(D30,$D$44:$D$58,$D$44:$D$58,"",1),IF(_xlpm.x="",ROUNDUP(D30,0),_xlpm.x)) -> 30709 | F30: =_xlfn.LET(_xlpm.v,MAX(30,$F$13*$B$20),_xlpm.x,_xlfn.XLOOKUP(_xlpm.v,$G$44:$G$58,$G$44:$G$58,"",1),IF(_xlpm.x="",ROUNDUP(_xlpm.v,0),_xlpm.x)) -> 30 | G30: =0.3+27/F30 -> 1.2 | H30: =IF($F$13>0,"%/hr","Btu/hr") -> %/hr | I30: =0.0834*G30*F30 -> 3.0024 | J30: Btu/h·°F
A31: CZ09 | B31: 57.6 | C31: =$F$13*($B$17-B31)*$B$19 -> 48110.098 | D31: =C31*$B$18 -> 28866.059 | E31: =_xlfn.LET(_xlpm.x,_xlfn.XLOOKUP(D31,$D$44:$D$58,$D$44:$D$58,"",1),IF(_xlpm.x="",ROUNDUP(D31,0),_xlpm.x)) -> 30709 | F31: =_xlfn.LET(_xlpm.v,MAX(30,$F$13*$B$20),_xlpm.x,_xlfn.XLOOKUP(_xlpm.v,$G$44:$G$58,$G$44:$G$58,"",1),IF(_xlpm.x="",ROUNDUP(_xlpm.v,0),_xlpm.x)) -> 30 | G31: =0.3+27/F31 -> 1.2 | H31: =IF($F$13>0,"%/hr","Btu/hr") -> %/hr | I31: =0.0834*G31*F31 -> 3.0024 | J31: Btu/h·°F
A32: CZ10 | B32: 57.1 | C32: =$F$13*($B$17-B32)*$B$19 -> 48420.887 | D32: =C32*$B$18 -> 29052.532 | E32: =_xlfn.LET(_xlpm.x,_xlfn.XLOOKUP(D32,$D$44:$D$58,$D$44:$D$58,"",1),IF(_xlpm.x="",ROUNDUP(D32,0),_xlpm.x)) -> 30709 | F32: =_xlfn.LET(_xlpm.v,MAX(30,$F$13*$B$20),_xlpm.x,_xlfn.XLOOKUP(_xlpm.v,$G$44:$G$58,$G$44:$G$58,"",1),IF(_xlpm.x="",ROUNDUP(_xlpm.v,0),_xlpm.x)) -> 30 | G32: =0.3+27/F32 -> 1.2 | H32: =IF($F$13>0,"%/hr","Btu/hr") -> %/hr | I32: =0.0834*G32*F32 -> 3.0024 | J32: Btu/h·°F
A33: CZ11 | B33: 50.5 | C33: =$F$13*($B$17-B33)*$B$19 -> 52523.299 | D33: =C33*$B$18 -> 31513.979 | E33: =_xlfn.LET(_xlpm.x,_xlfn.XLOOKUP(D33,$D$44:$D$58,$D$44:$D$58,"",1),IF(_xlpm.x="",ROUNDUP(D33,0),_xlpm.x)) -> 34121 | F33: =_xlfn.LET(_xlpm.v,MAX(30,$F$13*$B$20),_xlpm.x,_xlfn.XLOOKUP(_xlpm.v,$G$44:$G$58,$G$44:$G$58,"",1),IF(_xlpm.x="",ROUNDUP(_xlpm.v,0),_xlpm.x)) -> 30 | G33: =0.3+27/F33 -> 1.2 | H33: =IF($F$13>0,"%/hr","Btu/hr") -> %/hr | I33: =0.0834*G33*F33 -> 3.0024 | J33: Btu/h·°F
A34: CZ12 | B34: 51.4 | C34: =$F$13*($B$17-B34)*$B$19 -> 51963.879 | D34: =C34*$B$18 -> 31178.327 | E34: =_xlfn.LET(_xlpm.x,_xlfn.XLOOKUP(D34,$D$44:$D$58,$D$44:$D$58,"",1),IF(_xlpm.x="",ROUNDUP(D34,0),_xlpm.x)) -> 34121 | F34: =_xlfn.LET(_xlpm.v,MAX(30,$F$13*$B$20),_xlpm.x,_xlfn.XLOOKUP(_xlpm.v,$G$44:$G$58,$G$44:$G$58,"",1),IF(_xlpm.x="",ROUNDUP(_xlpm.v,0),_xlpm.x)) -> 30 | G34: =0.3+27/F34 -> 1.2 | H34: =IF($F$13>0,"%/hr","Btu/hr") -> %/hr | I34: =0.0834*G34*F34 -> 3.0024 | J34: Btu/h·°F
A35: CZ13 | B35: 51.7 | C35: =$F$13*($B$17-B35)*$B$19 -> 51777.406 | D35: =C35*$B$18 -> 31066.443 | E35: =_xlfn.LET(_xlpm.x,_xlfn.XLOOKUP(D35,$D$44:$D$58,$D$44:$D$58,"",1),IF(_xlpm.x="",ROUNDUP(D35,0),_xlpm.x)) -> 34121 | F35: =_xlfn.LET(_xlpm.v,MAX(30,$F$13*$B$20),_xlpm.x,_xlfn.XLOOKUP(_xlpm.v,$G$44:$G$58,$G$44:$G$58,"",1),IF(_xlpm.x="",ROUNDUP(_xlpm.v,0),_xlpm.x)) -> 30 | G35: =0.3+27/F35 -> 1.2 | H35: =IF($F$13>0,"%/hr","Btu/hr") -> %/hr | I35: =0.0834*G35*F35 -> 3.0024 | J35: Btu/h·°F
... A38: CZ16 | B38: 41.4 | C38: =$F$13*($B$17-B38)*$B$19 -> 58179.654 | D38: =C38*$B$18 -> 34907.792 | E38: =_xlfn.LET(_xlpm.x,_xlfn.XLOOKUP(D38,$D$44:$D$58,$D$44:$D$58,"",1),IF(_xlpm.x="",ROUNDUP(D38,0),_xlpm.x)) -> 40946 | F38: =_xlfn.LET(_xlpm.v,MAX(30,$F$13*$B$20),_xlpm.x,_xlfn.XLOOKUP(_xlpm.v,$G$44:$G$58,$G$44:$G$58,"",1),IF(_xlpm.x="",ROUNDUP(_xlpm.v,0),_xlpm.x)) -> 30 | G38: =0.3+27/F38 -> 1.2 | H38: =IF($F$13>0,"%/hr","Btu/hr") -> %/hr | I38: =0.0834*G38*F38 -> 3.0024 | J38: Btu/h·°F
A42: Market data
A43: Catalog gas input (Btu/h) | B43: Input source | C43: Elec resistance tank (kW) | D43: Elec resistance (Btu/h) | E43: Catalog gas tank (gal) | F43: Tank source | G43: Elec tank (gal) | H43: Elec tank source | I43: =HYPERLINK("#'Note'!A1","Sources and links → Note tab") -> Sources and links → Note tab
A44: 60000 | B44: Grainger | C44: 1.5 | D44: 5118 | E44: 34 | F44: ENERGY STAR | G44: 6 | H44: Grainger
A45: 75100 | B45: Grainger | C45: 2 | D45: 6824 | E45: 35 | F45: Grainger | G45: 10 | H45: Grainger
A46: 76000 | B46: Both | C46: 3 | D46: 10236 | E46: 48 | F46: Grainger | G46: 15 | H46: Grainger
A47: 80000 | B47: Grainger | C47: 4.5 | D47: 15355 | E47: 50 | F47: Both | G47: 20 | H47: Grainger
A48: 99900 | B48: ENERGY STAR | C48: 6 | D48: 20473 | E48: 55 | F48: ENERGY STAR | G48: 28 | H48: Grainger
A49: 100000 | B49: Both | C49: 8 | D49: 27297 | E49: 60 | F49: ENERGY STAR | G49: 30 | H49: Grainger
A50: 120000 | B50: ENERGY STAR | C50: 9 | D50: 30709 | E50: 65 | F50: Both | G50: 36 | H50: Grainger
A51: 125000 | B51: Both | C51: 10 | D51: 34121 | E51: 72 | F51: Grainger | G51: 40 | H51: Grainger
A52: 130000 | B52: Both | C52: 12 | D52: 40946 | E52: 75 | F52: Both | G52: 47
A53: 145000 | B53: ENERGY STAR | C53: 12.1 | D53: 41287 | E53: 76 | F53: Grainger | G53: 50
A54: 150000 | B54: ENERGY STAR | C54: 18 | D54: 61419 | E54: 80 | F54: Both | G54: 65
A55: 156000 | B55: Grainger | C55: 24 | D55: 81891 | E55: 82 | F55: Grainger | G55: 80
A56: 160000 | B56: Both | C56: 27 | D56: 92128 | E56: 85 | F56: Grainger | G56: 85
A57: 175000 | B57: ENERGY STAR | C57: 36 | D57: 122837 | E57: 90 | F57: Both | G57: 105
A58: 180000 | B58: Grainger | C58: 54 | D58: 184256 | E58: 91 | F58: Grainger | G58: 120
A59: 199000 | B59: ENERGY STAR | E59: 100 | F59: Both
A60: 199900 | B60: Both | E60: 110 | F60: ENERGY STAR
A61: 200000 | B61: ENERGY STAR | E61: 119 | F61: Both
A62: 250000 | B62: Both | E62: 125 | F62: ENERGY STAR
A63: 251000 | B63: ENERGY STAR
A64: 270000 | B64: Grainger
A65: 285000 | B65: ENERGY STAR
A66: 300000 | B66: Both
A67: 320000 | B67: ENERGY STAR
A68: 360000 | B68: Grainger
A69: 398000 | B69: ENERGY STAR
A70: 399000 | B70: ENERGY STAR
A71: 399900 | B71: Both
A72: 499900 | B72: Grainger
A73: 550000 | B73: Grainger
A74: 715000 | B74: Grainger

Sheet Interior Lights
A1: ="Interior Lighting - "&Prototype!A2 -> Interior Lighting - Warehouse
A2: Space Type | B2: New Construction | E2: Existing | H2: Notes
B3: LPD (W/ft²) | C3: Additional LPD for Portable Lighting (W/ft²) | D3: Source | E3: LPD (W/ft²) | F3: Additional LPD for Portable Lighting (W/ft²) | G3: Source
A4: Office Area (>250 square feet) | B4: 0.6 | C4: 0.1 | D4: T24, 2025, Table 140.6-C (Area category method) | E4: 0.75 | G4: T24, 2016, Table 140.6-C (Area category method) LPD of "All other spaces" is considered for storage space | H4: It is assumed that 50% of the additional allowance lighting is in use.
A5: Storage, Commercial/Industrial (Warehouse) | B5: 0.4 | E5: 0.5
A28: Background Data [To be deleted prior to publication]
A32: Existing | B32: Whole Building | C32: All other building | D32: 0.4 | F32: T24, 2019, Table 140.6 B
B33: Area Category | C33: =Zones!C23 -> 0 | D33: 0.65 | F33: T24, 2019, Table 140.6-C
C34: =Zones!C24 -> 0 | D34: 0.4
C35: =Zones!C25 -> 0 | D35: 0.4
A37: Existing | B37: Whole Building | C37: All other building | D37: 0.5 | F37: T24, 2016, Table 140.6 B
B38: Area Category | C38: ZONE1 OFFICE | D38: 0.75 | F38: T24, 2016, Table 140.6-C
C39: ZONE2 FINE STORAGE | D39: 0.5
C40: ZONE3 BULK STORAGE | D40: 0.5
A42: Existing | B42: Whole Building | C42: All other building | D42: 0.6 | F42: T24, 2013, Table 140.6 B
B43: Area Category | C43: ZONE1 OFFICE | D43: 0.75 | F43: T24, 2013, Table 140.6-C
C44: ZONE2 FINE STORAGE | D44: 0.6
C45: ZONE3 BULK STORAGE | D45: 0.6

Sheet Equipment
A1: ="Equipment - "&Prototype!A2 -> Equipment - Warehouse
A2: Space Type | B2: Plug Load Power Density (W/ft²) | C2: Destratification Fan Load Power Density (W/ft²) | D2: Forklift Load Power Density (W/ft²) | E2: Source
A3: Office Area (>250 square feet) | B3: 0.7 | E3: Plug load and schedules project with CEC, 2025
A4: Storage, Commercial/Industrial (Warehouse) | B4: 0.2 | C4: 0.09 | D4: =10*5*0.7*1000/50000 -> 0.7 | E4: Plug load: T24 2022 - Appendix 5.4A: "Space Use Data-T24N-2023" Destratification: Electricity usage of destratification fans. Assumptions: 2 ACH (Bulk Storage: 32,197 cfm (965,908*2/60) FineStorage:12808 cfm (384,263*2/60)) , 3 HVLS fans each ~15,000 cfm and 1.5 kw for each: Total 0.09 w/sf https://continentalfan.com/wp-content/uploads/2022/12/Destratification_Fans_Wholesale_Ventilation_Products.pdf? Forklift: Electricity usage for charging forklift machines/robots, distributed to both storage spaces. Assumption: 5 chargers each 10 K , 0.7 diversity
A5: Storage, Commercial/Industrial (Warehouse) | E5: Electricity usage of destratification fans. Assumptions: 2 ACH (Bulk Storage: 32,197 cfm (965,908*2/60) FineStorage:12808 cfm (384,263*2/60)) , 3 HVLS fans each ~15,000 cfm and 1.5 kw for each: Total 0.09 w/sf https://continentalfan.com/wp-content/uploads/2022/12/Destratification_Fans_Wholesale_Ventilation_Products.pdf? | F5: https://continentalfan.com/destratification-fan-application-guide/?utm
A6: Storage, Commercial/Industrial (Warehouse) | E6: Electricity usage for charging forklift machines/robots, distributed to both storage spaces. Assumption: 5 chargers each 10 K , 0.7 diversity | F6: U.S. Department of Energy, Better Buildings, "Battery Charging Basics for Forklifts" Pacific Northwest National Laboratory (PNNL), "Warehouse Energy Use: Characterization and Opportunities" Class I–III electric forklift chargers typically draw 4–10 kW each. Fast/Opportunity chargers may draw 10–20 kW, but 4–8 kW is most common. | G6: (From DOE BB resources / charger efficiency studies) : "Industrial battery chargers for Class I–III forklifts commonly draw 4 to 8 kW during bulk charging."
A20: Background Data [To be deleted prior to publication]

Sheet Ext Lighting
A1: ="Exterior Lighting - "&Prototype!A2 -> Exterior Lighting - Warehouse
A2: Motion Controlled Luminaires (W) | B2: Non-motion Controlled Luminaires (W) | C2: Total (W) | D2: Source
A3: =G15 -> 751.5569 | B3: =G16 -> 1380.4315 | C3: =B3+A3 -> 2131.9884 | D3: T24, 2022
A8: Exterior Lighting
A9: Items (Assume LZ2) | B9: Assumptions [2019 Outdoor Lighting CASE Report & PNNL 90.1-2010 TSD] | D9: Unit | E9: Lighting Power Allowance [T24, 2025, Table 140.7-A & 140.7-B] | F9: Unit | G9: Exterior Lighting Power (W)
A10: IWA (Initial Wattage Allowance) | E10: 200 | F10: (W) | G10: =$E10 -> 200
A11: Parking area | B11: 400 ft² for every parking space 1 parking space per 830 ft² of gross building area | C11: =B22/830*400 -> 25081.942 | D11: (ft²) | E11: 0.019 | F11: (W/ft²) | G11: =$E11*C11 -> 476.5569
A12: Building Entrance | B12: 5 building entrance (1 per 10,000 ft² footprint) | C12: =5 -> 5 | D12: (count) | E12: 15 | F12: (W/ea) | G12: =E12*C12 -> 75
A13: Hardscape Ornamental Light | B13: 0.1 ft² per 1 ft² of gross building area for hardscape ornamental light | C13: =B22*0.1 -> 5204.503 | D13: (ft²) | E13: 0.007 | F13: (W/ft²) | G13: =E13*C13 -> 36.431521
A14: Building façade | B14: 0.1 W per 1 ft² of facade area Façade Area = Perimeter × 0.5 × 28 ft (30 ft is the max height that is lit) * The 0.5 factor assumes that only half of the perimeter walls are lit. -Formula is developed based on the 2019 Outdoor Lighting CASE report | C14: =B21*0.5*28 -> 13440 | D14: (ft²) | E14: 0.1 | F14: (W/ft²) | G14: =E14*C14 -> 1344
A15: Motion controlled Luminaires | G15: =G11+G10+G12 -> 751.5569
A16: Non-motion-controlled Luminaires | G16: =G13+G14 -> 1380.4315
A17: TOTAL | G17: =G15+G16 -> 2131.9884
A19: *Developed based on 2019 Outdoor Lighting CASE Report
A21: Perimeter (ft) | B21: =(330+150)*2 -> 960
A22: Total floor area (ft²) | B22: =Zones!H6 -> 52045.03
A23: Floors | B23: 1

Sheet Schedules
A1: ="Schedules - "&Prototype!A2 -> Schedules - Warehouse
A2: Zone | B2: Schedule Category | C2: Schedule | D2: Source | E2: Type | F2: Hour
F3: 1 | G3: 2 | H3: 3 | I3: 4 | J3: 5 | K3: 6 | L3: 7 | M3: 8 | N3: 9 | O3: 10 | P3: 11 | Q3: 12 | R3: 13 | S3: 14 | T3: 15 | U3: 16 | V3: 17 | W3: 18 | X3: 19 | Y3: 20 | Z3: 21 | AA3: 22 | AB3: 23 | AC3: 24
A4: Fine storage | B4: FineStorage | C4: Occupancy | D4: T24 2022 - Appendix 5.4B, [Warehouse] (Start and end hours of weekday schedule has been shifted to stay align with the plug load project with CEC) with Saturday Occupied. | E4: Weekday | F4: 0 | G4: 0 | H4: 0 | I4: 0 | J4: 0 | K4: 0.15 | L4: 0.7 | M4: 0.9 | N4: 0.9 | O4: 0.9 | P4: 0.9 | Q4: 0.9 | R4: 0.5 | S4: 0.85 | T4: 0.85 | U4: 0.2 | V4: 0 | W4: 0 | X4: 0 | Y4: 0 | Z4: 0 | AA4: 0 | AB4: 0 | AC4: 0
E5: Saturday | F5: =F4 -> 0 | G5: =G4 -> 0 | H5: =H4 -> 0 | I5: =I4 -> 0 | J5: =J4 -> 0 | K5: =K4 -> 0.15 | L5: =L4 -> 0.7 | M5: =M4 -> 0.9 | ... AC5: =AC4 -> 0
E6: Sunday | F6: 0 | G6: 0 | H6: 0 | I6: 0 | J6: 0 | K6: 0 | L6: 0 | M6: 0 | N6: 0 | O6: 0 | P6: 0 | Q6: 0 | R6: 0 | S6: 0 | T6: 0 | U6: 0 | V6: 0 | W6: 0 | X6: 0 | Y6: 0 | Z6: 0 | AA6: 0 | AB6: 0 | AC6: 0
A7: =A4 -> Fine storage | B7: =B4 -> FineStorage | C7: Lights | D7: T24 2022 - Appendix 5.4B, [Warehouse] (Start and end hours of weekday schedule has been shifted to stay align with the plug load project with CEC) with Saturday Occupied. | E7: Weekday | F7: 0.05 | G7: 0.05 | H7: 0.05 | I7: 0.05 | J7: 0.05 | K7: 0.45 | L7: 0.55 | M7: 0.55 | N7: 0.55 | O7: 0.55 | P7: 0.55 | Q7: 0.55 | R7: 0.55 | S7: 0.55 | T7: 0.55 | U7: 0.55 | V7: 0.3 | W7: 0.05 | X7: 0.05 | Y7: 0.05 | Z7: 0.05 | AA7: 0.05 | AB7: 0.05 | AC7: 0.05
E8: Saturday | F8: =F7 -> 0.05 | G8: =G7 -> 0.05 | H8: =H7 -> 0.05 | I8: =I7 -> 0.05 | J8: =J7 -> 0.05 | K8: =K7 -> 0.45 | L8: =L7 -> 0.55 | M8: =M7 -> 0.55 | ... AC8: =AC7 -> 0.05
E9: Sunday | F9: 0.05 | G9: 0.05 | H9: 0.05 | I9: 0.05 | J9: 0.05 | K9: 0.05 | L9: 0.05 | M9: 0.05 | N9: 0.05 | O9: 0.05 | P9: 0.05 | Q9: 0.05 | R9: 0.05 | S9: 0.05 | T9: 0.05 | U9: 0.05 | V9: 0.05 | W9: 0.05 | X9: 0.05 | Y9: 0.05 | Z9: 0.05 | AA9: 0.05 | AB9: 0.05 | AC9: 0.05
A10: =A4 -> Fine storage | B10: =B4 -> FineStorage | C10: ElecEquipment | D10: Plug load and schedules project with CEC, 2025 (weekday) *New weekday schedule starts at 6 and ends at 17 instead of 8-18 in the Appendix 5.4B with Saturday Occupied. T24 2022 - Appendix 5.4B (weekend) | E10: Weekday | F10: 0.05 | G10: 0.05 | H10: 0.05 | I10: 0.05 | J10: 0.05 | K10: 0.5 | L10: 0.9 | M10: 0.9 | N10: 0.9 | O10: 0.9 | P10: 0.9 | Q10: 0.9 | R10: 0.9 | S10: 0.9 | T10: 0.9 | U10: 0.65 | V10: 0.25 | W10: 0.05 | X10: 0.05 | Y10: 0.05 | Z10: 0.05 | AA10: 0.05 | AB10: 0.05 | AC10: 0.05
E11: Saturday | F11: =F10 -> 0.05 | G11: =G10 -> 0.05 | H11: =H10 -> 0.05 | I11: =I10 -> 0.05 | J11: =J10 -> 0.05 | K11: =K10 -> 0.5 | L11: =L10 -> 0.9 | M11: =M10 -> 0.9 | ... AC11: =AC10 -> 0.05
E12: Sunday | F12: 0.05 | G12: 0.05 | H12: 0.05 | I12: 0.05 | J12: 0.05 | K12: 0.05 | L12: 0.05 | M12: 0.05 | N12: 0.05 | O12: 0.05 | P12: 0.05 | Q12: 0.05 | R12: 0.05 | S12: 0.05 | T12: 0.05 | U12: 0.05 | V12: 0.05 | W12: 0.05 | X12: 0.05 | Y12: 0.05 | Z12: 0.05 | AA12: 0.05 | AB12: 0.05 | AC12: 0.05
A13: =A4 -> Fine storage | B13: =B4 -> FineStorage | C13: HVACAvail | D13: T24 2022 - Appendix 5.4B, [Warehouse] (Start and end hours of weekday schedule has been shifted to stay align with the plug load project with CEC) with Saturday Occupied. | E13: Weekday | F13: 0 | G13: 0 | H13: 0 | I13: 0 | J13: 1 | K13: 1 | L13: 1 | M13: 1 | N13: 1 | O13: 1 | P13: 1 | Q13: 1 | R13: 1 | S13: 1 | T13: 1 | U13: 1 | V13: 0 | W13: 0 | X13: 0 | Y13: 0 | Z13: 0 | AA13: 0 | AB13: 0 | AC13: 0
E14: Saturday | F14: =F13 -> 0 | G14: =G13 -> 0 | H14: =H13 -> 0 | I14: =I13 -> 0 | J14: =J13 -> 1 | K14: =K13 -> 1 | L14: =L13 -> 1 | M14: =M13 -> 1 | ... AC14: =AC13 -> 0
E15: Sunday | F15: 0 | G15: 0 | H15: 0 | I15: 0 | J15: 0 | K15: 0 | L15: 0 | M15: 0 | N15: 0 | O15: 0 | P15: 0 | Q15: 0 | R15: 0 | S15: 0 | T15: 0 | U15: 0 | V15: 0 | W15: 0 | X15: 0 | Y15: 0 | Z15: 0 | AA15: 0 | AB15: 0 | AC15: 0
A16: =A4 -> Fine storage | B16: =B4 -> FineStorage | C16: ServiceHotWater | D16: T24 2022 - Appendix 5.4B, [Warehouse] (Start and end hours of weekday schedule has been shifted to stay align with the plug load project with CEC) with Saturday Occupied. | E16: Weekday | F16: 0.02 | G16: 0.02 | H16: 0.02 | I16: 0.05 | J16: 0.07 | K16: 0.1 | L16: 0.3 | M16: 0.36 | N16: 0.36 | O16: 0.36 | P16: 0.36 | Q16: 0.46 | R16: 0.57 | S16: 0.43 | T16: 0.4 | U16: 0.3 | V16: 0.18 | W16: 0.18 | X16: 0.03 | Y16: 0.03 | Z16: 0.03 | AA16: 0.03 | AB16: 0.03 | AC16: 0.03
E17: Saturday | F17: =F16 -> 0.02 | G17: =G16 -> 0.02 | H17: =H16 -> 0.02 | I17: =I16 -> 0.05 | J17: =J16 -> 0.07 | K17: =K16 -> 0.1 | L17: =L16 -> 0.3 | M17: =M16 -> 0.36 | ... AC17: =AC16 -> 0.03
E18: Sunday | F18: 0.02 | G18: 0.02 | H18: 0.02 | I18: 0.02 | J18: 0.02 | K18: 0.02 | L18: 0.02 | M18: 0.02 | N18: 0.02 | O18: 0.02 | P18: 0.02 | Q18: 0.02 | R18: 0.04 | S18: 0.04 | T18: 0.02 | U18: 0.02 | V18: 0.02 | W18: 0.02 | X18: 0.02 | Y18: 0.02 | Z18: 0.02 | AA18: 0.02 | AB18: 0.02 | AC18: 0.02
A19: =A4 -> Fine storage | B19: =B4 -> FineStorage | C19: Infiltration | E19: Weekday | F19: 1 | G19: 1 | H19: 1 | I19: 1 | J19: 1 | K19: 1 | L19: 1 | M19: 1 | N19: 1 | O19: 1 | P19: 1 | Q19: 1 | R19: 1 | S19: 1 | T19: 1 | U19: 1 | V19: 1 | W19: 1 | X19: 1 | Y19: 1 | Z19: 1 | AA19: 1 | AB19: 1 | AC19: 1
E20: Saturday | F20: 1 | G20: 1 | H20: 1 | I20: 1 | J20: 1 | K20: 1 | L20: 1 | M20: 1 | N20: 1 | O20: 1 | P20: 1 | Q20: 1 | R20: 1 | S20: 1 | T20: 1 | U20: 1 | V20: 1 | W20: 1 | X20: 1 | Y20: 1 | Z20: 1 | AA20: 1 | AB20: 1 | AC20: 1
E21: Sunday | F21: 1 | G21: 1 | H21: 1 | I21: 1 | J21: 1 | K21: 1 | L21: 1 | M21: 1 | N21: 1 | O21: 1 | P21: 1 | Q21: 1 | R21: 1 | S21: 1 | T21: 1 | U21: 1 | V21: 1 | W21: 1 | X21: 1 | Y21: 1 | Z21: 1 | AA21: 1 | AB21: 1 | AC21: 1
A22: =A4 -> Fine storage | B22: =B4 -> FineStorage | C22: HtgSetpt | D22: T24 2022 - Appendix 5.4B, [Warehouse] with Saturday Occupied. | E22: Weekday | F22: =IF(F13=1,Thermostat!$C$7,Thermostat!$C$8) -> 60 | G22: =IF(G13=1,Thermostat!$C$7,Thermostat!$C$8) -> 60 | H22: =IF(H13=1,Thermostat!$C$7,Thermostat!$C$8) -> 60 | I22: =IF(I13=1,Thermostat!$C$7,Thermostat!$C$8) -> 60 | J22: =IF(J13=1,Thermostat!$C$7,Thermostat!$C$8) -> 70 | K22: =IF(K13=1,Thermostat!$C$7,Thermostat!$C$8) -> 70 | L22: =IF(L13=1,Thermostat!$C$7,Thermostat!$C$8) -> 70 | M22: =IF(M13=1,Thermostat!$C$7,Thermostat!$C$8) -> 70 | ... AC22: =IF(AC13=1,Thermostat!$C$7,Thermostat!$C$8) -> 60
E23: Saturday | F23: =IF(F14=1,Thermostat!$C$7,Thermostat!$C$8) -> 60 | G23: =IF(G14=1,Thermostat!$C$7,Thermostat!$C$8) -> 60 | H23: =IF(H14=1,Thermostat!$C$7,Thermostat!$C$8) -> 60 | I23: =IF(I14=1,Thermostat!$C$7,Thermostat!$C$8) -> 60 | J23: =IF(J14=1,Thermostat!$C$7,Thermostat!$C$8) -> 70 | K23: =IF(K14=1,Thermostat!$C$7,Thermostat!$C$8) -> 70 | L23: =IF(L14=1,Thermostat!$C$7,Thermostat!$C$8) -> 70 | M23: =IF(M14=1,Thermostat!$C$7,Thermostat!$C$8) -> 70 | ... AC23: =IF(AC14=1,Thermostat!$C$7,Thermostat!$C$8) -> 60
E24: Sunday | F24: =IF(F15=1,Thermostat!$C$7,Thermostat!$C$8) -> 60 | G24: =IF(G15=1,Thermostat!$C$7,Thermostat!$C$8) -> 60 | H24: =IF(H15=1,Thermostat!$C$7,Thermostat!$C$8) -> 60 | I24: =IF(I15=1,Thermostat!$C$7,Thermostat!$C$8) -> 60 | J24: =IF(J15=1,Thermostat!$C$7,Thermostat!$C$8) -> 60 | K24: =IF(K15=1,Thermostat!$C$7,Thermostat!$C$8) -> 60 | L24: =IF(L15=1,Thermostat!$C$7,Thermostat!$C$8) -> 60 | M24: =IF(M15=1,Thermostat!$C$7,Thermostat!$C$8) -> 60 | ... AC24: =IF(AC15=1,Thermostat!$C$7,Thermostat!$C$8) -> 60
A25: =A4 -> Fine storage | B25: =B4 -> FineStorage | C25: ClgSetpt | D25: T24 2022 - Appendix 5.4B, [Warehouse] with Saturday Occupied. | E25: Weekday | F25: =IF(F13=1,Thermostat!$C$9,Thermostat!$C$10) -> 85 | G25: =IF(G13=1,Thermostat!$C$9,Thermostat!$C$10) -> 85 | H25: =IF(H13=1,Thermostat!$C$9,Thermostat!$C$10) -> 85 | I25: =IF(I13=1,Thermostat!$C$9,Thermostat!$C$10) -> 85 | J25: =IF(J13=1,Thermostat!$C$9,Thermostat!$C$10) -> 75 | K25: =IF(K13=1,Thermostat!$C$9,Thermostat!$C$10) -> 75 | L25: =IF(L13=1,Thermostat!$C$9,Thermostat!$C$10) -> 75 | M25: =IF(M13=1,Thermostat!$C$9,Thermostat!$C$10) -> 75 | ... AC25: =IF(AC13=1,Thermostat!$C$9,Thermostat!$C$10) -> 85
E26: Saturday | F26: =IF(F14=1,Thermostat!$C$9,Thermostat!$C$10) -> 85 | G26: =IF(G14=1,Thermostat!$C$9,Thermostat!$C$10) -> 85 | H26: =IF(H14=1,Thermostat!$C$9,Thermostat!$C$10) -> 85 | I26: =IF(I14=1,Thermostat!$C$9,Thermostat!$C$10) -> 85 | J26: =IF(J14=1,Thermostat!$C$9,Thermostat!$C$10) -> 75 | K26: =IF(K14=1,Thermostat!$C$9,Thermostat!$C$10) -> 75 | L26: =IF(L14=1,Thermostat!$C$9,Thermostat!$C$10) -> 75 | M26: =IF(M14=1,Thermostat!$C$9,Thermostat!$C$10) -> 75 | ... AC26: =IF(AC14=1,Thermostat!$C$9,Thermostat!$C$10) -> 85
E27: Sunday | F27: =IF(F15=1,Thermostat!$C$9,Thermostat!$C$10) -> 85 | G27: =IF(G15=1,Thermostat!$C$9,Thermostat!$C$10) -> 85 | H27: =IF(H15=1,Thermostat!$C$9,Thermostat!$C$10) -> 85 | I27: =IF(I15=1,Thermostat!$C$9,Thermostat!$C$10) -> 85 | J27: =IF(J15=1,Thermostat!$C$9,Thermostat!$C$10) -> 85 | K27: =IF(K15=1,Thermostat!$C$9,Thermostat!$C$10) -> 85 | L27: =IF(L15=1,Thermostat!$C$9,Thermostat!$C$10) -> 85 | M27: =IF(M15=1,Thermostat!$C$9,Thermostat!$C$10) -> 85 | ... AC27: =IF(AC15=1,Thermostat!$C$9,Thermostat!$C$10) -> 85
A28: BulkStorage
A29: Bulk storage | B29: BulkStorage | C29: Occupancy | D29: T24 2022 - Appendix 5.4B, [Warehouse] (Start and end hours of weekday schedule has been shifted to stay align with the plug load project with CEC) with Saturday Occupied. | E29: Weekday | F29: 0 | G29: 0 | H29: 0 | I29: 0 | J29: 0 | K29: 0.15 | L29: 0.7 | M29: 0.9 | N29: 0.9 | O29: 0.9 | P29: 0.9 | Q29: 0.9 | R29: 0.5 | S29: 0.85 | T29: 0.85 | U29: 0.2 | V29: 0 | W29: 0 | X29: 0 | Y29: 0 | Z29: 0 | AA29: 0 | AB29: 0 | AC29: 0
E30: Saturday | F30: 0 | G30: 0 | H30: 0 | I30: 0 | J30: 0 | K30: 0.15 | L30: 0.7 | M30: 0.9 | N30: 0.9 | O30: 0.9 | P30: 0.9 | Q30: 0.9 | R30: 0.5 | S30: 0.85 | T30: 0.85 | U30: 0.2 | V30: 0 | W30: 0 | X30: 0 | Y30: 0 | Z30: 0 | AA30: 0 | AB30: 0 | AC30: 0
E31: Sunday | F31: 0 | G31: 0 | H31: 0 | I31: 0 | J31: 0 | K31: 0 | L31: 0 | M31: 0 | N31: 0 | O31: 0 | P31: 0 | Q31: 0 | R31: 0 | S31: 0 | T31: 0 | U31: 0 | V31: 0 | W31: 0 | X31: 0 | Y31: 0 | Z31: 0 | AA31: 0 | AB31: 0 | AC31: 0
A32: =A29 -> Bulk storage | B32: =B29 -> BulkStorage | C32: Lights | D32: T24 2022 - Appendix 5.4B, [Warehouse] (Start and end hours of weekday schedule has been shifted to stay align with the plug load project with CEC) with Saturday Occupied. | E32: Weekday | F32: 0.05 | G32: 0.05 | H32: 0.05 | I32: 0.05 | J32: 0.05 | K32: 0.45 | L32: 0.55 | M32: 0.55 | N32: 0.55 | O32: 0.55 | P32: 0.55 | Q32: 0.55 | R32: 0.55 | S32: 0.55 | T32: 0.55 | U32: 0.55 | V32: 0.3 | W32: 0.05 | X32: 0.05 | Y32: 0.05 | Z32: 0.05 | AA32: 0.05 | AB32: 0.05 | AC32: 0.05
E33: Saturday | F33: 0.05 | G33: 0.05 | H33: 0.05 | I33: 0.05 | J33: 0.05 | K33: 0.45 | L33: 0.55 | M33: 0.55 | N33: 0.55 | O33: 0.55 | P33: 0.55 | Q33: 0.55 | R33: 0.55 | S33: 0.55 | T33: 0.55 | U33: 0.55 | V33: 0.3 | W33: 0.05 | X33: 0.05 | Y33: 0.05 | Z33: 0.05 | AA33: 0.05 | AB33: 0.05 | AC33: 0.05
E34: Sunday | F34: 0.05 | G34: 0.05 | H34: 0.05 | I34: 0.05 | J34: 0.05 | K34: 0.05 | L34: 0.05 | M34: 0.05 | N34: 0.05 | O34: 0.05 | P34: 0.05 | Q34: 0.05 | R34: 0.05 | S34: 0.05 | T34: 0.05 | U34: 0.05 | V34: 0.05 | W34: 0.05 | X34: 0.05 | Y34: 0.05 | Z34: 0.05 | AA34: 0.05 | AB34: 0.05 | AC34: 0.05
A35: =A29 -> Bulk storage | B35: =B29 -> BulkStorage | C35: ElecEquipment | D35: Plug load and schedules project with CEC, 2025 (weekday) *New weekday schedule starts at 6 and ends at 17 instead of 8-18 in the Appendix 5.4B with Saturday Occupied. T24 2022 - Appendix 5.4B (Sunday) | E35: Weekday | F35: 0.05 | G35: 0.05 | H35: 0.05 | I35: 0.05 | J35: 0.05 | K35: 0.5 | L35: 0.9 | M35: 0.9 | N35: 0.9 | O35: 0.9 | P35: 0.9 | Q35: 0.9 | R35: 0.9 | S35: 0.9 | T35: 0.9 | U35: 0.65 | V35: 0.25 | W35: 0.05 | X35: 0.05 | Y35: 0.05 | Z35: 0.05 | AA35: 0.05 | AB35: 0.05 | AC35: 0.05
E36: Saturday | F36: 0.05 | G36: 0.05 | H36: 0.05 | I36: 0.05 | J36: 0.05 | K36: 0.5 | L36: 0.9 | M36: 0.9 | N36: 0.9 | O36: 0.9 | P36: 0.9 | Q36: 0.9 | R36: 0.9 | S36: 0.9 | T36: 0.9 | U36: 0.65 | V36: 0.25 | W36: 0.05 | X36: 0.05 | Y36: 0.05 | Z36: 0.05 | AA36: 0.05 | AB36: 0.05 | AC36: 0.05
E37: Sunday | F37: 0.05 | G37: 0.05 | H37: 0.05 | I37: 0.05 | J37: 0.05 | K37: 0.05 | L37: 0.05 | M37: 0.05 | N37: 0.05 | O37: 0.05 | P37: 0.05 | Q37: 0.05 | R37: 0.05 | S37: 0.05 | T37: 0.05 | U37: 0.05 | V37: 0.05 | W37: 0.05 | X37: 0.05 | Y37: 0.05 | Z37: 0.05 | AA37: 0.05 | AB37: 0.05 | AC37: 0.05
A38: =A29 -> Bulk storage | B38: =B29 -> BulkStorage | C38: HVACAvail | D38: Developed based on Unit Heater | E38: Weekday | F38: 1 | G38: 1 | H38: 1 | I38: 1 | J38: 1 | K38: 1 | L38: 1 | M38: 1 | N38: 1 | O38: 1 | P38: 1 | Q38: 1 | R38: 1 | S38: 1 | T38: 1 | U38: 1 | V38: 1 | W38: 1 | X38: 1 | Y38: 1 | Z38: 1 | AA38: 1 | AB38: 1 | AC38: 1
E39: Saturday | F39: 1 | G39: 1 | H39: 1 | I39: 1 | J39: 1 | K39: 1 | L39: 1 | M39: 1 | N39: 1 | O39: 1 | P39: 1 | Q39: 1 | R39: 1 | S39: 1 | T39: 1 | U39: 1 | V39: 1 | W39: 1 | X39: 1 | Y39: 1 | Z39: 1 | AA39: 1 | AB39: 1 | AC39: 1
E40: Sunday | F40: 1 | G40: 1 | H40: 1 | I40: 1 | J40: 1 | K40: 1 | L40: 1 | M40: 1 | N40: 1 | O40: 1 | P40: 1 | Q40: 1 | R40: 1 | S40: 1 | T40: 1 | U40: 1 | V40: 1 | W40: 1 | X40: 1 | Y40: 1 | Z40: 1 | AA40: 1 | AB40: 1 | AC40: 1
A41: =A29 -> Bulk storage | B41: =B29 -> BulkStorage | C41: ServiceHotWater | D41: T24 2022 - Appendix 5.4B, [Warehouse] (Start and end hours of weekday schedule has been shifted to stay align with the plug load project with CEC) with Saturday Occupied. | E41: Weekday | F41: 0.02 | G41: 0.02 | H41: 0.02 | I41: 0.05 | J41: 0.07 | K41: 0.1 | L41: 0.3 | M41: 0.36 | N41: 0.36 | O41: 0.36 | P41: 0.36 | Q41: 0.46 | R41: 0.57 | S41: 0.43 | T41: 0.4 | U41: 0.3 | V41: 0.18 | W41: 0.18 | X41: 0.03 | Y41: 0.03 | Z41: 0.03 | AA41: 0.03 | AB41: 0.03 | AC41: 0.03
E42: Saturday | F42: 0.02 | G42: 0.02 | H42: 0.02 | I42: 0.05 | J42: 0.07 | K42: 0.1 | L42: 0.3 | M42: 0.36 | N42: 0.36 | O42: 0.36 | P42: 0.36 | Q42: 0.46 | R42: 0.57 | S42: 0.43 | T42: 0.4 | U42: 0.3 | V42: 0.18 | W42: 0.18 | X42: 0.03 | Y42: 0.03 | Z42: 0.03 | AA42: 0.03 | AB42: 0.03 | AC42: 0.03
E43: Sunday | F43: 0.02 | G43: 0.02 | H43: 0.02 | I43: 0.02 | J43: 0.02 | K43: 0.02 | L43: 0.02 | M43: 0.02 | N43: 0.02 | O43: 0.02 | P43: 0.02 | Q43: 0.02 | R43: 0.04 | S43: 0.04 | T43: 0.02 | U43: 0.02 | V43: 0.02 | W43: 0.02 | X43: 0.02 | Y43: 0.02 | Z43: 0.02 | AA43: 0.02 | AB43: 0.02 | AC43: 0.02
A44: =A29 -> Bulk storage | B44: =B29 -> BulkStorage | C44: Infiltration | E44: Weekday | F44: 1 | G44: 1 | H44: 1 | I44: 1 | J44: 1 | K44: 1 | L44: 1 | M44: 1 | N44: 1 | O44: 1 | P44: 1 | Q44: 1 | R44: 1 | S44: 1 | T44: 1 | U44: 1 | V44: 1 | W44: 1 | X44: 1 | Y44: 1 | Z44: 1 | AA44: 1 | AB44: 1 | AC44: 1
E45: Saturday | F45: 1 | G45: 1 | H45: 1 | I45: 1 | J45: 1 | K45: 1 | L45: 1 | M45: 1 | N45: 1 | O45: 1 | P45: 1 | Q45: 1 | R45: 1 | S45: 1 | T45: 1 | U45: 1 | V45: 1 | W45: 1 | X45: 1 | Y45: 1 | Z45: 1 | AA45: 1 | AB45: 1 | AC45: 1
E46: Sunday | F46: 1 | G46: 1 | H46: 1 | I46: 1 | J46: 1 | K46: 1 | L46: 1 | M46: 1 | N46: 1 | O46: 1 | P46: 1 | Q46: 1 | R46: 1 | S46: 1 | T46: 1 | U46: 1 | V46: 1 | W46: 1 | X46: 1 | Y46: 1 | Z46: 1 | AA46: 1 | AB46: 1 | AC46: 1
A47: =A29 -> Bulk storage | B47: =B29 -> BulkStorage | C47: HtgSetpt | D47: PNNL ASHRAE 90.1 2022, Warehouse prototype | E47: Weekday | F47: =Thermostat!$C$11 -> 50 | G47: =Thermostat!$C$11 -> 50 | H47: =Thermostat!$C$11 -> 50 | I47: =Thermostat!$C$11 -> 50 | J47: =Thermostat!$C$11 -> 50 | K47: =Thermostat!$C$11 -> 50 | L47: =Thermostat!$C$11 -> 50 | M47: =Thermostat!$C$11 -> 50 | ... AC47: =Thermostat!$C$11 -> 50
E48: Saturday | F48: =Thermostat!$C$11 -> 50 | G48: =Thermostat!$C$11 -> 50 | H48: =Thermostat!$C$11 -> 50 | I48: =Thermostat!$C$11 -> 50 | J48: =Thermostat!$C$11 -> 50 | K48: =Thermostat!$C$11 -> 50 | L48: =Thermostat!$C$11 -> 50 | M48: =Thermostat!$C$11 -> 50 | ... AC48: =Thermostat!$C$11 -> 50
E49: Sunday | F49: =Thermostat!$C$11 -> 50 | G49: =Thermostat!$C$11 -> 50 | H49: =Thermostat!$C$11 -> 50 | I49: =Thermostat!$C$11 -> 50 | J49: =Thermostat!$C$11 -> 50 | K49: =Thermostat!$C$11 -> 50 | L49: =Thermostat!$C$11 -> 50 | M49: =Thermostat!$C$11 -> 50 | ... AC49: =Thermostat!$C$11 -> 50
A50: =A32 -> Bulk storage | B50: =B32 -> BulkStorage | C50: ForkliftEquipment | D50: with Saturday Occupied. | E50: Weekday | F50: 0.2 | G50: 0.2 | H50: 0.2 | I50: 0.2 | J50: 0.2 | K50: 0.2 | L50: 0.2 | M50: 0.2 | N50: 0.2 | O50: 0.2 | P50: 0.2 | Q50: 0.2 | R50: 0.2 | S50: 0.2 | T50: 0.2 | U50: 0.2 | V50: 0.5 | W50: 0.5 | X50: 1 | Y50: 1 | Z50: 1 | AA50: 1 | AB50: 1 | AC50: 1
E51: Saturday | F51: 0.2 | G51: 0.2 | H51: 0.2 | I51: 0.2 | J51: 0.2 | K51: 0.2 | L51: 0.2 | M51: 0.2 | N51: 0.2 | O51: 0.2 | P51: 0.2 | Q51: 0.2 | R51: 0.2 | S51: 0.2 | T51: 0.2 | U51: 0.2 | V51: 0.5 | W51: 0.5 | X51: 1 | Y51: 1 | Z51: 1 | AA51: 1 | AB51: 1 | AC51: 1
E52: Sunday | F52: 0.05 | G52: 0.05 | H52: 0.05 | I52: 0.05 | J52: 0.05 | K52: 0.05 | L52: 0.05 | M52: 0.05 | N52: 0.05 | O52: 0.05 | P52: 0.05 | Q52: 0.05 | R52: 0.05 | S52: 0.05 | T52: 0.05 | U52: 0.05 | V52: 0.05 | W52: 0.05 | X52: 0.05 | Y52: 0.05 | Z52: 0.05 | AA52: 0.05 | AB52: 0.05 | AC52: 0.05
A53: =A35 -> Bulk storage | B53: =B35 -> BulkStorage | C53: DoorInfiltration | E53: Weekday | F53: =Envelope!F56 -> 0.36363636 | G53: 0.36 | H53: 0.36 | I53: 0.36 | J53: 0.36 | K53: 0.36 | L53: 0.36 | M53: 1 | N53: 1 | O53: 1 | P53: 1 | Q53: 1 | R53: 0.36 | S53: 0.36 | T53: 0.36 | U53: 0.36 | V53: 0.36 | W53: 0.36 | X53: 0.36 | Y53: 0.36 | Z53: 0.36 | AA53: 0.36 | AB53: 0.36 | AC53: 0.36
E54: Saturday | F54: 0.36 | G54: 0.36 | H54: 0.36 | I54: 0.36 | J54: 0.36 | K54: 0.36 | L54: 0.36 | M54: 1 | N54: 1 | O54: 1 | P54: 1 | Q54: 1 | R54: 0.36 | S54: 0.36 | T54: 0.36 | U54: 0.36 | V54: 0.36 | W54: 0.36 | X54: 0.36 | Y54: 0.36 | Z54: 0.36 | AA54: 0.36 | AB54: 0.36 | AC54: 0.36
E55: Sunday | F55: 0.36 | G55: 0.36 | H55: 0.36 | I55: 0.36 | J55: 0.36 | K55: 0.36 | L55: 0.36 | M55: 0.36 | N55: 0.36 | O55: 0.36 | P55: 0.36 | Q55: 0.36 | R55: 0.36 | S55: 0.36 | T55: 0.36 | U55: 0.36 | V55: 0.36 | W55: 0.36 | X55: 0.36 | Y55: 0.36 | Z55: 0.36 | AA55: 0.36 | AB55: 0.36 | AC55: 0.36
A56: Office
A57: Office | B57: Office | C57: Occupancy | D57: T24 2022 - Appendix 5.4B, [Office] Updated based on Plug load and schedules project with CEC, 2025 | E57: Weekday | F57: 0 | G57: 0 | H57: 0 | I57: 0 | J57: 0 | K57: 0 | L57: 0.1 | M57: 0.2 | N57: 0.95 | O57: 0.95 | P57: 0.95 | Q57: 0.95 | R57: 0.5 | S57: 0.95 | T57: 0.95 | U57: 0.95 | V57: 0.95 | W57: 0.3 | X57: 0.1 | Y57: 0.1 | Z57: 0.1 | AA57: 0.1 | AB57: 0.05 | AC57: 0.05
E58: Saturday | F58: 0 | G58: 0 | H58: 0 | I58: 0 | J58: 0 | K58: 0 | L58: 0.05 | M58: 0.05 | N58: 0.05 | O58: 0.05 | P58: 0.05 | Q58: 0.05 | R58: 0.05 | S58: 0.05 | T58: 0.05 | U58: 0.05 | V58: 0.05 | W58: 0.05 | X58: 0 | Y58: 0 | Z58: 0 | AA58: 0 | AB58: 0 | AC58: 0
E59: Sunday | F59: 0 | G59: 0 | H59: 0 | I59: 0 | J59: 0 | K59: 0 | L59: 0.05 | M59: 0.05 | N59: 0.05 | O59: 0.05 | P59: 0.05 | Q59: 0.05 | R59: 0.05 | S59: 0.05 | T59: 0.05 | U59: 0.05 | V59: 0.05 | W59: 0.05 | X59: 0 | Y59: 0 | Z59: 0 | AA59: 0 | AB59: 0 | AC59: 0
A60: =A57 -> Office | B60: Office | C60: Lights | D60: T24 2022 - Appendix 5.4B, [Office] | E60: Weekday | F60: 0.05 | G60: 0.05 | H60: 0.05 | I60: 0.05 | J60: 0.05 | K60: 0.1 | L60: 0.1 | M60: 0.3 | N60: 0.65 | O60: 0.65 | P60: 0.65 | Q60: 0.65 | R60: 0.65 | S60: 0.65 | T60: 0.65 | U60: 0.65 | V60: 0.65 | W60: 0.35 | X60: 0.3 | Y60: 0.3 | Z60: 0.2 | AA60: 0.2 | AB60: 0.1 | AC60: 0.05
E61: Saturday | F61: 0.05 | G61: 0.05 | H61: 0.05 | I61: 0.05 | J61: 0.05 | K61: 0.05 | L61: 0.05 | M61: 0.05 | N61: 0.05 | O61: 0.05 | P61: 0.05 | Q61: 0.05 | R61: 0.05 | S61: 0.05 | T61: 0.05 | U61: 0.05 | V61: 0.05 | W61: 0.05 | X61: 0.05 | Y61: 0.05 | Z61: 0.05 | AA61: 0.05 | AB61: 0.05 | AC61: 0.05
E62: Sunday | F62: 0.05 | G62: 0.05 | H62: 0.05 | I62: 0.05 | J62: 0.05 | K62: 0.05 | L62: 0.05 | M62: 0.05 | N62: 0.05 | O62: 0.05 | P62: 0.05 | Q62: 0.05 | R62: 0.05 | S62: 0.05 | T62: 0.05 | U62: 0.05 | V62: 0.05 | W62: 0.05 | X62: 0.05 | Y62: 0.05 | Z62: 0.05 | AA62: 0.05 | AB62: 0.05 | AC62: 0.05
A63: =A57 -> Office | B63: Office | C63: ElecEquipment | D63: Plug load and schedules project with CEC, 2025 | E63: Weekday | F63: 0.45 | G63: 0.45 | H63: 0.45 | I63: 0.45 | J63: 0.45 | K63: 0.45 | L63: 0.45 | M63: 0.74 | N63: 0.87 | O63: 0.9 | P63: 0.9 | Q63: 0.9 | R63: 0.9 | S63: 0.9 | T63: 0.9 | U63: 0.9 | V63: 0.9 | W63: 0.7 | X63: 0.5 | Y63: 0.5 | Z63: 0.5 | AA63: 0.45 | AB63: 0.45 | AC63: 0.45
E64: Saturday | F64: 0.43 | G64: 0.43 | H64: 0.43 | I64: 0.43 | J64: 0.43 | K64: 0.43 | L64: 0.43 | M64: 0.43 | N64: 0.43 | O64: 0.43 | P64: 0.43 | Q64: 0.43 | R64: 0.43 | S64: 0.43 | T64: 0.43 | U64: 0.43 | V64: 0.43 | W64: 0.43 | X64: 0.43 | Y64: 0.43 | Z64: 0.43 | AA64: 0.43 | AB64: 0.43 | AC64: 0.43
E65: Sunday | F65: 0.43 | G65: 0.43 | H65: 0.43 | I65: 0.43 | J65: 0.43 | K65: 0.43 | L65: 0.43 | M65: 0.43 | N65: 0.43 | O65: 0.43 | P65: 0.43 | Q65: 0.43 | R65: 0.43 | S65: 0.43 | T65: 0.43 | U65: 0.43 | V65: 0.43 | W65: 0.43 | X65: 0.43 | Y65: 0.43 | Z65: 0.43 | AA65: 0.43 | AB65: 0.43 | AC65: 0.43
A66: =A57 -> Office | B66: Office | C66: HVACAvail | D66: T24 2022 - Appendix 5.4B, [Office] Updated based on Plug load and schedules project with CEC, 202 | E66: Weekday | F66: 0 | G66: 0 | H66: 0 | I66: 0 | J66: 0 | K66: 1 | L66: 1 | M66: 1 | N66: 1 | O66: 1 | P66: 1 | Q66: 1 | R66: 1 | S66: 1 | T66: 1 | U66: 1 | V66: 1 | W66: 1 | X66: 1 | Y66: 1 | Z66: 1 | AA66: 1 | AB66: 1 | AC66: 1
E67: Saturday | F67: 0 | G67: 0 | H67: 0 | I67: 0 | J67: 0 | K67: 0 | L67: 0 | M67: 0 | N67: 0 | O67: 0 | P67: 0 | Q67: 0 | R67: 0 | S67: 0 | T67: 0 | U67: 0 | V67: 0 | W67: 0 | X67: 0 | Y67: 0 | Z67: 0 | AA67: 0 | AB67: 0 | AC67: 0
E68: Sunday | F68: 0 | G68: 0 | H68: 0 | I68: 0 | J68: 0 | K68: 0 | L68: 0 | M68: 0 | N68: 0 | O68: 0 | P68: 0 | Q68: 0 | R68: 0 | S68: 0 | T68: 0 | U68: 0 | V68: 0 | W68: 0 | X68: 0 | Y68: 0 | Z68: 0 | AA68: 0 | AB68: 0 | AC68: 0
A69: =A57 -> Office | B69: Office | C69: ServiceHotWater | D69: T24 2022 - Appendix 5.4B, [Office] | E69: Weekday | F69: 0.05 | G69: 0.05 | H69: 0.05 | I69: 0.05 | J69: 0.05 | K69: 0.08 | L69: 0.07 | M69: 0.19 | N69: 0.35 | O69: 0.38 | P69: 0.39 | Q69: 0.47 | R69: 0.57 | S69: 0.54 | T69: 0.34 | U69: 0.33 | V69: 0.44 | W69: 0.26 | X69: 0.21 | Y69: 0.15 | Z69: 0.17 | AA69: 0.08 | AB69: 0.05 | AC69: 0.05
E70: Saturday | F70: 0.05 | G70: 0.05 | H70: 0.05 | I70: 0.05 | J70: 0.05 | K70: 0.08 | L70: 0.07 | M70: 0.11 | N70: 0.15 | O70: 0.21 | P70: 0.19 | Q70: 0.23 | R70: 0.2 | S70: 0.19 | T70: 0.15 | U70: 0.12 | V70: 0.14 | W70: 0.07 | X70: 0.07 | Y70: 0.07 | Z70: 0.07 | AA70: 0.09 | AB70: 0.05 | AC70: 0.05
E71: Sunday | F71: 0.04 | G71: 0.04 | H71: 0.04 | I71: 0.04 | J71: 0.04 | K71: 0.07 | L71: 0.04 | M71: 0.04 | N71: 0.04 | O71: 0.04 | P71: 0.04 | Q71: 0.06 | R71: 0.06 | S71: 0.09 | T71: 0.06 | U71: 0.04 | V71: 0.04 | W71: 0.04 | X71: 0.04 | Y71: 0.04 | Z71: 0.04 | AA71: 0.07 | AB71: 0.04 | AC71: 0.04
A72: =A57 -> Office | B72: Office | C72: Infiltration | E72: Weekday | F72: 1 | G72: 1 | H72: 1 | I72: 1 | J72: 1 | K72: 1 | L72: 1 | M72: 1 | N72: 1 | O72: 1 | P72: 1 | Q72: 1 | R72: 1 | S72: 1 | T72: 1 | U72: 1 | V72: 1 | W72: 1 | X72: 1 | Y72: 1 | Z72: 1 | AA72: 1 | AB72: 1 | AC72: 1
E73: Saturday | F73: 1 | G73: 1 | H73: 1 | I73: 1 | J73: 1 | K73: 1 | L73: 1 | M73: 1 | N73: 1 | O73: 1 | P73: 1 | Q73: 1 | R73: 1 | S73: 1 | T73: 1 | U73: 1 | V73: 1 | W73: 1 | X73: 1 | Y73: 1 | Z73: 1 | AA73: 1 | AB73: 1 | AC73: 1
E74: Sunday | F74: 1 | G74: 1 | H74: 1 | I74: 1 | J74: 1 | K74: 1 | L74: 1 | M74: 1 | N74: 1 | O74: 1 | P74: 1 | Q74: 1 | R74: 1 | S74: 1 | T74: 1 | U74: 1 | V74: 1 | W74: 1 | X74: 1 | Y74: 1 | Z74: 1 | AA74: 1 | AB74: 1 | AC74: 1
A75: =A57 -> Office | B75: Office | C75: HtgSetpt | D75: Developed based on HVACAvail and Thermostat setpoints | E75: Weekday | F75: =IF((F66=1),Thermostat!$C$3,Thermostat!$C$4) -> 60 | G75: =IF((G66=1),Thermostat!$C$3,Thermostat!$C$4) -> 60 | H75: =IF((H66=1),Thermostat!$C$3,Thermostat!$C$4) -> 60 | I75: =IF((I66=1),Thermostat!$C$3,Thermostat!$C$4) -> 60 | J75: =IF((J66=1),Thermostat!$C$3,Thermostat!$C$4) -> 60 | K75: =IF((K66=1),Thermostat!$C$3,Thermostat!$C$4) -> 70 | L75: =IF((L66=1),Thermostat!$C$3,Thermostat!$C$4) -> 70 | M75: =IF((M66=1),Thermostat!$C$3,Thermostat!$C$4) -> 70 | ... AC75: =IF((AC66=1),Thermostat!$C$3,Thermostat!$C$4) -> 70
E76: Saturday | F76: =IF((F67=1),Thermostat!$C$3,Thermostat!$C$4) -> 60 | G76: =IF((G67=1),Thermostat!$C$3,Thermostat!$C$4) -> 60 | H76: =IF((H67=1),Thermostat!$C$3,Thermostat!$C$4) -> 60 | I76: =IF((I67=1),Thermostat!$C$3,Thermostat!$C$4) -> 60 | J76: =IF((J67=1),Thermostat!$C$3,Thermostat!$C$4) -> 60 | K76: =IF((K67=1),Thermostat!$C$3,Thermostat!$C$4) -> 60 | L76: =IF((L67=1),Thermostat!$C$3,Thermostat!$C$4) -> 60 | M76: =IF((M67=1),Thermostat!$C$3,Thermostat!$C$4) -> 60 | ... AC76: =IF((AC67=1),Thermostat!$C$3,Thermostat!$C$4) -> 60
E77: Sunday | F77: =IF((F68=1),Thermostat!$C$3,Thermostat!$C$4) -> 60 | G77: =IF((G68=1),Thermostat!$C$3,Thermostat!$C$4) -> 60 | H77: =IF((H68=1),Thermostat!$C$3,Thermostat!$C$4) -> 60 | I77: =IF((I68=1),Thermostat!$C$3,Thermostat!$C$4) -> 60 | J77: =IF((J68=1),Thermostat!$C$3,Thermostat!$C$4) -> 60 | K77: =IF((K68=1),Thermostat!$C$3,Thermostat!$C$4) -> 60 | L77: =IF((L68=1),Thermostat!$C$3,Thermostat!$C$4) -> 60 | M77: =IF((M68=1),Thermostat!$C$3,Thermostat!$C$4) -> 60 | ... AC77: =IF((AC68=1),Thermostat!$C$3,Thermostat!$C$4) -> 60
A78: =A57 -> Office | B78: Office | C78: ClgSetpt | D78: Developed based on HVACAvail and Thermostat setpoints | E78: Weekday | F78: =IF((F66=1),Thermostat!$C$5,Thermostat!$C$6) -> 85 | G78: =IF((G66=1),Thermostat!$C$5,Thermostat!$C$6) -> 85 | H78: =IF((H66=1),Thermostat!$C$5,Thermostat!$C$6) -> 85 | I78: =IF((I66=1),Thermostat!$C$5,Thermostat!$C$6) -> 85 | J78: =IF((J66=1),Thermostat!$C$5,Thermostat!$C$6) -> 85 | K78: =IF((K66=1),Thermostat!$C$5,Thermostat!$C$6) -> 75 | L78: =IF((L66=1),Thermostat!$C$5,Thermostat!$C$6) -> 75 | M78: =IF((M66=1),Thermostat!$C$5,Thermostat!$C$6) -> 75 | ... AC78: =IF((AC66=1),Thermostat!$C$5,Thermostat!$C$6) -> 75
E79: Saturday | F79: =IF((F67=1),Thermostat!$C$5,Thermostat!$C$6) -> 85 | G79: =IF((G67=1),Thermostat!$C$5,Thermostat!$C$6) -> 85 | H79: =IF((H67=1),Thermostat!$C$5,Thermostat!$C$6) -> 85 | I79: =IF((I67=1),Thermostat!$C$5,Thermostat!$C$6) -> 85 | J79: =IF((J67=1),Thermostat!$C$5,Thermostat!$C$6) -> 85 | K79: =IF((K67=1),Thermostat!$C$5,Thermostat!$C$6) -> 85 | L79: =IF((L67=1),Thermostat!$C$5,Thermostat!$C$6) -> 85 | M79: =IF((M67=1),Thermostat!$C$5,Thermostat!$C$6) -> 85 | ... AC79: =IF((AC67=1),Thermostat!$C$5,Thermostat!$C$6) -> 85
E80: Sunday | F80: =IF((F68=1),Thermostat!$C$5,Thermostat!$C$6) -> 85 | G80: =IF((G68=1),Thermostat!$C$5,Thermostat!$C$6) -> 85 | H80: =IF((H68=1),Thermostat!$C$5,Thermostat!$C$6) -> 85 | I80: =IF((I68=1),Thermostat!$C$5,Thermostat!$C$6) -> 85 | J80: =IF((J68=1),Thermostat!$C$5,Thermostat!$C$6) -> 85 | K80: =IF((K68=1),Thermostat!$C$5,Thermostat!$C$6) -> 85 | L80: =IF((L68=1),Thermostat!$C$5,Thermostat!$C$6) -> 85 | M80: =IF((M68=1),Thermostat!$C$5,Thermostat!$C$6) -> 85 | ... AC80: =IF((AC68=1),Thermostat!$C$5,Thermostat!$C$6) -> 85
A81: =A60 -> Office | B81: Office | C81: DoorInfiltration | D81: PNNL ASHRAE 90.1 2022, Warehouse prototype | E81: Weekday | F81: 0 | G81: 0 | H81: 0 | I81: 0 | J81: 0 | K81: 0 | L81: 0.131 | M81: 1 | N81: 0.131 | O81: 0.131 | P81: 0.131 | Q81: 0.131 | R81: 1 | S81: 0.131 | T81: 0.131 | U81: 0.131 | V81: 0.131 | W81: 1 | X81: 0.131 | Y81: 0 | Z81: 0 | AA81: 0 | AB81: 0 | AC81: 0
E82: Saturday | F82: 0 | G82: 0 | H82: 0 | I82: 0 | J82: 0 | K82: 0 | L82: 0 | M82: 0 | N82: 0 | O82: 0 | P82: 0 | Q82: 0 | R82: 0 | S82: 0 | T82: 0 | U82: 0 | V82: 0 | W82: 0 | X82: 0 | Y82: 0 | Z82: 0 | AA82: 0 | AB82: 0 | AC82: 0
E83: Sunday | F83: 0 | G83: 0 | H83: 0 | I83: 0 | J83: 0 | K83: 0 | L83: 0 | M83: 0 | N83: 0 | O83: 0 | P83: 0 | Q83: 0 | R83: 0 | S83: 0 | T83: 0 | U83: 0 | V83: 0 | W83: 0 | X83: 0 | Y83: 0 | Z83: 0 | AA83: 0 | AB83: 0 | AC83: 0
A84: Other
B85: Building | C85: ExtLightingNonMotionCtrl | E85: Weekday | F85: 1 | G85: 1 | H85: 1 | I85: 1 | J85: 1 | K85: 1 | L85: 1 | M85: 1 | N85: 1 | O85: 1 | P85: 1 | Q85: 1 | R85: 1 | S85: 1 | T85: 1 | U85: 1 | V85: 1 | W85: 1 | X85: 1 | Y85: 1 | Z85: 1 | AA85: 1 | AB85: 1 | AC85: 1
E86: Saturday | F86: 1 | G86: 1 | H86: 1 | I86: 1 | J86: 1 | K86: 1 | L86: 1 | M86: 1 | N86: 1 | O86: 1 | P86: 1 | Q86: 1 | R86: 1 | S86: 1 | T86: 1 | U86: 1 | V86: 1 | W86: 1 | X86: 1 | Y86: 1 | Z86: 1 | AA86: 1 | AB86: 1 | AC86: 1
E87: Sunday | F87: 1 | G87: 1 | H87: 1 | I87: 1 | J87: 1 | K87: 1 | L87: 1 | M87: 1 | N87: 1 | O87: 1 | P87: 1 | Q87: 1 | R87: 1 | S87: 1 | T87: 1 | U87: 1 | V87: 1 | W87: 1 | X87: 1 | Y87: 1 | Z87: 1 | AA87: 1 | AB87: 1 | AC87: 1
B88: Building | C88: ExtLightingMotionCtrl | E88: Weekday | F88: 0 | G88: 0 | H88: 0 | I88: 0 | J88: 0 | K88: 1 | L88: 1 | M88: 1 | N88: 1 | O88: 1 | P88: 1 | Q88: 1 | R88: 1 | S88: 1 | T88: 1 | U88: 1 | V88: 1 | W88: 1 | X88: 1 | Y88: 1 | Z88: 1 | AA88: 1 | AB88: 0 | AC88: 0
E89: Saturday | F89: 0 | G89: 0 | H89: 0 | I89: 0 | J89: 0 | K89: 1 | L89: 1 | M89: 1 | N89: 1 | O89: 1 | P89: 1 | Q89: 1 | R89: 1 | S89: 1 | T89: 1 | U89: 1 | V89: 1 | W89: 1 | X89: 1 | Y89: 1 | Z89: 1 | AA89: 1 | AB89: 1 | AC89: 1
E90: Sunday | F90: 0 | G90: 0 | H90: 0 | I90: 0 | J90: 0 | K90: 1 | L90: 1 | M90: 1 | N90: 1 | O90: 1 | P90: 1 | Q90: 1 | R90: 1 | S90: 1 | T90: 1 | U90: 1 | V90: 1 | W90: 1 | X90: 1 | Y90: 1 | Z90: 1 | AA90: 1 | AB90: 1 | AC90: 1
A91: Office | B91: Building | C91: FunctionalAreaPeopleActivityLevel | D91: Based on Activity level schedules in CEC Prototypes | E91: Weekday | F91: 131.9 | G91: 131.9 | H91: 131.9 | I91: 131.9 | J91: 131.9 | K91: 131.9 | L91: 131.9 | M91: 131.9 | N91: 131.9 | O91: 131.9 | P91: 131.9 | Q91: 131.9 | R91: 131.9 | S91: 131.9 | T91: 131.9 | U91: 131.9 | V91: 131.9 | W91: 131.9 | X91: 131.9 | Y91: 131.9 | Z91: 131.9 | AA91: 131.9 | AB91: 131.9 | AC91: 131.9
E92: Saturday | F92: 131.9 | G92: 131.9 | H92: 131.9 | I92: 131.9 | J92: 131.9 | K92: 131.9 | L92: 131.9 | M92: 131.9 | N92: 131.9 | O92: 131.9 | P92: 131.9 | Q92: 131.9 | R92: 131.9 | S92: 131.9 | T92: 131.9 | U92: 131.9 | V92: 131.9 | W92: 131.9 | X92: 131.9 | Y92: 131.9 | Z92: 131.9 | AA92: 131.9 | AB92: 131.9 | AC92: 131.9
E93: Sunday | F93: 131.9 | G93: 131.9 | H93: 131.9 | I93: 131.9 | J93: 131.9 | K93: 131.9 | L93: 131.9 | M93: 131.9 | N93: 131.9 | O93: 131.9 | P93: 131.9 | Q93: 131.9 | R93: 131.9 | S93: 131.9 | T93: 131.9 | U93: 131.9 | V93: 131.9 | W93: 131.9 | X93: 131.9 | Y93: 131.9 | Z93: 131.9 | AA93: 131.9 | AB93: 131.9 | AC93: 131.9
A94: FineStorage and Bulk Storage | B94: Building | C94: SaleStoragePeopleActivityLevel | D94: Based on Activity level schedules in CEC Prototypes | E94: Weekday | F94: 219.8 | G94: 219.8 | H94: 219.8 | I94: 219.8 | J94: 219.8 | K94: 219.8 | L94: 219.8 | M94: 219.8 | N94: 219.8 | O94: 219.8 | P94: 219.8 | Q94: 219.8 | R94: 219.8 | S94: 219.8 | T94: 219.8 | U94: 219.8 | V94: 219.8 | W94: 219.8 | X94: 219.8 | Y94: 219.8 | Z94: 219.8 | AA94: 219.8 | AB94: 219.8 | AC94: 219.8
E95: Saturday | F95: 219.8 | G95: 219.8 | H95: 219.8 | I95: 219.8 | J95: 219.8 | K95: 219.8 | L95: 219.8 | M95: 219.8 | N95: 219.8 | O95: 219.8 | P95: 219.8 | Q95: 219.8 | R95: 219.8 | S95: 219.8 | T95: 219.8 | U95: 219.8 | V95: 219.8 | W95: 219.8 | X95: 219.8 | Y95: 219.8 | Z95: 219.8 | AA95: 219.8 | AB95: 219.8 | AC95: 219.8
E96: Sunday | F96: 219.8 | G96: 219.8 | H96: 219.8 | I96: 219.8 | J96: 219.8 | K96: 219.8 | L96: 219.8 | M96: 219.8 | N96: 219.8 | O96: 219.8 | P96: 219.8 | Q96: 219.8 | R96: 219.8 | S96: 219.8 | T96: 219.8 | U96: 219.8 | V96: 219.8 | W96: 219.8 | X96: 219.8 | Y96: 219.8 | Z96: 219.8 | AA96: 219.8 | AB96: 219.8 | AC96: 219.8
B114: Background Data [To be deleted prior to publication]
B117: Plug load and schedules project with CEC, 2025 ( July 2025)
B118: The analysis of warehouse schedules indicated that, on weekdays, warehouses tend to begin operating earlier in the day, and end operating earlier than the current NMACM schedules. Therefore, a shift in the schedule is proposed as shown in Figure 5. No changes are proposed to the Saturday or Sunday schedules.
B146: #VALUE!

Sheet Weights
A1: ="% of Floor Area per CZ and Vintage Bin - "&Prototype!A2 -> % of Floor Area per CZ and Vintage Bin - Warehouse | J1: ="% of Floor Area per CZ and Vintage Bin - "&Prototype!A2 -> % of Floor Area per CZ and Vintage Bin - Warehouse
A2: Prototype | B2: CZ | C2: Vintage Bin | J2: Prototype | K2: Vintage Bin | L2: CZ
C3: Pre-1978 | D3: 1978-1997 | E3: 1998-2007 | F3: 2008-2018 | L3: 1 | M3: 2 | N3: 3 | O3: 4 | P3: 5 | Q3: 6 | R3: 7 | S3: 8 | T3: 9 | U3: 10 | V3: 11 | W3: 12 | X3: 13 | Y3: 14 | Z3: 15 | AA3: 16
A4: Warehouse | B4: 1 | C4: 0.1770327 | D4: 0.2850703 | E4: 0.2882503 | F4: 0.2496467 | H4: =SUM(C4:F4) -> 1 | J4: Warehouse | K4: Pre-1978 | L4: 0.00556 | M4: 0.012797 | N4: 0.064099 | O4: 0.034779 | P4: 0.002315 | Q4: 0.116431 | R4: 0.019084 | S4: 0.248622 | T4: 0.249678 | U4: 0.033094 | V4: 0.018506 | W4: 0.089547 | X4: 0.020332 | Y4: 0.031384 | Z4: 0.006987 | AA4: 0.046784 | AB4: =SUM(L4:AA4) -> 0.999999
B5: 2 | C5: 0.278977 | D5: 0.1829004 | E5: 0.1749467 | F5: 0.3631759 | H5: =SUM(C5:F5) -> 1 | K5: 1978-1997 | L5: 0.005797 | M5: 0.005433 | N5: 0.047139 | O5: 0.023762 | P5: 0.002 | Q5: 0.053414 | R5: 0.017242 | S5: 0.104631 | T5: 0.112049 | U5: 0.132354 | V5: 0.042753 | W5: 0.161069 | X5: 0.049828 | Y5: 0.037737 | Z5: 0.074762 | AA5: 0.130033 | AB5: =SUM(L5:AA5) -> 1.000003
B6: 3 | C6: 0.3376801 | D6: 0.3835137 | E6: 0.23689 | F6: 0.0419161 | H6: =SUM(C6:F6) -> 0.9999999 | K6: 1998-2007 | L6: 0.00519 | M6: 0.004601 | N6: 0.02578 | O6: 0.012261 | P6: 0.003973 | Q6: 0.019105 | R6: 0.009834 | S6: 0.036193 | T6: 0.038597 | U6: 0.268031 | V6: 0.020682 | W6: 0.080832 | X6: 0.027632 | Y6: 0.054003 | Z6: 0.153519 | AA6: 0.239768 | AB6: =SUM(L6:AA6) -> 1.000001
B7: 4 | C7: 0.367746 | D7: 0.388012 | E7: 0.2261226 | F7: 0.0181193 | H7: =SUM(C7:F7) -> 0.9999999 | K7: 2008-2018 | L7: 0.009829 | M7: 0.020886 | N7: 0.009975 | O7: 0.002148 | P7: 0.00097 | Q7: 0.012157 | R7: 0.002837 | S7: 0.026192 | T7: 0.021352 | U7: 0.260295 | V7: 0.041025 | W7: 0.137208 | X7: 0.033021 | Y7: 0.032546 | Z7: 0.228022 | AA7: 0.161537 | AB7: =SUM(L7:AA7) -> 1
B8: 5 | C8: 0.1766111 | D8: 0.2356106 | E8: 0.5287751 | F8: 0.0590032 | H8: =SUM(C8:F8) -> 1
B9: 6 | C9: 0.4812352 | D9: 0.3409492 | E9: 0.137737 | F9: 0.0400785 | H9: =SUM(C9:F9) -> 0.9999999 | K9: Total | L9: 0.006174 | M9: 0.009019 | N9: 0.03732 | O9: 0.018594 | P9: 0.002577 | Q9: 0.047568 | R9: 0.012805 | S9: 0.09717 | T9: 0.099695 | U9: 0.179431 | V9: 0.030146 | W9: 0.115749 | X9: 0.033781 | Y9: 0.041252 | Z9: 0.11248 | AA9: 0.156238 | AB9: =SUM(L9:AA9) -> 0.999999
B10: 7 | C10: 0.2930248 | D10: 0.4088514 | E10: 0.2633761 | F10: 0.0347477 | H10: =SUM(C10:F10) -> 1
B11: 8 | C11: 0.5030501 | D11: 0.326944 | E11: 0.1277341 | F11: 0.0422718 | H11: =SUM(C11:F11) -> 1
B12: 9 | C12: 0.4923911 | D12: 0.3412545 | E12: 0.1327672 | F12: 0.0335872 | H12: =SUM(C12:F12) -> 1
B13: 10 | C13: 0.0362621 | D13: 0.2239675 | E13: 0.5122708 | F13: 0.2274996 | H13: =SUM(C13:F13) -> 1
B14: 11 | C14: 0.1206975 | D14: 0.4306121 | E14: 0.2352713 | F14: 0.2134191 | H14: =SUM(C14:F14) -> 1
B15: 12 | C15: 0.1521033 | D15: 0.4225132 | E15: 0.239486 | F15: 0.1858975 | H15: =SUM(C15:F15) -> 1
B16: 13 | C16: 0.1183358 | D16: 0.4478613 | E16: 0.280506 | F16: 0.1532969 | H16: =SUM(C16:F16) -> 1
B17: 14 | C17: 0.1495783 | D17: 0.2777566 | E17: 0.4489378 | F17: 0.1237273 | H17: =SUM(C17:F17) -> 1
B18: 15 | C18: 0.0122126 | D18: 0.2018148 | E18: 0.4680561 | F18: 0.3179165 | H18: =SUM(C18:F18) -> 1
B19: 16 | C19: 0.0588733 | D19: 0.2527042 | E19: 0.52628 | F19: 0.1621426 | H19: =SUM(C19:F19) -> 1.0000001
B20: Statewide | C20: 0.1966091 | D20: 0.3036315 | E20: 0.3429355 | F20: 0.1568239 | H20: =SUM(C20:F20) -> 1
A22: Ref: CEUS 2022 dataset: Warehouse group
A23: And converted FZ level data to CZ level

Sheet PV
A1: ="PV - "&Prototype!A2 -> PV - Warehouse
A2: TBD

Sheet EV Charger
A1: ="EV Charger - "&Prototype!A2 -> EV Charger - Warehouse
A2: TBD

Sheet Data
A1: Space Function | B1: Electric Equipment Load Intensity | C1: Electric Equipment Load Intensity | D1: LPD
A2: Aging Eye/Low-vision (Corridor Area) | D2: 2013 | E2: 2016 | F2: 2019 | G2: 2025
A3: Aging Eye/Low-vision (Dining)
A4: Aging Eye/Low-vision (Lobby, Main Entry)
A5: Aging Eye/Low-vision (Lounge/Waiting Area)
A6: Aging Eye/Low-vision (Multipurpose Room)
A7: Aging Eye/Low-vision (Religious Worship Area)
A8: Aging Eye/Low-vision (Restroom)
A9: Aging Eye/Low-vision (Stairwell)
A10: Audience Seating Area
A11: Auditorium Area
A12: Auto Repair / Maintenance Area
A13: Barber, Beauty Salon, Spa Area
A14: Civic Meeting Place Area
... A83: Server Room (EPD 45)

Sheet Energy Usage
A1: CalBEM Energy Consumption - Warehouse | N1: ="Energy Consumption - "&Prototype!A2 -> Energy Consumption - Warehouse
A2: Prototype | B2: CZ | C2: CalBEM Electricity EUI (KBTU/ft²) | D2: CalBEM Gas EUI (KBTU/ft²) | E2: CalBEM Total EUI (KBTU/ft²) | F2: New Construction Electricity EUI (KBTU/ft²) | G2: New Construction Gas EUI (KBTU/ft²) | H2: New Construction Total EUI (KBTU/ft²) | I2: National Average | J2: Acceptable Range (25% Higher) | K2: Acceptable Range (25% Lower) | L2: National Average Acceptable EUI Range | N2: Prototype | O2: CZ | P2: Total Floorspace (Thousand of ft²) | Q2: Electric Energy Intensity (kWh/ft²) | R2: Annual Gas Intensity (kWh/ft²) | S2: CEUS 2023 Total EUI (kBtu/ft²) | T2: Acceptable Range (25% Higher) | U2: Acceptable Range (25% Lower) | V2: CEUS 2022 Acceptable EUI Range
A3: Warehouse | B3: 1 | I3: 35.5 | J3: =(I3*1.25) -> 44.375 | K3: =(I3*0.75) -> 26.625 | L3: =J3-K3 -> 17.75 | N3: =Prototype!B4 -> Warehouse | O3: 1 | P3: 10688 | Q3: 28.644674 | R3: 3.4243344 | S3: =Q3+R3 -> 32.069009 | T3: =S3*1.25 -> 40.086261 | U3: =S3*0.75 -> 24.051756 | V3: =T3-U3 -> 16.034504
B4: 2 | I4: 29.9 | J4: =(I4*1.25) -> 37.375 | K4: =(I4*0.75) -> 22.425 | L4: =J4-K4 -> 14.95 | O4: 2 | P4: 15367 | Q4: 15.019943 | R4: 4.535404 | S4: =Q4+R4 -> 19.555347 | T4: =S4*1.25 -> 24.444184 | U4: =S4*0.75 -> 14.66651 | V4: =T4-U4 -> 9.7776736
B5: 3 | I5: 28.1 | J5: =(I5*1.25) -> 35.125 | K5: =(I5*0.75) -> 21.075 | L5: =J5-K5 -> 14.05 | O5: 3 | P5: 68713 | Q5: 25.306366 | R5: 7.5783049 | S5: =Q5+R5 -> 32.884671 | T5: =S5*1.25 -> 41.105839 | U5: =S5*0.75 -> 24.663503 | V5: =T5-U5 -> 16.442335
B6: 4 | I6: 30.9 | J6: =(I6*1.25) -> 38.625 | K6: =(I6*0.75) -> 23.175 | L6: =J6-K6 -> 15.45 | O6: 4 | P6: 34199 | Q6: 25.882835 | R6: 6.7470157 | S6: =Q6+R6 -> 32.629851 | T6: =S6*1.25 -> 40.787314 | U6: =S6*0.75 -> 24.472388 | V6: =T6-U6 -> 16.314926
B7: 5 | I7: 27.1 | J7: =(I7*1.25) -> 33.875 | K7: =(I7*0.75) -> 20.325 | L7: =J7-K7 -> 13.55 | O7: 5 | P7: 5266 | Q7: 22.411367 | R7: 23.72453 | S7: =Q7+R7 -> 46.135897 | T7: =S7*1.25 -> 57.669872 | U7: =S7*0.75 -> 34.601923 | V7: =T7-U7 -> 23.067949
B8: 6 | I8: 25.1 | J8: =(I8*1.25) -> 31.375 | K8: =(I8*0.75) -> 18.825 | L8: =J8-K8 -> 12.55 | O8: 6 | P8: 81916 | Q8: 13.533217 | R8: 4.4619871 | S8: =Q8+R8 -> 17.995205 | T8: =S8*1.25 -> 22.494006 | U8: =S8*0.75 -> 13.496403 | V8: =T8-U8 -> 8.9976023
B9: 7 | I9: 24.9 | J9: =(I9*1.25) -> 31.125 | K9: =(I9*0.75) -> 18.675 | L9: =J9-K9 -> 12.45 | O9: 7 | P9: 21820 | Q9: 21.653742 | R9: 3.5469907 | S9: =Q9+R9 -> 25.200732 | T9: =S9*1.25 -> 31.500915 | U9: =S9*0.75 -> 18.900549 | V9: =T9-U9 -> 12.600366
B10: 8 | I10: 26.5 | J10: =(I10*1.25) -> 33.125 | K10: =(I10*0.75) -> 19.875 | L10: =J10-K10 -> 13.25 | O10: 8 | P10: 167070 | Q10: 12.608623 | R10: 4.806361 | S10: =Q10+R10 -> 17.414984 | T10: =S10*1.25 -> 21.76873 | U10: =S10*0.75 -> 13.061238 | V10: =T10-U10 -> 8.7074919
B11: 9 | I11: 27.3 | J11: =(I11*1.25) -> 34.125 | K11: =(I11*0.75) -> 20.475 | L11: =J11-K11 -> 13.65 | O11: 9 | P11: 170729 | Q11: 13.623891 | R11: 4.3725921 | S11: =Q11+R11 -> 17.996483 | T11: =S11*1.25 -> 22.495604 | U11: =S11*0.75 -> 13.497362 | V11: =T11-U11 -> 8.9982415
B12: 10 | I12: 28.4 | J12: =(I12*1.25) -> 35.5 | K12: =(I12*0.75) -> 21.3 | L12: =J12-K12 -> 14.2 | O12: 10 | P12: 302672 | Q12: 15.057431 | R12: 2.0696537 | S12: =Q12+R12 -> 17.127085 | T12: =S12*1.25 -> 21.408856 | U12: =S12*0.75 -> 12.845313 | V12: =T12-U12 -> 8.5635423
B13: 11 | I13: 32.8 | J13: =(I13*1.25) -> 41 | K13: =(I13*0.75) -> 24.6 | L13: =J13-K13 -> 16.4 | O13: 11 | P13: 52236 | Q13: 29.108751 | R13: 5.050993 | S13: =Q13+R13 -> 34.159744 | T13: =S13*1.25 -> 42.69968 | U13: =S13*0.75 -> 25.619808 | V13: =T13-U13 -> 17.079872
B14: 12 | I14: 31 | J14: =(I14*1.25) -> 38.75 | K14: =(I14*0.75) -> 23.25 | L14: =J14-K14 -> 15.5 | O14: 12 | P14: 201422 | Q14: 26.640004 | R14: 3.6094636 | S14: =Q14+R14 -> 30.249467 | T14: =S14*1.25 -> 37.811834 | U14: =S14*0.75 -> 22.687101 | V14: =T14-U14 -> 15.124734
B15: 13 | I15: 32.5 | J15: =(I15*1.25) -> 40.625 | K15: =(I15*0.75) -> 24.375 | L15: =J15-K15 -> 16.25 | O15: 13 | P15: 58241 | Q15: 29.120614 | R15: 2.8962163 | S15: =Q15+R15 -> 32.016831 | T15: =S15*1.25 -> 40.021039 | U15: =S15*0.75 -> 24.012623 | V15: =T15-U15 -> 16.008415
... B18: 16 | I18: 37.6 | J18: =(I18*1.25) -> 47 | K18: =(I18*0.75) -> 28.2 | L18: =J18-K18 -> 18.8 | O18: 16 | P18: 265379 | Q18: 21.471506 | R18: 2.3092939 | S18: =Q18+R18 -> 23.7808 | T18: =S18*1.25 -> 29.726001 | U18: =S18*0.75 -> 17.8356 | V18: =T18-U18 -> 11.8904
N20: Ref: CEUS 2022 Report
N21: And converted FZ level data to CZ level
N25: Background Data [To be deleted prior to publication]
